:020000040800F2
:100000000000012041D9010891D9010891D90108C6
:1000100091D9010891D9010891D901080000000087
:1000200000000000000000000000000091D901085D
:1000300091D901080000000091D90108C35D0008B2
:1000400091D9010891D9010891D9010891D90108E4
:1000500091D9010891D90108056000080B600008DA
:1000600011600008176000081D60000891D90108A0
:1000700091D9010891D9010891D9010891D90108B4
:1000800091D9010891D9010891D9010891D90108A4
:100090000000000091D901082360000891D90108EF
:1000A000FD57000891D9010811580008155800089B
:1000B000295800083D580008C5F00008D1F0000894
:1000C000DDF00008E9F0000891D9010891D9010894
:1000D000F56700080D6800082968000891D9010833
:1000E00091D901083960000891D9010891D9010816
:1000F00091D90108000000000000000091D901081A
:10010000F5F0000801F100086174010891D90108B7
:1001100091D9010891D9010891D9010891D9010813
:1001200091D9010891D9010891D9010891D9010803
:0801300091D9010891D90108E1
:1001400081F0004102E000BF83F0004330B54FEA88
:1001500041044FEA430594EA050F08BF90EA020FF5
:100160001FBF54EA000C55EA020C7FEA645C7FEA88
:10017000655C00F0E2804FEA5454D4EB5555B8BFAB
:100180006D420CDD2C4480EA020281EA030382EA1C
:10019000000083EA010180EA020281EA0303362DAE
:1001A00088BF30BD11F0004F4FEA01314FF4801C81
:1001B0004CEA113102D0404261EB410113F0004F93
:1001C0004FEA03334CEA133302D0524263EB43034A
:1001D00094EA050F00F0A780A4F10104D5F1200EE8
:1001E0000DDB02FA0EFC22FA05F2801841F1000143
:1001F00003FA0EF2801843FA05F359410EE0A5F117
:1002000020050EF1200E012A03FA0EFC28BF4CF047
:10021000020C43FA05F3C01851EBE37101F00045FD
:1002200007D54FF0000EDCF1000C7EEB00006EEB0A
:100230000101B1F5801F1BD3B1F5001F0CD3490894
:100240005FEA30004FEA3C0C04F101044FEA4452EB
:1002500012F5800F80F09A80BCF1004F08BF5FEA72
:10026000500C50F1000041EB045141EA050130BD52
:100270005FEA4C0C404141EB0101013C28BFB1F564
:10028000801FE9D291F0000F04BF01460020B1FAAF
:1002900081F308BF2033A3F10B03B3F120020CDA82
:1002A0000C3208DD02F1140CC2F10C0201FA0CF060
:1002B00021FA02F10CE002F11402D8BFC2F1200CC5
:1002C00001FA02F120FA0CFCDCBF41EA0C0190407B
:1002D000E41AA2BF01EB0451294330BD6FEA0404C4
:1002E0001F3C1CDA0C340EDC04F11404C4F12002AF
:1002F00020FA04F001FA02F340EA030021FA04F3C1
:1003000045EA030130BDC4F10C04C4F1200220FA17
:1003100002F001FA04F340EA0300294630BD21FA55
:1003200004F0294630BD94F0000F83F4801306BF1B
:1003300081F480110134013D4EE77FEA645C18BF0F
:100340007FEA655C29D094EA050F08BF90EA020FA6
:1003500005D054EA000C04BF1946104630BD91EA9E
:10036000030F1EBF0021002030BD5FEA545C05D1A1
:100370004000494128BF41F0004130BD14F58004E0
:100380003CBF01F5801130BD01F0004545F0FE4154
:1003900041F470014FF0000030BD7FEA645C1ABF89
:1003A000194610467FEA655C1CBF0B46024650EAC0
:1003B000013406BF52EA033591EA030F41F40021EC
:1003C00030BD00BF90F0000F04BF0021704730B572
:1003D0004FF4806404F132044FF000054FF0000147
:1003E00050E700BF90F0000F04BF0021704730B508
:1003F0004FF4806404F1320410F0004548BF4042DD
:100400004FF000013EE700BF42004FEAE2014FEA31
:1004100031014FEA02701FBF12F07F4393F07F4F0C
:1004200081F06051704732F07F4208BF704793F00F
:100430007F4F04BF41F40021704730B54FF4607422
:1004400001F0004521F000411CE700BF50EA010225
:1004500008BF704730B54FF000050AE050EA0102CE
:1004600008BF704730B511F0004502D5404261EB3E
:1004700041014FF4806404F132045FEA915C3FF47F
:10048000D8AE4FF003025FEADC0C18BF03325FEA1C
:10049000DC0C18BF033202EBDC02C2F1200300FACD
:1004A00003FC20FA02F001FA03FE40EA0E0021FAF2
:1004B00002F11444BDE600BF70B54FF0FF0C4CF4E0
:1004C000E06C1CEA11541DBF1CEA135594EA0C0F92
:1004D00095EA0C0F00F0DEF82C4481EA030621EACD
:1004E0004C5123EA4C5350EA013518BF52EA033508
:1004F00041F4801143F4801338D0A0FB02CE4FF0BA
:100500000005E1FB02E506F00042E0FB03E54FF0E9
:100510000006E1FB03569CF0000F18BF4EF0010EE1
:10052000A4F1FF04B6F5007F64F5407404D25FEADD
:100530004E0E6D4146EB060642EAC62141EA555190
:100540004FEAC52040EA5E504FEACE2EB4F1FD0CD2
:1005500088BFBCF5E06F1ED8BEF1004F08BF5FEA50
:10056000500E50F1000041EB045170BD06F0004602
:1005700046EA010140EA020081EA0301B4EB5C04AF
:10058000C2BFD4EB0C0541EA045170BD41F48011A7
:100590004FF0000E013C00F3AB8014F1360FDEBFCC
:1005A000002001F0004170BDC4F10004203C35DAA8
:1005B0000C341BDC04F11404C4F1200500FA05F32B
:1005C00020FA04F001FA05F240EA020001F00042CC
:1005D00021F0004110EBD37021FA04F642EB060142
:1005E0005EEA430E08BF20EAD37070BDC4F10C046C
:1005F000C4F1200500FA04F320FA05F001FA04F230
:1006000040EA020001F0004110EBD37041F100011B
:100610005EEA430E08BF20EAD37070BDC4F1200526
:1006200000FA05F24EEA020E20FA04F301FA05F28E
:1006300043EA020321FA04F001F0004121FA04F236
:1006400020EA020000EBD3705EEA430E08BF20EA06
:10065000D37070BD94F0000F0FD101F00046400040
:1006600041EB010111F4801F08BF013CF7D041EAC2
:10067000060195F0000F18BF704703F000465200C6
:1006800043EB030313F4801F08BF013DF7D043EA97
:100690000603704794EA0C0F0CEA135518BF95EA4D
:1006A0000C0F0CD050EA410618BF52EA4306D1D1D4
:1006B00081EA030101F000414FF0000070BD50EAF3
:1006C000410606BF1046194652EA430619D094EA7D
:1006D0000C0F02D150EA013613D195EA0C0F05D167
:1006E00052EA03361CBF104619460AD181EA0301BB
:1006F00001F0004141F0FE4141F470014FF0000073
:1007000070BD41F0FE4141F4780170BD70B54FF00D
:10071000FF0C4CF4E06C1CEA11541DBF1CEA13558D
:1007200094EA0C0F95EA0C0F00F0A7F8A4EB05046F
:1007300081EA030E52EA03354FEA013100F0888066
:100740004FEA03334FF0805545EA131343EA12632F
:100750004FEA022245EA111545EA10654FEA0026E4
:100760000EF000419D4208BF964244F1FD0404F59D
:10077000407402D25B084FEA3202B61A65EB0305F9
:100780005B084FEA32024FF480104FF4002CB6EBB6
:10079000020E75EB030E22BFB61A754640EA0C0036
:1007A0005B084FEA3202B6EB020E75EB030E22BF76
:1007B000B61A754640EA5C005B084FEA3202B6EBB7
:1007C000020E75EB030E22BFB61A754640EA9C0076
:1007D0005B084FEA3202B6EB020E75EB030E22BF46
:1007E000B61A754640EADC0055EA060E18D04FEA04
:1007F000051545EA16754FEA06164FEAC30343EAA4
:1008000052734FEAC2025FEA1C1CC0D111F4801F70
:100810000BD141EA00014FF000004FF0004CB6E769
:1008200011F4801F04BF01430020B4F1FD0C88BF08
:10083000BCF5E06F3FF6AFAEB5EB030C04BFB6EB13
:10084000020C5FEA500C50F1000041EB045170BD06
:100850000EF0004E4EEA113114EB5C04C2BFD4EB33
:100860000C0541EA045170BD41F480114FF0000EB7
:10087000013C90E645EA060E8DE60CEA135594EA33
:100880000C0F08BF95EA0C0F3FF43BAF94EA0C0F36
:100890000AD150EA01347FF434AF95EA0C0F7FF4AB
:1008A00025AF104619462CE795EA0C0F06D152EAFF
:1008B00003353FF4FDAE1046194622E750EA4106E3
:1008C00018BF52EA43067FF4C5AE50EA41047FF4F4
:1008D0000DAF52EA43057FF4EBAE12E74FF0FF3C59
:1008E00006E000BF4FF0010C02E000BF4FF0010C2A
:1008F0004DF804CD4FEA410C7FEA6C5C4FEA430CA3
:1009000018BF7FEA6C5C1BD001B050EA410C0CBFF1
:1009100052EA430C91EA030F02BF90EA020F002053
:10092000704710F1000F91EA030F58BF994208BFBA
:1009300090422CBFD8176FEAE37040F00100704777
:100940004FEA410C7FEA6C5C02D150EA013C07D1CE
:100950004FEA430C7FEA6C5CD6D152EA033CD3D019
:100960005DF8040B704700BF8446104662468C4613
:100970001946634600E000BF01B5FFF7B7FF002846
:1009800048BF10F1000F01BD4DF808EDFFF7F4FF6F
:100990000CBF012000205DF808FB00BF4DF808EDFA
:1009A000FFF7EAFF34BF012000205DF808FB00BF1D
:1009B0004DF808EDFFF7E0FF94BF012000205DF83F
:1009C00008FB00BF4DF808EDFFF7CEFF94BF0120F4
:1009D00000205DF808FB00BF4DF808EDFFF7C4FFED
:1009E00034BF012000205DF808FB00BF4FEA410C36
:1009F0007FEA6C5C02D150EA013C0AD14FEA430C19
:100A00007FEA6C5C02D152EA033C02D14FF0000055
:100A100070474FF0010070474FEA410212F5001293
:100A200015D211D56FF47873B3EB625212D94FEA35
:100A3000C12343F0004343EA505311F0004F23FA1F
:100A400002F018BF404270474FF00000704750EA74
:100A5000013005D111F0004008BF6FF00040704731
:100A60004FF00000704700BF4A0011D212F500128B
:100A700011D20DD56FF47873B3EB62520ED44FEAF6
:100A8000C12343F0004343EA505323FA02F0704776
:100A90004FF00000704750EA013002D14FF0FF30B4
:100AA00070474FF0000070474FEA4102B2F1E04357
:100AB00024BFB3F5001CDCF1FE5C0DD901F0004C45
:100AC0004FEAC0024CEA5070B2F1004F40EB830095
:100AD00008BF20F00100704711F0804F21D113F1C1
:100AE0003872BCBF01F00040704741F480114FEAFA
:100AF0005252C2F11802C2F1200C10FA0CF320FA83
:100B000002F018BF40F001004FEAC1234FEAD3239F
:100B100003FA0CFC40EA0C0023FA02F34FEA430309
:100B2000CCE77FEA625307D150EA01331EBF4FF092
:100B3000FE4040F44000704701F0004040F0FE40AD
:100B400040F40000704700BF80F0004002E000BFAA
:100B500081F0004142001FBF5FEA410392EA030FA8
:100B60007FEA226C7FEA236C6AD04FEA1262D2EBF2
:100B70001363C1BFD218414048404140B8BF5B42F7
:100B8000192B88BF704710F0004F40F4000020F090
:100B90007F4018BF404211F0004F41F4000121F0A6
:100BA0007F4118BF494292EA030F3FD0A2F10102F0
:100BB00041FA03FC10EB0C00C3F1200301FA03F12E
:100BC00000F0004302D5494260EB4000B0F5000F51
:100BD00013D3B0F1807F06D340084FEA310102F110
:100BE0000102FE2A51D2B1F1004F40EBC25008BFC2
:100BF00020F0010040EA03007047490040EB00008C
:100C0000013A28BFB0F5000FEDD2B0FA80FCACF18C
:100C1000080CB2EB0C0200FA0CF0AABF00EBC250B9
:100C200052421843BCBFD0401843704792F0000FA7
:100C300081F4000106BF80F400000132013BB5E7FA
:100C40004FEA41037FEA226C18BF7FEA236C21D070
:100C500092EA030F04D092F0000F08BF08467047D5
:100C600090EA010F1CBF0020704712F07F4F04D1A3
:100C7000400028BF40F00040704712F100723CBFB6
:100C800000F50000704700F0004343F0FE4040F4E0
:100C9000000070477FEA226216BF08467FEA23639E
:100CA0000146420206BF5FEA412390EA010F40F489
:100CB000800070474FF0000304E000BF10F00043D5
:100CC00048BF40425FEA000C08BF704743F09643BC
:100CD00001464FF000001CE050EA010208BF7047D7
:100CE0004FF000030AE000BF50EA010208BF70475E
:100CF00011F0004302D5404261EB41015FEA010C73
:100D000002BF84460146002043F0B64308BFA3F16A
:100D10008053A3F50003BCFA8CF2083AA3EBC2534C
:100D200010DB01FA02FC634400FA02FCC2F120026B
:100D3000BCF1004F20FA02F243EB020008BF20F0A2
:100D40000100704702F1200201FA02FCC2F1200208
:100D500050EA4C0021FA02F243EB020008BF20EAFD
:100D6000DC7070474FF0FF0C1CEAD0521EBF1CEA2B
:100D7000D15392EA0C0F93EA0C0F6FD01A4480EA19
:100D8000010C400218BF5FEA41211ED04FF0006302
:100D900043EA501043EA5111A0FB01310CF000402E
:100DA000B1F5000F3EBF490041EAD3715B0040EA54
:100DB000010062F17F02FD2A1DD8B3F1004F40EB24
:100DC000C25008BF20F00100704790F0000F0CF0F7
:100DD000004C08BF49024CEA502040EA51207F3ABB
:100DE000C2BFD2F1FF0340EAC250704740F4000096
:100DF0004FF00003013A5DDC12F1190FDCBF00F087
:100E000000407047C2F10002410021FA02F1C2F134
:100E1000200200FA02FC5FEA310040F1000053EAD0
:100E20004C0308BF20EADC70704792F0000F00F01E
:100E3000004C02BF400010F4000F013AF9D040EA24
:100E40000C0093F0000F01F0004C02BF490011F4B8
:100E5000000F013BF9D041EA0C018FE70CEAD153B6
:100E600092EA0C0F18BF93EA0C0F0AD030F0004C36
:100E700018BF31F0004CD8D180EA010000F00040EA
:100E8000704790F0000F17BF90F0004F084691F0A8
:100E9000000F91F0004F14D092EA0C0F01D14202E2
:100EA0000FD193EA0C0F03D14B0218BF084608D1AB
:100EB00080EA010000F0004040F0FE4040F40000F5
:100EC000704740F0FE4040F4400070474FF0FF0C88
:100ED0001CEAD0521EBF1CEAD15392EA0C0F93EACF
:100EE0000C0F69D0A2EB030280EA010C49024FEA21
:100EF000402037D04FF0805343EA111143EA1013DA
:100F00000CF000408B4238BF5B0042F17D024FF491
:100F1000000C8B4224BF5B1A40EA0C00B3EB510F6C
:100F200024BFA3EB510340EA5C00B3EB910F24BF55
:100F3000A3EB910340EA9C00B3EBD10F24BFA3EBDA
:100F4000D10340EADC001B0118BF5FEA1C1CE0D1A2
:100F5000FD2A3FF650AF8B4240EBC25008BF20F055
:100F6000010070470CF0004C4CEA50207F32C2BFA9
:100F7000D2F1FF0340EAC250704740F400004FF046
:100F80000003013A37E792F0000F00F0004C02BF77
:100F9000400010F4000F013AF9D040EA0C0093F041
:100FA000000F01F0004C02BF490011F4000F013B9B
:100FB000F9D041EA0C0195E70CEAD15392EA0C0F03
:100FC00008D142027FF47DAF93EA0C0F7FF470AF3B
:100FD000084676E793EA0C0F04D14B023FF44CAF7E
:100FE00008466EE730F0004C18BF31F0004CCAD113
:100FF00030F000427FF45CAF31F000437FF43CAF4F
:101000005FE700BF4FF0FF3C06E000BF4FF0010C70
:1010100002E000BF4FF0010C4DF804CD4FEA400252
:101020004FEA41037FEA226C18BF7FEA236C11D09C
:1010300001B052EA530C18BF90EA010F58BFB2EB4F
:10104000030088BFC81738BF6FEAE17018BF40F0CF
:10105000010070477FEA226C02D15FEA402C05D183
:101060007FEA236CE4D15FEA412CE1D05DF8040B08
:10107000704700BF844608466146FFE70FB5FFF79B
:10108000C9FF002848BF10F1000F0FBD4DF808ED53
:10109000FFF7F4FF0CBF012000205DF808FB00BF44
:1010A0004DF808EDFFF7EAFF34BF012000205DF89E
:1010B00008FB00BF4DF808EDFFF7E0FF94BF0120EB
:1010C00000205DF808FB00BF4DF808EDFFF7D2FFE8
:1010D00094BF012000205DF808FB00BF4DF808ED2B
:1010E000FFF7C8FF34BF012000205DF808FB00BFF8
:1010F0004FEA40024FEA41037FEA226C02D15FEAE5
:10110000402C08D17FEA236C02D15FEA412C02D146
:101110004FF0000070474FF0010070474FEA400267
:10112000B2F1FE4F0FD34FF09E03B3EB12620DD915
:101130004FEA002343F0004310F0004F23FA02F07F
:1011400018BF404270474FF00000704712F1610F26
:1011500001D1420205D110F0004008BF6FF00040FD
:1011600070474FF00000704742000ED2B2F1FE4FC0
:101170000BD34FF09E03B3EB126209D44FEA002366
:1011800043F0004323FA02F070474FF0000070472D
:1011900012F1610F01D1420202D14FF0FF307047CE
:1011A0004FF00000704700BF53B94AB9002908BF8B
:1011B00000281CBF4FF0FF314FF0FF3000F00CB89B
:1011C000ADF1080C6DE904CE1CF0AAFDDDF804E0D9
:1011D000DDE9022304B07047704700BF10F8012B0F
:1011E00011F8013B012A28BF9A42F7D0D01A704764
:1011F000034613F8012B002AFBD1181A0138704757
:1012000001F0FF01102A2BDB10F0070F08D010F8B7
:10121000013B013A8B422DD010F0070F42B3F6D1BB
:10122000F0B441EA012141EA014122F007047FF0D4
:1012300000070023F0E80256083C85EA010586EA2B
:10124000010685FA47F5A3FA87F586FA47F6A5FA67
:1012500087F68EB9EED1F0BC01F0FF0102F0070273
:1012600032B110F8013B013A83EA010313B1F8D11E
:101270000020704701387047002D06BF35460338FF
:10128000073815F0010F07D1013015F4807F02BF38
:10129000013015F4C03F0130F0BC0138704700BF89
:1012A00010B5054C237833B9044B13B10448AFF3A0
:1012B00000800123237010BDB00300200000000057
:1012C0000435020808B5034B1BB103490348AFF3CB
:1012D000008008BD00000000B403002004350208AF
:1012E00000B59BB04422002109A820F0F2F8182292
:1012F000002102A820F0EDF8144A136823F4C0631B
:1013000043F400731360136803F4C0630193019BFB
:101310002023089301210023B02208A8CDE910134F
:10132000CDE9122301F0DEFF00B1FEE74F23CDE946
:101330000230CDE90400CDE90600022102A802F046
:101340006DFA00B1FEE71BB05DF804FB0004005825
:101350007047000038B5104C237805460BB90120C2
:1013600038BD01F0AFFF22784FF47A73B3FBF2F38C
:10137000B0FBF3F000F0ECFC04460028EFD10F2D99
:10138000EDD8024629464FF0FF3000F08FFC034BAA
:1013900020461D60E4E700BF00000020040000209C
:1013A00010B5032000F070FC01F08CFF064B1860B4
:1013B0000020FFF7CFFF044618B9FFF7C9FF20460A
:1013C00010BD0124FBE700BF40000020034A044B8E
:1013D00011681B780B441360704700BFCC030020DA
:1013E00000000020014B1868704700BFCC030020AC
:1013F0008068C0F380007047F7B50023019304466E
:10140000002800F0E780856D25B904F051FBE56503
:1014100084F8545023689A68D00040F19F809A68FD
:10142000D10000F1B280A26D42F01002A265E26D1F
:1014300042F00102E26501251846FFF7D9FFA26DCF
:1014400002F01002024340F0C780A26D206922F42E
:10145000817242F00202A2659A68D2075BD4226BC5
:10146000A67E94F82CC0003A18BF01221703D4E9D5
:1014700002120A43217E42EA8132617E42EAC1328F
:1014800042EA4632002842EA4C02B4BF20F0004152
:101490004FF400113A430A4394F82010012903D174
:1014A000002E74D142F48032616A21B1A66A01F43F
:1014B000E07131430A43DE684A4931401143D96043
:1014C00094F83C206168E66C01F0404C012A4CEA3B
:1014D000060609D1D4E910273A433243A66C3243B9
:1014E00042EA0C0242F001061F693F4A3A40324389
:1014F0001A6121F00042B2F1804F0CD0B1F1004FDF
:1015000009D03A4ED6F8082701F4701122F470126F
:101510000A43C6F808275A69666BA16B22F00702D6
:1015200032435A615A6922F0700242EA01125A614A
:10153000002835D19A6A62F00F029A625B6903F063
:1015400007039E423CD10023E365A36D23F0030310
:1015500043F00103A365284603B0F0BD9A6824490F
:1015600022F0104222F0170242F080529A60214A83
:101570001268B2FBF1F2013252000192019A002A84
:101580003FF44DAF019A013AF7E7002554E7A16D0A
:1015900041F02001A165E16D41F00101E16583E7C2
:1015A000B0F5001FCAD19A6AE269013A92006FF061
:1015B0000F0102F01C0201FA02F2216E0A43BCE79D
:1015C000A36D23F0120343F01003A365E36D43F012
:1015D0000103E3650125BEE7A36D43F01003A36596
:1015E000F8E700BF0102DEFF02FCFF1F0020014000
:1015F000400D030040000020F8B54569082D044661
:101600000E460AD00368DB68D80705D5A36D43F002
:101610002003A3650120F8BD0425FFF7E3FE07467C
:1016200023681A682A4220D0A26D42F40072A26593
:10163000DA6812F4406F14D1A27E92B91A681207C8
:101640000FD51846FFF7D4FE20BB5A6822F00C02D3
:101650005A60A26D22F4807222F0010242F001026F
:10166000A265227EFAB10020D5E7711CD9D0FFF720
:10167000B9FEC01BB04201D8002ED1D123681B682F
:101680002B40CDD1A26D84F8543042F00402A26503
:101690000320C0E7A26D42F02002A265E26D42F095
:1016A0000102E265DDE70C221A60DCE70368186CD2
:1016B00070470000F7B50023019390F85430012BD8
:1016C000044600F0C08005680269012380F85430A8
:1016D0002846FFF78DFE002840F0AF8048680B6871
:1016E000022822F004027ED0B2F1004FC3F3110EA3
:1016F00035D1AA6A42EA0E02AA628A68686902EAD9
:10170000032222F07C4222F0FF0220EA03210A4356
:10171000002B6A611DDA4D4A4D4DD2F80817AB42D5
:1017200001F0E07043D10D0213D4D2F8083723F052
:10173000E073034343F40003C2F80837454B1A68CB
:10174000454BB2FBF3F20C2302FB03330193019BE5
:1017500053BB0020002384F8543003B0F0BD226E48
:1017600000F01F074FF00F0C0CFA07FC6FEA0C0695
:1017700022EA0C0CBEF1000F11D1C3F38462BA400F
:1017800042EA0C0222668008E26901309042B4D835
:10179000A86AC3F38362BA4006403243ACE793FAC7
:1017A000A3F2B2FA82F2EAE7019B013BCEE72B4DAE
:1017B000AB420BD1C901CCD4D2F8083723F0E07387
:1017C000034343F08073C2F80837C2E7244DAB42AD
:1017D000BFD14B02BDD4D2F8083723F0E0730343E6
:1017E00043F48003EFE7B2F1004F01BFAA6AC3F3ED
:1017F00011018A43AA62002BABDA154813498342D0
:10180000D1F8082709D1D1F8083702F0A07223F0E7
:10181000E0731A43C1F808279BE71048834204D1BC
:10182000D1F8083702F44002F1E70D48834290D125
:10183000D1F8083702F0C072E9E7A26D42F0200249
:10184000A265184686E7022087E700BF0020014016
:10185000001000B040000020400D0300004000B820
:10186000002000B4806D7047026838B50446104609
:10187000FFF7BEFD08B9002038BD9368990707D46B
:10188000936823F0004323F0170343F010039360A1
:10189000FFF7A8FD054623689B685B07EBD5FFF7BC
:1018A000A1FD401B0228F6D923689B685A07F2D590
:1018B000A36D43F01003A365E36D43F00103E365FB
:1018C0000120D9E773B50023026801939368DD070F
:1018D000044602D5002002B070BD9168214B194228
:1018E00009D0A36D43F01003A365E36D43F001033A
:1018F000E3650120EFE7936823F0004323F017032B
:1019000043F001039360184BD3F8083718021CD436
:10191000637E012BDED0FFF765FD144E054622687D
:101920001368DB07D6D49368D9075FBF9368334049
:1019300043F001039360FFF755FD401B0228EED9E9
:1019400023681B68DA07EAD4CBE7094B094A1B680E
:10195000B3FBF2F301330193019B002BD8D0019B21
:10196000013BF8E71700008000200140E8FFFF7FFF
:1019700040000020400D030038B504460068FFF722
:1019800037FD054620BB94F85430012B20D00123AD
:1019900084F854302046FFF795FFB0B9A36D226854
:1019A00023F4706323F0010343F48073A3651C23C5
:1019B000E065136084F85400936823F0004323F03B
:1019C000170343F00403936038BD84F85450FBE7D9
:1019D0000220F9E738B503689A680446900704D4F2
:1019E0009A68D10703D4002038BD9B68FBE79A684A
:1019F00002F00502012A19D19A6822F0004222F071
:101A0000170242F002029A6003221A60FFF7EAFC12
:101A1000054623689B68DB07E5D5FFF7E3FC401B21
:101A20000228F6D923689B68DA07F2D5A36D43F044
:101A30001003A365E36D43F00103E3650120D3E7E1
:101A400070B5044600284BD0836D43F002038365D4
:101A5000FFF70AFF054668B92046FFF7BBFF0546BA
:101A600008B90123A3652268936823F0104323F08B
:101A70001703936023685A6822F4677222F0030206
:101A80005A6040F29F321A60D968164A0A40DA60FA
:101A90005A6922F007025A6100269A6A9E621A6AFF
:101AA00002F0F0221A625A6A02F0F0225A62DA6AEE
:101AB00002F0F022DA621A6922F040421A610A4A00
:101AC000D2F8083723F0FE73C2F80837204604F036
:101AD0000FF8E6652666A66584F85460284670BD52
:101AE0000125FBE700021E830020014010B590F89D
:101AF0005430012B044615D0012380F85430FFF7F1
:101B0000B3FE58B92046FFF765FF38B9A36D23F43B
:101B1000807323F0010343F00103A365002384F8DD
:101B2000543010BD0220FCE7F7B50023009390F875
:101B30005430012B044600F0A080012380F854307B
:101B4000FFF748FF23689A6812F00102054607D0A4
:101B5000A36D43F01003A365002384F854302DE0F7
:101B6000A16D474F21F4817141F00201A165DE684A
:101B7000D96826F4FF4626F07C0621F4004136049D
:101B800021F00301360CD96008209968394041F0F2
:101B9000004199609968002913DA00990131009198
:101BA0000099B1F52E3FF5D3A36D23F0120343F056
:101BB0001003A365002384F854300125284603B0A0
:101BC000F0BDD3F8B410013801F07F010A44DCD134
:101BD000D1089A6822F0004222F0170242F0010276
:101BE0009A601A69B2F1804F1ED3D3F8B42022F064
:101BF0007F020A43C3F8B4209A6822F0004222F020
:101C0000170242F002029A60FFF7ECFB07462368D6
:101C10009A68D2071FD4DA683243DA60A36D23F0E2
:101C2000030343F0010396E7164AD2F8082702F4AB
:101C30007012B2F5E01FD8D3920C0120033A00FADB
:101C400002F20192019AC2400192019A002ACCD07C
:101C5000019A013AF8E7FFF7C5FBC01B0228D6D965
:101C600023689B68D907D2D5A36D43F01003A36501
:101C7000E36D43F00103E3659FE702259EE700BFA4
:101C8000E8FFFF7F002001400749CA6822F4E062B4
:101C90000302120403F4E063120C134343F0BF6326
:101CA00043F40033CB60704700ED00E0164B30B5D5
:101CB000DC68C4F30224C4F10703251D042B28BFEC
:101CC0000423062D4FF0FF358CBF033C002405FA9A
:101CD00003F321EA0303A54022EA0502A3400028FA
:101CE00043EA0203ACBF00F16040084A4FEA031325
:101CF000B8BF00F00F00DBB2AABF00F5614013547B
:101D000080F8003330BD00BF00ED00E014ED00E0CE
:101D1000002807DB044A4109012300F01F0083402B
:101D200042F82130704700BF00E100E000280CDBE2
:101D30004309064900F01F0020330122824041F888
:101D40002320BFF34F8FBFF36F8F704700E100E098
:101D50000138B0F1807F0BD24FF0E023054A586183
:101D6000F02182F823100020072298611A61704741
:101D70000120704700ED00E00028A1BF4309403377
:101D8000054A52F82330A3BF00F01F0023FA00F0E9
:101D900000F001000020704700E100E0002808DBAF
:101DA0004309044900F01F0001226033824041F8DA
:101DB0002320704700E100E0704708B5FFF7FCFF03
:101DC00008BD704710B5044608B9012010BD437F17
:101DD00003F0FF0213B90277FFF7F3FF02236377E3
:101DE0002379E3B92368134A5A619A6822F01802EA
:101DF0009A6062792368D2B94FF0FF321A619A680B
:101E0000616922F060020A439A609A68A16922F02F
:101E100080020A439A60012363770020D6E7D4E961
:101E20000212204600F008F80028E2D0CDE722692F
:101E3000E4E700BFB71DC104CB0710B50CD51F23C5
:101E4000013B1CD321FA03F4E407F9D5102A12D080
:101E500004D83AB1082A10D001200BE0182AFBD18F
:101E6000062BF9D800684161836823F018031343F7
:101E70008360002010BD072BF3E70F2BF1E7102A3A
:101E8000EAD0E9D8002AE7D1ECE710B5044640B122
:101E90000223037103F0DEFD0020206160712071D8
:101EA00010BD0120FCE710B5012358B1046801F012
:101EB0001001226803FA01F122EA01022260037193
:101EC000002010BD1846FCE7034640B190F82520DD
:101ED000022A06D00422C263002280F824200120B6
:101EE00070470268116821F001011160116821F04A
:101EF0000E011160816C0A6822F480720A60D0E9D8
:101F0000100202F01C0101228A404260D3E9132131
:101F100051605A6D32B1116821F480711160D3E9BA
:101F2000162151600122002083F8252083F8240027
:101F3000704708B590F82530022B03D00423C36303
:101F4000012008BD03681A6822F001021A601A68AD
:101F500022F00E021A60826C136823F480731360FF
:101F6000D0E9101303F01C02012393404B60D0E929
:101F700013325A60436D33B11A6822F480721A60CA
:101F8000D0E916325A60012380F82530002380F80A
:101F90002430836B03B198470020D2E790F82500E6
:101FA000704700000A4A536943F4802330B55361F7
:101FB000EFF3108472B60023CD58C5500433B3F547
:101FC000807FF9D11369DB03FCD484F3108830BD22
:101FD00000400058064B5A69002ABFBF054A9A6064
:101FE00002F188329A60BABF5869C00F002070476A
:101FF0000040005823016745044B5A6942F00042F3
:102000005A615869C043C00F704700BF0040005874
:1020100070B50546FFF7E6F9124E04463369D90359
:1020200013D43369DA0744BF012232614CF2FA3229
:10203000134011D10B4E306910F480200BD0FFF704
:10204000D1F9001BA842F6D304E0FFF7CBF9001B3F
:10205000A842E3D3032070BD024A1361024A012063
:102060005360F8E700400058D00300202DE9F0410C
:10207000184D98462B78012B06460C46174626D05D
:1020800001232B704FF47A7000236B60FFF7C0FFC1
:10209000A0B9012E16D1104A536943F001035361D0
:1020A0002760BFF36F8FC4F804804FF47A70FFF796
:1020B000AFFF094A536923EA0603536100232B70DB
:1020C000BDE8F08139462046FFF76CFFEDE70220BE
:1020D000F6E700BFD003002000400058054A5369CE
:1020E00023F47E7343EAC00040F4803040F00200E5
:1020F00050617047004000582DE9F041364F3B7861
:10210000012B0546884665D001233B704FF47A7059
:1021100000237B60FFF77CFF0446002836D12B6844
:10212000042B38D12D4A536943F4803343F0040320
:1021300053614FF47A70FFF76BFF0446274B1A6820
:1021400091050FD51A6822F400721A601A6842F4D9
:1021500000621A601A6822F400621A601A6842F477
:1021600000721A601D4B1A6852050FD51A6822F4C6
:1021700080621A601A6842F480521A601A6822F467
:1021800080521A601A6842F480621A6000233B7021
:102190002046BDE8F0814FF0FF33C8F800306E688C
:1021A000D5E901321344B3420AD93046FFF796FF0E
:1021B0004FF47A70FFF72CFF50B1C8F80060044666
:1021C000064A536923F47E7323F002035361B5E793
:1021D0000136E5E70224DBE7D00300200040005889
:1021E0002DE9F04F564C00234FF00F080A6832FAE1
:1021F00003F501D1BDE8F08F012505FA03F919EACD
:10220000020275D04E68032706F003054FEA430E1D
:1022100007FA0EFC6F1E012F6FEA0C0C6AD8876854
:1022200007EA0C0ACF6807FA0EF747EA0A07876041
:10223000476827EA0909C6F300179F4047EA0907DC
:102240004760C76807EA0C098F6807FA0EF747EA84
:102250000907022DC76059D0076805FA0EF507EA8D
:102260000C073D4316F4403F056041D023F00307BF
:1022700007F1804707F5803703F0030CBD684FEA8C
:102280008C0C4FF0070E0EFA0CFEB0F1904F25EAC1
:102290000E0E51D02B4DA84250D005F58065A842B6
:1022A00014BF0725022505FA0CF545EA0E05BD60A9
:1022B0002568D74316F4801F0CBF3D4015432560A9
:1022C000656816F4001F0CBF3D4015436560D4F8E7
:1022D000805016F4803F0CBF3D401543C4F8805039
:1022E000D4F88450B60354BF3D401543C4F884501D
:1022F00001337BE7032DAFD0C76807EA0C098F686D
:1023000007FA0EF747EA0907C760A5E74FEAD309BE
:1023100000EB890903F0070AD9F820704FEA8A0A0E
:1023200008FA0AFB27EA0B0B0F6907FA0AF747EAD4
:102330000B07C9F820708FE70025B4E70125B2E745
:102340000008005800040048044AD168014208B55A
:1023500002D0D06003F040FE08BD00BF0008005866
:1023600003689A69910744BF00229A629A69D2076A
:102370005EBF9A6942F001029A61704730B5039DD1
:1023800004682B4343EA0243064A6068C1F309012B
:102390000B4342EA555223F0004320EA0200034374
:1023A000636030BDFF63FF031E4A436B934270B509
:1023B00001F002020DB201F001041DD01A4EB34229
:1023C0001AD01A4EB34217D0002DACBF0023B82349
:1023D0000CB143F0F2030AB143F0F403102902D127
:1023E00043F0900303E0202901D143F0200301686A
:1023F0000A6813430B6070BD002DACBF0023B823E7
:102400000CB143F0F2030AB143F0F4031029E7D012
:10241000202902D143F06003E9E7402908BF43F0D7
:102420004003E4E7512B00086D2E0008292A00081C
:1024300011F0010307D090F8413003F02803282B56
:1024400014BFF22342238A0709D590F8412002F0F5
:102450002802282A0CBF43F0440343F0F4030A0483
:1024600001680A6848BF43F0B80322EA03030B601F
:102470007047704710B5044698B10268242380F86D
:102480004130136823F001031360FFF7F2FF0020CF
:10249000606484F8400084F84100206384F84200BE
:1024A00010BD0120FCE70000F8B51F4690F8413050
:1024B00003F02803282B04460E46154601D00120C0
:1024C000F8BD01B11AB94FF400736364F7E748F23D
:1024D0000101FFF7ADFF90F84030012B40D0012300
:1024E00080F8403090F841302A2B14D10221FFF7B8
:1024F0009FFF03681A6810040DD51A68E06B22F478
:1025000000421A6038B1174B8363FFF712FD10B118
:10251000E06B836B9847292384F84130206820239F
:10252000002284F842306264436823F4004343602D
:102530006585638D2385E7620B4B636383698169DE
:102540006662C90303D51B0744BF0823C361204645
:1025500084F8402048F20101FFF726FF0020AFE792
:102560000220ADE775300008632F0008F8B51F465C
:1025700090F8413003F02803282B04460E461546F8
:1025800001D00120F8BD01B11AB94FF400736364A2
:10259000F7E748F20201FFF74BFF90F84030012BBC
:1025A0003FD090F841300121292B80F8401013D101
:1025B000FFF73EFF03681A6850040DD51A68A06B38
:1025C00022F480421A6038B1174B8363FFF7B1FCE5
:1025D00010B1A06B836B98472A2384F841302068A0
:1025E0002023002284F842306264436823F40043CD
:1025F00043606585638D2385E7620C4B6363836964
:1026000081696662C90303D41B0744BF0823C36101
:10261000204684F8402048F20201FFF7C5FE002062
:10262000B0E70220AEE700BF75300008632F000856
:1026300008B590F84120202A0AD1282280F84120AC
:10264000044A42634FF40041FFF7AEFE002008BD8C
:102650000220FCE7632F00080268436B916912684F
:1026600003B1184770477047704738B5002580F8A8
:10267000425090F84130212B4FF0200380F8413038
:102680000AD11123036345630121FFF7D1FE80F8CE
:102690004050FFF7E8FF38BD122303634563022172
:1026A000FFF7C6FE80F84050FFF7DEFFF3E708B5FE
:1026B00003681A68002180F84210510415D51A6881
:1026C00022F480421A6090F84130292B13D128233C
:1026D00080F84130212303630121FFF7A9FE002385
:1026E00080F840300CF0E4FC08BD1204EBD51A6809
:1026F00022F40042E6E790F841302A2BF4D1282357
:1027000080F84130222303630221FFF791FE00236A
:1027100080F840300CF0B9FCE6E790F8412002F078
:102720002802282AF8B5036834D19E69C2689D69D9
:102730009968DF682D0C022AC6F3004605F0FE05F5
:102740001FD185EAD11515F00605C1F309020ED196
:10275000816C01318164816C022907D10821856473
:10276000D96180F8405031460CF042FCF8BD4FF47E
:102770000041FFF75DFE002380F8403007F0FE02C5
:10278000F1E74FF40041FFF753FE002380F840309B
:102790002A46E8E70822DA61002380F84030E5E7BE
:1027A00008B5164BC362202200230363436380F8FD
:1027B000412080F842304B0712D503685A6A436AB9
:1027C0001A70436A01334362038D4BB1013B0385A9
:1027D000438D013B9BB24385436C43F00403436448
:1027E00048F20301FFF724FE03681022DA61002398
:1027F00080F840300CF034FC08BD00BF0000FFFF43
:1028000070477047704790F84120602A08B54FF034
:10281000000208D1202180F8411080F84020026396
:10282000FFF7F0FF08BD026380F840200CF044FC85
:10283000F8E7000070B500223D4D90F8413080F877
:102840004220C5624285426C283B0A43022B044663
:1028500042642AD80321FFF7EBFD282380F841309A
:10286000344BA06B6363236B002841D0112B01D044
:10287000212B3DD123681A68510442BF1A6822F403
:1028800080421A60FFF78AFB01282CD0A06B2A4BEC
:102890008363002384F84030FFF74BFB002845D0CA
:1028A000A06B836BBDE87040184748F20301FFF747
:1028B000BFFDFFF755FD90F84130602B11D020236C
:1028C00080F8413003689A6995060AD59A69D0065E
:1028D00005D51022DA61626C42F0040262642022A3
:1028E000DA610023BDE72046BDE87040FFF78BBFEB
:1028F000E06B0028F7D0122B01D0222BF3D12368F4
:102900001A68120442BF1A6822F400421A60FFF7E4
:1029100045FB0128E7D0E06B074B8363002384F875
:102920004030FFF706FB08B1E06BBAE770BD00BFAF
:102930000000FFFF632F00087530000873B50568BD
:102940002023EB6190F84130212B04460E4635D10F
:102950000121FFF76DFD112323636B6823F0FF73E3
:1029600023F48B3323F4FF7323F001036B60002304
:102970006363F206A3F58033E36205D51023EB61B0
:10298000636C43F00403636494F84130602B05D119
:10299000730741BF6B6ADBB20193019B2046FFF7CF
:1029A000DFFC636C94F84120602A00D07BB1616C3D
:1029B000204602B0BDE87040FFF73CBF90F84130C0
:1029C000222BCAD10221FFF733FD1223C4E794F86A
:1029D0004120212A12D1202284F84120236394F837
:1029E000422084F84030402A84F8423003D1FFF777
:1029F00007FF02B070BDFFF736FEFAE794F84120FA
:102A0000222AF6D1202284F84120236394F8422020
:102A100084F84030402A84F8423002D1FFF7F1FEBA
:102A2000E7E7FFF721FEE4E713B590F84030012B0C
:102A3000044600F08680012380F84030CB0612D592
:102A4000D30610D503681022DA61436C43F0040307
:102A500043642021FFF7A8FCFFF782FC002084F8E4
:102A6000400002B010BD880708D5930706D523683B
:102A7000226D9A624FF0FF332365EFE7080636D5E3
:102A8000530634D501212046FFF7D2FC1021FFF771
:102A90008BFC638D9BB233B3638D9BB2FF2B18D934
:102AA000FF22E16C2285002300934FF0807389B2EE
:102AB000FFF764FC638D228D9B1A9BB2638594F8AB
:102AC00041202368222A1A6830D142F400421A6059
:102AD000C4E7628DE16C92B2228500230093D2B2EA
:102AE0004FF00073E3E74021FFF7A4FEB6E7480686
:102AF0001FD553061DD501212046FFF799FC102153
:102B0000FFF752FC94F841100F4A104B222918BFCE
:102B10001346628D92B2FF2A03D9FF22E16C22850F
:102B2000C2E7628DE16C92B22285D7E742F480421F
:102B3000CDE7880692D5930690D52046FFF7FEFE96
:102B40008CE702208DE700BF002000800024008079
:102B500073B590F84030012B044678D0012380F8FB
:102B60004030CB0612D5D60610D503681022DA61A4
:102B7000436C43F0040343642021FFF715FCFFF787
:102B8000EFFB002084F8400002B070BD0D0641D577
:102B900050063FD525682B6823F040032B60638DDA
:102BA0009BB25BB36968638D9BB2FF2BC1F30901D4
:102BB0001AD9FF2323854FF080730022268D0092BF
:102BC00094F828202046FFF7D9FB638D9B1B9BB20E
:102BD000638594F84130222B2B680CBF43F40043EB
:102BE00043F480432B60CCE7638D2385E36A13F5C0
:102BF000803F14BFE36A4FF00073DEE76B689A0111
:102C000003D42046FFF731FDBBE740212046FFF704
:102C100011FEB6E74B0612D5560610D5638D9BB252
:102C2000002BF2D123685A689501AAD4E26A12F502
:102C3000803FE6D15A6842F480425A60A1E7880694
:102C40009FD593069DD52046FFF778FE99E7022091
:102C50009AE7036899691A6810B4CC0508D5140678
:102C600006D5446C44F0010444644FF48074DC6184
:102C70004C0508D5140606D5446C44F00804446499
:102C80004FF48064DC61890508D5120606D5426CD4
:102C900042F0020242644FF40072DA61416C11F0BA
:102CA0000B0F02D010BCFFF7C5BD10BC7047000071
:102CB0002DE9F0410568D5F80080C76A90F84120F9
:102CC0000E46212A4FF020010446D3B2E96109D013
:102CD000223B082B0DD8DFE803F06C0C0C0C0C0C1D
:102CE00072056C0048F201012046FFF7A1FB212389
:102CF00023636B6843F400436B606B6823F0FF73DE
:102D000023F48B3323F4FF7323F001036B6020461D
:102D1000FFF726FB18F4804F57D02B6823F480432D
:102D20002B60A36B1BB11B685B689BB2638572074A
:102D30000FD5636A6A6A1A70636A01336362238D0E
:102D40002BB1013B2385638D013B9BB2638526F04C
:102D50000406638D9BB21BB1636C43F00403636490
:102D6000F30611D518F0100F0ED0638D9BB2002B17
:102D700045D194F84130282B30D1B7F1007F2DD1C7
:102D800031462046FFF70CFD002384F84230656C85
:102D90006363002D42D0616C2046FFF74BFD94F831
:102DA0004130282B4CD131462046BDE8F041FFF799
:102DB000F7BC48F20201FFF73BFB222398E748F2F9
:102DC0000301FFF735FB002392E718F4004FAED064
:102DD0002B6823F400432B60E36BA3E794F84120B6
:102DE0002368292A4FF01002DA61CDD117F5803F10
:102DF000CAD02046FFF7B4FAFFF759FCC4E72368AE
:102E00001022DA61636C43F00403636437F080736B
:102E1000BAD1616C2046FFF70DFDB5E7E36A13F503
:102E2000803F0FD02046FFF742FC0F4BE362202388
:102E300084F8413084F84050256320460CF010F9A6
:102E4000BDE8F08194F8413084F84050222B4FF0D7
:102E5000200384F841302046256302D10CF015F997
:102E6000EEE70CF025F9EBE70000FFFF70B590F8F6
:102E70004060C56A012E04460B4670D0012680F8DA
:102E800040608E0607D5960605D5FFF711FF002096
:102E900084F8400070BDD80659D5D10657D512F434
:102EA000404F50D0D4E90E10E0B921B1520402D500
:102EB0000A6852680AB323681022DA61636C43F02F
:102EC0000403636494F8413035F08072DBB2DED1E4
:102ED000213B092B30D8DFE803F02D342F2F2F2F83
:102EE0002F2F2D341604E0D5006840680028DCD16F
:102EF00019B1500444BF0A68526894F84120282A46
:102F000007D1B5F1007F04D119462046FFF748FCF0
:102F1000BDE794F841202368292A4FF01002DA61B6
:102F2000B5D115F5803FB2D02046FFF719FAFFF76B
:102F3000BEFBACE721232363616C2046FFF77AFCDC
:102F4000A5E72223F7E723681022DA619FE7190734
:102F50009DD513079BD52046FFF7DFFB97E702209F
:102F600098E770B590F84060C56A012E04460B469C
:102F70007ED0012680F840608E0607D5960605D5DE
:102F8000FFF796FE002084F8400070BDD90630D5CA
:102F9000D6062ED5628D92B2E2B994F84120282A45
:102FA00007D1B5F1007F04D119462046FFF7F8FBA1
:102FB000E8E794F841202368292A4FF01002DA61EB
:102FC000E0D115F5803FDDD02046FFF7C9F9FFF7C6
:102FD0006EFBD7E723681022DA61636C43F00403C9
:102FE000636435F08073CDD1616C2046FFF722FC1D
:102FF000C8E758071BD5510719D5638D9BB26BB134
:1030000023685A6A636A1A70636A01336362238DA4
:10301000013B2385638D013B9BB26385638D9BB22E
:10302000002BAFD115F5803FACD02046CFE71E076F
:1030300005D5100703D52046FFF76FFBA2E79907D8
:10304000A0D593079ED5638D9BB26BB1636A22684E
:1030500013F8011B91626362638D013B9BB2638530
:10306000238D013B23858DE735F080738AD1DCE722
:1030700002208AE7806A836B0BB100229A63C36BDC
:103080000BB100229A63FFF7BEBB0000024A13682F
:1030900043F480731360704700040058024B1868B3
:1030A00000F4C060704700BF00040058024A9368F3
:1030B00023F400439360704700040058054A1368E6
:1030C00043F007031360044A136943F004031361D8
:1030D00030BF70470004005800ED00E04FF0B043EF
:1030E0001868C0F3404070474FF0B0431868C0F311
:1030F000400070474FF0B042536823F47F4343EAE7
:103100000023536070474FF0B0431868C0F340602D
:10311000704700007FB54FF0B0432C4AD3F8083118
:10312000C0F3031003F00F0352F82040284A52F86E
:103130002330B4FBF3F4FFF7B1FF264B054693E8C9
:103140000700B5F5007F04AB03E9070010D0224B60
:103150009C4218D303F5B70303F67F539C4229D949
:1031600003F5741303F510639C4225D802230BE08A
:103170001A4B9C4207D91A4B9C421BD903F53703C3
:1031800003F5D853F0E7002304AA02EB830353F8B6
:103190000C4C144D2B6823F0070323432B60FEF7E0
:1031A00021F906462B6803F007039C4206D1002054
:1031B00004B070BD0123E7E70024EAE7FEF712F947
:1031C000801B0228EED90320F2E700BF303B020843
:1031D000903B020820350208C0CF6A00BFEA2101F7
:1031E0003F933402004000584FF0B04310B59A6846
:1031F000D96812F00C0205D00C2A4AD101F0030361
:10320000012B51D14FF0B0412B480B6813F008034C
:1032100006D00B6813F0080337D1D1F8941007E0FB
:103220000C68240756BFD1F894300968C3F3032310
:1032300050F82330002A0CBF184600204FF0B04150
:103240008A6802F00C020C2A1ED1CA6802F003023E
:10325000022A2ED0032A06D10B68184A13F4801FC5
:10326000174B18BF13464FF0B042D068D168D268F0
:10327000C0F306205843C1F302130133B0FBF3F04F
:10328000530F0133B0FBF3F010BD0B68C3F303130E
:10329000CEE7042A05D0082A06D11B6813F4801350
:1032A00005D006480023C9E700231846C6E70448AE
:1032B000C4E7024BD7E700BF303B02080024F4000C
:1032C0000048E80108B5FFF78FFF4FF0B043044A0C
:1032D0009B68C3F3031352F82330B0FBF3F008BD2F
:1032E000903B02082DE9F0410446002853D04FF0EE
:1032F000B0439D68DE680368990605F00C0506F08A
:10330000030668D5026A1DB10C2D46D1012E44D1A9
:10331000002A40D04FF0B043A16A1A68120756BF86
:10332000D3F894301B681B0903F0F00399421FD9AE
:103330000846FFF7EFFE00282DD14FF0B04213688A
:1033400043F0080313601368A16A23F0F0030B43F2
:103350001360606AFFF7CEFEFFF7B4FFAC4B186056
:10336000AC4B1868FDF7F6FF002834D0BDE8F081BB
:103370004FF0B042136843F008031360136823F062
:10338000F0030B431360606AFFF7B4FE0846FFF7D3
:10339000C1FE0028E0D00120E8E74FF0B043002A4A
:1033A00054D01A6842F001021A60FEF71BF8074673
:1033B000FFF79AFE002842D04FF0B042136843F066
:1033C000080313601368A16A23F0F0030B43136032
:1033D000606AFFF78FFE2368DF0748D423689807E9
:1033E00000F1A18023681E0740F1FC80A3694FF023
:1033F000B046002B00F0E380D6F89430E16903F08A
:103400001002914200F0C68003F00302022AC2D0EB
:10341000D80740F1B580D6F8943023F00103C6F800
:103420009430FDF7DFFF0746D6F89430990740F156
:10343000A780FDF7D7FFC31B112BF5D904E0FDF7DB
:10344000D1FFC01B0228B3D903208FE71A6822F0EE
:1034500001021A60FDF7C6FF0746FFF745FE002888
:10346000B9D0FDF7BFFFC01B0228F6D9ECE7082D45
:10347000626803D00C2D1AD1032E18D1002A8AD0ED
:103480009907AFD523694FF0B046002B67D033685A
:1034900043F480733360FDF7A5FF074633685A0590
:1034A00055D4FDF79FFFC31B022BF7D9CCE74FF094
:1034B000B043A068196821F480110143B2F5803F40
:1034C000196010D11A6842F480321A60FDF78AFF41
:1034D0000746FFF703FE002880D1FDF783FFC01BDE
:1034E0006428F6D9B0E7B2F5041F04D11A6842F493
:1034F00000121A60E6E7196821F480311960196832
:1035000021F400111960002AE0D1FDF76BFF074696
:10351000FFF7E4FD00283FF461AFFDF763FFC01B38
:103520006428F5D990E7042D03D00C2DAAD1022EE2
:10353000A8D12369002B3FF42EAF4FF0B042616950
:10354000536823F0FE4343EA016353604AE773681C
:10355000626923F0FE4343EA0263736042E7336823
:1035600023F480733360FDF73DFF074633685B0546
:103570007FF538AFFDF736FFC31B022BF6D963E7A3
:103580004FF0B042E169D2F8943023F010030B43BE
:10359000C2F894304FF0B047D7F8943043F00103AD
:1035A000C7F89430FDF71EFF0646D7F894309A0707
:1035B00018D4FDF717FF831B112BF6D944E7D6F873
:1035C000943023F00103C6F89430FDF70BFF074653
:1035D000D6F894309B0705D5FDF704FFC31B112BCC
:1035E000F6D931E72368580754D50B4F3B68D90506
:1035F00014D4FFF74BFDFDF7F5FE06463B68DA05F0
:103600000CD4FDF7EFFE831B022BF7D91CE700BF9C
:10361000400000200400002000040058E3684FF040
:10362000B046002B58D023F08003052B02BFD6F8FC
:10363000903043F00403C6F890304FF0B046FDF7E9
:10364000D1FED6F8903043F001030746C6F890301B
:1036500041F28838D6F890309B0705D4FDF7C2FEBA
:10366000C31B4345F6D9EFE6E36823F00403812B3F
:103670001BD1FDF7B7FED6F8903043F08003C6F8B3
:10368000903007464FF0B04641F28838D6F8903077
:10369000180504D5E36A002B4AD1002066E6FDF741
:1036A000A1FEC01B4045F1D9CEE6FDF79BFED6F842
:1036B000903023F08003C6F8903007464FF0B046B4
:1036C00041F28838D6F890301905E3D5FDF78AFE27
:1036D000C01B4045F6D9B7E6FDF784FED6F890301A
:1036E00023F080030746C6F8903041F28838D6F8B8
:1036F00090301A0516D4FDF775FED6F8903023F0F9
:103700000103C6F8903007464FF0B04841F28836C2
:10371000D8F890309B07BDD5FDF764FEC31BB342BC
:10372000F6D991E6FDF75EFEC01B4045DFD98BE67A
:103730000C2D4ED0022B4FF0B0431A6822F080724D
:103740001A6033D1FDF74EFE0546FFF7DCFC38BBAF
:10375000D4E90C314FF0B0420B43D0682D49014001
:103760000B43E16B0B43216C0B43616C0B43A16B6F
:1037700043EA0123D360136843F080731360D36876
:1037800043F08053D360FDF72DFE0446FFF7BBFCEA
:10379000002882D1FDF726FE001B0A28F6D953E641
:1037A000FDF720FE401B0A28CFD94DE6FDF71AFE93
:1037B0000446FFF7A8FC30B94FF0B042164BD16871
:1037C0000B40D36069E7FDF70DFE001B0A28F0D916
:1037D0003AE6012B3FF4DFAD4FF0B043D868236BDE
:1037E00000F003029A427FF4D6AD626B00F07003E2
:1037F00093427FF4D0ADA26B00F4FE43B3EB022FF3
:103800007FF4C9AD636C00F06040C01A18BF01209E
:10381000ACE500BF8C80C111FCFFFEEE2DE9F0414C
:103820000D46044610B90120BDE8F081684E3368AA
:1038300003F007038B4216D323689A0727D54FF06E
:10384000B047A268BB6823F0F0031343BB60FDF7E9
:10385000C9FD0646BB68DB0319D4FDF7C3FD831B16
:10386000022BF7D911E0336823F007030B433360D1
:10387000FDF7B8FD0746336803F00703AB42DBD022
:10388000FDF7B0FDC01B0228F5D90320CCE7236863
:10389000580617D54FF0B0476269D7F8083123F0C2
:1038A0000F0343EA1213C7F80831FDF79BFD0646E4
:1038B000D7F80831D90305D4FDF794FD831B022BFB
:1038C000F6D9E2E723685A0713D54FF0B047E2680C
:1038D000BB6823F4E0631343BB60FDF783FD06463A
:1038E000BB689B0305D4FDF77DFD831B022BF7D935
:1038F000CBE72368180714D54FF0B0472269BB689F
:1039000023F4605343EAC203BB60FDF76BFD064638
:10391000BB68590305D4FDF765FD831B022BF7D95E
:10392000B3E72368DA070FD4294C236803F00703B1
:10393000AB4239D8FFF7C6FC264B1860264BBDE8D2
:10394000F0411868FDF706BD6268022A1DD1FFF735
:10395000C5FB00283FF467AF4FF0B04641F288380E
:10396000B36823F003031343B360FDF73BFD074641
:10397000B368626803F00C03B3EB820FD4D0FDF799
:1039800031FDC01B4045F3D97FE7032A02D1FFF781
:10399000BAFBDEE712B9FFF7A7FBDAE74FF0B04357
:1039A0001B685B05D8D43EE7236823F007032B434D
:1039B0002360FDF717FD0646236803F00703AB42BB
:1039C000B8D0FDF70FFD801B0228F5D95DE700BFD9
:1039D00000400058400000200400002008B5FFF718
:1039E00003FC4FF0B043054AD3F8083103F00F034E
:1039F00052F82330B0FBF3F008BD00BF903B020843
:103A000008B5FFF75FFC4FF0B043044A9B68C3F36F
:103A1000022352F82330D84008BD00BF703B020893
:103A200008B5FFF74FFC4FF0B043044A9B68C3F35F
:103A3000C22352F82330D84008BD00BF703B0208B3
:103A400010B5D8B1D1B14F234FF0B04203609368A5
:103A500003F00C04446003F0F004846003F4E064B9
:103A600003F46053C4600361D2F808311B01DBB278
:103A70004361034B1B6803F007030B6010BD00BFDD
:103A800000400058704770B50446002866D0436A6D
:103A9000002B5FD14268B2F5827F00D0C361002362
:103AA000A36294F85D3003F0FF0223B984F85C2030
:103AB0002046FFF7E7FF2268E068A668A1690223B5
:103AC00084F85D30136823F040031360B0F5E06FB5
:103AD0004FF000038ABF1D464FF48055B0F5706F5C
:103AE00018BFA362636806F4044603F48273334389
:103AF000266906F002063343666906F00106334381
:103B000001F400763343E66906F038063343266A4B
:103B100006F080063343A66A06F40056334313606A
:103B2000666B636A06F0080603F0100300F4706029
:103B30003343090C034301F004010B432B4353604F
:103B4000D36923F40063D36100200123206684F845
:103B50005D3070BD0023C0E90433A0E70120F8E721
:103B6000704710B5044680B10268022380F85D30CA
:103B7000136823F040031360FFF7F2FF0020206674
:103B800084F85C0084F85D0010BD0120FCE702238E
:103B9000026810B580F83D30136A03F0113323F04A
:103BA0008853044643B9116A40F24443194202BFA4
:103BB000136823F001031360204602F016FD002075
:103BC00084F8480084F83C0084F83E0084F83F0004
:103BD00084F8400084F8410084F8420084F84300EF
:103BE00084F8440084F8450084F8460084F84700CF
:103BF00084F83D0010BD000090F83D30012B17D136
:103C000002230C4A80F83D300368934202D0B3F19E
:103C1000804F07D19968084A0A40062A06D0B2F5B3
:103C2000803F03D01A6842F001021A6000207047FA
:103C300001207047002C0140070001000268136A50
:103C400003F0113323F0885343B9116A40F244431F
:103C5000194202BF136823F001031360012380F8A7
:103C60003D30002070470368DA6822F00102DA6014
:103C70001A6A02F0113222F0885242B9196A40F2EF
:103C80004442114202BF1A6822F001021A60012365
:103C900080F83D300020704790F83C20012A034610
:103CA0004FF0020009D01A6883F83D0051610020EE
:103CB000012283F83D2083F83C007047704770472D
:103CC000036870B5DD681E69B20704460DD5A90703
:103CD0000BD56FF002021A61012202779B699A07E5
:103CE00075D001F052FE00232377730710D56807C3
:103CF0000ED523686FF004021A61022222779B69B5
:103D000013F4407F204668D001F03FFE0023237764
:103D100031070FD52A070DD523686FF008021A6105
:103D200004222277DB699B0720465CD001F02DFE40
:103D300000232377F10610D5EA060ED523686FF02D
:103D400010021A6108222277DB6913F4407F2046B3
:103D50004FD001F01AFE00232377F30708D5E807B8
:103D600006D523686FF001021A61204601F0EAFDD2
:103D700016F4025F08D0290606D523686FF40252B4
:103D80001A61204600F0FDF9F20508D52B0606D58C
:103D900023686FF480721A61204600F0F3F9700610
:103DA00008D5690606D523686FF040021A612046DF
:103DB000FFF785FFB20622D5AB0620D523686FF04A
:103DC000200220461A61BDE8704000F0D9B901F028
:103DD000DAFD2046FFF772FF85E701F0D4FD2046AB
:103DE000FFF76CFF92E701F0CEFD2046FFF766FF7C
:103DF0009EE701F0C8FD2046FFF760FFABE770BD0E
:103E0000194A0368904202D0B0F1804F08D14A6845
:103E100023F070031343CA6823F44073134306E08E
:103E2000124A9042F7D002F580629042F3D04A697C
:103E300023F0800313438A68C2620A6882620A4AD6
:103E4000904207D002F5C052904203D002F5806242
:103E5000904201D10A690263026842F004020260E2
:103E60000122426103607047002C01400044014080
:103E700010B5044650B390F83D3003F0FF021BB973
:103E800080F83C2002F08AFB0223206884F83D3051
:103E9000211DFFF7B5FF012384F84830002084F886
:103EA0003E3084F83F3084F8403084F8413084F864
:103EB000423084F8433084F8443084F8453084F844
:103EC000463084F8473084F83D3010BD0120FCE7CF
:103ED000036A01F01F0110B501248C4023EA04039A
:103EE0000362036A8A401A43026210BD082908B5BA
:103EF00025D00AD8A9B1042919D090F84330012B54
:103F000013D1022380F843302CE00C291FD0102954
:103F1000F3D190F84230012B07D1022380F84230D0
:103F200020E090F83E30012B19D0012043E090F8BA
:103F30003F30012BF9D1022380F83F3012E090F896
:103F40004030012BF1D1022380F840300AE090F894
:103F50004130012BE9D1022380F8413002E00223F5
:103F600080F83E3000680122FFF7B2FF124B984202
:103F700014D003F5C05398420BD003F580639842E8
:103F800007D0B0F1804F0DD0036843F00103036008
:103F900010E0436C43F400434364F5E7436C43F49F
:103FA000004343648268054B1340062B02D0B3F5EF
:103FB000803FE9D1002008BD002C0140070001002E
:103FC000FFF794BF082910B503465AD010D809B39B
:103FD000042946D093F8434093F84720012CE0B2DF
:103FE000D2B26FD1012A3BD1022283F8432065E08F
:103FF0000C2956D01029EDD190F8424093F8472073
:10400000012CE0B2D2B25DD1012A29D1022283F87B
:10401000422053E090F83E4093F84420012CE0B257
:10402000D2B24FD1012A1BD1022283F83E2083F85D
:10403000442018680122FFF74BFF234B984202D01F
:10404000B0F1804F07D18268204B1340062B06D079
:10405000B3F5803F03D0036843F001030360002001
:1040600010BD90F83F4093F84520012CE0B2D2B249
:1040700028D1012AF4D1022283F83F2083F8452079
:10408000D7E790F8404093F84620012CE0B2D2B236
:1040900018D1012AE4D1022283F8402083F8462077
:1040A000C7E790F8414093F84720012CE0B2D2B224
:1040B00008D1012AD4D1022283F84120022283F8B8
:1040C0004720B6E70120CBE7002C014007000100A4
:1040D000036A01F00F0110B504248C4023EA0403A5
:1040E0000362036A8A401A43026210BD08B529B907
:1040F00090F84430012B1DD0012039E0042907D16C
:1041000090F84530012BF7D1022380F8453014E0B8
:10411000082907D090F84730012BEDD1022380F811
:1041200047300AE090F84630012BE5D1022380F8B1
:10413000463002E0022380F8443000680422FFF792
:10414000C7FF436C43F4004343640A4B984202D0D8
:10415000B0F1804F07D18268074B1340062B06D081
:10416000B3F5803F03D0036843F0010303600020F0
:1041700008BD00BF002C014007000100FFF7B6BFDB
:10418000704770477047000010B5026852E8003F62
:1041900023F4907342E8003102680029F5D10F4CF6
:1041A00002F1080353E8003F234002F1080C4CE8F9
:1041B00000310029F4D1C36E012B07D152E8003F32
:1041C00023F0100342E800310029F7D12023C0F882
:1041D0008C300023C366436710BD00BFFEFFFFEFB6
:1041E000026852E8003F23F0800342E80031026891
:1041F0000029F5D152E8003F43F0400342E8003186
:104200000029F7D17047D0F88820212A034611D120
:10421000B0F8562092B20AB9FFF7E2BF026D01680A
:1042200012F8010B88621A65B3F85620013A92B26F
:10423000A3F856207047D0F88820212A034613D1CE
:10424000B0F8562092B20AB9FFF7CABF1A6D0068DB
:1042500032F8021BC1F3080181621A65B3F85620D7
:10426000013A92B2A3F856207047D0F88830212B3B
:1042700010B51BD1B0F86A20C2B1B0F8561003686F
:1042800089B2A1B903F1080252E8002F22F400021A
:1042900003F1080040E800210029F3D153E8002F82
:1042A00042F0400243E800210029F7D110BDD9694E
:1042B00009060AD5016D11F8014B9C62B0F8563021
:1042C0000165013B9BB2A0F85630013A92B2D3E7A8
:1042D000D0F88830212B10B51BD1B0F86A20C2B1BC
:1042E000B0F85610036889B2A1B903F1080252E888
:1042F000002F22F4000203F1080040E80021002909
:10430000F3D153E8002F42F0400243E80021002996
:10431000F7D110BDD96909060CD5016D31F8024BF2
:10432000C4F308049C62B0F856300165013B9BB2AF
:10433000A0F85630013A92B2D1E77047D0F88830F1
:10434000202B10B544D1002944D0002A42D0A0F837
:104350005620A0F85420426E01650023C0F890302A
:10436000B2F1005F4FF02103C0F888300268836823
:1043700019D1B3F5805F14D10469174B1749002C8C
:1043800008BF0B46836702F1080353E8003F43F47C
:10439000000302F1080040E800310029F3D10020B9
:1043A00010BD0D4BEEE7B3F5805F0FD104690C4BE8
:1043B0000C49002C08BF0B46836752E8003F43F0CE
:1043C000800342E800310029F7D1E8E7044BF3E726
:1043D0000220E5E70120E3E76B420008D142000834
:1043E000074200083742000808B5806A02F0DEF98B
:1043F00008BD70470368D9691A682DE9F04140F695
:104400000F0631429D68044610D18E0640F1978018
:1044100002F0200605F080573E4300F09080436F85
:10442000002B00F08580BDE8F0411847A84EA94850
:104430002E401040304300F08280CF0709D5D005D0
:1044400007D501201862D4F8900040F00100C4F8AC
:1044500090008F0709D5E80707D502201862D4F825
:10446000900040F00400C4F890004F0709D5E80719
:1044700007D504201862D4F8900040F00200C4F878
:1044800090000F070BD502F02000304307D0082022
:104490001862D4F8900040F00800C4F890000E05AF
:1044A0000AD5500108D54FF400601862D4F8903056
:1044B00043F02003C4F89030D4F89030002B37D06C
:1044C0008B0609D502F0200205F080552A4303D05F
:1044D000636F0BB1204698472668D4F89020B368E4
:1044E00002F0280203F0400353EA0205204621D0DF
:1044F000FFF74AFEB3685F0617D5226802F108038A
:1045000053E8003F23F04003083242E8003100291D
:10451000F3D1D4F8800040B16F4B8363FDF709FD00
:1045200030B1D4F88000836B7DE7204602F03EF97D
:10453000BDE8F08102F03AF9C4F89050F8E7E06E77
:10454000012840F08D80CE0640F18A80D00640F1EF
:10455000878010221A629968B4F85C20490651D508
:10456000D4F880100868416889B2002942D091428D
:1045700040D2A4F85E10026892062FD453E8002FB0
:1045800022F4807243E800210029F7D103F10802E8
:1045900052E8002F22F0010203F1080040E8002158
:1045A0000029F3D103F1080252E8002F22F0400263
:1045B00003F1080040E800210029F3D12022C4F8CB
:1045C0008C20E16653E8002F22F0100243E800211E
:1045D0000029F7D1D4F88000FDF776FC0223236789
:1045E000B4F85E30B4F85C10C91A89B22046FFF7FF
:1045F00000FF9DE791429BD103689B0698D502235B
:104600002367F3E7B4F85E10B4F85E0080B289B2B5
:1046100000288DD0521A91B2002989D053E8002F7A
:1046200022F4907243E800200028F7D12B4D03F1CB
:10463000080252E8002F2A4003F1080646E800204D
:104640000028F4D12022C4F88C206067E06653E88B
:10465000002F22F0100243E800200028F7D1CEE717
:10466000CF0209D56E0207D54FF4801220461A6298
:10467000BDE8F04102F0E4B808060BD502F0800076
:1046800005F40005284305D0A36F002B3FF450AF7D
:104690002046C8E64F0611D556060FD553E8002F21
:1046A00022F0400243E800210029F7D12023C4F87A
:1046B0008830A167204602F075F839E70D020FD562
:1046C00050000DD52046BDE8F04100F038BE00BFD7
:1046D0000100001020010004E9430008FEFFFFEF85
:1046E000CB017FF525AF002ABFF622AF2046BDE8FB
:1046F000F04100F023BE00BFD0F88C20B0F860106D
:10470000222A08B5036855D15B6A826D0B4013708D
:10471000836D01338365B0F85E30013B9BB2A0F836
:104720005E30B0F85E309BB2002B42D1026852E896
:10473000003F23F4907342E8003103680029F5D16B
:1047400003F1080252E8002F22F0010203F1080CE5
:104750004CE800210029F3D12022C0F88C20184A0F
:1047600041679342016705D1C26E012A0ED002F063
:1047700015F81EE05A681102F6D553E8002F22F012
:10478000806243E800210029F7D1EDE70022C266EC
:1047900053E8002F22F0100243E800210029F7D14E
:1047A000DA69B0F85C10D20644BF10221A62FFF733
:1047B00020FE08BD9A6942F008029A61F9E700BF3D
:1047C00000800040D0F88C20B0F86010222A08B594
:1047D000036852D15A6A1140826D22F8021B826529
:1047E000B0F85E20013A92B2A0F85E20B0F85E20E8
:1047F00092B2002A40D153E8002F22F4907243E88D
:1048000000210029F7D103F1080252E8002F22F01D
:10481000010203F1080C4CE800210029F3D1202209
:10482000C0F88C20174A41679342016705D1C26ED8
:10483000012A0ED001F0B2FF1EE05A681102F6D52F
:1048400053E8002F22F0806243E800210029F7D1CD
:10485000EDE70022C26653E8002F22F0100243E881
:1048600000210029F7D1DA69B0F85C10D20644BF04
:1048700010221A62FFF7BDFD08BD9A6942F00802D6
:104880009A61F9E70080004003682DE9F047DD698F
:10489000D3F800809E68D0F88C20B0F86070222A8F
:1048A000044640F0B580B0F86830002B00F08B80F3
:1048B0004FF0000906F001064FF0040AAB0640F184
:1048C00082802368A26D5B6A3B401370A36D013345
:1048D000A365B4F85E30013B9BB2A4F85E30236858
:1048E000DD6968072AD0E9070AD518F4807F07D068
:1048F00001221A62D4F8902042F00102C4F89020FC
:10490000AA0708D53EB102221A62D4F8902042F0DC
:104910000402C4F89020680708D53EB1C3F820A06F
:10492000D4F8903043F00203C4F89030D4F89030BB
:1049300023B1204601F03AFFC4F89090B4F85E30FD
:104940009BB2002BBAD1226852E8003F23F4807357
:1049500042E8003123680029F5D1304803F108020C
:1049600052E8002F024003F1080545E80021002924
:10497000F4D12022C4F88C20294A61679342216730
:104980000AD05A68110207D553E8002F22F080623E
:1049900043E800210029F7D1E26E012A34D1002238
:1049A000E26653E8002F22F0100243E800210029BC
:1049B000F7D1DA69B4F85C10D20644BF10221A624B
:1049C0002046FFF716FDB4F85E309BB2D3B1B4F8C1
:1049D00068209A4216D9226802F1080353E8003F82
:1049E00023F08053083242E8003122680029F2D1D6
:1049F0000C4B636752E8003F43F0200342E800316C
:104A00000029F7D1BDE8F087204601F0C7FEDAE7BC
:104A10009A6942F008029A61F4E700BFFEFFFFEFD7
:104A200000800040F946000803682DE9F047DD6981
:104A3000D3F800809E68D0F88C20B0F86070222AED
:104A4000044640F0B280B0F86830002B00F0888057
:104A50004FF0000906F001064FF0040AAB067FD5BF
:104A60002368A26D596A394022F8021BA265B4F886
:104A70005E20013A92B2A4F85E20DD6968072AD070
:104A8000E9070AD518F4807F07D001221A62D4F80A
:104A9000902042F00102C4F89020AA0708D53EB148
:104AA00002221A62D4F8902042F00402C4F8902046
:104AB000680708D53EB1C3F820A0D4F8903043F081
:104AC0000203C4F89030D4F8903023B1204601F0AE
:104AD0006DFEC4F89090B4F85E309BB2002BBDD14F
:104AE000226852E8003F23F4807342E800312368D3
:104AF0000029F5D12F4803F1080252E8002F0240A7
:104B000003F1080545E800210029F4D12022C4F86A
:104B10008C20294A6167934221670AD05A681102A2
:104B200007D553E8002F22F0806243E800210029D6
:104B3000F7D1E26E012A34D10022E26653E8002F59
:104B400022F0100243E800210029F7D1DA69B4F815
:104B50005C10D20644BF10221A622046FFF749FCBF
:104B6000B4F85E309BB2D3B1B4F868209A4216D93B
:104B7000226802F1080353E8003F23F08053083213
:104B800042E8003122680029F2D10C4B636752E8F9
:104B9000003F43F0200342E800310029F7D1BDE88F
:104BA000F087204601F0FAFDDAE79A6942F0080240
:104BB0009A61F4E7FEFFFFEF00800040C547000860
:104BC00010B590F88430012B1ED0012380F884307A
:104BD0002423C0F88830026852E8003F23F00C0319
:104BE00042E800340168002CF5D151E8002F42F072
:104BF000080241E80023002BF7D12022C0F88820CA
:104C000080F88430184610BD0220FCE710B590F8FB
:104C10008430012B1ED0012380F884302423C0F877
:104C20008830026852E8003F23F00C0342E8003469
:104C30000168002CF5D151E8002F42F0040241E850
:104C40000023002BF7D12022C0F8882080F8843080
:104C5000184610BD0220FCE7D0F88820D0F88C0060
:104C60001043704738B5044603682169A2681D687F
:104C7000C0690A4361690A437549024329400A43EE
:104C80001A605A68E16822F440520A435A60714A35
:104C9000A16993421CBF226A11439A6822F06E42B6
:104CA00022F430620A439A60DA6A616A22F00F02E3
:104CB0000A43DA62684A934217D14FF0B043674A19
:104CC000D3F8883003F0030343F4403393425BD0BE
:104CD000B3F1031F21D0013A934274D0B0F5004FD5
:104CE00040F0B080FEF79CFE31E05D4A934231D146
:104CF0004FF0B0435B49D3F8883003F00C0343F422
:104D000040228A4240D005D8E3B1574B9A425AD04C
:104D1000012062E0B2F10C1FFAD1B0F5004F37D09C
:104D20004FF400406368616A504A32F81120B0FBCA
:104D3000F2F000EB5300B0FBF3F04FF6EF73A0F18D
:104D4000100274E0B0F5004F77D1FEF759FE00284D
:104D500042D01DE03F4A9342DAD14FF0B043D3F83E
:104D6000883003F44063B3F5006F3DD006D883B3B9
:104D7000B3F5806FCCD1FEF737FA2CE0B3F5406F76
:104D8000C6D14FF4004030E0B0F5004F3848C9D1EB
:104D90006268616A354B33F81130B0FBF3F05308A9
:104DA00003EB4003B3FBF2F34FF6EF72A3F11001F4
:104DB0009142ADD823F00F02216892B2C3F34203AF
:104DC0001343CB6008E0B0F5004F3ED1FEF70CFA7C
:104DD000BDE7FEF715FE40B900204FF00113A366B2
:104DE0000023C4E91D3338BD214865681F4B626A42
:104DF00005EB450133F81220B0FBF2F3994287D856
:104E0000B3EB053F84D800231946FCF7CDF909021E
:104E100041EA10616B080002C0182A464FF00003F7
:104E200041F10001FCF7C0F9124BA0F540729A4223
:104E30003FF66EAF2368D860CEE7FEF7E1FD0028AD
:104E4000CAD06FE7FEF7ECFDF9E7FEF7CDF9F6E71C
:104E5000F369FFCF008000400038014002000300EA
:104E60000044004008000C0004000C00343A020822
:104E70000024F400FFFC0F00836A1A0710B506D562
:104E80000168846B4A6822F4004222434A60DC07CE
:104E900006D50168C46A4A6822F4003222434A6097
:104EA000990706D50168046B4A6822F480322243D0
:104EB0004A605A0706D50168446B4A6822F480228A
:104EC00022434A60DC0606D50168C46B8A6822F476
:104ED000805222438A60990606D50168046C8A686C
:104EE00022F4005222438A605A060FD50168446CAE
:104EF0004A6822F480122243B4F5801F4A6005D12B
:104F00004A68846C22F4C00222434A601B0606D51C
:104F10000268C16C536823F400230B43536010BD37
:104F20002DE9F843DDF8209004460D4617469846D3
:104F30002268D36935EA03030CBF01230023BB4277
:104F400001D0002022E0B9F1FF3FF2D0FCF74AFA8D
:104F5000A0EB0800484529D8B9F1000F26D02168F8
:104F60000B685A07E4D5802DE2D0402DE0D0CE6901
:104F700016F008060CD0082520460D62FFF704F94C
:104F80000023C4F8905084F884300120BDE8F883F1
:104F9000CB691B05CCD54FF400630B622046FFF7AD
:104FA000F3F82023C4F8903084F884600320EDE700
:104FB0002DE9F7439846D0F88830202B04460E465A
:104FC00017464ED119B9012003B0BDE8F083002A7D
:104FD000F9D021230025C0F89050C0F88830FCF7A4
:104FE00001FAA368A4F85470B3F5805F8146A4F871
:104FF000567003D123690BB935461E46B4F85620C6
:10500000CDF8008092B24B464AB940212046FFF7C6
:1050100087FF2023C4F888300028D5D008E000227C
:1050200080212046FFF77CFF20B12023C4F8883080
:105030000320C9E722688EB935F8023BC3F30803A1
:105040009362D4F8883003F02103212BBBD1B4F84C
:105050005620013A92B2A4F85620CFE716F8013B49
:10506000EEE70220B0E773B504460026C0F8906072
:10507000FCF7B8F923681B681A0705461CD56FF0C2
:105080007E430093324603464FF400112046FFF75B
:1050900047FF88B1226852E8003F23F0800342E8CE
:1050A00000310029F6D12023C4F8883003200023E2
:1050B00084F8843002B070BD23681B685B0724D578
:1050C0006FF07E43009300222B464FF48001204670
:1050D000FFF726FFC8B1226852E8003F23F490731F
:1050E00042E8003122680029F5D102F1080353E8B3
:1050F000003F23F0010302F1080040E800310029DD
:10510000F3D12023C4F88C30D0E720230020C4F84A
:105110008830C4F88C30E0662067C8E710B50446D4
:1051200050B3D0F888301BB980F88430FFF705F908
:1051300022682423C4F88830136823F00103136025
:10514000A36A13B12046FFF797FE2046FFF78AFDBA
:10515000012811D023685A6822F490425A609A6854
:1051600022F02A029A601A6842F0010220461A6070
:10517000BDE81040FFF777BF012010BD10B5044611
:1051800070B3D0F888301BB980F88430FFF7D5F8B9
:1051900022682423C4F88830136823F001031360C5
:1051A000A36A13B12046FFF767FE2046FFF75AFDBA
:1051B000012815D023685A6822F490425A609A68F0
:1051C00022F022029A609A6842F008029A601A68F5
:1051D00042F0010220461A60BDE81040FFF743BFCD
:1051E000012010BD30B581658168A0F85C200023E6
:1051F000B1F5805FA0F85E20436731D10369002BD1
:1052000040F2FF1318BFFF23A0F860300023C0F85E
:1052100090302223C0F88C30016801F1080353E874
:10522000003F43F00103083141E800340368002CDB
:10523000F2D1456E84680169B5F1005F35D1B0F8EF
:105240006850954231D8B4F5805F29D1C1B1264A62
:10525000426753E8002F42F4807243E8002121E0C6
:1052600029B90369002B14BF7F23FF23CCE7B1F1D9
:10527000805FC9D10369002B14BF3F237F23C3E79D
:105280001A4A426703F1080252E8002F42F08052A6
:1052900003F1080040E800210029F3D1002030BDCF
:1052A000114A42670029D4D1ECE7B4F5805F16D1EA
:1052B00051B10F4A426753E8002F42F4907243E81D
:1052C00000210029F7D1E9E70A4A426753E8002F95
:1052D00042F0200243E800210029F7D1DEE7044A2A
:1052E00042670029F2D0E6E789480008294A000809
:1052F000F9460008C5470008D0F88C30202B30B4A0
:1053000015D1B9B1B2B100230468C3660A4B9C42FF
:105310000AD063681B0207D554E8003F43F080635E
:1053200044E80035002DF7D130BCFFF75BBF022009
:1053300030BC70470120FBE7008000407047704799
:1053400090F88430012B0FD0012380F8843001685D
:1053500051E8002F42F0020241E80023002BF6D171
:1053600080F88430184670470220704790F88430E7
:10537000012B0FD0012380F88430016851E8002F01
:1053800022F0020241E80023002BF6D180F884309D
:105390001846704702207047836810B504462BB149
:1053A0000322014698470023C4E9023310BD8368F5
:1053B00010B5044613B1032201469847204610BD9C
:1053C00010B5044650F8103FDA6822F00102DA60A6
:1053D000DA6822F00202DA60DA6822F00402DA60A7
:1053E000DA6822F00802DA60DA6822F01002DA6085
:1053F000FEF724FC2269136823F0010313600123E4
:1054000084F84E3084F84F3084F8503084F85130AE
:1054100084F8523084F8533084F8543084F855308E
:1054200084F8563084F8573010BD4B1E032B00D93A
:10543000FEE78900081F70470139435C13F0100034
:1054400004D0022916D80C4A32F81100DB0712D515
:1054500003290FD8DFE801F00205080B40F0010036
:10546000704740F01000704740F48070704740F47F
:1054700080507047FEE77047543A0208013903290B
:1054800000D9FEE7014B585C704700BF503A020854
:105490000139032900D9FEE7014B585C704700BF72
:1054A0004C3A02082DE9F04104460E46FFF7BDFFD5
:1054B00004EB061808F16408054631462046FFF75C
:1054C000DDFFD8F808302BB12369C2431A61DA68CE
:1054D0000243DA60771E04EB47039B880B2B49D805
:1054E000DFE803F051181818060618184A4A4A2A25
:1054F000E35DDE0604D5294604F11000FEF73EFE0A
:10550000E35DD80736D5294604F11000BDE8F04127
:10551000FEF756BDE35DD90604D5294604F1100017
:10552000FEF7E4FDE35DDA0724D5294604F1100017
:10553000BDE8F041FEF7DABC294604F11000FEF7A1
:1055400041FD31462046FFF7A3FF25690146064687
:105550002046FFF771FF2B6A1843D8F808302862FD
:1055600043B131462046FFF789FFC3432B61EB6807
:105570001843E860BDE8F081294604F11000BDE859
:10558000F041FEF71FBD23691B68DB07F2D404F16D
:105590001000BDE8F041FEF72FBB70B501250446B1
:1055A000861C294636F8023F23B129462046FFF7DC
:1055B00079FF00210135052DF4D1E36E3BB123695C
:1055C0006FF001021A61DA6842F00102DA6049B153
:1055D00023691B68DB0705D404F11000BDE87040A7
:1055E000FEF70ABB70BD01211030FEF755BB036901
:1055F000186800F00100704710B502460C46FFF72E
:10560000F6FF80B9CB68DB070ED5CB6823F001032A
:10561000CB601046FFF7E7FF6FF001032361E368FB
:1056200043F00103E36010BDBDE810401046FFF7F2
:10563000DABF00000B4B98420BD0B0F1804F0AD07C
:1056400003F5C053984208D003F58063984206D012
:10565000FEE70020704701207047022070470320BA
:10566000704700BF002C0140024670B5044652F856
:10567000100FFFF7DFFF0546104600F021FF094A33
:10568000002342F8253004F16406E36004F1B40518
:10569000B54204D0103D2846FFF789FEF8E72046C2
:1056A00070BD00BFE803002070B504460846FFF750
:1056B000C1FF256905B1FEE7204B216104F10C0211
:1056C00043F8202004F110060E23C4E917353046B4
:1056D000C4E90C55C4E90E55C4E9105584F82C50A2
:1056E000A56484F84C5084F84D50E46000F0BCFE92
:1056F00004F16400FFF750FE04F17400FFF74CFE64
:1057000004F18400FFF748FE04F19400FFF744FE23
:1057100004F1A400FFF740FEC4E900554FF6FF7303
:10572000C4E906538023C4E90855A5606561A362F6
:105730003046BDE87040FEF79BBB00BFE803002089
:1057400010B588B018220446002102A81BF0C1FE43
:10575000002301A902A80193FEF772F9206900F065
:1057600055FF012802D002280FD0FEE7059CFEF766
:1057700047F9B4F5C06F05D00BD824F48074B4F5A4
:10578000806F00D1400008B010BD069CFEF748F9BC
:10579000EFE7B4F5E06FF4E7012A38B505460C46AB
:1057A0000BD0022A16D004B1013C29692846CC62EC
:1057B000EC61BDE83840FFF71FBFFFF7C1FF084BA2
:1057C000B0FBF3F044432A69230C93620133B4FB2A
:1057D000F3F4E8E7FFF7B4FFB0FBF4F4F3E700BF3E
:1057E00040420F0010B500F110042046FEF73BFACE
:1057F0002046BDE81040FEF7CAB90000034B186808
:1058000010B10430FEF75CBA704700BFE803002017
:10581000FFF7F4BF034B586810B10430FEF750BADD
:10582000704700BFE8030020034B986810B10430B4
:10583000FEF746BA704700BFE8030020034BD86864
:1058400010B10430FEF73CBA704700BFE8030020F7
:105850000022C0E90022C0E902227047F8B50446E0
:105860000E4600F1640500F1B40728461035FFF735
:10587000EFFFBD42F9D10023204623613146FFF7F7
:1058800013FF2046F8BD38B50023C0E90033C0E956
:1058900002338B6804460D462BB102229847EB6811
:1058A000E360AB68A360204638BD30B587B002AD79
:1058B00004462846FFF7E7FF95E803006B4683E8B8
:1058C000030094E8030085E8030093E80300049BC9
:1058D000A268A360059B049284E80300E268E36089
:1058E00028460592FFF763FD07B030BD38B5044682
:1058F0000D46E36E64301BB1BDE83840FFF7D5BFFD
:10590000FFF7D3FFAB683BB123696FF001021A6167
:10591000DA6842F00102DA6038BD826810B50AB96F
:1059200018F05CFBBDE81040C368184708B500B923
:10593000FEE700F097FD0068C36E13B16430FFF717
:10594000ECFF08BDFFF7F2BF10B500B9FEE7037F1B
:10595000013B072B10D8DFE803F004140F100F0FE2
:105960000F12012400F07EFD2401006864342044FD
:1059700083680BB1FFF7D1FF10BD0324F2E70424C5
:10598000F0E70224EEE7FFF7DFBFFFF7DDBF1AF015
:1059900053BB1AF051BB1AF057BB4FF0B04382B063
:1059A000DA6C0243DA64DB6C03400193019B02B0C2
:1059B0007047000008B5032818D8DFE800F0020897
:1059C0000D120120FFF7E9FF4FF0904008BD0220C3
:1059D000FFF7E3FF0648F9E70420FFF7DEFF05487D
:1059E000F4E78020FFF7D9FF0348EFE70020EDE759
:1059F0000004004800080048001C004808B506499B
:105A000000F0F8FCC0F3C430112800D9FEE7034BC6
:105A100053F8200008BD00BF30390208683A020878
:105A2000A0F580500138022800D9FEE7014B53F859
:105A3000200070475C3A020808B5054900F0DAFC1E
:105A4000C0F3C430012800D0FEE7002008BD00BF2D
:105A5000183902080268094B9A420DD14FF0B04341
:105A60009A6B42F000529A639A6B22F000529A634A
:105A70009A6D22F000529A65704700BF0074004092
:105A800010B50A4986B0044600F092FC019050B16E
:105A90002046FFF7D1FF014628B901A8FCF703FA19
:105AA00001A8FCF7F2F906B010BD00BF18390208D2
:105AB0004FF0B04382B01A6E42F400721A661A6E4A
:105AC00002F400720192019AD3F8882042F0405209
:105AD000C3F88820044B1868C30403D4034902B0F8
:105AE00000F04EBC02B070471800002030390208A8
:105AF0004FF0B0431A6C42F400721A641A6C22F42C
:105B000000721A641A6C42F400721A641A6C22F45D
:105B100000721A641A6E22F400721A66704700004E
:105B2000F0B59FB0054664220E4605A800211BF083
:105B3000D0FC0023EA04CDE902330493ADF802302F
:105B4000019340F1AC8041F203039D4200F2A78033
:105B50005D4B05932846FFF763FF07270446082E91
:105B600000F0AE800A2E00F0AD80062E0CBF182388
:105B700000234FF00042CDE906230023CDE908328F
:105B80000422CDE90E330A92ADF82C3001228DF8B3
:105B90002E308DF834308DF840308DF85030189319
:105BA0001B9319938DF86830484B0C9205A84FF45D
:105BB0008052CDE9112713971D60FBF71DFC0028CB
:105BC00079D1012C029435D0414B9C4232D0414BCB
:105BD0009C422FD0404B9C422CD0404B9C4229D021
:105BE0003F4B9C4226D03F4B9C4223D03E4B9C4295
:105BF00020D03E4B9C421DD03D4B9C421AD03D4B89
:105C00009C4217D003F104239C4213D03A4A24F05B
:105C1000004393420ED0394A93420BD0384A934204
:105C200008D0384A944205D0374A944202D0374AC5
:105C3000934240D1012302A905A8CDE90337FBF720
:105C400039FD002837D105A8FBF76EFF002832D1B7
:105C500005A8FBF791FE70BB0A2105A8FBF7CCFC59
:105C600048BB05A8FBF7FEFD830505D505A8FBF796
:105C70001DFD80B2ADF8020005A8FBF737FFD0B9D3
:105C800005A8FBF7DDFEB0B9214AD2F8083723F0AA
:105C9000E073C2F80837BDF8020080B20CE01D497D
:105CA000284600F085FB01A905902846FFF7A6FECF
:105CB000059B044613B900201FB0F0BD03274EE733
:105CC000102356E7082354E7002401401800002061
:105CD00002000004040000080800000C100000107E
:105CE00020000014400000188000001C000100206B
:105CF00000020024000400280010003000200034BE
:105D0000004000380080003C0000014000000244D8
:105D10000020014030390208F8B51449144E0746F6
:105D200000F046FBFFF786FC56F82030044673B9B6
:105D3000B420FFF72CFE0D490546384600F038FB2D
:105D400001462846FFF78AFD56F824301D6056F8B4
:105D500024301C6844B12046FFF786FC2046B4215D
:105D6000BDE8F840FFF717BEF8BD00BF34380208A1
:105D7000E803002037B5FBF735FB4FF0E02504467C
:105D8000AB690093FBF72EFBAB6901936969844211
:105D900001F101014FF47A7308D0019A8A1A5A432B
:105DA000B2FBF1F203FB002003B030BD009A8A1A67
:105DB0005A43B2FBF1F203FB0420F5E7FBF712BBF9
:105DC000704708B5FBF702FBFBF7F7FFFFF7F8FF9B
:105DD00008BD10B594B048220021044602A81BF06B
:105DE00078FBFDF753F94FF0B0439A6D42F48062AF
:105DF0009A659A6D02F480620192019A032C11D87F
:105E0000DFE804F00219283DD3F8942042F00102A3
:105E1000C3F89420D3F894309C0703D4082302934A
:105E200001230893029B002B36D002A8FDF75AFAF3
:105E3000002831D0FEE71A6842F480721A601B68AD
:105E40005905EFD4022302934FF480724023CDE929
:105E50000623E7E7D3F8902042F08102C3F89020B0
:105E6000D3F890209407DDD4D3F8902022F01802C4
:105E7000C3F890200423029381230593D2E71A6884
:105E800042F480321A601B6899035EBF01224FF40E
:105E90008033CDE90223C5E714B010BD70474FF041
:105EA000B04382B01A6D42F400221A651A6D02F4F2
:105EB00000220192019A9A6C42F480529A649B6C7F
:105EC00003F480530093009B02B070470C4BD3F84F
:105ED000FC20D2015EBFD3F8FC2042F08072C3F8F0
:105EE000FC20084B00225A601A6842F001021A6036
:105EF00000BF00BF00BF5868B0FA80F0400970478B
:105F000000ED00E0001000E008B5FFF7C8FFFFF764
:105F1000DDFFFBF745FAFFF7C1FFFBF7E1F9BDE84D
:105F200008400148FBF74EBF1C000020012A02D1A7
:105F3000016000207047022A05D0032AF9D0002A08
:105F4000F7D10260F5E70B680360F2E703681847D2
:105F50000023C0E90033C0E90233704770B5002464
:105F6000012904F101032CD1184DE4B2142161433D
:105F70006E18F3683BB10431294403220846984760
:105F80000023C6E90333142363430022E8560F4B72
:105F900093F90010814201D1D968A9B90132102AC0
:105FA00003F11403F4D10A4A0A49D2F8803051F8B7
:105FB000241023EA0103BDE87040C2F88030FBF7EB
:105FC000B5BE49081C46CBE770BD00BFF8030020F2
:105FD00000080058B03A02080023012803F101022A
:105FE0000AD11422DBB25343054A181D10448168BC
:105FF00029B11A441369184740081346EDE7704762
:10600000F80300200120FCF79FB90220FCF79CB99F
:106010000420FCF799B90820FCF796B91020FCF78A
:1060200093B938B505242025A8B2FCF78DF9013CB9
:106030004FEA4505F8D138BD38B506244FF48065E0
:10604000A8B2FCF781F9013C4FEA4505F8D138BD0B
:106050002DE9F04100F00F08012606FA08F68CB091
:106060000D461746B3B20024012B04F1010253D1AF
:10607000C0F30310FFF79EFCD0B1294B53F8283032
:1060800093FAA3F1B1FA81F14900CDE9076793FAD8
:10609000A3F3C66803228A40B3FA83F332405B005D
:1060A00022FA03F3099307A902230A93FCF798F84D
:1060B00003AEDFF87080142329463046E4B25C4317
:1060C000FFF7E1FB96E8030008EB040301AA0433A1
:1060D00082E8030093E8030086E8030092E80300E7
:1060E000271D83E803004744059BBA68BB60069BF5
:1060F00005923046FA68FB600692FFF758F918F9E6
:106100000440002206212046FBF7D0FD2046FBF785
:10611000FFFD0CB0BDE8F0815B081446A4E700BFAA
:10612000F03A0208F8030020344A104608B5062366
:1061300000F8043BFFF70CFF072302F1180013756A
:10614000FFF706FF082302F12C0082F82830FFF742
:10615000FFFE092302F1400082F83C30FFF7F8FE11
:106160000A2302F1540082F850301621FFF7F0FEA6
:1061700002F1680082F86410FFF7EAFE02F17C0089
:1061800082F87810FFF7E4FE02F1900082F88C109C
:10619000FFF7DEFE02F1A40082F8A010FFF7D8FEA0
:1061A00002F1B80082F8B4102921FFF7D1FE02F104
:1061B000CC0082F8C810FFF7CBFE02F1E00082F8B5
:1061C000DC10FFF7C5FE02F1F40082F8F010FFF7D3
:1061D000BFFE02F5847082F80411FFF7B9FE02F5E4
:1061E0008E7082F81811FFF7B3FEBDE8084002F583
:1061F000987082F82C11FFF7ABBE00BFF8030020A7
:1062000038B5054CA4F5A075143C201DFFF7CFF858
:10621000AC42F9D138BD00BF3805002030B591FA45
:10622000A1F391FAA1F1B3FA83F3C4685B000325EB
:10623000B1FA81F105FA03F3490024EA03038A4025
:106240001A43C26030BD431C04D00C3151F80C3CE1
:106250005A1C01D100207047834201F10C01F5D195
:1062600001207047F8B5471C06460D4600D1FEE7F1
:1062700000F00F02414BC0F3031053F82240FFF728
:1062800099FB94FAA4F3B3FA83F3876803225B00C3
:1062900002FA03F394FAA4F2B2FA82F227EA0307AD
:1062A0005200032393403B4305F007018360032919
:1062B00003D8DFE801F05F032C61FEE7012394FAC5
:1062C000A4F2B2FA82F206685200032707FA02F239
:1062D00026EA020694FAA4F2B2FA82F2520093403D
:1062E000013933430129036005D843682A074CBFAD
:1062F0002343A3434360C5F30112012A02D0022ABB
:1063000018BF00222146BDE8F840FFF787BFC5F35C
:1063100006227F2A01D10223D1E7360716D5230AA8
:1063200093FAA3F6B6FA86F6476A93FAA3F3B60091
:106330004FF00F0CB3FA83F30CFA06F69B0027EA32
:10634000060602FA03F333434362E4E794FAA4F344
:10635000B3FA83F3066A9B000F2707FA03F326EAD2
:10636000030694FAA4F3B3FA83F39B009A403243F2
:106370000262D0E70023A2E70323A0E7F03A020875
:10638000431C06D17047834202D18968FFF76ABF78
:106390000C310B685A1CF6D1FEE70B685A1C01D170
:1063A00000207047834201D1486870470C31F4E700
:1063B000431C01D0FFF7F1BF002070474B6813B9B1
:1063C0004FF0FF307047834201D1086870470C31AD
:1063D000F4E708B1FFF7F2BF4FF0FF307047034614
:1063E0000868421C00D17047984201D18868704704
:1063F0000C31F5E7431C01D0FFF7F1BF70470346AE
:106400008B42084604D01BB100290CBF184600205F
:10641000704700004FF0B0431A6842F061021A6002
:106420004FF4E0229A6061221A60064ADA60002284
:106430009A6140F23F321A62034B4FF000629A6059
:10644000704700BF0001042200ED00E04FF0B043B0
:1064500082B01A6E02431A661B6E03400193019BC1
:1064600002B07047043870470368124A934282B002
:1064700004D14FF4006002B0FFF7E8BFB3F1804FE2
:106480000CD14FF0B0439A6D42F001029A659B6DBA
:1064900003F001030193019B02B07047064A934247
:1064A00002D14FF40030E6E7044A9342F4D14FF4AE
:1064B0008020E0E7002C01400044014000480140FA
:1064C0000368134A934206D14FF0B042136E23F48F
:1064D000006313667047B3F1804F06D14FF0B042AE
:1064E000936D23F00103936570470A4A934205D1E7
:1064F0004FF0B042136E23F40033EAE7064A9342AA
:10650000E8D14FF0B042136E23F48023E1E700BFDF
:10651000002C01400044014000480140431C10D0C1
:106520000C4B984210D007D8B0F1804F0ED0A3F595
:10653000C05398420CD0FEE7074B9842FBD11D2078
:1065400070476FF00D0070471C2070471B2070478C
:10655000182070470044014000480140431C10D0FF
:106560000C4B984210D007D8B0F1804F0ED0A3F555
:10657000C05398420CD0FEE7074B9842FBD11D2038
:1065800070476FF00D0070471C2070471B2070474C
:106590001A207047004401400048014038B50446C5
:1065A000FFF762FF2068FFF7B9FFD4E91312FBF78A
:1065B0007DFB2068FFF7B2FFFBF7AAFB22681046BD
:1065C000FFF7CCFF05461046FFF7A8FF85420BD02A
:1065D0002846D4E91312FBF769FB2068FFF7BEFFDA
:1065E000BDE83840FBF794BB38BD10B5FFF768FF36
:1065F00004460068FFF792FFFBF798FB2068FFF75F
:10660000ADFFBDE81040FBF791BB0000431C10D06C
:106610000A4B98420BD003D8B0F1804F0BD0FEE765
:10662000074B984203D003F580639842F7D10220CC
:106630007047002070470120704700BF002C0140C8
:10664000004401404FF0B042D2F8883023F4406358
:106650000343C2F88830704708B5074B90F8B12063
:1066600053F82200FEF7F8FA00F02200A0F122030E
:106670005842584108BD00BF3805002008B5074BF7
:1066800090F8B12053F82200FEF7E6FA00F021005E
:10669000A0F121035842584108BD00BF3805002031
:1066A00070B50E46054610B94FF0FF3070BDFFF7CC
:1066B000D3FF04460028F7D12946012211F8B23F42
:1066C000337095F8B100034B53F82000FEF714FE29
:1066D0002046EBE73805002038B50D460446C0B12A
:1066E000FFF7BAFFA8B994F9B000C4F89850FBF7C7
:1066F0001DFB94F8B100074B04F1B20153F82000E0
:106700000122FEF7F9FD94F9B000BDE83840FBF72F
:10671000FFBA38BD3805002038B515460446C8B163
:10672000C0F89C1090F9B000FBF700FBD4F8B8302B
:10673000B4F8C21094F8B10013FA81F1064BAAB272
:1067400053F82000FDF7FAFD94F9B000BDE8384099
:10675000FBF7DEBA38BD00BF3805002050B1D0F8D5
:10676000A430013306D190F8B120034B53F8220036
:10677000FEF726BA704700BF3805002050B1D0F8A8
:10678000A430013306D190F8B120034B53F8220016
:10679000FEF73CBA704700BF38050020D0F89430AF
:1067A00004381847D0F898300438184710B5044614
:1067B00050F80439DA69D1070CD501221A62FFF7C3
:1067C0004BFFB0B904F1AE0120460122BDE81040F4
:1067D000FEF792BDDA69920701D50222EEE7DA6987
:1067E000510701D50422E9E7DA691207E7D5082243
:1067F000E4E710BD08B52420FBF7D0FA024B186877
:10680000BDE80840FDF7F6BD3805002008B5252095
:10681000FBF7C4FA034B586818B1BDE80840FDF710
:10682000E9BD08BD3805002008B52620FBF7B6FAFB
:10683000024B9868BDE80840FDF7DCBD3805002034
:10684000012200F1AE01FEF757BD000003681C4AAB
:10685000934211D14FF0B043D3F88800194B00F0A8
:10686000030040F44030984228D0B0F1031F14BF19
:1068700000200120C0037047134A93420DD14FF00E
:10688000B043D3F88800114B00F00C0040F44020D6
:10689000984213D0B0F10C1FE9E70D4A93420BD197
:1068A0004FF0B043D3F8880000F44060B0F5006FBB
:1068B00004D0B0F5406FDAE7002070470548704714
:1068C00000380140020003000044004008000C00B2
:1068D000008000400024F40001462DE9F047FFF756
:1068E000B5FF0A68234B4D68234F9A42064626D1CE
:1068F000DFF88880DFF888A04FEA5509002438F8CF
:10690000023B37F81320002319463046FAF74CFCB7
:10691000090241EA1061000210EB090041F1000197
:106920002A460023FAF740FCA0F54070504503D9F1
:1069300001340C2CE3D100242046BDE8F0870F4A37
:10694000C869002469084FF6EF7C32F8023BB0F5C5
:10695000004F37F81330B6FBF3F30CBF01EB4303E2
:106960005B18B3FBF5F3103B6345E5D901340C2C00
:10697000EBD1E0E700800040343A0208D03B020847
:10698000FFFC0F002DE9F04F8BB0CDE901239DF8FE
:10699000543003939DF8583004939DF85C30059370
:1069A0008B46044618B900200BB0BDE8F08FB24901
:1069B000D0F8A000FFF7FCFCB0498246D4F8A40050
:1069C000FFF7F6FCAE490646D4F8A800FFF7F0FC46
:1069D000AC490746D4F8AC00FFF7EAFCA74980466B
:1069E000D4F8A000FFF7E4FCA3498146D4F8A40042
:1069F000FFF7DEFC0546BAF1000F02D1B9F1000F36
:106A0000D1D0D4F8A430013302D00EB9002DCAD0B1
:106A1000D4F8A830013301D0002FC4D0D4F8AC3062
:106A2000013302D0B8F1000FBDD031465046FFF718
:106A3000E6FC206020B929464846FFF7E0FC2060CC
:106A400039462068FFF7DBFC41462060FFF7D7FCA2
:106A500020600028A7D08C4B984240F0C1804FF0B6
:106A6000B0431A6C42F480421A641A6C22F48042D9
:106A70001A641A6E42F480421A661B6E03F4804355
:106A80000793079B0022242384F8B12084F8B030B8
:106A9000BAF1000F00F0DD807749D4F8A000FFF7CD
:106AA0006FFC002E40F0CF804FF00009002F00F067
:106AB000F3807349D4F8A800FFF762FC4FF4807AA2
:106AC000B8F1000F06D06F49D4F8AC004AF4007A50
:106AD000FFF756FC94F8B1206C4B271D43F8227049
:106AE0002368C4E9013B019BE360149B2361029B83
:106AF00063610C23C4E9063A002323623846FFF79A
:106B0000EBFE08230C28E362039BC4F83C9028BFEB
:106B10000020A06223B10A23E3624FF48033636351
:106B2000049B33B1E36A43F00103E3624FF40033A3
:106B30002363059B33B1E36A43F00403E3624FF43C
:106B40008023A363002294F9B00062620121FBF765
:106B5000ADF8D4F800804E4B984539D1BBF5165F9F
:106B6000384600F29B80FEF7EBFB3846002E00F023
:106B7000AA80FEF7D3FA002800F0B3800220FFF7C6
:106B800028F94FF0B043D3F890309B0700F1AB8069
:106B90004FF0B04322681B68590500F1DD80226880
:106BA0003B4B9A4202D10020FFF74CFD16B9002D55
:106BB00000F0BE803846FEF7B1FA002800F0918060
:106BC0002268334B9A4203D14FF48060FFF73AFDBD
:106BD00016B9002D00F0B5803846FEF79FFAB3E0F5
:106BE0002C4B984215D14FF0B0439A6B42F40032CF
:106BF0009A639A6B22F400329A639A6D42F40032DF
:106C00009A659B6D03F400330893089B01222523AA
:106C10003AE71F4B98427FF4C6AE4FF0B043DA6BB1
:106C200042F00102DA63DA6B22F00102DA63DA6D14
:106C300042F00102DA65DB6D03F001030993099B61
:106C40000222262320E70D49D4F8A400FFF798FB81
:106C50002AE7B9F1000F3FF427AF0849D4F8A000A4
:106C6000FFF78EFB15B94FF400491FE70249D4F82E
:106C7000A400FFF785FBF6E7F8370208BC370208E7
:106C80007437020838370208003801403805002000
:106C90000080004000440040BA4611E7FEF766FB62
:106CA000BEB13846FEF73AFAD8B14FF0B0431A6891
:106CB000236850057FF573AF434553D14FF400600F
:106CC000FFF7C0FC4BE0002D7FF453AFFEF756FA00
:106CD00051E7002D3CD13846FEF750FA00287FF4EA
:106CE00057AF012060E62268244B9A4203D14FF44B
:106CF0004060FFF7A7FC5EBB55BB3846FEF73EFA87
:106D00000028EED04FF0B04322681B685B057FF58A
:106D100046AF1A4B9A42D1D03846FEF72FFA0028D8
:106D2000DFD02268154B9A4202D10020FFF78AFC7F
:106D30003846FEF723FA0028D3D022680F4B9A4238
:106D400017D03846FEF71AFAB0FA80F040092BE661
:106D50003846FEF7E3F9C1E7084B9A42AED00EB9C8
:106D6000002DD9D03846FEF7D9F900287FF417AFA7
:106D7000B7E74FF48060FFF765FCE2E70080004072
:106D80001FB50B4B0B499C682046FFF711FB0023F6
:106D900058B109481A46C0F8A0404FF41651CDE941
:106DA0000233CDE90033FFF7EDFD04B010BD00BFA5
:106DB000CC390208F8370208440000202DE9F047DA
:106DC0002A4D06460C46FAF70DFB95F8B130022B1A
:106DD000074613D895F8B120254B53F82250A5F15A
:106DE00004084046FFF74AFCC0BB4FF47A73A2B2D6
:106DF00031462846FEF7DCF840B908E01D4B1E4935
:106E0000D3F808804046FFF7D3FA08BB0024204699
:106E1000BDE8F0875AF8233043B995F8B130013313
:106E2000DBB2022B85F8B130F4D90CE0494640467C
:106E3000FFF7BEFA95F8B1205AF822301B6883425A
:106E4000EBD1022AC6D9FFF79BFF0028C2D1DDE7AC
:106E5000DFF81CA0DFF820900023E2E7FAF7C2FA7F
:106E6000C01BB0F57A7FBCD3D0E700BF4400002040
:106E700038050020CC390208F83702080A490346D1
:106E8000086810B50344EFF30882934205D9074B15
:106E90000C221A604FF0FF3010BD054A054C121B42
:106EA0009342F4D20B60F7E70C010020603700201A
:106EB00000000120000400004FF0FF3070474FF445
:106EC00000534B600020704701207047002070473E
:106ED00000207047FEE70000024B16221A604FF0B8
:106EE000FF3070476037002001207047004870472E
:106EF00080EE3600704770477047704770477047A4
:106F000070477047D0F8F000704790F86B017047F9
:106F100090F86C314FF47A605843704790F86301F1
:106F20007047000000487047E83B0208004870477F
:106F3000E83B020800487047F83B020800487047E9
:106F4000F83B020800487047043C020800487047BC
:106F5000043C020880F8E810704780F82010704761
:106F60006830704760387047704702460023F0B5BC
:106F7000D0F89C5E02F507761846A027AB4200DBEE
:106F8000F0BD07FB03F491F800C0345DA44502BFD7
:106F900000F6F404013042F824300133EEE700003B
:106FA000084A0023C2E90433D360426EA0F8583087
:106FB000C0E90E33C0E90C33C2F80C35C2F808350D
:106FC000704700BF782F0020A0F1C800FFF7E8BF8E
:106FD00002F6F40250F82230002B10DBD0F89C2E81
:106FE00093420CDAA02202FB030000F27E2300F29F
:106FF0009E2053F8042B41F8042B8342F9D17047AB
:107000002DE9F041054605F5005488464FF4FA6134
:1070100017461E4602F0FEFF9DF81830079984F8C7
:10702000CD334EF660235943C4F8BC03C4F8C4837F
:10703000C4F8C87384F8CC6301F5FA61284602F0FD
:10704000E9FFC4F8C003BDE8F081A0F1C800FFF774
:10705000D7BF000010B590F83E11044621B1044B93
:10706000594302F0D7FF0146C4F8E01010BD00BF3D
:10707000C0D40100A0F1C800FFF7ECBF10B590F834
:107080003F11044621B1044B594302F0C3FF0146AE
:10709000C4F8E41010BD00BF80EE3600A0F1C800B7
:1070A000FFF7ECBF7FB50A4A0346084651690491D1
:1070B000D96B0391996B0291596B01911B6B0093F2
:1070C000D2E9032303491AF019F907B05DF804FB6C
:1070D000782F00200D3C0208A0F1C800FFF7E2BFA6
:1070E00010B5C06D104C036886B01B689847014608
:1070F00004A80EF073F99DF810309DF813200B4989
:1071000003F5FA6303939DF8113002939DF8123052
:1071100001939DF81530009320469DF814301AF025
:10712000EDF8204606B010BD440500206E3C020874
:1071300070B5D0F840510C46284600211646F9F7A4
:10714000B9FFD8B921460E48F9F702FD0146284695
:1071500017F08CFAF9F758F90A4B0022F8F7F4FF08
:10716000044630460D46F9F72DF902460B462046F7
:107170002946F9F7A1F9F9F74FFC70BD0020FCE7AB
:107180009A99593F0000F03F02F6F40238B550F8E2
:107190002240002C054616DBD0F89C2E944212DAD1
:1071A000A022544304F23E209DF814200499284460
:1071B00004F0B3F82C4484F83D02E86D03681B68C2
:1071C0009847C4F8A402002038BD38B500F58055B2
:1071D0000446B5F86431A5F81436002100F5D65000
:1071E000A5F81A161C22043004F5D4541AF071F9CB
:1071F0001C340123C5F8C04A85F8143B38BDA0F102
:10720000C800FFF7E2BF2DE9F04307468DB088467E
:10721000914641F61C357C1941464A4620461AF0F3
:107220002EF90146A0B92C2201A81AF052F901A8A2
:1072300003F09FF901AE23460BAA344603CC9442D7
:1072400018605960264603F10803F6D122781A70B7
:107250002C3542F2B4339D42DDD10DB0BDE8F08350
:10726000A0F1C800FFF7CFBF014807F0E0BB00BFA7
:10727000782F0020A0F1C800FFF7F6BF01480EF0FC
:10728000E6B900BF98310020A0F1C800FFF7F6BFB3
:10729000D0F8CC10002200F58B5006F06FBFA0F1A3
:1072A000C800FFF7F5BF000007B5D0F8CC30009359
:1072B0000A46044B04490193684606F027FC03B0D4
:1072C0005DF804FB535402088A3C0208A0F1C80090
:1072D000FFF7EABF0249D0F8CC000EF0F2B900BFC8
:1072E000903C0208A0F1C800F4E700BFD0F8CC1031
:1072F00000F56A6006F08EBAA0F1C800F6E710B497
:10730000044600F5D750043031B10246012304F59C
:107310008B5010BC06F000BD10BC10221AF0D9B87A
:10732000A0F1C800FFF7EBBF0B7813F0030310B513
:1073300000F5805408D1012200F58B5006F012FDB3
:10734000C4F8E00A002010BD012B07D194F8F035F5
:10735000DB0703D400F5AF500C30F1E70020EFE776
:10736000036810B55C6A50F8042C516A8C4201D84D
:10737000036010BD40F80429F5E7F0B54C1E04EB9E
:10738000D474641091424FEA81050CDD50F824104A
:107390005E6A4F6AB74206D94151611E01EBD17551
:1073A00021466C10EEE74351F0BDF0B5541E04EBDE
:1073B000D4740E4665106FF0404CA94215DBD4071B
:1073C0000ED4023A02EBD272B1EB620F08D14C1C20
:1073D000620000EBC40454F8044C40F82140511EF4
:1073E0003246BDE8F040FFF7C8BF4C1C640004EB18
:1073F0000C0E50F82E7050F824E07F6ADEF824E07E
:10740000BE4588BF04F1FF3450F8247040F8217065
:107410002146D2E7F0B5541E04EBD4740E46651035
:107420006FF0404CA94215DBD4070ED4023A02EBB0
:10743000D272B1EB620F08D14C1C620000EBC404A5
:1074400054F8044C40F82140511E3246BDE8F0404B
:10745000FFF793BF4C1C640004EB0C0E50F82E7029
:1074600050F824E07F6ADEF824E0BE4588BF04F1CE
:10747000FF3450F8247040F821702146D2E70368A9
:1074800010B55C6A50F8042C516A8C4201D8036034
:1074900010BD40F80429F5E7F0B5541E04EBD47490
:1074A00066106FF0404C0C46B44225DBD5070ED475
:1074B000023A02EBD272B4EB620F08D1621C5500A3
:1074C00000EBC20252F8042C40F824206C1E621E0D
:1074D00002EBD2725210A1424FEA840521DA50F831
:1074E00022405E6A676AB7421BD24451541E04EBC5
:1074F000D47514466A10EEE7651C6D0005EB0C0EA2
:1075000050F82E7050F825E07F6ADEF824E0BE4582
:1075100038BF05F1FF3550F8257040F824702C462F
:10752000C2E74351F0BD036810B55C6A50F8042C03
:10753000516A8C4201D3036010BD40F80429F5E77D
:10754000F0B5541E04EBD47466106FF0404C0C463A
:10755000B44227DBD5070ED4023A02EBD272B4EB69
:10756000620F08D1621C550000EBC20252F8042CD5
:1075700040F824206C1E621E02EBD2725210A1420F
:107580004FEA840524DA50F8224093F9286094F9F0
:107590002870B7421CDD4451541E04EBD4751446C8
:1075A0006A10ECE7651C6D0005EB0C0E50F82E70B0
:1075B00050F825E097F928709EF928E0BE45C8BF2D
:1075C00005F1FF3550F8257040F824702C46BFE7D0
:1075D0004351F0BD10B5036850F8042C93F92840CE
:1075E00092F928108C4201DC036010BD40F8042998
:1075F000F2E7F0B5541E04EBD47466106FF0404C03
:107600000C46B44227DBD5070ED4023A02EBD27205
:10761000B4EB620F08D1621C550000EBC20252F8B5
:10762000042C40F824206C1E621E02EBD272521011
:10763000A1424FEA840524DA50F8224093F92860E9
:1076400094F92870B7421CDA4451541E04EBD475E7
:1076500014466A10ECE7651C6D0005EB0C0E50F843
:107660002E7050F825E097F928709EF928E0BE4565
:10767000B8BF05F1FF3550F8257040F824702C464E
:10768000BFE74351F0BD10B5036850F8042C93F9DF
:10769000284092F928108C4201DB036010BD40F8AD
:1076A0000429F2E78842134604D00A1A0146981AC0
:1076B00019F0F5BE70478842F8B504460D4602D071
:1076C0000430854200D1F8BD0646236856F8047B95
:1076D00093F9283097F928209A4207DA0146324672
:1076E0002046FFF7DFFF27603046EAE7FFF7CBFFD2
:1076F000FAE78842F8B504460D4602D004308542C8
:1077000000D1F8BD0646236856F8047B93F928306B
:1077100097F928209A4207DD014632462046FFF7B6
:10772000C1FF27603046EAE7FFF754FFFAE78842D7
:10773000F8B504460D4602D00430854200D1F8BDAC
:107740000646236856F8047B5B6A7A6A9A4207D237
:10775000014632462046FFF7A5FF27603046ECE79A
:10776000FFF7E1FEFAE78842F8B504460D4602D07D
:107770000430854200D1F8BD0646236856F8047BE4
:107780005B6A7A6A9A4207D9014632462046FFF779
:1077900089FF27603046ECE7FFF771FEFAE7884281
:1077A000F8B504460D4602D00430854200D1F8BD3C
:1077B0000646236856F8047B5B6A7A6A9A4207D9C0
:1077C000014632462046FFF76DFF27603046ECE762
:1077D000FFF7C6FDFAE78B889A0903F03F0310B55F
:1077E00002FB033304464A88006D52FA83F10368B2
:1077F00002319B689847F9F75DFAD4F84411F9F71C
:10780000B1FAF9F7B1FC00EB8000421C0021206EB8
:10781000BDE8104003F0DCBD00F003000238012891
:107820008CBF00200120704780F00200C0F34000B0
:1078300070478B889A0903F03F0310B502FB0333AE
:1078400004464A88006D52FA83F1036802319B684E
:107850009847F9F72FFAD4F85811F9F783FAF9F79E
:1078600083FC00EB8000421C0021206EBDE810402C
:1078700003F0AEBD2DE9F84F04460D461746994674
:1078800000F10408291B40291CDD4FEAA10ADFB9D9
:10789000AAF10206761054F82630524631462046A8
:1078A000FFF783FD5EB1013EF5E755F8043D226820
:1078B0002A602A1B921000212046FFF776FD2B1B21
:1078C000042BF2DCBDE8F88FC910D4F804A054F8FA
:1078D0002100DAF824B0D0F824E055F804CC23686D
:1078E000DCF82420F34546462AD9964521D9206064
:1078F00044F821302B462268D2F824E0314608684B
:10790000426A72450E4601F10401F8D8191F0B4670
:1079100051F80429D2F824C0E645F8D89E4217D37E
:10792000013F29464B463A463046FFF7A3FF35460E
:10793000A8E7934506D9C4F800C045F8043CD9E748
:10794000934502D9C4E900A3D4E79645CFD9F2E71D
:1079500046F8042B1860CEE72DE9F84F04460D4693
:107960001746994600F10408291B402919DD8E109D
:10797000CFB9B11E491054F8213032462046FFF7E6
:107980008BFD59B10139F6E755F8043D22682A60AC
:107990002A1B921000212046FFF77EFD2B1B042B93
:1079A000F2DCBDE8F88FC910D4F804A054F8210027
:1079B000DAF824B0D0F824E055F804CC2368DCF8D9
:1079C0002420F34546462AD2964521D2206044F829
:1079D00021302B462268D2F824E031460868426AFA
:1079E00072450E4601F10401F8D3191F0B4651F8F8
:1079F0000429D2F824C0E645F8D39E4217D3013FAC
:107A000029464B463A463046FFF7A6FF3546ABE7D8
:107A1000934506D2C4F800C045F8043CD9E7934525
:107A200002D2C4E900A3D4E79645CFD2F2E746F8E4
:107A3000042B1860CEE72DE9F84F04460D46174693
:107A4000994600F10408291B402919DD8E10CFB991
:107A5000B11E491054F8213032462046FFF770FD20
:107A600059B10139F6E755F8043D22682A602A1B0E
:107A7000921000212046FFF763FD2B1B042BF2DC44
:107A8000BDE8F88FC910D4F804A054F821009AF981
:107A900028B090F928E055F804CC23689CF92820F8
:107AA000F34546462BDD964522DD206044F8213023
:107AB0002B46226892F928C03246116891F92800B5
:107AC0006045164602F10402F7DC1A1F134652F80D
:107AD000040990F928E0E645F8DB9E4217D3013F00
:107AE00029464B463A463046FFF7A5FF3546AAE7FA
:107AF000934506DDC4F800C045F8043CD8E793453B
:107B000002DDC4E900A3D3E79645CEDDF2E746F8EF
:107B1000040B1960CDE72DE9F84F04460D461746D2
:107B2000994600F10408291B402919DD8E10CFB9B0
:107B3000B11E491054F8213032462046FFF759FD56
:107B400059B10139F6E755F8043D22682A602A1B2D
:107B5000921000212046FFF74CFD2B1B042BF2DC7A
:107B6000BDE8F88FC910D4F804A054F821009AF9A0
:107B700028B090F928E055F804CC23689CF9282017
:107B8000F34546462BDA964522DA206044F8213048
:107B90002B46226892F928C03246116891F92800D4
:107BA0006045164602F10402F7DB1A1F134652F82D
:107BB000040990F928E0E645F8DC9E4217D3013F1E
:107BC00029464B463A463046FFF7A5FF3546AAE719
:107BD000934506DAC4F800C045F8043CD8E793455D
:107BE00002DAC4E900A3D3E79645CEDAF2E746F815
:107BF000040B1960CDE72DE9F84F04460D461746F2
:107C0000994600F10408291B40291CDD4FEAA10A0E
:107C1000DFB9AAF10206761054F8263052463146F2
:107C20002046FFF7F7FB5EB1013EF5E755F8043D4E
:107C300022682A602A1B921000212046FFF7EAFBE7
:107C40002B1B042BF2DCBDE8F88FC910D4F804A07C
:107C500054F82100DAF824B0D0F824E055F804CC28
:107C60002368DCF82420F34546462AD9964521D9D5
:107C7000206044F821302B462268D2F824E03146B7
:107C80000868426A72450E4601F10401F8D8191FCE
:107C90000B4651F80429D2F824C0E645F8D89E4294
:107CA00017D3013F29464B463A463046FFF7A3FF1C
:107CB0003546A8E7934506D9C4F800C045F8043C0A
:107CC000D9E7934502D9C4E900A3D4E79645CFD9B3
:107CD000F2E746F8042B1860CEE700002DE9F04FDC
:107CE00000F5D85300F50E52BBB081460F461C3349
:107CF00034320025596A31B13AA901EB85010135C9
:107D000041F8C83C2DB22C339342F3D108AE06EBB8
:107D10008508B0454FEA850414D0A210B2FA82F269
:107D2000C2F11F024FF00003520041463046FFF7F8
:107D300062FF402C23DD18A93046FFF730FD18AC58
:107D4000A04517D1DFF88CB03C464FF000084FF04B
:107D50000A0A454502DDE31B852B15DDBC4204D133
:107D600020461D4919F0EDFC0634002323703BB07A
:107D7000BDE8F08F2046FFF7F3FA0434E0E7414610
:107D80003046FFF70CFDDDE756F82810B8F1000F7C
:107D900001D004F801AB042205A8039103F02AFBEB
:107DA000D9F85C0003681B68984703994B6A91F9FE
:107DB00028200092C31A05AA5946204619F09EFAB7
:107DC00023461C4613F8012B002AFAD108F10108BA
:107DD000BFE700BF9C3C0208A53C0208A0F1C80018
:107DE000FFF77CBF036810B51B68044698476368BB
:107DF000834228BF581C606010BD2DE9F041044645
:107E000040689DF818701D460368DB6B164698475E
:107E1000606803682946D3F8E830984760680368CB
:107E20003146D3F8E43098473946606800220AF0BA
:107E300008FC606884F824500368082D1B6EBDE8B8
:107E4000F0418CBF102120211847406803681B6F48
:107E50001847406803685B6F184700002DE9F0433E
:107E60000346006DDFF85880D3E90495036885B0B8
:107E70001B6A0E46984704464046FFF7E6FF074652
:107E80004046FFF7E6FF80463846F9F747F907B264
:107E900040464FF47A73B5FBF3F5B9FBF3F3039562
:107EA0000293F8F7B1FA24B2CDE900013B46054947
:107EB0002246304619F022FA05B0BDE8F08300BF33
:107EC000782F0020AC3C0208A0F1C800FFF7C6BF25
:107ED00038B50C2015F070FD08250024C02015F0E1
:107EE00089FD013D0444F9D12046F8F76BFA0AA355
:107EF000D3E90023F8F7E0FA00224FF07F53F8F7B8
:107F0000DBFA074B0022F8F7D7FAF8F7ADFD80B29D
:107F100038BD00BFAFF300800000000000E5C040A6
:107F20000000303F2DE9F341466DC76CB0F8588032
:107F30000D480C46FFF7CCFF336805461B683046FA
:107F400098473B6806465B69384698470749CDE93C
:107F500000802A4620464FF47A73B6FBF3F319F0FB
:107F6000CDF902B0BDE8F08168310020003D020883
:107F7000A0F1C800FFF7D6BFD0E9003213448B420E
:107F800009D9438901339BB243810089984234BFA8
:107F9000002001207047012301604381184670478B
:107FA0002DE9F84F00F5D8551C3500F50E5A074657
:107FB0000C46914698462E460AF1340A4FF0FF3B94
:107FC00020223146204619F05AFA30B3736A5B45D5
:107FD00038BF354606F12C0638BF9B465645EFD1D3
:107FE0002B4604F12002206861681E4603C608344F
:107FF00094423346F7D1F86DC5F8209003681B68AA
:1080000098474FF0814168624046F8F7ABFEF9F7B8
:1080100085F885F82800BDE8F88F3546E0E7F0B52B
:108020001F468B8816469A068DB005460C4627D10A
:108030000A78092302F00302D340DB0703D5CB887B
:108040000BB90B89E3B19DF84C201299684603F0F7
:1080500056FB9DF801309BB19DF8003003F00F03F3
:10806000022B0DD194F90201F8F728FE4FF07A5156
:10807000F8F778FE3A46034631462846FFF790FF68
:108080000DB0F0BDF0B591F84A3003F0F002802A4F
:108090008BB005460C4621D14B88052B1CD990F896
:1080A0003D31CBB9504E4FF47A72D6E9040100232A
:1080B000F9F77AF8B168014405F5D7501430FFF7A5
:1080C0005BFF48B1618894F84B30E26C092903F0FA
:1080D00004034ED8002B53D10BB0F0BD902AFBD136
:1080E0004A88052AF8D903F00F03022BF4D1252A78
:1080F000F2D900F58056D6F80C3B002B6FD0D6F89D
:10810000101B01F07BFF002869D1E36CD6F80C2B23
:108110009A42E1D16A4604F1500304F1700C17460B
:1081200018685968164603C6083363453246F7D1C6
:10813000202205F16801384619F0A1F90028CBD0BA
:1081400094F90201284EF8F7B9FD4FF07A51F8F78B
:1081500009FE4FF47A7204460023D6E90401F9F7C8
:1081600023F8B2682346024439462846FFF718FF31
:10817000B2E7216D002BAFD0D5F894318B42ABD351
:10818000922194F84A308DF8001094F802118DF87D
:108190000110CDF8022003F0010305F168020DF192
:1081A000060105F1880052F8044B41F8044B824265
:1081B000F9D1002B0CBF26220E226946284602F078
:1081C0000FFD0446002887D02B680146DB6B28464C
:1081D000984721468200284603F062F87CE7002396
:1081E000C6F80C3B78E700BF582F00202DE9F04778
:1081F000089E9DF824809946337804468A4617469F
:10820000BBB304F594713046F8F7E8FF00285FD15E
:1082100003260022514604F5067003F04BFBD0F80C
:1082200084304B4505465BD2C0F88490E06D03680E
:108230001B68984795F82030C5F8880023F00303A1
:10824000334385F820303A4605F1620307F12001F7
:1082500052F8040B43F8040B8A42F9D18EB141F273
:108260008831204601F0D6FE04F58053C3F8180B80
:1082700007E0202200F5067003F002FB0546002807
:10828000BFD0B8F1000F02D0FF2385F82130E06D98
:10829000FFF7A8FD0023C4F8400FA4F8443F95F869
:1082A0002030206E03F00303DA1E5342534184F85A
:1082B000463F95F8203084F8473F036804221B6846
:1082C00004F648719847022384F84C3F0D2008E0DB
:1082D000304604F5A471F8F781FF0646002898D0CF
:1082E0000020BDE8F0870000F7B51D4F0446164694
:1082F000D7E904011D464FF47A720023F8F754FFC2
:10830000B968014404F5D850FFF736FE30B32A7837
:1083100004F58050294602F03F0280F8382011F819
:10832000013B9B0901335A4380F8393004F6F87059
:1083300019F00FFAE06DC4F8406F03681B689847A6
:108340000023C4F8440FAC22009304F648710123C3
:1083500004F58B5005F0BAFE0830C0B203B0F0BD92
:10836000582F0020F8B51E4F04461646D7E90401E1
:108370001D464FF47A720023F8F716FFB9680144DE
:1083800004F5D850FFF7F8FD48B32A7804F580507B
:10839000294602F03F0280F8382011F8013B9B0982
:1083A00001335A4380F8393004F6F87019F0D1F9E6
:1083B000E06DC4F8406F03681B68984704F6487581
:1083C0000849C4F8440F04F5CE7304F1F4022846BA
:1083D00018F094FF2846F8F70BFF0830C0B2F8BD3C
:1083E000582F0020413D0208F8B51C4F04461646A0
:1083F000D7E904011D464FF47A720023F8F7D4FE42
:10840000B968014404F5D850FFF7B6FD20B32A78C7
:1084100004F58050294602F03F0280F8382011F818
:10842000013B9B09013380F839305A4304F6F87058
:1084300019F08FF9E06DC4F8406F03681B68984726
:10844000002384F8483F94F83D31C4F8440F13B139
:10845000802384F8483F0920F8BD00BF582F002032
:108460002DE9F04FC0F8402F1A78012ADBB00446FE
:1084700061D1BA48BA4DFFF72BFDADF8A000E06C12
:1084800003685B699847ADF8A200206D03681B6A1A
:108490009847ADF8A4002846FFF7D7FCF8F73EFE52
:1084A000EB682A932B69ADF8A6004FF47A72D4E9F1
:1084B00036012B934FF47A762369B3FBF6F32C93B2
:1084C0000023F8F771FE236B2E93636B2F93A36B3E
:1084D0003093E36B2D9031932846B4F85830ADF8C3
:1084E000C830FFF7B6FC4FF08141F8F73BFCF8F7D6
:1084F00015FE636EADF8CA00D3F80825D3F80C3525
:10850000ADF8CE306369B3FBF6F334936B69ADF825
:10851000CC20359328AA04F6447436AD134603CB19
:10852000AB42206061601A4604F10804F6D13C2099
:108530005BB0BDE8F08F032A21D100F50E5634362A
:1085400030460CF0A9FF8548FFF7C2FCF8F7B2FBF4
:108550008449F8F7BBFC0121024630460DF044F88F
:1085600030460CF09CFF054630460CF09AFF2A4638
:10857000014604F6447019F0ECF8281DD8E7052AE6
:108580002BD191F8202002F00302032A40F04F8102
:108590005A789B781A4340F04A8100F5077104230A
:1085A000D4F89C5EAA421846C2DAAD2BC0D891F826
:1085B000200078B103F574600E682650251888886D
:1085C000A880981D54FA80F091F8205080F8405F00
:1085D0000733DBB20132A031E2E7062A40F0148112
:1085E0005D78002D40F0238193F806809A78B3F8E7
:1085F00003700492B8F1200F5A7900F50E5100F57E
:10860000D85328BF4FF020081C333431586A30B19A
:108610005AA800EB8500013540F8C83C2DB22C3338
:108620008B42F3D1002A44D128AE06EB8509B1452F
:108630004FEA850A16D04FEAAA02B2FA82F2C2F1D4
:108640001F024FF00003520049463046FFF712F96F
:10865000BAF1400F28DD304638A9FFF784F838AE6C
:10866000B1451CD108F1050A07AB4FF0000B5FFACA
:108670008AFA03EB0806D946049B4B4502DDBD424E
:1086800000F39F80A4F8445FA4F8469F5A4607A9C8
:1086900004F6487019F05DF80BF1080048E7304621
:1086A000FEF7EDFE0436DBE749463046FFF75BF8A0
:1086B000D8E7012A27D128AE06EB8509B1454FEA54
:1086C000850ACFD04FEAAA02B2FA82F2C2F11F02A3
:1086D0004FF00003520049463046FFF73DF9BAF12A
:1086E000400F0BDD304638A9FFF721F838AEB14511
:1086F000B8D03046FEF717FF0436F8E74946304653
:10870000FFF715F8AEE7022A2ED128AE06EB850951
:10871000B1454FEA850AA5D04FEAAA02B2FA82F221
:10872000C2F11F024FF00003520049463046FFF7E6
:1087300082F9BAF1400F0BDD304638A9FEF7D9FFB8
:1087400038AEB1458ED03046FEF744FF0436F8E728
:1087500049463046FEF7CDFF84E700BF6831002070
:10876000782F002000007A44032A7FF47BAF28AEE4
:1087700006EB8509B1454FEA850A3FF473AF4FEA2E
:10878000AA02B2FA82F2C2F11F024FF000035200B5
:1087900049463046FFF7BFF9BAF1400F0CDD3046CD
:1087A00038A9FEF788FF38AEB1453FF45BAF3046DD
:1087B000FEF769FF0436F7E749463046FEF77BFFD0
:1087C00050E70BEB0A03822B05933FF75BAFE06D9D
:1087D00028AB026853F827B012689047DBF82420D2
:1087E0005946831A4246A6EB0800039318F0B1FFDE
:1087F000039B3360059B9BF82820327109F1010926
:10880000564401379B4637E7072A10D100F5CE734F
:1088100000F64475074A0849009300F1F40328461E
:1088200018F06CFD2846F8F7E3FC043080E60020E1
:108830007EE600BFE83B02083E3D020810B588B066
:1088400004466A46022100F56A6003F095FB6A4619
:10885000034604F16801204602F022F808B010BD7A
:1088600010B5D1F8CC10044601230CF014FF2046BB
:1088700010BD00002DE9F04FCFB005460C4616465E
:1088800001462D4A06A89946FFF7EAFF06A80DF013
:108890006AF8002847D02B68284F5B69284698471C
:1088A000014606A814F084FD2078254BC0F3830A06
:1088B000FEF7B2FF002818BF1F46286DB4F802B0BB
:1088C00003689B6B98478046286D03685B6B9847ED
:1088D0001C4905464846F8F745FAF8F71FFC04908E
:1088E0002846F8F71BFC03904046F8F717FC534660
:1088F000CDE901B032461449009706A814F085FD71
:10890000227840F20713C2F38302D340DB070DD570
:1089100094F84A3094F84B200C4906A814F075FDE1
:1089200006A80CF0D8FF4FB0BDE8F08F084906A8A4
:1089300014F06BFDF4E700BF903C020858DF02081A
:10894000473D020800007A44493D0208923D020872
:1089500001DB020810B490F8E84014B110BCFFF736
:1089600089BF10BC7047000070B5CAB005460C4600
:10897000164601461D4A02A8FFF772FF02A80CF036
:10898000F2FF60B32B6828465B699847014602A84E
:1089900014F00EFD20781649164AC0F38303FEF743
:1089A0003BFF002818BF0A46618802A8CDE90021D4
:1089B0003246114914F029FD227840F20713C2F320
:1089C0008302D340DB070CD594F84A3094F84B204F
:1089D0000A4902A814F019FD02A80CF07CFF4AB065
:1089E00070BD074902A814F010FDF5E7903C02089D
:1089F000473D020858DF0208A33D0208923D0208E5
:108A000001DB020890F8E8300BB1FFF7ADBF70470B
:108A100070B5CAB004460D4616460146134A02A870
:108A2000FFF71EFF02A80CF09EFFE0B1236820466E
:108A30005B699847014602A814F0BAFC28780C49F3
:108A40000C4AC0F38303FEF7E7FE002818BF0A466E
:108A5000698802A8CDE900210749324614F0D5FC07
:108A600002A80CF038FF4AB070BD00BF903C02086D
:108A7000473D020858DF0208D43D020890F8E8306C
:108A80000BB1FFF7C5BF70472DE9F8438C88A309E8
:108A9000013390465FFA83F904F03F0401F10A05BF
:108AA000002600F168073CB918F80900B0428CBFF5
:108AB00000200120BDE8F8834A463946284618F0D0
:108AC000DEFC08B90136F6B2013CE4B24D44EAE7F7
:108AD00070B590F83D410546ACBB0A781046FEF7EC
:108AE000A3FE70B38B8895F8686103F03F039E4244
:108AF00029D902F00306012E03D195F869619E423F
:108B000021D9C2F38302042A03D195F86A219A423B
:108B100019D905F58053D3F8E03AB3B195F8163278
:108B200063B1012B0BD00A4A0A48022B08BF024648
:108B30002846FFF7A9FF80F00100C0B270BD064AC9
:108B4000F6E70120FAE70020F8E71846F6E700BF4D
:108B500010010020140100201801002030B585B05C
:108B600004464FF49063006EADF8043003680422AD
:108B700004F580551B680DF106019847DDF80630B5
:108B8000C5F80C3B4EF66021204601F043FA01A9DE
:108B9000C5F8100B0A2200252046CDF80A5002F035
:108BA0001FF8014618B12A46204602F079FB05B0AD
:108BB00030BD00002DE9F047044640201E46154612
:108BC000DDF824800F46FCF7E2FE2021814605F007
:108BD00025FC824B236033686665C4E91395002544
:108BE000C4E904551B68656030469847012384F842
:108BF0002C307B4BA3647B4B2360089B23660A9B32
:108C0000A4F85850C4E90605C4E90955C4E910554B
:108C100025626366C4F85C8004F1680001F0B8FC6A
:108C2000714B236004F50779E433C4F8C83004F5C8
:108C300006764D4604F69C6A2846A03501F099FC5C
:108C40005545F9D14FF448620021484618F041FCDF
:108C5000C4F8AC7EC4F8B86E04F1C80304F58056BD
:108C600004F581570025C4F8A83E1C375F4BC4F8B3
:108C7000B03E04F58B5004F1F009C4F89C5EC4F8D2
:108C8000A08E3946C4F8A49EC4F8B40EC6F85C5150
:108C900004F090FF04F5B0503946103004F08AFF1C
:108CA00004F5D8577823C6F8F45AC6F8F83AC6F847
:108CB000005B0423B4221C3704F50E55C6F8FC3AB9
:108CC000C6F8042BC6F8083BB8463435404608F1D0
:108CD0002C0801F04EFC4545F8D1B42128460CF093
:108CE000C8FB002200230025C4E9362304F5005305
:108CF000C4E93855C4F8D0502946C6F8185B40F688
:108D00009802C3E9EF55384684F8E85086F8145BBA
:108D100018F0DFFB29464FF49472484618F0D9FB4F
:108D20004FF07E53C4F8F0304FF07C53C4F8443118
:108D30002F4BC4F8583104F1F4002E49202205F0DD
:108D40005FFC00230022C4E94623C4E9482304F55C
:108D500094702949102205F053FC284BC4F838318F
:108D60004FF4A163A4F86031142384F83C3142F637
:108D70000173A4F83E31224BC4F864314FF4FA7207
:108D8000204BC4F86831A4F86E2101234FF4E1327E
:108D900084F86D31C4F8742184F8783104F27910C4
:108DA000194984F87051102205F02AFC022384F836
:108DB000903104F5D750002384F88A51C4F88C51BF
:108DC000C4F898311022C6F80C5BC6F8105B29462F
:108DD000043018F07EFB2046BDE8F0876C430208A3
:108DE00080EE36000C440208EC3E0208382F0020CA
:108DF0009A99993E0C3E0208634802088D675944CF
:108E000000007A42404008001D3E020837B5044683
:108E10000D4601F0EBFC2946C4F8CC5004F56A601D
:108E200004F024FE04F58B55D4F8CC1004F168024C
:108E300004F5067002F09AFCD4F8CC100022284603
:108E400004F0E0FE284605F098F8014630B104F53C
:108E5000D75201230432284604F05EFF94F86131B2
:108E6000009394F86031D4F86421D4F838110A489A
:108E7000FEF7C3FF94F93C11074805F0D8FD2368BD
:108E80002046D3F8983098472368D3F89C30204682
:108E900003B0BDE830401847782F00202DE9F0439B
:108EA00085B0054608469DF83090884614461E4613
:108EB00005F0E0FA074640B14B46324621462846C7
:108EC00005B0BDE8F04301F0A0BE2146404605F0E4
:108ED0001DFBCDF80090ADF80C00334603AA2146E7
:108EE0002846ADF80E7001F0BDFE05B0BDE8F08378
:108EF000F0B51F4600F580530D46D3F8E01A87B051
:108F00000446164681B10B8873B1012302AA00F50D
:108F10008B5004F001FF00280FDC3B463246294607
:108F2000204601F072FE0FE03B46324629462046BD
:108F300007B0BDE8F04001F068BE009733462A460E
:108F400002A92046FFF7AAFF07B0F0BD2DE9F043C4
:108F50000E460978C1F3830185B0072904461F46F0
:108F60009046DDE90C3057D1002504F58059196889
:108F70001D54FF2089F838001879451E1E2D2FD961
:108F80003078FEF751FC04330190009320460B46E5
:108F90003946FFF72BF9054600283DD03078FEF71B
:108FA00043FC04F57463002845D0CDE90235012364
:108FB000019333790093424606F10A03394620466D
:108FC00001F014FD014638B3B3889B090133DBB2CD
:108FD0004FF49672204605B0BDE8F043FFF788BF16
:108FE00001280AD13078FEF717FCA8B10A460533EC
:108FF00039462046FFF778F9CDE702280AD13078C4
:10900000FEF70AFC40B10A46053339462046FFF711
:10901000A9F9C0E7032802D005B0BDE8F083307895
:10902000FEF7FAFB0028F7D00A46053339462046FA
:10903000FFF7DAF9AFE799F93820002ACDE90035D2
:109040003A4643464FF00101204602DA01F0E2FCC5
:10905000B8E701F0DFFC99F8392099F9383001467A
:109060000028D9D0013A03F03F0343EA82134FF4BA
:1090700096720C92DBB204F6F872204605B0BDE899
:10908000F04301F020BE73B50D4604461646FFF7C7
:10909000D5FB014668B176B194F815020130C0B233
:1090A0000A4604F5D75100902B4604312046FFF7BD
:1090B000F5FE02B070BD2A46204602B0BDE8704001
:1090C00002F0EEB8A0F1C800FFF7DDBF2DE9F047D0
:1090D00000F580571E4697F8143B8AB0054688462F
:1090E00014464BBB144612F8013B202BFAD0204605
:1090F000F8F77EF8042808D9A3787C2B05D12388BB
:109100003380A378B370033403367A4908222046AB
:1091100018F0B5F98146002840F0A28008342021DB
:10912000204618F0DEF900286DD1734930460AB0A8
:10913000BDE8F04718F005BB104605F070FAF8B925
:1091400023469846994613F8012B202AF9D0A8EB1C
:1091500004044F4619F8010B04F040FD0028F8D133
:109160003B780BB138704F46B94617F8013BDBB975
:10917000631E062B1BD9002333700AB0BDE8F087AD
:1091800007F5C2614FF4966205F58B5018F0E1FACD
:10919000B7F86A2159490023304687F8143B0AB0D2
:1091A000BDE8F04718F0AAB8462BDDD1E0E798F803
:1091B0000030002BDFD005EB840404F58054D4F894
:1091C000BC7A002FD7D005F58B50414604F0FAFD4C
:1091D00005F5B0553A881035074660B10388414619
:1091E000284604F01FFE0028C5D037B13B79037133
:1091F000C4F8C00ABFE70346F1E799F80030463BE0
:1092000018BF0123F3E7824622460AF8019BAAEB26
:109210000403402BA8BF402303EBD3734FEA63083A
:10922000414602A802F01EF9C0B1504616F000FFF8
:10923000C0B20090434602AA05F1680105F5067028
:1092400002F088FB40B141F28831284600F0E2FE8E
:109250002B49C7F8180B69E72A4967E72A4965E7E8
:10926000B8F1000F29D129492046F7F7B7FF074683
:1092700018BB27492748DFF8A090DFF89880DFF86F
:109280009CA014F0AFF805F50774D5F89C3E9F42FA
:10929000BFF671AF94F8202062B14946404614F001
:1092A000B4F821464046202202F0BEF8514640461E
:1092B00014F0ABF80137A034E7E719491222204631
:1092C00018F0DDF860B9113414F8013F202BFBD001
:1092D0000BB114492AE72846FFF740FC124925E75D
:1092E00033462246414605F56A600AB0BDE8F047BC
:1092F00003F0DEBE3E3E0208473E0208273E02085B
:10930000583E02085B3E0208703E0208813E020899
:10931000893E0208243400208E3E020801DB020848
:10932000943E0208A73E0208CF3E02082DE9F04F06
:1093300003F6F403B5B050F823700E46002F3E99A3
:109340000491DDE93F9B0446C0F2F080D0F89C3EDA
:109350009F4280F2EB80A0257D4300F5067305F166
:10936000040805939844002A5ED14719D9F800A053
:10937000D7F8A032534580F0D980ABF104030093B5
:10938000524609F104034146FFF76AF88146002876
:1093900000F0CC80C7F8A0A2E06D03681B68984776
:1093A000C7F8A4023078FEF73FFA04F57463E0B121
:1093B000CDE9023901230193337900934146049AA0
:1093C00006F10A03204601F011FB0146002800F0D7
:1093D000AD80B3889B090133DBB24FF4967220460F
:1093E00035B0BDE8F04FFFF783BDCDE9003901216D
:1093F000049B4246204601F00DFB0146002800F088
:10940000958097F83D32FF2BE3D04FF4967005F12D
:1094100026023E9004F5067010440246204635B000
:10942000BDE8F04F01F04FBC022A7FD1BBF1050F20
:109430007CD9431993F83C2202F00302032A75D128
:1094400099F80420D9F800A09108072A07916DD84F
:10945000D3F8A0220592524568D8C3F8A0A2C06DE7
:109460000693026812689047069B0799C3F8A40206
:10947000002309F80B3009F1050B19BB5846F7F723
:10948000B7FE2023CDE900834A46431D042109A8E5
:1094900002F02AF8099B0A930AA90422204601F047
:1094A000E4FA014670B1A02303FB074393F83D3271
:1094B000FF2B3ED1B3889B090133DBB2C822204683
:1094C000FFF716FD059B53453ED100238DF82D3047
:1094D0000DF12D00F7F78CFE814638B3E06DFEF7F5
:1094E00081FC042350458DF82C3009F1050308BF99
:1094F0000AF1010001930AAB0A9000930221049B38
:109500004246204601F086FA014678B1A02303FBCB
:10951000074797F83D32FF2B1ED1B3889B090133D3
:10952000DBB24FF416722046FFF7E2FC35B0BDE81F
:10953000F08FC82005F12602009004F50670024461
:10954000204601F0C0FBBDE70DF12D035A46514600
:109550002046FFF7BBFDBBE74FF4167005F126026E
:10956000009004F5067010440246204601F0ABFB63
:10957000DCE7000037B5044601F03AF9D4F8E4100E
:10958000002965D0204600F039FD002860D0204633
:10959000FFF754F9024600286ED123682046D3F81D
:1095A0009C30984723682046D3F89830984704F5B4
:1095B0000055D5F8BC1391B1204600F01FFD70B1E5
:1095C0000023C5F8BC3395F8CD33009395F8CC3320
:1095D000D5F8C823D5F8C4132E48FEF70EFCD5F8ED
:1095E000C01391B1204600F009FD70B10023C5F809
:1095F000C03394F86131009394F86031D4F8642159
:10960000D4F838112348FEF7F8FB04F58055D5F857
:10961000181B69B1204600F0F1FC48B1D4F8CC1019
:10962000002204F5067002F0E3F90023C5F8183BA8
:1096300014F040FBD4E93631D4F8D020C4F8D0007F
:10964000821A9B1841F10001C4E9363103B030BDE4
:10965000D4F8E0100029AAD0204600F0CFFC002862
:10966000A5D02046FFF7EAF8014600289AD000224C
:10967000204601F015FE95E794F815320133DBB270
:1096800004F5D7510093043100232046FFF706FC70
:1096900083E700BF782F0020C06C08B503685B69C2
:1096A00098470028D4BF0020012008BD10B5C8B0DD
:1096B000D0F8CC100E4A684600230BF0ECFF684649
:1096C0000CF051F960B10B4C68460CF048F820B131
:1096D00068460CF0D5F8011E04DA68460CF0FBF879
:1096E00048B010BDC9B2204613F066FEECE700BFDB
:1096F000903C020824340020A0F1C800FFF7D6BF38
:1097000038B50C468D18AC4200D138BD4FF480718D
:10971000002014F07CF804F8010BF4E714F0CABA46
:1097200037B504460846694601F013FE251D04F2CC
:10973000045408222946684617F0A1FE18B928608B
:10974000686003B030BD0835A542F2D1F9E7F7B53E
:109750000E4604466946304601F0FBFD251D04F225
:10976000045708222946684617F089FE98B93378CD
:1097700003F00303023B012B07D9D4F80C35013366
:10978000C4F80C35012003B0F0BDD4F8083501331E
:10979000C4F80835F6E70835AF42E2D1D4F804251D
:1097A0006B4603CB04EBC20250609160D4F80435E1
:1097B000A022013393FBF2F102FB1133C4F804350C
:1097C0000020E0E770B506229AB04FF4E13131484D
:1097D00013F072FD4FF47A7014F070FA2E4B0020E3
:1097E0000121187114F01CF90121084614F018F930
:1097F00000F060FA00B9FEE7284C294805F012F99C
:1098000013F0F6FF204605F033FA264B264A274987
:10981000189418A8199304F051F900BB684600F099
:109820008FFA2148224D6022694617F092FF0A24E0
:1098300005F1680695F86830013BDBB2FD2B09D9CC
:10984000684600F07DFA60226946304617F081FFD5
:10985000013CEFD1144A154918A804F057F91549ED
:109860000C4813F0A5FD20220F490A4801F0DCFD49
:10987000084813F0A5FD104B08490D4800241C7042
:10988000FFF7C4FA0A4822464FF47A51FFF7FBFB70
:109890001AB070BD243400206831002098310020B7
:1098A000782F002053540208700600208A3C0208DA
:1098B000080600203C400208640500201FB5114C3A
:1098C000114B20464FF4A062002140F8043B17F0F2
:1098D00000FE00230420C4F80435C4F80C35C4F895
:1098E0000835FCF754F8094A0260094A0192094A0E
:1098F00000920346084A094902940948FFF75AF9B9
:1099000004B010BD282A0020704002085840020808
:10991000582F002020010020782F002068310020DF
:1099200008060020044A054B13600548E433C2F8DA
:10993000C8300BF0AABD00BF08060020EC3E0208AC
:10994000BC2900202DE9F0433A483B4E394FA9B0DD
:10995000F7F74EFC4FF000090446304613F024FBA5
:1099600068B19F2C0DD0A046304613F0EFFCC5B275
:109970000A2D29D1304613F017FB0028F4D19F2C73
:1099800030D12C4B0D2283F89F209F24294D013C80
:109990002B5D0D2B28D10A21274813F00DFD002146
:1099A0006B46264829552A46FFF790FB9DF8003064
:1099B0003BB12349204813F0FBFC1F48694613F0D4
:1099C00011FD00232B700FE001342946304607F8C3
:1099D000085007F8049013F0EFFC0D2DBDD19F2C1B
:1099E000D4D1CEE7002CD1D1144C2046FFF7C2FDD4
:1099F00014F060F9134BD3E9042599699861411A71
:109A0000521845F10005C3E9042594F8893173B172
:109A10002046FFF741FE50B90B4B1B684FF47A719B
:109A20005943204629B0BDE8F04300F0E7BA29B019
:109A3000BDE8F083640500202434002008060020DF
:109A40004A400208582F00201C010020004870479F
:109A50000000C07F002070470020704770477047AB
:109A600070474FF0FF30704770470020704700206C
:109A70007047002070470020704700000048704782
:109A8000784002080020704700487047784002087C
:109A900040680368DB681847B0F9180070477047E2
:109AA0000020704700797047BFF34F8F0549064B80
:109AB000CA6802F4E0621343CB60BFF34F8F00BF6C
:109AC000FDE700BF00ED00E00400FA05002070474C
:109AD000406808B50368D3F88430984710F0140F35
:109AE00014BF0120002008BD436893F86C01704743
:109AF00010B54FF47A7204460023D0E90401F7F759
:109B000053FBA368184410BD002070470020704725
:109B100070470020704700207047002070470020E9
:109B200070470020704700000048704786400208D8
:109B30007047F8B507460C468E18B44200D1F8BD00
:109B400078680368D3F8A43098474FF480710546CD
:109B5000002013F05CFE454004F8015BEDE708B51A
:109B6000034600201871012113F05AFF0121BDE8BE
:109B70000840084613F054BF10B500200C4601F011
:109B8000010113F0B7FFC4F340010120BDE810400C
:109B900013F0B0BF10B5012013F0E6FF044600201B
:109BA00013F0E2FF40EA440010BD08B5F9F77EFA71
:109BB00072B6BDE80840F9F781BA10B54FF4E47108
:109BC0000446FBF7E8FE204610BD4068002107F080
:109BD00047B810B5044614F06DF8D4E90431A26911
:109BE000A061821A9B1841F10001C4E9043110BD43
:109BF00010B500220023C0E904238160044614F05C
:109C000059F8A06110BD036810B5DB6B0446984796
:109C100020B92046BDE8104004F03ABF10BD10B492
:109C20004468134694F86C2110BC04F04BBF30B567
:109C3000012185B0044608F065F901220021204683
:109C400008F085F97F238DF80F3000220123CDE93C
:109C5000003289210DF10F02D4F8680105F05DFD95
:109C6000D4F86831186803680521DB69984714F057
:109C700021F80546D4F868311868D96A0268126973
:109C8000904720B114F016F8401B322806D9D4F8BA
:109C90006011204607F0B9F805B030BDD4F868313E
:109CA000186803685B6D9847E4E708B54068FFF7FC
:109CB000BEFF08BD30B51B4A1B491C4887B009F0E0
:109CC000F2F80023049310221623CDE90232122168
:109CD00005230024CDE90031154A1649134805949F
:109CE000082306F02BF8054658B11349134813F022
:109CF0005FFB12480A22294613F0D4FB204607B026
:109D000030BD012211460124084808F041FF0094AB
:109D100041F2210341F60F522146044808F0E8FFC2
:109D2000ECE700BFD842020850430208A02F0020F1
:109D300000007A428D6759448F4002082434002085
:109D400013B5054B00936946044B0193044600F09C
:109D50002BFC204602B010BDB4400208A02F00200A
:109D600070B5194E194B33604820FBF710FE184CA4
:109D7000054605F0B1FE2946204606F003F8154BCE
:109D80002360154B154919600022C3E90146144CA4
:109D900083F82420C3E90322124B2360124B626034
:109DA000A36000220023C4E9042313F083FF0F4BB8
:109DB0000F4AA06100210020C3E90201C3E90401A8
:109DC000C3E906011A6070BD6831002078420208BC
:109DD000A02F0020C0400208782F0020D8410208A0
:109DE000582F00203C420208EF934466382F002091
:109DF00050420208704770477047704700487047EC
:109E00005354020800207047002070474FF07E50E6
:109E10007047C82070474FF47A60704770B50F489C
:109E20001646F6F795FEF6F7EFFA02460B460020C7
:109E30000B4914F0ADFB0B4B0022F6F785F90446F5
:109E400030460D46F6F7BEFA02460B462046294636
:109E5000F6F732FBF6F7E0FD70BD00BF9A99593F67
:109E6000000024400000F03F002370B50446C0E924
:109E70000C33C0E90E33A0F85830406D03681B68FE
:109E80009847236820621B6B204698472368A0648C
:109E90009B69204698470646A06CF6F70BFF4FF0EB
:109EA0007E5105463046F6F755FE01464FF07E508E
:109EB000F7F70CF801462846F6F754FFF7F754F980
:109EC0002064606D03681B6898476064206D0368B8
:109ED0001B689847206D0368DB6A984784F82C005C
:109EE00070BD2DE9F0410446406D03681B6898473A
:109EF000656C2368451B9B690646204698474FF0D2
:109F00007E51F6F727FE01464FF07E50F6F7DEFF52
:109F1000236807461B6B2046984780462846F6F77D
:109F2000C9FE3946F6F71EFFF7F71EF9054670B170
:109F30004046F6F7BFFE3946F6F714FFF7F714F977
:109F4000236C66641D44A84294BF20642564BDE868
:109F5000F081F8B51E4613780B7017469A090D4626
:109F600001D00020F8BD03F003020923D34013F011
:109F7000010319BFB7F80130EB800B81CB801BBF09
:109F8000B7F803302B81012105217C5CAC80A2094C
:109F9000032AE6D004F03F0402FB0444E2B2402A64
:109FA000DFD801315418B442DBDC394405F10A0032
:109FB00017F0CFFB321B92B2B82A6A80D1D8391978
:109FC00005F14A0017F0C5FB0120CBE710B50446A8
:109FD000C06C03681B68984730B9B4F8583043F038
:109FE0000103A4F8583010BD00238380438080F81B
:109FF0000231F8E7C06C03685B681847406D03687E
:10A0000010B51B680C469847001B0028D4BF0020E1
:10A01000012010BD406D036810B51B680C469847C1
:10A02000204410BD03682DE9F0411B6805460E462B
:10A030009847044630B9E86C036831465B68BDE870
:10A04000F0411847012812D0EF6C3B6820F07F41A7
:10A050002846D3F80880FFF7DDFF220E013A0346B9
:10A0600031463846C446D2B2BDE8F0416047BDE84B
:10A07000F0812DE9F0410446006D0368C2B05B68D1
:10A08000FF2202A99847061E72DD2368206D5F68D3
:10A0900003689B6B98470546206D03685B6B984788
:10A0A0002946024602AB20460096B847E06C03689A
:10A0B0001B689847054600285AD00146334602AA35
:10A0C0002046FFF746FF00284DD0206D03689B6BAC
:10A0D00098474FF08141F6F745FEF7F71FF885F8EE
:10A0E0000201276D3B683846D3F80C809B6B98477C
:10A0F000324601463846C0470746206D0368314660
:10A100009B68984763690344636123680646284651
:10A11000D3F8088001F007F93B460246294620465D
:10A12000C0472B789B0726D4A36B0133A363236816
:10A130003946DB69324620469847312801461DDD05
:10A14000E66CB0F5FA4F3368A8BF4FF4FA412046E9
:10A150005F6AFFF75FFF294602463B46304642B042
:10A16000BDE8F0411847E06C036829465B689847F2
:10A1700042B0BDE8F081E36B0133E363294620463A
:10A1800042B0BDE8F041FFF74DBFF0B5C56C0446E5
:10A190002B68406D1E690368C1B01B689847014673
:10A1A0002846B04760B32046FFF79BFE206D03684A
:10A1B000FF219B689847236CB3EB500F4FEA500583
:10A1C00020D2236820469B6998470646206C281AAF
:10A1D000F6F770FD4FF07E5105463046F6F7BAFCB3
:10A1E00001464FF07E50F6F771FE01462846F6F71D
:10A1F0006DFEF6F7B9FF01462046FFF70BFFA061A1
:10A2000041B0F0BDA1692046FFF7F8FE0028F7D065
:10A21000206D03681B6B9847C0B1E36923B9606D7B
:10A2200003681B689847E061606D03681B68984786
:10A23000E369C51A236820465B6A9847854240D97E
:10A24000B4F8583043F00203A4F85830E56C606D60
:10A250000023E3612B68DE6803681B6898470146AA
:10A260002846B04760600028CAD003788DF80030D7
:10A27000092203F0030322FA03F3DB0741BFC3887B
:10A28000ADF801300389ADF8033054BF0123052335
:10A2900082880DF803205D1C027900F10A010DEBA4
:10A2A000050001F02BF86668728805445319FF2BEE
:10A2B0000CDDE06C036831465B68984700236360FF
:10A2C0009EE7236820461B6A984794E706F14A01F7
:10A2D0000DEB050017F03DFA206D768803682E44DB
:10A2E00031469B6898470546606D03681B68984730
:10A2F000E060206D036832461B6969469847064650
:10A3000078B96568236828461F6901F00CF829466A
:10A3100002462046B84761682046FFF76BFE66603C
:10A320006EE705EB450569082046FFF773FEA06060
:10A3300066E7F8B5416A0446FFF760FE78B1256D1F
:10A340002B685E6A236820469B6A98470146284628
:10A35000B0474FF4FA612046FFF75CFE6062206D63
:10A360000368DB699847206D0368DB6A984794F8B7
:10A370002C30834217D084F82C00B0B9606D03688C
:10A380001B6898472062606D03681B689847236AC2
:10A39000C01AB0F5FA5F82BFB4F8583043F0040336
:10A3A000A4F8583001E0002BEDD06368002B64D096
:10A3B000206D03685B699847002800F09880606D05
:10A3C00003681B689847E5682369471B3B44236182
:10A3D00006462046FFF785FD236C9F427CD900236B
:10A3E0002364236820469B6998470646206CC0F189
:10A3F0006400F6F75FFC4FF07E5105463046F6F7F5
:10A40000A9FB01464FF07E50F6F760FD0146284655
:10A41000F6F75CFDF6F7A8FE01462046FFF7FAFDC9
:10A42000A061206D03689B69984761688A884888A5
:10A43000930902F03F0203FB0222D2B223680232E8
:10A44000DB6802442046984761680B789B0755BF3C
:10A45000236B636B0133013354BF23636363204673
:10A46000FFF7C8FD0023636023682046DB6A984736
:10A4700001462046FFF7CEFDA06223682046DB6A36
:10A480009847002811DDA16A2046FFF7B7FD60B1AB
:10A49000206D03689B6A984723682046DB6A9847CB
:10A4A00001462046FFF7B6FDA062E56C606D2B68A3
:10A4B0009E6A03681B68984701462846B0470146D4
:10A4C00010B12046FFF7AEFD2046FFF7D2FD204633
:10A4D000BDE8F840FFF759BE1D44AD1B632D256450
:10A4E0007FF67FAF606D03681B68984798E7A168A7
:10A4F0002046FFF783FDA0B1206D03689B69984754
:10A5000061688A884888930902F03F0203FB0222AF
:10A51000D2B22368023202441B6920469847616820
:10A520009DE7F8BD2DE9F047064608790C46174629
:10A53000984600F0D3FEF56C88B16388B82B0ED82E
:10A540002B6841463046D3F80890FFF763FD3A4642
:10A55000034621462846CC46BDE8F04760472B68B5
:10A56000214628465B68BDE8F04718470368DB6969
:10A57000184710B520220446002116F0AAFF2046F5
:10A5800010BD10B404460846214610BC09F030BE88
:10A5900010B50446FFF7EDFF4022002104F1200032
:10A5A00016F097FF204610BD30B50D4689B0044621
:10A5B000FFF7DFFF2B6869461B6828462022984773
:10A5C00020466A4604F120010DF0D0F8204609B07B
:10A5D00030BD0000F0B5B1B00146044668460DF04C
:10A5E000E2F89DF80030013BDBB2FD2B30D81B4B6D
:10A5F00020AA03F14007164618685968154603C596
:10A600000833BB422A46F7D1154B08AA03F1200CA8
:10A61000174618685968154603C5083363452A4626
:10A62000F7D12246394610A80CF0D6FF32466946CB
:10A6300018A80CF0D1FF202218A910A816F01FFFAF
:10A6400030B910AB13F8012B2AB901302028F9D109
:10A65000002031B0F0BD0120FBE700BFA04302089D
:10A66000E143020838B50C46054601462022204643
:10A67000FFF77CFF20280AD1402205F12001204667
:10A68000FFF774FFA0F140035842584138BD002045
:10A69000FCE738B50B680C465B680146054620228E
:10A6A0002046984720280BD1236840225B6805F19B
:10A6B000200120469847A0F140035842584138BD38
:10A6C0000020FCE73F2A70B51ED95F2A00F1200365
:10A6D00000F1600407D853F8042B41F8042BA3427F
:10A6E000F9D1402070BD1A460D4652F8046B45F86A
:10A6F000046BA242F9D1403150F8042B41F8042BED
:10A700009842F9D16020EDE70020EBE7602A30B4F1
:10A710000B4613D10A4603F1400400F1200152F820
:10A72000045B41F8045BA242F9D1603352F8041B88
:10A7300040F8041B9A42F9D130BC7047402AFBD143
:10A7400000F120010A4603F1400453F8045B42F88B
:10A75000045BA342F9D130BC0DF025B813B5044613
:10A76000084611461A4604F12003009323460DF0D3
:10A7700029FE02B010BD0B46114600F1200218461A
:10A780000CF02ABF002070477047704700207047C8
:10A7900070477047704700207047002070470020C6
:10A7A0007047002070470020704770B5046D236823
:10A7B000054608469E6800F0B6FD01462046B047B3
:10A7C000052204460021286E00F002FE34235C437B
:10A7D0006423B4FBF3F4604370BD08B50422012187
:10A7E000006E00F0F5FD7823584308BDFFF73CBB31
:10A7F000FFF79FBDF8B58B8803F03F04013CE4B23E
:10A8000023F03F031C438C80A40901340D46E4B2BD
:10A8100001F10A060027AB8803F03F0313FB04F3A2
:10A82000BB4200DCF8BD3046264422463146274470
:10A8300016F08FFFEFE7F8B50A788B889207064687
:10A840000C4601D50020F8BD03F03F079B090133FA
:10A85000DBB207FB0333402B07F10105F2DC036891
:10A860009B6B98470028EDD0A28892090132D2B2A2
:10A8700007FB024006F168010A3016F06AFFA38860
:10A8800023F03F031D433368A580DB6B2146304630
:10A890009847A38803F03F03013340EA0360D2E7FF
:10A8A0002DE9F043202B93B080460E4617461D46F7
:10A8B00003D8FFF78BFB044620B90024204613B0D1
:10A8C000BDE8F0830346102203F84A2B06F1200965
:10A8D000324652F8041B43F8041B4A45F9D1D8F814
:10A8E0005C0003681B6898472A46C4F86A008046E3
:10A8F000394604F1AE0016F02CFF05F164036380C5
:10A900000DF1040C334618685968624603C20833D7
:10A910004B459446F7D12A4639460AA8CDF82480FB
:10A9200016F017FF05F1240301AA04F16E01304669
:10A93000FFF714FFC2E72DE9F04FAFB099469DF83D
:10A94000E0A0DDF8EC804FEA9A130AF03F0403FB25
:10A95000044408F105032344A62B06468B461746FC
:10A9600004D9002528462FB0BDE8F08FFFF72EFB55
:10A9700005460028F5D0202303709BF8003080F8AE
:10A980004A3096F8683080F84B30494622460DF13F
:10A9900001008DF800A004F1020916F0DAFE04F1BE
:10A9A000B9030DEB09006B44B8F1000F12D09DF80C
:10A9B000E42003F8B82C3A99424616F0CAFE08EB98
:10A9C00009036A4605F14C01384600F006FE0230E4
:10A9D0006880C7E7FF2203F8B82C336E1A68014677
:10A9E000166818460422B047A31DEAE77FB5097828
:10A9F0008DF814100B9903910A9902919DF8241077
:10AA000001919DF82010009105A9FFF794FF07B070
:10AA10005DF804FB2DE9F8430229DDF82490074690
:10AA20000D4690461E4603D809F11103B82B03D9F1
:10AA300000242046BDE8F883FFF7C8FA0446002842
:10AA4000F6D0AD00057098F8003080F84A3097F8DD
:10AA5000683080F84B3000F14C01089A4B46304684
:10AA600000F0BBFD02306080E3E770B50E4615468E
:10AA7000FFF7ACFA044638B10C2300F84A3B2A46EB
:10AA8000314616F066FE6580204670BDF8B50F466B
:10AA900016461D46FFF79AFA044668B12D01282391
:10AAA00045F00305037080F84A50324639464B3072
:10AAB000013616F04EFE66802046F8BD2DE9F047BF
:10AAC0000B78FF2B05460C4690464AD003685B6C1A
:10AAD000984704F14A09064604F10A0AE6B9A27841
:10AAE00049462846FFF7C1FF0746002839D022799A
:10AAF00004F10A010A3000F010FC3B78B88023F022
:10AB0000030343F002033B7032464346394628466E
:10AB1000BDE8F047FFF706BD2B6821461B6C2846B1
:10AB2000984700F59670A2788044334649462846F7
:10AB3000FFF7ACFF074688B1227951460A3000F092
:10AB4000ECFB3B78B88023F0030343F002033B7037
:10AB50000022434639462846FFF7E4FC013EF6B2A0
:10AB6000BCE7BDE8F08770B591F84A6006F00F03C6
:10AB7000032BC2B005460C462FD14B88042B2CD991
:10AB800001A800F0A6FB237822798DF8043004F1A7
:10AB90000A010DF10E0000F0C0FB6288ADF808005C
:10ABA000013A92B204F14B010DF14E00ADF80620CE
:10ABB00016F0CFFD686E036801A91B68984760B95D
:10ABC00001A92846FFF716FE36094FF4967206FBD8
:10ABD000022201A92846FFF771FF002042B070BD94
:10ABE000B82A70B50E46154603D8FFF7EFF90446AC
:10ABF00010B90024204670BD2C2300F84A3B2A4699
:10AC0000314616F0A6FD6580F4E72DE9F0410D7898
:10AC10001746C5F38302092A06460C4620D0013B9D
:10AC2000DAB2022A1CD825F0030545F001050D70A3
:10AC3000406E9B018B8003681B6898472378C3F3A1
:10AC40008303082B0AD0042B14BF012203223B46A6
:10AC500021463046BDE8F041FFF764BC0222F6E72A
:10AC6000BDE8F0812DE9F0411F460B789DF81850A2
:10AC70000646C3F3830009280C4622D0013DE8B202
:10AC800002281ED823F003030B701388706ECB804C
:10AC900053880B810368AD011B688D80984722782B
:10ACA000C2F38302082A0AD0042A14BF0122032215
:10ACB0003B4621463046BDE8F041FFF733BC022257
:10ACC000F6E7BDE8F0812DE9F0410C46069F2578B6
:10ACD00025F0030545F002052570C5F38305092D10
:10ACE00006461146984618D160884A301A462044D4
:10ACF00016F02FFD6388434463800023A38005255D
:10AD0000706E036821461B6898473B462A462146D9
:10AD10003046BDE8F041FFF705BC1A4604F10A00D1
:10AD200000F0FBFA2578A080C5F38305A5F10803A0
:10AD30005D425D41E4E700002DE9F04F0A7802F042
:10AD40000303023B012BF1B005460C4665D8C2F364
:10AD50008303092B8E8854D13F2E1AD891F852E0E4
:10AD60004F88D1F84A20D1F84E300EF0030C093F3D
:10AD700006FA0CF6FFB21FFA86F847450BD80A34DC
:10AD800005680397CDE900E401F1530602966C6D66
:10AD9000A047002032E05336012200F1680102FA98
:10ADA0000CF2A01916F06BFB0028F2D12B6821469B
:10ADB0009B6B284698470028EBD0686E03682146B5
:10ADC0001B6898470028E4D194F90201F5F776FF53
:10ADD0004FF07A51F5F7C6FF4FF08141F5F7C2FF0A
:10ADE000F6F79CF9A3885A1C2344A28098722B681A
:10ADF00021461B6C2846984740F0C06071B0BDE802
:10AE0000F08F0B2B06F03F063CD191F94A30002B16
:10AE100032DB002E42D1930706D42B6821465B6BB0
:10AE2000284698470028B4D12378C3F383020F2A19
:10AE3000AFD801A151F822F05FAF00085FAF000862
:10AE40005FAF000829AF00085DB10008E3B000085B
:10AE5000E3B0000869B000085FAF000893AD0008D8
:10AE60002FB2000893AD000893AD000893AD000821
:10AE700093AD000809B20008002E8AD103689B6ECA
:10AE8000984786E7002EC6D0032B07D14B88032BAB
:10AE900004D90368D1F84A209B6F9847A288920989
:10AEA0000132D2B205F1680104F10A0016F0E7FAA6
:10AEB00000287FF46EAF2B6821469B6B284698478D
:10AEC00000283FF466AF2378C3F383030A2B06D12F
:10AED0002146284671B0BDE8F04FFFF744BE686ECA
:10AEE0000268032B126821460ED1904706460028BF
:10AEF0007FF44FAF21462846FFF77CFC32462146BF
:10AF00002846FFF7DBFD44E7904700287FF441AF78
:10AF100021462846FFF76EFC2B6821461B6C28460D
:10AF2000984740F0807069E76388D4F84A60032B43
:10AF30007FF62FAF686E036821461B68984700288C
:10AF40007FF427AF2B6832469B6F214628469847EF
:10AF50002146284671B0BDE8F04FFFF76CBC94F86D
:10AF60004B308DF81830638894F84A60042B7FF6D4
:10AF700010AF686E036821461B6898478146002819
:10AF80007FF407AF95F86830B3425CD12B6806A90F
:10AF90009B6C2846984704F14C0806460EAF0DF10D
:10AFA000BC0AB1454FDA2B684A46DB6C3946284665
:10AFB000984763884246023B5146384600F031FBD1
:10AFC000031E4EDD22782968C2F38302082A3FD18E
:10AFD0009AF800804FEA981208F03F0602FB0666D6
:10AFE000B21C9B1A56445244DBB20392049373780A
:10AFF00003F00F03CDE901830DF1BD060096D1F8F2
:10B0000058A03B464A4621462846D047C8B1237837
:10B0100013F0020315D1CDE9023301932379009394
:10B0200006A904F10A033A462846FFF784FC0146C4
:10B0300038B14FF4FA730093324643462846FFF77F
:10B0400042FEFF23237021462846FFF7F4FBD5E696
:10B05000CDE901A300970E6D4B4621462846B04727
:10B06000EFE709F101099CE7638894F84A60232B14
:10B070007FF68FAE686E036821461B6898470028EC
:10B080007FF487AE95F86830B3427FF461AF04F186
:10B090004B0606AA04F16B0730687168134603C3B8
:10B0A0000836BE421A46F7D106AA0EA905F1680075
:10B0B000FFF761FB63882FAF213B324639460EA86C
:10B0C00000F0AFFA00287FF743AF2B68CDE900709E
:10B0D0000EAA1E6E214606AB2846B047FF232370FA
:10B0E00036E794F84A308DF818306388032B7FF6E2
:10B0F00050AE686E036821461B68984706460028D4
:10B100007FF447AE2B680EAA1F6F06A904232846BA
:10B11000B84704F14B0A80460DF139090DF1BC0B1B
:10B12000464590DA63884846013B5246594600F04E
:10B1300078FA002809F121090EDD2B682278CDE983
:10B1400000B006EB46165F6F0EAB3344C2F38302CA
:10B1500021462846B84776E70136E1E70EA8FFF713
:10B1600008FA0EAE04F14A0304F16A071868596838
:10B17000324603C20833BB421646F7D16388D4F87F
:10B180006A90632B7FF605AE20220EA905F16800B8
:10B1900016F075F900283FF4FCAD686E036821468F
:10B1A0001B68984700287FF4F4AD0EAF0FCF2FAE89
:10B1B0000FC6B4F8028097E80F00A8F16408B8F150
:10B1C000200FA8BF4FF0200804F1AE0A86E80F0058
:10B1D0004246514638A8CDF8DC9016F0BAFA08F18C
:10B1E00024032FAA04F16E010EA8FFF7CAF9002864
:10B1F0003FF4CFAD2B68CDE900A80EAADE6D214645
:10B200004B462846B0471EE703F00303023B012BE1
:10B210003FF6BFAD686E036821461B68984700285B
:10B220007FF4B7AD2B682146DB6E284628E662889E
:10B23000022A7FF6AEAD94F84A3003F00F03032BD9
:10B240007FF4A7AD042A7FF6A4AD2FA800F041F843
:10B25000237822798DF8BC3004F10A010DF1C60083
:10B2600000F05BF86288ADF8C000013A92B204F1D8
:10B270004B010DF58370ADF8BE2016F06AFA686ECA
:10B2800003682FA91B68984700287FF482AD2B68BC
:10B29000DDF806219B6F2FA92846984779E500BF66
:10B2A0002DE9F0410D7825F0030545F002050D70FC
:10B2B0000646406E0368002517460C468D801B68C5
:10B2C00098473B462A4621463046BDE8F041FFF705
:10B2D00029B90022027082804280704700F03F034B
:10B2E0008009032800F1010206D013FB02F0402878
:10B2F000CCBF0020012070470020704710B5930993
:10B3000002F03F0403FB0444402C04DC224616F008
:10B3100020FA204610BD0024FBE710B51446FFF7C5
:10B32000EDFF204610BD83889A0903F03F0302FB1E
:10B33000033342880078DBB2023310F00300134479
:10B3400005D0C21E5042504180001844704704206E
:10B35000FBE730B50446A1B002A80D4609F024F879
:10B3600023780122C3F383030DF1070102A88DF8AE
:10B37000073009F001F99DF80730092B04D10222AA
:10B38000211D02A809F0F8F8628804F14A0102A818
:10B3900009F0F2F808220DEB0200294609F01EF927
:10B3A00002A808F0E7FF21B030BDA0F14103052B52
:10B3B00002D83738C0B27047A0F16103052B01D81D
:10B3C0005738F7E73038C0B20A2828BF0020704746
:10B3D00037B50368144604220D461B680DEB0201C5
:10B3E00098470198621BB0FBF2F302FB130028445C
:10B3F00003B030BDF0B50B4D03468E18B14203F1DA
:10B40000020303D1002300F81230F0BD11F8014B04
:10B41000270904F00F04EF5D2C5D03F8027C03F8AC
:10B42000014CEBE7884402082DE9F041DFF8308059
:10B4300005460C468F18BC4201D1BDE8F08114F8D6
:10B44000016B330906F00F0618F80310284611F0B7
:10B45000B3FF18F80610284611F0AEFFEBE700BF67
:10B4600088440208F8B5064610460D461446F5F71E
:10B47000BFFEB0EB450F17D1224631468B1BAB42C6
:10B4800002F1020201DB0120F8BD12F8020C12F8F1
:10B49000017CFFF78AFF04463846FFF786FF40EA43
:10B4A000041001F8010BE9E70020EDE7F0B50446D0
:10B4B0000020074625780DB1904208DB214614F89C
:10B4C000012B1AB19A42F9D100230B70F0BD41F85B
:10B4D000204025462E782C4601351EB19E42F9D1DA
:10B4E00027702C460130E5E7F0B59FB01F461646A1
:10B4F000044668460D4608F057FF3A46314668460E
:10B5000009F03AF8DDE92412684609F035F82A46D0
:10B510002146684609F062F8684608F02BFF1FB024
:10B52000F0BD2DE9F041B0B0064601A815460C4625
:10B530001F4608F003F93146102201A808F0AEF8C2
:10B540002E46A6EB0508B84506DB01A808F08CF8E6
:10B55000404630B0BDE8F0813246214601A808F0EF
:10B56000DDFA10341036ECE72DE9F043B5B00646AD
:10B5700005A81C460F46154608F0E0F83146102293
:10B5800005A808F08BF807EB04092E190F2CA9EB7E
:10B590000405A6EB040819DC002C0FDD10220021A5
:10B5A00001A815F096FF2246414601A816F0D1F8F1
:10B5B000294601AA05A808F09DF9103505A808F04C
:10B5C00053F8ED1B284635B0BDE8F08342462946C6
:10B5D00005A808F08FF9103CD8E7F0B58F1CA1B092
:10B5E0000E4639460546FFF7BFFF044602A808F09D
:10B5F000DBFE294602A8202209F03DF82246394602
:10B6000002A808F0B9FF02230093202233462946FE
:10B6100002A809F048F802A808F0ACFEA01C21B06E
:10B62000F0BD2DE9F043022BA3B005460F461646A8
:10B630001C4603DC002023B0BDE8F08304A808F01A
:10B64000B3FE06F102082022294604A8023C09F0B4
:10B6500012F84FF002092246414604A808F08CFF78
:10B660002022294603AB04A8CDF8009009F01BF86E
:10B6700004A808F07FFE4A46314603A815F0FFFEF5
:10B680000028D7D12346424639462846FFF749FFCE
:10B69000D1E703780B70427862B343F010030B706C
:10B6A0008368C1F80130C368C1F805300923028AF4
:10B6B00032B10A7842F020020A70028ACA5202337A
:10B6C000428A32B10A7842F040020A70428ACA5273
:10B6D0000233426862B1127852B10A7862F07F0296
:10B6E0000A704268013A12F8010F08B1202B03D109
:10B6F000D8B270470123DAE7C8540133F3E738B50D
:10B700000023837004460878E362C4E90933637058
:10B71000C30641BFD1F801306362D1F80530A3629E
:10B720004CBF09230123850642BFCD5AA5850233AC
:10B73000450642BFCD5AE58502339A4220700DDBA3
:10B74000000609D5D51A07D02A461944A01C16F0C0
:10B7500000F862190023937001236370204638BDFE
:10B76000014809F085BE00BF703100202DE9F0438B
:10B7700007460024ADF5037D08463960C7F8844CC0
:10B780003E49904609F091FF00284DD03AA83B4A27
:10B790003968234609F07FFF3AA80AF0E4F8002848
:10B7A00042D04FF0A00912A8FEF7E3FEA02200212C
:10B7B00012A815F08EFE202202A93AA80AF051F82C
:10B7C000202804462DD101221AA93AA80AF049F8E6
:10B7D0000128054625D1042235A93AA80AF041F8E6
:10B7E00004281ED1022201A93AA80AF03AF8022838
:10B7F00017D12A460DF169013AA80AF032F801285A
:10B800000FD140220DF16A013AA80AF02AF8402827
:10B8100007D122460DF1AA013AA80AF022F8202801
:10B8200006D03AA80AF057F80DF5037DBDE8F0837D
:10B8300002AD0FCD0AAC0FC495E80F0084E80F00ED
:10B840000AAE0FCE12AD0FC594E80F0085E80F00C9
:10B85000404602AA0DF1AA01FEF78DFFD7F8840C2D
:10B860001328DEDC431C09FB0070C7F8843CA022CF
:10B8700012A9043015F06DFF95E700BF9944020846
:10B880002DE9F843D0F8849C0E461746041D002588
:10B89000A94504DC4FF000084046BDE8F883214686
:10B8A0003A46304615F0EBFDA046A0340028F3D010
:10B8B0000135EDE72DE9F74FD0F8848C05460C46AD
:10B8C000914600F6E436071D4FF0000A4FF0FF3BAB
:10B8D000D04525DCB8F1140F07D008F10103C5F8F5
:10B8E000843CA02303FB08552E1DA02200213046D6
:10B8F00015F0EFFD234686F82090344603F120052D
:10B9000018685968224603C20833AB421446F7D17F
:10B91000FF2386F821303346184603B0BDE8F08F88
:10B92000202239462046019715F0A9FD3B46002804
:10B93000F2D097F8203003F00303032B05D0D7F89B
:10B9400088305B453CBF3E469B460AF1010AA03762
:10B95000BEE700002DE9F04188B015469DF838801B
:10B9600018F0030F04460F461A461FD12946FFF769
:10B9700087FFE8B1D4F8845C1C4A6B1EC4F8843C91
:10B98000231DC31A581150432A1AA0214A43A03A32
:10B9900003F1A40104338542D8BF00222144E018FA
:10B9A00015F07DFD012008B0BDE8F0811F2B01DC02
:10B9B0000020F8E76A462B4605F1200E94461868E9
:10B9C0005968164603C6083373453246F7D16146B7
:10B9D00000222046FFF76EFF2A4680F8208000F103
:10B9E00062013846FEF7C7FEDCE700BFCDCCCCCC09
:10B9F0002DE9F0430C46CBB00160064631492046A4
:10BA0000174609F05EFE02A82E4A0123214609F0DE
:10BA100042FE02A809F0A7FFE0B10025ADF80450EE
:10BA200006F16604D6F8843CAB4210DD14F8423CC3
:10BA300013B90135A034F5E7A4F162086FB94146A6
:10BA4000202202A809F051FE202880460AD002A830
:10BA500009F041FF4BB0BDE8F0834046B8470028ED
:10BA6000EDD1E6E70122A4F1420102A809F03DFE72
:10BA700001288146EBD1042204F12A0102A809F031
:10BA800034FE0428E3D1022201A902A809F02DFE08
:10BA90000228DCD14A46A4F1410102A809F025FEA2
:10BAA0000128D4D14022A4F1400102A809F01DFED2
:10BAB0004028CCD14246214602A809F016FE202893
:10BAC000B7D0C4E79944020810B5421E0A240020EA
:10BAD00012F8013F303BD9B2092900D910BD04FB4F
:10BAE0000030F5E710B50446F5F782FB0021231876
:10BAF000A34203D913F8012C202A00D010BD03F86B
:10BB0000011DF5E770B5CAB00446002302A809F08C
:10BB1000C2FD02A809F027FF002800F0008261683A
:10BB2000042202A809F09DFE61682022043102A8C7
:10BB300009F097FE0422694602A809F092FE6168A6
:10BB4000082228310DEB020009F08BFE6168082203
:10BB500030310DEB020009F084FE616810223831AB
:10BB600002A809F07EFE61680422483102A809F0AB
:10BB700078FE616801224C3102A809F072FE61680A
:10BB800001224D3102A809F06CFE616801224E319C
:10BB900002A809F066FE0122694602A809F061FECA
:10BBA00061680422503102A809F05BFE616804223A
:10BBB000543102A809F055FE61681022583102A8DC
:10BBC00009F04FFE61680422683102A809F049FEBD
:10BBD0000422694602A809F044FE6168012270311E
:10BBE00002A809F03EFE61680122713102A809F045
:10BBF00038FE61680122723102A809F032FE6168E4
:10BC00000122733102A809F02CFE6168042274310C
:10BC100002A809F026FE616801227C3102A809F021
:10BC200020FE6168012201F2251102A809F019FE27
:10BC30006168012201F5937102A809F012FE012248
:10BC4000694602A809F00DFE61680122783102A858
:10BC500009F007FE616801224F3102A809F001FED8
:10BC6000616801227B3102A809F0FBFD61680122B5
:10BC70007D3102A809F0F5FD616802227E3102A83B
:10BC800009F0EFFD61680122803102A809F0E9FDA9
:10BC900061680422843102A809F0E3FD6168012291
:10BCA000883102A809F0DDFD61681022893102A8FF
:10BCB00009F0D7FD61680122993102A809F0D1FD90
:10BCC0000322694602A809F0CCFD616801229A317D
:10BCD00002A809F0C6FD616804229C3102A809F09F
:10BCE000C0FD61680122A03102A809F0BAFD6168B7
:10BCF0000422A43102A809F0B4FD61680422A8312D
:10BD000002A809F0AEFD61687822AC3102A809F002
:10BD1000A8FD6168012201F5927102A809F0A1FD58
:10BD200061680122793102A809F09BFD6168012256
:10BD30007A3102A809F095FD65682E6D0021304624
:10BD4000F5F7AEF9002840F0EC807D493046F5F774
:10BD5000C5F900B17A4E2E656E6D00213046F5F7BB
:10BD60009FF9002840F0DF804FF080413046F5F722
:10BD7000B5F908B14FF080466E65AE6E00213046D1
:10BD8000F5F78EF9002840F0D0804FF08041304622
:10BD9000F5F7A4F908B14FF08046AE662E68002191
:10BDA0003046F5F77DF9002840F0C18065493046FE
:10BDB000F5F794F900B1634E2E60AE6C62493046DF
:10BDC000F5F76EF9002840F0B48060493046F5F789
:10BDD00085F900B15D4EAE646E6F5D493046F5F792
:10BDE0005FF9002840F0A7805A493046F5F776F908
:10BDF00000B1584E95F870306E670C2B28BF0C239D
:10BE0000052B38BF052385F87030626892F87130D1
:10BE1000082B28BF0823052B38BF052382F8713073
:10BE2000626892F94C301E2BA8BF1E236FF00801E8
:10BE30008B42B8BF0B4682F84C30626892F8733080
:10BE4000012B28BF012382F873306668D6F8A8500A
:10BE500000212846F5F724F900286ED13E492846EE
:10BE6000F5F73CF900B13C4D96F82531C6F8A850DD
:10BE7000022B28BF022386F82531626892F87D30B4
:10BE8000012B28BF012382F87D306368B3F87E2040
:10BE900042F210718A4228BF0A46A3F87E2093F826
:10BEA0008020012A28BF012283F880206268D2F80E
:10BEB0008430B3F5E13F28BF4FF4E133B3F5165FAB
:10BEC00038BF4FF41653C2F8843092F888300E2BE6
:10BED00028BF0E2382F88830626892F89930012BCF
:10BEE00028BF012382F89930626892F89A30012BBA
:10BEF00028BF012382F89A30626892F8A030022BA2
:10BF000028BF022382F8A030626892F82431012B06
:10BF100028BF012382F8243102A809F0DCFC4AB0D2
:10BF200070BD002617E7002626E7002635E7002625
:10BF300042E7054E4FE7064E5CE7002594E700BF59
:10BF40000000A041000010410000164300401C45C5
:10BF50009A99F9400000FA4300002041426892F8A3
:10BF60004E305B003B2BDCBF002382F84E308068F4
:10BF700003681B68184700002DE9F0431446426827
:10BF800092F8A03087B0151D63B98DF804108DF8B4
:10BF900005300295214601A80593FFF77AFB07B00B
:10BFA000BDE8F083012B1FD10269D2E90289D2E9F1
:10BFB00004678DF804108DF8053040460EA3D3E9D0
:10BFC000002349460295F4F777FAF4F725FD0AA312
:10BFD000D3E90023039039463046F4F76DFAF4F7BD
:10BFE0001BFD00230490D5E7D2E90A89D2E90C674A
:10BFF00001238DF80410DEE70000000080842E414C
:10C000002DE9F047171DA8B0044689461646A449F5
:10C010000A2238461D4615F032FA00284AD106F1A8
:10C020000E0014F002F8F4F73FFD4FF07E51064683
:10C03000F5F736F820B99B493046F5F74FF830B19F
:10C040009949284628B0BDE8F04715F07ABB31463B
:10C0500094486768F4F73AFF4FF07E51F4F778FDA3
:10C0600038602046FFF77AFF63684FF07E5118680A
:10C07000F4F770FD01468B48F4F728FF0646F5F704
:10C080004DF80446F4F71AFE01463046F4F760FD19
:10C090008649F4F767FE4FF07C51F4F75BFDF5F746
:10C0A0003DF8834903462246284628B0BDE8F047BC
:10C0B00015F024B97F490322384615F0E0F950B94C
:10C0C000F01D13F0B2FFF4F7EFFC66683060204615
:10C0D000FFF744FFD3E278490B22384615F0CFF939
:10C0E00038B906F10F0013F0A3FF636883F87B00F3
:10C0F000EDE772491322384615F0C1F9C0B906F1CF
:10C10000170013F095FF00286368B8BF0330801054
:10C1100083F87C002046FFF721FF6368684993F8A5
:10C120007C209200284628B0BDE8F04715F0E6B81C
:10C1300064490B22384615F0A2F938B906F10F0010
:10C1400013F076FF636883F87300C0E75E4910223E
:10C15000384615F094F960B95C49022206F11400E2
:10C1600015F08DF96368B0FA80F0400983F8720029
:10C17000ADE757491622384615F081F990B906F116
:10C180001A00FFF7A1FC431E012B01D9A82801DDED
:10C19000504956E7636883F84F00A0680368DB697D
:10C1A000984794E74C491022384615F068F9A8B929
:10C1B00006F11400FFF788FC431E3A2B01D9F02842
:10C1C00002DD46493C22ADE7636800EBD0704010C9
:10C1D00083F84E00A06803689B69E1E740490F229D
:10C1E000384615F04CF938B96068102206F1130191
:10C1F000583002F005FA6AE73A490822384615F045
:10C200003EF938BB06F10C0240216846FFF72AF9D7
:10C21000F0B16846FEF7DEF9D0B110A8FEF7B8F924
:10C2200040220DEB02006946FEF770FAA068036831
:10C2300010A99B6C98472C49284615F082FA2022B9
:10C2400010A905F12100FFF7D5F828B0BDE8F08767
:10C250002649F6E626490522384615F010F9002849
:10C260004CD1244906F1080212F8013F2BB960684D
:10C27000202206F109010430BBE73A2B09D8292B0B
:10C28000F2D92A3BDBB221FA03F3DB07ECD51A49DA
:10C29000D7E63F2BFBD05B3B022BE5D8F7E700BF8F
:10C2A000D24402080000C842DD44020800002041D8
:10C2B000FC440208094502080D4502081945020818
:10C2C0002D45020849450208554502083D4E020821
:10C2D000664502087D4502086C450208A245020831
:10C2E000CA450208DA450208E34502080546020885
:10C2F0001446020805000100DC4702089E49072297
:10C30000384615F0BCF8C0B99C49032206F10B0071
:10C3100015F0B5F86368B0FA80F0400983F84D0075
:10C320002046FFF71BFE6368954A93F84D10954B26
:10C3300000290CBF1146194683E693490622384668
:10C3400015F09DF88046002857D104F11C0306F132
:10C350000A0118461E4615F0F4F92C23042210A9F0
:10C360003046FFF7A3F8071E45DD1098414614F04C
:10C37000EFFD012F82463ED01198414614F0E8FDB2
:10C38000022F814637D0129813F052FE032F064633
:10C3900004D0139813F04CFE5FFA80F87B495046A6
:10C3A000F4F792FE38B37A495046F4F783FE10B39F
:10C3B000F6B2731F072B1ED8A8F10503032B1AD85A
:10C3C00074494846F4F780FEA8B173494846F4F72B
:10C3D00071FE80B1636883F87060636883F8718070
:10C3E0006368A068C3F848A0C3F8749003681B682A
:10C3F00098476A4925E66A4923E66A49042238468D
:10C4000015F03DF838B906F10800676813F00DFE25
:10C41000C7E90A015BE664490422384615F02FF8A3
:10C4200038B906F10800676813F0FFFDC7E90C0191
:10C430004DE65E490822384615F021F8A0B906F10C
:10C440000C0013F0F2FDF4F72FFB00210646F4F781
:10C450003BFE38B156493046F4F72CFE10B1636804
:10C460001E6534E65349ECE553490822384615F079
:10C4700006F8A8B906F10C0013F0D7FDF4F714FB89
:10C4800000210646F4F720FE40B14FF080413046CF
:10C49000F4F710FE10B163685E6518E64749D0E511
:10C4A00047491322384614F0EAFF60B906F1170035
:10C4B00013F0BEFDC0B2402803D8636883F879004A
:10C4C00005E64049BDE540491122384614F0D7FF42
:10C4D00050B906F1150013F0ABFDC0B24028F0D8FA
:10C4E000636883F87A00F2E538490A22384614F086
:10C4F000C6FF50B906F10E0013F09AFDC0B24028F5
:10C50000DFD8636883F87800E1E531490F223846C7
:10C5100014F0B5FFA8B906F1130013F086FDF4F787
:10C52000C3FA00210646F4F7CFFD0028B6D04FF03D
:10C5300080413046F4F7BEFD0028AFD063689E66A8
:10C54000C5E524490B22384614F099FF002843D151
:10C5500063680E36AC3316F8011F21B16268AC3245
:10C560009A1A762A02D900221A70B0E57C2908BFEF
:10C570000A2103F8011BEEE71A460208FE480208EA
:10C58000BC440208A5440208F54C0208000016430A
:10C5900000401C450000E0400000FA43224602082B
:10C5A0003746020853460208584602085D4602080C
:10C5B0000000A04166460208D34602087A460208F7
:10C5C0008D460208A1460208AF460208C14602088D
:10C5D000CC460208DC46020855490F22384614F0C2
:10C5E0004EFF60B906F1130013F022FDC0B202281D
:10C5F00003D8636883F8250169E54E4921E54E4972
:10C600000C22384614F03BFF18BB10364B4903226E
:10C61000304614F034FFA0B149490722304614F0E7
:10C620002EFF68B147490822304614F028FF60B158
:10C6300045490622304614F022FF40B1434900E547
:10C640000120636883F8260141E50220F9E7032011
:10C65000F7E73F490322384614F011FF88B9F01D6F
:10C6600013F0E6FC636883F84C002046FFF776FC85
:10C67000D4E90120036892F94C10DB6A98473549E8
:10C68000DFE4B9F1000F11D133490522384614F027
:10C69000F6FE58B906F1090013F0C7FCF4F704FAE6
:10C6A0006668B0642046FFF759FCA2E62B490F22CA
:10C6B000384614F0E4FE68BB06F1130013F0B5FC35
:10C6C000F4F7F2F963680146C3F8A800E06803686C
:10C6D0009B689847C0B12046FFF740FC6368D3F8D9
:10C6E000A84000212046F4F7D1FC08B11C49A8E479
:10C6F0002046F3F789FE0B461A490246284628B021
:10C70000BDE8F04714F0FABD636817490022C3F88A
:10C71000A82096E41549284615F013F88F223946CB
:10C7200005F1100028B0BDE8F04701F069BF00BF77
:10C73000E8460208F846020811470208FE480208C7
:10C74000044902080E490208194902081E47020856
:10C7500050470208583E0208544702085A47020848
:10C760006A4702088E470208AA470208CB47020818
:10C770002DE9F04102F1040896B005460F46164631
:10C78000A349092240461C4614F079FE28BB6B6879
:10C790004FF07E511868F4F7DDF901469D48F4F733
:10C7A00095FB0646F4F7BAFC0546F4F787FA01460E
:10C7B0003046F4F7CDF99849F4F7D4FA4FF07C51AC
:10C7C000F4F7C8F9F4F7AAFC944903462A46204630
:10C7D00016B0BDE8F04114F091BD914902224046E7
:10C7E00014F04DFE28B96B68186801F023FF02466B
:10C7F00050E08C490A22404614F041FE48B96B686B
:10C8000093F87B208849204616B0BDE8F04114F02B
:10C8100075BD86491222404614F031FE20B96B687E
:10C8200093F87C209200EDE781490A22404614F0FB
:10C8300026FE18B96B6893F87320E3E77D490F2251
:10C84000404614F01CFE40B96B687B4A93F87210A6
:10C850007A4B002918BF1A461CE079491522404638
:10C8600014F00DFE18B96B6893F84F20CAE77549AC
:10C870000F22404614F003FE20B96B6893F84E2057
:10C880005200BFE770490E22404614F0F8FD18B977
:10C890006A6858326D49B6E7DFB96D4907224046EC
:10C8A00014F0EDFDA8B9A86803685B6C98474022B6
:10C8B00006A9FDF707FF1C35024606A92846FEF724
:10C8C00099FD62492A46204614F018FD16B0BDE8CD
:10C8D000F08160490422404614F0D1FD10B96A6825
:10C8E0000432D7E75C490622404614F0C8FD28B957
:10C8F0006B68524A93F84D104F4BAAE757490322F1
:10C90000404614F0BCFD28B96B68D3E90A01F4F77E
:10C91000CBF86AE752490322404614F0B0FD18B93B
:10C920006B68D3E90C01F2E74E490522404614F04A
:10C93000A6FDE8B96B68986C01F07CFE014602A880
:10C9400014F0FFFE6B68586F01F0EAFE014606A87E
:10C9500014F0F7FE6B68444993F87120019293F844
:10C960007030009302AA06AB204614F0C7FCADE776
:10C970003E490722404614F082FD10B96B68186DDD
:10C9800033E73B490722404614F079FD10B96B6844
:10C99000586D2AE737491022404614F070FD18B947
:10C9A0006B6893F87A202DE733491222404614F041
:10C9B00066FD18B96B6893F8792023E72F4909229F
:10C9C000404614F05CFD18B96B6893F8782019E7BD
:10C9D0002B490E22404614F052FD10B96B68986E38
:10C9E00003E728490A22404614F049FD002854D1A3
:10C9F00023463E2203F8022B202262706968AB3185
:10CA000011F8012F002A3FD100221A705EE700BF03
:10CA1000ED4702080000C84200002041F747020825
:10CA20000148020809480208144802081948020887
:10CA30002C48020837480208FE4802083D4E02080A
:10CA4000474802084D4802085D48020804480208A9
:10CA50006C480208344A0208744802087B480208FD
:10CA60007F4802088B4E020883480208914802085A
:10CA7000CE48020899480208AA480208BD480208A0
:10CA8000C7480208D6480208181B9E28BCDC0A2AA0
:10CA900008BF7C2203F8012BB2E755490E2240461D
:10CAA00014F0EDFC18B96B6893F82521AAE65149FA
:10CAB0000B22404614F0E3FC98B96B6893F82631DA
:10CAC00033B94D49204616B0BDE8F04114F039BEE7
:10CAD000012B01D14949F5E7022B0CBF48494949CF
:10CAE000F0E749490222404614F0C9FC38B9B3794D
:10CAF00013F0DF0F03D16B6893F94C2082E64349B2
:10CB00000422404614F0BBFC10B96B68986C6CE6CC
:10CB10003F490A22404614F0B2FC78B93D4920460C
:10CB200014F00FFEA86803685B6C9847202201464A
:10CB3000A01C16B0BDE8F041FEF75CBC36490422EB
:10CB4000404614F09CFC20B9A8680368DB6898474D
:10CB50004DE632490B22404614F091FC08B9304AA8
:10CB600098E630490E22404614F089FC08B92E4957
:10CB7000A8E72E490E22404614F081FCB0B9E868BF
:10CB80000368DB68984700210546F4F77FFA08B18F
:10CB9000274997E72846F3F737FC0B462549024615
:10CBA000204616B0BDE8F04114F0A8BB22490E2281
:10CBB000404614F064FC08B9204983E720490D225F
:10CBC000404614F05CFC08B91E497BE71E4911225F
:10CBD000404614F054FC0028F6D01C490D22404673
:10CBE00014F04DFC0028EFD0194942460BE600BF77
:10CBF000E1480208F0480208FC480208024902081D
:10CC00000C49020817490208204902082349020872
:10CC1000284902084D4002083349020838490208F1
:10CC20004449020849490208584902086B49020868
:10CC3000AA4702087A490208814902089049020875
:10CC40009E490208AC490208D2490208E449020898
:10CC5000F24902082DE9F04F0023137089B0054610
:10CC60000F4614460B461E4601333278202AFAD06E
:10CC700096490A22304614F052FC002878D1B37A43
:10CC800013F0DF0F74D106F10A031E460133327828
:10CC9000202AFAD03046FEF725FF337833B98C4985
:10CCA000204609B0BDE8F04F14F04BBD6B694FF062
:10CCB000000903F28C483378202BB34606F10106B5
:10CCC000F9D0002B4CD05B461A781E46013322B1B6
:10CCD000202AF9D186F800901E46D5F814A05B46AC
:10CCE0001A4613F8017B6FB17C2F01D02C2FF7D19E
:10CCF00082F800901F4613F8012B202AFAD03846FC
:10CD0000FEF7F0FE59461BF8013B202BFAD00BB979
:10CD10007049C5E71FB13B780BB96F49C0E7B8F858
:10CD2000002003910023504601F07CF803998046CF
:10CD300040B96A4A0B46A021204609B0BDE8F04F31
:10CD400014F0A8BA80F80490002FB4D039465046A9
:10CD500001F0B6F880460028ADD1614A3B46EAE7CB
:10CD60006869A022214609B0BDE8F04F01F094B9EE
:10CD700038462023042204A9FEF798FB0128074621
:10CD800007D16869A022214601F086F909B0BDE803
:10CD9000F08F40F36481059E52493046F4F71EFA45
:10CDA00020B9A86803685B6D9847EFE74E493046A5
:10CDB000F4F714FA98B9D5E9000603681B68984798
:10CDC000C6F8A4002846FFF7C9F8A86803689B6D59
:10CDD0009847464A4649002808BF114660E7022F97
:10CDE00064D044493046F4F7F9F960B906996869A6
:10CDF00001F066F828B1037923F0010303713C497F
:10CE00004EE73D494CE73D493046F4F7E7F948B96C
:10CE10000699686901F054F80028F2D0037943F0CC
:10CE20000103EBE736493046F4F7D8F938BB0699E9
:10CE3000686901F045F806460028E2D04188686933
:10CE400001F07CF83379721D70B1018861B12D4910
:10CE500013F0010F2C4B18BF0B4600932B49431DB9
:10CE6000204614F04BFA91E7274913F0010F2046B2
:10CE7000244B08BF0B46264914F040FA86E72549A3
:10CE80003046F4F7ABF900284CD10699686901F0F7
:10CE900017F806460028B4D00146686901F069F821
:10CEA0001D49721D204614F029FA6FE719493046D2
:10CEB000F4F794F9002872D1686901F057F810B1BD
:10CEC000421D1649EEE7164AFBE700BF0D4A02086D
:10CED000184A0208284A0208394A02084A4A02083F
:10CEE0005F4A0208764A02087B4A0208F9490208AA
:10CEF000583E0208804A0208874A02089C4A0208F3
:10CF0000A24A02085354020858DF0208A64A02083F
:10CF1000B24A0208B94A0208BE4A0208CE4A0208CA
:10CF20000B4A02084F493046F4F758F9002845D11A
:10CF3000069F4D493846F4F751F9064668696EB9BF
:10CF4000314601F020F8A86803683146DB6D984748
:10CF5000A86803689B6D98474449A1E6394600F0EC
:10CF6000AFFF064638B9034602460699686900F0E5
:10CF700059FF064688B1002333716869314601F0D4
:10CF800002F8A86803683146DB6D9847A868036813
:10CF90009B6D98473649721D84E7364980E63149D2
:10CFA0003046F4F71BF9002859D1686900F0E5FF15
:10CFB00010B1421D304975E72B4AFBE72F49304637
:10CFC000F4F70CF9B8B9032F686905D0079900F098
:10CFD00077FF18B92A4963E600F28C400288069967
:10CFE0006869002300F01EFF08B9264958E60023AF
:10CFF0002549037154E625493046F4F7EFF878B92E
:10D000000699686900F0DEFE014638B1686900F0F3
:10D01000BEFF00287FF4F3AE1D4941E61D493FE6FF
:10D020001D493046F4F7DAF8C8B9069E1B49304668
:10D03000F4F7D4F838B11A493046F4F7CFF808B10C
:10D0400018492DE60120009068690123A02221469D
:10D0500001F03CF800287FF499AE134920E613490B
:10D060001EE600BFDA4A0208F84A0208E24A02084D
:10D07000FF4A0208184B0208304B02086A4B0208AC
:10D08000454B02085A4B02086E4B0208834B0208BC
:10D090008A4B02089A4B0208BA4D0208AA4B0208B2
:10D0A000B24B0208B94B0208A53C0208D94B020852
:10D0B0002DE9F04F14468DB00546884608227A497E
:10D0C00020461E4614F0DBF928B178490822204694
:10D0D00014F0D5F930B9E86803681B6A0DB0BDE8F3
:10D0E000F04F184772490622204614F0C8F918B9C3
:10D0F000E8680368DB69F1E76E490922204614F00D
:10D10000BEF928B928686C4903685B689847EFE75F
:10D110006A490E22204614F0B2F980B9A27B12F0BF
:10D12000DF020CD1A868036840F2DC515B699847C4
:10D13000634930460DB0BDE8F04F14F002BB6149C1
:10D140000622204614F09BF940B9A868036840F213
:10D15000DC515B69012298475B49EAE75B490A2297
:10D16000204614F08CF930BB286803681B68984788
:10D1700080451ED9286803685B6808F1010198475B
:10D18000286803681B689847014604A808F026F938
:10D190009DF810309DF813204D4903F5FA63029372
:10D1A0009DF8113001939DF8123000939DF81430D2
:10D1B0002FE04849BDE748490922204614F05FF9AD
:10D1C00048B9E8686968036832461B6C04319847BF
:10D1D00010BB4249ADE742490522204614F04FF901
:10D1E000E8B9286803681B689847014604A808F056
:10D1F000F5F89DF810309DF813203A4903F5FA63CD
:10D2000002939DF8113001939DF8123000939DF820
:10D210001430304614F072F80DB0BDE8F08F32498A
:10D220000522204614F02BF980B9601DFEF74CFC56
:10D230000446286803681B689847844204D9286814
:10D24000036821465B689AE7284972E72849092262
:10D25000204614F014F938B9A86803681B6B3146EE
:10D260000DB0BDE8F04F184722491022204614F0B7
:10D2700006F9002844D110342046F3F7B9FF4028BE
:10D2800028BF402047102246394604A8FEF7EAF896
:10D2900038B1A868036804A95B6B3A4698471649F9
:10D2A00047E7164945E700BFEB4B0208F44B02087D
:10D2B000004C0208FD4B0208EF934466074C02083D
:10D2C000164C0208A34802082F4C0208404C0208E2
:10D2D0004B4C0208744C0208934C02089D4C020807
:10D2E000A34C02085B4C0208A94C0208AF4C020890
:10D2F0009D3E0208D04C0208583E0208E14C02084C
:10D30000A2490A22204614F0BAF8074600286BD139
:10D3100005F11C0304F10A0118461C4614F011FA29
:10D320002C23052204A92046FEF7C0F8B0F100081E
:10D3300058DD0498394613F00BFEB8F1010F83460F
:10D3400046D00598002113F003FEB8F1020F814684
:10D3500043D0069812F06CFEB8F1030F5FFA80FA22
:10D360003ED0079812F064FEB8F1040FC4B203D0A7
:10D37000089812F05DFE074685495846F3F7A4FE6B
:10D3800080B384495846F3F795FE58B3AAF10503D4
:10D39000072B27D8631F032B24D87F494846F3F770
:10D3A00093FEF8B17D494846F3F784FED0B1002FD3
:10D3B00018DDA8680368CDE900474A461C6D594648
:10D3C0005346A04776493A46304613F097FF23E785
:10D3D0000024A2464FF00009CEE70024A246CBE786
:10D3E0000024C9E76F49A4E66F490922204614F0DA
:10D3F00046F8B8B96868102204F10901383001F024
:10D40000FFF82846FEF7AAFD6849304614F099F95E
:10D4100069689122383106F10E000DB0BDE8F04F79
:10D4200001F0EEB862490B22204614F028F828B922
:10D43000A8680368DB6C98475E497AE65E49042277
:10D44000204614F01CF840B933462246414628468F
:10D450000DB0BDE8F04FFFF78BB9584904222046C4
:10D4600014F00DF840B933462246414628460DB027
:10D47000BDE8F04FFEF7C4BDB8F1000F14D150491C
:10D480002046F3F7ABFE78B9A86803681B69984794
:10D490004C4A4D4B4D49002818BF1A4630460DB036
:10D4A000BDE8F04F13F02ABF49490322204613F08C
:10D4B000E6FF88B9A86803685B6898470446A868CF
:10D4C00003689B68984743490346224630460DB09F
:10D4D000BDE8F04F13F012BF3F490522204613F07C
:10D4E000CEFF28B9E86803681B699847014620E623
:10D4F0003A490B22204613F0C2FF0746F8B904F15F
:10D500000B082C6923682046DB6898470546BD4216
:10D510000FDD236839461B69204698474146F3F7DB
:10D520005DFE40B9236839465B692046984702464C
:10D5300018B92B49FDE50137E9E72A49AEE72A4941
:10D540000B22204613F09BFF002855D105F11C0348
:10D5500004F10B0118461C4614F0F3F820230222B4
:10D5600004A92046FDF7A2FF00280ADD012804993E
:10D5700008D0059A286903689B69984720B11B4920
:10D58000D7E51B49164AF5E71A49D2E5F14C0208DE
:10D590000000164300401C450000E0400000FA4334
:10D5A000FC4C0208194D0208D04502082F4D020814
:10D5B0003E4D02084A4D0208894D0208954D020869
:10D5C0005C4E0208E24B0208583E02085D4D02081C
:10D5D00054490208734D0208C5470208824D0208EB
:10D5E000E64B0208044802088E4D02089A4D0208D4
:10D5F000535402089D4D02086E490B22204613F039
:10D600003EFF0746002842D128690368DB68984737
:10D6100080462046F3F7ECFD0B2804D904F10C00FA
:10D62000FEF752FA0746474501DB634981E5634946
:10D63000DFF88C914246304613F060FE3046F3F737
:10D64000D7FD3418A31B852B05DDB8451BDD5D49CF
:10D650003A46204623E72869036839461B699847FC
:10D6600082462869036839465B69984752460346F3
:10D670004946204613F042FE2046F3F7B9FD013734
:10D68000B8450444DED1002304F8013CC4E54E490A
:10D690000622204613F0F3FE38B9324621462846CA
:10D6A0000DB0BDE8F04FFFF7D5BA48490E2220462D
:10D6B00013F0E5FE08B946493BE546490F222046EE
:10D6C00013F0DDFE38B96B6883F899002846FEF741
:10D6D00045FC41492DE541490B22204613F0CFFE80
:10D6E00030B96B6893F89930002BF2D03C4920E5B3
:10D6F0003C490922204613F0C2FE30B9A8680368ED
:10D7000001211B6A9847384913E538490822204609
:10D7100013F0B5FE014628B9A86803681B6A98474C
:10D72000334906E533490922204613F0A8FE28B9FB
:10D73000A86803685B6A98472F49FAE4B8F1000FBC
:10D7400035D12E490322204613F099FE28B9A86846
:10D7500003689B6A98472A49EBE42A490D22204630
:10D7600013F08DFE38B9637B13F0DF0F03D1A86887
:10D7700003681B6C73E524490B22204613F07FFEDF
:10D7800038B9E37A13F0DF0F03D1A8680368DB6BC5
:10D7900065E51E490A22204613F071FE38B9A37AC6
:10D7A00013F0DF0F03D1A86803689B6B57E5184996
:10D7B000BFE400BFB34D0208BF4D0208CD4D0208C3
:10D7C000D64D0208DD4D0208954A0208E94D0208CF
:10D7D000F84D02080C4E0208FE4802081C4E0208D2
:10D7E0003D4E0208284E0208324E0208404E020802
:10D7F000494E0208584E0208624E0208983C020840
:10D80000704E0208774E0208854E0208914E0208BB
:10D810009C4E020830B50D46CBB0934904462846CD
:10D8200007F04FFF02A8904A0123294607F033FF73
:10D8300002A808F098F8002800F01381002361681E
:10D84000042202A8CDE9003307F04FFF61682022CF
:10D85000043102A807F049FF0422694602A807F034
:10D8600044FF6168082228310DEB020007F03DFFFC
:10D870006168082230310DEB020007F036FF616865
:10D880001022383102A807F030FF616804224831C5
:10D8900002A807F02AFF616801224C3102A807F0B4
:10D8A00024FF616801224D3102A807F01EFF616864
:10D8B00001224E3102A807F018FF0122694602A892
:10D8C00007F013FF61680422503102A807F00DFF32
:10D8D00061680422543102A807F007FF6168102232
:10D8E000583102A807F001FF61680422683102A8DC
:10D8F00007F0FBFE0422694602A807F0F6FE616805
:10D900000122703102A807F0F0FE61680122713136
:10D9100002A807F0EAFE61680122723102A807F04E
:10D92000E4FE61680122733102A807F0DEFE61683F
:10D930000422743102A807F0D8FE616801227C310C
:10D9400002A807F0D2FE6168012201F2251102A8A7
:10D9500007F0CBFE6168012201F5937102A807F080
:10D96000C4FE0122694602A807F0BFFE61680122D9
:10D97000783102A807F0B9FE616801224F3102A890
:10D9800007F0B3FE616801227B3102A807F0ADFE0B
:10D99000616801227D3102A807F0A7FE61680222BA
:10D9A0007E3102A807F0A1FE61680122803102A841
:10D9B00007F09BFE61680422843102A807F095FEFF
:10D9C00061680122883102A807F08FFE6168102289
:10D9D000893102A807F089FE61680122993102A805
:10D9E00007F083FE0322694602A807F07EFE616805
:10D9F00001229A3102A807F078FE616804229C3166
:10DA000002A807F072FE61680122A03102A807F0A7
:10DA10006CFE61680422A43102A807F066FE61680A
:10DA20000422A83102A807F060FE61687822AC31B8
:10DA300002A807F05AFE6168012201F5927102A85E
:10DA400007F053FE61680122793102A807F04DFE0C
:10DA5000616801227A3102A807F047FE02A807F0A8
:10DA60003AFF4BB030BD00BFAC4E020838B50C4693
:10DA700005461049204607F018FE30B121462846D9
:10DA80000C4ABDE83840FEF73DB80B49204607F088
:10DA90000CFE70B121462846074AFEF733F82146AE
:10DAA0002846FFF7B7FE20460349BDE8384007F097
:10DAB00008BE38BDAC4E0208B74E020870B5054628
:10DAC000D2B00B46164610494268684613F016FC61
:10DAD0002868694607F0E9FD044690B129680023EB
:10DAE0006A460AA807F0D7FD0AA807F03CFF0446DB
:10DAF00038B10AA93046FCF7B5FD04460AA807F07C
:10DB0000EAFE204652B070BDC34E020830B504464E
:10DB1000D3B00B4615460F494268684613F0EEFB3A
:10DB20002068694607F0CDFD216801236A460AA8EE
:10DB300007F0B1FD0AA807F016FF044630B10AA9A4
:10DB40002846FCF7A6FD0AA807F0C5FE204653B0FC
:10DB500030BD00BFC34E020800207047836910B576
:10DB600044695A1CA24208D204698261E1540269E4
:10DB700083690021D154012010BD0020FCE7F8B5D5
:10DB800005460F4616460024B44201D12046F8BD92
:10DB90002B68395D1B68284698470028F6D0013469
:10DBA000F2E7002070474FF0FF3070474FF0FF3032
:10DBB0007047704710B500230122C0E901230446D5
:10DBC0000160C0F88C3480F89034034900F2914031
:10DBD00013F0B7FD204610BD0B4A0208A0F1230345
:10DBE000DBB2162B04D8064A42FA03F3DB0704D54E
:10DBF000402894BF0020012070470120704700BFDB
:10DC0000FC1B80FFF0B5434B0D46002A14BF16469F
:10DC10001E46E9B004463146284607F046FD18B9CD
:10DC20000026304669B0F0BD32460023294620A8C0
:10DC300007F031FD20A807F096FE06460028EFD039
:10DC400000230127C4E901730322694620A807F0D5
:10DC500008FE032803D020A807F03DFEE1E70222DA
:10DC600004F1080120A807F0FCFD02280246F2D1C9
:10DC7000A11D20A807F0F5FD02280546EBD13A4684
:10DC800004F5926120A807F0ECFD0128E3D12A46B3
:10DC9000211D20A807F0E5FD0228DCD12427658995
:10DCA0001F2DD8D87D4305F10C010222214420A864
:10DCB00007F0D7FD02280246CDD105F10E0121441F
:10DCC00020A807F0CEFD0228C5D105F111011F22C1
:10DCD000214420A807F0C5FD1F28BCD105F1100183
:10DCE0000122214420A807F0BCFD0128B3D18022E5
:10DCF00069460DEB020007F0B4FD8028ABD1254446
:10DD0000A288AB899A429CBF0133A3806389013307
:10DD10006381C4E7CC4E020870B50C4649792429CA
:10DD200088B00546164606D12188006808B0BDE8CF
:10DD3000704000F0C3BB232904F1050207D133462C
:10DD40002868218800F01FFC012008B070BD232343
:10DD500011460DF101008DF8003013F0F2FC33464E
:10DD60006A46EDE72DE9F04F054691B00F46904623
:10DD700000F10C064FF000096B894B4505DC4FF0B4
:10DD8000000A504611B0BDE8F08F347918EA040457
:10DD9000B24608D104236A4631462846FFF7BCFF45
:10DDA00083465C4503DB09F101092436E4E7394683
:10DDB0000DEB041000F0AAFBFB888342E1D0013494
:10DDC000EFE700002DE9F0410D46064614492846CC
:10DDD000F3F704FA18B906F28C40BDE8F0812B780D
:10DDE000B6F80A80232B08BF013506F1120700247C
:10DDF000444501DB0020F0E717F8013C232B3946AE
:10DE0000284618BF07F1FF31F3F7E8F9243720B9A6
:10DE1000242303FB04600C30DFE70134E8E700BF94
:10DE20000B4A02082DE9F8438846054617461E4668
:10DE3000013911F8019FB9F1000F0AD14146284676
:10DE4000FFF7C0FF044668B10388BB4235D0478066
:10DE500005E04846FFF7C2FE04460028E9D1204607
:10DE6000BDE8F8836889C6B1431C6B812423434312
:10DE700003F10C042B4401222C441A74242358432C
:10DE800005EB00091130A9F80C601F224146284417
:10DE900000F0B6FBA9F80E70E1E71F28DFD8431C9D
:10DEA0006B812423434303F10C042B4401221A7495
:10DEB000AE88B3182C44AB80E0E74C46CFE70000B7
:10DEC0002DE9F0470D4604461B492846F3F786F92D
:10DED00020B904F28C442046BDE8F0872B78B4F8D2
:10DEE0000AA0232B4FF0000708BF013504F10C06F0
:10DEF000B846BA4501DC4446EDE77379232B14BFDD
:10DF000006F1050906F10609494628463446F3F7A5
:10DF100065F90028DFD02846F3F76AF9494602463A
:10DF2000284613F0ACFA00280CBF344644460137AB
:10DF30002436A046DDE700BF0B4A0208F0B541B128
:10DF400044890023242500F10C06A34204DB0020B1
:10DF500001E000F28C40F0BD05FB03F2B75A8F429E
:10DF600002D10C321044F6E70133EEE7C188FFF727
:10DF7000E5BF01B10988C1807047018909B1FFF788
:10DF8000DDBF0846704701B1098801817047F8B5C7
:10DF90000B8863B14189002200F10E0424259142CF
:10DFA00007DC002400F10C022426A14208DC00203A
:10DFB0001DE005FB02F6A65B9E42F8D00132EEE7BB
:10DFC00006FB04F5575B9F4201D00134EDE74B1E81
:10DFD0009BB21A1B05F1300172430C354381014499
:10DFE0009C42C8BF0022284413F059FA0120F8BD12
:10DFF0002DE9F8430546884614461E460027474546
:10E000001DDB21796379208811F0010F04F10502ED
:10E01000E9881AD0232B194F194B08BFA21D88423B
:10E0200018BF3B46174930460FF0EFF905F10C07D2
:10E030004FF000096B894B4511DCBDE8F8832021C6
:10E0400030460FF0B9F90137D9E7232B0B4F0C4BB2
:10E0500008BFA21D884218BF3B460B49E3E77A88F8
:10E0600023889A4206D133463A4608F101012846F0
:10E07000FFF7BEFF09F101092437DBE7535402081B
:10E08000D64E02082DDD0208D84E02080B4600F2DB
:10E090008C420021FFF7ACBF10B588B091B172B1CE
:10E0A00000234FF47A74CDE90512CDE902340B70E8
:10E0B000054C019401A90793FFF7E8FF079A104662
:10E0C00008B010BD0A46FAE7E84E02082DE9F74FFE
:10E0D00098469DF830A090F89034009207460D467F
:10E0E00008EA0303BAF1000F02D01BB92C4607E07F
:10E0F000002BFBD12C462A2304F8023B2C236B7007
:10E1000007F112064FF000094FF02C0B7A894A45AF
:10E1100009DCAC4288BF04F1FF340023601B23708C
:10E1200003B0BDE8F08F16F8022C314608EA02026F
:10E13000BAF1000F04D02AB909F101092436E5E744
:10E14000002AF9D116F8012C232A18BF06F1FF3155
:10E1500008460191F3F74CF80246601B009B0199B9
:10E16000104402309842E7DA2046019213F0F1FAA7
:10E17000019A144404F801BBDEE70000F0B53B4B04
:10E180000D46002A14BF16461E46E9B03146044625
:10E19000284607F096FA32460123294620A807F0C0
:10E1A0007AFA20A807F0DFFB064670B18022002132
:10E1B000684613F08EF90322694620A807F095FA05
:10E1C000032805D020A807F086FB304669B0F0BDD3
:10E1D000022204F1080120A807F087FA022802466B
:10E1E000F0D1A11D20A807F080FA02280546E9D148
:10E1F000012204F5926120A807F077FA0128E1D105
:10E200002A46211D20A807F070FA0228DAD104F16D
:10E21000100500276389BB42D4DD0222291F20A8F4
:10E2200007F063FA02280246CCD1A91E20A807F005
:10E230005CFA0228C6D11F22691C20A807F055FAF3
:10E240001F28BFD10122294620A807F04EFA012835
:10E25000B8D1802269460DEB020007F046FA80280B
:10E2600005F12405AED10137D4E700BFCC4E02083A
:10E27000806A704740697047836953F8210070478E
:10E280006FF06043994270B534BF8E004FF0FF3697
:10E29000044630460D46F7F77CFB20602846F7F72A
:10E2A00078FB60603046F7F774FB0023C4E9020591
:10E2B0002361204670BD4B1C30B5024605690DD068
:10E2C00000231846AB4200DB30BD946854F823406D
:10E2D000641A002CD8BF01300133F3E72846F3E776
:10E2E0001830FFF7E8BF70B5024604694FF0FF33FE
:10E2F0000020FF2584420ADC002B26DB1168013C4C
:10E3000051F823001461116999420EDC70BD9668C2
:10E3100056F82060761A002E05DC5668365CAE4250
:10E320003CBF034635460130E4E7990014680431E8
:10E33000655844F823505468E5186D78E55494689E
:10E34000615844F823100133DDE70020DEE7183080
:10E35000FFF7C9BF2C30FFF7C6BF02698A4230B54C
:10E36000034618DD0068013A50F821001A611A6965
:10E370008A4200DC30BD8A001C680432A55844F88B
:10E3800021505C6865186D7865549C68A25844F803
:10E3900021200131EBE70020ECE700210430FFF7FA
:10E3A000DCBF1830FFF7D9BF30B5D0E90354AC4219
:10E3B0000CD0056845F8241041680A550269816847
:10E3C00041F8223001320261012030BD0020FCE71B
:10E3D00000231A460430FFF7E7BF70B50446183033
:10E3E0000D46FFF7E1FF30B92368294620465B68F8
:10E3F000BDE87040184770BD70B513460446002252
:10E400002C300D46FFF7D0FF30B92368294620464F
:10E410005B68BDE87040184770BD00002DE9F04111
:10E420000646134B46F8043B04460D463046FFF7BC
:10E4300027FF294604F11800FFF722FF294604F1BF
:10E440002C00FFF71DFF0027AF4202DB2046BDE88E
:10E45000F0814FF48270F7F79AFA8046FCF739FFA3
:10E4600000231A4641463046FFF79EFF0137EBE78F
:10E47000144F0208431E0F3013F8012F1AB98342BC
:10E48000FAD10120704700207047F0B5D0F8205134
:10E490000F2D044611DCAB1C20F8151000EB031304
:10E4A00002F11007106851681E4603C60832BA42CE
:10E4B0003346F7D10135C4F82051F0BD2DE9F047BE
:10E4C000064600258E46284606F12008D6F820117B
:10E4D000A94201DD984201DBBDE8F08736F815104E
:10E4E000714511D108EB051C00F1010902EB001484
:10E4F0000CF1100A674603CF574520606160BC46A7
:10E5000004F10804F6D148460135DFE730B5A3B081
:10E51000054604A80C4605F047FF10220DEB02004B
:10E52000294606F0A8F823780122C3F383030DF1EE
:10E530000D0104A88DF80D3006F01EF8628804F174
:10E540004A0104A806F018F8022310220093294675
:10E550000DF10E030DEB020006F0A5F8BDF80E302C
:10E5600053B90123ADF80E3004A8BDF80E4005F0F4
:10E5700001FF204623B030BD4FF6FF729342F3D126
:10E580004FF6FE73EEE72DE9F0419846D0F82031C2
:10E590009EB005460E4617460024A34218DC684686
:10E5A00005F002FF3846F2F723FE39460246684678
:10E5B00005F0E2FF41466846102206F00FF82846B3
:10E5C00042463146FFF761FF684605F0D3FE12E090
:10E5D00035F81420B24211D1023405EB041442463E
:10E5E00004F11003254603CD9D42106051602C4676
:10E5F00002F10802F6D11EB0BDE8F0810134CCE78B
:10E6000001390244131A012B02D80023037070470A
:10E6100011F8013F002BF8D000F8013BF2E7013878
:10E6200010F8013F0BB901207047202BF8D00020D3
:10E630007047000070B500210646F2F727FD374C01
:10E64000054640B1302323702E22A3700023627050
:10E65000E370324870BDC6F3C7537F3B1E2B99B29F
:10E6600057DC13F1170F54DBC6F31602162B42F4D6
:10E67000000216DD173902FA01F0002E40DB0A22F3
:10E6800021460FF0CFF8237822460134002BFAD12F
:10E690002E231370EDB93021931C517000221A7093
:10E6A000D7E7002B08DBC1F11700013142FA00F077
:10E6B0008A4022F07F45E0E7DB43002E42FA03F573
:10E6C0004FF0300320DA63702D222E232270A370C6
:10E6D0000334E11D23460A2045432A16303203F84D
:10E6E000012B8B4225F07F45F6D106342278302A63
:10E6F000234603D114F8012D2E2AF7D10133CDE79B
:10E700002D2304F8013BBAE723702E2363700234F3
:10E71000DFE730232370002363709AE78431002001
:10E7200037B520490546F2F71DFB0021044628466F
:10E73000F2F7CAFC70B34FF07C512046F2F70AFAA8
:10E74000F2F7ECFC4FF47A7290FBF2F302FB130049
:10E750000028154C154AB8BF4042102100902046B1
:10E7600012F098FD2046F2F743FD0021431E20449D
:10E77000002B03DD10F8012C302A0ED00A48F2F7E6
:10E7800037FD0138235C2E2B04BF00232354064899
:10E7900003B030BD4FF03F41CFE700F8011D013B12
:10E7A000E6E700BF00007A4474310020404F0208C1
:10E7B000024A137843F0100313707047943100201D
:10E7C00038B50446406811490368D3F8B03098471B
:10E7D000236820461B6D9847034684F82400606830
:10E7E0000268082B8CBF10212021126E9047084B25
:10E7F000A06800251D7003689B6B9847012801D114
:10E80000FFF7D6FFA561A583256238BDB1E70008F3
:10E8100094310020838B41833F2B82BF002383836D
:10E8200003627047034B187800F0EF00431E584214
:10E8300058417047943100202DE9F041174E34784B
:10E8400014F0100405460F46904616D04068036841
:10E850000121DB6E9847041E0DDD6868444503689E
:10E86000A8BF44461B6B22463946984790B16B6956
:10E8700001336B610024002333703378012B06D001
:10E88000686803689B69984708B90123337020467C
:10E89000BDE8F081EB680133EB60ECE794310020D8
:10E8A000406808B50368DB6F98474FF47A73B0FB94
:10E8B000F3F008BD10B50446406803689B6A9847AA
:10E8C000A06803689B699847014B00221A7010BD2D
:10E8D0009431002070B5094E3378DB0604460CD421
:10E8E0000368DB6B9847054638B9236820461B6CE4
:10E8F000984735702583A583256270BD943100202B
:10E9000010B5174B1A78838B012A044617D13F2B79
:10E9100017D80368DB6B984780B923682046DB6C07
:10E920009847F2F7FBFBB4F918300D33984205DC39
:10E93000A38B0133A383236A0344236210BD3F2BBF
:10E94000FCD9236A002BF9D0B8BF3F3343F38F13B0
:10E950006FF077029342B8BF134623830023ECE79E
:10E960009431002006490B78024613F0100005D0C0
:10E9700000230B701369013313610120704700BF3E
:10E98000943100200739234B2DE9F04153F82180C1
:10E990000446014640461546F2F7A0FBC0BB284698
:10E9A000F1F720FD1C4B0022F1F786FD02460B46D5
:10E9B00000201A49F1F7C8FB06460F46204641469B
:10E9C000F2F7C6F8F1F720FD154B0022F1F79EFE95
:10E9D00002460B4630463946F1F76EFD0F4B0022DA
:10E9E00004460D46F1F7DAFF60B10022002320460D
:10E9F0002946F1F7F1FF40B120462946F2F754F8D5
:10EA0000BDE8F081054D0024F6E700240025F3E77A
:10EA10000020F5E7484F02080000703F0000F03F7B
:10EA20000000244040686FF0004104F0C4BC40681E
:10EA300003685B6D18470000406808B503681B69F0
:10EA40009847024B00221A7008BD00BF9431002085
:10EA5000F8B50446806803685B690D46164698471A
:10EA60006068036832465F6A29460023B84720B9C8
:10EA7000064B03221A700120F8BD2046FFF7DCFF89
:10EA8000A06803689B6998470020F5E7943100204F
:10EA900038B5B0F91A30044693B10368DB6C984777
:10EAA000B4F91A300546B4F918001844F2F706F91B
:10EAB00001462846F2F712FB003818BF012038BD86
:10EAC0001846FCE70846114606291A4601DDFFF7FD
:10EAD00059BF00207047002070470000F0B51D4F5F
:10EAE0001D4CD7F8E03585B0002200921B4A04EA9D
:10EAF000832303EBC12307CA01AD85E80700D7F8DC
:10EB0000E02504EA822203F1FF6602F1FF6106F5C7
:10EB1000F02601F5F021B14218D802F10062013A65
:10EB2000B24213D3A3F50043DB0A0293F3F752FA80
:10EB300069462846F3F7E0FA0446F3F75DFA002C3D
:10EB400014BF6FF00400002005B0F0BD6FF0150099
:10EB5000FAE700BF0070FF1F00FCFF032C3502081E
:10EB60002DE9F047204E214FD6F8E04507EA8424EE
:10EB700004F1FF6404F5F02414441D4604EBC124A1
:10EB8000F3F728FA804678B9089B23F0070303EBD4
:10EB900004096FF0784AA1450AD1F3F72DFA40EA4B
:10EBA000080010F0FF0001D06FF00400BDE8F0870E
:10EBB000D6F8E03507EA832303F1FF6202F5F0227D
:10EBC000A24202D85344A34204D2F3F715FA6FF0DD
:10EBD0001500EBE72146F5E802230120F3F746FA9A
:10EBE00008348046D7E700BF0070FF1F00FCFF031A
:10EBF00038B518461546049A8BB182B1094B0A4CB8
:10EC0000D3F8E03504EA83242C4404F1FF6404F5CE
:10EC1000F02404EBC12112F09CFD002038BD6FF000
:10EC20001500FBE70070FF1F00FCFF0310B5034B4E
:10EC30000360044606F0DFFC204610BD684F020862
:10EC400010B50446FFF7F2FF20465021F6F7A3FE69
:10EC5000204610BD10B50449044606F0D5FC034B10
:10EC60002360204610BD00BF24010020684F020829
:10EC700013B500238DF807309DF80730044603F0E4
:10EC8000FF014BB1204606F0E2FC0021204602B015
:10EC9000BDE8104006F0CABC06F0C8FC0028F1D060
:10ECA00002B010BD0148FFF7D5BF00BF983100206A
:10ECB00008B50248FFF7BAFF08BD00BF9831002031
:10ECC000028BC08A101A7047C28A018B914288BF9A
:10ECD0000169034683BF885C0132DA824FF0FF305E
:10ECE0007047028BC38A9A4286BF0269D05C4FF09C
:10ECF000FF30704770B54FF47A730E460021C0E9BB
:10ED00000113034615462B4A43F8C42B0446C0F8AA
:10ED1000C4109C22C3E90111C0E93411C0E93611C5
:10ED2000C0F8E010283012F0D4FBF3B2192B19D838
:10ED3000214A52F8233006F4E0661E43EBB2192B49
:10ED4000C4F8846022D81C4A52F8233005F4E065E8
:10ED50001D430023C4F88850E36123842361A38208
:10ED6000204670BD06F0C002C02A0CD1C82B0AD8BC
:10ED7000124B06F03F0206F4E06653F822200E4BD9
:10ED800053F82230D9E74FF0FF36D7E705F0C0023D
:10ED9000C02A0CD1C82B0AD8084B05F03F0205F455
:10EDA000E06553F82220044B53F82230D0E74FF0AF
:10EDB000FF35CEE7784F0208CC390208A83902089F
:10EDC00038B50446283000F0A9F8E06918B111F010
:10EDD0003BF90023E36120690025258410B111F07F
:10EDE00033F92561A58238BD38B50546074B45F88E
:10EDF000D43B0446FFF7E4FF2846F6F7D8FA04F1BF
:10EE0000C400F6F7D4FA204638BD00BF784F020898
:10EE1000B1F5806F70B505460C4610D8038C994249
:10EE20000AD920290E4638BF2026C069314611F084
:10EE30002DFA18B1E8612E84204670BDFEE700244B
:10EE4000FAE713B590F824308DF8071004467BB12B
:10EE5000418C0131FFF7DCFF40B1638CE2699DF822
:10EE60000710D154638C01336384012002B010BDBC
:10EE700001220DF10701283000F0A0F8B0FA80F06F
:10EE80004009F3E770B590F8243004460E46154665
:10EE900093B1418C1144FFF7BBFF10B90025284600
:10EEA00070BD638CE0692A461844314612F051FC6B
:10EEB000638C2B446384F2E792B2283000F07EF832
:10EEC0000028EBD1EBE70346006918B19A8A0021CC
:10EED00012F0FFBA70470346C06918B11A8C0021BE
:10EEE00012F0F7BA704738B504460025C58205838D
:10EEF000FFF7E9FF65842046FFF7EDFF38BD00000E
:10EF00000248C822C721FFF7F5BE00BFE831002044
:10EF10000148FFF769BF00BFE831002010B5044683
:10EF200090F96400F2F702FF94F96500F2F7FEFE33
:10EF3000201DF3F79FFA206E0321F7F793F9E06D98
:10EF40000321F7F78FF92368194A93420ED14FF046
:10EF5000B0439A6B42F400129A639A6B22F4001247
:10EF60009A639A6D22F400129A6510BD114A934279
:10EF70000DD14FF0B0439A6B42F480029A639A6BC2
:10EF800022F480029A639A6D22F48002ECE70A4A26
:10EF90009342EAD14FF0B0439A6B42F400029A6375
:10EFA0009A6B22F400029A639A6D22F40002DBE766
:10EFB0000054004000580040005C0040202A30B55A
:10EFC00014D800239CB2A24207D890F8943013447E
:10EFD000DBB280F89430002030BD90F89440CD5CD6
:10EFE0001C440444013384F87450EBE70120F3E738
:10EFF00070B590F89130012B04460E46A0F104053F
:10F0000009D1436E3BB1836E28469847022384F8AA
:10F01000913000236366012E4FF0000312D1E26E9F
:10F0200084F891301AB184F890302846904794F8CB
:10F03000902004F1700120464FF00073BDE870404D
:10F04000F3F732BA0122636684F89120616E74315D
:10F05000294420464FF08073BDE87040F3F786BA2C
:10F0600010B590F89130012B044604D1436E13B1D2
:10F07000836E04389847022384F891300023636636
:10F080002046BDE81040F3F7D3BA436E1F2BDEBF16
:10F09000436E0133436690F89130012BDAB206D10A
:10F0A000416E70314FF080730144F3F75FBA7047DF
:10F0B000002380F89030704790F892300BB9F3F746
:10F0C000B7BA7047014B1868F3F7C6BACC320020C4
:10F0D000014B1868F3F7BDBDCC320020014B5868D6
:10F0E000F3F7BABACC320020014B5868F3F7B1BD40
:10F0F000CC320020014B9868F3F7AEBACC32002036
:10F10000014B9868F3F7A5BDCC3200202DE9F04102
:10F11000104D2F4604468C4690469E46061D0FCF46
:10F120000FC697E80700069B86E807001C35A36218
:10F13000079BE3620FCD04F13006C4E9088E0FC6C9
:10F140002B683360002363642046C4F800C0BDE828
:10F15000F08100BF3835020810B504460068036826
:10F160005B6C98472068216A036882689B689847AF
:10F170002068216A03680269DB689847004B10BD6C
:10F180005C010020006803689B6C18472DE9F04182
:10F190000D461946037C0446407CADF5067DDE082D
:10F1A000082B5FFA85FC06EBD00663898D9FD0B2F1
:10F1B00095BF40EA0C004CEA122C8DF800008DF847
:10F1C000010092BF0DF101008DF800C00DF10200A9
:10F1D000AB423E443A462CD112F0BBFA2068036899
:10F1E0005B6B98472068216A0368C268DB689847B0
:10F1F000206803683246D3F83880694643ABC0477D
:10F200002068216A03680269DB6898472068036800
:10F21000DB6B98472389AB4207D1217C8C9843ABA9
:10F220003A4603EBD10112F094FA0DF5067DBDE8E4
:10F23000F081A18912F04DF9D0E72DE9F04FADF53D
:10F24000077D0446929F9DF84CA21646D519994613
:10F25000002B55D0684612F07CFA90993A460DEB97
:10F26000060012F076FA20680368BAF1000F05D0A4
:10F27000E26A013254D1DB69322198472068036881
:10F280005B6B98472068216A0368C268DB6898470F
:10F29000206803680DF58678D3F838B02A464346CF
:10F2A0006946D8472068216A03680269DB68984785
:10F2B00020680368DB6B9847BAF1000F07D0E26A59
:10F2C00020680132036845D1DB69012198476569EF
:10F2D00035B1002F5CD0E37C18F80300A847054641
:10F2E000B9F1000F07D1A37C919806EBD3013A4600
:10F2F000414412F02EFA28460DF5077DBDE8F08F47
:10F30000837C68464FEAD30805EBD30512F021FA57
:10F31000A18908EB07020DEB060012F0DAF8A2E76C
:10F320005B6A984780462068E16A03681B699847D2
:10F330000028A3D0206803685B6D984720680368A5
:10F340005B6A9847E369A0EB08009842EBD36FF43F
:10F350003075D0E71B6A01219847206803685B6A13
:10F36000984705462068E16A03681B6998470028AA
:10F37000ADD0206803685B6D9847206803685B6ABE
:10F380009847E369401B9842ECD36FF43075A7E7C8
:10F390003D46A5E7F0B51E46037987B005460F4602
:10F3A0003BB9CDE900620A460189FFF7EFFE07B0DD
:10F3B000F0BD90F9114090F811C0002CB8BF07348F
:10F3C000E410013C64B204ABE0001946002C12DAF0
:10F3D0002C7CE408601E40B2B0F1FF3F15D1012340
:10F3E000CDE9022300230196009304EBDC022846BA
:10F3F000FFF723FFDBE7B5F808E0013C4EFA00FE1B
:10F4000003F801EB64B20838E0E74FEAC00E27FAD0
:10F410000EFE03F801EB0138DDE7F0B589B00023FB
:10F420008DF81730037904460A465BB90121019132
:10F430000DF1170100910189FFF7A8FE9DF8170053
:10F4400009B0F0BD90F91130467C002BB8BF0733EE
:10F45000DB10013B5BB206A8DD000146002B13DA8E
:10F46000257CED086B1E5BB25F1C15D10123CDE935
:10F4700002330DF1170301930023009305EBD6022D
:10F480002046FFF7DAFED9E72789013B2F4100F834
:10F49000017B5BB2083DE1E7DF0022FA07F700F8E5
:10F4A000017B013BDFE7F0B516461A46037987B0CA
:10F4B00005460F4643B9CDE900320A463346418935
:10F4C000FFF764FE07B0F0BD90F9114090F811C04D
:10F4D000002CB8BF0734E410013C64B204ABE00078
:10F4E0001946002C12DA2C7CE408601E40B2B0F100
:10F4F000FF3F15D10123CDE902230022CDE90062AF
:10F50000284604EBDC02FFF798FEDBE7B5F80AE0DB
:10F51000013C4EFA00FE03F801EB64B20838E0E764
:10F520004FEAC00E27FA0EFE03F801EB0138DDE7C3
:10F53000F0B5037989B004460D468DF8172053B90C
:10F540000122CDE900320A460DF117034189FFF788
:10F550001DFE09B0F0BD90F91130467C002BB8BFFC
:10F560000733DB10013B5BB206A8DA000146002B33
:10F5700013DA227CD208531E5BB25F1C15D1002027
:10F58000012301900DF117000090CDE9023302EB49
:10F59000D6022046FFF751FEDBE76789013B1741A2
:10F5A00000F8017B5BB2083AE1E7DF0025FA07F7D4
:10F5B00000F8017B013BDFE72DE9F0479DF820A033
:10F5C0009DF828709DF82C901C4643EA0A03072BEF
:10F5D00005460E46904642D8544540D3FFF71DFFDE
:10F5E000631CFF22DBB2CAF1080A02FA03F342FAF3
:10F5F0000AF21343DB43DBB280EA0802134205D16F
:10F60000B9F1000F02D10020BDE8F08720EA030421
:10F6100003EA08031C43E4B2224631462846FFF7BA
:10F6200087FF286803689B6A98479DF824804FF4F9
:10F630007A73814603FB08F8286803689B6A984739
:10F64000A0EB0903434502D36FF00F00DCE731461E
:10F650002846FFF7E2FE60400742EDD1D3E76FF0A6
:10F660000A00D1E77FB59DF824600396089E9DF8B7
:10F670002850CDE90136002300930446FFF7DDFD55
:10F6800038B935B1A36923B1204604B0BDE8704054
:10F69000184704B070BDF0B590F9114090F811C052
:10F6A000002CB8BF0734E41087B0013C64B205AD4C
:10F6B0000F46E6002946002C0DDA9DF834400294EE
:10F6C0009DF83040CDE9003413464FEADC02FFF7E5
:10F6D000C9FF07B0F0BD47FA06FE013C05F801EB93
:10F6E00064B2083EE7E77FB59DF824600396089E64
:10F6F00002960026CDE9003601239DF828500446E5
:10F70000FFF79BFD38B935B1A36923B1204604B09A
:10F71000BDE87040184704B070BDF0B590F91140D5
:10F7200090F811C0002CB8BF0734E41087B0013C3A
:10F7300064B205AD0F46E6002946002C0DDA9DF8AF
:10F74000344002949DF83040CDE9003413464FEA2E
:10F75000DC02FFF7C8FF07B0F0BD47FA06FE013C28
:10F7600005F801EB64B2083EE7E770B586B0002308
:10F770008DF8133090F91130427C002BB8BF07335D
:10F78000DB10013B04465BB205A8DD000146002BFF
:10F7900016DA0123CDE902330DF11303019300239F
:10F7A0000093D2082046FFF748FD054628B9636953
:10F7B0001BB19DF813009847E080284606B070BD45
:10F7C000E689013B2E4100F8016B5BB2083DDEE7A4
:10F7D00070B50B46054601F11404303053F8046B44
:10F7E00040F8046BA342F9D16A640E1F01F11004C2
:10F7F000286856F8041F036882689B689847A642E9
:10F80000F6D170BD406C18B970478B4204D01830E7
:10F810000378002BF9D118467047F8B50546FFF775
:10F82000F1FF88B1041D05F12C0605F1400756F8DB
:10F83000041F002904DB286822680368DB689847F6
:10F84000BE4204F10404F2D1F8BD00000648074BA3
:10F85000074A1B68B3FBF2F310B544684B43426898
:10F86000121B9342FBDC10BD001000E040000020A2
:10F8700040420F00CBB2192B09D80F4A52F823305F
:10F8800001F4E0601843431C18BF0846704701F0BC
:10F89000C002C02A0CD1C82B0AD8084B01F03F0285
:10F8A00001F4E06053F82220034B53F82230E9E7DB
:10F8B0004FF0FF30704700BFCC390208A83902086A
:10F8C000704790F82C2008B512B103681B6B98475D
:10F8D000BDE80840F6F7FABA006A00210EF018BC3D
:10F8E000006A0EF04EBCF8B507460C465D1E8E1839
:10F8F000B44200D1F8BD14F8011B386A00220EF0A2
:10F9000042FC05F8010FF3E70DF08BBF4B1C0846D6
:10F9100003D00021C0B20DF0B7BE704708461146B3
:10F920001A46431C02D0C0B20DF02EBE7047006ACA
:10F930000EF026BCD0E90912006A0EF0FFBB0846A3
:10F9400011461A46431C01D00EF04CB900207047F6
:10F950000EF0B2B90EF0AEB908460EF0AFB94B1CBE
:10F96000084601D00DF0D2BE704700001FB5084612
:10F9700011461A46431C13D00024CDE90044CDE9BA
:10F98000024421B1074B0393074B00910293694650
:10F990000DF0EEFE029B1BB1694603220846984714
:10F9A00004B010BD4D5F00082D5F00084B1C0846D9
:10F9B00001D00EF0D9B8002070470846431C11460C
:10F9C00001D00EF097B870470846431C114601D08D
:10F9D0000EF026B8704710B530210446F5F7DBFF6E
:10F9E000204610BD90F82C2012B103681B6C1847FC
:10F9F0007047000070B586B004AD85E80C000423A4
:10FA00000322CDE90132012200230E46009219465D
:10FA1000044603F00FFE95E80300064B236004F153
:10FA20002403266283E803000023204684F82C3058
:10FA300006B070BDA44F02087047000008B5A1F1E0
:10FA40001A030846032B16D8DFE803F00A02061152
:10FA50000B4807F099FD08BD094807F061FDFAE77A
:10FA6000074807F073FD80F00100C0B2F3E70448D7
:10FA700007F083FDF7E7BDE808400EF075B800BF5A
:10FA8000943300200846A0F11A03032B114601D934
:10FA90000DF0C6BF704710B530210446F5F77BFF67
:10FAA000204610BD08461C28114604D81A2810D834
:10FAB00009D00EF01FB81D28FBD1B2FA82F105481B
:10FAC000490907F04DBDB2FA82F10248490907F031
:10FAD0002FBD70479433002037B504463020F5F72A
:10FAE00056FF0A4B0A4905460CCBFFF783FF094B2B
:10FAF0002B601B221D23CDE9003229461C231A222C
:10FB00002046FFF703FB204603B030BD6C500208CF
:10FB1000943300200C5002080368D3F8DC301847F7
:10FB20000368D3F8E030184770472DE9F04385B0FB
:10FB30000F464FF0000801230DF10F0240F6E701D8
:10FB400006468DF80F8002F0C4FA0446002855D10D
:10FB500033683046D3F8D830984704218146FFF700
:10FB600051FE032105464846FFF74CFE28B165B912
:10FB70000E2F47DD6FF00C0440E017F1090FF9DBA1
:10FB8000002DF7D007F1090303E00E2FFBB20EDDC5
:10FB90000933DBB21F2BEDD8012507232246009540
:10FBA0000421304602F076FA042304460DE01133B6
:10FBB000DBB21F2BDED801222346009204213046FF
:10FBC00002F068FA45460446032386F86431ACB96E
:10FBD0002946304601F001FB044678B90422F9B207
:10FBE000304602F00CFB044640B901230DF10F0230
:10FBF00040F6E701304602F065FA0446204605B0BB
:10FC0000BDE8F08307F11103DBB21F2BB2D801224C
:10FC1000234600920421304602F03CFA03230446B6
:10FC2000D3E7000010B502F0A8FA0446054807F033
:10FC300074FC044807F065FC10B1024807F067FC4B
:10FC4000204610BD9433002010B50446034807F049
:10FC500061FC2368BDE81040184700BF94330020C2
:10FC6000014807F03DBC00BF9433002010B54FF4AD
:10FC7000E4710446F5F78FFE204610BD10B504462A
:10FC800000F0B2F9014620B92046BDE8104003F06B
:10FC9000E3B910BD012A02D1016000207047022A99
:10FCA00005D0032AF9D0002AF7D10260F5E70B68E6
:10FCB0000360F2E71FB50023CDE90013084B03935F
:10FCC0000848094B0293694607F0D0FB029B1BB121
:10FCD000694603220846984705B05DF804FB00BF5B
:10FCE00049FC00089433002095FC000810B5044638
:10FCF00000F04FF9014620B92046BDE8104003F05E
:10FD0000ABB910BDF0B587B004469DF93450BDF8CD
:10FD100038609DF840700497CDE901560F9F0C9D07
:10FD20000397009500F06AF8014628B9204607B00D
:10FD3000BDE8F04003F090B907B0F0BDF0B587B072
:10FD400004469DF844E09DF830509DF834609DF9DC
:10FD50003870BDF83CC0CDF814E0DDF840E0CDF8D7
:10FD600010E0CDE9027CCDE9005600F015F801461F
:10FD700028B9204607B0BDE8F04003F06DB907B0E0
:10FD8000F0BD000010B5044600F090F9014B23606F
:10FD9000204610BD7C500208F0B51E46164B0446A6
:10FDA0008C4617460FCB85B06D4685E80F009DF851
:10FDB00028308DF809309DF82C308DF80A309DF9E7
:10FDC00030308DF80B30BDF83430ADF80C300E9B70
:10FDD000C4F850319DF83C3084F854312368CDF894
:10FDE00000C0D3F8F03001978DF80860294620460E
:10FDF000984705B0F0BD00BF68350208F0B5144D56
:10FE000006468E4694461F460FCD87B001AC0FC400
:10FE10002B6823600C9B04939DF934308DF81430CB
:10FE2000BDF83830ADF816300F9BC6F850319DF84C
:10FE3000403086F854313368CDF804E0D3F8F83018
:10FE4000CDF808C0039701A93046984707B0F0BD28
:10FE500078350208F0B516460D4A04460F4607CA23
:10FE600085B001AD85E807008DF80C300A9BC4F819
:10FE700050319DF82C3084F8543123680197D3F821
:10FE80000031029629462046984705B0F0BD00BFD4
:10FE90008C35020813B58DF805309DF810308DF8BB
:10FEA00006309DF914308DF80730069BC0F85031AC
:10FEB0009DF81C3080F8543103680091D3F8083164
:10FEC0008DF804206946984702B010BD4AB1162942
:10FED0000B466FF00800A8BF16238342B8BF034645
:10FEE00013700931C9B21F298CBF6FF00C000020BC
:10FEF0007047000010B5012986B006D002292BD02A
:10FF0000C9B16FF0130006B010BD0022036805925E
:10FF1000194A04924FF0080C0A22CDE9022C4FF046
:10FF2000120E0722CDE9002E1449D3F8F440144AEA
:10FF30000923A047E7E7104A0368039210240A2226
:10FF4000CDE901240F4A04910092D3F8FC400E4AF7
:10FF50000E4B0A49A047D6E7002302680393064BDD
:10FF600002930A210123CDE900310449D2F80C4162
:10FF70000622A047C7E700BFCDCCCC3F0000D94345
:10FF80000000FA4233331C439A9999400000A04084
:10FF9000704770B58B898A7A0D46497A044601F01C
:10FFA000DDFA00BB2368297AD3F8E8302046984769
:10FFB000C8B923686968D3F8E4302046984790B9F7
:10FFC00023682968DB6B2046984760B901212046E9
:10FFD00001F003F938B9236895F90B105B6D2046E1
:10FFE000BDE87040184770BD37B54B8A0093CB68A9
:10FFF0008A680C464968054601F004FB98B92B68ED
:020000040801F1
:100000002168DB6B2846984768B90121284601F032
:10001000E4F840B92B6894F910105B6D284603B0E2
:10002000BDE83040184703B030BD70B50C46496894
:10003000054601F057FB90B92B682168DB6B284619
:10004000984760B90121284601F0C7F838B92B68F4
:1000500094F908105B6D2846BDE87040184770BDE4
:1000600070B58B794A790D460979044601F04EFB4B
:1000700090B923682968DB6B2046984760B9012155
:10008000204601F0AAF838B9236895F907105B6D8E
:100090002046BDE87040184770BD10B54FF4E471BC
:1000A0000446F5F778FC204610BD000010B5044664
:1000B00000F068FC034B2360034BC4F85831204622
:1000C00010BD00BF9C5102088C51020870B50C464F
:1000D0000546144920461646F0F7F6FFF0B11249DE
:1000E0002046F0F7E7FFC8B12EB121462846BDE80B
:1000F000704003F019B8D5F860112046F0F728FDDC
:100100000A4920F00040F0F7DFFF0028EDD021463B
:10011000284600F07AFE0028E7D070BD6FF00B0093
:10012000FBE700BF00001643000070440000A04140
:100130000022FFF7CBBF0000036873B59B6D164626
:10014000002205460C46984790B99EB10B4B04F12E
:10015000090203EB420113F8123091F9014003F058
:100160000F021B09002100912846214602F086FF5C
:1001700002B070BD04220723F4E700BFAC520208AE
:100180000122FFF7D9BF000030B5074B05460FCB62
:1001900085B06C4684E80F002B682146D3F8A03068
:1001A0002846984705B030BD9835020813B5036856
:1001B00000220092DC6940F2722202236FF07F413C
:1001C000A04702B010BD000030B5074B05460FCB6D
:1001D00085B06C4684E80F002B682146D3F8943034
:1001E0002846984705B030BD9835020882B02DE901
:1001F000F041012906A880E80C000B9C9DF82660C0
:100200009DF8277009D0022975D000294BD06FF0D6
:100210001300BDE8F04102B070479DF8188042F22B
:10022000107000FA08F0F0F745FD514905460798AF
:10023000F0F798FD01462846F0F748FEF0F794FFE6
:10024000A8F10503DBB2012B9DF8283005468BBFD2
:1002500008210021112019200BBB4FEA880304EB71
:100260004707002EC8EB47020CBF1426002601EBFF
:100270008201DBB2314409B25A1E0029A8BF5218CC
:1002800092FBF3F3BDF824209DF820109BB20832B6
:1002900001FB032300EB830068438008B9E7A8F162
:1002A00002039B00DBE7F800F0F708FD0546304647
:1002B000F0F704FD01462846F0F74CFC0546BDF872
:1002C0002400F0F7FBFC01462846F0F743FC054606
:1002D000E000F0F7EFFC01462846F0F73BFC25492B
:1002E00004460698F0F7F2FD01462046F0F7EEFDD1
:1002F000F0F73AFF8DE79DF81930032B34D8DFE88B
:1003000003F002282D300623634304330522B3FB98
:10031000F2F39CB23022B4FBF2F303EB830000EB68
:10032000800002FB13444000A4B280B214B1023436
:10033000204480B29DF82430C3EBC30203EBC20318
:1003400000EB43000C4B80B25843F0F7B3FC0B4971
:10035000CCE704EB4404C4F34F04DBE76400A4B22D
:10036000D8E704EB4404FAE76FF0090051E700BF57
:100370000000204100007A4400127A001D24F4435A
:1003800008B50846F0F796FC0249F0F79FFDF0F734
:10039000EBFE08BD00007A41036889B2D3F8EC3067
:1003A00018470368D3F8DC301847D0F86801704765
:1003B00000F00E03062B0BD0082B0CD00A2B0CD010
:1003C0000138C0B2FD288CBF6FF0010000207047DB
:1003D0006FF430707047024870470248704700BFA2
:1003E0003EFDFFFF3DFDFFFF704700002DE9F0429D
:1003F0008AB004460F4601F0EFFE05AE00230DF172
:100400001C090128C9E90133054607930593B38008
:100410003DD194F86D31042B35D80433DBB28DF81F
:10042000243094F86C318DF81C30D4F87431089372
:10043000B4F87231ADF8143094F86F31003B18BF46
:1004400001238DF8173094F87031591E4B424B41FF
:100450008DF8163094F86E31003B18BF01238DF8EB
:100460001830039796E80300099B0190ADF8081037
:100470000093216899E80C008E6F20462946B0470A
:100480000AB0BDE8F082072B08BF0823C7E730BBDE
:10049000D4F87C01F0F70EFC01462148F0F716FD78
:1004A0000790D4F88001F0F705FC94F887310890A4
:1004B00013F0FB0F11D0022B03D09A1F534253416C
:1004C0005B00B4F88C21ADF8142094F888218DF8E5
:1004D00016208DF817300025C3E70123F1E7032824
:1004E0000ED1B4F8A8315BBAADF81C3094F8AF3136
:1004F0008DF81E3094F8AA318DF814300225B0E73B
:10050000022809D1D4F87C01F0F7D4FB0146044855
:10051000F0F7DCFC0790DEE76FF01300B0E700BFF8
:1005200000007A4910B50C4659B101F055FE01287A
:1005300002D0032803D038B92070002010BD02205B
:10054000FAE76FF00200F9E76FF01300F6E708B57D
:10055000D0F868010221FFF760F94FF0FF3008BDC5
:1005600037B50D46044690F86411D0F86801FFF7DE
:1005700054F95DB90123CDE900330023D4F86801B3
:100580001A46D121FFF7C9F803B030BD29462046ED
:1005900001F004FE0028EDD0F6E707B500238AB28B
:1005A0000093114601F0CCFD03B05DF804FB1FB5CC
:1005B0000023ADF80C300123CDE9003303AA022358
:1005C0001221D0F86801FFF766F8BDF80C0040BAB8
:1005D00080B205B05DF804FB2DE9F041002486B03F
:1005E000FF270226CDE90274CDE9004605462346E1
:1005F000224640F6E201D0F86801FEF7DDFFCDE9C2
:100600000274CDE900462346224640F6E501D5F8BE
:100610006801FEF7D1FF6FF07F41284601F0D5FC5D
:10062000D5F86831186803680A21DB6998472746BE
:10063000264601230DF1170240F6190128468DF8D0
:10064000176001F046FD9DF8170000F00100A04082
:1006500001343843082CC7B2EBD12B6802244FF089
:10066000FF081B6928469847CDE901480396009684
:10067000D5F868010023012240F6E201FEF79CFF55
:10068000CDE90286CDE900640023D5F86801012296
:1006900040F6E501FEF790FF384606B0BDE8F08170
:1006A00090F83810022938B5044605D0032911D036
:1006B0006FF01805284638BDD0F86801FFF7ADF88F
:1006C000D4F8A411204601F080FC0546002384F8EC
:1006D0003830EFE790F86411D0F86801FFF79DF823
:1006E0000021204601F05BFC05460028E2D1D4F849
:1006F00068311868D96A0268126990470028E5D005
:10070000D4F86831186803685B6D9847EFE7D0F854
:10071000683110B50446186803681B699847C1B270
:100720002046BDE8104002F063BE10B54FF4E471FE
:100730000446F5F730F9204610BD036810B5D3F82C
:10074000EC3044F2FF310446984728B9236820462C
:100750001B69BDE81040184710BD000010B50446E5
:1007600001F03AFD01280ED123682046D3F88430E9
:100770009847C3050AD410F0800F14BF6FF00E0025
:100780004FF0FF3010BD6FF01300FBE70048F9E7B2
:1007900042FDFFFFF7B505460E4601F01DFD01289D
:1007A00033D12B6828461B699847044650BBD5F8BF
:1007B00068010221FFF731F8B168284602F0E8FD30
:1007C000F1680746284602F0E3FD0094234682B212
:1007D000B9B2284601F0B4FC044698B92B6844F23B
:1007E000FF31D3F8EC3028469847044650B9736877
:1007F0000193F3780093B37872783178284601F04A
:10080000FBFB0446204603B0F0BD6FF01304F9E78C
:1008100010B5044601F0E0FC012812D1204601F099
:1008200013FE10F4004FC0F3072018BFA0F580702E
:10083000EFF7D8FD044B0022EFF73EFEF0F734F956
:1008400010BD0248FCE700BF0000D03F0000A0C17F
:100850002DE9F3411D4603681B6904460F46164601
:100860009847002846D16DB92368002EDB6F14BF6E
:100870003146FF21204698474FF47A7300EB800001
:10088000B0FBF3F52846F0F715FA2D49F0F76AFAB0
:100890002C49F0F71BFBF0F767FC2368002200925D
:1008A000D3F81C800146022340F272222046C04742
:1008B00000BBD4F86831186803685B6A98478046C3
:1008C000D4F868311868596A026812699047A0B173
:1008D0000025236820461B69984718B16FF43073D0
:1008E000984207D12368D5B123682046DB6A984730
:1008F0006FF0050002B0BDE8F081D4F868311868E7
:1009000003685B6D9847D4F86831186803685B6AC0
:100910009847A0EB08008542D2D20125D9E7D3F849
:10092000843020469847636B1842DDD123681B6BE7
:1009300032463946204602B0BDE8F041184700BFB4
:1009400000007A4400007A41036810B5D3F894306F
:100950000446984730B110BDD4F868311868036870
:100960005B6D9847D4F868311868596A0268126953
:1009700090470028F0D023682046D3F89830BDE88F
:100980001040184738B504460D4602F0DDFC344AE5
:10099000C4F850210022C4F86021C4F87421C4F8BE
:1009A000902140F20162A4F8A8212E4A2E4B126930
:1009B0002360032000230121C4E95F3384F84D3113
:1009C00084F85431C4F8583184F85C3184F86401F7
:1009D000C4F86C3184F87031A4F8723184F878115D
:1009E000C4F88431A4F8883184F88A31A4F88C31B1
:1009F000C4F89431A4F8983184F89A31C4F89C3141
:100A000084F8A031C4F8A43184F8AA01C4F8AB2159
:100A100084F8AF31C4E96C33C4E96F33A4F8B8315A
:100A2000C4F8C431114B6360FF23A3600222042386
:100A3000C4E90523216110230821C4E907132020FC
:100A40004023C4E90903C4F868514FF4807380253A
:100A5000C4E90B534FF400736363204638BD00BFF5
:100A6000CDCCCC3F98350208F45202080024743FE4
:100A700010B5032ABDF8084011D8092980F8A8212B
:100A800010D85A1E032A80F8A9110ED8B4F5007F99
:100A900080F8AA310CD2A0F8B841002010BD6FF048
:100AA0000900FBE76FF00700F8E76FF00A00F5E7D1
:100AB0006FF06900F2E7D0F8683170B50446186845
:100AC00002680D469668996A8268B047D4F8683122
:100AD0001868996A0268D668C268B047D4F8683165
:100AE000186803680121DB699847D4F868311868F1
:100AF000996A0268D6680269B047F5B1D4F86831DE
:100B0000186803685B6A98470646236820461B6995
:100B10009847054688B1D4F86831186803685B6A5D
:100B20009847801BB0F57A7F08D2D4F868311868EE
:100B300003680A21DB699847E7E70025284670BD6E
:100B4000036810B5D3F8843004469847430410D5A1
:100B5000D4F8C411204601F00F0101F04FF950B94B
:100B600023682046D3F8EC30BDE8104044F2FF3152
:100B700018476FF0040010BD2DE9F0479846036850
:100B80001B6904460F4616469847002841D194F841
:100B90006D31042B3FD9072E5BD994F86F31012BAF
:100BA00039D1FD2E58D823683146DB6F204698474F
:100BB00023680546D3F824903246434639462046FA
:100BC000C84730BB20464FF47A7305EB8505B5FB6B
:100BD000F3F501F001FBD4F86831064618680368A4
:100BE0005B6A984705350746D4F86831186803688A
:100BF0005B6D9847D4F86831186803685B6A98475A
:100C0000C01B854209D2236820469B6A98476FF033
:100C10000400BDE8F087FF2EC4E7D4F868311868F7
:100C2000596A0268126990470028DDD0032E2368B4
:100C300009D1D3F8843020469847C30703D420460F
:100C4000FFF77EFFD0E7236820469B6ABDE8F047A8
:100C500018476FF01D00DCE76FF00300D9E70000D4
:100C60001FB571B101F0F0FBC0B2EFF7BBFB0F4B4A
:100C7000002201F10041EFF71FFCEFF715FF04B070
:100C800010BD0123CDE900338DF80F100DF10F02D7
:100C90001521D0F86801FEF7FEFC9DF80F00F0F773
:100CA00009F84FF03F41F0F75DF8E8E70000E03F5A
:100CB0000121FFF7D5BF30B585B00546144601F0D8
:100CC0008BFA012808D195F87031012B04D11CB999
:100CD000D5F89C0105B030BD0023ADF80C300123E0
:100CE000CDE9003303AAD5F8680102231321FEF7EA
:100CF000D2FC14B19DF80D3023709DF80C00E9E78B
:100D00002DE9F3410546D0F868010F461646FEF777
:100D10002CFD2B680446D3F88430284698476FF49E
:100D200030739C4208D110F4007F18BF6FF00504A7
:100D3000204602B0BDE8F081002CF9D143062CD446
:100D400000F03000202814BF4FF000086FF00608B4
:100D500000230DF10702012128468DF80730FFF727
:100D6000AAFF16B1B04228BF3046C2B29DF8073084
:100D70003946284601F0D0F904460028D8D12B681E
:100D800044F2FF31D3F8EC3028469847B8F1000F11
:100D90000CBF04466FF00604CAE76FF00608D7E7F9
:100DA0000022FFF788BF73B5054608464FF07E5115
:100DB0001646EFF7CDFE4FF07A51EFF7D3FF0DF067
:100DC000F9FCF0F7D1F94FF07E51C4B23046EFF79D
:100DD000C1FE4FF07A51EFF7C5FF0DF0A9FCF0F717
:100DE000C3F9E107C3B25CBF04F1FF34E4B2DA0730
:100DF0005CBF0133DBB201A928468DF804408DF8B1
:100E0000053001F0DBF902B070BD73B50023054673
:100E10000846ADF804300C46F0F780F9A0F28633AE
:100E20001A2B21D9A0F25F33072B28D9A0F20B335C
:100E3000082B27D9A0F5EB73282B26D9A0F5D7735B
:100E40000A2B25D94FF081412046EFF783FE4FF062
:100E5000814106462046EFF77BFE32460146284692
:100E6000FFF7A1FF02B070BDE122E92301A92846E6
:100E70008DF804208DF8053001F0A0F9F2E7D722B3
:100E8000DB23F3E7C122C523F0E775228123EDE7D9
:100E90006B226F23EAE7000037B500238DF8073097
:100EA0000DF10702012340F68901044601F011F912
:100EB000E8B9204601F090F901289DF8075018D1B3
:100EC0000D49D4F87401EFF743FE0C4920F00040BF
:100ED000F0F7F0F868B105F0FB0501230DF107020A
:100EE00040F6890120468DF8075001F0EBF803B079
:100EF00030BD45F00405F0E70000FA436F12833A75
:100F00002DE9F0410229C8B005460E46174606D025
:100F100003297DD06FF0180048B0BDE8F08190F84B
:100F20007031012B03D1D3680BB1C0F89C312B6811
:100F300028461B6998470028EED13A6879686FF017
:100F40007F439A421EBFBB6843F40073BB602846D0
:100F500002F01EFAB9680446284602F019FA002386
:100F600082B20093A1B2284601F0EAF80028D3D15A
:100F700002460146284601F046FA0028CCD12B68EB
:100F800044F2FF31D3F8EC30284698470028C3D10B
:100F9000284601F021F901281AD195F8A0310193D2
:100FA00095F87031009395F89C3195F86F21B5F85C
:100FB0007211284601F0ACF93B68013304BF6FF0B1
:100FC0007F433B603B68C5F8A43185F83860A3E7F0
:100FD00010B14FF0FF309FE795F88A01B5F88C11FA
:100FE00095F8842195F8873195F888C195F889E1BD
:100FF00060B995F89C41CDF808E0CDE903040020E4
:10100000CDE900C0284601F0A9F9D5E7FF24F2E7B1
:101010005368FF2B00F2DE8001F0DEF80128044661
:1010200016D195F8A031019395F8703100933B7972
:1010300095F86F21B5F87211284601F069F900287A
:101040007FF46AAF00230093012240F2012138E0CF
:10105000A8B93B79049395F88A31039395F88931BF
:10106000CDE9010395F88831009395F8873195F81B
:101070008421B5F88C11284601F070F9DFE70228C9
:1010800018D1D5F87C317968642B4FEAC1039BB243
:1010900041F6705243F20F700093C9B240F2E1433F
:1010A00008BF134640F62F1208BF0246284601F03B
:1010B0007EF9C4E703288CD1002344F20102009397
:1010C0001146284601F03CF800287FF425AF02467F
:1010D0000146284601F097F900287FF41DAF032C44
:1010E00019D003463A793968284601F001F80028FA
:1010F0007FF412AF2B6844F2FF31D3F8EC3028466E
:10110000984700287FF408AF2846FFF7C5FE00285F
:101110003FF45BAF00E7284600F0C0FD00287FF4F5
:10112000FBAE044695F8AA31C3F10403A3424CDC9C
:101130000024FB22214609A8089410F0CAF905F5FD
:10114000E073C5E96F44C5F8C4410DF11C08029372
:1011500005F5DE73CDE900832846D7E9001208AB18
:10116000079400F01DFB00287FF4D6AE03469DF8DF
:101170001C2008A9284600F0BBFF00287FF4CCAE55
:1011800001238DF81830079B8DF81930D5F8C03140
:101190008DF81A3006AA032340F28531284600F064
:1011A00091FF00287FF4B8AE95F8C071102F28BFCA
:1011B00010270446A7429DD9E1B2284600F01EFE42
:1011C00000287FF4A9AE0134F4E7284600F0FCFDC6
:1011D0000134A7E76FF003009EE637B500230D4604
:1011E0008DF807300DF10702012340F6D8010446BF
:1011F00000F06FFF70B99DF807306DB143F01E032A
:101200008DF807300DF10702012340F6D801204682
:1012100000F058FF03B030BD23F01E0343F0080375
:10122000EEE737B590F87031012B044602D000206C
:1012300003B030BD00F0D0FF01280546F7D10023F0
:101240008DF806300DF10602034640F602112046E5
:1012500000F038FF0028EBD18DF807002B460DF188
:10126000070240F64411204600F033FF0028DFD18A
:101270009DF8073043F002038DF807300DF10702A7
:101280002B4640F64411204600F01CFFD0E70368CF
:1012900010B51B690446984760B92046FFF7C1FFA7
:1012A00040B923682046D3F8EC30BDE8104044F242
:1012B000FF31184710BD37B500230D468DF80730B4
:1012C0000DF10702012340F23671044600F001FFE0
:1012D00088B99DF80730012D0CBF03F0FB0343F0E4
:1012E00004038DF807300DF10702012340F2367137
:1012F000204600F0E7FE03B030BDF0B585B00446EF
:1013000000F06AFF0246002878D1D4F87C31D4F886
:1013100068010392FF26B3F5966F029609D1022168
:101320000423CDE9003140F6B801FEF745F905B0D8
:10133000F0BDB3F5167F4FF002054FF00303CDE982
:1013400000354FF004032ED1182240F2D161FEF790
:1013500033F90028EBD1CDE90260CDE90055042333
:10136000D4F868011A4640F69B01FEF725F90028DB
:10137000DDD1CDE9026004270195009702463B4686
:10138000D4F8680140F6B801FEF716F90028CED16E
:10139000CDE90260CDE9007506235022D4F868013A
:1013A00040F2AC61C1E7082240F2D161FEF704F9D6
:1013B0000028BCD1CDE90260CDE9005502460423E6
:1013C000D4F8680140F69B01FEF7F6F80028AED18C
:1013D000CDE90260042701950097D4F868013B46E7
:1013E000102240F6B801FEF7E7F800289FD1CDE9BA
:1013F0000260CDE9007506230246CFE7002096E79C
:10140000F0B5054685B00F460A2400262B7B1BB19C
:1014100001212846FFF74FFBD5F8680110224FF451
:1014200048716B46CDE90066CDE90266FDF7B2FF73
:1014300006226946384610F072F810B9012005B04E
:10144000F0BDD5F86831186803680A21DB69013CF2
:10145000984714F0FF04D9D12046F0E770B5044650
:10146000D0F868010E46FDF777FED4F868311868A9
:10147000596A026895684268A847D4F868311868C4
:10148000D96A026895684268A847D4F8683130483C
:101490004FF401621A820122DA74D4F868314FF4F1
:1014A00040011A712B4A5A61C3E90201D4F858115C
:1014B0002046FFF7A5FF38B9D4F86801FDF762FEB2
:1014C0006FF00105284670BDD4F850510021284620
:1014D000EFF704FE68B93146204601F03AFE0546B2
:1014E00088B994F854316BBB2046BDE8704001F0D8
:1014F000D0BC294641F28832204601F0F3FC054673
:101500000028E8D0DEE7236820461B69984720467C
:1015100000F0BCFF104B9D42D4D18306D2D50021F0
:10152000C4F8501141F28832204601F0DBFC054638
:101530000028C7D13146204601F00BFE05460028A1
:10154000CFD0BFE72046BDE8704001F09FBC00BF90
:101550001D000D00B10301083DFDFFFFF7B51D465D
:10156000254BC0F87431062380F85C310023164601
:10157000C0F89431214A80F87031FF230F46A0F85B
:101580007251C0F86C21C0F89C3101210446FFF76C
:1015900065FF70BB02463946204601F052F840BB59
:1015A00044223146204601F079F810BB23682946D1
:1015B0001B6E20469847E0B91149204601F08EF88D
:1015C000B8B90121204601F047FD90B901230093ED
:1015D00041F60F5241F221030221204601F088FB1F
:1015E00038B923681B6D0146204603B0BDE8F040C2
:1015F000184703B0F0BD00BF0000FA430903000123
:10160000000070422DE9FF4117461E4645F2553253
:101610004CF6CC43C0E95F23304BC0F890311A231D
:10162000BDF8285080F8853140F209638846A0F85B
:101630008631A0F88C5100210446FFF70FFF0028E7
:1016400049D1236841461B6C20469847002842D167
:10165000236839465B6C2046984700283BD13146C9
:10166000204601F05DFA002835D11D49204601F0E1
:1016700035F880BB236829461B6E2046984750BB2F
:101680004AF61253ADF80C3023680222DB6D03A931
:1016900020469847F8B9236801469B6C2046984736
:1016A000C8B923680146DB6C2046984798B9FF21EA
:1016B000204601F035FD70B90125009541F2210366
:1016C00041F60F520221204601F012FB18B92946BB
:1016D000204601F0C1FC04B0BDE8F08133331C4367
:1016E0000000704238B50D4602210446FFF7B6FEF1
:1016F00058B9236829461B6C2046984728B92046CC
:101700000121BDE8384001F0A7BC38BD70B50D46D9
:1017100086B080F8AF31032104461646FFF79EFEDF
:1017200088BB1D49204600F0D9FF60BB012120463F
:1017300001F092FC38BBCDE90300CDE90100009037
:10174000034602460146204600F008FED8B90B23A6
:1017500084F88631236884F88501C4F880011B6C05
:101760000E492046984770B9032E0ED8092D84F8EB
:10177000A8610DD8032384F8AA314FF4807384F84C
:10178000A951A4F8B83106B070BD6FF00900FAE7AE
:101790006FF00700F7E700BF000070420000FA3E5C
:1017A0002DE9F04F83469146ADF5297D1C4600207A
:1017B000FF22484540F0CA80B0481023002603703D
:1017C00047F25B574FF6FF734A462146C0E9017363
:1017D000C66001F053FEC0F3072304F8093004EBA0
:1017E00009034FF41772587009F102033146E654A9
:1017F00009AD11A8059310960FF06BFEA0482E605E
:10180000032101F07FFE09F10203DA00063210AB7A
:1018100021469B48009501F079FEFF223146204683
:101820000FF057FE9BF8A871032F2ED0954B0CAAF2
:1018300003F1080C18685968164603C60833634557
:101840003246F7D1186899889B79B371022F98BFF7
:101850008D4B3060B18098BF13F807C02B6802939E
:101860004FF0000388BF4FF0000C1A4618460DF1E8
:1018700030084FF0010A029999427BD10992073250
:10188000D208214610A80FF064FF099B02930022A2
:1018900093B202985B438342114602F10102F7D3EF
:1018A0008BB25B009BB204939BF8AA31BDF9085040
:1018B000C1F34E020692C3EBC30203EBC203002145
:1018C0005B009BB28A460A46002D74DC9BF8AA2175
:1018D0006A4F8DF828906FF0710101FB0233099374
:1018E0009BF8AF319BF8A8219BF8A9119B0043EA14
:1018F000C20343EAD10343F002038DF82930BBF859
:10190000B8311A091B0142EA41128DF82B30082325
:101910008DF82A203B702F22FF23C7E901230026E0
:10192000FE6035469BF8AA11B14200F2AF80059BDC
:101930009BF8A821DB0006339BB2032A00F27B81CF
:10194000DFE812F06D017501A001A2010B5C5340AC
:101950001D0145EA13132354130983EA521383EA42
:10196000D20303F0010383EAD2135200D2B21A4326
:1019700001301EE718F80010B9B110AFDE084FEAC9
:10198000D20EBE5D14F80E10DF43D54307F00707F3
:1019900005F007053E41F6070AFA05F546BF29435B
:1019A000C9B2A94304F80E1001320130844508BFC2
:1019B000002001335FE7302D28464FEAD306A8BF49
:1019C00030200390D843A75D4FF0010C00F00700D2
:1019D0000CFA00F027EA000703EB0C00A755C7102C
:1019E000C043E65D00F007000CFA00F026EA0006AE
:1019F000E6554FF0000C9F1CFE434FF0010E06F021
:101A000007060EFA06F60DF140084FEAD20EF8105E
:101A100018F80EE007906FEA020808F00708205C4B
:101A20004EFA08FE1EF0010F14BF3043B0434FEAD8
:101A3000E70618BFC0B2A05504980244029892B2BB
:101A400090420BD8069A0498524492B290429FBF9B
:101A5000013189B20A468A4688BF9246039E0CF13C
:101A6000010C0FFA8CF0864207F10107C4DC304606
:101A70000230303D18442DB283B225E7DC3200201D
:101A8000D8320020B0350208EB5302089DF82B3005
:101A90000139891B23F00C0343EA810304220AA9BC
:101AA00038468DF82B3001F0E9FC0DF130084FF08D
:101AB0000009C8F800908DF82C0002217448CDF878
:101AC0003490ADF8389001F01DFD28220DEB020195
:101AD00043466F48CDF8009001F018FD28220DEB29
:101AE000020143466A48CDF8009001F00FFDEA0874
:101AF000EB43A15C4FF0010E03F007030EFA03F372
:101B000021EA0303A35405EB0E03DA10DB43A15CC7
:101B100003F007030EFA03F321EA0303A3545D4B1A
:101B2000029305F1020C05F12A00029B13F8011B38
:101B300002934FEAD1094FEADC0A18F8099014F829
:101B40000A30C9436FEA0C0201F0070102F00702F4
:101B500049FA01F919F0010F0EFA02F218BF134306
:101B60000CF1010C14BFDBB29343604504F80A305A
:101B7000DBD105F17203DFF82091029305F14A0CE5
:101B80000DF1300A19F8011F6FEA0C024FF0010E37
:101B900002F007020EFA02F24FEAD10E4FEADC0819
:101BA0001AF80EE014F80830C94301F007014EFAA4
:101BB00001FE1EF0010F1ABF1343DBB2934304F87A
:101BC0000830029B0CF1010C6345DBD100214FF082
:101BD00001090BEBD10C4FEAD0089CF8ABC114F80B
:101BE00008306FEA010EC2430EF0070E02F0070242
:101BF0004CFA0EFC1CF0010F09FA02F218BF134355
:101C000001F1010114BFDBB29343202904F808302D
:101C100000F10100DDD17235ADB2013682E6062257
:101C2000534304330522B3FBF2F39BB203E003EB0F
:101C30004303C3F34F03302003F12F02B2FBF0F252
:101C40000A44B4990A60B3FBF0F101EB810202EBA4
:101C5000820200FB113352009BB292B213B10233E5
:101C60001A4492B29BF8AA11722313FB0123B39A70
:101C70001360B29A0733DB08002013600DF5297D4D
:101C8000BDE8F08F5B00D0E703EB4303CDE700BF77
:101C9000D8320020EE5302081554020870B5464AA7
:101CA0008AB0034605AC02F110061068516825465B
:101CB00003C50832B2422C46F7D110683F4A28606B
:101CC00010689288ADF810203D4A029249F28E5277
:101CD000ADF8042093F8AF210390002A93F8A921CE
:101CE0000AA800EB42020CBF3421082132F8142C60
:101CF000B2FBF1F20621632AA3F8B021A3F8B211D6
:101D00002AD037D83C2A53D022D81E2A19D8092ADB
:101D10001BD92C4921FA02F2D20716D5B3F8B82103
:101D20000AA901EB9211B2F5C07F11F81C1CA3F8AF
:101D3000B41102F03F01A3F8B61106D200200AB098
:101D400070BD232AEAD02F2AE8D06FF06900F6E7A9
:101D50003E2A2DD0562AF8D1B3F8B8210AA901EBB2
:101D6000D21102F07F0211F8201CA3F8B411A3F8DD
:101D7000B621E3E7B2F5C37F13D00ED8B92A01D05C
:101D8000C62AE2D1B3F8B8210AA901EB1221D2B2D6
:101D900011F8241CA3F8B411E9E740F293118A4228
:101DA000D3D14FF48472A3F8B421B3F8B821DEE79D
:101DB0003822A3F8B221B1E7C0350208E453020883
:101DC000414447480004405010B5B0F8B231B0F873
:101DD000B611B0F8B041024603F001005B0818B13B
:101DE000B2F8B40143409BB2994214BF81EA0300A8
:101DF00008468442F0D3A2F8B23110BDD0F8C03109
:101E00002DE9F34104460E46002B66D0FFF7DCFFB8
:101E1000B4F8B031471EBAB23FB2B7EB530FA8BF08
:101E2000D21A03F0010594F8AF31A8BF17B20135FB
:101E3000002B56D0AD004FF480584FF09841D4F8A5
:101E40006001EEF78FFF4FF07451EEF78BFFEFF765
:101E50008BF9D4F8C42194F8AA316D0208FB075518
:101E60009A42A0EB050004D29B1ADB0758BF00F58D
:101E7000807006EB460700BA7F00042301900DEB4B
:101E8000030207F28A31204600F01CF930BB6EB322
:101E900094F8AA31B3422BD8D4F8BC51312D29D8AB
:101EA000ADB200238DF800306A46022307F5627157
:101EB00020468DF8015000F005F978B9D4F8BC310E
:101EC0005B1BC4F8BC31D4F8C031013BC4F8C0314D
:101ED000D4F8C4310133C4F8C431002002B0BDE8E5
:101EE000F0811A235D434FF4D048A6E77325D8E765
:101EF0007225D6E73225D4E7014801F0FFBA00BFCA
:101F0000D832002030B5044685B0D0F868010D46BF
:101F10000121FDF782FC0023CDE900330DF10F0212
:101F2000D4F86801AD00012384218DF80F50FDF72E
:101F3000F4FBD4F868310546186803680121DB69B1
:101F40009847284605B030BD0121FFF7DBBF7FB5BC
:101F500004460D461646D0F868010121FDF75DFCE8
:101F600046B10023CDE900331A46D4F8680119467A
:101F7000FDF7D3FB0123CDE9003303AAD4F86801B0
:101F80008DF80C508021FDF7C8FB04B070BD90F8AF
:101F90004D110122FFF7DBBF0122FFF7D8BF1FB5AC
:101FA0000B0C8DF80C300B0A8DF80D300123CDE9A8
:101FB00000338DF80E10032303AA8321D0F86801A3
:101FC000FDF7ABFB05B05DF804FB1FB50B0C8DF8FE
:101FD0000C300B0A8DF80D3000220123CDE90032C0
:101FE0008DF80E10032303AA8221D0F86801FDF7B3
:101FF00094FB05B05DF804FB2DE9F04385B090F843
:102000006C919DF8308006460D981C4617460D468B
:10201000EEF750FE1E49EEF759FFEFF7A5F8FF2D3A
:1020200008BF0225FF2F04BF09F10D095FFA89F7E8
:10203000FF2C08BF0A248DF80A400124CDE9004492
:10204000030CB8F1FF0F8DF80C304FEA102308BFD6
:102050004FF000088DF80D308DF80E000723D6F8EC
:1020600068018DF8085002AA88218DF809708DF852
:102070000B80FDF752FB40B9CDE900440346024610
:10208000C521D6F86801FDF748FB05B0BDE8F0832F
:1020900000007A411FB58DF80D309DF818308DF88D
:1020A0000F300123CDE900338DF80C108DF80E2090
:1020B000042303AA9521D0F86801FDF72EFB05B093
:1020C0005DF804FB08B5D0F86801FDF7ECF90020D5
:1020D00008BD10B5044610461A460346D4F86801F8
:1020E000FDF758F9D4F86801BDE81040FDF73DBB95
:1020F00010B586B00E248DF815300123CDE90133DB
:1021000000920B46022205A9D0F868018DF8144010
:10211000FDF7E9FA06B010BD10B586B01E248DF8A3
:1021200015300123CDE9013300920B46022205A9A7
:10213000D0F868018DF81440FDF794FA06B010BD90
:102140001FB55BBAADF80C30BDF818305BBAADF80E
:102150000E300123CDE9003349BA082352BAADF855
:102160000810ADF80A2019460DEB0302D0F86801FB
:10217000FDF7D3FA05B05DF804FB1FB50123CDE9E7
:10218000003349BA0223ADF80C1003AA1946D0F85F
:102190006801FDF7C2FA05B05DF804FB1FB5012325
:1021A000CDE9003309BA0391042303AA8621D0F8AC
:1021B0006801FDF7B2FA05B05DF804FB07B501232D
:1021C000CDE900330A4602239821D0F86801FDF7D3
:1021D000A4FA03B05DF804FB1FB5FF238DF80F30A0
:1021E0000123CDE900330DF10F021121D0F8680170
:1021F000FDF751FA9DF80F0005B05DF804FB30B50E
:10220000012385B0CDE9003304460D468DF80C104E
:102210008DF80D20D0F86801022303AA8E21FDF766
:102220007CFA08B984F8985105B030BD2DE9F04327
:102230001E4685B090F878319DF8304005468846B6
:102240001746A3B190F86C014FF0010909FA00F0AC
:10225000EEF730FDD5F87411EEF738FE4FF08341FC
:10226000EEF732FF0028044618BF4C46E4B20123C3
:1022700085F86E41CDE9003303AAD5F868018DF8E1
:102280000C8004238B218DF80D708DF80E608DF875
:102290000F40FDF742FA05B0BDE8F08330B585B0D8
:1022A0000D0C089C8DF80C30230C8DF80D3001239B
:1022B000CDE9003308238DF808508DF80A100D0A77
:1022C0008DF80B2064BA0DEB03028B21D0F8680166
:1022D0008DF80950ADF80E40FDF71FFA05B030BD7E
:1022E0001FB50B0C8DF80C300B0A8DF80D30012347
:1022F000CDE900338DF80E108DF80F20042303AACA
:102300008B21D0F86801FDF708FA05B05DF804FBF1
:102310002DE9FF419DF82C800C46414606461746A4
:102320001D46FEF7C8FFB0B99DF828308DF80A3079
:102330000123CDE9003364BAD6F86801ADF808404E
:10234000062302AA8C218DF80B508DF80C708DF8A5
:102350000D80FDF7E2F904B0BDE8F0817FB58DF89E
:1023600013309DF828308DF80E208DF814309DF82C
:1023700020208DF80F200123CDE900339DF8242083
:102380008DF810209DF82C208DF8112049BA9DF869
:102390003020ADF80C108DF81220092303AA8C21EF
:1023A000D0F86801FDF7B9F907B05DF804FB30B566
:1023B00085B00546BDF820008DF808108DF80A207C
:1023C000110A8DF80C301A0A030A8DF80D3001231A
:1023D000CDE900338DF809108DF80B208DF80E0033
:1023E00002AAD5F868018C21FDF797F9044638B99F
:1023F000D5F8680106230DF10902F021FDF753F825
:10240000204605B030BD1FB50123CDE900338DF85E
:102410000C108DF80D20022303AA8F21D0F868013B
:10242000FDF77BF905B05DF804FB1FB50123CDE98D
:1024300000338DF80C1003AA9621D0F86801FDF73F
:102440006CF905B05DF804FB1FB50F4B1A889B783B
:102450008DF80E300123CDE90033ADF80C200323B5
:1024600003AA1421D0F86801FDF715F99DF80D3085
:102470009DF80C209DF80E001B0243EA024318430E
:1024800005B05DF804FB00BFD43502081FB500237A
:10249000ADF80C300123CDE9003303AA0223172144
:1024A000D0F86801FDF7F7F8BDF80C0040BA80B22B
:1024B00005B05DF804FB1FB50023ADF80C30012317
:1024C000CDE9003303AA02230721D0F86801FDF704
:1024D00024F905B05DF804FBD0F868312DE9F0412E
:1024E0001D682A6804465769926D0E462846596A47
:1024F0009047D4F868311B68014632462846BC46EE
:102500005B69BDE8F0416047D0F8683170B51C6880
:10251000596A226820469569926D90472B4601467C
:102520002046BDE8704018470368D3F8DC301847F0
:102530000368D3F8E030184773B505460E46FFF739
:102540004BFE0128044656D100213046EEF7BCFD73
:1025500000283BD029493046EEF7ACFD002835D0A5
:102560004FF07C513046EEF7FDFB2549EEF7F2FACD
:10257000EEF7FAFDC3B2142B21D8022B26D9033B68
:10258000112B23D8DFE803F02F2209220A22222967
:10259000222222222B222222222D082495F86E317B
:1025A00085F85C41C5F87461009395F86D3195F834
:1025B0006C1122462846FFF739FE02B070BD7D2B14
:1025C00013D006D81F2B12D03E2B12D06FF007006D
:1025D000F3E7FA2BFAD10624E0E70924DEE7022428
:1025E000DCE70A24DAE70024D8E70524D6E7032449
:1025F000D4E70424D2E76FF01300DEE70000FF43C6
:102600000AD7233C37B504460D46FFF7E5FD012800
:1026100011D16B1F072B11D894F86E3184F86C51CF
:10262000009394F86D3194F85C2129462046FFF719
:10263000FDFD03B030BD6FF01300FAE76FF0080046
:10264000F7E773B505460C461646FFF7C5FD0128AA
:102650001ED1231FDBB2042B1DD8BEB1062C11D80E
:10266000042C08BF002495F86E3185F86D41009365
:1026700095F85C2195F86C1123462846FFF7D6FDA6
:1026800002B070BD082C06D10724ECE71C46EAE72F
:102690006FF01300F4E76FF00900F1E773B5064639
:1026A0000D461446FFF798FD012814D125F00F03BD
:1026B00043EA141304F00F0444EA05118DF80430C2
:1026C0008DF80510022301AA4FF4E8613046FFF7A8
:1026D000F9FC02B070BD6FF01300FAE737B50C4695
:1026E000054600212046EEF7EFFCB0B10C4920462C
:1026F000EEF7E0FC88B10B492046EEF7E7FBEEF77A
:1027000033FD01238DF807000DF1070240F6E701C4
:102710002846FFF7D7FC03B030BD6FF01000FAE792
:1027200000000C4300002040F0B587B005460C4681
:10273000FFF752FD012811D195F8A031A1B2A5F8FB
:102740007211019395F87031009395F89C3195F8CA
:102750006F212846FFF7DCFD07B0F0BD78BB95F888
:102760008801A1B281420A46A8BF02461F2AA5F8E5
:102770008C111CDC172A1CDC0F2A1CDC003A18BF49
:102780000122920095F88A4195F8873195F8897170
:1027900085F884218CB995F89C610297CDE90346B0
:1027A0000024CDE900042846FFF7D8FDD4E707222E
:1027B000E8E70622E6E70522E4E7FF26EDE74FF02B
:1027C000FF30C9E737B504460D46FFF705FD68BB86
:1027D00000212846EEF764FC60B916492846EEF75A
:1027E00073FC20B114492846EEF764FC18B96FF069
:1027F000650019E00F4D11492846EEF7B3FA4FF086
:102800009841EEF7AFFA0E49EEF760FBEEF7ACFC3D
:10281000C4F88001009094F8853194F88621D4F8AA
:102820007C112046FFF73AFD03B030BD6FF0130076
:10283000FAE700BF9A99193F0000484300007A4424
:102840000024F44B37B504460D46FFF7C5FC0028BD
:1028500039D0032805D0022810D06FF0130003B040
:1028600030BD25492846EEF72FFC20B123492846E4
:10287000EEF720FC38BB6FF06400F0E720492846F3
:10288000EEF722FC0028F6D01E492846EEF712FC8F
:102890000028F0D01C492846EEF764FA01461B4890
:1028A000EEF714FBEEF760FC16220146C4F87C013B
:1028B0002046FFF715FD0028D1D1204603B0BDE822
:1028C0003040FEF71ABD10492846EEF74BFA014694
:1028D0000E48EEF7FBFAEEF747FCD4F88031C4F867
:1028E0007C010093014694F8853194F886212046B6
:1028F000FFF7D4FCDFE700BF23DBF93E355EFA3E8D
:10290000CDCCCC3D9A99193F00007A440024744EF6
:10291000F0B589B003AC84E80E0003689DF8386018
:10292000D3F8CC30049F0DF11F01054698470446AB
:10293000002851D1032E9DF81F3002D09E420FD1A6
:102940003346E3B92B6803991B6C28469847044625
:10295000002841D12B6839465B6C284698470CE02B
:102960002B6828461B69984738B92B683146D3F83D
:10297000C830284698470028E2D004462CE0012BB6
:1029800017D12B689DF80C10D3F8E83028469847EB
:10299000044608BB2B683946D3F8E43028469847EC
:1029A0000446C8B902469DF814102846FFF749FEB0
:1029B000E3E7022B10D14FF4807300939DF80D20B4
:1029C0009DF80C1003232846FEF752F80028D4D1B6
:1029D0009DF80E3085F8AF31204609B0F0BD0000FB
:1029E00030B585B004AC04E90E009DF82030029C9F
:1029F000032B07D1036808A9D3F8CC30984718B146
:102A000005B030BD4FF0FF309DF82030CBB9019DAF
:102A10001F492846EEF758FB68B31E492846EEF7D3
:102A200049FB40B31A492046EEF74EFB30B31A4932
:102A30002046EEF73FFB002814BF00206FF0650032
:102A4000DEE7012BDCD19DF80430053B072B18D8BD
:102A500000212046EEF738FBB0B110492046EEF7D2
:102A600029FB88B19DF80C30043B042B94BF002057
:102A70006FF00900C4E76FF06400C1E76FF0650014
:102A8000BEE76FF00800BBE76FF00700B8E700BFD4
:102A90009A99193F00009643000048430000FF4305
:102AA000F0B51D4C8BB01D466B468C46164604F1A6
:102AB000280E1F46206861681A4603C20834744510
:102AC0001346F7D115496046EEF74CF9EEF74CFB8B
:102AD0006C1E80B23A4600239C420DD8EEF7EEF809
:102AE0000E4905461098EEF73DF901462846EEF7E7
:102AF000E1FA68B1335D04E032F8021B814205D986
:102B0000F35C119A002013700BB0F0BD0133E3E7C2
:102B10006FF06700F8E700BFD835020800002041D9
:102B2000F0B589B004460F46FFF756FB48BB164B7D
:102B300002AD03F1100C2A46186859682E4603C6E8
:102B4000083363453546F7D118681B79337104F2B1
:102B50008513306001930D4B0093394615232046B1
:102B6000FFF79EFF58B9D4F88031009394F885316F
:102B700094F88621D4F87C112046FFF78FFB09B02A
:102B8000F0BD6FF01300FAE73E5402080080E943FD
:102B900037B500290CBF94239623154680F89A1167
:102BA0008DF803300DF10302012340F6AC01044619
:102BB000FFF788FA70B96DB1074B1A889B78ADF8AA
:102BC00004208DF8063001AA032340F29F212046FD
:102BD000FFF778FA03B030BD5454020837B5054604
:102BE0000C46FFF7F9FA08B103281CD1042C1DD8B4
:102BF000DFE804F00403131517000824D5F880312A
:102C000085F88641009395F88531D5F87C112246E8
:102C10002846FFF743FB03B030BD0924EEE70A2442
:102C2000ECE70B24EAE76FF01300F4E76FF06900BC
:102C3000F1E7F0B587B005460E461446FFF7CCFA2B
:102C400000283CD1082C50D8E4B2234632464FF439
:102C5000D8612846FFF736FA38BBB5F88C11E40086
:102C6000E4B2A1420A46A8BF22461F2A85F888413D
:102C70001DDC172A1DDC0F2A1DDC003A18BF0122BB
:102C8000920095F88A0195F8873195F8897185F851
:102C9000842190B995F89C610297CDE90306002044
:102CA000CDE900402846FFF759FB07B0F0BD0722E9
:102CB000E7E70622E5E70522E3E7FF26ECE7012840
:102CC00009D1012C11D831784422284607B0BDE83B
:102CD000F040FFF7E3BC032804D1042C05D133688E
:102CE000C5F8AB316FF01300DFE76FF06800DCE789
:102CF0002DE9F04188B004469DF838800D4617460E
:102D00001E46FFF769FA00284AD1012D08D0022D8E
:102D10003DD0002D40D06FF42F7008B0BDE8F08199
:102D20004FEA88085FFA88F594F88A31B4F88C1174
:102D300094F8842194F888C194F889E184F8875143
:102D400063BB94F89C01CDF808E0CDE90330002383
:102D5000CDE900C320462B46FFF700FB0028DCD15D
:102D60007FBA022307AA40F2BC612046ADF81C706E
:102D7000FFF7A8F90028D0D176BA022307AA40F2BB
:102D8000BE612046ADF81C60FFF79CF9C5E7B8F1BD
:102D9000000F18BF0625C7E70125C5E7FF20D2E7CA
:102DA000012812D12A1E94F8A03118BF012284F8FC
:102DB0006F21019394F87031009394F89C31B4F82A
:102DC00072112046FFF7A4FAA7E74FF0FF30A4E7FF
:102DD000F0B589B004460E461546FFF7FDF9002808
:102DE00051D1DEB994F88A0184F88961B4F88C1164
:102DF00094F8842194F8873194F8886160B994F844
:102E00009C51CDE9030500200290CDE900602046E9
:102E1000FFF7A4FA09B0F0BDFF25F2E7012384F81B
:102E2000893107AA4FF4D7612046FFF752F90028ED
:102E3000F0D19DF81C308DF81D50C5F3002223F011
:102E4000010313438DF81C3007AA02234FF4D76106
:102E50002046FFF737F90028DCD194F88A01B4F84E
:102E60008C1194F8842194F8873194F8886194F84F
:102E7000897130B994F89C510297CDE9030500207F
:102E8000C3E7FF25F8E76FF01300C3E70021FFF762
:102E9000CCBA0121FFF7C9BA003940F2FF1218BFBE
:102EA0000121FFF795BFD0F86801FCF791BC37B559
:102EB00004460D46FFF790F9012810D184F8A0517F
:102EC000019594F87031009394F89C3194F86F2137
:102ED000B4F872112046FFF71BFA03B030BD6FF053
:102EE0001300FAE7F0B5036885B01B6906460D4686
:102EF000174698473046FFF7C9FA830602D5304691
:102F0000FFF7D9FA494925F00040EEF7D3F8044617
:102F100030B10121304605B0BDE8F040FDF7CBBD32
:102F200043492846EDF714FE404920F00040EEF7F3
:102F3000C1F8002869D13F492846EDF709FE3B4911
:102F400020F00040EEF7B6F8002860D13A49284654
:102F5000EDF7FEFD354920F00040EEF7ABF8002814
:102F600057D136492846EDF7F3FD304920F00040AF
:102F7000EEF7A0F800284ED131492846EDF7E8FDDC
:102F80002A4920F00040EEF795F8002845D12D4958
:102F90002846EDF7DDFD254920F00040EEF78AF8E0
:102FA00000283CD128492846EDF7D2FD1F4920F0E2
:102FB0000040EEF77FF8A0BB24492846EDF7C8FD96
:102FC0001A4920F00040EEF775F860B30723384641
:102FD0008DF80C30EDF76EFE1D49EDF777FFEEF73B
:102FE000C3F8030C8DF80D300123C6F89471CDE9B8
:102FF000003340BAADF80E000423D6F8680103AAE6
:103000009721FCF78AFB05B0F0BD2346DFE70123DB
:10301000DDE70223DBE70323D9E70423D7E7052312
:10302000D5E70623D3E70B48EDE700BF6F12833ADD
:10303000CDCCCC3F9A99D93F6666E63FCDCC0C40CB
:103040009A991940CDCC2C40000040403333534076
:1030500000007A4141FDFFFF1FB5012380F899115F
:10306000CDE900338DF80F100DF10F029D21D0F83E
:103070006801FCF752FB05B05DF804FB2DE9FF4148
:103080001F4600230D4616468DF80F300DF10F0236
:10309000012340F6E7010446FFF71BF8C8B94FF0DB
:1030A00001089DF82820CDF800803B463146204697
:1030B000FEF7F0FF68B90422E9B22046FFF79FF857
:1030C00038B943460DF10F0240F6E7012046FEF7FE
:1030D000F9FF04B0BDE8F08170B586B004460E4635
:1030E0001546FFF779F8C0B9CDE9036594F8893141
:1030F000CDE9010394F88831009394F8873194F86E
:103100008421B4F88C112046FFF728F918B984F807
:103110008A61C4F89C5106B070BD6FF01300FAE7E5
:103120000A460121FFF7D8BF10B504460846C4F887
:1031300060114FF09841EDF715FE4FF07451EDF727
:1031400011FEEEF711F801462046BDE81040FFF7EA
:1031500025B8F0B5037B85B005460C4673B901264A
:10316000CDE900663346D5F868018DF8084002AA1B
:103170008A21FCF7D2FA40B105B0F0BD0022114619
:10318000FFF741F90028EAD0F6E795F84D31CDE98F
:103190000066002B0CBF202330238DF80830D5F8B3
:1031A0006801334602AA9321FCF7B7FA0028E3D15D
:1031B00003228DF8082095F86C21ADF80C00CDE9BC
:1031C00000660D328DF809200A22ADF80A208DF82C
:1031D0000E000723D5F8680102AA8821FCF79DFAA2
:1031E00007460028C8D12B6844F2FF31D3F8EC30F1
:1031F00028469847009704463B463A4639462846B3
:10320000FEF79EFF204300B20028B5D1CDE9006053
:103210007F238DF80830D5F86801334602AA89214A
:10322000FCF77BFA0028A7D1D5F868311868036845
:103230000521DB699847D5F868311868D96A0268B2
:103240001269904720B9D5F86801FCF78EFA93E728
:10325000D5F86831186803685B6D9847EBE76FF045
:10326000180070476FF0180070476FF01800704733
:10327000036800215B6918476FF0180070476FF012
:10328000180070476FF0180070476FF01800704713
:103290006FF0180070476FF0180070476FF018005B
:1032A000704784B004A800E90E006FF0180004B065
:1032B0007047002070470000004870470000C8C1F8
:1032C00082B08DE80C00002002B0704700207047EB
:1032D0006FF0180070476FF01800704700207047BB
:1032E0007047704770476FF01800704730B585B071
:1032F0000025CDE902558DF808300368CDE90012AC
:10330000D3F8D0306A4603210446984720B9236891
:103310002046D3F8D430984705B030BD1FB502938E
:10332000069B03930368CDE90012D3F8D0306A46B8
:1033300002210446984720B923682046D3F8D430A8
:10334000984704B010BD000070B5104B03600446F0
:103350000126002506732822002110300EF0B9F84E
:10336000A5634FF48072294604F13C000EF0B1F8D9
:103370004FF07E5384F84451C4E94F55C4F8485186
:1033800084F84C516360A660204670BD605402080A
:10339000002330B51A460125103005FA03F40C421B
:1033A00004D050F823401F2C18BF22430133202B98
:1033B000F3D1104630BDF7B506460C46A9B101AFB2
:1033C000002533683046D3F8A43098470135EDB274
:1033D000042D07F8010BF4D1019B1BBA002BB8BFD9
:1033E0005B4293FBF4F204FB1234204603B0F0BDC1
:1033F00038B590F84C3104469BB9D0F83C2141EAED
:103400004201D0F84821C0F83C111140D0F84021C9
:10341000914205D1012280F84C2180F83930438750
:1034200038BD90F83A2094F839300244012592F8DA
:103430003C009D40B9B12843C0B2591CC9B208290B
:1034400082F83C0084F83910EAD100F0D9F894F8F9
:103450003A30E218013382F83C0084F83A30002315
:1034600084F83930DCE720EA0500E6E7082202703C
:103470000022C0E90122C260028270472DE9F843B0
:10348000002684684FEAC20805460F463246B0451A
:1034900010D1EB6884EA03006B7C13B1297800F04B
:1034A000AFF82A784FF0FF33C2F12002D340184022
:1034B000BDE8F88373070CD12B7CB85C02F10109DD
:1034C00013B1082100F09CF82B78083B9840444049
:1034D0004A462B78013B24FA03F313F0010F18BF7F
:1034E0006B684FEA440418BF5C400136CFE7000028
:1034F0000148FFF7BBBF00BFDC3200200022027092
:103500004270704700230370417070472DE9F74FF8
:10351000019200296CD0002B6AD0002296461546F5
:10352000019CA54212D1690708D04178032904BF44
:10353000110C03F8011B110A19705A700C9B0BB186
:10354000C3F800E0002003B0BDE8F08FEC0890F86D
:10355000018011F804C0284C284EEF4307F00707FC
:10356000B8F1020F4CFA07FC08BFA2460CF0010CA0
:10357000047818BFB246CCF101064FEA940B6FEA0B
:1035800004094FEA860609F00309F6B206EBC906FC
:103590005AF82B904FF0020A29FA06F61AFB04C4D7
:1035A0000CBF4FF010094FF04009B4FBF9FC09FBC8
:1035B0001C4406F00F06047007FB08F705F007042B
:1035C000BE40072C42EA06020CD1B8F1030F04BF3B
:1035D000140C03F8014B1C46160A04F8026B5A70CF
:1035E00023460022447874441FFA84FE013597E78D
:1035F0004FF0FF30A7E700BF3C5502084C550208CA
:103600000023F0B50446012518464E1EDAB2914259
:1036100000D8F0BD05FA03F22240DA40F71ABA40AA
:1036200010430133F2E77047704770470846704710
:103630007047000010B5C0E90223029B0361039BA1
:103640004361049B83610023C361044B044C1A68EB
:10365000C0E9004102B9186010BD00BFF03200207F
:10366000945502081020704710B5064B0446B0214F
:1036700040F80C3B00F0CFFA204600F085F82046D9
:1036800010BD00BFFC55020810B50446FFF7ECFF63
:103690002046BC21F2F77FF9204610BD102AF8B56C
:1036A0004AD100F10C0301F1100251F8044B43F828
:1036B000044B9142F9D100F1180400F1B80601253C
:1036C0000423042B04F1040722D12A46214638465C
:1036D00000F084FA237914F80C2CE179534023711B
:1036E00014F80B2C63795340637114F80A2CA379F6
:1036F0005340A37114F8093C01355940EDB2002341
:103700000133B742E171DBB23C46DAD10120F8BDAA
:1037100014F80C1C22784A40227114F80B1C6278B1
:103720004A40627114F80A1CA2784A40A271E178FA
:1037300014F8092C5140E3E70020E8E710B50446EF
:1037400000F014F8044B23600A23237104F10C03E6
:10375000A360204610BD00BFFC5502081020704732
:10376000017980680131090100F055BA10B50446AD
:1037700000F04AFA034B236000232371A360204624
:1037800010BD00BF2456020810B5034B0360044669
:1037900000F040FA204610BD24560208184B0A7863
:1037A0009A5C02704A799A5C42708A7A9A5C82705A
:1037B000CA7B9A5CC2700A799A5C02714A7A9A5CF6
:1037C00042718A7B9A5C8271CA789A5CC2710A7A69
:1037D0009A5C02724A7B9A5C42728A789A5C827224
:1037E000CA799A5CC2720A7B9A5C02734A789A5CC4
:1037F00042738A799A5C8273CA7A9B5CC3737047FE
:1038000057570208184B0A789A5C02704A7B9A5CF8
:1038100042708A7A9A5C8270CA799A5CC2700A791C
:103820009A5C02714A789A5C42718A7B9A5C8271D6
:10383000CA7A9A5CC2710A7A9A5C02724A799A5C74
:1038400042728A789A5C8272CA7B9A5CC2720A7BE4
:103850009A5C02734A7A9A5C42738A799A5C8273A0
:10386000CA789B5CC373704757560208F0B50E7850
:1038700091F801C08D78CF78F40904EB44044FEA45
:10388000DC1104EBC40401EB410184EA46048CEA38
:10389000050E01EBC101E4B287EA0E0E81EA4C018C
:1038A000C9B2EB0984EA0E0E81EA0E0EFA0903EBA7
:1038B000430303EBC30302EB420280F800E086EA15
:1038C000050E83EA450387EA0E0E86EA0C0602EB34
:1038D000C202DBB282EA470281EA0E0177407540FC
:1038E000D2B259406C407B4053406240417083707B
:1038F000C270F0BD2DE9F041846888B0531E0D46BA
:10390000671E0F326E4613F8011F17F801CF93425E
:1039100081EA0C0106F8011BF5D1077910343E4607
:10392000A046012E1BD87B1E002FDBB24FEA0313EB
:1039300008BF00231C44694604A8FFF72FFF013D80
:10394000631E0F3413F8011F10F8012BA34282EA03
:10395000010205F8012FF5D108B0BDE8F08104A8F7
:103960006946FFF71BFF01466846FFF77FFF05A981
:1039700001A8FFF77BFF06A902A8FFF777FF03A8BE
:1039800007A9FFF773FF08F1FF336A4608F10F003C
:10399000117813F801CF81EA0C01834202F8011B70
:1039A000F6D1013E08F11008F6B2BAE72DE9F04F62
:1039B00091F800B04E78CF788D784FEADB1303EBA7
:1039C000430303EBC30387B083EA4B03DBB20193EA
:1039D000F309FA0903EB430303EBC30302EB4202CF
:1039E00083EA460302EBC20282EA4702DBB2029399
:1039F000B409D3B2484A03934FEA971C145D12F8F6
:103A00000CC084EA8604E3B28CEA870C04935FFA64
:103A10008CF34FEA5B1CAC0912F80CA005934FEA3B
:103A2000561C4FEA9B1912F80C80145D12F809908D
:103A3000019B4FEA551C84EA850412F80CE04FEA1A
:103A4000571CE4B212F80CC086EA05027A405A40CC
:103A5000029B88EAC6085A405FFA88F88AEACB0ACD
:103A60008EEAC50E62405FFA8EFE5FFA8AFA8CEA31
:103A7000C70C89EA8B0988EA02025FFA8CFC8AEAA1
:103A800009098EEA0202E9095FFA89F98CEA020261
:103A900089EA020201EB4101027001EBC1018BEAEC
:103AA00005027A4081EA4501C9B25340049A4B406D
:103AB0005340059A53408AEA030388EA03038EEAD7
:103AC00003038CEA03038BEA060643707740039BEB
:103AD000039A79405940019B75406B405340049ACA
:103AE0005340059A4C40534088EA04048AEA030A8A
:103AF0008EEA040488EA0A088CEA04048EEA080EB6
:103B000089EA04098CEA0E0C80F8029080F803C060
:103B100007B0BDE8F08F00BF4F5602082DE9F04313
:103B20008468077989B00D4604EB07146946531E73
:103B3000661E0F32894613F8010F16F801CF934223
:103B400080EA0C0001F8010BF5D1494604A8FFF703
:103B500059FE3E46A046012EA8F1100819D87B1E3A
:103B60006FF00F02DBB2002F02FB03F308BF00234C
:103B70001C44A21804AB013D12F8010B13F8011B01
:103B8000A24281EA000105F8011FF5D109B0BDE8A4
:103B9000F08304AA434608F11000117813F801CB12
:103BA00081EA0C01834202F8011BF6D104A94846C0
:103BB000FFF7FCFE05A901A8FFF7F8FE06A902A879
:103BC000FFF7F4FE07A903A8FFF7F0FE013E494600
:103BD00004A8FFF717FEF6B2BDE7000030B5084BAA
:103BE0004C78084D1C5DAA5C544004708A789A5C3D
:103BF0004270CA789A5C82700A789B5CC37030BD50
:103C00005757020844560208014B0360704700BF33
:103C100060580208704701440023884200D1704771
:103C200000F8013BF9E730B502440023904204D18B
:103C3000C3F58070C0F3002030BD10F8014B11F8BF
:103C4000015B6C402343F1E72DE9F0419CB0164F36
:103C5000164B4FF009080546082603A8CDF800804A
:103C600010220C4601F05EF93B46424613A903A818
:103C7000009601F057F9334603AA2146204601F089
:103C8000E7F833463A462146284601F04DF93346D7
:103C90003A462946284601F047F9642103A8FFF770
:103CA000BAFF1CB0BDE8F081A45802088058020891
:103CB00038B514460546402320460A46102101F037
:103CC000AEF80023236421462846BDE83840FFF7BC
:103CD000BBBF2021FFF79FBF2DE9F0410D46A0B0EB
:103CE00000F12008044605F12006024641466846D8
:103CF00001F044FA2A46314610A801F03FFA10AA12
:103D00006946684601F0D6F92246414608A801F006
:103D10001EFA2A46314610A801F019FA08A904F142
:103D2000600610AA084601F0C5F905F160023146A7
:103D300010A801F0BFF910A904F140070846224A73
:103D400001F0C8F905F14002394618A801F0B2F9AE
:103D500018AA1146104601F0FAF96A4608A9304639
:103D600001F00CFA10AA18A9384601F007FA18A9B0
:103D700010AA084601F0EBF908A96A46084601F0C6
:103D8000E6F93A463146204601F094F908AA18A906
:103D9000404601F08FF918AA3946384601F08AF9F1
:103DA00008AA3146304601F085F96846FFF791FFD1
:103DB00008A8FFF78EFF10A8FFF78BFF18A8FFF7E2
:103DC00088FF20B0BDE8F081445902082DE9F04198
:103DD000064690B001F140080D464246014606F104
:103DE0004007684601F066F93A46294608A801F0FE
:103DF00061F920220DEB02016846FFF714FF4246ED
:103E000006F120010446684601F054F93A4605F1EE
:103E1000200108A801F04EF920220DEB02016846AE
:103E2000FFF701FF04406846FFF753FF08A8FFF7BC
:103E300050FFE4B2204610B0BDE8F0812DE9F0411A
:103E4000044600F120060A46202388B008213046A7
:103E500000F0E5FFE36B334DDF0F04F1400823F082
:103E60000043E363424605F1200C2B4603CB634538
:103E7000106051601D4602F10802F6D104F16005A0
:103E800032463146284601F015F942462946204679
:103E900001F074F9244A2946284601F01BF94246EC
:103EA0002946284601F053F92946684601F0EBF906
:103EB0006A462146284601F0FDF86846FFF709FFEB
:103EC000236E2A4604F17C0152F8040F8A4243EA29
:103ED0000003F9D15BB91FB1002008B0BDE8F08143
:103EE0002022394620460DF0F4FA0120F5E7294654
:103EF000204601F0F3F90028EED0236803F0010317
:103F0000BB4209D02022002128460DF0E2FA2246C9
:103F10002946204601F032F932462146284601F072
:103F2000C9F8E2E7E4580208645902088021FFF763
:103F300072BE00002DE9F04FC5B00546029114464F
:103F400000218022019301260DF0C3FAFF232E6287
:103F50002E6400934FF0000A04F12008029B53F8EE
:103F60002A70019B37400BB9002F7BD005F1200947
:103F70002A46494604A801F001F92246414614A800
:103F800001F0FCF804A9084614AA01F093F82A46A7
:103F900049460CA801F0DBF82246414614A801F07E
:103FA000D6F80CA9084614AA01F084F805F16003BC
:103FB000194604F1600214A8039301F07BF814A9D8
:103FC00008466E4A05F1400B01F084F804F1400206
:103FD00059461CA801F06EF81CAA1146104601F0C3
:103FE000B6F804AA0CA93CA801F0C8F814AA1CA9A8
:103FF00034A801F0C3F81CA9084614AA01F0A7F8D8
:104000000CA904AA084601F0A2F8019B34AA3CA915
:10401000002B00F09F8024A801F04CF80CAA1CA9EA
:104020002CA801F047F834A908461CAA01F042F870
:104030003CA908460CAA01F03DF824AA29463846B6
:1040400001F0CAF82CAA4946384601F0C5F834AA4E
:104050005946384601F0C0F83CAA05F160013846DF
:1040600001F0BAF82246414604A801F087F804AAF4
:104070001146104601F01EF8224641460CA801F0F8
:1040800066F80CAA04F160071146104601F012F818
:104090003A46394614A801F00DF814A904F1400974
:1040A0000846364A01F016F84A4649461CA801F06F
:1040B00001F81CAA1146104601F049F804AA0CA9FF
:1040C000384601F05BF814AA1CA9484601F056F8DE
:1040D0001CA9084614AA01F03AF80CA9084604AA3B
:1040E00001F035F84A463946204600F0E3FF0CAAB5
:1040F0001CA9404600F0DEFF1CAA4946484600F0D5
:10410000D9FF0CAA3946384600F0D4FFB6F1004F6B
:1041100004BF0AF101035FFA83FA009B03F1FF3346
:1041200014BF7600012613F0FF0300937FF416AF4F
:1041300024A8FFF7FBFE04A8FFF7CBFD0CA8FFF7B0
:10414000C8FD14A8FFF7C5FD1CA8FFF7C2FD45B0C8
:10415000BDE8F08F284600F0ADFF0CAA1CA9484628
:1041600000F0A8FF1CAA34A9584600F0A3FF0CAA2F
:104170003CA905F1600000F09DFF73E74459020877
:10418000F0B5174D944606460F460FCDA1B06C46CC
:104190000FC495E80F00134D84E80F000FCD08AC55
:1041A0000FC495E80F00104D84E80F000FCD10AC40
:1041B0000FC495E80F000D4D84E80F000FCD18AC2B
:1041C0000FC495E80F0084E80F0063466A4639463D
:1041D0003046FFF7AFFE6846FFF7A8FE21B0F0BDFE
:1041E0002459020804590208E4580208C458020875
:1041F000F0B5ADF5397D0D46044680A816461F463C
:1042000000F0CEFA29466846FFF718FE98B9002458
:104210006846FFF78BFE20A8FFF788FE40A8FFF74F
:1042200085FE60A8FFF782FE80A800F09FFA204676
:104230000DF5397DF0BD214620A8FFF7FFFD0028D0
:10424000E5D080A800F076FA2146202280A800F070
:1042500009FD2022294680A800F004FD3A46314697
:1042600080A800F0FFFC002292A980A800F039FD90
:104270002023E218082178A800F0D1FD002278A9B7
:1042800040A8FFF77DFF60AA92A958A8FFF710FD8C
:1042900000236A4658A960A8FFF74CFE60A920A831
:1042A000FFF71AFD20A940A8FFF790FD0446AFE7ED
:1042B00005494FF40052A0F880200022C0E92121D6
:1042C000A0F89C20704700BF80EE360010B540215A
:1042D0000446FFF7A0FC40216018FFF79CFC204635
:1042E00010BD00000148FFF7E3BF00BFF43200201B
:1042F0000148FFF7EBBF00BFF432002020207047D9
:10430000402070470E4A0F4B0F49DFF840C0C0E90C
:1043100002230F4BC0E904130E4BC0E906C30E4B3A
:10432000036203F17453A3F52303A3F6924343629C
:10433000002380F8703000220023C0E91A23704760
:1043400067E6096A85AE67BB72F36E3C7F520E5119
:104350003AF54FA58C68059BABD9831F10B5044671
:1043600070210830FFF757FC236820461B69BDE821
:104370001040184710B5064B0446702140F8083B22
:10438000FFF749FC204600F0E9FF204610BD00BFC2
:104390008C59020810B50446FFF7ECFF204678213F
:1043A000F1F7F9FA204610BD10B5044600F0D0FF31
:1043B000024B23602046FFF7A5FF10BD8C59020871
:1043C0002DE9F04F00F124058BB000F164072B4676
:1043D00053F8042F12BA9F421A60F9D183680293EE
:1043E000C368039303690493436905938369069340
:1043F000C3690793036A0893436A0993DDE908B820
:10440000DDE9061CDDE904E9DDE90246594B0193CB
:10441000019B55F804AF53F8042B01934FEAF123A5
:1044200083EAB113524483EA7163134401EA0C0A2C
:104430002BEA010282EA0A02134486EA0E0243448E
:10444000224006EA0E0882EA08024FEA743888EA37
:10445000B40888EAB4589844AF424B444244F14609
:10446000D84678D110250195019D0F3D05F00F0527
:104470000A3550F825A0019D023D05F00F050A35CB
:1044800050F82590019D05F00F08073D05F00F0538
:1044900000EB88080A35D8F8287050F825503D44BC
:1044A0002F464FEABA4585EAFA1585EADA054FEA5A
:1044B000F94A8AEA794A8AEA992A3D4455444FEAF8
:1044C000F329C8F8285003EA010A89EAB3192CEA4B
:1044D000030889EA736988EA0A08C844254FDDF8A9
:1044E000049057F82970B844A84408EB0B054FEA2C
:1044F000723984EA060889EAB20908EA020804EA7D
:10450000060A89EAB25988EA0A08C844A84405EBB1
:104510000E09019D0135402D0195B646E34621D196
:10452000029D45448560039D1544049AC56022445C
:104530000261059A32444261069A4A448261079AAE
:104540001A44089BC2610B440362099B63444362A3
:104550000BB0BDE8F08FE346B6468C4626461946BA
:10456000144655E78C462646194614464B464246A5
:104570007AE700BFB45902082DE9F8431546894689
:10458000D100D0E91A325B1842EB5572C0E91A32F9
:10459000044600F128074FF000080DB9BDE8F88384
:1045A00094F87000C0F14006F6B2AE4288BFEEB299
:1045B0004946324638440DF0CCF894F87030334414
:1045C000DBB2402B84F87030A5EB0605B144E4D192
:1045D0002046FFF7F5FE84F87080DEE7F8B500F1BD
:1045E000280590F8703017468022EA5490F8702021
:1045F000372B04460E4602F101002FD8C2F13702D4
:10460000002128440CF065FFA36E19BAE36E1A0668
:10461000180A42EA136200F47F401B02024303F4CB
:104620007F031343C4E918312046FFF7C9FE231D59
:1046300004F1240153F8042F12BA8B421A62F9D103
:10464000236820469B689847B8420246294628BFFF
:104650003A463046BDE8F8400DF07BB8C2F13F0263
:10466000002128440CF035FF2046FFF7A9FE382230
:1046700000212846C6E713B51346362204460092A9
:104680000A4600F1280100F06AFED4E91A3213F557
:10469000007342F100022046C4E91A3202B0BDE8BC
:1046A0001040FFF78DBE2DE9F04106461D4656F835
:1046B000283B8AB00F46904602A99B6920220446F7
:1046C00098475C23314600933A464346204600F023
:1046D00046FED4E91A2312F5007243F10003C4E93F
:1046E0001A232046FFF76CFE23685E699B68984793
:1046F00002A902462046B0472368109A9B692946C2
:1047000020469847202102A8FFF785FA0AB0BDE8A5
:10471000F081402070478020704710B50446D821B2
:104720000830FFF778FA236820461B69BDE810407F
:104730001847000070B50C4D034600F1080405F160
:1047400040062A4603CAB24220606160154604F161
:104750000804F6D1002000210022C3E93201C3E998
:10476000340183F8D82070BD685D020810B5064B8F
:104770000446D82140F8083BFFF74DFA204600F0E8
:10478000EDFD204610BD00BFBC5A020810B504461E
:10479000FFF7ECFF2046E021F1F7FDF8204610BDC1
:1047A00010B5044600F0D4FD034B23602046FFF70C
:1047B000C1FF204610BD00BFBC5A02082DE9F04FD2
:1047C000A1B000F1C00300F1400104930B4653F87F
:1047D000082F5C6812BA24BAC3E90042049A9A42CC
:1047E000F5D183680E93C3680F93036910934369EF
:1047F000119383691293C3691393036A1493436AF1
:104800001593836A1693C36A1793036B1893436BCC
:104810001993836B1A93C36B1B93036C1C93436CA8
:104820001D931D461C9E1A9B0B931B9B0C93189B60
:104830000793199B0893149B0D93159B1E93129B32
:104840000993139B0A93109B0593DDE916AB119B0B
:104850000693DFF83C830E9BDDF83C9001934FEA12
:104860009A324FEA9A4747EA8B3742EA8B427A40BC
:104870004FEA9B344FEA9B434FEACA5743EA8A33D5
:1048800047EA5B2744EA8A44D8E900EC5C407A4076
:104890004FEACB5351F8087F43EA5A235C404B68F8
:1048A0001EEB07074CEB030C0B9B23EA0A0E0C9B39
:1048B000D21923EA0B07079B44EB0C04DDF820C058
:1048C0000AEA03030BEA0C0C8EEA030387EA0C07DF
:1048D000D31844EB07049B1945EB0404059A099D82
:1048E000DDF828C0DDF804E082EA0507069A0A9D93
:1048F00082EA0506019A099D1740059A1540069A15
:1049000006EA090602EA0C025640019A6F404FEA95
:1049100019754FEA127C45EA02154FEA897242EA9C
:104920009E024FEA8E7E4EEA990E55404CEA091CD3
:10493000019A8CEA0E0C4FEA496E4EEAD21E5206DC
:1049400042EAD9128CEA020212EB030C0D9A85EAB4
:104950000E0544EB05059B181E9A44EB02041CEB64
:104960000702029245EB06020392099A0D920A9AF7
:104970001E92049A8A42DDE90B6508F1080840F0AE
:104980004C8110220492049AA2F10F0101F00F0150
:10499000093100EBC10250F83110D2F804E0049A5A
:1049A000023A02F00F02093200EBC20550F8322041
:1049B0000D92049AD5F804C0D61F02F00F0706F036
:1049C0000F0600EBC7070936BA6C00EBC60550F8B6
:1049D00036606D68B618FA6C45EB02024FEA5E0568
:1049E0001E924FEA510845EAC1720D0A1F9248EA29
:1049F000CE7845EA0E624FEA1E2588EA020845EAAB
:104A000001651F9AC90941EA4E61554088EA0101D2
:104A10001E9A711885EADE1542EB05050D9A4FEADC
:104A2000DC484FEACC0646EA52764FEAD24E48EAD4
:104A30004238D20042EA5C724EEA4C3E8EEA020EE6
:104A40000D9A920942EA8C628EEA020288EA06080E
:104A500088EA9C188E1845EB0802C7E91262A50B7C
:104A6000A70C47EA833745EA83457D40990B4FEA17
:104A7000934CE7054CEA843C47EA532741EA8441DA
:104A800085EA070E81EA0C01049F414D4FEAC35CA1
:104A90004CEA542C81EA0C0105EBC70C55F8375051
:104AA000DCF8047049194EEB0705079F27EA030855
:104AB000089F27EA040C03EA0A0788EA070704EAC2
:104AC0000B0E8CEA0E0CC91945EB0C05891942EB4B
:104AD00005060B9A029DDDF808C08A180C994FEA6A
:104AE0001577039D41EB0601029E47EA05172D0F3E
:104AF00045EA0615039EDDF80CE0B60746EA9C067B
:104B00004FEA8C7C4CEA9E0C87EA0C077540DDF876
:104B100008C07646760646EADC164FEA4C6C4CEA4C
:104B2000DE1C87EA0C077540DDF814C0019E86EA9A
:104B30000C08069E89EA060E029E08EA0608039EF5
:104B40000EEA060E019E06EA0C06DDF818C088EA99
:104B5000060609EA0C0CBE198EEA0C0C099F45EBFF
:104B60000C05DDF828C0D71941EB0C0C921941EB6C
:104B70000501049D01350495059D0995069D0A953D
:104B8000079D0B95089D0C95049D502D59D101E072
:104B9000E85A02080E9DAA180F9D45EB0101C0E9D5
:104BA00002210299109A039D5218119941EB0501B7
:104BB000C0E904210199129A069D5218139941EBFC
:104BC0000901C0E906210599149A5218159941EB7B
:104BD0000501C0E90821169AD719179A42EB0C0172
:104BE000189AD318199A42EB0404C0E90C341A9BA2
:104BF0001B9A13EB0A0342EB0B02C0E90A71C0E9EE
:104C00000E32079A1C9B08999B181D9A42EB0102D1
:104C1000C0E9103221B0BDE8F08F079A0B92089AD4
:104C20000C92CDE907AB9A46059B0993069B0A9324
:104C3000019BCDE90539029BDDF80C900193A34659
:104C40000DE6019DCDE90559029DDDF80C90019519
:104C5000CDE907ABCDE902219A46A3463B4664461F
:104C600091E600BF2DE9F8430446D0E932601546CD
:104C7000EB009B194FEA5272424189464FF0000106
:104C800028BF0121C4E9323231B1D4E934320133D1
:104C900042F10002C4E9343204F148074FF0000841
:104CA0000DB9BDE8F88394F8D800C0F18006F6B2DB
:104CB000AE4288BFEEB24946324638440CF049FD58
:104CC00094F8D8303344DBB2802B84F8D830A5EB8D
:104CD0000605B144E4D12046FFF770FD84F8D88082
:104CE000DEE7F8B500F1480590F8D8301746802285
:104CF000EA5490F8D8206F2B04460E4602F10100CA
:104D000032D8C2F16F02002128440CF0E2FBD4F843
:104D1000D030D4F8D4201BBA12BAC4E92E23D4F868
:104D2000C830D4F8CC201BBA12BAC4E930232046CC
:104D3000FFF744FD234604F1400053F8082F59685B
:104D400012BA09BA9842C3E91012F6D12368204674
:104D50009B689847B8420246294628BF3A463046E3
:104D6000BDE8F8400CF0F5BCC2F17F0200212844F8
:104D70000CF0AFFB2046FFF721FD702200212846F2
:104D8000C3E713B513463622044600920A4600F1E3
:104D9000480100F0E4FAD4E9323213F5806342F1BD
:104DA00000022046C4E9323202B0BDE81040FFF7ED
:104DB00005BD2DE9F04106461D4656F8483B92B028
:104DC0000F46904602A99B694022044698475C23FF
:104DD000314600933A464346204600F0C0FAD4E9F3
:104DE000322312F5806243F10003C4E932232046E6
:104DF000FFF7E4FC23685E699B68984702A90246B6
:104E00002046B0472368189A9B6929462046984750
:104E1000402102A8FEF7FFFE12B0BDE8F081F8B510
:104E20000F46B3EB870F054611461C464FEA87062F
:104E300009D21A460CF08DFC321B28190021BDE85E
:104E4000F8400CF046BB3246BDE8F8400CF081BC9F
:104E5000F0B5002507462C46AB4204F0010000D116
:104E6000F0BD51F82540261A52F8250064EB0404E1
:104E7000361A47F8256064F100040135ECE72DE9A6
:104E8000F04700241D68A446264696420BD140F800
:104E9000224000EB820901264FF0000A089CA6423E
:104EA0000CD3BDE8F08751F82670E7FB054C40F8BD
:104EB0002640644601364FF0000CE6E7002453F824
:104EC000267000EB860EA446944503D149F826408F
:104ED0000136E3E7DEF8005051F82C802D194AF135
:104EE0000004E8FB07544EF8045B0CF1010CEBE7FF
:104EF000F8B50446FFF7ACFF1D46002316464042B6
:104F0000043C1A4605B9F8BD56F8041B54F8047F52
:104F10000140C91942EB0207C918216047F100039B
:104F2000013DEFE7FFF7ABBFFFF7E2BF2DE9F0412F
:104F3000CC691326E30F24F00044A3FB0636CC61B2
:104F400001EB82078C464FF0260E674549D1072AB0
:104F50000CD83C4625680132ED18D2B246F1000368
:104F6000082A44F8045B4FF00006F3D12622A3FB85
:104F7000023402FB0644CA691325D60F22F0004210
:104F8000E6FB0534CA610A1FA44601F11C0516465A
:104F900056F8044FE4184CF10003B54234604FF06A
:104FA000000CF5D116461327634656F8044FE41952
:104FB00043F10007B54234624FF00003F5D1CB6BEB
:104FC000DC1723F00043CB63043852F8041F136A44
:104FD0004B4023404B40954240F8043FF5D1BDE89B
:104FE000F081DCF80050EC18DCF8205046F10003AA
:104FF000E5FB0E434CF8044B0026A6E7F0B589B05C
:105000006D46034600F120070146002613202C467A
:1050100051F8042B121846F100008F4245F8042B7A
:105020004FF00006F4D1079AD61722F00042191F5C
:10503000F04307921C3351F8045F54F8042B6A4084
:1050400032406A408B420A60F5D109B0F0BD0023BE
:10505000D1F800C02DE9F04702F1200607461546B9
:105060001C4655F804EBEEFB0C34B54247F8043B04
:1050700023464FF00004F4D140F8203F01F11C0812
:1050800051F804EFA0F11C0C1746002557F8049BBB
:10509000DCF80030A246E9FB0E3A5B194AF1000544
:1050A000B7424CF8043BF1D1884540F8045FE7D1A2
:1050B000BDE8F08710B590B004466846FFF7C7FF1B
:1050C000082269462046FFF731FF10B010BD0A469E
:1050D000FFF7F0BF2DE9F04F93B002AF0023D2F8F5
:1050E00000C00D4601F120080E461C46394656F810
:1050F00004EBEEFB0C34464547F8043B23464FF0E7
:105100000004F4D10A930AAF02F11C09019452F889
:10511000043FA7F11C0E1C46AC460026DEF800300A
:105120005CF804ABDDF804B0EAFB043B9B194BF1DF
:105130000006C4454EF8043BF0D1914547F8046F92
:10514000E5D10822FFF7F2FE13B0BDE8F08FF0B40E
:10515000002401F1200C0546264651F8043B52F884
:10516000047BDB1946EB06071B1947F10004614578
:1051700045F8043BF1D1F0BCFFF740BFF0B5002388
:1051800001F12007054651F8044B52F8046B03F077
:105190000103E41A63EB0303A41B63F10003B942A8
:1051A00045F8044BEFD1014603F0130251F8043BDC
:1051B00004469B1A44F8203B62EB02020B6802F0A3
:1051C00001029B1A41F8043B62EB0202A142F5D1B5
:1051D00023F00043C361F0BD404230B5A1F10400AB
:1051E00065EB0505043A1C3150F8044F52F8043FB2
:1051F00063402B40634088420360F5D130BD70B5F9
:1052000088B0044668460E46FFF761FF09256946E7
:105210006846013DFFF75BFF15F0FF05F7D1324609
:1052200069462046FFF746FF17260A256946684665
:10523000013DFFF74CFF15F0FF05F7D16A46214607
:105240002046013EFFF736FF16F0FF06EDD121465E
:105250006846FFF73CFF6A4621462046FFF72AFFD3
:10526000082569466846FFF732FF013D6A46214638
:105270002046FFF71FFF15F0FF05F2D16846FEF745
:1052800028FD08B070BD38B504460D46FFF7B7FFDE
:1052900021462046FFF71BFF21462046FFF717FF58
:1052A0002A4621462046FFF705FF21462046FFF704
:1052B0000EFF21462046FFF70AFF2A4621462046D8
:1052C000FFF7F8FE21462046FFF701FF2A46214658
:1052D0002046BDE83840FFF7EDBE000030B504467B
:1052E00089B00D46FFF78BFF21462046FFF7EFFE02
:1052F0002A4621462046FFF7DDFE21462046FFF7DD
:10530000E6FE21466846FFF7E2FE2022694628466F
:105310000CF0B5F828B96846FEF7DBFC012009B0AF
:1053200030BD0A4A21462046FFF7D4FE2146684692
:10533000FFF7CDFE2022694628460CF0A0F8002891
:10534000E9D06846FEF7C5FC0020E8E7A85D020842
:10535000014B0360704700BFD05D020870472DE924
:10536000F8431D4603689DF82090DB6804460E460E
:1053700090469847236807461B6920469847AF42E6
:105380000ED32A46414630460CF0E3F974197A1BD5
:10539000494620460CF09DF8B44217D1BDE8F88389
:1053A00023682A46414620465B6998472368204681
:1053B0009B689847236802469B690546314620460C
:1053C0009847236820461B699847DFE716F8013B9A
:1053D00089EA030306F8013CDEE70000224BF0B542
:1053E0000B443C24B3FBF4F104FB1133B1FBF4F2A6
:1053F00004FB1211017118214371B2FBF1F301FB9F
:105400001322C2709BB2002240F26D164FF69365D4
:1054100012F0030413BF37464FF4B7770121002180
:10542000BB421AD2114D027001216A5C4CB90229AB
:1054300007D10132D2B29A420BD89A1A93B2032101
:105440001F229A4205D80131C9B29A1A0C2993B287
:10545000EBD1013341708370F0BD691A0B44013206
:105460009BB2D2B2D4E700BF80BC92C7F75D0208FE
:10547000704738B50446002508462171A5710AF029
:10548000DBFD65712060204638BD10B5044600681C
:105490000AF0DAFD204610BD0023437170474079C1
:1054A00070470068704700008E2912D8702903D811
:1054B000032908D801207047074B7139C9B2CB4086
:1054C00003F001007047643904298CBF00200120DB
:1054D00070470020704700BFBD91FE20882914D876
:1054E000702906D803290BD8012994BF0020012078
:1054F0007047074B7139C9B2CB4003F001007047C8
:10550000A1F167035842584170470020704700BF1F
:105510001901A0002DE9F84F04460E4690461D469D
:10552000FFF7C2FFC8B18E2E98BF2D4B94F805909F
:105530009CBF9F5D2B4B227994BF33F816B0002798
:1055400009EB070303F1010388BFBB46934206DB67
:105550000123A3710020BDE8F88F0223F9E70021A1
:105560002846EBF79DFD0021B0F1000A284618BF40
:105570004FF0010AEBF794FD08B105F100455846DC
:10558000EBF798FB2946EBF7EDFBEBF7EDFD31462A
:1055900005462046FFF7A2FF40B1BAF1000F05D043
:1055A000FA00012393405A1E2A409D1A236809F1EC
:1055B0000102627103F8098063792268591C6171E4
:1055C000D654002201326379D1B28F423B4402D2D9
:1055D000D8B26071BFE721689B1ACD542D0AF1E75C
:1055E000225F0208045E020808B513460A467421C9
:1055F000FFF790FF08BD704710B550210446F0F743
:10560000CAF9204610BD000038B5074B04460D46C8
:1056100040F80C3B442200210BF05BFF0023A56007
:105620002371204638BD00BFBC5F020810B5044698
:10563000007958B901B1A160A16839B104F10C0039
:1056400000F092FEB0FA80F04009207110BD38B52C
:105650000379044600F10C053BB98168284601F046
:1056600069FDB0FA80F0400938BD00230371284677
:1056700000F0BCFE0028F4D1A168284601F05AFDD4
:105680000028EED1A168284600F06EFE0028E8D17F
:1056900001232371E5E738B50D46044611461A4645
:1056A0002B4600F052F9204638BD00B5C3B06A461B
:1056B0000C3000F01DFEB0FA80F0400943B05DF8F8
:1056C00004FB08B50C3001F067FEB0FA80F0400929
:1056D00008BD07B503688DF807105B6801220DF15E
:1056E0000701984703B05DF804FB1346027D10B52F
:1056F0004AB904690A46816904F10C0000F0E9FF27
:1057000020EAE07010BD0020FCE773B50446006994
:10571000257D0DBBA1690C3000F0DEFD0646206939
:10572000A1698DF8075001230DF107020C3001F03B
:105730006AF900282069A169C8BF9DF807504FF099
:105740000003324600F10C00D8BF4FF0FF3501F0E6
:10575000BEF9284602B070BD4FF0FF35F9E738B505
:10576000037D044663B90069A1690C3000F0B6FD01
:1057700005462069A1690C3000F0AEFD281A38BD3D
:105780000020FCE7037D2BB90369816903F10C005C
:1057900001F093BB7047000010B500224FF47A74FB
:1057A000C0E90124054C0460C0E9062201610275CC
:1057B00080F8202080F81F2110BD00BFCC5F0208B8
:1057C000F8B504460E4615461AB1012A17D0012035
:1057D000F8BD012738200AF02FFC0146A06160B116
:1057E000206932463B460C3001F0CFFD024648B1FD
:1057F000A0690AF029FC0023A3610020E8E740F239
:105800000317E7E7012D05D12069A16902230C30B8
:1058100001F05DF900232375D9E770B504462C200B
:105820000E460AF009FC0146A06150B120693246DB
:105830000C3000F01CFD30B1A0690AF005FC00231B
:10584000A361002070BD012525753046EBF7D0FC23
:1058500028440AF0F1FB3146E0610BF072FF284664
:10586000F0E71346027D10B43AB904690A4681692B
:1058700004F10C0010BC01F0C6B8002010BC704749
:1058800007B501220DF10701FFF7EBFF0028CCBFA0
:105890009DF807004FF0FF3003B05DF804FB81690D
:1058A00038B5044679B10069257D0C3065B100F04A
:1058B00006FDA0690AF0C8FBE0690025A56108B1F2
:1058C0000AF0C2FBE56138BD01F030FBA0690AF0C7
:1058D000BBFBA561F7E7FFF7E2BF70B58369C2B014
:1058E00005460E4614460BB1FFF7D9FF28696A46F4
:1058F00031460C3000F0FCFCE0B99DF80030112B73
:1059000005D1224631462846FFF75AFF03E03146CB
:105910002846FFF782FF044670B12F2130460BF076
:1059200023FE203500B1461CFF22314628460BF0ED
:1059300008FE02E0023003D00024204642B070BDD1
:10594000012CF9D1DDE7FFF7C8BF70B504460D465D
:1059500016461946FFF720FF324629462046FFF734
:10596000F2FF204670BD8069003818BF01207047E3
:1059700003681A6AC36AD31A1944B1FBF2F302FB33
:105980001311036B8B4210B50AD94C09C06B01F09F
:105990001F0150F8243001228A40134340F824307C
:1059A000002010BD0368013304D04068431C5842F6
:1059B000584170470120704710B50B6804689C423D
:1059C00009D040684968884205D08C4203D0181A33
:1059D00018BF012010BD0020FCE72DE9F74FDDE9DD
:1059E0000C470E9D83468846924699460DB9002085
:1059F00064E0DBF80000BAF1000F1ED0DAF80030E6
:105A00004B451AD1DAF80410A14216D886690E4423
:105A1000A64212D9361BAE42DAF8083028BF2E460D
:105A2000611A3846324619440BF093FEAD1B3744D9
:105A30003444DCD0DBF80000E0E7D8F8002043690C
:105A40004A4517D1D8F80410A14213D8CE18A6425F
:105A500010D9361BAE42D8F8083028BF2E46611A3E
:105A60003246384619440BF074FE37443444AE1BBA
:105A70003546BBE74168B4FBF3F203FB12428C46A8
:105A80007AB9AB420DD8B5FBF3F603FB1656AD1B46
:105A900000953B4622464946E04778B92F442C44BE
:105AA000E6E7A21AC8F80090C8F804200093D8F8D6
:105AB000083049466646B04700289AD003B0BDE892
:105AC000F08F1FB5069C0092CDE9013400220B46F1
:105AD00000F11401FFF781FF04B010BD2DE9F0477C
:105AE00086B005460F46144600F11409D6184FF04B
:105AF000010A0DF11708A64203D1002006B0BDE847
:105B0000F0870094CDE9018A3B46002249462846A9
:105B1000FFF763FF01340028F0D10E9801224146BF
:105B200001F078FCE7E72DE9F04F8BB013680493A0
:105B300000265368059307460C46B0460DF1100A3F
:105B400006AD4FF0100B5AF82690CDF800B02B465A
:105B5000002249463846FFF7B4FF70B110F1340F08
:105B600006D146B1B8F1000F0CBF6FF03300002032
:105B70000BB0BDE8F08F0126E5E7B8F1000F04D0C7
:105B8000E269069B9B1A002BEBDB079B23F000438B
:105B9000132BE6D93A68D2699342E2D84FF0FF332B
:105BA00003A810222946039301F034FC079B03A8A5
:105BB00023F000430090103B102249463846FFF77F
:105BC0008DFF0028CAD1039B002BCAD10AAA86F0F8
:105BD000010302EB830304F11C0C53F8183CA3608F
:105BE0001023E36095E80F00C4F804904FF001081B
:105BF0008CE80F00B5E7F7B5044604300E461546AD
:105C0000FFF7D0FE10B1002003B0F0BD00900123DB
:105C10006A46294620460193FFF785FF0028F3D105
:105C200005F124073846FFF7BDFE0028EBD13146C9
:105C30003846FFF7C1FE38B13A4629462046FFF7FD
:105C400072FF0028EED0DFE70120DDE72DE9F04FFD
:105C500087B0DDE9104506468B46174625444FF0D0
:105C600001090DF1170AA3EB0408AC4201D1012090
:105C700011E008EB04030093CDE901A93B460022A3
:105C800059463046FFF7A9FE28B914F8013B9DF8A4
:105C900017209A42E9D007B0BDE8F08F03689B6AED
:105CA00010B5044613B9C0690AF0CEF92368DB6A5F
:105CB00013B9A06A0AF0C8F923681B6B23B9E06B1B
:105CC000BDE810400AF0C0B910BDF8B5C6690D684E
:105CD000083EB5420F4613D3B5FBF6F0013808F085
:105CE0000BF8841CA5EB8404B4FBF6F4204608F002
:105CF00003F8A5EB800504FB16553D602046F8BD72
:105D00000020FCE72DE9F04F89B00646DDF84C8015
:105D100005920F464BB94FF0FF32C8F80020149A95
:105D20000020136009B0BDE8F08F0468013B07A9AB
:105D300020460793FFF7C9FF12A905462046FFF743
:105D4000C4FF4FF0040A81460DF1140BA945059BD1
:105D500003D3C8F80030129BE1E7A5EB0904B4FABD
:105D600084F495FAA5F2B2FA82F2C4F11F049442C7
:105D700028BF1446A2000092CDE901BA002239469C
:105D80003046FFF72AFE0028CCD10123A340ED1AAC
:105D9000DCE72DE9F04F89B006461298DDF850A0F7
:105DA0000F4690469946E8B10138059005A930683C
:105DB000FFF78BFF0DF1180B0446139B4946504625
:105DC000984778B974B104F00105C5F10202920058
:105DD000CDE901B200904B46424639463046FFF7C6
:105DE000FCFD10B109B0BDE8F08F06992DB9139BE9
:105DF000504698470028F5D1012008AB03EB8000FE
:105E0000023D50F8089C2C44D7E704300844104465
:105E100070472DE9F34106460C46154601F124076B
:105E20004FF01008216AE26821F0004302F10C00F3
:105E3000043B984215D80C23009361682B1D304613
:105E4000FFF73FFE034688B9E668EA79A9796879E1
:105E50002E60FFF7DAFFA26906440244E660A26101
:105E600004E0002906DB2A606FF00103184602B047
:105E7000BDE8F0813A4621463046FFF754FE03461E
:105E80000028F3D1A369C4F80C801433A361C9E7D7
:105E900030B5044693B004300D46FFF783FD10B1D2
:105EA000002013B030BD0190012301AA07A92046AC
:105EB0000293FFF738FE0028F3D110A8FFF772FD18
:105EC0000028EDD110AA07A92046FFF72CFE0028D4
:105ED000E7D103AA07A92046FFF79BFF10B1831C57
:105EE000EBD0DEE79DF91030002BF2DB08222946CB
:105EF00005A80BF0C4FA0028EBD10120D1E72DE969
:105F0000F843054604300F4614461E46FFF74AFD87
:105F100010B10020BDE8F88301235062936202F1C2
:105F2000240806F108094046FFF73CFD0028F0D19F
:105F3000424621462846FFF7F6FD0028EAD13246C0
:105F400021462846FFF765FF10B1831CEBD0E1E73F
:105F5000337903F07003202BF1D139464846FFF71F
:105F60002BFD0028EBD10120D4E700002DE9F04FF4
:105F700087B01F68049340F6220353604368936020
:105F8000DFF82C918368039105461446D360494697
:105F900038460BF0FFFA07EB0008834649464046B7
:105FA0000BF0ACFA0128064608EB000A05D117F8F9
:105FB0000B302E2B0AD15746E9E7022806D10246BC
:105FC0003C4940460BF05BFA0028F4D057464FF0AE
:105FD000010B494650460BF0DDFA824449465046D3
:105FE0000BF08CFA024690B102280CD10590314991
:105FF00050460BF044FA059A28B9BBF1010B04D1C5
:106000000AF10207C3E70BF1010B9244E1E798F8AC
:106010000000002841D0049BC3F800802379222B84
:1060200043D104F1080A039952462846FFF77BFD45
:1060300098BB05F1140B039922462846FFF7E9FEA9
:1060400058BB237903F07F03112B01D0222BF2D10F
:10605000E379B342EFD12368627904331344A27920
:10606000CDE900861344039A594652682846FFF743
:10607000EDFD002811DBDED095F84130002B86D1F4
:1060800094F90430002B82DA51462846FFF700FFCE
:10609000002805D001DB6FF0010007B0BDE8F08FEC
:1060A000237903F07F03237171E76FF01300F4E7A6
:1060B000F05F0208F25F0208C368184710B50C468B
:1060C0008269A068FF210BF004FA4FF0FF332360D0
:1060D00010BD38B58B6A016004460D46CBB1C36173
:1060E000EB6A13B3A36204F120012846FFF7E6FF31
:1060F0004FF0FF33636123681A6BEAB1E26300205B
:106100004FF0FF33C4E90133C4E90300A4F84000B1
:1061100038BD486909F090FFE0610028E0D12046D1
:10612000FFF7BCFD6FF00B00F2E7A86909F084FFF0
:10613000A0620028D7D1F2E7586AC00809F07CFFB6
:10614000E0630028DBD1EAE7F7B50C4609684B1C91
:106150000546164602D1002003B0F0BD00688369F1
:106160000093D4E901238768B8470028F4D12B684D
:1061700026B928682146FFF7A1FFECE79B69019348
:10618000A3680093D4E9002331462846FFF75EFD5B
:106190000028E1DBEDD16FF03300DDE72DE9F74FAB
:1061A000DDE90C480E9E81460F4693469A46002E26
:1061B00038D1304606E05A4639464846FFF7C4FF14
:1061C000002850D003B0BDE8F08FB4FBF2F302FB1F
:1061D00013431BBB964221D3B6FBF2F502FB1565B8
:1061E000761B0096836822469C4651464346E0470C
:1061F0000028E7D1BBF1000F02D1B044344434E0B1
:10620000CDE900862346524659464846FFF71EFD13
:106210000028D7DBF1D16FF03300D3E7E31AC7F8DA
:1062200000A07B603B68D9F8000053458269CCD15F
:106230007B68A342C9D89D18A542C6D92D1BE01A78
:10624000B542BB6828BF35462A46184441460BF084
:1062500080FAD9F800309A692C44B4FBF2F302FBBF
:106260001343002BA7D0A844751B2E469FE730B5DB
:1062700043684B6087B0836801928B6002AA01ABD0
:1062800005460C46FFF772FEA0B99DF80C30222B94
:1062900012D104AA21462846FFF745FC50B963688D
:1062A0002361A36863610E23A3611023E3602B695C
:1062B00023602C6107B030BD6FF01300FAE703696B
:1062C00000F110021BB18B4203D11B681360002048
:1062D00070471A461B68F5E7086A7047CB6948693A
:1062E0009B0303D50B6A984238BF184670470000DD
:1062F00070B594B01546039103AB05AA09A90646EB
:10630000FFF734FE0446C0B901464FF484722846B4
:106310000BF0DFF89DF818302B70112B04BF089B91
:106320006B60311D07A8FFF747FB05F10803044622
:1063300030B90C4918460BF004FA204614B070BD71
:10634000059A9DF819109DF81B00009004320A442C
:106350009DF81A1030460A440A99FFF7B2FB04462A
:10636000EBE700BFF05F020830B599B00546FFF7D4
:10637000B0FE044658BB2B6868631B6AAB63C5E973
:106380000B000290012302AA0DA928460393FFF7F0
:10639000CAFB044600BB202300930E9905AB1022D4
:1063A0002846FFF78EFB0446B0B9069B6B60079B3F
:1063B0000D49AB6008220BA80BF061F8044648B900
:1063C0000A9B1A0C012A0BD19BB2012B08D820463C
:1063D00019B030BD6FF033042846FFF75FFCF6E7D5
:1063E0006FF01504F8E700BFF55F020808B5FFF786
:1063F00055FC002008BD2DE9F043064697B0043057
:106400000F469046FFF7CEFA20B10024204617B081
:10641000BDE8F08301230590069305994046B847EF
:1064200004460028F2D106994046B84704460028A1
:10643000ECD105AA0BA93046FFF775FB04460028EE
:10644000E4D14FF00C09139B0E9D23F0004305F19E
:106450000C02043B9A4223D9149B059305A8159B73
:106460000693FFF79FFA0028D7D0F56806F11409C4
:10647000002DCAD0EB69DA033CD4EB699B030DD540
:10648000CDE901782B6A00936B6A05F12C0249462D
:106490003046FFF77EFC04460028B7D12D68E7E7B9
:1064A0000C99CDF8009008AB2A463046FFF709FB5F
:1064B00004460028AAD19DF823209DF822109DF8BB
:1064C0002100FFF7A2FC9DF8203003F07003284460
:1064D000102B0E90B7D10A9B00932246CDE901788C
:1064E000099B06F114013046FFF753FC04460028CF
:1064F000A9D08BE7CDE901786B6900932B6905F191
:106500002C0249463046FFF744FC04460028B4D02C
:106510007CE70000F8B504460D460126236BD4E95C
:106520000D219A421DD1002949D0E06A2268034416
:10653000106A526A8A4294BF22632163B3FBF0F768
:10654000002100FB17336163D208E06BE3620AF0BD
:10655000C0FF1C4922462046FFF74DFF0028DDD032
:1065600024E00139501CA1635709E16B606351F8C5
:10657000277002F01F0006FA00F03842CFD1E36A1C
:1065800013442268126AB3FBF2F002FB10332B6053
:10659000266B0125636BB3420FD05A0903F01F002D
:1065A00051F8222005FA00F0104000D1F8BD013367
:1065B0006363A36B013BA363ECE70020F6E76FF096
:1065C0001B00F3E77159010873B50C460431064608
:1065D000FFF7A0FF0546F0B904F108013046FFF7C8
:1065E00099FF0546B8B9042300930246616804F197
:1065F0001C033046FFF765FA10B110F1340F0DD1CE
:10660000E3690133E36114224FF0FF33C4E9082347
:10661000A3621023E360284602B070BD0546FAE786
:106620002DE9F04F044689B00E4600F1140B07A97E
:106630002046FFF76FFF054658B9DDF81C9020682B
:106640004946FFF739FD054600283BD010F1340FCD
:10665000EDD0284609B0BDE8F08F0DF11B07CDE95C
:106660000087CDF808A0736A059A59462046FFF7BF
:10667000B4F970B9CDE9017ACDF800804B465A469D
:1066800004F120012046FFF789FD20B110F1340FFD
:10669000CDD00546DDE708F10108B36A4345DCD8F3
:1066A0002368A16A9A69706B0BF053F8236AF3624E
:1066B000636A2068336304F12001FFF7FFFCC6F82A
:1066C0002490C6E706F12C03804605934FF0010A9B
:1066D000E3E72DE9F04F8FB0CDE90623CB6903F056
:1066E0000302012A05460C4600F01F815E031AD4FE
:1066F000E669320520D4276A079BDF4200F1188142
:1067000016F400361ED005F11403DDF81CA0099321
:1067100004F12C08E369BAF1000F25D123F400231A
:10672000079AE36104E000F006F902460028DFD092
:1067300010460FB0BDE8F08F6269216A8A4288BFB7
:106740002262D8E763699F42DDD92362236A9F42B0
:10675000D9D90DAA0123214628468DF83460FFF7C8
:10676000B8FF021EF2DAE3E79B0324D52B68A26A86
:10677000DB699A4240F098802B681B6AAB6305F195
:1067800014030493D4E90832CDE90B230DA928465C
:10679000FFF7C0FE024608BB0D9B2868059319460B
:1067A000FFF78AFC024618B312F1340F16D14FF0EE
:1067B000FF332B62EAE7236A002BDDD004F12802C5
:1067C0000292013B04F1240201920093D4E90423D4
:1067D00041462846FFF796FA024620B1E36943F4A2
:1067E0000023E361A4E728684146FFF767FCC3E79D
:1067F0000C9F2E680890002F4FD0013F0CA9304607
:106800000C97FFF762FA0C9FF369089A01379F42D1
:106810000C9768D1461C96FAA6F6B6FA86F606F1EB
:10682000010B91460BAF4FEA890308930423CDE98E
:1068300001734FEA890300934146DDE904232846AA
:10684000FFF7ACFC0B9B02460028ADD14E4550D162
:1068500009F10109CB45E6D84FEA8B071DE000227C
:10686000CDE9016B0B9B0499CDF800902846FFF70A
:10687000B4F802460028B1D1DDE90423CDE9016B6B
:10688000CDF8009041462846FFF788FC02460028D4
:106890008AD109F101094F45E1D8059BC4E90937BF
:1068A000E36943F40033E3612B68DE69A36AF61AF7
:1068B000564528BF5646069B02960193A36A00934D
:1068C000099A636A41462846FFF768FC0246E8B128
:1068D00010F1340F82D121462846FFF7A1FE02466F
:1068E0000028E8D07AE791464FF0010B0DF12B0616
:1068F000D1E70421CDE90171089900912846049956
:10690000FFF76BF802460028A2D067E7236A3344FA
:106910002362A36A3344A362069B334406932B6825
:106920001B6AAB63AAEB060AF4E66FF00802FFE607
:106930006FF01A02FCE6CB695A032DE9F04144BF1F
:1069400023F48023CB61CB6944BF4FF0FF32CA628E
:106950009B0390B005460C4603D4002010B0BDE860
:10696000F0810F6A2C22002102A805F114060AF01A
:10697000B0FD2369069396E8070063690793012336
:10698000CDE9093710AB03E907004FF0FF38C5F830
:106990001480226A63699A4211D304F12C083246AA
:1069A00041462846FFF7D0FB08B310F1340FD5D18C
:1069B00021462846FFF734FE0028F0D0CEE7012319
:1069C0000DF1070202A9284600F01DF80028C5DBDA
:1069D00001230DF1070221462846FFF77AFE002821
:1069E000BCDB6B690133D4D0CDF83480CFE7636A68
:1069F0002361236A6361E36923F4003343F4803342
:106A0000C4E90737A9E72DE9F04F1D46CB69904649
:106A100003F00302022A87B007460C4654D09A03BB
:106A200005D4236A6669B34208D3002003E0FFF768
:106A300082FF0028F5D007B0BDE8F08FF61AAE420D
:106A400028BF2E4604F12803B14604F12C0A059311
:106A500004F1240BB9F1000F01D13046EBE7E369F3
:106A60005B0304D53B68A26ADB699A4210D1059B9F
:106A7000CDE901B3236A0093D4E904235146384693
:106A8000FFF740F90028D6D1E36943F48023E3619E
:106A90003A68A36AD5690093ED1A4D4528BF4D4663
:106AA000CDE901850022636A51463846FEF795FF1D
:106AB0000028C0D1236A2B442362A36A2B44A3621B
:106AC000A844A9EB0509C5E76FF00800B3E770B566
:106AD0000D4614461E46FFF72EFF70B92B6A36B1DD
:106AE000012E01D11C4402E0022E07D01C46002CCE
:106AF000A6BF2C6220466FF0150070BD6B69F1E7F0
:106B0000F0B5012680F84060A7B004460430FEF7D7
:106B100049FF0546002879D101462C2205A80AF034
:106B2000D8FC4FF000432822294610A80D930AF004
:106B3000D0FC1A9623681B6A9D4202D36FF0330083
:106B400020E019A8FEF72EFF00285FD119AA10A98E
:106B50002046FEF7E8FFA8B90D9B002B34DB01AB04
:106B60001BAA0EA92046FFF7CAF900280ADB0BD1A1
:106B7000199B0E931A9B0F9300231A4605A92046D2
:106B800000F046F827B0F0BD039A0E99049B0F98C9
:106B90008A4201D1984217D0904201D1994213D034
:106BA0000E92E8E79DF97030002B0DDA1DA9204602
:106BB000FFF76EF90028E5DB1BD01BAA10A92046C1
:106BC00000F03DFA0028DDD11BAA10A92046FFF7EE
:106BD00020F90028E6D0831CD4D110AF0FCF05AE2A
:106BE0000FC60FCF0FC697E80700013586E80700EC
:106BF000A0E79DF8703003F07F038DF870301BAA7A
:106C0000034610A9204600F03FF9DBE70020B9E772
:106C10002DE9F04F9DB00D460993CB6905920133E4
:106C2000CB610B1D0646079309984B68896806934C
:106C3000C5E9011302EB001413469C4212D1069BD6
:106C40000C9300230B91089369683068FFF734FABE
:106C5000044678B114F1340F00F0DF8020461DB0F7
:106C6000BDE8F08FD8682A6A02445868121A2A626E
:106C70001033E2E705F11C084FF0FF3310224146C4
:106C80000DA810270D9300F0C5FBCDE901870094F6
:106C900006F1200A22466B6851463046FFF77EFA1D
:106CA00004460028D6D18346B84629E0099B9B4577
:106CB00080F28D80059A4FEA0B1302EB0B19D35823
:106CC000434540F08480D9E902120DA800F0A2FBF0
:106CD000D9F80C300293D9F80830CDE900730022BE
:106CE0006B6851463046FFF759FA04460028B1D187
:106CF000D9F804309844D9F80C300BF1010B1F443B
:106D00002B6A23F00043043BBB42CFD80DF134087B
:106D1000CDE90078042302936B6800225146304687
:106D2000FFF73CFA0446002894D14FF0FF370246A3
:106D3000776151463046FFF707FA0446002889D1AB
:106D40003068036998470446002883D12B6A11975D
:106D500011AF009723F0004302466968043B3046B8
:106D6000FEF7BCFE044600287FF478AF119A0D9B15
:106D70009A4252D1089B2BB343463A460BA9304660
:106D8000FFF7BDF80028FFF66AAF5ED06B680F937F
:106D9000AB681093424623463946304600F074F8FB
:106DA00000287FF45CAF311D0BA8FEF705FE18B973
:106DB0006B687360AB68B3603046FFF7A1FE0028D4
:106DC0007FF44DAF3269002A53D1104647E74FF0A8
:106DD00001090699CDF8009011AB42463046FEF706
:106DE00070FE044600287FF439AF4A4611A90DA869
:106DF00000F010FB11ABCDE90073CDF808902246EE
:106E00006B6851463046FFF7C9F9044600287FF405
:106E100021AF08F10108013772E74FF0FF33336209
:106E20000124002311A90BA8CDE91134FEF7C4FDFC
:106E300010B96FF0330012E707993046FFF76AFB8D
:106E4000089400283FF400AF09E73A460BA9304602
:106E5000FEF7D1FE0028FFF602AFB3D06B681A939D
:106E6000AB681B9300231A4639463046FFF7D0FE25
:106E7000A5E70799101DFEF79FFD18B96B685360D1
:106E8000AB68936012689EE770B5154688B055F8F8
:106E9000044BD27900940C26002BCDE905230792F0
:106EA00034440CBF012302236A46CDE901650396F1
:106EB0000494FFF7ADFE08B070BD70B592B0064601
:106EC0000D46FFF738FD044658BBEB6903F4102369
:106ED000B3F5803F25D12A1D1046FEF763FD00BBA8
:106EE00007A93046FEF71FFEF0B90C23EA6808999F
:106EF0000093304604ABCDE9044406940392FEF7B8
:106F0000E0FD88B92B6905936B69069303AA2346B4
:106F100007A93046FFF7B8FF30B9EB6923F4803397
:106F2000EB61204612B070BD0446FAE770B5054625
:106F30000C46FFF7C2FFEB68064605F10C021BB1D9
:106F4000A3420DD123681360A3690BB11B682BB951
:106F50002B685B6B13B9606B09F076F8304670BD37
:106F60001A461B68EBE72DE9F043804695B00E46C4
:106F70001746994601F12405FA79B9797879346A86
:106F8000FEF743FFD8F80030DB692044984215D85B
:106F9000043C47F8044B00230C21CDE90A37CDE926
:106FA0000C14CDE90E3910920994022309AA314636
:106FB0004046FFF72DFE15B0BDE8F083002C36DB10
:106FC00035460FCD09AC0FC40FCD0FC495E80700AF
:106FD00084E8070031464046FFF7F6FA0028EAD178
:106FE000129B7362139BB362336A3A46043B42F8C6
:106FF000043B03920C22CDE90130CDE90423FB7957
:107000000893CDE90609022301AA31464046FFF75D
:10701000FFFD0028CFD1119B43F00043119373680B
:107020001293B36813930246034609A9C0E72A46A0
:1070300031464046FEF777FD00289DD0BBE72DE99D
:10704000F04714460D46D279A1798CB0804660791C
:10705000FEF7DBFE2B6A143023F0004383421DD180
:1070600001AA291D4046FEF7C6FD061E12DB099A3D
:10707000002A13DA2B6A63F00043134009936B6A0A
:107080000A93AB6A0B9300231A4601A94046FFF707
:10709000BFFD064630460CB0BDE8F0872368E279B4
:1070A000A17960790193FEF7B0FE0023CDE90333A7
:1070B0000290012301AA29464046FFF7A9FD064692
:1070C0000028E7D1D8F80C7005F1040A4FF0FF3919
:1070D000CFB9D8F810700435002FDBD02946381D01
:1070E000FEF76AFC68B9FB682268934209D9E27925
:1070F000A1796079FEF789FE1B1AFB60BB691B1A38
:10710000BB613F68E8E75146381DFEF755FC28B9DA
:10711000FB682268934203D1C7E901993F68D7E72A
:10712000FCD9E279A1796079FEF76FFE1B1AFB604A
:10713000F4E70000F0B5A5B00546FEF7CAFF044627
:10714000002877D12B685A6A0146D208E86B0AF00A
:10715000C0F92A68EC62D2E908320EA9C5E90D43EC
:107160009A4294BF2A632B632846FFF72DFA044600
:1071700000285CD119A92846FFF726FA0446002802
:1071800055D10346024619A92846FFF741FD04469A
:1071900000284CD1294B1A9E1B9A6E601027CDE90E
:1071A00005732B68AA60D969099125491B6A08688B
:1071B0000A93496801974FF001130B930CAB03C37B
:1071C0003423CDE90762CDE91762169306AE20237A
:1071D000CDE90363029301AA01230EA92846FFF714
:1071E00017FD20B110F1340F02D004461FE0012436
:1071F0002023CDE90236049301AA01230EA92846D3
:107200000197FFF705FD20B110F1340FEDD1002CEF
:10721000EBD000220123CDE901230EA901AA2846C3
:10722000FEF781FC044610B92B681B6AAB63284645
:10723000FEF734FD204625B0F0BD00BF2E14000837
:10724000F55F02082DE9F0471F4692B003F00303F3
:10725000012BDDF86880019206460C4611D101AB86
:1072600003AA07A93046FEF781FE0546B0B99DF88E
:107270001030222B00F08680B90534D56FF0100550
:1072800008E090F84030002BE9D1FFF739FC0546C3
:107290000028E4D0284612B0BDE8F087821CF9D15E
:1072A000DDF804A02F2150460AF01BF98146002882
:1072B000F0D1FB05EED540F611038DF812005046D3
:1072C000ADF81030E9F794FF4FF0FF33CDE9053901
:1072D0008DF81300534603AA07A93046FFF743FE73
:1072E00005460028D6D1089B6360099BA360039BD9
:1072F000E360059B23610022069BC4F81880780593
:107300006361E761226210D44FF0FF33E362B8F1AA
:10731000000F02D0D8F800306BBB3268536B73B1EA
:10732000F26842B36FF00B05B4E713B147F480374E
:10733000E7614FF0FF320023C4E90423E4E7E36987
:1073400003F00303012B0AD1506908F075FE606356
:107350000028E7D0F36823600025F4609AE790697D
:1073600008F06AFE60630028DCD0306804F12C016C
:10737000FEF7A4FEEEE76363E36903F00303012B6A
:10738000E8D0F2E76FF0140584E713B50024009409
:10739000FFF758FF02B010BD10B590F840309CB018
:1073A0000446019143B101AB02AA06A92046FEF7AB
:1073B000DDFD30B11CB010BDFFF7A2FB0028F2D0FC
:1073C000F8E79DF80C30222B1CD002AA06A9204613
:1073D000FFF735FE0028EDD19DF80C30222BE9D1C6
:1073E00006AA12A92046FEF706FC0028E2DB1A9B3B
:1073F0000F931B9B109300231A4606A92046FFF704
:1074000007FCD7E704AA11A92046FEF78CFB002849
:10741000DBD0CFE770B50D4D0A44914200D170BD6D
:10742000066811F8013B83EA060404F00F0455F8DE
:10743000244084EA161484EA131303F00F0355F86A
:10744000233083EA14130360E7E700BF00600208FB
:10745000D0F888301BB1D0F88C3080301847704796
:107460000148FFF7F5BF00BF9433002070B586B028
:10747000002302AC02930593C4E901338B680546EF
:107480000E4633B1022220469847F3680593B3684D
:10749000049394E803006A4605F1800382E8030040
:1074A00093E8030084E8030092E8030083E8030004
:1074B000049BD5F88820C5F88830059B04922046A7
:1074C000D5F88C20C5F88C300592EDF770FF32208E
:1074D000EAF764FC322006B0BDE87040EAF718BC59
:1074E00010B504463220EAF721FCD4F888303BB1CD
:1074F00004F180010322084698470023C4E922339F
:1075000010BDD0F88800003818BF01207047322025
:10751000EAF7FEBB3220EAF709BC3220EAF73EBCAC
:1075200008B53220EAF728FC003818BF012008BD52
:10753000054BD3F8902021B122F40042C3F89020EB
:10754000704742F40042F9E700040058034BD3F8B7
:10755000900080F40040C0F3C03070470004005831
:107560004FF0B043D3F8942021B142F40042C3F865
:107570009420704722F40042F9E74FF0B043D3F86B
:107580009400C0F3C0307047024B5869C0F340000C
:10759000704700BF0004005813B5094C4FF0FF338B
:1075A00000931A461946204606F01CFD054B6366FB
:1075B0000023C4E92033C4E9223302B010BD00BF68
:1075C000943300200000015808B50248EDF7EFFEA3
:1075D00008BD00BF14340020F0B5CFB006460C46FD
:1075E0006D4602F12007106851682B4603C308322C
:1075F000BA421D46F7D19DF8003023F007038DF8FD
:1076000000309DF81F3003F03F0343F04003214654
:1076100008A88DF81F3001F093F844A800F031FF5E
:1076200044AA08A93AA800F039FF44A908AA0846C4
:1076300002F0D2F944A9084601F018FF44AA3AA979
:1076400008A801F084F912A800F01BFF1CA800F0A4
:107650000CFF08A926A801F05BF830A800F011FF84
:107660000024FE25EB1027461DF8034005F0070314
:107670001C4104F0010467403A4626A912A800F014
:1076800097FF3A4630A91CA800F092FF30AA26A91D
:107690003AA802F0A1F91CAA12A944A802F09CF988
:1076A00012A908461CAA00F0F9FE30AA26A91CA8B7
:1076B00000F0F4FE12AA3AA930A801F048F91CA97A
:1076C00044AA084601F043F944A93AA801F0F1FCA4
:1076D00012A944A801F0EDFC1CAA30A926A800F0CC
:1076E000DDFE1CAA104630A902F076F93AAA44A998
:1076F00012A801F02CF944A93AAA084602F06CF944
:107700001CA9084601F0D5FC44A930A801F0CEFB25
:1077100026A9084601F0CDFC3AA9084630AA00F097
:10772000BDFE1CAA08A930A801F011F93AAA44A983
:107730001CA801F00CF9013D94D2224626A912A8FA
:1077400000F036FF224630A91CA800F031FF1CA92A
:10775000084601F08BFE12A91CAA084601F0F7F8B2
:1077600012A9304602F069F94FB0F0BD30B50C46B1
:10777000A9B0054610460A46202100F00FFE2378E6
:1077800023F007032370E37F03F03F0343F040033C
:10779000E3772146684602F0C2FB6946284602F0BC
:1077A0009EFB29B030BD10B5A8B00446684602F073
:1077B000B6FB6946204602F092FB28B010BD0000DF
:1077C0002DE9F04FADF53D7D03460B900C46083397
:1077D0000CAD00F14806186859682A4603C2083300
:1077E000B3421546F7D11CA8214604F18005044692
:1077F0004B780A780F798E781B0443EA0263CA79C2
:1078000042EA07624F7943EA062342EA0742CE780A
:107810008F79083142EA072233438D42C4E90023BD
:1078200004F10804E4D104461026D4E91C19CB0C59
:107830004FEAD9424FEAC90ECF004EEA517E47EADD
:10784000597743EA493342EA41328909A04641EA7D
:1078500089617B4082EA0E024B40D8E91217D8E9D1
:1078600000E8D4E9025C11EB0E0147EB080782EA5D
:1078700099125B1842EB070E4FEA15296A0842EA93
:10788000CC7249EA0C6982EA09014FEA5C074FEAC7
:107890001C28EA0947EAC57748EA056842EA4C62CB
:1078A0004A4087EA08079B1887EADC1106F10106BF
:1078B0004EEB01010834502EC4E91E31B5D11A9B9C
:1078C00003931B9B0493149B0593159B0693189B92
:1078D0000793199B0893169B0993179B0A930C9B7C
:1078E00001930D9B0293DDE90E89DDE910ECDDE9E2
:1078F00012320149009101E04060020805994FEA07
:10790000913A06994AEA814A4FEA913B05994BEA36
:10791000814B8D0C069945EA81358C0C059944EA1A
:1079200081348BEA040B069CE40544EA51248AEA7C
:10793000050ACD05069945EA512500998AEA050A06
:107940008BEA040BD1E90057D0E900640799AD191F
:10795000099E47EB04044E400A9F08994F40059941
:107960000E4006990F4007994E4008991AEB0505FD
:1079700087EA010703994BEB0404AD1944EB0704B4
:107980006D18049941EB04045B19039342EB040363
:107990000493019B01991E0F029B46EA03161A0FDE
:1079A000019B42EA0312029B9B0743EA91038F0764
:1079B00002995A4047EA9107019B7E404F0647EAE9
:1079C000D3175B0643EAD113734001995B1982EA2E
:1079D000070244EB020241EA0804029941EA090560
:1079E000019901EA0807029904EA0E0401EA09066E
:1079F0003C4305EA0C0513EB040A45EA060542EB95
:107A0000050B009A009BD5689B680799D0E9024254
:107A10001B1945EB02025B180899099C41EB020215
:107A2000059981EA040506990A9C4C4003990D408A
:107A300004990C4009994D400A994C4003995B19EF
:107A400042EB04028C0B049944EA81448E0B0399A7
:107A500046EA81468F0C049947EA81378D0C0399D9
:107A600045EA813504996E40CD0503997C4045EA8D
:107A70005125CF05049947EA51277C401C1985EA16
:107A8000060542EB05051EEB040307934CEB0503CB
:107A900008934FEA1B724FEA8B7343EA9A034FEA4B
:107AA0001A7642EA0A124FEA8A7747EA9B0746EAC1
:107AB0000B165A404FEA4A637E4043EADB134FEA13
:107AC0004B67029947EADA1773401C1982EA0702EA
:107AD00045EB0202019B41EA0B05019943EA0A03C7
:107AE00001EA0A07029903EA080301EA0B063B438D
:107AF00005EA090514EB030C45EA060542EB050E01
:107B0000009A009B55691B690999D0E904421B1929
:107B100045EB02025B180A99039C41EB02020599AE
:107B200081EA04050699049C4C4007990D40089988
:107B30000C4005994D4006994C4007995B1942EB62
:107B400004028C0B089944EA81448E0B079946EA9B
:107B500081468F0C089947EA81378D0C079945EAD1
:107B6000813508996E40CD0507997C4045EA51253D
:107B7000CF05089947EA51277C401C1985EA06057C
:107B800042EB050518EB04030A934FEA1E724FEA15
:107B90008E7343EA9C034FEA1C7642EA0C124FEACA
:107BA0008C7747EA9E0746EA0E1682EA03024FEAFE
:107BB0004C6386EA070643EADE13019983EA06036B
:107BC0004FEA4E6749EB050947EADC171C194AEAF8
:107BD0000C0382EA070203EA0103029945EB020261
:107BE0000AEA0C074BEA0E050BEA0E060D403B4372
:107BF000E31845EA060542EB05080993009A009B45
:107C00009B69D5690599D0E906421B1945EB02022B
:107C10005B180699079C41EB0202039981EA04056F
:107C20000499089C4C400A990D4003994D400499D1
:107C300004EA09044C400A995B1942EB04028F0CD8
:107C40008C0B47EA893744EA89444FEA99364FEA70
:107C500099457C40CF0545EA813547EA592746EAF0
:107C600081466E407C404FEAC9551C1945EA5125B2
:107C7000019B099985EA060542EB05051B19059349
:107C8000029B43EB05030693099B4FEA18721E0FF4
:107C900042EA03124FEA887343EA91038F0747EAE7
:107CA000980746EA08165A404B067E4043EAD81326
:107CB0004FEA486747EAD11773401C194CEA01069E
:107CC00082EA070245EB02024EEA080306EA0A06C8
:107CD0000CEA01050EEA0807354303EA0B036119B4
:107CE00043EA070342EB0303009A0293009B556AA1
:107CF0001B6A0191D0E9084203991B1945EB020266
:107D00005B1804990A9C41EB0202079981EA040579
:107D1000089981EA090405990D4006990C400799D4
:107D20004D4008994C4005995B1942EB04028C0BBD
:107D3000069944EA81448E0B059946EA81468F0CE8
:107D4000069947EA81378D0C059945EA81350699F0
:107D50006E40CD0505997C4045EA5125CF05069931
:107D600047EA51277C401C1985EA060542EB0505C8
:107D70001AEB040303934BEB05030493019B019956
:107D80001E0F029B46EA03161A0F019B42EA0312DA
:107D9000029B9B0743EA91038F0702995A4047EAE7
:107DA0009107019B7E404F0647EAD3175B0643EAE3
:107DB000D113734009991B19019C41EA04060299E9
:107DC00082EA070245EB020248EA0104019D099993
:107DD0000D40029906EA0C0608EA010735430099AE
:107DE00004EA0E045B1944EA070442EB0402D0E9FA
:107DF0000A67D1E90A450799A41945EB07056418F4
:107E00000899059E41EB05050A9981EA060706993E
:107E100089EA010603990F4004990E400A994F40E0
:107E2000039986EA0906E41945EB06058E0B0499C9
:107E300046EA814A8E0B03998F0C46EA81460499E3
:107E400047EA813B8F0C039947EA813704997E40CA
:107E5000CF0503998AEA0B0B47EA512ACF0504990B
:107E600047EA51278BEA0707E41986EA0A0645EB39
:107E70000605170F1CEB04014FEA8276079146EACC
:107E800093064EEB05014FEA137C47EA03174FEACE
:107E9000837E08914EEA920E019977404CEA021CCB
:107EA0005E068CEA0E0C46EAD2164FEA426E8CEA67
:107EB00006064EEAD31E41EA030C0299341987EAFA
:107EC0000E0745EB070741EA020509990CEA010C88
:107ED000019901EA030602994CEA060601EA020E3C
:107EE00005EA0805009945EA0E0514EB060E47EB76
:107EF000050CD0E90C67D1E90C450A99A41945EBAA
:107F00000705039E6418059981EA06070699049EF1
:107F100081EA0606079907EA0107089906EA0106B9
:107F2000059987EA0107069986EA0106079949EB50
:107F30000505E41945EB06058E0B089946EA814ACA
:107F40008E0B079946EA81464FEA9149089949EA1A
:107F500081398F0C079947EA813708998AEA090A1B
:107F60004FEAC15907997E4049EA5129CF0508993E
:107F700047EA51278AEA07070999E41986EA0906B8
:107F800045EB06054FEA1C7709194FEA8C760991F3
:107F900046EA9E0648EB050147EA0E174FEA1E78AF
:107FA0004FEA8E7949EA9C09774048EA0C184FEA73
:107FB0004E660A9188EA090801994FEA4C6946EA37
:107FC000DC1688EA060649EADE1943EA0E08341987
:107FD00008EA010887EA0907029945EB070703EA5F
:107FE0000E0642EA0C050D4002EA0C09009948EA27
:107FF000060614EB060845EA090547EB0509D0E932
:108000000E67D1E90E450599A41945EB07056418DB
:108010000699079E41EB0505039981EA0607049935
:10802000089E4E4009990F400A990E4003994F400F
:1080300004994E4009994FEA913A0A99E41945EB9F
:1080400006054AEA814A8E0B099946EA81464FEABB
:10805000914B0A994BEA813B8F0C099947EA81378A
:108060000A998AEA0B0A4FEAC15B09997E404BEAFA
:10807000512BCF050A9947EA51278AEA0707E419E5
:1080800086EA0B0645EB060501994FEA19774FEA98
:10809000897646EA98064FEA187A47EA08174FEABF
:1080A000887B09194BEA990B87EA06074AEA091AFD
:1080B0004FEA48668AEA0B0A05914FEA496B029932
:1080C00046EAD9168AEA06064BEAD81B41EB0501B7
:1080D00087EA0B0734194EEA080A45EB07070AEA54
:1080E000030A4CEA09050EEA080615400CEA090BDA
:1080F0004AEA0606069145EA0B05A119019147EBEC
:1081000005010291009940310091009C1B49A14258
:1081100000F140007FF4F2ABCDE91232079B1893D7
:10812000089B1993099B16930A9B1793059B14931D
:10813000069B03990B9A1593CDE910EC019B1A91BC
:10814000CDE90E8904990C93029B0D931B910CAB06
:1081500002F1400552F8081FD3E90040566809199A
:1081600040EB0600AA42C2E9001003F10803F1D176
:1081700000200DF53D7DBDE8F08F00BFC062020814
:1081800030B5034600282ED000240025C3E9004561
:1081900017A5D5E90045C3E9024517A5D5E900456E
:1081A000C3E9044516A5D5E90045C3E9064516A56A
:1081B000D5E90045C3E9084515A5D5E90045C3E95A
:1081C0000A4515A5D5E90045C3E90C4514A5D5E92F
:1081D0000045C3E90E4514A5D5E90045C3E910459E
:1081E0000020986430BD0120FCE700BFAFF30080A1
:1081F00008C9BCF367E6096A3BA7CA8485AE67BBBA
:108200002BF894FE72F36E3CF1361D5F3AF54FA5E4
:10821000D182E6AD7F520E511F6C3E2B8C68059BC0
:108220006BBD41FBABD9831F79217E1319CDE05B78
:108230002DE9F8430D4616460446002847D000298C
:1082400045D0836C802B42D800F14C0716B93046DC
:10825000BDE8F883A36C93B97F2E10D92946204638
:10826000FFF7AEFA0028F3D1D4E9003213F58063AA
:1082700042F10002C4E900328035803EE6E7C3F1F6
:108280008008B04528BFB04603F14B02224405EBFD
:1082900008094D4516D14344802BA3640ED13946BD
:1082A0002046FFF78DFA0028D2D1D4E9003213F529
:1082B000806342F10002C4E90032A0644D46A6EB9F
:1082C0000806C3E715F8011B02F8011FE1E70120CA
:1082D000BEE7F8B50D46044600285DD000295BD006
:1082E000836C7F2B58D8D0E900670822E3FB026734
:1082F0005A1C03448021702AC0E90067826483F815
:108300004C100AD90022A36C7F2B39D904F14C01FF
:108310002046FFF755FA0023A3640022A36C772BB5
:1083200034D93B0E84F8C4303B0C84F8C53036BADF
:108330003B0A04F14C0184F8C63084F8C770C4F8D5
:10834000C8602046FFF73CFA294604F14002E37B6F
:108350000B70E3894B70E3681B0A8B70E368CB708A
:10836000E37A0B7163894B71A3681B0A08348B7124
:108370002368CB71944201F10801E8D10020F8BDD7
:10838000591C2344A16483F84C20BCE7591C2344A6
:10839000A16483F84C20C1E70120F0E730B5B5B007
:1083A000054668461446FFF7EBFE48B90A4668469C
:1083B0002946FFF73DFF18B921466846FFF789FFB8
:1083C00035B030BD2DE9F041FCB00446DDF808823F
:1083D00048A81F460D461646FFF7D2FE202208EB9E
:1083E000020148A8FFF724FF3246294648A8FFF7B4
:1083F0001FFF10A948A8FFF76CFF10A801F010FE9E
:1084000010A920A801F08BFD20A9204601F067FDEE
:1084100048A8FFF7B5FE2146202248A8FFF708FF2D
:108420003946202248A8FFF703FF3246294648A8CC
:10843000FFF7FEFE694648A8FFF74BFF684601F0CC
:10844000EFFD10AB4246694604F1200002F02AFE1F
:108450007CB0BDE8F0818378417802781B0443EA60
:10846000012343EA0200002170470023C0E90033E2
:10847000C0E90233C0E90433C0E90633C0E9083378
:10848000704700230122C0E90023C0E90233C0E99C
:108490000433C0E90633C0E9083370472DE9F047DB
:1084A00053684E688D68CC680F69D1F824A01E44CB
:1084B00093681D44D3681C44136907EB030C4F6990
:1084C000536907EB030E8F69936907EB0308CF69C4
:1084D000D36907EB0309136A0F6A09681F44536ADB
:1084E000126853440A44C0E90026C0E90254C0E9B6
:1084F00004CEC0E90689C0E90873BDE8F0872DE91C
:10850000F74F83688D68CC684E685D40C3685242FF
:108510005C4004EA0203019304690B69634003EAC7
:10852000020E44694B69634003EA020884698B695F
:10853000634003EA0209C469CB69634003EA020AA3
:10854000046A0B6AD0E900C7634003EA020B446A7D
:108550004B6A09687E4063408CEA01011640154071
:10856000134011408268019C5540C26885605440A8
:108570000269C46082EA0E020261426981EA0C016A
:1085800082EA08027740016047604261826982EABC
:1085900009028261C26982EA0A02C261026A82EA4F
:1085A0000B020262426A5340436203B0BDE8F08F9F
:1085B0002DE9F04F8BB00B68019304684B68019D67
:1085C000029384EA050A8B684468029D039384EA57
:1085D0000509CB688468039D049384EA05080B6948
:1085E000C468049D059384EA050E4B690469059DE2
:1085F00006938B69079384EA050CCB69069D446951
:1086000008930B6A099384EA05074B6A8469079DFE
:10861000DDF824B084EA0506C469089D6540046A53
:1086200084EA0B04D0F824B052428BEA030B0AEA26
:10863000020A09EA020908EA02080EEA020E0CEA36
:10864000020C17401640154014400BEA0202D0F805
:1086500000B08BEA0A0BC0F800B0D0F804B08BEA87
:10866000090BC0F804B0D0F808B08BEA080BC0F8CA
:1086700008B0D0F80CB08BEA0E0BC0F80CB0D0F8F4
:1086800010B08BEA0C0BC0F810B0D0F814B08BEA25
:10869000070BC0F814B0D0F818B08BEA060BC0F87E
:1086A00018B0D0F81CB08BEA050BC0F81CB0D0F89D
:1086B00020B08BEA040BC0F820B0D0F824B08BEACD
:1086C000020BC0F824B0019880EA0A000860029802
:1086D00080EA09004860039880EA080088600498EE
:1086E00080EA0E00C860059880EA0C0008610698D0
:1086F000474007984F61464008988E614540099869
:10870000CD61444053400C624B620BB0BDE8F08F2A
:108710002DE9F043D1E90098D1E902E3D1E90476EB
:10872000D1E90654D1E90821C0E90098C0E902E383
:10873000C0E90476C0E90654C0E90821BDE8F08329
:108740002DE9F04F044608468DB050F8042B0592F1
:108750000D46FFF780FE8B0143EA90630B93830184
:10876000E81D0293FFF777FE4FEA4118430148EAFC
:10877000D06805F10A000693FFF76DFE4FEAC10BC2
:10878000C3004BEA507B05F10D000393FFF763FE36
:1087900083004FEA810A4AEA907A079305F11400B0
:1087A0002B690193FFF757FECF01C30147EA5067DA
:1087B00005F117000893FFF74EFE4FEA41194301F8
:1087C00049EAD06905F11A000493FFF744FE0E014F
:1087D000030146EA107605F11D000993FFF73BFE01
:1087E000810021F07E4121F0030101F18075059A9D
:1087F000680E4FF0130CA0FB0C0C831805F07E459F
:1088000005932CBF012000204B1B0A93029B069D61
:1088100013F180720B9B4FEA526143F1000341EA6E
:10882000C311491948EB6368029B069102F07E422E
:108830009B1A0B93039B079913F180734BF1000B69
:108840005A0E42EACB1252180292039A03F07E4368
:108850004AEB6B61D31A0393019B13F180732CBF16
:10886000012500255A0E42EAC512089D5219019DA4
:1088700003F07E4347F1000EEB1A0793049B099F18
:1088800013F1807549F100096B0E43EAC913DB1936
:1088900046EB6969049E05F07E45751B0495059DB0
:1088A00015F1007C40F1000B069810F1007702985A
:1088B00048F1000810F1007641F10001019112F138
:1088C000007505994EF1000E0CF07C4A13F1007012
:1088D00049F100094FEA9C6CB1EB0A0A0B99C4F804
:1088E00000A04CEA8B1C1CEB010C0699C4F804C0D8
:1088F00007F07C4CB1EB0C0CBF0E0399C4F808C018
:1089000047EA88177F180299E76006F07C47CF1B7B
:1089100001992761B60E46EA81160799761805F087
:108920007C41521AA261AD0E049A666145EA8E1529
:10893000AD1800F07C429B1A2362800E0A9BE56111
:1089400040EA8910C01860620DB0BDE8F08F2DE9D3
:10895000F04F8246D1E90003A5B0D2E90058089350
:108960008B680193CB6809930B6902934B690A9357
:10897000D1E906930B93D1E908630C9393680393B1
:10898000D36805931369069353690D9393690F9305
:10899000D3691693136A1893536A1993039B019C26
:1089A0004FF0130B0BFB03FC059B0BFB03F7069B24
:1089B0000BFB03F317930D9B0BFB03F310930F9B20
:1089C0000BFB03F30E93169B0BFB03F30793189B10
:1089D000DDF81CE00BFB03F2199B0BFB03F3049384
:1089E000089B04995B001193099B5B0012930A9BFF
:1089F0005B0013930B9B5B0014930C9B5B00159324
:108A0000119B83FB0131C0FB0531C4FB0231129C79
:108A1000C4FB0E31029CDDF838E0C4FB0E31139C20
:108A2000DDF840E0C4FB0E31179CC9FB0431149CF7
:108A3000C4FB0731159C0BFB08FEC6FB0C31C4FBC5
:108A40000E31CDE91A31089B019C049985FB033E48
:108A5000C0FB083EC1FB043E099C0299C2FB043ED8
:108A6000079CC4FB013E0E990A9CC1FB043E109971
:108A70000B9CC1FB093E1799C1FB043E0C99049C59
:108A8000C7FB063ECCFB013ECDE91C3E119B039982
:108A900088FB033CC0FB013C0199C5FB013C1299DA
:108AA000C4FB013C0299139CC2FB013C0799C1FB2A
:108AB000043C0E99C1FB093C1099149CC1FB043C79
:108AC0001799049CC1FB063C1599C7FB013CCDE9F5
:108AD0001E3C0899039B83FB01370599C0FB0137B6
:108AE0000199C8FB01370999C5FB01370299C4FBFD
:108AF00001370A990B9CC2FB01370799C1FB093763
:108B00000E99C1FB043710990C9CC1FB06371799CD
:108B1000C1FB043717931199059B209783FB0173C1
:108B20000699019CC0FB01730399C1FB0473129960
:108B3000049CC8FB01730299C5FB01731399C4FB24
:108B400001730799149CC2FB0973C1FB04730E994E
:108B5000159CC1FB06731099C1FB04730699089C10
:108B6000109781FB047C0D99019CC0FB017C059949
:108B7000C1FB047C0399099CC1FB047C02990C9CF9
:108B8000C8FB017C0A99C5FB017C0499C1FB097CE7
:108B90000B99C2FB017C0799C1FB067C0E99C1FBB6
:108BA000047C0D99119C0E9781FB047E0F99019C0A
:108BB000C0FB017E0699C1FB047E0599129CC1FB96
:108BC000047EDDE90241C1FB047E1399049CC8FBCD
:108BD000017E1499C5FB097EC4FB017E0799159C93
:108BE000C2FB067EC1FB047E0F99089CCDF884E091
:108BF000079781FB047E1699019CC0FB017E0D99AD
:108C0000C1FB047E0699099CC1FB047E0599029C68
:108C1000C1FB047E03990A9CC1FB047E0B99019C55
:108C2000C8FB097EC5FB017E0499C1FB067E0C9939
:108C3000C2FB017E1199169ACDE9227E82FB0127A3
:108C40001899C0FB01270F99C1FB04270D99129CAD
:108C5000C1FB04270699029CC1FB04270599139CBC
:108C6000C1FB04270399C1FB09271499049CC8FB85
:108C700001271599C5FB0627C4FB01271192089906
:108C8000189A82FB01241999C0FB012416990198B6
:108C9000C1FB0024104609990F9AC2FB01040D9AEA
:108CA0000299C2FB01040A99069AC2FB0104059AC3
:108CB0000B99C2FB0904039AC2FB01040C9A1A998E
:108CC000C8FB0604C5FB02041A9A0E9D12F1007639
:108CD0001B9ACDE9080442F10000B40E1C9A44EA44
:108CE0008014A4181D9A06F07C4642EBA062891BF2
:108CF0000A911B9961EB00010B91109911F1007120
:108D000043F10006880E40EA86104019109D01F0DC
:108D10007C414CEBA66C691A63EB060314F1807678
:108D20001E9D42F100024FEA566E4EEAC21E1EEB35
:108D3000050504951F9D06F07E4645EB6262A41B67
:108D40000C9410F18074079D4CF1000C660E46EAFD
:108D5000CC1675190595219D04F07E4445EB6C6C8D
:108D6000001B0D900498179C089D10F10070019055
:108D700042F10002800E40EA82100019069020980D
:108D8000229C40EBA262059810F1007002904CF119
:108D9000000C800E40EA8C100019239C44EBAC6C54
:108DA000069C14F18074039442F10002640E44EABC
:108DB000C214641843EB626310F18079119A4CF18C
:108DC000000C4FEA596141EACC11891847EB6C6CF1
:108DD00014F1007743F1000311F100784CF1000C1D
:108DE0004FEA9862079342EA8C12099B521943EBAF
:108DF000AC6C12F1807E4CF1000C4FEA5E650A9B70
:108E000045EACC15A5FB0B65F6184FEA6C6C0B9B7D
:108E10000BFB0C5545EB030516F1007C0C9B45F153
:108E200000050CF07C4B4FEA9C6C4CEA851CB6EBC1
:108E30000B061CEB0305019BCAF8045003F07C45AC
:108E4000049BCAF800605D1B039BCAF8085003F03E
:108E50007E45069B5D1B079BCAF80C5007F07C45BE
:108E6000BF0E47EA83170D9B641BFF18029BCAF8CD
:108E70001040059CCAF8147009F07E4908F07C483F
:108E80000EF07E4E03F07C43E31AB0EB0900B1EB29
:108E90000801B2EB0E02CAF81830CAF81C00CAF872
:108EA0002010CAF8242025B0BDE8F08F2DE9F04F3E
:108EB0006C4B0A68CC684D688BB082FB03820392CE
:108EC00084FB034204924A6982FB03E20592CA6969
:108ED00082FB032601924A6A069682FB039219F1ED
:108EE000807C42F100024FEA5C664FF0130B46EAC9
:108EF000C216A6FB0B6A52160BFB02AA16EB08025F
:108F00000292039A85FB03570CF07E4C4AEB020A4F
:108F1000B9EB0C0215F18076079247F100078A68D9
:108F20004FEA566C4CEAC71C06F07E467F16C2FB21
:108F300003C7AA1B0892049ACDF80CC014F18075DF
:108F400042F10006B9460A696F0E47EAC61705F0F6
:108F50007E457616C2FB0376621B0992059A04973A
:108F60001EF1807842F100044FEA58658A69096A67
:108F700045EAC4156416C2FB0354019A059508F02E
:108F80007E48BEEB080812F1807E069A4FEA5E65C5
:108F900042F1000245EAC2155216C1FB0352019B81
:108FA0000EF07E4EB3EB0E0E029B13F1007C039B82
:108FB0004AF1000A13F1007749F100030193049B81
:108FC000AB4613F10075059B46F1000613F10071E5
:108FD00044F100041BF1007342F100020692029A70
:108FE0000CF07C49B2EB09094FEA9C6C089AC0F876
:108FF00000904CEA8A1C1CEB020C039AC0F804C0D7
:1090000007F07C4CB2EB0C0C019AC0F808C0BF0E04
:1090100047EA8217099ABF18C760049A05F07C478F
:10902000AD0E45EA8615D71B15EB0805059A456177
:1090300001F07C45890E41EA8411551B11EB0E01AC
:10904000069AC16103F07C419B0E43EA8213079AA2
:109050000761BBEB01019B188561016243620BB0A4
:10906000BDE8F08F42DB01004B682DE9F041C3F110
:10907000000E8B68CF680E694D698C69C3F1000CD6
:10908000CB69C3F100080B6A5A424B6A09687F42F8
:1090900076426D4264425B424942C0E9001EC0E92B
:1090A00002C7C0E90465C0E90648C0E90823BDE875
:1090B000F0812DE9F04F0A468246D2E9024097B08E
:1090C0004FF0260C0690D2E904B00190D2E906E0F8
:1090D0000390106A526A089262000592069A039EF3
:1090E0000490520000924FEA4B020C92019A5200F7
:1090F0000292039A0CFB06F75200049E0992D1E9F2
:109100000013132202FB06F8089E079302FB0EF0E1
:10911000019A5D000CFB06F60CFB02F385FB062CA6
:10912000C1FB012C4FEA410961464FEA440CCCFBDC
:109130000821DDF800C0CCFB07214FEA4B0CCCFB2B
:1091400000219446019AC2FB03C1CDE90AC1079BE5
:10915000009984FB06C2C9FB03C2C1FB08C2029985
:10916000CBFB07C2C1FB00C2CDF834C0009983FB22
:10917000053CC9FB043CC1FB063C4FEA4B01C8FB64
:10918000013C0299C1FB073C1946CEFB001CCDE90E
:109190000E1C069984FB0530C9FB01300299CBFBFC
:1091A0000630C1FB08301946CEFB0710CDE9101080
:1091B000009985FB0103C9FB0B030299C4FB04035F
:1091C0004FEA4E0CC1FB06030399C8FB0C03C1FB1D
:1091D0000703019907908BFB0540C9FB0140DDE9BE
:1091E0000571C1FB07400999CEFB0640C1FB084051
:1091F0000299129485FB014CC9FB0E4C0699CBFBDE
:10920000074C009FC1FB074C0999C1FB064C049910
:10921000C1FB084C039906948EFB0547DDF81480CA
:10922000C9FB01470199C1FB08470099CBFB0147E6
:109230000499C1FB0647CDE913470999029C85FBB8
:1092400001780499C9FB01780599CEFB0178009952
:10925000C1FB04780899059CCBFB0B78C1FB067811
:109260000499099781FB05650899CDF85480C9FBDD
:1092700001650399C1FB046500990C9CCEFB016557
:109280000199C1FB04650A99089611F100770B99C1
:10929000129CAE464FEA976641F100050D9946EAE9
:1092A000851676180A9907F07C4742EBA562B1EB68
:1092B000070B0B9961EB05010A91079911F10071F8
:1092C00043F100078D0E45EA87152D19079C01F023
:1092D0007C4140EBA760611A63EB070316F18077CE
:1092E0000E9C42F100024FEA576848EAC21818EB98
:1092F000040403940F9C07F07E4744EB6262F41B66
:1093000015F1807640F100000794770E069C47EA3D
:10931000C0173C1906F07E464CEB606CA81B049409
:109320000B900398109C159D10F10070009042F175
:109330000002800E40EA8210001905901198139CDB
:1093400040EBA262049810F1007001904CF1000C07
:10935000800E40EA8C100019149C44EBAC6C059C08
:1093600014F18074029442F10002640E44EAC214C3
:10937000641843EB626310F18079099A4CF1000C98
:109380004FEA596141EACC11891845EB6C6C14F134
:10939000007743F1000311F10078089D06934CF12A
:1093A000000C4FEA986242EA8C1252194EEBAC6CF8
:1093B00012F1807E4CF1000C4FEA5E65132345EA02
:1093C000CC15A5FB03654FEA6C6C03FB0C550A9B9F
:1093D00016EB0B0645EB030516F1007C079B45F1E8
:1093E00000050CF07C4B4FEA9C6C4CEA851CB6EBFC
:1093F0000B061CEB0305009BCAF8045003F07C45E8
:10940000039BCAF800605D1B029BCAF8085003F07A
:109410007E45059B5D1B069BCAF80C5007F07C45FA
:10942000BF0E47EA83170B9B641BFF18019BCAF80A
:109430001040049CCAF8147009F07E4908F07C487A
:109440000EF07E4E03F07C43E31AB0EB0900B1EB63
:109450000801B2EB0E02CAF81830CAF81C00CAF8AC
:109460002010CAF8242017B0BDE8F08F30B5A9B09D
:10947000044668460D46FFF71CFE69460AA8FFF73A
:1094800018FE0AA90846FFF714FE0AAA2946104644
:10949000FFF75DFA0AAA69466846FFF758FA694677
:1094A00014A8FFF706FE0AA9084614AAFFF74FFA08
:1094B0000AA914A8FFF7FDFD042514A90846FFF723
:1094C000F8FD013DF9D10AAA104614A9FFF73FFAA9
:1094D0000AA914A8FFF7EDFD092514A90846FFF70E
:1094E000E8FD013DF9D114A908460AAAFFF72FFAB1
:1094F00014A91EA8FFF7DDFD13251EA90846FFF7D6
:10950000D8FD013DF9D114AA10461EA9FFF71FFA94
:1095100014A90846FFF7CDFD092514A90846FFF751
:10952000C8FD013DF9D10AAA104614A9FFF70FFAA8
:109530000AA914A8FFF7BDFD312514A90846FFF7B5
:10954000B8FD013DF9D114A908460AAAFFF7FFF9B1
:1095500014A91EA8FFF7ADFD63251EA90846FFF755
:10956000A8FD013DF9D114AA10461EA9FFF7EFF995
:1095700014A90846FFF79DFD312514A90846FFF7F9
:1095800098FD013DF9D10AAA104614A9FFF7DFF9A9
:109590000AA90846FFF78DFD04250AA90846FFF72A
:1095A00088FD013DF9D16A460AA92046FFF7CFF9A7
:1095B00029B030BD2DE9F04F97B00A6902924A698F
:1095C0000392D1E906A2D1E9026705920A6A0692DE
:1095D0004A6A0892720007927A000992029ADDF8AC
:1095E00014C0019052000A92039A52000492059A04
:1095F000262000FB0CF85200DDF818C00B92D1E9D0
:109600000053132202FB0CF9DDF820C002FB0AF420
:10961000039A00FB0CFB4FEA430E50438EFB0B2CCE
:10962000C5FB052C690065464FEA460CCCFB0925B5
:109630004FEA470CCCFB0825DDF828C0CCFB0425FD
:109640009446039AC2FB00C586FB0B20CDF838C0B8
:10965000C1FB03204FEA470CCCFB0920DDF808C012
:10966000CCFB08209446049AC2FB04C083FB0E3254
:10967000CDF83CC0C1FB06324FEA470CCCFB0B32A5
:10968000DDF828C00C90C9FB0C32DDF810C0029840
:10969000CCFB08329C46CAFB04C2CDF840C0029CF9
:1096A00086FB0E3CC1FB073CC4FB0B3C049CC4FB8B
:1096B000093C1C46CAFB084C11947C008EFB043408
:1096C000C1FB00340498C6FB0634C0FB0B344FEAE0
:1096D0004A00C9FB003405981E46C0FB0864029886
:1096E000129680FB0E630398C1FB00630798C7FBCB
:1096F00000630B98CAFB0B63C0FB096304980D93CE
:109700001396079B8EFB00680298C1FB0A68C0FB9A
:1097100003687800C7FB00680B984746C0FB0B67DF
:109720000698C0FB0967059814968AFB0E68C1FB72
:1097300000680398DDF82490C0FB03680298C0FB22
:1097400009680698C0FB0B6815960B988EFB00966F
:109750000698C1FB0096CAFB03960998049BC0FBC0
:1097600003960298109BC0FB00960898C0FB0B96CE
:109770000698CDF8089080FB0EE90898C1FB00E937
:1097800049460598DDF81C90C0FB09E10998DDF811
:109790002890CAFB00E10398DDF84CA0C0FB09E16A
:1097A0000E98F14610EB000E0F986D4110EB000B78
:1097B0000C984041DB180393119B5241DB184CEB92
:1097C0000C0CCDF81CC0DDF848C006931CEB0C0C4B
:1097D0000D9B64411AEB0A0A5B410493149BDB184E
:1097E0000593159B7F41DB180B93029B0A9748EB6F
:1097F0000808DB1876410C930D9619EB09060E96B6
:1098000049411EF1007645F100070F91B10E41EA82
:10981000871111EB0B0106F07C4640EBA760BEEB15
:10982000060B65EB070508951CF1007544F1000671
:10983000AF0E049BDDF80CE047EA861717EB0A072A
:1098400005F07C4543EBA663BCEB050564EB06061F
:1098500011F1807440F100004FEA546C4CEAC01CD6
:109860001CEB0E0C04F07E4442EB6062091B099174
:1098700017F18071059CCDF810C043F10003480E2C
:1098800040EAC310001905900A9801F07E4140EBB0
:10989000636C791A0A91049911F10071029142F1F5
:1098A00000028B0E069943EA82135B180799069310
:1098B00041EBA26205990B9B11F100714CF1000C78
:1098C000880E039140EA8C100699C01848EBAC6CE6
:1098D00011F1807A42F100034FEA5A6444EAC3145A
:1098E000641946EB636310F180790C9A0D9D4CF17D
:1098F000000C4FEA596141EACC11891845EB6C6CB8
:1099000014F1007743F1000311F100780E9D0793E5
:109910004CF1000C4FEA986242EA8C1252190F9DEA
:1099200045EBAC6C12F1807E4CF1000C4FEA5E65A9
:10993000132345EACC15A5FB03654FEA6C6C03FBCA
:109940000C55089B16EB0B0645EB030516F1007C46
:10995000019B0CF07C4B45F10005B6EB0B061E603D
:109960004FEA9C6C099B4CEA851C1CEB0305019B90
:109970005D60029B03F07C45049B5D1B019B9D6029
:10998000069B0AF07E4AB3EB0A05019BDD6007F0F7
:109990007C45641B1C61079B059CBF0E47EA83172F
:1099A0000A9BFF18019B5F61039B03F07C43E31A52
:1099B00009F07E49019C08F07C480EF07E4EB0EB29
:1099C0000900B1EB0801B2EB0E02A361E061216274
:1099D000626217B0BDE8F08F2DE9F04753684E681A
:1099E0008D68CC680F69F61A9368ED1AD368A4EBFA
:1099F000030A13694C6AA7EB030C4F695369A7EB81
:109A0000030E8F699369A7EB0308CF69D369A7EBAE
:109A10000309136A0F6A0968FF1A536A1268E31A86
:109A20008A1AC0E90026C0E9025AC0E904CEC0E99A
:109A30000689C0E90873BDE8F0870B462DE9F047B9
:109A4000D3E90892D1E9008E4FF0130AD3E90476E6
:109A5000D3E906540AFB02F3D1E902C103F1807392
:109A600008EB63630EEBA3630CEB636301EBA3638F
:109A700007EB636306EBA36305EB636304EBA3638C
:109A800009EB636302EBA3635B160AFB03880EEB2F
:109A9000A86E0CEB6E6C01EBAC6107EB616706EB3B
:109AA000A76605EB666504EBA56428F07C4809EB26
:109AB000646929F07C4302EBA9624FEA28292EF061
:109AC0007E4E80F801904FEA284980F802904FEAD4
:109AD0008E0980F8008049EA186880F803804FEA10
:109AE000AE182CF07C4C80F804804FEAAE3880F839
:109AF00005804FEACC0848EA9E5E80F806E04FEA0F
:109B00006C1E21F07E4180F807E04FEA6C3E80F841
:109B100008E04FEA411E4EEA5C5C80F809C04FEA5B
:109B2000E10C80F80AC04FEAE12C80F80BC04FEA44
:109B3000871C4CEAD1410173C7F3970126F07E469A
:109B40004173C7F38F218173311225F07C45417435
:109B500031148174690041EA1661C174E91124F07D
:109B60007E440175C7F38747E913C77306744175CF
:109B7000E10041EAD55181756111C175611301762A
:109B8000190141EA54514176191122F07E42817641
:109B90001913C176910141EA135303779310437768
:109BA000931292148377C277BDE8F08700B589B02D
:109BB00001466846FFF741FF9DF8000000F00100F4
:109BC00009B05DF804FB70B504460D461646FEF775
:109BD00096FC324605F1280104F12800FEF78FFCBF
:109BE000324605F1500104F15000BDE87040FEF727
:109BF00086BC00002DE9F0470646D4B29EB0D70FD0
:109C000006F1280A04EAE2728846A4EB420406F14F
:109C10005009FEF736FC5046E4B2FEF732FC4FF432
:109C20007075484605FB08F5FEF71FFCDFF8D88085
:109C300084F00102B2FA82F208EB050130465209C3
:109C4000FFF7C1FF84F0020205F17801B2FA82F257
:109C5000414430465209FFF7B6FF84F0030205F194
:109C6000F001B2FA82F2414430465209FFF7ABFFED
:109C700084F0040205F5B471B2FA82F24144304630
:109C80005209FFF7A0FF84F0050205F5F071B2FA62
:109C900082F2414430465209FFF795FF84F00602F4
:109CA00005F51671B2FA82F2414430465209FFF7C7
:109CB0008AFF84F0070205F53471B2FA82F241445A
:109CC00030465209FFF77FFF84F0080205F5527114
:109CD000B2FA82F2520941443046FFF774FF51460E
:109CE0006846FEF715FD31460AA8FEF711FD494604
:109CF00014A8FFF7B9F93A4669463046FFF763FF03
:109D00001EB0BDE8F08700BFC06202082DE9F04335
:109D1000054601F128088BB005F128060C461746C8
:109D20000A464146FEF7BAFB22464146304605F157
:109D30005008FFF751FE3A4629464046FEF707FE17
:109D400005F1780907F1280231463046FEF7FFFD9C
:109D500004F1780207F150014846FEF7F8FD04F1DE
:109D6000500211466846FEF799FB324641462846A6
:109D7000FFF732FE324641463046FEF78FFB4A4639
:109D800069464046FEF78AFB4A4669464846FFF761
:109D900023FE0BB0BDE8F083F8B501F178070C465F
:109DA00005463A4604F15006FEF7D1FD324604F16D
:109DB000280105F12800FEF7CAFD3A46314605F1B3
:109DC0005000BDE8F840FEF7C2BD2DE9F0410C4659
:109DD00001F178080546424604F1280604F15007CF
:109DE000FEF7B5FD3A46314605F12800FEF7AFFD16
:109DF0004246394605F15000FEF7A9FD324621469C
:109E000005F17800BDE8F041FEF7A1BD2DE9F04372
:109E100004460E468BB004F1500506F12809FFF701
:109E200048F904F1780849462846FFF742F904F159
:109E3000280706F150014046FFF7BCFB4A46314671
:109E40003846FEF72BFB39466846FFF732F92246C3
:109E500029463846FEF722FB224629462846FFF7C8
:109E6000BBFD3A4669462046FFF7B6FD2A46414605
:109E70004046FFF7B1FD0BB0BDE8F08310B50446D6
:109E8000FEF7F3FA04F12800FEF7FBFA04F15000A4
:109E9000FEF7F7FA04F17800BDE81040FEF7E5BAE6
:109EA00038B504460D46FEF733FC05F1280104F1F0
:109EB0002800FEF72DFC05F1500104F15000BDE82B
:109EC0003840FEF725BC10B59EB004466846FFF743
:109ED000E7FF69462046FFF799FF1EB010BD30B579
:109EE0009FB004460D4668465031FFF7BFFA6A46F8
:109EF00029460AA8FEF72BFD6A4605F1280114A899
:109F0000FEF725FD14A92046FFF797FD0AA8FFF7E5
:109F10004DFEE37F83EAC013E3771FB030BDF0B599
:109F2000F5B06A464D1E04461F311346164615F815
:109F3000010F00F00F078D424FEA10101F7058708C
:109F400003F10203F3D10025294692F900300B44B6
:109F5000DBB203F1080141F30311C8B20135A3EBF1
:109F600000133F2D02F8013BEFD196F83F30184423
:109F700086F83F002046FFF781FF012572576910E0
:109F80002EA8FFF737FE2EAA21464CA8FFF7BEFEEB
:109F900002354CA92046FFF718FF412DEED121468E
:109FA0004CA8FFF790FF4CA910A8FFF7F5FE10A9E9
:109FB0004CA8FFF72BFF4CA910A8FFF7EDFE10A946
:109FC0004CA8FFF723FF4CA910A8FFF7E5FE10A946
:109FD0004CA8FFF71BFF4CA92046FFF7F6FE002513
:109FE000725769102EA8FFF705FE2EAA21464CA82D
:109FF000FFF78CFE02354CA92046FFF7E6FE402D08
:10A00000EED175B0F0BD8378417802781B0443EA45
:10A01000012343EA020000217047006800217047D5
:10A020002DE9F04F9DB08346FFF7EDFFC0F3140319
:10A030000BF102000B93FFF7F0FFC0F354130BF189
:10A0400005000C93FFF7DFFFC0F394030BF107004B
:10A050000D93FFF7E2FFC0F3D4130BF10A0009934D
:10A06000FFF7DBFFC0F314130BF10D000A93FFF7AA
:10A07000CAFFC0F354030BF10F000E93FFF7CDFF9F
:10A08000C0F394130BF112000893FFF7BCFFC0F369
:10A09000D4030BF115000793FFF7B5FFC0F31403CA
:10A0A0000BF117000F93FFF7B8FFC0F354130BF138
:10A0B0001A000593FFF7A7FFC0F394030BF11C00F0
:10A0C0000693FFF7AAFFC0F3D4160BF11F00FFF7AA
:10A0D000A4FFC0F314170BF12200FFF794FFC0F3A5
:10A0E00054080BF12400FFF798FFC0F394190BF10B
:10A0F0002700FFF788FFC0F3D40A0BF12A00FFF70F
:10A1000082FFC0F314030BF12C000393FFF785FFCC
:10A11000C0F354130BF12F001093FFF774FFC0F33B
:10A1200094030BF131000193FFF777FFC0F3D413D1
:10A130000BF134000293FFF770FFC0F314140BF11E
:10A140003700FFF760FFC0F354030BF13900FFF74E
:10A1500064FFC0F394120BF13C00FFF75EFFDFF8E1
:10A1600048E3C00840EA4170CD08A0FB0EC11CEBDB
:10A17000060C0EFB051141F100011191CB498E46F1
:10A18000A0FB0161F6190EFB0511C94F129641F1B2
:10A1900000011391A0FB076116EB0806DFF814839A
:10A1A0001496C0F1000608FB056E07FB0511A0FB25
:10A1B000088741F1000118EB0909CDF854904EEBE6
:10A1C0000709CDF85890DFF8F092A0FB09E709FBEA
:10A1D00005771EEB0A0ACDF85CA047F1000ACDF81E
:10A1E00060A0DFF8D8A2039FDFF8BCE20AFB056697
:10A1F000A0FB0A05C019039046EB050004900698E1
:10A20000119DA2FB0E7A3F18A848A2FB00694AF1F3
:10A21000000A16EB0C06DFF898C2129845EB090904
:10A22000A2FB0C582818139D0690A24845EB08087D
:10A23000149DA2FB000E4019AEEB020E4EEB010E78
:10A240009D49159DA2FB01C11CEB05051195169DAD
:10A2500045EB010112919949944DA2FB01C1891A64
:10A26000179A1CEB02021392189A41EB0202149205
:10A270008D4AA3FB021C059A8918A3FB05254CF106
:10A28000000CD2194AEB0507DFF824A2A3FB0AA5AC
:10A290001AEB060A49EB0505864E1595069DA3FBAC
:10A2A000069619EB0505A6EB030646EB0806DFF854
:10A2B0000882A3FB088918EB00084EEB09001690F2
:10A2C0007E48A3FB00E0C01A119B1EEB030305931D
:10A2D000129BDFF8D4E140EB030306930F9BA4FB32
:10A2E0000E0EC018714BA4FB03934EF1000E19EB38
:10A2F0000101DFF8BC914CEB030CA4FB09399B185E
:10A3000047EB09070F976B4FA4FB077917EB0A0779
:10A31000DDF854A0A9EB040949EB0A09DFF898A17C
:10A32000A4FB0A2A5219654D119246EB0A0AA4FBB6
:10A3300005652D1B16EB08041294169C5A4A45EB32
:10A3400004041594029C079EDDF80880A4FB0245D6
:10A35000A419564E029AA8FB068645F1000518EB93
:10A3600000004EEB0606DFF84881DDF808E0AEFBA2
:10A3700008E81EEB010E4CEB080C4E49DDF8088096
:10A38000A8FB0118C9180F9BA8EB020848EB0308AB
:10A39000494BA2FB0323D71949EB0309474A029B08
:10A3A000A3FB02230F92029A9B1A07930F9A119B09
:10A3B000D218079B029243EB0A0ACDF81CA03A4A36
:10A3C000DDF804A0AAFB02A3089A1AEB020A43F1E3
:10A3D00000030893019A354BA2FB0323121945EBA6
:10A3E0000305334C019B0F92A3FB0423121846EB89
:10A3F00003063048019B019CA3FB000310EB0E00F9
:10A40000DFF8B4E0A3EB040343EB0C0CA4FB0E3E1B
:10A410005B1848EB0E01A046284CA8FB048E019C5B
:10A4200018EB0707AEEB040EDDF8208011974EEB1A
:10A4300009091AF580170F9C48F100084FEA575E8A
:10A440004EEAC82E1EEB040E4FEA575745F10005A1
:10A450007F050195BAEB07050F95089D65EB08058B
:10A4600012F5801446F100071695650D45EAC725DB
:10A47000640D2D184FEA44544CF1000C101B17903A
:10A4800066EB070613F5801041F100041896420DA3
:10A49000119E42EAC422400D92194FEA405049EB06
:10A4A00064571E1A0CE000BF132C0A00182D070079
:10A4B00067FB090053C6F0FFD11502008390F5FF3A
:10A4C00061EB040119910299119611F58010079919
:10A4D000029E41F10004430D129943EAC4235B1824
:10A4E0004FEA5050159908934FEA405041EB6451A0
:10A4F000361A0296079E139B66EB04061296059E7B
:10A5000016F58010069E46F10004460D46EAC42664
:10A5100016EB030A149E109B46EB64560796400DFB
:10A52000059E4005361A0596069E66EB04060696BD
:10A53000039E16F58014049E4FEA545046F100081D
:10A5400040EAC820C0184FEA5454039B4FEA6856AB
:10A550004FEA445446F100061B1B1093049B63EB27
:10A5600008031393019B1EF5801443F100094FEA81
:10A570005458179B48EAC92818EB03031493189BF7
:10A580004FEA545443F1000364051593BEEB0403F2
:10A590001793019B63EB090915F580144CF1000832
:10A5A000119B4FEA545E4EEAC82E1EEB0303119333
:10A5B0004FEA5454199B4FEA445443EB68532D1B04
:10A5C00019956CEB080512F5801418931A95029BE7
:10A5D00047F100054FEA545C4CEAC52C1CEB030321
:10A5E0000193129B4FEA545443EB65536405049363
:10A5F000131B1293089B67EB05051B9513F580153C
:10A6000041F10004059B069F6A0D42EAC422D3185B
:10A6100002934FEA5555089BD14A4FEA455547EBFF
:10A6200064575D1B61EB04010691079903951AF5C8
:10A63000801341F10004109D0597590D41EAC42192
:10A6400049194FEA5353139D079F4FEA435345EB74
:10A650006455BAEB0303DFF80CA367EB0404A0FB1B
:10A66000027EA0FB0A8C02FB06EE0E9A0AFB06CCC9
:10A67000DDF83CA0BF184EF1000E18EB0A08CDF82B
:10A680003880DDF858804CEB080CCDF83CC0DFF882
:10A69000D8C2E246A0FB0C8C0AFB06CCDDF85CA01D
:10A6A00018EB0A084CEB090CDFF8C092CDF84CC04F
:10A6B000C0F1000CCDF8408009FB06C8A0FB099A48
:10A6C000D044DDF850A019EB0A0ADDF8549048EBAD
:10A6D0000908CDF85080DFF898824246A0FB089820
:10A6E00002FB0688199A19EB02091A9A48EB02082C
:10A6F000A04A02FB06CCA0FB0206119A8218189809
:10A700000792B4444CEB000C954ACDF820C0DDF81C
:10A7100028C0A1FB026016EB0C0C02FB050040F107
:10A7200000000A908F480246A1FB006002FB050072
:10A73000F21940EB0E00DFF830E211920E9A1590FC
:10A74000A1FB0E60B2180E92884E0F9A0EFB050008
:10A7500040EB020237464842A1FB077E06FB050696
:10A760007644DDF840E00F92139A17EB0E0E46EB9D
:10A7700002027F4E10923246A1FB067602FB05666E
:10A78000149A17EB0A0A46EB02027A4E139206FB62
:10A790000500734A734FA1FB0615284411EB090508
:10A7A0001495A3FB025602FB0466099A40EB0800CD
:10A7B0001690AD18A3FB0701DFF8AC81119A46F1A2
:10A7C000000610EB0C00DDF828C007FB041141EB7C
:10A7D0000C0CA3FB0871BA181192159A08FB04110E
:10A7E00041EB0202614915925F420E9A01FB047926
:10A7F000A3FB0118C844DDF83C90891848EB09090F
:10A80000CDF83890DFF868914A46A3FB099819EB18
:10A810000E09DDF840E002FB048848EB0E0ECDF88F
:10A820003CE0DFF850E1029ADFF83C810EFB047750
:10A83000A3FB0E34274413EB0A04139B099447EB44
:10A8400003030A93464B059CDDF814A0A2FB037E8C
:10A8500003FB04EE0D9B434AFF18029BA3FB02433C
:10A860004EF1000E02FB0A33641943EB06030D930D
:10A87000029B029EA3FB08532A1808FB0A3343EBF2
:10A880000C0A029B05981092DFF8E0C0029ADDF8EE
:10A8900054805B420CFB0035A2FB0C0C119AAC44BB
:10A8A000334D80184CEB080C2A46A6FB0585059E07
:10A8B00002FB06550E9E029A18EB010145EB0608B5
:10A8C000059E2C4D05FB0633A2FB052512EB090660
:10A8D0000F9A05962B4443EB0203039E0E93204BE5
:10A8E000A6FB0392069E03FB06220C9E19EB0609AB
:10A8F00042F100030C931B4A039EA6FB0235069E01
:10A90000DB1902FB0655184F039E45EB0E053A4630
:10A91000A6FB07E7069E02FB06770D9A1EEB0406D0
:10A9200047EB02040D94039C039F0F96DDF818E09B
:10A93000109A66420D4C04FB0E6EA7FB0447A41848
:10A94000774447EB0A02DFF828E0039FDDF818A000
:10A9500010927246A7FB0EE702FB0A770CE000BFDD
:10A96000132C0A00182D070067FB090053C6F0FFDF
:10A97000D11502008390F5FF1EEB000ECDF844E0E8
:10A9800047EB0C0ECDF84CE0DFF824C3DDF80CE00B
:10A990000CFB0A66AEFB0C0742183E4446EB08016E
:10A9A00002920391C34A0199049EC348C34FA1FB7D
:10A9B000021C02FB06CC019E0B9AA6FB00E8049E3B
:10A9C000891800FB06880C9A019E4CF1000C1EEBC6
:10A9D000090EDDF8109048EB0208A6FB0726D218F6
:10A9E00007FB0966DDF80490049F46EB0506B44DAD
:10A9F000C9F1000905FB0793019FA7FB05701844E7
:10AA00000F9BFF180D9B40EB03030693019DAD4B7D
:10AA1000DDF810A01846A5FB03351B1900FB0A55ED
:10AA20005446DFF88CA210980AFB0499019CA4FB01
:10AA30000AA44C44DDF8449045EB000513981AEB4A
:10AA4000090944EB0004049411F58014CDF8049036
:10AA50004CF1000A4FEA545949EACA29640D19EB2E
:10AA60000E0E4FEA445448EB6A58B1EB04096CEB04
:10AA70000A0C12F58014CDF830C04FEA545146F15B
:10AA8000000C0698CDF82C9041EACC21640DC91930
:10AA90004FEA445440EB6C50B2EB040966EB0C06F1
:10AAA00013F58012019F0D964FEA525445F10006AE
:10AAB000DDF810C0CDF8189044EAC624520DE41910
:10AAC0004FEA42524CEB665CB3EB020965EB0606BB
:10AAD0000F96029ECDF8109016F58013039E149FDA
:10AAE00046F100055A0D059E42EAC52292190E9EB6
:10AAF0004FEA535346EB6559029E5B05F61A0596DD
:10AB0000039E66EB05060E96099E16F580130A9EB7
:10AB100046F100055E0D46EAC526F6190196169E19
:10AB200046EB655602965B0D099E5B05F61A099683
:10AB30000A9E129FDDF81CA066EB05060A96079E8A
:10AB400016F58015089E4FEA555346F1000643EA74
:10AB5000C623DB194FEA55551B9F03934FEA455512
:10AB600047EB6657BAEB05050795089D069B65EB15
:10AB700006061EF5801548F1000A08966E0D46EA95
:10AB8000CA26F61806960D9E049B4FEA555546EBCD
:10AB90006A566D050D96BEEB050668EB0A0811F5C1
:10ABA000801540F1000E10966E0D46EACE26F31881
:10ABB0000F9E04934FEA555546EB6E566D050F9662
:10ABC0004E1B119660EB0E0614F580114CF100053A
:10ABD000059B1296480D0E9E40EAC520C3184FEA09
:10ABE000515146EB655649050E96661A13966CEB65
:10ABF000050612F5801149F100040593480D099BE3
:10AC0000149640EAC4200A9EC3184FEA515146EBFD
:10AC1000645649050A96561A1593169669EB04066A
:10AC20001796019E079BDDF84090254C16F5801283
:10AC3000029E4FEA525146F1000041EAC021089EAF
:10AC4000CB1846EB60561996520D019E189352058B
:10AC5000B61A039B0196029E66EB000613F580115F
:10AC60004FEA51524FEA51514FEA415147F100002A
:10AC700002965E1A0F4B1A9642EAC02267EB000654
:10AC80004FEA605E1B96A2FB036703FB0E770B9BEC
:10AC900009490A48F6180C9B47EB0307A2FB01C3BE
:10ACA0001CEB090C01FB0E33069943EB08030BE088
:10ACB0008390F5FF132C0A00182D070067FB09008D
:10ACC00053C6F0FFD1150200A2FB0059DDF8348015
:10ACD00003936D1800FB0E99C2F1000A04FB0EA14C
:10ACE00049EB0809A2FB044888441199E74B641812
:10ACF000129948EB0108A2FB030103FB0E11049B10
:10AD0000C0180F9B41EB0301E14B03FB0EAAA2FB12
:10AD100003E25244DDF84CA0149B1EEB0A0E4FEAEE
:10AD2000565A42EB03024AEAC72A039B1AEB0C0A63
:10AD3000C6F3140643EB675309964FEA5A5646EAA0
:10AD4000C326761949EB6353750D45EAC3252D19C2
:10AD500048EB63536C0D44EAC324241841EB635160
:10AD6000600D40EAC12010EB0E0042EB6153C4F3CA
:10AD7000140C059ACDF820C0440DDDF838C044EA23
:10AD8000C324A4184CEB6353C0F3140CCDF81CC0BF
:10AD9000600D169ADDF85CC040EAC32080184CEBC9
:10ADA0006353159AC4F3140C410DCDF818C041EA51
:10ADB000C321DDF828C089184CEB6353019AC0F316
:10ADC000140C480DCDF814C040EAC320DDF808C0CB
:10ADD00080184CEB6353189AC1F3140C410DCDF855
:10ADE00010C041EAC321DDF864C089184CEB6353FD
:10ADF0004A0DC0F3140C1A98CDF80CC042EAC322D5
:10AE0000DDF86CC012184CEB6353C1F3140CCDF891
:10AE100008C0510DC2F3140C9E4ACDF804C041EA9B
:10AE2000C321A1FB024C5B1502FB03CC099AA418B9
:10AE3000994AA1FB02E002FB0300984ACAF31407F7
:10AE40004CF1000C1EEB070EA1FB027802FB0388FD
:10AE5000934AC1F10009C6F3140602FB039AC5F335
:10AE6000140540F10000BF19A1FB022648F10008BB
:10AE700052190992854A4AEB060AA1FB026502FBB8
:10AE80000355089AB618824A02FB0399A1FB0213E4
:10AE9000079A45F10005891849EB03034FEA545915
:10AEA00049EACC2919EB0E0940EB6C504FEA595C8A
:10AEB0004CEAC02C1CEB070C099A48EB60504FEA97
:10AEC0005C5E4EEAC02E1EEB020E4AEB60504FEA6B
:10AED0005E5242EAC022961945EB6055720D42EA75
:10AEE000C522521843EB655306990598550D45EA5E
:10AEF000C3256D184FEA635343F10003690D41EA1E
:10AF0000C32109184FEA6353049843F100034FEA41
:10AF1000515A4AEAC32A1AEB000A4FEA635343F133
:10AF200000034FEA5A504FEA635840EAC320039B9C
:10AF3000C018C9F3140748F100034FEA5059DDF86F
:10AF4000088049EAC32919EB08094FEA635343F122
:10AF500000034FEA595848EAC328019BC4F314047C
:10AF600018EB0308C9F314034FEA14298BF8019076
:10AF70004FEA47198BF8004049EA14448BF8024025
:10AF8000FC08CCF3140C8BF80340FC0A8BF804404B
:10AF90004FEA8C0444EAD7448BF80540CEF3140EF4
:10AFA0004FEA9C148BF806404FEACE1444EA9C34D6
:10AFB0008BF807404FEA5E04C6F314068BF808408E
:10AFC0004FEA5E248BF80940340144EA5E448BF872
:10AFD0000A403409C2F314028BF80B40340B8BF88F
:10AFE0000C40941844EA1654C5F314058BF80D4030
:10AFF000D4098BF80E40AC0144EAD2328BF80F2012
:10B00000AA08C1F314018BF81020AA0A8BF81120AA
:10B01000CA0042EA9542CAF3140A8BF812204A0980
:10B02000C0F314008BF813204FEA1A228BF8162075
:10B03000420142EA1A428BF81720C2088BF8182006
:10B04000C20A8BF819209A0042EAD0424FEAC81986
:10B0500049EA93398BF81A209A094FEA5803490BA9
:10B060008BF81D304FEA58234FEA58488BF81410DC
:10B070008BF815A08BF81B208BF81C908BF81E30DA
:10B080008BF81F801DB0BDE8F08F00BFD115020006
:10B090008390F5FF132C0A00182D070067FB0900A9
:10B0A00053C6F0FF2DE9F04FB9B091460190084624
:10B0B0009B460D46FEF7A7FFC0F31408A81CFEF739
:10B0C000ACFFC0F35416681DFEF79DFFC0F3940457
:10B0D000E81DFEF7A2FFC0F3D41305F10A000293A6
:10B0E000FEF79BFFC0F3141305F10D000393FEF769
:10B0F0008AFFC0F3540305F10F000493FEF78DFFA0
:10B10000C0F3941305F112000593FEF77CFFC0F322
:10B11000D40305F115000693FEF775FFC0F3140381
:10B1200005F117000793FEF778FFC0F3541305F1FC
:10B130001A000893FEF767FFC0F3940305F11C00A3
:10B140000993FEF76AFFCB094FEAD01A48464AEA4C
:10B15000416A1393FEF757FFC0F3140709F1020089
:10B16000FEF75BFFC0F3541509F10500FEF74BFF36
:10B17000C0F3940309F107000A93FEF74EFFC0F3F2
:10B18000D41309F10A000B93FEF747FFC0F3141321
:10B1900009F10D000C93FEF736FFC0F3540309F1DB
:10B1A0000F000D93FEF739FFC0F3941309F112005D
:10B1B0000E93FEF728FFC0F3D40309F115000F9397
:10B1C000FEF721FFC0F3140309F117001093FEF7F7
:10B1D00024FFC0F3541309F11A001193FEF713FF73
:10B1E000C0F3940309F11C001293FEF716FFCB097C
:10B1F0004FEAD019584649EA41691493FEF703FF14
:10B2000015900BF10200FEF708FF18900BF10500F6
:10B21000FEF7F9FE17900BF10700FEF7FEFE1990FE
:10B220000BF10A00FEF7F9FE1A900BF10D00FEF784
:10B23000EAFE1B900BF10F00FEF7EFFE1C900BF1E6
:10B240001200FEF7E0FE1D900BF11500FEF7DBFE8D
:10B250001E900BF11700FEF7E0FE1F900BF11A0095
:10B26000FEF7D1FE20900BF11C00FEF7D6FE159ADA
:10B270008C468646C2F31402A8FB07108B18159360
:10B2800040F100031693189BA8FB0512C3F3541357
:10B290005B18A6FB071042F100025B18239342EBF8
:10B2A00000032493179BC3F394010A9BA8FB032379
:10B2B0008818A6FB051243F10003401843EB020374
:10B2C000A4FB0721821843EB01031893199B1792E3
:10B2D000C3F3D4110B9BA8FB032388180A9AA6FB7F
:10B2E000021243F10003401843EB0203A4FB0512D2
:10B2F000401843EB0203029AA2FB0721821843EB9A
:10B300000103259226930C9A1A9BA8FB0212C3F301
:10B3100014135B180B99A6FB010142F100021B18E4
:10B3200042EB01020A99A4FB01011B1842EB010246
:10B330000299A1FB05011B1842EB01020399A1FB35
:10B34000071013EB010B42EB000319930D9A1B9BA3
:10B35000A8FB0212C3F354035B180C99A6FB01016E
:10B3600042F100021B1842EB01020B99A4FB010100
:10B370001B1842EB010202990A98A1FB00011B185D
:10B3800042EB01020399A1FB05011B1842EB0102EC
:10B390000499A1FB07105B18279342EB0003289345
:10B3A0000E9A1C9BA8FB0212C3F394135B180D9911
:10B3B000A6FB010142F100021B1842EB01020C99AD
:10B3C000A4FB01011B1842EB01020B980299A1FB9F
:10B3D00000011B1842EB01020A980399A1FB00012E
:10B3E0001B1842EB01020499A1FB05011B1842EB5B
:10B3F00001020599A1FB07105B181A9342EB0003A9
:10B400001B930F9A1D9BA8FB0212C3F3D4035B1876
:10B410000E99A6FB010142F100021B1842EB01024A
:10B420000D99A4FB01011B1842EB01020C98029933
:10B43000A1FB00011B1842EB01020B980399A1FB31
:10B4400000011B1842EB01020A980499A1FB0001BC
:10B450001B1842EB01020599A1FB05011B1842EBE9
:10B4600001020699A1FB07105B18299342EB000328
:10B470002A93109B1E99A8FB0332C1F314015B1899
:10B480000F99A6FB010142F100021B1842EB0102D9
:10B490000E99A4FB01011B1842EB01020D980299C1
:10B4A000A1FB00011B1842EB01020C980399A1FBC0
:10B4B00000011B1842EB01020B980499A1FB00014B
:10B4C0001B1842EB01020A980599A1FB00011B1809
:10B4D00042EB01020699A1FB05011B1842EB010298
:10B4E0000799A1FB07105B181C9342EB00031D9307
:10B4F000119A1F9BA8FB0212C3F354135B181099F7
:10B50000A6FB010142F100021B1842EB01020F9958
:10B51000A4FB01011B1842EB01020E980299A1FB4A
:10B5200000011B1842EB01020D980399A1FB0001D9
:10B530001B1842EB01020C980499A1FB00011B1897
:10B5400042EB01020B980599A1FB00011B1842EB8D
:10B5500001020A980699A1FB00011B1842EB0102A7
:10B560000799A1FB05011B1842EB01020899A1FBF9
:10B5700007105B182B9342EB00032C93129A209B2D
:10B58000A8FB0212C3F394035B181199A6FB0101F7
:10B5900042F100021B1842EB01021099A4FB0101C9
:10B5A0001B1842EB01020F980299A1FB00011B1826
:10B5B00042EB01020E980399A1FB00011B1842EB1C
:10B5C00001020D980499A1FB00011B1842EB010236
:10B5D0000C980599A1FB00011B1842EB01020B9886
:10B5E0000699A1FB00011B1842EB01020A9807997A
:10B5F000A1FB00011B1842EB01020899A1FB050108
:10B600001B1842EB01020999A1FB07105B181E935E
:10B61000149942EB00034FEADE1E1F934EEA4C6E74
:10B62000A8FB092308FB013312EB0E0E43EBDC12DF
:10B63000129BA6FB03311EEB030342EB010211999F
:10B64000A4FB01011B1842EB010210980299A1FB17
:10B6500000011B1842EB01020F980399A1FB0001A6
:10B660001B1842EB01020E980499A1FB00011B1864
:10B6700042EB01020D980599A1FB00011B1842EB5A
:10B68000010206990C98DDF84CC0A1FB00011B18C3
:10B6900042EB01020B980799A1FB00011B1842EB3A
:10B6A00001020A980899A1FB00011B1842EB010254
:10B6B0000999A1FB05011B1842EB0102AAFB070136
:10B6C0001B1807FB0C1141EB020C14992D93A6FBE0
:10B6D000093206FB01221299139EA4FB01011B18DB
:10B6E00042EB010211980299A1FB00011B1842EBE9
:10B6F000010210980399A1FB00011B1842EB010203
:10B700000F980499A1FB00011B1842EB01020E984F
:10B710000599A1FB00011B1842EB01020D98069947
:10B72000A1FB00011B1842EB01020C980799A1FB39
:10B7300000011B1842EB01020B980899A1FB0001C4
:10B740001B1842EB0102DDE90910A1FB00011B18E7
:10B7500042EB0102AAFB050105FB06111B18209311
:10B7600041EB020314992193A4FB093204FB01224B
:10B77000029912980A9DA1FB00011B1842EB0102DD
:10B7800011980399A1FB00011B1842EB01021098CC
:10B790000499A1FB00011B1842EB01020F980599C7
:10B7A000A1FB00011B1842EB01020E980699A1FBB8
:10B7B00000011B1842EB01020D980799A1FB000143
:10B7C0001B1842EB01020C980899A1FB00011B1801
:10B7D00042EB01020B980999A1FB00011B1842EBF7
:10B7E00001020A99AAFB010105FB06111B182E9301
:10B7F00041EB02032F93029B14990298A3FB093299
:10B8000000FB012203991298A1FB00011B1842EBD7
:10B81000010211980499A1FB00011B1842EB0102DF
:10B8200010980599A1FB00011B1842EB01020F982B
:10B830000699A1FB00011B1842EB01020E98079923
:10B84000A1FB00011B1842EB010208990D980B9D0A
:10B85000A1FB00011B1842EB01020C980999A1FB06
:10B8600000011B1842EB01020B99AAFB010105FB29
:10B8700006111B18029341EB02030A93039B1499D0
:10B8800003980C9DA3FB093200FB01220499129836
:10B89000A1FB00011B1842EB010211980599A1FBC5
:10B8A00000011B1842EB010210980699A1FB000150
:10B8B0001B1842EB01020F980799A1FB00011B180E
:10B8C00042EB01020E980899A1FB00011B1842EB04
:10B8D00001020D980999A1FB00011B1842EB01021E
:10B8E0000C99AAFB010105FB06111B18309341EBD3
:10B8F00002033193049B14990498A3FB093200FBC3
:10B90000012205991298A1FB00011B1842EB0102CC
:10B91000069911980D9DA1FB00011B1842EB010235
:10B9200010980799A1FB00011B1842EB01020F9828
:10B930000899A1FB00011B1842EB01020E9809991E
:10B94000A1FB00011B1842EB01020D99AAFB0101AA
:10B9500005FB06111B18039341EB02030493059B9F
:10B96000149905980E9DA3FB093200FB012206994C
:10B970001298A1FB00011B1842EB010211980799D4
:10B98000A1FB00011B1842EB010210980899A1FBD2
:10B9900000011B1842EB01020F980999A1FB00015D
:10B9A0001B1842EB01020E99AAFB010105FB0611CF
:10B9B0001B18329341EB02033393069B14990698AC
:10B9C000A3FB093200FB012207991298A1FB000199
:10B9D0001B1842EB0102089911980F9DA1FB000171
:10B9E0001B1842EB010210980999A1FB00011B18DA
:10B9F00042EB01020F99AAFB010105FB06111B187E
:10BA0000059341EB02030693079B149A0798109D38
:10BA1000A3FB091300FB0233089A1298A2FB000251
:10BA2000091843EB02031198099AA2FB00020918B6
:10BA300043EB0203109AAAFB0202091805FB062237
:10BA400042EB03033593089B089834911499A3FBA8
:10BA5000092300FB013309991298A1FB0001121878
:10BA600043EB0103344611992046119CAAFB0116B1
:10BA7000521804FB006646EB0306099B099CA3FBD6
:10BA80000901149BDDE9127504FB0311129BAAFB4B
:10BA90000343001907FB053341EB0303369037934B
:10BAA000149B16980AFB03F3AAFB097E09FB0533D6
:10BAB00003EB0E0122911599239D11F5801140F1A0
:10BAC00000004C0D44EAC02464190794249C4FEAFA
:10BAD000515144EB6059159C4905611A23911699FF
:10BAE000259C61EB000116911799189811F58011AA
:10BAF00040F10005480D40EAC5200019269C4FEA98
:10BB0000515144EB6558179C4905611A17911899D2
:10BB1000279C61EB0501189119991BF5801541F1DE
:10BB2000000A690D41EACA210919289C4FEA5555B6
:10BB300044EB6A546D050894BBEB05042494199CEE
:10BB400064EB0A0419941A9C14F580151B9C4FEAA7
:10BB5000555B44F1000A299C4BEACA2B1BEB0404F9
:10BB600009942A9C44EB6A540B946D0D1A9C6D0544
:10BB7000641B1A941B9C64EB0A041B941C9C14F514
:10BB800080151D9C4FEA555A44F1000B2B9C4AEA44
:10BB9000CB2A1AEB04040C942C9C44EB6B540D94AC
:10BBA0006D0D1C9C6D05641B1C941D9C64EB0B04AB
:10BBB0001D941E9C14F580151F9C4FEA555A44F1A4
:10BBC000000B2D9C4AEACB2A1AEB04040E944FEA90
:10BBD00055551E9C4FEA45554CEB6B5C641B1E94FF
:10BBE0001F9C64EB0B041F94209C14F58015219C72
:10BBF0004FEA555A44F1000B2E9C4AEACB2A1AEB25
:10BC000004040F942F9C44EB6B5410946D0D209CF6
:10BC10006D05641B2094219C64EB0B042194029C11
:10BC200014F580150A9C4FEA555A44F1000B309CDC
:10BC30004AEACB2A1AEB04041194319C44EB6B546E
:10BC400012946D0D029C6D05641B02940A9C64EBBA
:10BC50000B042594039C14F58015049C4FEA555A57
:10BC600044F1000B329C4AEACB2A1AEB04040A94F2
:10BC7000339C44EB6B5413946D0D039C6D05641B56
:10BC80000394049C64EB0B042694059C14F5801526
:10BC9000069C4FEA555A44F1000B349C4AEACB2AE1
:10BCA0001AEB04040494359C44EB6B5414946D0D0E
:10BCB000059C6D05641B0594069C64EB0B0412F552
:10BCC000801546F1000B06944FEA555A369C4AEA15
:10BCD000CB2A1AEB040A4FEA5555379C4FEA4555D3
:10BCE00044EB6B54521B159466EB0B06279217F529
:10BCF00080124FEA525B4FEA52524FEA425243EBF4
:10BD00000E03BF1A229A179C4BEAC32B4FEA635EBD
:10BD100062EB03032293079B13F5801349F100059F
:10BD20005A0D42EAC52212191792189A42EB65522F
:10BD300018925B0D079A5B05D31A289369EB0503EC
:10BD4000299310F5801348F10004249D5A0D42EA0E
:10BD5000C422521924924FEA5353199A4FEA43537B
:10BD600042EB6452C31A19922A93089A68EB0403AF
:10BD70002B9311F5801342F100001A9C5A0D42EAF0
:10BD8000C02212191A924FEA53531B9A4FEA435397
:10BD900042EB6052CB1A2C93089B1B9263EB00037F
:10BDA0002D93099B0B9A1C9813F5801342F1000107
:10BDB0005A0D42EAC12212181C921D9A42EB61529E
:10BDC0001D925B0D099A5B05D31A2E930B9B0D9A5E
:10BDD0001E9863EB01032F930C9B13F5801342F124
:10BDE00000015A0D42EAC12212180B921F9A2098A4
:10BDF00042EB61521E925B0D0C9A5B05D31A0C93B9
:10BE00000D9B63EB01030D930E9B13F580124CF118
:10BE10000003510D41EAC32111EB00092199029859
:10BE200041EB63510891520D0E9952058A1A6CEB41
:10BE3000030C0F9B099213F58012109B4FEA52518D
:10BE400043F1000341EAC32109180E912599039893
:10BE500041EB63511F91520D0F9952058A1A0F92AF
:10BE6000109A62EB03031093119B13F58012129B3F
:10BE70004FEA525143F1000341EAC32109182091CE
:10BE80002699059841EB63512191520D1199520564
:10BE90008A1A1192129A62EB030312930A9B139A65
:10BEA00013F5801342F10002590D41EAC22109182D
:10BEB00002910699279841EB625105915B0D0A9911
:10BEC0005B05CB1A2593139B63EB02031393049B2F
:10BED00013F58011149B4FEA515243F1000342EADB
:10BEE000C3221218039246EB63520692490D049A3C
:10BEF000099E4905521A0492149A62EB0303159A9B
:10BF000007931AF5801342F100015C0D229A44EA6E
:10BF1000C124E4194FEA535342EB61585B05159A6B
:10BF2000BAEB030362EB0101D34AABFB0250AF193A
:10BF300002FB0E00D14E40EB0C000A90DDF820C051
:10BF4000ABFB065015EB090906FB0E0040EB0C0A93
:10BF5000DFF82CC30F9EABFB0C50AD190F95109D55
:10BF60000E9A0CFB0E0040EB05001090C548CBF17B
:10BF7000000500FB0E5CABFB0060B6181F9A0E9626
:10BF8000604440EB0202DFF800C31492119AABFB4D
:10BF90000C60B2181192129ABC4E0CFB0E0040EBD2
:10BFA00002021292209A06FB0E55ABFB060682187F
:10BFB0000892219ADFF8C8B2354445EB0202099293
:10BFC000AD4A1E9DA4FB026E02FB08EE0B9AB6184A
:10BFD0004EEB050EA94D0F9AA4FB050C05FB08CCF2
:10BFE0000A9DC0194CEB050CA4FB0B7517EB090758
:10BFF0000BFB08550A97A34FDDF840B045EB0A0A42
:10C00000654207FB0859CDF82CA0A4FB077ACA4467
:10C01000DFF87492BF184AEB0B0A4A46A4FB09B931
:10C0200002FB08990E9A1BEB020B149A49EB0209CA
:10C03000CDF83890DFF85492119A09FB0855A4FB0B
:10C040000948A2180F92129A8C4C454445EB020203
:10C050001092894ADDF83480A3FB025902FB019952
:10C060000C9AAD1849EB08092246A3FB0448A41911
:10C07000834E02FB018848EB0E083246A3FB06E61E
:10C080001EEB000E02FB016646EB0C067D480D968A
:10C090005E4200FB016CCDF830E00A9AA3FB000E73
:10C0A000E644DDF82CC080184EEB0C02DFF8D8C156
:10C0B00011926246A3FB0CEC02FB01CC7246D7192D
:10C0C0004CEB0A0CDFF8C4A1039A0AFB0166A3FB40
:10C0D0000A3113EB0B0E0E9BCDF828E00E4446EB15
:10C0E00003030B93644BDDF818E0DFF894B1A2FB77
:10C0F000036A03FB0EAA1C9BDDF874E05F4AF61886
:10C10000039B4AEB0E0ADDF818E0A3FB021302FBC7
:10C110000E334D1943EB0909039BA3FB0B130A19BB
:10C120000BFB0E3343EB080E039B0E92CDF848E059
:10C13000039ADDF818E053495B4201FB0E34A2FB81
:10C1400001180C9ADDF834E08918A0444E4A039C8B
:10C1500048EB0E08DDF818E0A4FB02B402FB0E4425
:10C16000119A1BEB000B44EB020E4848069C039A05
:10C1700000FB0433A2FB0020D219034443EB0C075D
:10C180000C973D4B049F07980692A7FB037203FB95
:10C1900000222E9B0498394CFF182F9BDDF81CC001
:10C1A00042EB0302A0FB04309B1904FB0C00049E2D
:10C1B000DFF8CCC00D9340EB0A00DDF81CA00E9B0D
:10C1C000A6FB0C6475190CFB0A4444EB0909049C9A
:10C1D0002C4E1195654206FB0A5CCDF85090A146A5
:10C1E000A4FB0646E418129BDFF89CA0664446EBCD
:10C1F0000306079BA9FB0A9C0AFB03CC19EB01036E
:10C200004CEB0808CDF848802049DDF81C800E93DF
:10C2100001FB0855DDF81080174BA8FB011C11EB42
:10C220000B08654445EB0E0ECDF810E0DDF808E094
:10C23000CDF80C80DDF81480104DDDF814B0DFF877
:10C2400040C0AEFB031E03FB08EE1A9BDDF86C80BA
:10C25000C9184EEB080EDDF808800D9BA8FB058978
:10C2600018EB0708029F05FB0B9949EB0209A7FB96
:10C270000C27D2180CE000BF132C0A00182D070061
:10C2800067FB090053C6F0FFD11502008390F5FF4C
:10C290000CFB0B77DDF808B0029D059B47EB000710
:10C2A000DF48CBF1000B00FB03B3A5FB00C0184433
:10C2B000119B1CEB030C149B40EB030307935046AC
:10C2C000A5FB0A35DDF814A01B1900FB0A5545EB48
:10C2D0000605D44E06FB0ABBDDF808A00E98AAFBA3
:10C2E0000664361812985C4444EB0004029411F57D
:10C2F00080144EF1000B4FEA545A4AEACB2A640DDF
:10C300001AEB08084FEA445449EB6B59091B0D918D
:10C310006EEB0B010E9112F5801147F100044FEA0C
:10C32000515E0798DDF80CB04EEAC42E490D1EEBA5
:10C330000C0C4FEA415140EB6450511A059167EBE8
:10C340000401079113F5801145F100044A0D029F85
:10C3500042EAC422490D92194FEA415147EB645E0B
:10C36000591A119165EB040112910399069D0C9FD6
:10C370000F9E11F58013049941F10004590D41EA13
:10C38000C4215B0D49194FEA435347EB6457BBEB9C
:10C39000030BCDF80CB0DDF810B06BEB040BCDF84F
:10C3A00010B0DDF828B01BF58014DDF82CB04FEA92
:10C3B00054534BF1000543EAC523DDF840B09B1907
:10C3C0004BEB655BCDF830B0640DDDF828B0259EF1
:10C3D0006405BBEB040BCDF828B0DDF82CB06BEB9B
:10C3E000050BCDF82CB0DDF820B01BF58015DDF87D
:10C3F00024B04FEA55544BF1000A44EACA24A41968
:10C400000294DDF84CB0059C4BEB6A566D0DDDF8DF
:10C4100020B06D05BBEB050BCDF83CB0DDF824B0CA
:10C420006BEB0A0B18F58015CDF824B04FEA555A7E
:10C4300049F1000B4AEACB2A1AEB040ACDF840A0D6
:10C44000DDF81CA0119C4FEA55554AEB6B5A6D055F
:10C45000CDF84CA0B8EB050A69EB0B0B1CF5801569
:10C4600040F100094FEA555848EAC92818EB04087A
:10C47000CDF84480DDF84880039C4FEA555548EBE1
:10C4800069586D05CDF84880BCEB0508CDF85080A3
:10C4900060EB090812F580104EF1000C450DCDF847
:10C4A000548045EACC25DDF810802D194FEA505014
:10C4B00048EB6C584005CDF81880B2EB00080395A6
:10C4C000CDF868806EEB0C0811F5801547F100007F
:10C4D0000A9CCDF86C806A0DDDF82C8042EAC022FF
:10C4E0006D0D12194FEA455548EB6058491B0591EF
:10C4F00067EB000108910C990F9CCDF81C8013F597
:10C50000801741F10000790DDDF82480049241EAA2
:10C51000C0217F0D09194FEA475748EB6055DB1BD7
:10C520000C9F414A029C67EB00002C9FDDF838907D
:10C53000A4FB02C81CEB070C2D9F3C4C02FB068899
:10C5400048EB0708029FA7FB047E04FB06EE0D9C48
:10C550003F194EEB090ECDF828E0DDF80890DFF822
:10C56000D0E07446A9FB0E9E19EB0A0904FB06EE07
:10C57000029CDFF8ACA0CDF82C904EEB0B0ECDF862
:10C5800030E0C4F1000E0AFB06E9A4FB0AABD94473
:10C59000DDF840B01AEB0B0BDDF84CA049EB0A09B3
:10C5A000CDF83490DDF808A0DFF888904C46AAFB5F
:10C5B00009A904FB0699149C1AEB040A159C49EB83
:10C5C0000409184C04FB06EE2646029CA4FB064612
:10C5D000B644119EA419129E02944EEB06060996CB
:10C5E000A1FB026402FB0544249AB618199A44EB95
:10C5F00002020E4C0E922246A1FB044E14EB0C04D8
:10C6000002FB05EE4EEB080EDFF82480CDF83CE08F
:10C61000A1FB08EC1EEB070710970A9F0CE000BF78
:10C6200053C6F0FF8390F5FF132C0A00182D070066
:10C6300067FB0900D1150200DFF850E308FB05CCC9
:10C640004CEB07070A974F420EFB057CA1FB0EE857
:10C65000C444DDF82C801EEB0808DDF830E04CEB1C
:10C660000E0EDFF82CC3CDF82CE06246A1FB0CECDB
:10C670001EEB0B0BDDF834E002FB05CC4CEB0E0C93
:10C68000CDF830C0DFF80CC3C34A0CFB0577A1FB23
:10C690000C152F4411EB0A050D9547EB0905A3FB7B
:10C6A000027C02FB00CC2A9ABC4911952B9DDFF835
:10C6B000F092DFF8D8A2BF184CEB050CA3FB015E8B
:10C6C000AD190E9E01FB00EE4EEB060EA3FB0961B9
:10C6D00032190E920F9A09FB001141EB02025C42E3
:10C6E0000AFB00460F92A3FB0A19109AB1440A9E56
:10C6F000891849EB0602A64E10923246A3FB06A605
:10C700001AEB0808DFF88CA2914602FB00660B9A30
:10C710000AFB0044A3FB0A3046EB020613EB0B03B3
:10C720000A930C9B9C4ADFF874B2044444EB030365
:10C730000B93049BA3FB024A079B02FB03AA179BD4
:10C74000079AE418189B4AEB030A049BA3FB0B30DF
:10C750000BFB0200DB1940EB0C07049A9048834660
:10C76000A2FB00C0079A1CEB05050BFB02000C9511
:10C77000049A40EB0E0512958448079DC2F1000C07
:10C7800000FB05CEA2FB00050E9A80180F9A754497
:10C7900045EB0205CE464A46DDF81090A9FB0EEBAC
:10C7A000DDF81C9002FB09BB109A1EEB010E4BEB4F
:10C7B00002097849DDF81CB0049A01FB0BCCA2FBFE
:10C7C00001218C4412EB08014CEB0606724A0E96CE
:10C7D000059E0791A6FB02C1089EDFF8C081DDF827
:10C7E00020B002FB0611289E299A1CEB060C059E20
:10C7F00041EB0201A6FB082608FB0B66121946EB6B
:10C800000A04059EDFF898A10F92A6FB0A860AFB90
:10C810000B6618EB0303109346EB07031393059B7A
:10C82000059E0C9A5F42594B03FB0B78A6FB03361F
:10C830009B18129ADFF858B10C934644DDF8148027
:10C8400046EB0206089AA8FB0BA80BFB02881AEB22
:10C85000000248EB050514954E48089D129200FB16
:10C860000577059D4C4AA5FB00052F4410EB0E05EE
:10C87000049547EB09050595039D484FA5FB020963
:10C88000069D02FB0599239A169D801849EB050920
:10C89000039DDDF818E0DDF818800F9AA5FB07A5C9
:10C8A0001AEB0C0A07FB0E55DFF8F4C0DDF80CE0BC
:10C8B00045EB0105AEFB0C1E0CFB08EEDDF80C8011
:10C8C00089184EEB040EC8F1000C304CDDF81880CE
:10C8D00004FB08C2DDF80C805B46A8FB0484DDF88D
:10C8E00040B01444139A18EB0B0844EB0204039A6B
:10C8F0009B46A2FB0327069B0BFB03770C9BD218DE
:10C9000047EB0607069B234E06FB03CC039BA3FBCA
:10C9100006636344DDF848C016EB0C0C149E43EB31
:10C92000060310F58016039349F1000B730D43EADB
:10C93000CB23760D13EB0A034FEA465645EB6B55B6
:10C94000B0EB060A69EB0B0911F580104EF10006F9
:10C95000CDF820904FEA505949EAC629400D19EB0D
:10C9600008084FEA405044EB6654B1EB00096EEB07
:10C97000060E12F5801147F100004E0DCDF83CE097
:10C9800046EAC026DDF80CE00CE000BF53C6F0FF1D
:10C99000D11502008390F5FF132C0A00182D070013
:10C9A00067FB0900CDF83090490D16EB0C064FEAF5
:10C9B00041514EEB6059B2EB010ECDF840E067EB10
:10C9C000000ECDF848E0DDF810E0079FCDF818A084
:10C9D0001EF58012DDF814E04FEA52504EF10001CE
:10C9E00040EAC120DDF838E0C0194EEB615A520D23
:10C9F000DDF810E003905205BEEB020ECDF81CE00E
:10CA0000DDF814E06EEB010ECDF814E0DDF828E05F
:10CA10000D981EF58012DDF82CE04FEA52514EF1D0
:10CA2000000741EAC721DDF844E009184EEB675ED4
:10CA3000CDF810E0520DDDF828E01A985205BEEB53
:10CA4000020ECDF828E0DDF82CE06EEB070ECDF8F5
:10CA50002CE0DDF808E01EF58017DDF824E04FEA51
:10CA600057524EF1000C42EACC221218DDF86CE06D
:10CA700002984FEA57574FEA47574EEB6C5EC01B80
:10CA80000290099860EB0C0013F5801745F1000B3C
:10CA900009904FEA575C0C984CEACB2C1CEB000039
:10CAA0000C904FEA57570F984FEA475740EB6B509F
:10CAB000DB1B65EB0B0B0E9318F5801344F100079D
:10CAC0000D905D0D109845EAC7252818129D0F900E
:10CAD0004FEA535345EB67555B051095B8EB0305DB
:10CAE000119564EB070516F58013079812954FEA28
:10CAF000535449F10005DDF8148044EAC524201898
:10CB00004FEA535348EB65585B05CDF81480B6EBFC
:10CB100003080790CDF84C80039B0A98DDF82C8021
:10CB200069EB050513F5801314954FEA53544AF148
:10CB3000000544EAC524201815904FEA5353039882
:10CB400048EB65585B05CDF82C80B0EB03086AEB29
:10CB500005051695049DCDF80C8011F5801345F15F
:10CB60000004580D029D40EAC4204019099D02901E
:10CB70004FEA535345EB64555B051795CD1A18954D
:10CB8000049D65EB040512F580114FEA51534FEAFD
:10CB900051514FEA41514EF100000495551AE44AB3
:10CBA000E449199543EAC0234FEA6058A3FB0267A2
:10CBB00002FB0877069AE04C6EEB0005B618089A5F
:10CBC000DE481A9547EB02070E9DDDF834E0A3FB23
:10CBD00001C201FB08220C991CEB050CA3FB0059B8
:10CBE00042EB0B0200FB08996D18C3F1000A04FB2D
:10CBF00008A149EB0E09A3FB044E8E441199DFF8FE
:10CC000040B30692641812990F9A4EEB010EA3FBE3
:10CC10000B018018109A0BFB081141EB0201C94A65
:10CC200002FB08AAA3FB02835344DDF84CA0149A2C
:10CC300018EB0A084FEA565A43EB02034AEAC72A9E
:10CC4000069A1AEB0C0AC6F314060A9642EB6752D0
:10CC50004FEA5A5646EAC226761949EB6252750DDA
:10CC600045EAC2252D194EEB62526C0D44EAC224EE
:10CC70002018C5F3140541EB62510995450D45EAAD
:10CC8000C12515EB080543EB6152C0F3140C079B5B
:10CC9000CDF820C06C0DDDF814C044EAC224E418BD
:10CCA0004CEB6252039B600DC5F3140B40EAC220AB
:10CCB000169DC01845EB6252159BC4F31405410D37
:10CCC000079541EAC2210B9DC91845EB6252189B9A
:10CCD000C0F31405480D069540EAC220049DC01813
:10CCE00045EB6252029BC1F31405410D059541EAE3
:10CCF000C221179DC91845EB62524B0DC0F31405B4
:10CD00001998049543EAC2231A9D1B1845EB6252F9
:10CD1000C1F314050395580DC3F31405844B029514
:10CD200040EAC220A0FB034C521503FB02CC0A9B35
:10CD3000E418804BCAF31407A0FB03E14CF1000C8C
:10CD400003FB02111EEB070E41F100030A937B4B1C
:10CD50000999A0FB037903FB0299774B4542C6F37F
:10CD60001406BF1903FB025AA0FB033649F1000960
:10CD70005B1873494AEB060AA0FB016801FB0288B5
:10CD8000089976186F4901FB0255A0FB010248F192
:10CD9000000810EB0B0045EB0205620D0A9942EA10
:10CDA000CC2212EB0E0241EB6C514FEA525C4CEA82
:10CDB000C12C1CEB070C49EB61514FEA5C5747EA69
:10CDC000C127FF184AEB61517B0D43EAC1239B1930
:10CDD00048EB61515E0D46EAC126361845EB6151BC
:10CDE000700D079DDDF81480DDF81090DDF80CA0C3
:10CDF00040EAC12040194FEA615141F10001450D5F
:10CE00004FEA615E45EAC12506996D184EF10001B1
:10CE10004FEA555E4EEAC12E1EEB08084FEA6151FB
:10CE200041F100014FEA585E4EEAC12E1EEB09099E
:10CE30004FEA615141F100014FEA595E4EEAC12EBD
:10CE40001EEB0A0A4FEA6151C9F3140E41F10001C9
:10CE50004FEA5A5949EAC129029919EB0109019986
:10CE6000C4F314040C70DDF804B0C2F31402210AF8
:10CE70008BF80110510141EA14418BF80210D108DE
:10CE8000CCF3140C8BF80310D10A8BF804104FEA82
:10CE90008C0141EAD242C7F314078BF805204FEA10
:10CEA0009C128BF80620FA0142EA9C328BF807208C
:10CEB0007A08C3F314038BF808207A0A8BF8092048
:10CEC0001A0142EA57428BF80A201A09C6F31406DF
:10CED0008BF80B201A0B8BF80C20B21942EA135373
:10CEE000C0F314008BF80D30F3098BF80E3083017A
:10CEF00043EAD6338BF80F308308C5F314058BF85B
:10CF00001030830A8BF81130EB0043EA9043C8F3EA
:10CF100014088BF812306B098BF813304FEA182382
:10CF20008BF816304FEA4E1343EA18430CE000BF6B
:10CF3000132C0A00182D070053C6F0FF67FB0900E9
:10CF4000D11502008390F5FF8BF817304FEADE030E
:10CF5000CAF3140A8BF818304FEADE238BF8193025
:10CF60004FEA8A0343EADE438BF81A304FEA9A13FA
:10CF70008BF81B304FEAC91E4FEA59036D0B4EEA7E
:10CF80009A3E8BF81D304FEA59234FEA59498BF8E6
:10CF900014508BF815808BF81CE08BF81E308BF842
:10CFA0001F9039B0BDE8F08FB0F85431B0F850217F
:10CFB000981A00F03F007047B0F85431B0F8502193
:10CFC0009BB293421ABFD0F84831985C4FF0FF30C3
:10CFD000704790F85231B0F85601C0B2834227BF73
:10CFE000C3F13F03C018C01A00F1FF30704707B506
:10CFF00003688DF807105B6801220DF1070198475F
:10D0000003B05DF804FB13B50DF107010446E9F721
:10D0100047FB90B9B4F8C030B4F8BC20013303F03A
:10D020003F03934209D0B4F8C020D4F8B4109DF85F
:10D03000070092B28854A4F8C03002B010BD0000BE
:10D04000B0F8C220D0F8C41011FA82F202F03F0208
:10D0500010B5A0F8C220B0F8C210B0F8BE2089B256
:10D060008A421BD0B0F8C240B0F8C210A4B240321D
:10D07000121B544289B204F03F0402F03F02C1F196
:10D08000400158BF62428A4228BF0A46C0F8C42005
:10D090000349E9F741FB4FF0FF3010BD0020FCE7EA
:10D0A00041D0010803682DE9F0479B680446884693
:10D0B0001646984701232374D4F83831B4F85291B6
:10D0C00001338246C9F1400904F1940708D194F86C
:10D0D0005D312BB1002384F85D313846E9F73EFB22
:10D0E000236820469B6898470028F9D035464D456F
:10D0F00023D8554521D8B4F85221D4F84C015319FE
:10D10000402B10442FD82A46414604F022FBA94662
:10D11000B4F852311D4405F03F05A4F85251384689
:10D12000E9F7ACFA30B91749C4F858914A4638467D
:10D13000E9F7F2FA3046BDE8F087D145236828BF09
:10D14000D1464A4641465B682046984723682046B8
:10D150009B689847A5EB0905C844B4F852918246EC
:10D16000C9F14009C3E7C2F140094A46414604F00B
:10D17000F0FAD4F84C01A5EB090208EB090104F020
:10D18000E8FAC5E741D00108C0F83C31009BC0F87F
:10D190004031914208BF4FF0FF3100F11403C0E964
:10D1A0004D21C0F8483100F154020023A0F8543159
:10D1B000C0E95323A0F8563170470000F7B54FF48B
:10D1C0007A7317460022C0E901231C4B03604FF01D
:10D1D000FF33C0F838311A4B1A4E04469C42B068EF
:10D1E0000D4605D1F368C4F83831C4F834010AE0BB
:10D1F0001549E9F7DDF8854215D1F368C4F83831EF
:10D20000B368C4F83431012F4FF0FF3308BFC4F8BE
:10D21000383100932046D4E94D214FF0FF33FFF71A
:10D22000B3FF03B0F0BD09492846E9F7D2F8064933
:10D23000C4F838012846E9F7CCF8D6E7DCDA02086A
:10D2400024340020CC390208F8370208BC37020821
:10D25000037C70B504460D46A3B1E4F7C3F8064657
:10D26000B4F85221B4F856319BB29A420AD0002D3C
:10D27000F8D0E4F7B7F8801B8542F1D8B4F85631FE
:10D28000A4F8523170BD0021FFF7E2BFD0F8383169
:10D29000013310B504460ED10368DB68984794F853
:10D2A0005D3143B9012384F85D3104F19400BDE898
:10D2B0001040E9F763BA10BD7FB502F00703023BE7
:10D2C000DBB2042B0446C0F8601180F85E219CBFDD
:10D2D0001B48C05C02F0300388BF0020302B24D1F3
:10D2E00001304FF4C0630738022825D8E67C039646
:10D2F000A67C0296C2F3C0025203667C0092114AD9
:10D30000019604F1940552F820202846E9F73AFBEB
:10D3100084F85C0188B12046FFF7B8FF0A49284627
:10D3200004B0BDE87040E9F7D7B912F020031CBF84
:10D3300001304FF48063D6E7FEE704B070BD00BF54
:10D34000CCDA0208C0DA020807D0010810B504469A
:10D35000FFF79CFFB4F85421B4F8503192B29A42CE
:10D360001FBFD4F84821D05C013303F03F0314BF42
:10D37000A4F850314FF0FF3010BD000002490348BF
:10D380000022FFF71BBF00BF0080004024340020B4
:10D3900070B505460C46084649B1E3F729FF2B68EE
:10D3A0000246214628465B68BDE87040184770BDBC
:10D3B00008B5FFF7EDFF08BD03681B6818470000BC
:10D3C00008B50249FFF7E4FF08BD00BF00DB020813
:10D3D00038B50546FFF7DCFF04462846FFF7F0FFA7
:10D3E000204438BDFFF7F4BF70B50D46144630B188
:10D3F000461E012E05D811462846E9F7DFFC2046D7
:10D4000070BD03685B689847F9E70EB403B503AADB
:10D4100052F8041B019203F0F9FF02B05DF804EB2F
:10D4200003B0704730B58BB00023012A0C468DF84D
:10D43000243098BF0A2209A92546B4FBF2F404FB64
:10D44000125303F0FF03092B94BF30333733DBB2A1
:10D45000AA4201F8013DEFD9FFF79AFF0BB030BDAA
:10D460002DE9F04107460E4614462AB90368BDE887
:10D47000F0411B68C9B218470A2A05D1002905DB0B
:10D48000BDE8F041FFF7CEBFD2B2F9E72D21FFF79B
:10D4900093FF2246054671423846FFF7C3FF2844F2
:10D4A000BDE8F08138B50546FFF7DAFF04462846A7
:10D4B000FFF786FF204438BD10B5044600F0FAFBA4
:10D4C000E060236820465B699847002808DA00F08E
:10D4D000F1FBE368C01AA3689842F2D34FF0FF3023
:10D4E00010BDF8B507460D468E180C46B44201D162
:10D4F000601BF8BD3846FFF7DFFF031EF8DB04F8BA
:10D50000013BF3E72DE9F0410746884616461D46E4
:10D5100073B100243846FFF7CFFF031E05DB4345F8
:10D5200003D033550134A542F4D12046BDE8F08143
:10D530001C46FAE7114803681A0912F00C0F10B5DF
:10D5400019D10F4902F00F0251F822209AB1416817
:10D550000C4C03F00F03002954F823300CD0C4BF47
:10D5600001F1FF314160516901EA030023EA01033F
:10D5700043EA0043936110BD9362FCE7C0010020C1
:10D5800008000020F03A02082DE9FF41364D192825
:10D590002B680E4614461FD8344A52F8207043B9FF
:10D5A000B420E8F7F4F932498046E8F757F9C5F8AE
:10D5B0000080781C1DD02F4B1A68511C01D0BA4234
:10D5C00017D1B6F5803F14D20EBB286888B104B0DD
:10D5D000BDE8F041E7F7F4BE00F0C002C02A0BD06E
:10D5E0003BB9B420E8F7D3F921490446E8F736F906
:10D5F0002C6004B0BDE8F081C828F1D81E4A00F0C4
:10D600003F0052F82010194A52F82170C7E77600FF
:10D610001F6034B374434FF47A72B4FBF2F4012107
:10D6200038465C60E8F71EFE286802223146E8F7BB
:10D63000B3F800230193114B0093114B0393286817
:10D64000104B02936946E8F751F9029B1BB16946FA
:10D65000032208469847286804B0BDE8F041E7F780
:10D660009CBF4FF0FF34DAE788350020CC39020840
:10D6700000440140C0010020A839020835D5010846
:10D680004D5F00082D5F0008192838B523D81B4BC3
:10D6900053F820305A1C1DD0194D2A689A4219D1CE
:10D6A000184C2068B0B129B3E8F79CF82868431CEF
:10D6B00005D00021E8F7D6FD4FF0FF332B60256839
:10D6C00035B12846E7F7D0FFB4212846E8F763F9DB
:10D6D0000023236038BD00F0C003C02BFAD1C82856
:10D6E000F8D8094B00F03F0053F82020034B53F8C3
:10D6F0002230CFE7BDE83840E7F762BECC390208F8
:10D70000C001002088350020A8390208C3B2192BB7
:10D7100016D8144A52F8233000F4E06003431A0983
:10D7200012F00C0F1DD1104902F00F0251F8220027
:10D73000B8B103F00F030121994089B2E8F70EBC9C
:10D7400000F0C002C02A0CD1C82B0AD8074B00F049
:10D750003F0200F4E06053F82220024B53F82230DD
:10D76000DCE77047CC39020808000020A83902081D
:10D7700030B5C3B2192B85B01CD81B4C54F82340CC
:10D7800000F4E0600443022A28D0032A29D0002AAA
:10D790000CBF4FF404154FF488156846E8F773F88A
:10D7A0002A4669462046E8F753FC6846E7F7FFFD3E
:10D7B00005B030BD00F0C004C02C0CD1C82B0AD875
:10D7C0000A4B00F03F0400F4E06053F82440064B9D
:10D7D00053F82440D6E74FF0FF34D4E74FF4441514
:10D7E000DBE74FF40415D8E7CC390208A839020862
:10D7F00008B102F0DFBC704710B5044628B102F052
:10D8000007FD90FBF4F303FB1404204610BD88428F
:10D8100010B5044603DA081AFFF7EEFF0444204669
:10D8200010BD7047F0B503468BB0084661B3911E3A
:10D83000222935D80A2A06D1002B04DA5B420127B7
:10D8400001AD29460DE00027FAE7B3FBF2F602FB33
:10D850001633092BDCB21BD83033DBB201F8013BA5
:10D860003346002BF1D1A94210D0034617B12D2227
:10D8700003F8012B5C1E0A46AA420CD84A1B8D42B3
:10D8800088BF0022002199540BB0F0BD1E46E3E78B
:10D8900004F15703E1E712F8016D04F8016FEBE7BB
:10D8A0000020F1E708B50320E4F7EEF9BDE80840F1
:10D8B00000F020BA08B5AFF30080EBF783FFECF778
:10D8C00041F800F009FAFAE7C1B2082910B502469A
:10D8D00011D8194850F8211002F4E0630B43C9B283
:10D8E000192912D8154850F8210003F4E0631843B1
:10D8F000431C10D010BD00F0C003C02B0BD1C829B1
:10D9000009D80D4802F03F01E4E703F0C004C02C41
:10D9100001D1C82908D9A2F1C903022B94BF02F68C
:10D9200038704FF0FF30E5E703F03F0150F8210079
:10D93000024951F82000D8E7A8390208CC3902087A
:10D940000D488546E8F766FD0C480D490D4A002351
:10D9500002E0D458C4500433C4188C42F9D30A4AA4
:10D960000A4C002301E013600432A242FBD303F00F
:10D97000C1FEFFF79FFFFEE700000120000000202E
:10D98000B0030020C8DF0208B00300206837002081
:10D99000FEE791420FD008D9891A01238B409842A3
:10D9A00008D30130C8400138704720B10130521A05
:10D9B0009040F8E700207047431E1F2B0ED80C281C
:10D9C0000DDC06280DDD08280DDD0A28CCBF0C2350
:10D9D0000A23064A1060064A13607047FEE70C23CC
:10D9E000F7E70623F5E70823F3E700BFCC010020A3
:10D9F000C801002010B5FFF767FF431C0AD0064C92
:10DA00002168E8F78DF8054B21681A68BDE81040D9
:10DA1000FFF7BFBF002010BDC8010020CC010020CF
:10DA2000C3B2192B2DE9F0410D462AD82C4A52F8E1
:10DA3000233000F4E0641C43621C4ED0294EC4F332
:10DA4000031704F00F0856F8273023FA08F3DB0712
:10DA500010D525492046E8F7F6FB18B32046E8F72D
:10DA60000FF856F82730012202FA08F223EA0203DF
:10DA700046F82730052D1FD8DFE805F01F2B252796
:10DA8000292D00F0C002C02A27D1C82B25D8174B5A
:10DA900000F03F0200F4E06453F82220104B53F8EA
:10DAA0002230C8E712492046E8F7CDFB0028D8D03D
:10DAB0002046E8F731F9D4E7FEE700212046BDE82B
:10DAC000F041E8F7CFBB1021F8E72021F6E703216A
:10DAD000F4E70121F2E70921F0E7BDE8F08100BF9A
:10DAE000CC3902088C35002018390208A839020800
:10DAF00034380208C3B2192B1BD8174A52F8233006
:10DB000000F4E0601843431C25D0030913F00C0F08
:10DB100004BF124A03F00F0300F00F0008BF52F8D1
:10DB200023300F4A18BF002352F8202091B19A6188
:10DB3000704700F0C002C02A0DD1C82B0BD8094B8A
:10DB400000F03F0200F4E06053F82220024B53F84B
:10DB50002230D7E79A627047CC39020808000020CB
:10DB6000F03A0208A8390208C3B2192B1BD8194A87
:10DB700052F8233000F4E0601843431C24D003091A
:10DB800013F00C0F22D103F00F03134A00F00F0023
:10DB900052F82320114B126953F8203093430CBFE5
:10DBA00001200020704700F0C002C02A0CD1C82B11
:10DBB0000AD80B4B00F03F0200F4E06053F822203B
:10DBC000044B53F82230D7E70020704700231B692D
:10DBD000FFDE00BFCC39020808000020F03A02083E
:10DBE000A83902082DE9F843C3B2192B0C46154693
:10DBF00010D82D4A52F8233000F4E0601843000991
:10DC000003F00F03012610F00C0F06FA03F612D0F2
:10DC1000002715E000F0C002C02A2BD1C82B29D85C
:10DC2000224B00F03F0200F4E06053F822201E4B2C
:10DC300053F82230E2E71E4B00F00F0053F820703B
:10DC4000002C18BF344600F037F880463B6933405B
:10DC5000A34212D03B693340A34217D100F02CF805
:10DC600081463B693340A34217D000F025F8A0EB72
:10DC7000090009E04FF40046CAE700F01DF8A0EBE8
:10DC80000800A842E2D90020BDE8F88300F014F8AB
:10DC9000A0EB0800A842DDD9F5E700F00DF8A0EBF5
:10DCA0000800A842DDD9EEE7CC390208A8390208FD
:10DCB00008000020E8F782B8E8F75CB838B50446F9
:10DCC00048B1E8F77BF80546FFF7ABFDE8F776F8D3
:10DCD000431BA342F8D338BD08B5044B2BB104480D
:10DCE000FFF762F908B1AFF3008008BD0000000043
:10DCF00024340020E8F708B9430803F05533C01A6C
:10DD0000830803F0333300F03330184400EB101075
:10DD100000F00F3000EB002000EB0040000E7047D9
:10DD20002DE9F047089D0C46002B4ED194468C45BA
:10DD30008646B2FA82F262D94AB1C2F1200391401A
:10DD400020FA03F30CFA02FC194300FA02FE4FEA30
:10DD50001C471FFA8CF6B1FBF7F44FEA1E4307FB92
:10DD6000141143EA014304FB06F199420AD91CEB62
:10DD7000030304F1FF3080F01281994240F20F81D9
:10DD8000023C6344591A1FFA8EF3B1FBF7F007FB0C
:10DD9000101143EA014300FB06F69E420AD91CEB30
:10DDA000030300F1FF3180F0FC809E4240F2F980D5
:10DDB000634402389B1B40EA044000211DB1D3405C
:10DDC0000022C5E90032BDE8F0878B4205D90DB1CC
:10DDD000C5E9000100210846F5E7B3FA83F10029FF
:10DDE00046D1A34202D39042C0F0F080861A64EB81
:10DDF00003030120002DE6D0C5E90063E3E7002A14
:10DE000040F09080A1EB0C044FEA1C481FFA8CF7FD
:10DE10000121B4FBF8F64FEA1E4308FB164443EA1F
:10DE2000044307FB06F0984208D91CEB030306F1F4
:10DE3000FF3402D2984200F2CD8026461C1A1FFA07
:10DE40008EF3B4FBF8F008FB104443EA044300FBF4
:10DE500007F79F4208D91CEB030300F1FF3402D2FD
:10DE60009F4200F2B0802046DB1B40EA0640A5E757
:10DE7000C1F120068B4022FA06F71F4320FA06FC68
:10DE800004FA01F343EA0C03F44000FA01F8380CF9
:10DE90004FEA1349B4FBF0FE1FFA87FC00FB1E4457
:10DEA00049EA04440EFB0CF9A14502FA01F20AD931
:10DEB0003C190EF1FF3A80F08480A14540F2818048
:10DEC000AEF1020E3C44A4EB09041FFA83F9B4FB43
:10DED000F0F300FB134449EA044403FB0CFCA445A3
:10DEE00007D93C1903F1FF3067D2A44565D9023B3D
:10DEF0003C4443EA0E40A0FB0293A4EB0C049C427A
:10DF0000CE469C4651D34ED055B1B8EB0E0364EBD0
:10DF10000C0404FA06F6CB401E43CC40C5E900646D
:10DF2000002150E7C2F1200320FA03F10CFA02FCB1
:10DF300024FA03F394400C434FEA1C4800FA02FE13
:10DF40001FFA8CF7B3FBF8F008FB1031230C43EAFF
:10DF5000014300FB07F1994208D91CEB030300F1D0
:10DF6000FF362CD299422AD9023863445B1AA4B2F4
:10DF7000B3FBF8F108FB113344EA034401FB07F358
:10DF8000A34208D91CEB040401F1FF3613D2A342CB
:10DF900011D902396444E41A41EA004139E70446E0
:10DFA000F0E6084606E7C845AED2B9EB020E63EBD1
:10DFB000070C0138A8E73146EDE7034699E73046FC
:10DFC000D4E7D6467FE7634402384DE7064623464A
:10DFD00008460FE7023E634430E700BF08B502F091
:10DFE0001DF800002DE9F0411C46464B83670D46A5
:10DFF000012300211646A0F87C3080F87E106822AC
:10E00000DDF81880074603F064FAF3B2192B28D81C
:10E010003D4A52F8233006F4E0661E43EBB2192B5A
:10E02000BE6632D8384A52F8233005F4E0651D4305
:10E03000E3B2192BFD663CD8334A52F8233004F47E
:10E04000E0641C435FFA88F2192A3C6745D82E49E0
:10E0500051F8222008F4E06313437B673846BDE89B
:10E06000F08106F0C002C02A0CD1C82B0AD8274B79
:10E0700006F03F0206F4E06653F82220224B53F8E4
:10E080002230CAE74FF0FF36C8E705F0C002C02AC9
:10E090000CD1C82B0AD81D4B05F03F0205F4E065F2
:10E0A00053F82220184B53F82230C0E74FF0FF35C9
:10E0B000BEE704F0C002C02A0CD1C82B0AD8134B0B
:10E0C00004F03F0204F4E06453F822200E4B53F8AE
:10E0D0002230B6E74FF0FF34B4E708F0C003C02B9E
:10E0E0000CD1C82A0AD8094B08F03F0253F8221075
:10E0F000054A08F4E06352F82120ADE74FF0FF3302
:10E10000ABE700BF00093D00CC390208A83902087E
:10E1100037B501230D460022074980F85D2081674D
:10E1200080F87C3080F87D2080F87E50009500F0EB
:10E130007DF803B030BD00BF00093D001FB502AB44
:10E1400083E80600816F029A9142044605D1C26FAE
:10E1500003994A4032F07F4210D09A8802989B7906
:10E16000A067A4F87C2084F87E30009394F87C307B
:10E1700094F87D20A16F204600F058F804B010BD3F
:10E18000704700F093B907B5002A8DF807100DF11C
:10E1900007014FF001030CBF0A46002200F0C8F946
:10E1A0009DF8070003B05DF804FB000007B51A23D3
:10E1B00000930622052307210248FFF713FF03B04F
:10E1C0005DF804FB9C35002030B591FAA1F391FA7B
:10E1D000A1F1B3FA83F3C4685B000325B1FA81F1BE
:10E1E00005FA03F3490024EA03038A401A43C26094
:10E1F00030BD0000094A0346106873B1084A9342D3
:10E2000001D1E5F70DBC074A934201D1E5F7F8BB10
:10E21000054A934201D1E5F7E1BB70474000002079
:10E220000030014000380040000001582DE9F04F57
:10E230000E4685B015461F460446002838D0626E4B
:10E24000914BC06E9A4236D09049E8F7B1F89049A8
:10E250008146A06EE8F7ACF88E498346206FE8F758
:10E26000A7F88D498046606FE8F7A2F88246B9F1B9
:10E27000000F1DD0BBF1000F1AD0B8F1000F17D05E
:10E2800059464846E8F7BBF8514681464046E8F70C
:10E29000B6F8014680464846E8F7B1F86066B9F13D
:10E2A000000F05D0B8F1000F02D0002840F0A68082
:10E2B00005B0BDE8F08F0130FAD1A36E0133F7D17C
:10E2C000236F0133F4D1636F0133F1D14FF4007345
:10E2D000A3619DF83830606E2060002B14BF0023CE
:10E2E0004FF482736360FFF785FFB6EB500F80F049
:10E2F0008C80B6EB900F80F08A80B6EBD00F80F068
:10E300008880B6EB101F80F08680B6EB501F80F03F
:10E310008480B6EB901F80F08280B6EBD01F2CBFBC
:10E3200030233823E361002D7BD0022D7BD0013DCB
:10E3300018BF01256D000123C4E904530723E362DC
:10E340004FF4E0632268E360B7FA87F74E4B7F092A
:10E350000026FF019A42C4E90876A660A6626663B9
:10E360002CD04A49E06EE8F70BF84949A06EE8F76F
:10E3700007F8206F4749E8F703F82369B342236F92
:10E380004FEA131114BF0122022211F00C0F04BF37
:10E39000424801F00F0103F00F0308BF50F82100BD
:10E3A0003F4918BF3046022A51F8231018BF0122F6
:10E3B000FFF70AFF3849606FE7F7E2FF2368394A41
:10E3C000934232D14FF0B0431A6E42F480521A6633
:10E3D0001A6E02F480520192019A1A6C42F4805231
:10E3E0001A641A6C22F480521A642046E5F74BFB3B
:10E3F0002268136843F04003136059E7636F0133E9
:10E400003FF464AF4FF4802362E700238AE70823D8
:10E4100088E7102386E7182384E7202382E7282350
:10E4200080E72B4688E7002386E71F4A934213D1F3
:10E430004FF0B0439A6D42F480429A659A6D02F4AF
:10E4400080420292029A9A6B42F480429A639A6BDB
:10E4500022F480429A63C8E70B4A9342C5D14FF039
:10E46000B0435A6E42F001025A665A6E02F001023F
:10E470000392039A5A6C42F001025A645A6C22F0D9
:10E4800001025A64B1E700BF00000158F0360208EB
:10E49000A836020854360208003602080800002098
:10E4A000F03A0208003001400038004010B5044640
:10E4B00098B1E5F756FB23681A4A93420ED14FF004
:10E4C000B0431A6C42F480521A641A6C22F48052DF
:10E4D0001A641A6E22F480521A6610BD124A9342D0
:10E4E0000ED14FF0B0439A6B42F480429A639A6B1C
:10E4F00022F480429A639A6D22F480429A65ECE796
:10E500000A4A9342E9D14FF0B0435A6C42F00102FB
:10E510005A645A6C22F001025A645A6E22F00102C7
:10E520005A66DAE700300140003800400000015828
:10E530002DE9F0410D4616461C4633B30768E2F755
:10E5400051FF8046BB689907FCD5D5B115F8013B52
:10E550003B73BB68DA07FCD53B7B0EB106F8013B89
:10E56000E2F740FFA0EB0800B0F57A7F04F1FF343A
:10E5700009D2002CE6D12046BB681B06FCD4BDE8BE
:10E58000F081FF23E4E70120F6E70220F7E700002F
:10E590002DE9F84314461D468046894600F050F99F
:10E5A000224606460F462B4620462946E2F71EFA2B
:10E5B00078B90022002340464946E2F7E5F9D8B190
:10E5C0000022002320462946E2F7DEF928B1264F33
:10E5D000002630463946BDE8F8832046294600F03B
:10E5E00099F80028F5D02046294600220023E2F7BA
:10E5F000D5F90028EDD02CE03046394600F08AF8F5
:10E60000A0B10022002330463946E2F7BDF90028C8
:10E61000DFD04046494600F07DF80028D9D020469A
:10E62000294600F077F80028D3D012E0404649464A
:10E6300000F070F80028E4D02046294600F06AF87F
:10E640000028DED032463B4630463946E2F7CEF966
:10E6500020B903F049F822230360BAE703F044F835
:10E6600021230360B5E700BF0000F03F70B50C4602
:10E67000064600F091FE214605462046E2F738FDA9
:10E6800058B900213046E2F701FDA0B10021204633
:10E69000E2F7FCFC18B14FF07E55284670BD2046CD
:10E6A00000F03EF80028F8D000212046E2F7F8FC00
:10E6B0000028F2D023E0284600F032F880B1002193
:10E6C0002846E2F7E3FC0028E7D0304600F028F8BF
:10E6D0000028E2D0204600F023F80028DDD00EE02C
:10E6E000304600F01DF80028E9D0204600F018F868
:10E6F0000028E4D029462846E2F7FAFC20B902F0C7
:10E70000F3FF22230360C8E702F0EEFF212303603A
:10E71000C3E700BF41F0004000F58010C00F704714
:10E7200020F00040B0F1FF4FACBF00200120704747
:10E730002DE9F041C0F3C7557F3D162D044620F06A
:10E74000004724DC002D804614DB184F2F4138424F
:10E750001AD01749E2F7FEF90021E2F7BFFC98B1A1
:10E76000002C03DD4FF400032B41984428EA0700F6
:10E77000BDE8F0810E49E2F7EDF90021E2F7AEFCC9
:10E7800010B1002C0EDB57B92046BDE8F081B7F17F
:10E79000FF4FF9D30146E2F7DDF9BDE8F0814FF014
:10E7A0007E50F2E74FF00040EFE700BFFFFF7F0031
:10E7B000CAF249712DE9F041C0F3C7557F3D162DCE
:10E7C000044620F0004725DC002D804614DB184F5E
:10E7D0002F4138421BD01749E2F7BCF90021E2F77C
:10E7E0007DFCA0B1002C03DA4FF400032B419844C8
:10E7F00028EA0700BDE8F0810E49E2F7ABF90021F5
:10E80000E2F76CFC18B1002C0CDB002000E0204685
:10E81000BDE8F081B7F1FF4FF9D30146E2F79AF96D
:10E82000BDE8F08117B94FF00040F1E70248EFE78B
:10E83000FFFF7F00CAF24971000080BF00000000A6
:10E840002DE9F04F23F00047044657EA020093B049
:10E8500092469B460D4610D12319824985F4002229
:10E8600052419842914121D252465B462046294668
:10E87000E1F76CFC13B0BDE8F08F98467A4B0E467A
:10E8800021F0004199420091A14614D906F1404679
:10E8900006F5801656EA0906E6D15346DB1871499B
:10E8A0008BF4002252419E429141DDD36F490020FA
:10E8B00013B0BDE8F08F14D09F42E7D8009B00F062
:10E8C000B780002E15DB002A40F0A48067498F42F4
:10E8D00040F0CA83B8F1000FC0F2BF842046294639
:10E8E000C8E7002CC0D18F42BED800F0F283009B55
:10E8F000E7E75F498F4200F2C6835E498F420DD938
:10E900003915A1F2FF31142940F38E84C1F134018D
:10E9100022FA01F000FA01F1914236D0002A45D1E5
:10E92000B8F1804F3BD0029220462946049300F074
:10E930002FFD049BB9F1000F43D0DDF808C0F20FA2
:10E94000013A52EA0C0C00F08A80029C013C2243FE
:10E9500014BF464D484D0024B7F1844FCDE906451C
:10E9600040F28E80454B009A9F42424B40F2E88332
:10E970009A4200F29484B8F1000FC0F2948400200F
:10E9800013B0BDE8F04F01F059B900F00100C0F13B
:10E9900002010291002A3FD1B8F1804FC4D1224632
:10E9A0002B4620462946E1F787FD63E720462946A6
:10E9B000029300F0EDFC029BB9F1000F4FD1CDF8AE
:10E9C00008902A4A26F0404C944502D0009A002A2A
:10E9D000B3D1B8F1000F05DA02460B4600202349F7
:10E9E000E1F794FE002EBFF645AF009B03F1404ACD
:10E9F000029B0AF5801A5AEA030A40F0368402465E
:10EA00000B4610461946E1F79FFB02460B46E1F71D
:10EA10007DFE2FE70022029220462946049300F053
:10EA2000B7FC049BB9F1000FCBD0F20F013A8CE791
:10EA3000002A7FF42BAF009B03F1404303F58013C2
:10EA400023433FF433AF0B4B009A9A4240F2DF83EB
:10EA5000B8F1000FC0F24984504659460AE72246F1
:10EA60002B46CEE70000F0FF0000F07F0000F03FF3
:10EA7000FFFF3F43FFFFEF3F0000F0BF0000F04308
:10EA8000D74A3240002A40F02883D64B0022E1F7D3
:10EA900013FD6FF034040B461A15A2F2FF3215195C
:10EAA000D14A0B95C3F3130343F07F54934244F4CC
:10EAB000401407DDCD4A934240F3E08301350B95C6
:10EAC000A4F5801400220023CDE90823CDE910230A
:10EAD000C74B0022CDE904230025DDE904232146AC
:10EAE0008046E1F731FBA146DDE9042306460F46E7
:10EAF00040462146CDE90C89E1F728FB02460B464A
:10EB00000020BB49E1F702FE0A460146CDE90E129C
:10EB10001346394602463046E1F7CEFC0A46014626
:10EB20004FF0000CCDE902121146CDE9000164104E
:10EB3000CDF800C0DDE9008944F0005404F500235D
:10EB40000020591904460D4602460B4640464946E8
:10EB5000E1F7B2FC02460B4630463946E1F7F4FADB
:10EB6000DDE9042306460F4620462946E1F7ECFA84
:10EB700002460B46DDE90C01E1F7E6FA42464B4658
:10EB8000E1F79AFC02460B4630463946E1F7DCFADB
:10EB9000DDE90E23E1F790FCDDE90245CDE9040152
:10EBA00022462B4620462946E1F786FC7AA3D3E984
:10EBB000002304460D46E1F77FFC79A3D3E9002347
:10EBC000E1F7C4FA22462B46E1F776FC76A3D3E9B7
:10EBD0000023E1F7BBFA22462B46E1F76DFC74A354
:10EBE000D3E90023E1F7B2FA22462B46E1F764FCB1
:10EBF00071A3D3E90023E1F7A9FA22462B46E1F7F6
:10EC00005BFC6FA3D3E90023E1F7A0FA2246064696
:10EC10000F462B4620462946E1F74EFC02460B469E
:10EC200030463946E1F748FC424604460D464B461D
:10EC3000DDE90201E1F78AFADDE90423E1F73CFCB2
:10EC400022462B46E1F782FA424604460D464B46E1
:10EC500040464946E1F730FC664B002206460F4627
:10EC6000E1F774FA22462B46CDE90C45E1F76EFA3E
:10EC700000240D4622462B4640464946E1F71CFC3F
:10EC80005C4B80468946002220462946E1F75CFA23
:10EC900032463B46E1F758FA02460B46DDE90C01E5
:10ECA000E1F752FADDE90223E1F706FC22460646C7
:10ECB0000F462B46DDE90401E1F7FEFB02460B4659
:10ECC00030463946E1F742FA06460F4602460B4601
:10ECD00040464946E1F73AFA00243BA3D3E9002332
:10ECE00020460D46E1F7E8FB42464B468046894602
:10ECF00020462946E1F728FA02460B4630463946B7
:10ED0000E1F722FA32A3D3E90023E1F7D5FB32A3DE
:10ED1000D3E9002306460F4620462946E1F7CCFBFF
:10ED200002460B4630463946E1F710FADDE910237A
:10ED3000E1F70CFA06460B980F46E1F753FB324613
:10ED400004460D463B4640464946CDE90289E1F777
:10ED5000FDF9DDE90823E1F7F9F922462B46E1F751
:10ED6000F5F9002022462B4680468946E1F7ECF96A
:10ED7000DDE90823E1F7E8F9DDE90223E1F7E4F949
:10ED800002460B4630463946E1F7DEF9CDE902018D
:10ED900032E000BFAFF30080EF4E454A287ECA3F05
:10EDA00065DBC9934A86CD3F01411DA96074D13FFF
:10EDB0004D268F515555D53FFFAB6FDBB66DDB3F11
:10EDC000033333333333E33F000000E009C7EE3F42
:10EDD000FD033ADC09C7EE3FF5015B14E02F3EBEB0
:10EDE0000000F07F000040438E98030079B60B00CE
:10EDF0000000F03F000008400023CDE900AB009385
:10EE0000DDE90067594632463B465046E1F79CF93A
:10EE100042464B46E1F750FB5B4604460D465246E0
:10EE2000DDE90201E1F748FB02460B462046294690
:10EE3000E1F78CF9324604460D463B4640464946CA
:10EE4000E1F73AFB0B46024606460F4620462946A6
:10EE5000E1F77CF9B44B9942A046A94604460D4619
:10EE60008B4640F3168101F13F4303F5E003034372
:10EE700040F01F829AA3D3E9002340464946E1F7B8
:10EE800065F93246CDE900013B4620462946E1F7C7
:10EE90005BF902460B46DDE90001E1F79DFD002824
:10EEA00040F007824FF400735B44C3F30A529F4C57
:10EEB000A2F2FF32C3F31301144141F48011C2F1F5
:10EEC000140241FA02FA002004EA0301BBF1000F28
:10EED00002460B4630463946B8BFCAF1000AE1F790
:10EEE00033F902460B4606460F4640464946E1F7CF
:10EEF0002DF94FEA0A5B0D4600247BA3D3E90023DA
:10EF000020462946E1F7D8FA3246CDE900013B46D2
:10EF100020462946E1F718F902460B464046494685
:10EF2000E1F712F972A3D3E90023E1F7C5FA72A35E
:10EF3000D3E9002306460F4620462946E1F7BCFAEE
:10EF400002460B4630463946E1F700F9DDE9008913
:10EF500006460F4602460B4640464946E1F7F6F89C
:10EF600042464B4604460D46E1F7EEF802460B4694
:10EF700030463946E1F7E8F82246804689462B4676
:10EF800020462946E1F798FA5DA3D3E90023064617
:10EF90000F46E1F791FA5CA3D3E90023E1F7D4F837
:10EFA00032463B46E1F788FA59A3D3E90023E1F75B
:10EFB000CDF832463B46E1F77FFA57A3D3E9002369
:10EFC000E1F7C2F832463B46E1F776FA54A3D3E9BB
:10EFD0000023E1F7BBF832463B46E1F76DFA024603
:10EFE0000B4620462946E1F7AFF806460F46024693
:10EFF0000B4620462946E1F75FFA0022CDE90001E1
:10F000004FF0804330463946E1F79EF802460B4602
:10F01000DDE90001E1F77AFB424606460F464B4622
:10F0200020462946E1F748FA42464B46E1F78EF87A
:10F0300002460B4630463946E1F786F822462B4613
:10F04000E1F782F802460B4600203949E1F77CF8E7
:10F050000C465C44B4F5801FC0F235812146DDE9E1
:10F060000623E1F729FA05E4B8F1804F3FF497ACA5
:10F07000304988457FF457AC2046294613B0BDE897
:10F08000F04F00F065BE002A00F0338102220292A8
:10F09000C2E4DFF8A4C021F00043634540F2D5800C
:10F0A000264B0B4403430AD132463B46E1F74CF86A
:10F0B00042464B46E1F786FC00283FF4F3AEDDE91B
:10F0C000060100220023E1F769FC003818BF012087
:10F0D00056E4002A7FF4C8ABB5E40024DCE400BFAA
:10F0E000FE822B654715973C00000000432EE63F4B
:10F0F000EF39FAFE422EE63F396CA80C615C20BE67
:10F10000D0A4BE726937663EF16BD2C541BDBB3E2D
:10F110002CDE25AF6A56113F93BDBE166CC1663F0B
:10F120003E5555555555C53FFFFF8F400000F0FF38
:10F130000000F03F0000E03FFFCB904000346F3F05
:10F140009A42C0F0C480009A8D4B9A424FF0000260
:10F1500000F2D7808A4BE0F7F7FF7DA3D3E90023C5
:10F1600004460D46E1F7A8F97BA3D3E90023064640
:10F170000F4620462946E1F79FF9824B8046894693
:10F18000002220462946E1F797F902460B4674A172
:10F19000D1E90001E0F7D8FF22462B46E1F78CF9D0
:10F1A00002460B4600207849E0F7CEFF2246CDE923
:10F1B00000012B4620462946E1F77EF902460B4620
:10F1C000DDE90001E1F778F967A3D3E90023E1F76E
:10F1D00073F902460B4640464946E0F7B5FF024642
:10F1E0000B4604460D4630463946E0F7AFFF002097
:10F1F00032463B4680468946E0F7A6FF02460B466C
:10F2000020462946E0F7A0FFCDE90201F4E5B8F178
:10F21000000F4FF000004FF00001BFF62BAB50463F
:10F220000BF10041FFF726BB002A7FF4BFABC1F111
:10F23000140147FA01F000FA01F1B9426ED05049C9
:10F240008F423FF447ABFFF76BBB4F4A934274D8F2
:10F25000DDE90023934692464EE622462B46484976
:10F260000020E1F753FAFFF705BB029B012B7FF467
:10F2700001AB01F100431946FFF7FCBA3CA3D3E907
:10F280000023CDE908233CA3D3E90023CDE91023D3
:10F290003E4B0022CDE904234FF480251DE4B8F154
:10F2A000000F7FF76CAB002013B0BDE8F04F00F00B
:10F2B000CBBCDDE9060100220023E1F76FFB00383B
:10F2C00018BF0120F0E7524600F026FCC7E6DDE952
:10F2D000060100220023E1F761FB003818BF01207E
:10F2E000B8F1000FBFF64CABDEE700200021FFF7BE
:10F2F000C1BAB8F1804F3FF452AB02220292FFF73D
:10F3000013BBDDE906010023E1F748FB003818BF15
:10F310000120B8F1000FC7DCFFF732BB184A974253
:10F320003FF4D8AAB8F1804F3FF439AB00F00100A8
:10F33000C0F102020292FFF7F7BA1B15A3F2FE33E7
:10F340004FF4801242FA03F3AEE500BFAFF3008042
:10F35000000000604715F73F44DF5DF80BAE543EF8
:10F36000555555555555D53FFE822B654715F73FE9
:10F370000000004003B8E23F06D0CF43EBFD4C3E17
:10F380000000F03F0000D03F0000E03F0000F83FE9
:10F3900021F00043194670472DE9F04F31F0004A43
:10F3A00087B00C46804681460DD180F480094FEA33
:10F3B000490919F5000F18D921464046E1F7CAFB63
:10F3C00007B0BDE8F08F20F0004BBBF1FF4F0D46BA
:10F3D00002D8BAF1FF4F0DD9B9F17E5FECD185F4B7
:10F3E00080056D0015F5000FE6D84FF07E5007B090
:10F3F000BDE8F08F00285F46C0F23081BAF1FF4FC0
:10F4000000F04081BAF17E5F00F07E81B1F1804F63
:10F4100000F0AA810026B5F17C5F40F05381B9F17C
:10F42000000F404680F2A58100F072FBBBF1FF4F58
:10F4300000F05D81BBF1000F00F05981BBF17E5FF0
:10F4400000F04A814FEAD973013B56EA0302009368
:10F4500000F09481BAF19A4F40F29881B04B9B45ED
:10F4600040F2E482AF4B9B4500F2EC824FF07E51BC
:10F47000E1F76EFBAC498046E1F774FCAB4981468D
:10F480004046E1F76FFC4FF07A5182464046E1F783
:10F4900069FC0146A648E1F75BFB4146E1F762FCE7
:10F4A00001464FF07C50E1F753FB4146834640460E
:10F4B000E1F758FC01465846E1F754FC9D49E1F755
:10F4C00051FC01465046E1F743FB01468046484661
:10F4D000E1F740FB20F47F6B2BF00F0B49465846B9
:10F4E000E1F736FB01464046E1F732FB25F47F6742
:10F4F000009B013E27F00F071E43804639462046F9
:10F500000CBF8D4E4FF07E56E1F722FB5946E1F7D6
:10F5100029FC214605464046E1F724FC01462846E1
:10F52000E1F718FB394605465846E1F71BFC014652
:10F5300004462846E1F70EFB0028074680460146B0
:10F5400020F0004240F33D82B2F1864F00F2CA82C1
:10F5500000F0AA82B2F17C5F00F2CC824FF000088A
:10F56000474621F47F6A2AF00F0A74495046E1F7B2
:10F57000F9FB214681465046E1F7EAFA0146284662
:10F58000E1F7E6FA6E49E1F7EDFB6E4904465046B5
:10F59000E1F7E8FB01462046E1F7DCFA04460146C4
:10F5A0004846E1F7D7FA49460546E1F7D1FA014660
:10F5B0002046E1F7CDFA294681462846E1F7D2FBFD
:10F5C00061490446E1F7CEFB6049E1F7C1FA214603
:10F5D000E1F7C8FB5E49E1F7BDFA2146E1F7C2FB5E
:10F5E0005C49E1F7B5FA2146E1F7BCFB5A49E1F77E
:10F5F000B1FA2146E1F7B6FB01462846E1F7A8FA41
:10F60000044601462846E1F7ADFB4FF080418246B3
:10F610002046E1F79DFA01465046E1F757FC49467E
:10F6200004462846E1F79EFB4946E1F793FA014676
:10F630002046E1F78DFA2946E1F78AFA01464FF0B4
:10F640007E50E1F785FA03464344B3F5000FC0F25C
:10F65000F58118463146E1F785FBB1E6BAF1974FDF
:10F6600019D2BAF17E5F1BD2B1F1804F7CD0B1F1DB
:10F670007C5F26D100F04CFABBF1FF4F3FF4A0AE07
:10F680000026D7E6BBF17E5F3FF4AFAE42D9002D36
:10F690003EDB204694E6BAF1FF4FF3D00226BAE6ED
:10F6A0004FEAEA52C2F196024AFA02F101FA02F274
:10F6B000524500F07381BAF17E5F25D0B4F1804FDE
:10F6C00052D00026404600F023FABBF1FF4F03D092
:10F6D000BBF1000F7FF4B2AE002D04DA01464FF00B
:10F6E0007E50E1F7F3FBB9F1000FBFF669AEABF165
:10F6F0007E5B5BEA060B40F05E810146E1F728FA8B
:10F700000146E1F7E3FB5BE6002D27DB404657E6C9
:10F71000002055E6002DFBDA04F1004050E600BF62
:10F72000F3FF7F3F0700803F00AAB83F70A5EC368B
:10F73000ABAAAA3E3BAAB83F000080BF0072313F8F
:10F740001872313F8CBEBF354CBB31330EEADD350C
:10F7500055B38A38610B363BABAA2A3E41464FF07F
:10F760007E50E1F7B3FB2BE641464046E1F7FAFA5B
:10F7700026E607B0BDE8F04F00F0D8BB4146404652
:10F78000E1F7E6F90146E1F7A1FB19E619F0FF4FB1
:10F7900040F04A814FF09741E1F7E4FA6FF017012A
:10F7A0000746FA157F3A0A44AF490192C7F3160398
:10F7B0008B4243F07E5707DDAC498B4240F34A81D0
:10F7C00001320192A7F50007002305934FF07E5BFD
:10F7D00004934FF0000859463846E1F7B9F9594605
:10F7E00081463846E1F7B6F901464FF07E50E1F721
:10F7F0006DFB014603904846E1F7B4FA7A1042F0F7
:10F80000005202F58022424420F47F6828F00F085D
:10F810001146BA46074640460292E1F7A3FA01466E
:10F820004846E1F795F9029A814659461046E1F7B4
:10F830008FF901465046E1F78BF94146E1F792FA1C
:10F8400001464846E1F784F9039B1946E1F78AFA35
:10F85000394683463846E1F785FA85498146E1F71E
:10F8600081FA8449E1F776F94946E1F77BFA824962
:10F87000E1F770F94946E1F775FA8049E1F76AF96D
:10F880004946E1F76FFA7E49E1F764F94946E1F745
:10F8900069FA7C49E1F75EF9494682464846E1F754
:10F8A00061FA01465046E1F75DFA41468146384625
:10F8B000E1F750F95946E1F755FA4946E1F74AF9B7
:10F8C000414682464046E1F74DFA6F490290E1F722
:10F8D00041F95146E1F73EF920F47F6929F00F091B
:10F8E00049464046E1F73EFA674980464846E1F717
:10F8F0002FF90299E1F72CF901465046E1F728F972
:10F900003946E1F72FFA494682465846E1F72AFA86
:10F9100001465046E1F71EF9834601464046E1F7AD
:10F9200019F920F47F6A2AF00F0A58495046E1F786
:10F9300019FA414681465046E1F70AF90146584610
:10F94000E1F706F95249E1F70DFA5249804650466F
:10F95000E1F708FA01464046E1F7FCF80499E1F7BF
:10F96000F9F880460198E1F7A9F9414682464846F0
:10F97000E1F7F0F8059F3946E1F7ECF85146E1F779
:10F98000E9F820F47F6B2BF00F0B51465846E1F756
:10F99000DFF83946E1F7DCF84946A1E5BAF17E5FC8
:10F9A0003FF4B2AEB4F1804F3FF4DEAE01F001019E
:10F9B000C1F1020686E6012E7FF402AD00F100409F
:10F9C000FEE4354B9A4200F297807FF4C3AD2146A6
:10F9D000E1F7BEF82946E1F777FB002840F08C807C
:10F9E00086227E3A4FF40003134143442B49C3F36C
:10F9F000C7527F3AC3F31607114147F40007C2F11B
:10FA000017021741B8F1000F01EA0301B8BF7F42A6
:10FA10002046E1F79DF8014604462846E1F79AF8AA
:10FA20004FEAC75801469CE50021BAE6002D0BDBE2
:10FA3000002007B0BDE8F04F00F082B9394600F071
:10FA400009F907E6002DF3DD002007B0BDE8F04F0F
:10FA500000F07AB9124B0593124B04934FF07F5B81
:10FA60004FF40018B7E600BF71C41C00D6B35D00A8
:10FA700042F1533E55326C3E05A38B3EABAAAA3EE3
:10FA8000B76DDB3E9A99193F000040400038763F41
:10FA90004F38763FA0C39D3600001643000080FF1C
:10FAA00000C0153FDCCFD13517492846E1F752F8A1
:10FAB000214681463846E1F74BF801464846E1F7D2
:10FAC0000DFB78B907F50043DA1510497F3A11416B
:10FAD0001940C3F31603C2F1170243F4000343FABB
:10FAE00002F795E700213046E1F7DAFA003818BF4F
:10FAF0000120AAE7D21574E700213046E1F7D0FAD9
:10FB0000003818BF012094E73CAA3833000080FF7A
:10FB100020F00040704700BF70B51646C1F30A528E
:10FB200004460D460B465ABB21F00043034326D042
:10FB30002D4B0022E0F7C0FC2C4B9E4204460D46A4
:10FB400043DBC1F30A520B46363A4CF250318E4237
:10FB50001EDC164440F2FE72964219DC002E23DCB5
:10FB600016F1350F28DB23F0FF4323F4E00336368C
:10FB700043EA065120461E4B0022E0F79DFC70BD73
:10FB800040F2FF7C6245E0D10246E0F7DFFA70BD4B
:10FB900011A3D3E90023ED0F1C4665F3DF74214662
:10FBA0001448E0F789FC70BD23F0FF4323F4E00321
:10FBB000204643EA065170BD05F0004343F0D27180
:10FBC00041F4B7310C4841F01F0105A3D3E90023EC
:10FBD000E0F772FC70BD00BF9C7500883CE4377E86
:10FBE00059F3F8C21F6EA50100005043B03CFFFF5F
:10FBF0000000903C9C75008859F3F8C2D0B50646C9
:10FC00000F46144601F070FD0346394630461C602D
:10FC1000D0BD00BF10B5044682B0104619460CB1E5
:10FC200003F10043CDE90023DDE90023E0F744FCC4
:10FC3000222202B0BDE81040FFF7E0BF00224FF0E3
:10FC40008053FFF7E7BF00BF00224FF0E043FFF70C
:10FC5000E1BF00BF10B50C4630F0004103461DD097
:10FC6000B1F1FF4F1BD210F0FF4F02461BD14FF0F6
:10FC70009841E1F777F8204A944203462CDBC0F321
:10FC8000C75102464CF250308442A1F1190110DDF7
:10FC90001A49184661F31E00E1F764F810BD0146E9
:10FCA000E0F758FF10BD4CF2503084424FEAD1517A
:10FCB000EEDC2144FE29EBDC002911DC11F1160FEA
:10FCC00013DB01F1190022F0FF424FF04C5142EAE0
:10FCD000C050E1F747F810BD0949E1F743F810BDFE
:10FCE00022F0FF4242EAC15010BD0549184661F3B7
:10FCF0001E00E1F737F810BDB03CFFFFCAF24971B2
:10FD00006042A20D38B505460C4601F0EDFC0346F5
:10FD100028461C6038BD00BF08B540B101F1004065
:10FD2000E1F720F8BDE808402221FFF7EBBF0846C5
:10FD3000E1F718F8BDE808402221FFF7E3BF00BF54
:10FD40004FF08051FFF7E8BF4FF0E041FFF7E4BF0D
:10FD50002DE9F84F724F8F4304460D4600F0B280F4
:10FD600000290B460646024655DD081500F09B802B
:10FD7000C3F31303C107A0F2FF3743F4801303D486
:10FD8000D10F01EB430352005B00002603EBD2735B
:10FD90007F1052001624B4464FF400110CEB010002
:10FDA000984203DC1B1A01EB000C0E445B00013C83
:10FDB00003EBD2734FEA51014FEA4202EED1A04663
:10FDC00020254FF000400AE039D0590001EBD271F4
:10FDD000013D0B464FEA42024FEA50003BD09C45A2
:10FDE00008EB000EF0DABEF1000F0EEB00080CDBA2
:10FDF000E146A3EB0C01964588BF01F1FF314900B4
:10FE0000CC46A2EB0E020444E0E7B8F1000FEFDBB2
:10FE10000CF10109EDE721F0004707433DD000292F
:10FE200073D1D10A153B52050029FAD0CD021846EC
:10FE300016460B4637D520244FF0FF313EE096455D
:10FE400002D94FEA4C01C1E7BEF1000F0EEB0008EA
:10FE500025DB0021D5E7114312D0DFF8C8A0DFF879
:10FE6000C8B0DAE90001DBE90023E0F76DF9DAE96F
:10FE7000008902460B4640464946E0F799FD58BBCB
:10FE80006508731003F17F53F20703F5001348BFB1
:10FE900045F0004503EB07512846BDE8F88FB8F15F
:10FEA000000FB5DAD5E700225B00DC02114602F153
:10FEB0000102F9D5C2F1200406FA02F2E640401A26
:10FEC000334355E702460B46E0F7F6FA22462B4647
:10FED000E0F73CF9BDE8F88FB4F1FF3FDAE9000143
:10FEE000DBE9002318D0E0F731F9DAE900890246AE
:10FEF0000B4640464946E0F751FD78B1A11C04F19C
:10FF0000020508BF01366D08BBE7E0F71DF90246A0
:10FF10000B46E0F7FBFBC0E70136B2E70134AFE781
:10FF20000000F07FD8010020D001002020F0004226
:10FF3000B2F1FF4F2DE9F041044654D2002A50D0CF
:10FF40000028034657DB14F0FF4F4FEAE05009D179
:10FF500014F400025BD15B001C02114602F10102A5
:10FF6000F9D5401AC3F3160242F40002C307A0F108
:10FF70007F0558BF520000246D1052004FF0190E3B
:10FF800021464FF0807C01EB0C039342DDBF03EB75
:10FF90000C016444D31A1346BEF1010E4FEA43022A
:10FFA0004FEA5C0CEFD1BBB11A4E1B4F3068396879
:10FFB000D6F80080E0F7CCFD01464046E1F77AF83C
:10FFC00050B1306839683668E0F7C4FD0146304604
:10FFD000E1F766F8B8B10234601000F17C5000EB34
:10FFE000C550BDE8F0810146E0F7BCFE2146E0F7D0
:10FFF000B1FDBDE8F0810146E0F7AAFD0146E0F75A
:020000040802F0
:1000000065FFBDE8F081013424F00104E4E74FF01E
:10001000FF31A6E7E4010020E001002008B506203A
:1000200001F0F0FA0120E6F755FF002100F084BF4F
:100030000A22002101F062B8024B0146186800F064
:100040002DB800BF60030020024B0146186801F084
:10005000B7BB00BF6003002070B50F4E0C4631687F
:10006000054611B901F01EFB30602146284601F01B
:1000700019FB431C03D14FF0FF34204670BDC41C54
:1000800024F00304A042F8D0211A284601F00AFB0C
:100090000130F2D1EFE700BF1C3600202DE9F84314
:1000A000CD1C25F0030508350C2D38BF0C25002D7F
:1000B000064601DBA94204D90C2333600020BDE8C9
:1000C000F883DFF8D48000F069F8D8F800301C46D7
:1000D00044BB29463046FFF7BFFF431C044658D1B6
:1000E000D8F800402746002F43D1002C4BD023687E
:1000F0003946304604EB030901F0D4FA814542D178
:1001000021686D1A29463046FFF7A6FF01303AD024
:1001100023682B442360D8F800305A6862BBC8F8C3
:1001200000700FE02268521B20D40B2A17D96119E6
:10013000A342256018BF5960636808BFC8F8001063
:1001400062514B60304600F02FF804F10B00231D84
:1001500020F00700C21A1CBF1B1AA350AFE7626849
:10016000A3420CBFC8F800205A60EBE7234664683E
:10017000AEE73C467F68B6E71A465B68A342FBD110
:1001800000235360DEE70C233360304600F00CF8A8
:1001900094E70560D6E700BF20360020014801F053
:1001A000CEBA00BF64370020014801F0C9BA00BFD1
:1001B0006437002038B5104B1D682B6B0446B3B96B
:1001C0001820FFF739FF0246286320B90B4B0C4873
:1001D000462101F0D7FA0B490B4BC0E900130B4B3A
:1001E00083600B23838100210120C2E904012B6B72
:1001F00000221C615A6138BD6003002003DB020845
:100200001ADB02080E33CDAB34126DE6ECDE0500CE
:10021000164B10B51C68236BB3B91820FFF70CFF01
:100220000246206320B9124B1248522101F0AAFA6B
:100230001149124BC0E90013114B83600B238381DA
:1002400000210120C2E90401216B0E480B694C69B1
:100250000D4A584302FB0400A3FB0232013340EB7A
:100260000200C1E9043020F0004010BD600300200E
:1002700003DB02081ADB02080E33CDAB34126DE645
:10028000ECDE05002DF451582D7F954C024B0A46AB
:100290000146186800F002B8600300202DE9F04123
:1002A000804615460C4621B9BDE8F0411146FFF7DE
:1002B000F5BE2AB901F084FA00242046BDE8F08199
:1002C00002F0BEFA8542064602D8B5EB500FF4D8CC
:1002D00029464046FFF7E2FE07460028ECD0B5422B
:1002E0002A46214628BF324601F033FA21464046CD
:1002F00001F066FA3C46E0E72DE9F0410F469046F2
:1003000002F068F904460D46B8F1000F11D0C7F3AA
:100310000A53C3F16B03002B0BDD1B0503F17F5563
:10032000002405F5401522462B46E0F7C5F80446A3
:100330000D4620462946BDE8F0810000000000007F
:100340002DE9F04F9DB082460E92002218920C4685
:100350004FF000084FF000090A46179211782B2938
:100360003BD02CD80D2926D8082926D800292FD0F3
:1003700000220C92179D2A78302A7BD16A7802F0ED
:10038000DF02582A6CD102930C9B019318AB0093A7
:10039000884A19AB17A9504601F0C2FA10F00F06AF
:1003A00004463ED0062E1AD10E9B0BB101351D60BE
:1003B0004046494640E02029DAD10132CDE72D29D7
:1003C000D6D101210C91511C17915278002AD1D11C
:1003D0000E9B002BECD01C60EAE70021F2E7189A94
:1003E0003AB135211AA802F0E7F91899504601F000
:1003F000BBFD013E199A042E06D8DFE806F0200363
:10040000292C2000DDE91A89E10548BF49F000499F
:1004100029F000431B0D1B051BB901F065F92223D0
:1004200003600E9B13B10E9A179B13600C9B002B5D
:10043000BED0404609F100411DB0BDE8F08FDDE9B6
:100440001A8302F2334223F4801343EA0259DBE7B2
:10045000DFF86491D8E76FF000494FF0FF38D3E739
:10046000179B5A1C17925B78302BF9D0002BD8D0F1
:10047000012300E000230027CDE905770493179BB3
:100480000A930A2217980578A5F13003D9B20929F1
:1004900024D94A49012201F042F800282DD0002039
:1004A0002A46059D83460346652A01D0452A13D175
:1004B0001DB9049A02438BD00025179C621C179229
:1004C00062782B2A6DD02D2A71D04FF0000CA2F14A
:1004D0003001092978D91794002696E00599082952
:1004E000DDBF069902FB0133069302FB0737059B2C
:1004F0000130013305931790C4E7179B5A1C1792DC
:100500005A78059BABB383461D46A2F13003092BF5
:1005100012D90123C8E7179B5A1C17925A78013049
:10052000302AF8D0A2F13103082B00F2EA84179B9D
:100530000A93834600200546303A00F1010312D0A9
:100540009B4400EB050C2B460A219C4513D12B182C
:10055000082B05F10105054419DC06990A2303FB64
:10056000012306930023179A511C179152781846BD
:10057000CBE70598D4E7082B03F1010303DC069EC3
:100580004E430696E1E7102BD8BF4F43DDE70F2B14
:10059000DCBF0A2303FB0727E4E74FF0000B01232E
:1005A00087E74FF0000CA21C1792A2788FE74FF05C
:1005B000010CF8E7B0DB02080000F07FF35F0208EF
:1005C000179A511C17915278302AF9D0A2F13101B3
:1005D000082981D8303A0792179A0D92179A561C1B
:1005E00017965278A2F1300EBEF1090F38D90D9945
:1005F000761A082E44F61F6603DC07998E42A8BFC0
:100600000E46BCF1000F00D07642002D4FD1049968
:1006100008437FF406AF002B7FF4DAAE692A29D0B5
:1006200026DC492A26D04E2A7FF4D2AE9C4917A850
:1006300001F098FB00283FF4CBAE179B1B78282BCA
:100640002FD198491AAA17A801F0A0FB052828D194
:100650001B9BDDF8688043F0FF4949F4E009E0E6C0
:10066000079E0A2101FB0621A1F130020792B5E79E
:100670006E2AD9E78C4917A801F074FB00283FF4D3
:10068000A7AE179B8949013B17A8179301F06AFB96
:1006900010B9179B01331793DFF814924FF000083D
:1006A000BFE6844801F064F880468946B9E6A6EBC7
:1006B0000B030F93059B0698002B08BF2B46102DAC
:1006C00005932C46A8BF1024DFF77CFE092D804639
:1006D000894614DCA6EB0B03002B3FF4A2AEA6EB7D
:1006E0000B0379DD162B45DC0F9B734901EBC3012E
:1006F000D1E9000142464B46DFF7DEFED4E76E4B00
:1007000003EBC40353E91223DFF7D6FE80463846D5
:100710008946DFF757FE02460B4640464946DFF75B
:1007200015FD0F2D80468946D4DD2C1BA6EB0B034F
:100730001C44002C26DC00F0A380644214F00F025D
:100740000AD05D4B03EBC20340464946D3E9002380
:10075000DFF7DCFF80468946241100F091801F2CD2
:1007600040F3B28022234FF000084FF00009CAF88E
:10077000003056E6C5F12503A6EB0B02934219DAC9
:100780002C1B144414F00F030AD04B4901EBC30196
:1007900042464B46D1E90001DFF78EFE804689468E
:1007A00034F00F046CD0B4F59A7F41DD2223CAF8EF
:1007B000003071E7404CC5F10F0504EBC50142461E
:1007C0004B46D1E90001DFF777FE0F9B5D1B04EB81
:1007D000C504D4E900238FE71633A6DB364BABEB19
:1007E000060203EBC203D3E9002340464946DFF784
:1007F0008DFF59E7002306932223DFF8B490CAF84F
:1008000000304FF000081899504601F0ADFB0699F2
:10081000504601F0A9FB0599504601F0A5FB10993F
:10082000504601F0A1FB0799504601F09DFBF8E509
:100830000023224F0493241140464946012C22DC18
:100840000BB180468946049B1C49A9F1547901EB00
:10085000C30142464B46D1E90001DFF72DFE144BA0
:100860000A460B4016498B4280469FD8A1F580115D
:100870008B4286BFDFF84C904FF0FF3802F154797D
:10088000002304934BE0E20704D5D7E90023DFF708
:1008900013FE0123049A0132049264100837CDE755
:1008A00098DB02089CDB02088FDB020892DB02085F
:1008B0000000F07F5354020870DE020848DE020890
:1008C0000000A07CFFFFEF7F14F0100318BF6A2325
:1008D000AB4F0493404649460023E20704D5D7E9CD
:1008E0000023DFF7E9FD0123641007F10807F4D1C5
:1008F0000BB180468946049B43B1C9F30A52C2F149
:100900006B03002B494650DC6A230493002200232A
:1009100040464946E0F738F800287FF423AF069BAD
:100920000093059A0A992B46504601F085FB1090DA
:1009300000283FF43BAF0F9BABEB060B002BB4BF83
:100940005B46002311930F9B23EAE3731593002367
:1009500007930593109B5046596801F0C5FA06901D
:1009600000283FF449AF109B1A69023203F10C01D1
:1009700092000C3000F0EDFE1AAB019319AB00931E
:1009800042464B465046CDE90A8901F08DFE18904B
:1009900000283FF431AF0121504601F0E7FB0590FC
:1009A0000346D0B90023059326E71F2B0EDD342B19
:1009B000DEBF4FF0FF33C2F14B0293404FF000080F
:1009C000CCBF4FF05C7903EA01099DE74FF0FF329D
:1009D00002FA03F303EA080896E7199C1A9A002C16
:1009E000ABBF119B159B159E119FACBFE7181E1B3B
:1009F000049BE41A1444634B013C9C42C2F136024E
:100A000080F2B2801B1B1F2BC2BFC4F17F4404F5D0
:100A10007F0404F57B444FF00105C8BFE234A2EB2C
:100A20000302DABF9D40002405FA04F407EB020B31
:100A3000049B5F4516441E443B46A8BF5B46B34239
:100A4000A8BF3346002BC2BFABEB030BF61AFF1A4D
:100A5000119B002B16DD05991A46504601F046FC05
:100A6000059000289ED00146189A504601F094FB4C
:100A70000D9000283FF4C0AE1899504601F074FA6A
:100A80000D9B1893BBF1000F71DC0F9B002B08DD51
:100A9000159A0699504601F029FC069000283FF46B
:100AA000A9AE002E08DD06993246504601F078FCCA
:100AB000069000283FF49EAE002F08DD05993A46C7
:100AC000504601F06DFC059000283FF495AE069A63
:100AD0001899504601F0ECFC079000283FF48CAECA
:100AE000C3680D9300230599C36001F0C5FC00287D
:100AF0004ADA0D9B53EA080340F0BC80C9F31303A4
:100B0000002B40F0B78029F000431B0D1B05B3F10B
:100B1000D66F40F2AF80079B5B6923B9079B1B69C7
:100B2000012B40F3A78007990122504601F038FCC1
:100B30000599079001F0A0FC002840F39B8029F064
:100B40000043049A1B0D1B05002A79D0B3F1D66F20
:100B50006DD8B3F15C7F45D84FF000084FF0000925
:100B60002223CAF800304EE6002401255EE71899DA
:100B70005A46504601F014FC1890002885D13BE6F7
:100B8000C8DB020802FCFFFFCB4640F0A4800D9AB0
:100B9000C9F31303002A41D0974A934259D1049BC9
:100BA00042467BB9B8F1FF3F40F08A80934B9945AC
:100BB0003FF422AE924BDDF8108009EA030303F5FF
:100BC000801920E68E4B09EA0303B3F1D46F17D9DD
:100BD00018F101011CD1894A91453FF40DAE03F58E
:100BE00080198046874B404649460022DFF764FC67
:100BF000834B0B4080468946002B7FF404AEAFE761
:100C00001E0DC6F16B064FF0FF31B1408845E6D0AE
:100C1000002C5ED014EA0B0FE4D01EE0002B4AD16A
:100C2000B8F1000F8BD064B314EA0B0F2BE0A3F5DF
:100C300080136FEA13596FEA09594FF0FF38D1E773
:100C4000A3F580136FEA13596FEA09594FF0FF3883
:100C5000D9E59CB114EA090F0CD0049A40464946E4
:100C6000FFF74AFB02460B46DDE90A01DFF76EFAA1
:100C700080468946049B002BB4D1C4E515EA080FD1
:100C8000EAE718EA050FF5D0049A40464946FFF70F
:100C900033FB02460B46DDE90A01DFF755FA002275
:100CA000002304460D46DFF76FFE00287FF454AFA3
:100CB000A046A946DEE7002CB6D115EA080FE2E708
:100CC00024B114EA090F3FF49EADC6E718EA050FF8
:100CD000F9E72A42A0E70599079801F03DFD0022B7
:100CE0004FF0804304460D46DFF762FE00286DD0CA
:100CF0000D9B002B78D1B8F1000F56D1C9F3130327
:100D0000002B59D1404B002220462946DFF746FEF2
:100D1000002858D1204629463C4B0022DFF7CCFB67
:100D200004460D4605F1004308940993344B344AB8
:100D30000BEA03031493364B0BEA02029A42DDE9F5
:100D4000086740F09F80ABF154794046494601F076
:100D500041FCDDE90823DFF7AFFB42464B46DFF7F6
:100D6000F5F90B4626492B4A19409142804655D940
:100D70000B9A224B9A4203D10A9B01333FF43CADBC
:100D8000DFF878904FF0FF381899504601F0ECF8F2
:100D90000699504601F0E8F80599504601F0E4F84C
:100DA0000799504601F0E0F8D4E5B8F1010F03D1FE
:100DB000B9F1000F3FF4D0AE174C134D0023CDE92D
:100DC00008340024B2E7114D0024ABE70F4B204656
:100DD00029460022DFF770FB0D9B04460D46002BD1
:100DE000A0D0CDE90845A1E7074C0023CDE90834A0
:100DF00025461C469AE700BFFFFF0F00FFFFEF7F6D
:100E00000000F07F000050390000F03F0000E03F9C
:100E10000000E07FFFFF9F7C0000F0BF03F15479EA
:100E2000049B4E46002BAFD129F00043149A1B0DB2
:100E30001B059A42A8D12046294602F02DFBDFF778
:100E40000DFB0B46024629462046DFF77DF9C9F324
:100E500013060D9B46EA08061E4304460D464AD07B
:100E60002DA3D3E90023DFF799FD00287FF4CBAC55
:100E70002BA3D3E9002320462946DFF7ADFD002848
:100E800082D0C0E4049B13B3149BB3F1D46F1ED87B
:100E900025A3D3E9002320462946DFF789FD90B139
:100EA00029462046DFF7E0FD012838BF0120DFF7A3
:100EB00089FA0D9B04460D46D3B901F10043129007
:100EC0001393DDE91267149A07F1D6639F1ADDE9DF
:100ED0000A0101F07FFB02460B4630463946DFF738
:100EE000EBFADDE90A23DFF731F98046894697E717
:100EF000CDE91245E5E70EA3D3E90023DFF74EFD68
:100F0000BDE7652A3FF449AB452A3FF446AB0123D0
:100F1000FFF77DBBAFF300809535A094FFFFDF3F67
:100F200035E5AF350000E03F0000C0FFFFFFDF41C7
:100F30009535A094FFFFCF3F0A4601460248034B78
:100F40000068FFF7FDB900BF60030020F401002036
:100F50002DE9F843244D254B0A4601462868FFF742
:100F6000EFF902460B4606460F46DFF73FFD68B134
:100F7000002F1F4806DA00F001FC00F10044204673
:100F8000BDE8F883BDE8F84300F0F8BB39463046C9
:100F9000DFF78AFD20F00048044616494046E0F796
:100FA000A7F8B0B913494046E0F784F888B927F0AC
:100FB0000049114B4FF0FF3230464946DFF716FD2E
:100FC00070B90D4B4FF0FF3230464946DFF7F0FC69
:100FD00030B914F0FF4FD2D1084B3B40002BCED09C
:100FE0002B6822221A60CAE760030020F401002067
:100FF00053540208FFFF7F7FFFFFEF7F0000F07F69
:10100000242B2DE9F0478646904601D8012B06D1C6
:1010100000F06AFB162303600020BDE8F087364825
:101020000D462A4615F8014B065D16F00806F8D164
:101030002D2C24D12C780126951C2BBB302C30D0A4
:101040000A2306F1004C0CF1FF3C0022BCFBF3F933
:10105000104603FB19CAA4F13007092F28D83C46D3
:10106000A34234DD571C07D081452DD301D1A245C1
:101070002ADB00FB0340012215F8014BEBE72B2C88
:1010800004BF2C78951CD8E7102BDAD1302CD8D19E
:101090002A7802F0DF02582AD3D16C781023023567
:1010A000CFE72B7803F0DF03582BF6D00823C8E7EF
:1010B000A4F14107192F01D8373CD1E7A4F161070A
:1010C000192F04D8573CCBE74FF0FF32D4E7531C1D
:1010D00008D12223CEF800306046B8F1000F9CD032
:1010E000691E06E006B14042B8F1000F95D0002A13
:1010F000F6D1C8F8001090E7F1DB020813460A4663
:10110000014602480068FFF77BBF00BF6003002074
:10111000002310B50446C0E90033C0E904338360FE
:1011200081814366C2818361194608225C3000F0E8
:10113000D0F90D4B63620D4BA3620D4BE3620D4B77
:1011400023630D4B24629C4206D003F16802944253
:1011500002D0D0339C4205D104F15800BDE81040C4
:1011600000F0ECBA10BD00BF3D1302085F13020887
:1011700097130208BB13020824360020024A0349D1
:10118000034800F069B800BFE80100204D2F0208B5
:101190006403002041680C4B994210B5044601D00D
:1011A00001F0D4FEA168094B994202D0204601F01B
:1011B000CDFEE168064B994204D02046BDE81040C0
:1011C00001F0C4BE10BD00BF243600208C360020C4
:1011D000F436002010B50B4B0B4C0C4A1A6020461D
:1011E00000220421FFF794FF04F168000122092185
:1011F000FFF78EFF04F1D0000222BDE8104012215B
:10120000FFF786BF5C370020243600207D110208DE
:10121000014800F094BA00BF65370020014800F093
:101220008FBA00BF6537002010B50446FFF7F0FF06
:10123000236A1BB1BDE81040FFF7F0BF044B2362E7
:10124000044B1B68002BF5D1FFF7C4FFF2E700BF8A
:10125000951102085C3700202DE9F84307468846BF
:1012600014460026D4E90195B9F1010905D5246891
:10127000002CF7D13046BDE8F883AB89012B07D9A4
:10128000B5F90E30013303D029463846C04706432E
:101290006835E9E70CB430B5174B0C1E1D689DB0DE
:1012A00008DA8B232B604FF0FF301DB0BDE83040D3
:1012B00002B070474FF40273ADF8143014BF04F15C
:1012C000FF332346049307934FF6FF730290069073
:1012D000ADF81630209A21AB02A92846019301F0FF
:1012E0001FFB431CBCBF8B232B60002CDDD0029B5B
:1012F00000221A70D9E700BF600300200EB400B5C9
:101300009CB01DAB029006906FF000410948079118
:101310000491094953F8042B05910068019302A92F
:1013200001F0FEFA029B00221A701CB05DF804EB7B
:1013300003B07047600300200802FFFF10B50C46A1
:10134000B1F90E1000F088F90028ABBF636DA389D6
:101350001B1823F48053ACBF6365A38110BD2DE936
:10136000F0411F468B89DB0505460C46164605D520
:10137000B1F90E100223002200F05CF9A389B4F940
:101380000E1023F48053A38132463B462846BDE825
:10139000F04100F097B910B50C46B1F90E1000F00D
:1013A00049F9431CA38915BF606523F4805343F4B6
:1013B0008053A38118BFA38110BDB1F90E1000F0B6
:1013C00029B9F0B5ADF5057D0E4604AF4FF40071B7
:1013D000039100933946134603AA054600F020F80E
:1013E000044680B10246039B3146284600F06AF964
:1013F000BC42039003D02146284600F0E1F903984F
:101400000DF5057DF0BD4FF0FF30F9E713460A46B4
:10141000014602480068FFF7D4BF00BF6003002008
:1014200030B515469BB02C681A46D9B1002C19D09E
:101430004FF4C16300910491ADF80C30214619DBE3
:101440004FF6FF7302910591ADF80E3069461E9B71
:1014500001F066FA00280FDB009B286000221A705A
:1014600004980AE000214FF42273ADF80C3000918B
:101470000491E5E78B23036000201BB030BD10B55D
:1014800001390244904201D1002005E0037811F8AF
:10149000014FA34201D0181B10BD0130F2E7884272
:1014A00010B501EB020402D98442234607D8431E3B
:1014B000A14208D011F8012B03F8012FF8E70244EC
:1014C00001468A4200D110BD13F8014D02F8014DCA
:1014D000F7E702440346934200D1704703F8011B2B
:1014E000F9E7C9B20346184613F8012B12B18A4234
:1014F000F9D17047002918BF0020704770B5034626
:101500001E4613F8014B44B14A1E01E0A54204D027
:1015100012F8015F002DF9D1F2E7301A70BD10B555
:101520006AB10139841810F8012B11F8013F9A4271
:1015300003D1A04201D0002AF5D1D01A10BD104627
:10154000FCE710B50139034632B111F8014F03F839
:10155000014B013A002CF7D11A440021934200D1EB
:1015600010BD03F8011BF9E738B511F0FF0403467D
:101570000ED12146BDE83840FFF7B3BF431C0546F6
:1015800021461846FFF7ADFF0028F7D1284638BDA1
:101590000025F5E770B503461E4613F8014B3CB134
:1015A0004A1E01E0A542F7D012F8015F002DF9D1E3
:1015B000301A70BD1F2938B505460C4604D91623CC
:1015C00003604FF0FF3038BDC26B12B152F82130CA
:1015D0004BB9284600F064F8224601462846BDE88B
:1015E000384000F04BB8012B0AD0591C03D1162308
:1015F00003600120E7E7002142F8241020469847C5
:101600000020E0E7024B01461868FFF7D3BF00BF98
:101610006003002038B5064D0023044608462B60C1
:10162000E5F74AFC431C02D12B6803B1236038BDA7
:101630006037002038B5074D0446084611460022A1
:101640002A601A46E5F742FC431C02D12B6803B11D
:10165000236038BD6037002038B5074D0446084682
:10166000114600222A601A46E5F732FC431C02D1DB
:101670002B6803B1236038BD6037002038B5074DB3
:1016800000230446084611462B60E5F725FC431C61
:1016900002D12B6803B1236038BD00BF6037002042
:1016A000E5F722BC38B5064D0023044608462B60FA
:1016B000E5F7E4FB431C02D12B6803B1236038BD7E
:1016C0006037002038B5074D044608461146002211
:1016D0002A601A46FBF788FE431C02D12B6803B12F
:1016E000236038BD60370020014B1868704700BF89
:1016F0006003002070B50D4D0D4C641BA410002636
:10170000A64209D10B4D0C4C01F0FCFE641BA41049
:101710000026A64205D170BD55F8043B9847013616
:10172000EEE755F8043B98470136F2E774DF02080C
:1017300074DF020874DF0208ACDF020870477047EC
:101740007047034611F8012B03F8012B002AF9D149
:1017500070470A44914200F1FF3300D1704710B541
:1017600011F8014B03F8014F9142F9D110BD00006F
:1017700001490020704700BF0000F87F0048704713
:101780000000C07F1FB514461A46094B1B6805466A
:10179000D86854B9074B1C46CDE9013400912B465B
:1017A000054901F0FBFBFEF739FC044BF4E700BFF1
:1017B000600300205354020804DD0208F7DC02082D
:1017C00038B50546002941D051F8043C0C1F002BC8
:1017D000B8BFE418FEF7E2FC1D4A136833B9636032
:1017E00014602846BDE83840FEF7DEBCA34208D9A5
:1017F000206821188B4201BF19685B6809182160B5
:10180000EDE71A465B680BB1A342FAD9116850188C
:10181000A0420BD120680144501883421160E0D1EE
:1018200018685B68536008441060DAE702D90C233B
:101830002B60D6E7206821188B4204BF19685B68CB
:10184000636004BF091821605460CAE738BD00BF57
:10185000203600200369B3EB611F2DE9F0434FEA06
:10186000611204DC002303610023436130E000F1D6
:10187000140411F01F0104EB830604EB82050CD164
:1018800000F110072946B14230D39B1A9B00EA1E93
:10189000964238BF0023234415E054F82270C1F16A
:1018A0002008CF4005F1040EA1467645F44611D834
:1018B0009A1A9200043A0135AE4238BF0022A318AA
:1018C000A75007B104331A1B9210A3420261CBD078
:1018D000BDE8F083DCF800C00CFA08FC4CEA07070E
:1018E00049F8047B5EF8047BCF40DEE751F804CB77
:1018F00047F804CFC7E7A0F13003092B02D82038FE
:10190000C0B27047A0F16103052B01D84738F7E753
:10191000A0F14103052B01D82738F1E700207047DB
:101920002DE9F04F85B08A4602930B6801909046EE
:101930009C1CA14614F8010B3028FAD0A9EB030334
:10194000A3F1020BFFF7D7FF0546002868D1A04995
:1019500001224846FFF7E3FD0746002867D199F8C2
:1019600001002646FFF7C7FF002862D023461878FB
:101970003028994603F10103F9D0FFF7BCFFB0FA14
:1019800080F56D094FF0010B4A461646013230785A
:10199000FFF7B1FF0028F8D18D4901223046FFF74B
:1019A000BEFD00283FD144B9741C224616460132C0
:1019B0003078FFF7A0FF0028F8D1A41BA7003378E8
:1019C00003F0DF03502B3ED173782B2B33D02D2B1C
:1019D00034D0711C00240878FFF78DFF431EDBB262
:1019E000182B30D8A0F1100211F8010FFFF783FF78
:1019F00000F1FF3C5FFA8CFCBCF1180F4FF00A03BA
:101A00001ED904B152421744CAF80010EDB1BBF11F
:101A1000000F0CBF06250025284605B0BDE8F08F55
:101A200000252C46B0E7002CC7D12746C7E74E4615
:101A30002F460125C3E70024B11CCCE70124FBE7B6
:101A400003FB0200CEE73146DEE7A6EB0903013BCC
:101A50002946072B0ADC019800F046FA044640B9F3
:101A60005C4B0246E4215C48FFF78CFE01315B10C1
:101A7000EFE700F1140A002355469B46B14537D3E2
:101A800045F804BBA5EB0A05AD102561584600F0EA
:101A90001DFB6D01D8F800602D1AB54254DDAD1B59
:101AA0002946204600F0ABFE814678B16B1E5911E5
:101AB00003F01F025AF821104FF0010909FA02F24F
:101AC0000A4203D04B4536DC4FF002092946204636
:101AD000FFF7C0FE2F44D8F80830BB4242DA019825
:101AE000214600F041FA0E9A00231360A32593E7E4
:101AF00016F8012D2E2A12D0202B04D145F804BB54
:101B00004FF0000B5B4630780393FFF7F4FE039B26
:101B100000F00F0098404BEA000B0433AEE7B145EC
:101B2000EAD82B49039301223046FFF7F8FC039BC8
:101B30000028E1D1A2E7A91E204600F060FE00289F
:101B4000C2D04FF00309C1E709DA751B214601989D
:101B50002A4600F025FC7F1B044600F1140A4FF0D2
:101B60000009B8E7D8F80450BD426FDDED1BAE4266
:101B700034DCD8F80C30022B22D0032B24D0012BDC
:101B800015D1AE4213D1012E0BD1029AD8F80430F0
:101B9000136001232361CAF800300E9B62251C608C
:101BA0003AE7711E204600F02AFE0028EDD1019888
:101BB000214600F0D9F90E9A0023136050252BE737
:101BC0000F9B002BF3D1E0E70F9B002BDDD1EEE75D
:101BD000F35F020833DD020844DD02086F1EB9F12D
:101BE000000F30D127B13946204600F008FE81466B
:101BF0007A1101235AF8222007F01F07BB40134235
:101C00002946204618BF49F00209FFF723FED8F8FD
:101C10000470761B0225B9F1000F47D0D8F80C30BC
:101C2000022B15D0032B17D0012B09D119F0020F6D
:101C300006D0DAF8003049EA030919F0010F0ED195
:101C400045F0100532E04FF00109D1E70125E2E748
:101C50000F9BC3F101030F930F9B002BF0D0D4F81F
:101C600010B004F114034FEA8B0A03EB8B014FF021
:101C7000000C184653F8042BB2F1FF3F1BD0013281
:101C80000260022D04F114033CD1D8F80020013A7F
:101C9000B24209D17111012253F8213006F01F061A
:101CA00002FA06F61E423AD145F020050E9B1C6052
:101CB000029B1F60B0E6994243F804CCD9D8A368D0
:101CC0009B4517DB61680198013100F00DF98146F1
:101CD00018B91A4B02468421C5E62269023204F182
:101CE0000C0192000C30FFF734FD2146019800F002
:101CF0003BF94C4623695A1C04EB83032261012201
:101D00005A61BEE722695A450BDD01212046FFF7E3
:101D1000A1FDD8F808300137BB42FFF6E0AE01253F
:101D2000C2E716F01F06FAD05344C6F1200653F856
:101D3000040C00F0CBF9B042E7DBF0E733DD02083A
:101D4000C2F10802920070B5C2F12006436804682F
:101D500003FA06F52C43D340046040F8043F884260
:101D6000F4D370BD30B50368013311F8014B14B9D9
:101D70000360012030BD13F8012BA2F14105192D9C
:101D800098BF2032A242F0D00020F3E72DE9F04FB7
:101D90000B6801685E1102EB860613F01F0387B023
:101DA00018BF04360025371F82469046019346F837
:101DB000045CB9463C460295AB464A784B1C0393FB
:101DC00042B3104605910492FFF795FD002851D1CA
:101DD000049A0599202A18D8029B9B4513DD4C458F
:101DE00006D2072D04DC2A4649462046FFF7A8FF05
:101DF000444552D90023A4F1040944F8043CCDF829
:101E000008B04C461D460399D7E7292A57D102311D
:101E1000CAF80010BBF1000F51D04C4506D2072D77
:101E200004DC2A4649462046FFF78AFF444536D956
:101E3000A8F10402234653F8041B42F8041F9F42F2
:101E4000F9D23B1B23F0030304330134033EB442B5
:101E500088BF04234344002243F8042B9F42FBD253
:101E60003B681BB9474528D101233B60052007B0DB
:101E7000BDE8F08F0135082D0BF1010B06DD44455F
:101E8000C1D9002344F8043C0125043C226800F039
:101E90000F0040EA02102060B5E70825B3E7019B78
:101EA000002BDDD0C3F120034FF0FF32DA4056F8AB
:101EB000043C134046F8043CD2E7043FD0E704203A
:101EC000D5E782B001B901A942B14BB113780B60DB
:101ED0001278101E18BF012002B070471046FBE7B1
:101EE0006FF00100F8E7000070B5C66904460D46C2
:101EF00076B91020FEF7A0F80246E06120B9184B31
:101F000018486B21FFF73EFCC0E901660660C66019
:101F1000E669F36883B1E369DB6853F82500B8B973
:101F2000012101FA05F6721D9200204601F048F8E1
:101F300060B1C0E901560EE021220421204601F0E3
:101F40003FF8E369F060DB68002BE4D1002070BD4E
:101F5000026843F825200023C0E90333F7E700BFF8
:101F600003DB0208C1DD020870B5C66905460C46F0
:101F700076B91020FEF760F80246E86120B9094BF7
:101F800009488F21FFF7FEFBC0E901660660C660C5
:101F90003CB1EB696268DB6853F82210216043F8BA
:101FA000224070BD03DB0208C1DD02082DE9F041CB
:101FB0000D6907460C461E4601F1140C0020DCF8A2
:101FC000003099B202FB01611E0C0B0C02FB0633C0
:101FD00089B2013001EB034185424CF8041B4FEA02
:101FE0001346ECDC0EB3A368AB4219DC61683846DB
:101FF0000131FFF779FF804628B902460C4B0D48A6
:10200000BA21FFF7BFFB2269023204F10C019200F2
:102010000C30FFF79EFB21463846FFF7A5FF4446EC
:1020200004EB850301355E6125612046BDE8F08142
:1020300033DD0208C1DD02082DE9F8430C461546E0
:102040001F4609220833064693FBF2F300210122C2
:102050009A4209DB3046FFF747FF40B90246194B69
:102060001948D321FFF78EFB52000131F0E7089B9E
:102070004361092D4FF00103036116DD04F10909E5
:10208000C8462C4418F8013B0146303B0A22304632
:10209000FFF78CFFA045F5D1A5F108044C442D1B9A
:1020A0006319BB4204DBBDE8F8830A340925F6E76F
:1020B00014F8013B0146303B0A223046FFF776FF19
:1020C000EEE700BF33DD0208C1DD0208B0F5803F56
:1020D000034636BF030400201020B3F1807F3CBFCD
:1020E0001B020830B3F1805F3CBF1B010430B3F129
:1020F000804F03D3002B0ADB013070479B0001D5D2
:10210000023070475B0001D50330704720207047D4
:102110000368024613F007000BD0D90721D49807B3
:1021200049BF5B089B08012013605CBF136002205D
:10213000704799B209B91B0C1020D9B209B90830FF
:102140001B0A190704BF1B090430990704BF9B0829
:102150000230D90703D45B0800F1010003D01360FB
:1021600070470020704720207047000010B50C46D3
:102170000121FFF7B9FE024628B9054B054840F298
:102180004511FFF7FFFA01234461036110BD00BF51
:1021900033DD0208C1DD02082DE9F04F14460A695B
:1021A00023699A42A8BF23460F46A4BF0C461F4688
:1021B000D4F810A0D7F81090A36861680AEB09065C
:1021C000B34285B0B8BF0131FFF78EFE30B9024689
:1021D000444B45484FF4B171FFF7D4FA00F11405B0
:1021E00005EB86082B460022434521D307F1140155
:1021F00004F1140202EB8A0201EB89030293131B20
:10220000153B23F00303043304F11507BA4238BF2A
:1022100004230193029B03918B420CD8002E03DD13
:1022200058F8043D002B5AD0066105B0BDE8F08F88
:1022300043F8042BD8E7B1F800A0BAF1000F23D07F
:1022400004F1140EA9464FF0000C5EF8047BD9F897
:1022500000301FFA87FB9BB20AFB0B336344D9F8AB
:1022600000C03F0C4FEA1C4C0AFB07C707EB1347A3
:102270009BB243EA0743724549F8043B4FEA174CC7
:10228000E3D8019B45F803C0039BB3F802900431E7
:10229000B9F1000F21D02B6804F1140CAE464FF0B9
:1022A000000ABCF800B0BEF8027009FB0B77574477
:1022B0009BB243EA07434EF8043B5CF8043B4FEA09
:1022C000134ABEF8003009FB0A3303EB174362459B
:1022D0004FEA134AE5D8019FEB5104359AE7013ED6
:1022E0009CE700BF33DD0208C1DD02082DE9F84399
:1022F000154612F0030207460E4607D0254C013A58
:10230000002354F82220FFF751FE0646AD103DD0C1
:10231000FC697CB91020FDF78FFE0246F86128B9F0
:102320001D4B1E4840F2B311FFF72CFAC0E90144DF
:102330000460C460D7F81C80D8F808404CB940F25B
:1023400071213846FFF712FF0023C8F80800044641
:1023500003604FF00009EB070AD5314622463846A4
:10236000FFF71AFF314680463846FFF7FDFD464627
:102370006D100BD0206838B9224621463846FFF749
:102380000BFF2060C0F800900446E4E73046BDE84B
:10239000F88300BF38DE020803DB0208C1DD020853
:1023A0002DE9F0470C464968236903EB6218A368DE
:1023B000074691464FEA621A08F10106B3420BDB69
:1023C0003846FFF791FD054648B90246284B294893
:1023D0004FF4EF71FFF7D6F901315B00EEE7002310
:1023E00000F1140100F110021846534533DB206957
:1023F0002AEAEA7A04F1140319F01F0901EB8A01B1
:1024000003EB800C2BD0C9F1200E8A4600221868FD
:1024100000FA09F010434AF8040B53F8042B9C45CA
:1024200022FA0EF2F3D8ACEB0403153B23F00303BE
:10243000043304F11500844538BF0423CA500AB19F
:1024400008F10206013E38462E612146FFF78CFD59
:102450002846BDE8F08742F8040F0133C5E7043988
:1024600053F8042B41F8042F9C45F9D8EAE700BF44
:1024700033DD0208C1DD02080A6903460069801ADB
:1024800030B50ED11433143103EB820401EB820119
:1024900054F8045D51F8042D954203D005D24FF055
:1024A000FF3030BDA342F3D3FBE70120F9E7000082
:1024B0002DE9F74F89460646114648461446FFF770
:1024C000DBFF051E12D129463046FFF70DFD0246FF
:1024D00028B93E4B40F237213D48FFF753F901231D
:1024E000C0E90435104603B0BDE8F08FBCBF4B46D1
:1024F000A1463046D9F80410BABF1C460125002574
:10250000FFF7F2FC024618B9304B40F24521E3E7F1
:10251000D9F810702669C56009F1100309F1140596
:1025200004F1140E00F1140B05EB87080EEB860680
:102530000193D9464FF0000C019B5EF8040B53F851
:1025400004AF019381B21FFA8AF35B1A000C634453
:10255000C0EB1A4000EB23409BB243EA00437645B0
:1025600049F8043B4FEA204CE6D8331B153B23F0D7
:10257000030315340433A64238BF04231D445B44CF
:102580001E462C4644450ED308F10301491B21F099
:102590000301033DA84538BF00210B4453F8041D37
:1025A00091B117619EE754F8041BE646080C1CFA2B
:1025B00081FC714400EB2C4089B241EA004146F8AD
:1025C000041B4FEA204CDDE7013FE7E733DD02085B
:1025D000C1DD02080E4B0B40A3F15073002B08DC49
:1025E0005B42B3F1A07F4FEA235204DA4FF4002399
:1025F0001341002208E0A2F114031E2BDABF4FF0B2
:102600000042DA400122002319461046704700BFFD
:102610000000F07F0269F8B500F1140606EB8202B3
:10262000204F52F8044C2046FFF750FD03460A2B7A
:10263000C0F12000A2F10405086013DCAE4238BFEF
:1026400052F8082CC3F10B0C28BF0022153324FAD2
:102650000CFE04FA03F322FA0CF24EEA07011A43C5
:102660001046F8BDAE4236BFA2F10805002252F86E
:10267000082C0B3B12D0C3F1200722FA07F19C4033
:102680000C43B54244F07F518CBF55F8044C0024F4
:102690009A40FC4041F440112243E1E744EA07013B
:1026A000DEE700BF0000F03F2DE973430121089EE3
:1026B00090469946FFF718FC044630B90246244B71
:1026C000244840F20F31FFF75DF8C9F30A55C9F30A
:1026D00013030DB143F480130193B8F1000324D028
:1026E00068460093FFF714FDDDE90012D8B1C0F190
:1026F000200302FA03F30B43C24063610192019B82
:10270000A361002B0CBF012202222261ADB1A5F210
:10271000334505443560C0F13500099B18602046FB
:1027200002B0BDE870836161E9E701A8FFF7F0FC42
:10273000019B636120300122E7E704EB8203A0F2F2
:10274000324030601869FFF7C1FCC0EB4210E4E78B
:1027500033DD0208C1DD02082DE9F04F85B0CDE977
:10276000001002A9FFF756FF8B4606460F46009859
:1027700003A9FFF74FFF019B89460D461969009B8E
:102780001B69C91ADDE902329B1A03EB4113002BC6
:10279000CDBF3A46C3EB03332A4602EB035BD8BFF7
:1027A00002EB0359044622464B4630465946DDF7B4
:1027B000ADFF05B0BDE8F08F013970B5491114695E
:1027C000013102F1140300EB810103EB8404051FC6
:1027D000A3420CD3A31A113B23F003031132A242EC
:1027E00088BF002318440023884205D370BD53F8E6
:1027F000046B45F8046FEBE740F8043BF4E700F1A5
:10280000140200694B11984210B511DB0ADD11F07A
:102810001F0107D052F8234024FA01F000FA01F119
:102820008C420BD102EB8303934203D8002010BDEE
:102830000346F7E753F8041D0029F5D00120F6E719
:1028400051F8043C181F002BBCBF0B58C018704730
:102850000346084641B1FF2A04D98A221A604FF084
:10286000FF3070470A70012070472DE9F0478E68ED
:102870001F46BE420B6882460C4690462DD8B1F9E1
:102880000C2012F4906F26D06569096905EB4505A7
:10289000A3EB010905EBD5757B1C4B446D109D42E4
:1028A00038BF1D46530527D52946FDF7F7FB0646D9
:1028B00060B321694A46FEF74CFFA38923F4906375
:1028C00043F08003A381266165614E44A5EB0905B1
:1028D0002660A5603E46BE4200D93E46206832468C
:1028E0004146FEF7DCFDA3689B1BA36023683344CD
:1028F00023600020BDE8F0872A46FDF7CFFC06469E
:102900000028E0D121695046FEF75AFF0C23CAF88F
:102910000030A38943F04003A3814FF0FF30E9E783
:102920002DE9F04F98468B891B069DB007460D4652
:10293000144610D50B6973B94021FDF7AFFB286031
:10294000286130B90C233B604FF0FF301DB0BDE86B
:10295000F08F40236B610023099320238DF82930E9
:10296000CDF80C803023DFF89C818DF82A304FF0B1
:10297000010923469A4613F8012B0AB1252AF9D1F9
:10298000BAEB040B0BD05B46224629463846FFF7CC
:102990006CFF013000F0A780099A5A4409929AF816
:1029A0000030002B00F09F8000234FF0FF32CDE974
:1029B00005230AF1010A049307938DF853301A9303
:1029C0005446052214F8011B4E48DEF719FC049A00
:1029D000D8B9D00644BF20238DF85330110744BF27
:1029E0002B238DF853309AF800302A2B15D0079AF4
:1029F000544600204FF00A0C214611F8013B303BB1
:102A0000092B4BD9B0B1079214E0A0EB080309FAE7
:102A100003F313430493A246D2E7039B191D1B68DB
:102A20000391002BBBBF5B4242F002020793079366
:102A3000B8BF049223782E2B0AD163782A2B32D187
:102A4000039B1A1D1B68039243EAE3730234059348
:102A5000DFF8B4A0217803225046DEF7D1FB38B16D
:102A6000049BA0EB0A0040228240134301340493EC
:102A700014F8011B25488DF828100622DEF7C0FB4C
:102A8000002836D0224B1BBB039B073323F00703E0
:102A900008330393099B334409936AE70CFB023222
:102AA0000C460120A8E700230134059319464FF096
:102AB0000A0C204610F8012B303A092A03D9002BC2
:102AC000C6D00591C4E70CFB012104460123F0E7C1
:102AD00003AB00932A460F4B04A93846AFF300809E
:102AE000421C0646D6D1AB895B063FF52DAF09984F
:102AF0002CE703AB00932A46064B04A9384600F0A6
:102B000079F8EDE738DF02083EDF020842DF02080D
:102B1000000000006B2802082DE9F0471646984691
:102B20008A680B69DDF820909342B8BF1346336082
:102B300091F8432007460C460AB1013333602368FD
:102B4000990642BF336802333360256815F00605E5
:102B500006D104F1190AE36832689B1AAB4226DCFD
:102B600094F843302268003B18BF012392062BD40F
:102B700004F1430241463846C84701301ED023685D
:102B8000226903F00603042B02BFE5683368ED1ADF
:102B9000A3680CBF25EAE57500259342C4BF9B1AC4
:102BA000ED1800261A34B5421AD1002008E001239E
:102BB000524641463846C847013003D14FF0FF30F6
:102BC000BDE8F0870135C6E7E1185A1C302081F8CE
:102BD0004300224494F8451082F843100233C7E7BB
:102BE0000123224641463846C8470130E6D0013627
:102BF000D9E700002DE9FF470F7E0C9E782F914604
:102C000080460C469A4601F1430207D8622F0AD843
:102C1000002F00F0DD80582F00F0C38004F1420641
:102C200084F842703AE0A7F16303152BF6D801A1AE
:102C300051F823F08D2C0208A12C02081D2C02084B
:102C40001D2C02081D2C02081D2C0208A12C0208B4
:102C50001D2C02081D2C02081D2C02081D2C020828
:102C6000B72D02082F2D02086F2D02081D2C020817
:102C70001D2C0208D92D02081D2C02082F2D020838
:102C80001D2C02081D2C0208772D020833681A1D1E
:102C90001B68326004F1420684F842300123A8E048
:102CA00031682368081D30601E0601D50D6803E0F9
:102CB0005D06FBD5B1F900506168002D78DA2D2052
:102CC000002984F84300A1602DDA5E486D420A2392
:102CD0001646B5FBF3F103FB1157C75D06F8017DFE
:102CE0002F46BB420D46F4D9082B0BD12368DF07D2
:102CF00008D5236961689942DEBF302306F8013C9C
:102D000006F1FF36921B2261CDF800A04B4603AAC4
:102D100021464046FFF700FF01306FD14FF0FF30F2
:102D200004B0BDE8F08723F004032360CDE72168F9
:102D30003368080653F8045B02D4490648BFADB2B5
:102D40006F2F4048336014BF0A230823002184F802
:102D500043106668A660002EBADB216821F00401EA
:102D60002160002DB4D1002EB2D11646BCE72368F5
:102D700043F0200323603448782784F845702368A3
:102D800031681F0651F8045B02D45F0648BFADB23C
:102D90003160D90744BF43F0200323601DB11023E5
:102DA000D4E72848E9E7236823F020032360F6E707
:102DB00024480A23CDE7336825686169181D30600F
:102DC0002E061B6801D5196002E06806FBD5198044
:102DD00000232361164697E733681A1D32601E6888
:102DE000626800213046DEF70BFA08B1801B606094
:102DF00063682361002384F8433085E72369324602
:102E000049464046D047013088D023689B0714D4F8
:102E1000E068039B9842B8BF184681E70123324619
:102E200049464046D04701303FF478AF0135E3686A
:102E300003995B1AAB42F1DCEAE7002504F11906BD
:102E4000F5E700BF49DF02085ADF0208B1F90C209C
:102E5000F8B5170705460C4656D44B68002B02DC24
:102E60000B6C002B3DDDE66A002E3AD0002312F4F5
:102E700080522F68216A2B6025D0626DA389580784
:102E800005D56368D21A636B0BB1236CD21A216A21
:102E9000E66A00232846B047411C24D00023636023
:102EA00023692360A389DA0400D56065616B2F6014
:102EB000B9B104F14403994202D02846FEF780FCE0
:102EC000002363630DE001232846B047461C0246F9
:102ED000D4D12B68002BD1D01D2B01D0162B2AD199
:102EE0002F6000202EE02A68B4F90C3042B11D2A70
:102EF00001D0162A21D10023636023692360D5E71E
:102F0000626022692260CEE70F69002FE9D0930743
:102F10000E6808BF4B690F6018BF0023F61B8B605B
:102F2000002EDEDD216AD4F828C033463A46284612
:102F3000E047002807DCB4F90C3043F04003A381DC
:102F40004FF0FF30F8BD0744361AE9E738B50B6992
:102F500005460C4613B90025284638BD18B1036A4A
:102F60000BB9FEF761F9B4F90C30002BF3D0626EA7
:102F7000D00704D4990502D4A06DFEF7E0FB2846E3
:102F80002146FFF763FF636EDA070546E4D4A389A1
:102F90009B05E1D4A06DFEF7D3FBDDE70EB403B5CE
:102FA000014603AB054853F8042B0068019300F079
:102FB00043F802B05DF804EB03B0704760030020F3
:102FC00070B5A1FB02543CB92946FDF767F80646E7
:102FD00028B90026304670BD0C220260F9E72A4667
:102FE0002146FEF776FAF5E79368013B002B10B413
:102FF000936007DA9469A34201DB0A2902D110BC6D
:1030000000F032B91368581C10601970084610BCE3
:103010007047F8B506460F461446D518AC4201D1A4
:10302000002007E014F8011B3A463046FFF7DCFFAA
:10303000431CF3D1F8BD00002DE9F04F0D469DB0C3
:1030400014469846064618B1036A0BB9FEF7ECF829
:103050006B6ED90705D4AB899A0502D4A86DFEF72B
:103060006EFBAB891B0701D52B699BB929463046FE
:1030700000F038F970B16B6EDC0704D54FF0FF300B
:103080001DB0BDE8F08FAB899805F7D4A86DFEF7A9
:1030900057FBF3E70023099320238DF82930CDF85F
:1030A0000C803023DFF8AC818DF82A304FF0010915
:1030B00023469A4613F8012B0AB1252AF9D1BAEB17
:1030C000040B0BD05B46224629463046FFF7A1FF92
:1030D000013000F0A780099A5A4409929AF800300A
:1030E000002B00F09F8000234FF0FF32CDE9052335
:1030F0000AF1010A049307938DF853301A9354464A
:10310000052214F8011B5348DEF77AF8049AD8B95F
:10311000D10644BF20238DF85330130744BF2B231F
:103120008DF853309AF800302A2B15D0079A544660
:1031300000204FF00A0C214611F8013B303B092BCF
:103140004BD9B0B1079214E0A0EB080309FA03F3DE
:1031500013430493A246D2E7039B191D1B680391F6
:10316000002BBBBF5B4242F0020207930793B8BF3C
:10317000049223782E2B0AD163782A2B32D1039B19
:103180001A1D1B68039243EAE37302340593DFF8C8
:10319000C8A0217803225046DEF732F838B1049BEC
:1031A000A0EB0A004022824013430134049314F838
:1031B000011B2A488DF828100622DEF721F8002886
:1031C0003FD0274B1BBB039B073323F00703083378
:1031D0000393099B3B4409936AE70CFB02320C46BC
:1031E0000120A8E700230134059319464FF00A0C8B
:1031F000204610F8012B303A092A03D9002BC6D0FB
:103200000591C4E70CFB012104460123F0E703AB61
:1032100000932A46134B04A93046AFF300800746BB
:10322000781CD6D16B6ED90705D4AB899A0502D428
:10323000A86DFEF785FAAB895B063FF51FAF0998CD
:103240001EE703AB00932A46064B04A93046FFF75E
:10325000D1FCE4E738DF02083EDF020842DF020863
:103260000000000013300208F8B50E46144605466B
:1032700018B1036A0BB9FDF7D7FFA369A360A3894F
:103280001A0701D5236943B92146284600F02AF8D8
:1032900018B14FF0FF373846F8BD23682269981AF5
:1032A0006369F6B28342374605DC21462846FFF7BC
:1032B0004DFE0028EDD1A368013BA36023685A1C92
:1032C00022601E706269431C9A4204D0A389DB0706
:1032D000E1D50A2EDFD121462846FFF737FE002828
:1032E000D9D0D6E738B5294B054618680C4618B131
:1032F000036A0BB9FDF798FFB4F90C30190722D413
:10330000DA0607D409222A6043F04003A3814FF074
:10331000FF3033E0580712D5616B41B104F144032B
:10332000994202D02846FEF74BFA00236363A38933
:1033300023F02403A3810023636023692360A3890E
:1033400043F00803A38123694BB9A38903F42073D5
:10335000B3F5007F03D02146284600F03FF8B4F9CA
:103360000C3013F001020AD00022A26062695242BE
:10337000A261226942B913F08000C5D138BD990716
:1033800058BF6269A260F4E70020F7E760030020FD
:1033900070B50C46B1F90E10002996B015461E46C0
:1033A0000DDAA38913F0800F4FF0000114BF402302
:1033B0004FF48063002031602B6016B070BD6A4608
:1033C00000F048F80028ECDB019901F47041A1F508
:1033D0000053594259414FF48063EBE78B89F7B5AD
:1033E0009D0706460C4607D504F147032360236179
:1033F0000123636103B0F0BD01AB6A46FFF7C8FF6C
:10340000009F054639463046FCF748FE48B9B4F9F6
:103410000C309A05EED423F0030343F00203A3819A
:10342000E2E7A389206043F08003A381019BC4E904
:1034300004075BB1B4F90E10304600F01DF828B156
:10344000A38923F0030343F00103A381A3891D4350
:10345000A581CFE738B5074D00230446084611463D
:103460002B60E3F72CFD431C02D12B6803B12360D2
:1034700038BD00BF6037002038B5064D0023044634
:1034800008462B60E3F720FD431C02D12B6803B1F3
:10349000236038BD6037002038B500220023044681
:1034A0000D46DDF77BFA28B920462946BDE83840AD
:1034B00000F00AB8204605F1004100F005F840424E
:1034C00061EB410138BD00BFD0B50C4B0022064670
:1034D0000F46DCF7F1FFDDF7C7FA0446DCF772FFB1
:1034E000074B0022DCF7E8FF02460B463046394620
:1034F000DCF72AFEDDF7B8FA2146D0BD0000F03D2A
:103500000000F041F8B500BFF8BC08BC9E4670470B
:0C351000F8B500BFF8BC08BC9E46704730
:103520000000000001000000020000000200000096
:1035300000000000010000000000FFFF000080000C
:10354000000000000800080000000000000000006B
:10355000E8030000FFFFFFFFFFFFFFFFFFFFFFFF8C
:10356000FFFFFFFFFFFFFFFF0000D9430000FA420B
:103570000907120A080000000000D9439A999940EF
:103580000000A0400000FA420A0010000000D943E9
:103590009A9999400A000000FFFFFFFF0000000019
:1035A000800100008001000012AD101B000000002F
:1035B0000101000001000100000001000100000005
:1035C0005000B00018017801B0021803C805300699
:1035D000300C980C000000003500420055006B00D4
:1035E0008400AB00D70008015601AE011002AC0206
:1035F0005C0320045805B5063C08AC0A640D6B104A
:103600000400000000300140120500000401000029
:1036100000000158020D00000900000000380040C1
:10362000120300000F0000000030014012050000EE
:103630001200000000300140120500001C000000D4
:103640000038004012050000FFFFFFFF00000000EF
:1036500000000000010000000030014012050000E1
:1036600005000000003001401205000005010000C7
:1036700000000158020D0000080000000038004062
:10368000120500000900000000380040120500008B
:10369000130000000030014012050000FFFFFFFF93
:1036A000000000000000000005000000003800409D
:1036B0001203000006000000003001401205000067
:1036C0000601000000000158020D00000B00000080
:1036D00000300140120500001400000000300140DD
:1036E00012050000FFFFFFFF0000000000000000C7
:1036F0000700000000300140120500000701000033
:1037000000000158020D00000A00000000380040CF
:10371000120500000C0000000030014012050000FE
:10372000150000000030014012050000FFFFFFFF00
:103730000000000000000000000000000044004005
:103740001207000006000000008000401208000080
:103750000B000000003801401207000014000000B8
:103760000038014012070000FFFFFFFF00000000CB
:10377000000000000100000000800040120800006E
:103780000101000000440040120700000C0000008E
:10379000003801401207000013000000003801400B
:1037A000120700001C00000000800040120800000A
:1037B000FFFFFFFF0000000000000000030000000A
:1037C0000080004012080000030100000044004097
:1037D000120700000A000000003801401207000034
:1037E000170000000038014012070000FFFFFFFF34
:1037F0000000000000000000020000000080004007
:1038000012080000020100000044004012070000FE
:1038100009000000003801401207000016000000F7
:103820000038014012070000FFFFFFFF000000000A
:1038300000000000000000000000004012810000B5
:103840000100000000000040120101000200000021
:103850000000004012810100030000000000004051
:10386000120102000500000000000040128100006B
:103870000600000000440140128E00000700000016
:10388000002C014012811000070100000048014097
:10389000128E000008000000002C01401281000080
:1038A00009000000002C0140120101000A00000084
:1038B000002C0140128101000B000000002C01408F
:1038C000120102000F000000000000401281000001
:1038D000130000000000004012010100160000006B
:1038E00000440140128E1000170000000048014003
:1038F000128E100018000000002C0140120111006F
:103900001801000000440140128E0000FFFFFFFF7D
:1039100000000000000000000A00000000740040E9
:1039200003800000FFFFFFFF000000000000000018
:103930000A00000000240140030003000B00000007
:1039400000240140038003000C000000002401401B
:10395000030004000D000000002401400380040067
:103960000E00000000240140030005000F000000CD
:1039700000240140038005001200000000240140E3
:1039800003000200130000000024014003000100B6
:10399000140000000024014003800100FFFFFFFF2E
:1039A00000000000000000001100000012000000F4
:1039B000100000000A0000000F0000000D000000D1
:1039C0000E0000000B0000000C00000000000000D2
:1039D00001000000020000000300000004000000DD
:1039E00005000000060000000700000008000000BD
:1039F000090000000A0000000B0000000C0000009D
:103A00000D0000000E0000000F000000120000007A
:103A10001300000014000000150000001600000054
:103A200017000000180000001C0000002D0000001E
:103A300033000000010002000400060008000A0034
:103A40000C0010002000400080000001020104036F
:103A5000020408100400400000040000001000B040
:103A6000002000B4004000B8010000000200000483
:103A7000040000080800000C1000001020000014D2
:103A8000400000188000001C0001002000020024FB
:103A9000000400280008002C001000300020003432
:103AA000004000380080003C00000140000002445B
:103AB00001000000020000000400000008000000F7
:103AC0001000000020000000400000008000000006
:103AD00000010000000200000004000000080000D7
:103AE00000100000002000000040000000800000E6
:103AF00001000000020000000400000008000000B7
:103B000010000000200000004000000080000000C5
:103B10000001000000020000000400000008000096
:103B200000100000002000000040000000800000A5
:103B3000A0860100400D0300801A060000350C002D
:103B400040420F0080841E0000093D0000127A00F0
:103B50000024F40000366E010048E801006CDC022D
:103B60000000000000000000000000000000000055
:103B70000000000000000000000000000000000045
:103B8000010000000200000003000000040000002B
:103B9000010000000300000005000000010000001B
:103BA00001000000060000000A00000020000000E4
:103BB00002000000040000000800000010000000E7
:103BC0004000000080000000000100000002000032
:103BD000010002000400060008000A000C001000AA
:103BE000200040008000000176312E31362E302D2D
:103BF000303761336361390030362D4A756E2D32AE
:103C0000303236007265706561746572007B2272B5
:103C1000656376223A25752C2273656E74223A25E7
:103C2000752C22666C6F6F645F7478223A25752C50
:103C3000226469726563745F7478223A25752C2258
:103C4000666C6F6F645F7278223A25752C22646906
:103C5000726563745F7278223A25752C22726563EF
:103C6000765F6572726F7273223A25757D0025301A
:103C700032643A253032643A25303264202D2025D2
:103C8000642F25642F25642055005F6D61696E00E7
:103C90002F7061636B65745F6C6F670025733A25E5
:103CA000643A2564002D6E6F6E652D007B226E6F69
:103CB0006973655F666C6F6F72223A25642C226CA3
:103CC0006173745F72737369223A25642C226C618C
:103CD00073745F736E72223A252E32662C227478CA
:103CE0005F6169725F73656373223A25752C227276
:103CF000785F6169725F73656373223A25757D0031
:103D00007B22626174746572795F6D76223A2575E3
:103D10002C22757074696D655F73656373223A2533
:103D2000752C226572726F7273223A25752C22717E
:103D3000756575655F6C656E223A25757D00257326
:103D40000A25730A25730044003A2052582C206C2F
:103D5000656E3D25642028747970653D25642C20AE
:103D6000726F7574653D25732C207061796C6F617D
:103D7000645F6C656E3D25642920534E523D256479
:103D800020525353493D25642073636F72653D256E
:103D90006400205B25303258202D3E2025303258DB
:103DA0005D0A003A2054582C206C656E3D25642035
:103DB00028747970653D25642C20726F7574653D9B
:103DC00025732C207061796C6F61645F6C656E3D4A
:103DD000256429003A205458204641494C212C2082
:103DE0006C656E3D25642028747970653D25642CD2
:103DF00020726F7574653D25732C207061796C6F2E
:103E000061645F6C656E3D2564290A0052414B3345
:103E1000783732205265706561746572004C565374
:103E20004954414E4F53004F4B202D206C6F61641D
:103E3000656420256420726567696F6E7300736521
:103E4000747065726D2000457272202D206261646D
:103E500020706172616D73004F4B00457272202DAE
:103E600020696E76616C696420706172616D7300A7
:103E7000457272202D20626164207075626B6579D5
:103E8000006765742061636C0041434C3A00253043
:103E900032582000646973636F7665722E6E6569AF
:103EA0006768626F727300457272202D20646973B7
:103EB000636F7665722E6E65696768626F727320D4
:103EC000686173206E6F206F7074696F6E73004F3E
:103ED0004B202D20446973636F7665722073656E85
:103EE00074000000000000000000000039AD000870
:103EF000696F000855890008058A00087D8A000856
:103F0000E1700008056F000831710008DBA70008A8
:103F1000179E00080B6F0008116F0008ED6E000877
:103F200029730008D18A0008D77700083378000881
:103F30001D6F00086B6F0008D16F00082D930008FB
:103F4000F56E0008897100081F8000084D8F000879
:103F5000F76E000885800008F96E0008A7A7000822
:103F6000FB6E0008FD6E0008256F0008356F000825
:103F7000456F0008ED720008017000087D720008AE
:103F800087900008557000087D700008556F000884
:103F9000D5720008AD96000869720008DD7C000843
:103FA00007720008257F00085D7E0008A5700008E4
:103FB000CB71000891720008FF720008616F000861
:103FC000A9720008A16F000838FFFFFF0000000081
:103FD000F97200082D6F00083D6F00084D6F000852
:103FE00089720008C5900008757000089D7000086F
:103FF0005B6F0008E5720008F9960008757200080A
:10400000DD7D000861720008717F0008C97E00082C
:10401000D9700008656F0008CD720008C96F0008EC
:104020004B700008FF7100089F72000821730008A0
:10403000FF6E0008016F0008036F0008526570658D
:10404000617465722049443A200020202D3E2000F2
:1040500000000000000000001D97000800000000A4
:1040600000000000019700080000000000000000B0
:104070004F970008219700084E6F742061766169A0
:104080006C61626C650052414B20337837320045D9
:1040900052524F523A20726164696F20696E69749E
:1040A000206661696C65643A200000000000000031
:1040B00000000000339B000800000000000000002A
:1040C000319B0008BB9B0008790B0108491F0108C0
:1040D0008F1F0108991F0108AD0101081D33010858
:1040E00051080108ED3201083B0701088F12010851
:1040F000010D0108610501084F05010831010108A2
:1041000045280108C5270108DD2B0108992E010863
:10411000AF2E01082BFB0008CDFE0008332C010850
:104120002927010811290108E1290108A10D010829
:10413000B10C010811080108ED010108ED030108A7
:1041400081030108AF0501089B05010899030108D7
:10415000C9010108950701085D07010889010108E7
:1041600049090108D9050108A30301080F0701083F
:1041700019FB000821FB000819FB000821FB0008BF
:1041800019FB000821FB0008F5FE000825050108C1
:10419000010F0108A1060108AB030108B5FC0008E6
:1041A00061FC0008392501080526010825FC0008E6
:1041B000EDFC00083DFD00087DFC000805FD000841
:1041C0002B00010855FE00086100010895FE00085B
:1041D0000000000000000000C1E7000839E8000806
:1041E000A1E800081F9C000851EA000865E90008E2
:1041F000B5E8000801E90008999A000815E80008E8
:10420000D5E8000825E80008079C00084B7E000858
:10421000537E0008D19A0008AB9C0008919A0008D0
:10422000FB7D0008CB9B0008E99A00089F9A0008D4
:10423000A19A00080000000000000000F19A0008A8
:10424000F19B0008D39B0008000000000000000064
:10425000099B00080D9B0008119B0008139B000898
:10426000179B00081B9B00081F9B0008239B00084E
:104270000000000000000000D17E00084D9A0008F8
:10428000559A0008599A0008299B00085D9A000871
:104290005F9A0008A99A0008AB9B0008619A000881
:1042A000639A0008699A0008959B0008799B0008AA
:1042B000A59A00086B9A0008CD9A00086F9A00082A
:1042C000739A0008779A00087D9A0008859A00087A
:1042D000899A00085F9B00080100000000000000B0
:1042E00000000000000000000000000000000000CE
:1042F00002000000010000000000000000000000BB
:1043000000000000000000000300000000000000AA
:10431000010000000000000000000000000000009C
:104320000400000000000000010000000000000088
:10433000000000000000000000000000000000007D
:10434000000000000000000000000000000000006D
:104350001600000018000000FFFFFFFFFFFFFFFF37
:10436000FFFFFFFF00000000000000000000000051
:10437000F59D0008F79D0008F99D0008FB9D0008C9
:10438000FD9D00080D9E00081D9E0008139E00085C
:10439000179E0008059E0008099E0008ED6E0008A3
:1043A0007065E18FD9FABB70C1ED90DCA19907DE91
:1043B000698C88B709EA146EAFD93D9B830C7B608A
:1043C000C4681193C79BBC39945BA8064104BB61C8
:1043D0008F8FD7A84A0AF6F57033D6E8DDCD647121
:1043E000001EC77175B0918ED206F9AE04EC136D44
:1043F0006D5D4315BB26305427F645B492E9350C64
:1044000010000000000000000000000039AD0008AE
:10441000F59D0008F79D0008F99D0008FB9D000828
:10442000FD9D00080D9E00081D9E0008DBA70008EA
:10443000179E0008059E0008099E0008ED6E000802
:1044400085A7000897A70008ABA700089BA700084E
:104450009FA70008A3A7000889A700088BA700084A
:10446000F56E00088DA7000891A7000893A7000823
:10447000F76E000895A70008F96E0008A7A70008C6
:10448000FB6E0008FD6E00083031323334353637AC
:104490003839414243444546002F735F636F6E7461
:1044A00061637473004F4B202D20726570656174D9
:1044B000206973206E6F77204F4646004F4B202DAA
:1044C00020726570656174206973206E6F77204F6C
:1044D0004E00647574796379636C652000455252AF
:1044E0004F523A20647574796379636C65206D75F9
:1044F000737420626520312D313030004F4B202DF8
:104500002025642E256425250061662000696E74CF
:104510002E74687265736820006167632E7265731C
:1045200065742E696E74657276616C20004F4B2045
:104530002D20696E74657276616C20726F756E6481
:10454000656420746F202564006D756C74692E613C
:10455000636B732000616C6C6F772E726561642EE3
:104560006F6E6C792000666C6F6F642E6164766587
:1045700072742E696E74657276616C200045727279
:104580006F723A20696E74657276616C2072616E2A
:10459000676520697320332D31363820686F757256
:1045A00073004572726F723A20696E74657276613B
:1045B0006C2072616E67652069732025642D32342A
:1045C00030206D696E757465730067756573742E40
:1045D00070617373776F726420007072762E6B65F2
:1045E0007920004F4B2C207265626F6F7420746FBE
:1045F000206170706C7921204E6577207075626B38
:1046000065793A20004572726F722C2062616420D5
:104610006B6579006E616D6520007265706561740F
:1046200020004F4B202D207265626F6F7420746FD5
:10463000206170706C79004572726F722C20696E07
:1046400076616C696420726164696F207061726167
:104650006D73006C617420006C6F6E200072786462
:10466000656C617920004572726F722C206D7573D4
:104670007420626520302D3230004572726F722CCA
:10468000206D75737420626520302D3200666C6F6A
:104690006F642E6D61782E756E73636F7065642024
:1046A000004572726F722C206D617820363400667E
:1046B0006C6F6F642E6D61782E6164766572742004
:1046C00000666C6F6F642E6D61782000646972659E
:1046D00063742E747864656C617920006F776E6501
:1046E000722E696E666F2000706174682E68617347
:1046F000682E6D6F646520004572726F722C206D9C
:1047000075737420626520302C312C206F7220323A
:10471000006C6F6F702E6465746563742000457261
:10472000726F722C206D7573742062653A206F660B
:10473000662C206D696E696D616C2C206D6F6465EF
:10474000726174652C206F722073747269637400D7
:10475000747820006672657120006164632E6D7547
:104760006C7469706C69657220004F4B202D207548
:1047700073696E672064656661756C7420626F6131
:104780007264206D756C7469706C696572004F4B52
:10479000202D206D756C7469706C6965722073656D
:1047A0007420746F20252E3366004572726F723A42
:1047B00020756E737570706F7274656420627920F5
:1047C0007468697320626F61726400756E6B6E6FDE
:1047D000776E20636F6E6669673A20004572726F6C
:1047E000722C206261642063686172730064757466
:1047F000796379636C65003E2025642E2564252548
:10480000006166003E20257300696E742E74687224
:10481000657368003E202564006167632E726573CE
:1048200065742E696E74657276616C006D756C745A
:10483000692E61636B7300616C6C6F772E726561BA
:10484000642E6F6E6C7900666C6F6F642E61647697
:104850006572742E696E74657276616C0067756539
:1048600073742E70617373776F7264007072762E3A
:104870006B657900726570656174006C6174006CC1
:104880006F6E003E2025732C25732C25642C256427
:1048900000727864656C617900666C6F6F642E6D70
:1048A00061782E61647665727400666C6F6F642E39
:1048B0006D61782E756E73636F70656400666C6FE2
:1048C0006F642E6D6178006469726563742E74780C
:1048D00064656C6179006F776E65722E696E666FC4
:1048E00000706174682E686173682E6D6F64650076
:1048F0006C6F6F702E646574656374003E206F6624
:1049000066003E206D696E696D616C003E206D6FC2
:10491000646572617465003E20737472696374002B
:1049200074780066726571007075626C69632E6BD5
:10493000657900726F6C65006272696467652E74D8
:10494000797065006E6F6E6500626F6F746C6F6179
:104950006465722E766572004552524F523A207548
:104960006E737570706F72746564006164632E6D30
:10497000756C7469706C696572003E20252E336613
:10498000007077726D67742E737570706F7274003B
:104990003E20756E737570706F7274656400707709
:1049A000726D67742E736F75726365004552524F56
:1049B000523A20506F776572206D616E6167656D48
:1049C000656E74206E6F7420737570706F7274658D
:1049D00064007077726D67742E626F6F74726561B8
:1049E000736F6E007077726D67742E626F6F746D87
:1049F00076003F3F3A20257300457272202D2073C8
:104A0000617665206661696C6564002A007265677D
:104A1000696F6E2064656600457272202D20656D99
:104A20007074792064656600457272202D20656D72
:104A3000707479206E616D6500457272202D20655D
:104A40006D707479206A756D7000457272202D202A
:104A5000707574206661696C65643A202573004541
:104A60007272202D20756E6B6E6F776E206A756D79
:104A7000703A202573006C6F616400736176650085
:104A8000616C6C6F776600457272202D20756E6BBD
:104A90006E6F776E20726567696F6E0064656E7900
:104AA000660067657400202573202825732920255A
:104AB000730020257320257300686F6D65002068E2
:104AC0006F6D65206973206E6F77202573002068F5
:104AD0006F6D652069732025730064656661756C70
:104AE00074002064656661756C742073636F706513
:104AF000206973206E6F77203C6E756C6C3E0020D1
:104B000064656661756C742073636F70652069738A
:104B1000206E6F7720257300457272202D207265FC
:104B200067696F6E207461626C652066756C6C00DD
:104B30002064656661756C742073636F70652069AD
:104B40007320257300457272202D20756E6B6E6F79
:104B5000776E20706172656E7400457272202D2030
:104B6000756E61626C6520746F20707574004F4BB8
:104B7000202D2028666C6F6F6420616C6C6F7765E8
:104B800064290072656D6F766500457272202D2074
:104B90006E6F7420656D70747900457272202D20DF
:104BA0006E6F7420666F756E6400616C6C6F7765F4
:104BB000640064656E69656400457272202D20751D
:104BC00073652027616C6C6F77656427206F722096
:104BD0002764656E6965642700457272202D203F49
:104BE0003F00457272006E756C6C00706F77657275
:104BF0006F66660073687574646F776E00636C6BC4
:104C00007265626F6F74006164766572742E7A6586
:104C1000726F686F70004F4B202D207A65726F683D
:104C20006F70206164766572742073656E74004FD6
:104C30004B202D204164766572742073656E74007C
:104C4000636C6F636B2073796E63004F4B202D2074
:104C5000636C6F636B207365743A20253032643A5D
:104C600025303264202D2025642F25642F256420D3
:104C7000555443004552523A20636C6F636B206376
:104C8000616E6E6F7420676F206261636B77617213
:104C90006473007374617274206F74610045727282
:104CA0006F7200636C6F636B0074696D6520002820
:104CB0004552523A20636C6F636B2063616E6E6F76
:104CC0007420676F206261636B776172647329007F
:104CD0006E65696768626F722E72656D6F766520AA
:104CE000004552523A20626164207075626B6579AA
:104CF0000074656D70726164696F20004F4B202DE8
:104D00002074656D7020706172616D7320666F72C2
:104D1000202564206D696E73004572726F722C20BD
:104D2000696E76616C696420706172616D73007088
:104D3000617373776F7264206E6F773A2000636CD3
:104D400065617220737461747300284F4B202D20AD
:104D50007374617473207265736574290046696C9D
:104D6000652073797374656D2065726173653A208F
:104D7000257300257320284275696C643A202573D9
:104D8000290073656E736F72206765742000736508
:104D90006E736F722073657420006F6B0063616EB9
:104DA00027742066696E6420637573746F6D207656
:104DB00061720073656E736F72206C697374006E3C
:104DC0006F20637573746F6D2076617200256420A7
:104DD000766172730A0025733D25730A002E2E2E0C
:104DE000206E6578743A256400706F776572736120
:104DF00076696E67206F6E00426F617264206E6F1D
:104E00007420737570706F7274656400706F77656D
:104E100072736176696E67206F666600706F776582
:104E200072736176696E67006C6F6720737461726C
:104E300074002020206C6F6767696E67206F6E00BA
:104E40006C6F672073746F70002020206C6F676731
:104E5000696E67206F6666006C6F672065726173AC
:104E600065002020206C6F672065726173656400A7
:104E7000202020454F460073746174732D70616368
:104E80006B6574730073746174732D726164696F00
:104E90000073746174732D636F726500556E6B6E71
:104EA0006F776E20636F6D6D616E64002F636F6D41
:104EB0005F7072656673002F6E6F64655F707265F8
:104EC00066730025732F25732E6964002F72656742
:104ED000696F6E7332005E002573257320460A00E9
:104EE00000000000000000005DDB00087FDB000820
:104EF00059DB0008B3DB0008A3DB0008A7DB0008D0
:104F0000ADDB0008E3D4010805D50108000000006E
:104F1000000000009BE30008D1E30008DBE3000889
:104F20004FE30008E1E2000871E2000875E20008C2
:104F300079E20008A3E30008F9E3000855E300085C
:104F400025642E25303364000000F0C0000020C12D
:104F5000000048C1000070C100008CC10000A0C169
:104F600000000000000000002DEC000841EC0008EB
:104F7000000000000000000043EE000885EE00087D
:104F800059DB0008E7EE0008C1EC0008C9EC000896
:104F9000E3EC0008E3D4010805D501080000000097
:104FA00000000000C1F80008D7F90008C9F900089E
:104FB000BBF90008ADF900086DF900085FF90008B9
:104FC00059F900084DF8000855F9000851F9000892
:104FD0003FF90008D9F8000835F90008E7F800089B
:104FE0002FF90008E1F80008C3F80008E5F9000807
:104FF0001DF900080DF9000809F9000875F8000806
:1050000031360108000000000000000039FA0008F5
:1050100097FA000885FA0008A5FA00083DFA00088A
:105020006DF900085FF9000859F900084DF800080B
:1050300055F9000851F900083FF90008D9F80008AF
:1050400035F90008E7F800082FF90008E1F8000832
:10505000C3F80008E5F900081DF900080DF900087B
:1050600009F9000875F80008313601080024F40039
:1050700001000000000000000000000029FB000803
:105080006DFC0008790B0108491F01088F1F0108FA
:10509000991F0108AD0101081D33010851080108DD
:1050A000ED3201083B0701088F120108010D0108CC
:1050B000610501084F050108310101084528010873
:1050C000C5270108DD2B0108992E0108AF2E010824
:1050D0002BFB0008CDFE0008332C0108292701080E
:1050E00011290108E1290108A10D0108B10C0108ED
:1050F00011080108ED010108ED0301088103010811
:10510000AF0501089B05010899030108C9010108C1
:10511000950701085D07010889010108490901088F
:10512000D9050108A30301080F07010819FB0008AE
:1051300021FB000819FB000821FB000819FB0008EF
:1051400021FB0008F5FE000825050108010F0108F4
:10515000A1060108AB030108B5FC000861FC0008CA
:10516000392501080526010825FC0008EDFC00088A
:105170003DFD00087DFC000805FD00082B0001082E
:1051800055FE00086100010895FE000853583132B1
:1051900036310000000000000000000091FF000810
:1051A0009B000108790B0108491F01088F1F0108A6
:1051B000991F0108AD0101081D33010851080108BC
:1051C000ED3201083B0701088F120108010D0108AB
:1051D000610501084F050108310101084528010852
:1051E000C5270108DD2B0108992E0108AF2E010803
:1051F00081010108CDFE0008332C01082927010890
:1052000011290108E1290108A10D0108B10C0108CB
:1052100011080108ED010108ED03010881030108EF
:10522000AF0501089B05010899030108C9010108A0
:10523000950701085D07010889010108490901086E
:10524000D9050108A30301080F0701082925010852
:1052500031250108292501083125010829250108E2
:1052600031250108F5FE000825050108010F010898
:10527000A1060108AB030108D9240108092501088A
:1052800039250108052601087B21010893FF000844
:1052900099FD0008E9FF0008FDFD00082B0001084A
:1052A00055FE00086100010895FE000822FB12006F
:1052B000110321001106210322021406110B120B07
:1052C000110E120E11141116220B13152111240D9B
:1052D000211421162215231541134114331452139E
:1052E00061165216531663166416741600000000F9
:1052F00000000000E90301082B070108790B0108F1
:10530000491F01088F1F0108991F0108AD010108FD
:105310001D33010851080108ED3201083B0701085F
:105320008F120108010D0108610501084F050108F0
:105330008B32010845280108C5270108DD2B01082B
:10534000992E0108AF2E0108973201089D320108FD
:10535000332C01082927010811290108E129010836
:10536000A10D0108B10C010811080108ED010108A7
:10537000ED03010881030108AF0501089B05010841
:1053800099030108C9010108950701085D07010893
:105390008901010849090108D9050108A303010889
:1053A0000F070108292501083125010829250108D1
:1053B0003125010829250108312501087932010824
:1053C00025050108010F0108A1060108AB0301082A
:1053D000D9240108092501083925010805260108F5
:1053E0007B210108212D30333639000F06030012CE
:1053F0002436480416283A4C081A2C3E0C1E30421B
:105400001022344601132537490517293B4D091B46
:105410002D3F0D1F314311233547021426384A060C
:10542000182A3C4E0A1C2E400E2032440315273900
:105430004B07192B3D4F0B1D2F410F2133451F17D4
:105440000F1E160E1D150D1C140C1B130B1A120A21
:10545000191109000108AC00000000000000000064
:1054600000000000000000005F3201086B320108FC
:1054700071320108793201086B3201081D330108CD
:1054800065320108ED3201086B3201086B32010808
:105490007F320108853201086B3201088B32010826
:1054A0008B3201088B320108793201087932010808
:1054B00091320108973201089D3201087F320108BC
:1054C00085320108A3320108A3320108B332010872
:1054D000B9320108B9320108C1320108CD320108E0
:1054E000CD320108D1320108853201088532010828
:1054F0006B320108D73201086B3201086B320108A8
:10550000D7320108DD320108E1320108E332010837
:10551000E1320108E5320108E1320108E532010813
:10552000E1320108E532010879320108D732010879
:10553000E73201086B32010800000000302112033D
:10554000120330210312213021300312437034073B
:105550002516526152612516340743700734704393
:105560006152162516256152704307343407437083
:105570005261251625165261437034077043073473
:105580001625615261521625073470430000000051
:10559000000000000000000000000000000000000B
:1055A00000000000000000000000000000000000FB
:1055B00000000000000000000000000000000000EB
:1055C00000000000000000000000000000000000DB
:1055D00000000000000000002736010827360108FF
:1055E000293601082B360108273601082D36010817
:1055F0003136010800000000000000006936010893
:10560000893601085D370108653601089D360108B5
:10561000F53801081D3B0108613701080000000052
:105620000000000000000000000000005D370108DD
:105630000000000000000000F53801081D3B0108D3
:10564000613701080001020408102040801B360069
:105650001B362D6C775A4152096AD53036A538BFB2
:1056600040A39E81F3D7FB7CE339829B2FFF8734D5
:105670008E4344C4DEE9CB547B9432A6C2233DEE74
:105680004C950B42FAC34E082EA16628D924B27657
:105690005BA2496D8BD12572F8F66486689816D4A2
:1056A000A45CCC5D65B6926C704850FDEDB9DA5ED5
:1056B000154657A78D9D8490D8AB008CBCD30AF7B4
:1056C000E45805B8B34506D02C1E8FCA3F0F02C15F
:1056D000AFBD0301138A6B3A9111414F67DCEA9722
:1056E000F2CFCEF0B4E67396AC7422E7AD3585E226
:1056F000F937E81C75DF6E47F11A711D29C5896FEE
:10570000B7620EAA18BE1BFC563E4BC6D279209A31
:10571000DBC0FE78CD5AF41FDDA8338807C731B14E
:105720001210592780EC5F60517FA919B54A0D2DE1
:10573000E57A9F93C99CEFA0E03B4DAE2AF5B0C837
:10574000EBBB3C83539961172B047EBA77D626E1D5
:1057500069146355210C7D637C777BF26B6FC530D8
:1057600001672BFED7AB76CA82C97DFA5947F0ADE7
:10577000D4A2AF9CA472C0B7FD9326363FF7CC34B9
:10578000A5E5F171D8311504C723C31896059A070A
:105790001280E2EB27B27509832C1A1B6E5AA052B5
:1057A0003BD6B329E32F8453D100ED20FCB15B6AD3
:1057B000CBBE394A4C58CFD0EFAAFB434D33854579
:1057C000F9027F503C9FA851A3408F929D38F5BCB1
:1057D000B6DA2110FFF3D2CD0C13EC5F974417C457
:1057E000A77E3D645D197360814FDC222A90884654
:1057F000EEB814DE5E0BDBE0323A0A4906245CC2E6
:10580000D3AC629195E479E7C8376D8DD54EA96C1C
:1058100056F4EA657AAE08BA78252E1CA6B4C6E816
:10582000DD741F4BBD8B8A703EB5664803F60E6172
:105830003557B986C11D9EE1F8981169D98E949BA0
:105840001E87E9CE5528DF8CA1890DBFE64268414D
:10585000992D0FB054BB160000000000000000009E
:105860000000000000000000000000000000000038
:105870000000000000000000000000000000000028
:105880001B132C0AA3E59CEDA72963085D210621C3
:10589000EBFFFFFFFFFFFFFFFFFFFFFFFFFFFFFF2C
:1058A0000F000000EDD3F55C1A631258D69CF7A2E6
:1058B000DEF9DE140000000000000000000000001F
:1058C00000000010A3DDB7A5B38ADE6DF552517755
:1058D000809FF0207DE3AB648E4EEA6665768BD7C1
:1058E0000F5F87670100000000000000000000005B
:1058F00000000000000000000000000000000000A8
:1059000000000000586666666666666666666666DD
:105910006666666666666666666666666666666627
:10592000666666661AD5258F602D56C9B2A725957D
:1059300060C72C695CDCD6FD31E2A4C0FE536ECD9D
:10594000D336692159F1B226949BD6EB56B18382A6
:105950009A14E00030D1F3EEF2808E19E7FCDF56A6
:10596000DCD90624A3785913CA4DEB75ABD8414155
:105970004D0A700098E879777940C78C73FE6F2BD9
:10598000EE6C0352000000000000000075430108A7
:1059900095430108FD420108014301080543010840
:1059A00079450108DD4501085D4301087746010896
:1059B000A7460108982F8A4291443771CFFBC0B5A2
:1059C000A5DBB5E95BC25639F111F159A4823F92CA
:1059D000D55E1CAB98AA07D8015B8312BE85312423
:1059E000C37D0C55745DBE72FEB1DE80A706DC9BE4
:1059F00074F19BC1C1699BE48647BEEFC69DC10F90
:105A0000CCA10C246F2CE92DAA84744ADCA9B05CCB
:105A1000DA88F97652513E986DC631A8C82703B08E
:105A2000C77F59BFF30BE0C64791A7D55163CA069C
:105A300067292914850AB72738211B2EFC6D2C4DA8
:105A4000130D385354730A65BB0A6A762EC9C28196
:105A5000852C7292A1E8BFA24B661AA8708B4BC22C
:105A6000A3516CC719E892D1240699D685350EF456
:105A700070A06A1016C1A419086C371E4C7748270D
:105A8000B5BCB034B30C1C394AAAD84E4FCA9C5B83
:105A9000F36F2E68EE828F746F63A5781478C884D4
:105AA0000802C78CFAFFBE90EB6C50A4F7A3F9BEB6
:105AB000F27871C600000000000000006D47010888
:105AC0008D470108134701081747010835470108AA
:105AD000654C0108E34C01081B470108834D010890
:105AE000B34D01080000000022AE28D7982F8A424B
:105AF000CD65EF23914437712F3B4DECCFFBC0B503
:105B0000BCDB8981A5DBB5E938B548F35BC2563902
:105B100019D005B6F111F1599B4F19AFA4823F92EC
:105B200018816DDAD55E1CAB420203A398AA07D890
:105B3000BE6F7045015B83128CB2E44EBE8531248A
:105B4000E2B4FFD5C37D0C556F897BF2745DBE72E4
:105B5000B196163BFEB1DE803512C725A706DC9B49
:105B6000942669CF74F19BC1D24AF19EC1699BE42E
:105B7000E3254F388647BEEFB5D58C8BC69DC10F48
:105B8000659CAC77CCA10C2475022B596F2CE92DA8
:105B900083E4A66EAA84744AD4FB41BDDCA9B05C40
:105BA000B5531183DA88F976ABDF66EE52513E9831
:105BB0001032B42D6DC631A83F21FB98C82703B021
:105BC000E40EEFBEC77F59BFC28FA83DF30BE0C6FE
:105BD00025A70A934791A7D56F8203E05163CA06B0
:105BE000706E0E0A67292914FC2FD246850AB72742
:105BF00026C9265C38211B2EED2AC45AFC6D2C4D7B
:105C0000DFB3959D130D3853DE63AF8B54730A6574
:105C1000A8B2773CBB0A6A76E6AEED472EC9C281D0
:105C20003B358214852C72926403F14CA1E8BFA22B
:105C3000013042BC4B661AA89197F8D0708B4BC2CA
:105C400030BE5406A3516CC71852EFD619E892D152
:105C500010A96555240699D62A20715785350EF46A
:105C6000B8D1BB3270A06A10C8D0D2B816C1A4197E
:105C700053AB4151086C371E99EB8EDF4C774827A8
:105C8000A8489BE1B5BCB034635AC9C5B30C1C39F4
:105C9000CB8A41E34AAAD84E73E363774FCA9C5B31
:105CA000A3B8B2D6F36F2E68FCB2EF5DEE828F74AC
:105CB000602F17436F63A57872ABF0A11478C88486
:105CC000EC39641A0802C78C281E6323FAFFBE90C1
:105CD000E9BD82DEEB6C50A41579C6B2F7A3F9BE1C
:105CE0002B5372E3F27871C69C6126EACE3E27CA36
:105CF00007C2C021C7B886D11EEBE0CDD67DDAEA57
:105D000078D16EEE7F4F7DF5BA6F1772AA67F006F5
:105D1000A698C8A2C57D630AAE0DF9BE04983F11CE
:105D20001B471C13350B711B847D0423F577DB287F
:105D30009324C7407BABCA32BCBEC9150ABE9E3C89
:105D40004C0D109CC4671D43B6423ECBBED4C54C1F
:105D50002A7E65FC9C297F59ECFAD63AAB6FCB5F63
:105D60001758474A8C19446C08C9BCF367E6096A9E
:105D70003BA7CA8485AE67BB2BF894FE72F36E3CDA
:105D8000F1361D5F3AF54FA5D182E6AD7F520E5137
:105D90001F6C3E2B8C68059B6BBD41FBABD9831FF1
:105DA00079217E1319CDE05BB0A00E4A271BEEC40B
:105DB00078E42FAD0618432FA7D7FB3D99004D2B54
:105DC0000BDFC14F8024832B000000000000000087
:105DD00000000000000000000000000000000000C3
:105DE00000000000000000000000000000000000B3
:105DF00000000000000000001F1C1F1E1F1E1F1FB0
:105E00001E1F1E000100010064006400000000006D
:105E10000000000000000000000000000000000082
:105E20000000000000000000000000000000000072
:105E30000000000000000000000000000000000062
:105E40000000000000000000000000000000000052
:105E50000000000000000000000000000000000042
:105E60000000000000000000000000000000000032
:105E70000000000000000000000000000000000022
:105E80000000000000000000000000000000000012
:105E90000000000000000000000000000000000002
:105EA00000000000000000000000000000000000F2
:105EB00000000000000000000000000000000000E2
:105EC00000000000000000000000000001000100D0
:105ED00001000A00020000000000000000000000B5
:105EE000000000000000E80300000A006400E8036E
:105EF000010000000100010000000000000001009E
:105F00000000000001000000E803E80301000100B8
:105F1000640001000000000000000000000000001C
:105F2000010001010202000000000000000000006A
:105F30000000000000000000000000000000000061
:105F40000000000000000000000000000000000051
:105F50000000000000000000000000000000000041
:105F60000000000000000000000000000000000031
:105F70000000000000000000000000000000000021
:105F80000000000000000402010201000000000007
:105F900000000006000202020400010200000002EC
:105FA00000000200040402040603090000000000CF
:105FB000010000000000000000000000F75501088B
:105FC000F95501080000000000000000D356010848
:105FD000EB56010859DB0008855701085F57010897
:105FE000815801080B570108E3D4010805D50108C1
:105FF0002F002E2E006C6974746C656673000000AF
:10600000000000006410B71DC8206E3BAC30D926DC
:106010009041DC76F4516B6B5861B24D3C71055088
:106020002083B8ED44930FF0E8A3D6D68CB361CBB0
:10603000B0C2649BD4D2D38678E20AA01CF2BDBD64
:1060400022AE28D7982F8A42CD65EF23914437712D
:106050002F3B4DECCFFBC0B5BCDB8981A5DBB5E99F
:1060600038B548F35BC2563919D005B6F111F1596C
:106070009B4F19AFA4823F9218816DDAD55E1CAB9D
:10608000420203A398AA07D8BE6F7045015B831232
:106090008CB2E44EBE853124E2B4FFD5C37D0C55ED
:1060A0006F897BF2745DBE72B196163BFEB1DE80E5
:1060B0003512C725A706DC9B942669CF74F19BC1D6
:1060C000D24AF19EC1699BE4E3254F388647BEEF73
:1060D000B5D58C8BC69DC10F659CAC77CCA10C242B
:1060E00075022B596F2CE92D83E4A66EAA84744A9D
:1060F000D4FB41BDDCA9B05CB5531183DA88F976D5
:10610000ABDF66EE52513E981032B42D6DC631A809
:106110003F21FB98C82703B0E40EEFBEC77F59BFED
:10612000C28FA83DF30BE0C625A70A934791A7D5D8
:106130006F8203E05163CA06706E0E0A6729291444
:10614000FC2FD246850AB72726C9265C38211B2E8C
:10615000ED2AC45AFC6D2C4DDFB3959D130D3853B9
:10616000DE63AF8B54730A65A8B2773CBB0A6A76CC
:10617000E6AEED472EC9C2813B358214852C729262
:106180006403F14CA1E8BFA2013042BC4B661AA8DF
:106190009197F8D0708B4BC230BE5406A3516CC798
:1061A0001852EFD619E892D110A96555240699D650
:1061B0002A20715785350EF4B8D1BB3270A06A1011
:1061C000C8D0D2B816C1A41953AB4151086C371EC0
:1061D00099EB8EDF4C774827A8489BE1B5BCB034DB
:1061E000635AC9C5B30C1C39CB8A41E34AAAD84EBD
:1061F00073E363774FCA9C5BA3B8B2D6F36F2E6884
:10620000FCB2EF5DEE828F74602F17436F63A57849
:1062100072ABF0A11478C884EC39641A0802C78CF8
:10622000281E6323FAFFBE90E9BD82DEEB6C50A40A
:106230001579C6B2F7A3F9BE2B5372E3F27871C693
:106240009C6126EACE3E27CA07C2C021C7B886D1C4
:106250001EEBE0CDD67DDAEA78D16EEE7F4F7DF58C
:10626000BA6F1772AA67F006A698C8A2C57D630A1E
:10627000AE0DF9BE04983F111B471C13350B711B63
:10628000847D0423F577DB289324C7407BABCA3297
:10629000BCBEC9150ABE9E3C4C0D109CC4671D4374
:1062A000B6423ECBBED4C54C2A7E65FC9C297F59A4
:1062B000ECFAD63AAB6FCB5F1758474A8C19446C4F
:1062C000853B8C01BDF124FFF825C30160DC37005C
:1062D000B74C3EFFC3423D00324CA401E1A44CFF49
:1062E0004C3DA3FF753E1F00519140FF76410E00CB
:1062F000A273D6FF068A2E007CE6F4FF0A8A8F007E
:10630000341AC200B8F44C00818F2901BEF413FF87
:106310007BAA7AFF6281440079D5930056651EFFFF
:10632000A1679B008C5943FFEFE5BE01430BB5000D
:10633000C6F089FEEE45BCFFEA713CFF25FF39FF40
:1063400045B2B6FE80D0B300761A7DFE0307D6FFB5
:10635000F1324DFF55CBC5FFD387FAFF193064FFEB
:10636000BBD5B4FE1158690053D19E01057362007C
:1063700004AE3CFEAB376EFFD9B511FF14BCAA00CA
:10638000929C66FE57D6AEFF727A9B01E92CAA005A
:106390007F08EF01D6ECEA00AF05DB00316A3DFF74
:1063A0000642D0FF026A6EFF51EA13FFD76BC0FFAF
:1063B0004397EE00132A6CFFE5557101324487FFC5
:1063C000116A0900326701FF5001A80123981EFFDE
:1063D00010A8B9013859E8FF65D2FC0029FA470036
:1063E000CCAA4FFF0E2EEFFF504DEF00BDD64BFF56
:1063F000118DF90026504CFFBE55750056E4AA00D9
:106400009CD8D001C3CFA4FF96424CFFAFE110FF50
:106410008D5062014CDBF200C6A272002EDA9800A9
:106420009B2BF1FE9BA068FFB209FCFE646ED400BA
:106430000E05A700E9EFA3FF1C979D0165920AFFD7
:10644000FE9E46FE47F9E400581E3200443AA0FF83
:10645000BF186801814281FFC03255FF08B38AFF2F
:1064600026FAC9007350A00083E671007D5893009E
:106470005A44C700FD4C9E001CFF760071FAFE00D6
:10648000424B2E00E6DA2B00E578BA0194442B004B
:10649000887CEE01BB6BC5FF5435F6FF3374FEFFFD
:1064A00033BBA5000211AF004254A001F73A1E0011
:1064B000234135FE45ECBF002D86F501A37BDD00B1
:1064C000206E14FF3417A500BAD64700E9B060006B
:1064D000F2EF360139598A00530054FF88A0640056
:1064E0005C8E78FE687CBE00B5B13EFFFA2955008F
:1064F00098822A0160FCF60097973FFEEF853E00E8
:1065000020389C002DA7BDFF8E85B3018356D30094
:10651000BBB396FEFAAA0EFF447115FFDEBA3BFF2D
:106520004207F10145064800569C6CFE37A759000A
:106530006D34DBFE0DB017FFC42C6AFFEF9547FFEB
:10654000A48C7DFF9FAD01003329E700913E21001F
:106550008A6F5D01B953450090732E00619710FF5B
:1065600018E41A0031D9E200714BEAFEC1990CFF20
:10657000B63060FF0E0D1A0080C3F9FE45C13B0026
:10658000842551FE7D6A3C00D6F0A901A4E34200B7
:10659000D2A34E0025349700634D1A00EE9CD5FF20
:1065A000D5C0D101492E54001441290136CE4F00E7
:1065B000C98392FEAA6F18FFB12132FEAB26CBFF32
:1065C0004EF77400D1DD99008580B2013A2C190094
:1065D000C9273B01BD13FC0031E5D20175BB750035
:1065E000B5B3B8010072DB00305E9300F5293800C6
:1065F0007D0DCCFEF4AD77002CDD20FE54EA1400B6
:10660000F9A0C601EC7EEAFF8F3EDD008159D6FF7E
:10661000378B05FE4414BFFF0ECCB20123C3D90053
:106620002F33CE0126F6A500CE1B06FE9E57240072
:10663000D93492FF7D7BD7FF553C1FFFAB0D070080
:10664000DAF558FEFC233C0037D6A0FF85653800FC
:10665000E02013FE9340EA001A91A20172767D00B9
:10666000F8FCFA00655EC4FFC68DE2FE332AB60070
:10667000870C09FE6DACD2FFC5ECC201F1419A0056
:10668000309C2FFF994337FFDAA522FE4AB4B300AE
:10669000DA424701587A6300D4B5DBFF5C2AE7FF92
:1066A000EF009A00F54DB7FF5E51AA0112D5D80050
:1066B000AB5D4700345EF8001297A1FEC5D142FFE2
:1066C000AEF40FFEA230B700313DF0FEB65DC30060
:1066D000C7E40601C80511FF892DEDFF6C94040085
:1066E0005A4FEDFF273F4DFF3552CF018E1676FFF3
:1066F00065E812015C1A430005C858FF21A88AFF0B
:1067000095E1480002D11BFF2CF5A801DCED11FF3B
:106710001ED369FE8DEEDD008050F5FE6FFE0E008B
:10672000DE5FBE01DF09F100924CD4FF6CCD68FF43
:106730003F7599009045300023E46F00C021C1FFF0
:1067400070D6BEFE7398970017665800334AF8005B
:10675000E2C78FFECCA265FFD061BD01F5681200D3
:10676000E6F61EFF179445006E5834FEE2B559FF59
:10677000D02F5AFE72A150FF2174F800B39857FF32
:106780004590B10158EE1AFF3A207101014D4500C4
:106790003B7934FF98EE53003408C100E727E9FF46
:1067A000C7228A00DE44AD005B39F2FEDCD27FFFF7
:1067B000C007F6FE9723BB00C3ECA5006F5DCE00BB
:1067C000D4F785019A85D1FF9BE70A00404E260049
:1067D0007AF964011E1361FF3E5BF901F8854D00F3
:1067E000C53FA8FE740A5200B8EC71FED4CBC2FFBC
:1067F0003D64FCFE2405CAFF775B99FF814F1D00B5
:106800006767ABFEEDD76FFFD8354500EFF0170097
:10681000C295DDFF26E1DE00E8FFB4FE765285FF7B
:1068200039D1B1018BE885009EB02EFEC2732E00D7
:1068300058F7E5011C67BF00DDDEAFFE95EB2C00CD
:1068400097E419FEDA6967008E55D2009581BEFF84
:10685000D5415EFE7586E0FF52C675009DDDDC0009
:10686000A3652400C572250068ACA6FE0BB6000027
:106870005148BCFF61BC10FF45060A00C79391FF59
:106880000809730141D6AFFFD9ADD100507FA600F2
:10689000F7E504FEA7B77CFF5A1CCCFEAF3BF0FF28
:1068A0000B29F8016C2833FF90B1C3FE96FA7E00E5
:1068B0008A5B4101783CDEFFF5C1EF001DD6BDFFCC
:1068C00080021900509AA2004DDC6B01EACD4AFF0C
:1068D00036A667FF74480900E45E2FFF1EC819FF43
:1068E00023D659FF3DB08CFF53E2A3FF4B82AC008F
:1068F000802611005F8998FFD77C9F014F5D0000C3
:1069000094529DFEC382FBFF28CA4CFFFB7EE00031
:106910009D633EFECF07E1FF6044C3008CBA9DFF3C
:106920008313E7FF2A80FE0034DB3DFE66CB480080
:106930008D070BFFBAA4D5001F7A770085F291006E
:10694000D0FCE8FF5BD5B6FF8F04FAFEF9D74A000A
:10695000A51E6F01AB09DF00E57B22015C821AFFF7
:106960004D9B2D01C38B1CFF3BE04E008811F700AF
:106970006C7920004FFABDFF60E3FCFE26F13E007B
:106980003EAE7DFF9B6F5DFF0AE6CE0161C528FF2D
:10699000003139FE41FA0D0012FB96FFDC6DD2FF8B
:1069A00005AEA6FE2C81BD00EB2393FF25F78DFFDE
:1069B000488D04FF676BFF00F75A0400352C2A004E
:1069C000021EF000043B3F00584E240071A7B400A3
:1069D000BE47C1FFC79EA4FF3A08AC004D210C0082
:1069E000413F0300994D21FFACFE6601E4DD04FF49
:1069F000571EFE01922956FF8ACCEFFE6C8D11FFC7
:106A0000BBF28700D2D07F00442D0EFE49603E00CD
:106A1000513C18FFAA0624FF03F91A0023D56D0084
:106A2000168136FF1523E1FFEA3D38FF3AD906000B
:106A30008F7C5800EC7E4200D126B7FF22EE06FF85
:106A4000AE9166005F16D300C40F99FE2E54E8FF86
:106A500075229201E7FA4AFF1B8664015CBBC3FF03
:106A6000AAC67000781C2A00D14643001D511F00A1
:106A70001DA86401A9ADA0006B2375003E603BFF1B
:106A8000510C450187EFBEFFDCFC1200A3DC3AFF8E
:106A90008989BCFF53666D0060064C00EADED2FFB8
:106AA000B9AECD013C9ED5FF0DF1D600AC818C0076
:106AB0005D68F200C09CFB002B751E00E1519E003A
:106AC0007FE8DA00E21CCB00E91B97FF752B05FF7E
:106AD000F20E2FFF2114060089FB2CFE1B1FF5FF71
:106AE000B7D67DFE28799500BA9ED5FF5908E300F8
:106AF000455800FECB87E100C9AECB009347B800F4
:106B0000127929FE5E054E00E0D6F0FE2405B400A1
:106B1000FB87E701A38AD400D2F974FE5881BB0039
:106B2000130831FE3E0E90FF9F4CD300D633520027
:106B30006D75E4FE67DFCBFF4BFC0F019A47DCFF6E
:106B4000170D5B018DA860FFB5B68500FA333700DD
:106B5000EAEAD4FEAF3F9E0027F034019EBD24FF39
:106B6000D528550120B4F7FF13661A01541861FFA8
:106B70004515DE00948B7AFFDCD5EB01E8CBFF00F6
:106B800079399300E3079A00351693014801E10033
:106B9000528630FE533C9DFF9148A9002267EF00CA
:106BA000C6E92F00741304FFB86A09FFB7815300C8
:106BB00024B0E60122674800DBA28600F52A9E0089
:106BC000209560FEA52C9000CAEF48FED7960500E0
:106BD0002A42240184D7AF0056AE56FF1AC59CFF47
:106BE00031E887FE67B65200FD80B00199B27A00A5
:106BF000F5FA0A00EC18B200896A8400281D290001
:106C0000321E98FF7C692600E6BF4B008F2BAA003E
:106C10002C8314FF2C0D17FFEDFF9B019F6D64FF6C
:106C200070B518FF68DC6C0037D38300630CD5FFA8
:106C3000989791FFEE059F00619B0800216C510021
:106C4000010367003E6D22FFFA9BB4002047C3FF9B
:106C5000264691019F5FF50045E56501881CF0001F
:106C60004FE019004E6E79FFF8A87C00BB80F7005A
:106C70000293EBFE4F0B8400463A0C01B508A3FFCC
:106C80004F8985FF25AA0BFF8DF355FFB0E7D7FF8E
:106C9000CC96A4FFEFD727FF2E579CFE08A358FFE2
:106CA000AC22E800422C66FF1B3629FEEC6357FF3E
:106CB000297BA90134722B00758628009B861A0057
:106CC000E7CF5BFE238426FF13667DFE24E385FF6A
:106CD000760371FF1D0D7C0098604A015892CEFF2B
:106CE000A7BFDCFEA21258FFB66417001F75340060
:106CF000512E6A010C0207004550C901D1F6AC00C3
:106D00000C308D01E0D3580074E29F007A6282005B
:106D100041ECEA01E1E209FFCFE27B0159D63B00F9
:106D2000708758015AF4CBFF310B2601816CBA00F1
:106D300059700F01652ECCFF7FCC2DFE4FFFDDFF7C
:106D4000334912FF7F2A65FFF115CA00A0E307004F
:106D50006932EC004F34C5FF68CAD001B40F10008F
:106D600065C54EFF624DCB0029B9F10123C17C00FE
:106D7000239B17FFCF35C0000B7DA301F99EB9FF00
:106D800004833000155D6FFF3D79E70145C824FF9E
:106D9000B930B9FF6FEE15FF273219FF63D7A3FF94
:106DA00057D41EFFA49305FF800623016CDF6EFFFE
:106DB000C24CB2004A65B400F32F3000AE192BFF6D
:106DC00052ADFD013672C0FF28375B00D76CB0FFB3
:106DD0000B380700E0E94C00D162CAFEF2197D00D1
:106DE0002CC15DFECB08B10087B013007047D5FF02
:106DF000CE3BB00104431A000E8FD5FE2A37D0FFD8
:106E00003C437800C115A30063A473000A14760004
:106E10009CD4DEFEA007D9FF72F54C01753B7B00C8
:106E2000B0C256FED50FB0004ECECFFED5813B008E
:106E3000E9FB1601603798FFECFF0FFFC55954FFBF
:106E40005D958500AEA07100EA63A9FF98745800B3
:106E500090A453FF5F1DC6FF222F0FFF637886FFAC
:106E600005ECC100F9F77EFF93BB1E0032E675FF0B
:106E70006CD9DBFFA351A6FF4819A9FE9B794FFFF0
:106E80001C9B59FE077E1100934121012FEAFD0052
:106E90001A3312006953C7FFA3C4E60071F8A400B7
:106EA000E2FEDA00BDD1CBFFA4F7DEFEFF23A50092
:106EB00004BCF3017FB3470025EDFEFF64BAF00088
:106EC000053947FE674849FFF41251FEE5D284FFB9
:106ED000EE06B4FF0BE5AEFFE3DDC00111311C008F
:106EE000A3D7C4FE097604FF33F0470071816DFF1C
:106EF0004CF0E700BCB17F007D472C011AAFF300D6
:106F00005EA919FE1BE61D000F8B7701A8AABAFF28
:106F1000ACC54CFFFC4BBC00897CC400481660FF2C
:106F20002D97F901DC91640040C09FFF78EFE200EB
:106F300081B2920000C07D00EB8AEA00B79D92000A
:106F400053C7C0FFB8AC48FF49E180004D06FAFFC7
:106F5000BA41430068F6CF00BC208AFFDA18F2007D
:106F6000438A51FEED8179FF14CF960129C710FFA6
:106F7000061480009F760500B5108FFFDC260F00F9
:106F8000174093FE491A0D0057E43901CC7C80006C
:106F90002B18DF00DB63C700164B14FF131B7E00AA
:106FA0009D3ED7006E1DE600B3A7FF0136FCBE0074
:106FB000DDCCB6FEB39E41FF519D0300C2DA9F00B7
:106FC000AADF0000E00B20FF26C56200A8A4250070
:106FD00017580701A4BA6E0060248600EAF2E500A3
:106FE000FA791300F2FE70FF032F5E0109EF06FF2E
:106FF000518699FED6FDA8FF437CE000F55F4A006C
:107000001C1E2CFE016DDCFFB2595900FC244C0003
:1070100018C62EFF4C4D6F0086EA88FF275E1D00C4
:10702000B948EAFF464487FFE76607FE4DE78C0054
:10703000A72F3A01946176FF101BE101A6CE8FFFC6
:107040006EB2D6FFB483A2008F8DE1010DDA4EFF40
:10705000729921016268CC00AF727501A7CE4B0016
:10706000CAC453013A4043008A2F6F01C4F780FF1E
:1070700089E0E0FE9E70CF009A64FF0186256B00D8
:10708000C6804FFF7FD19BFFA3FEB9FE3C0EF300ED
:107090001FDB70FE1DD94100C80D74FE7B3CC4FF90
:1070A000E03BB8FEF259C4007B104BFE9510CE00B9
:1070B00045FE3001E774DFFFD1A04101C8506200F6
:1070C00025C2B8FE943F22008BF041FFD99084FF87
:1070D00038262DFEC778D2006CB1A6FFA0DE0400D2
:1070E000DC7E77FEA56BA0FF52DCF801F1AF8800D3
:1070F000908D17FFA98A5400A0894EFFE27650FFB9
:10710000341B84FF3F608BFF98FA2700BC9B0F0065
:10711000E83396FE280FE8FFF0E509FF89AF1BFF73
:107120004B496101DAD40B008705A2016BB9D50088
:1071300002F96BFF28F24600DBC81900199D0D000B
:10714000435250FFC4F917FF911495003248920042
:107150005E4C940118FB41001FC01700B8D4C9FF52
:107160007BE9A201F7AD4800A257DBFE7E865900FD
:107170009F0B0CFEA6691D00491BE4017178B7FF47
:1071800042A36D01D48F0BFF9FE7A801FF805A0037
:10719000390E3AFE59340AFFFD08A3010091D2FFCF
:1071A0000A8155012EB51B006788A0FE7EBCD1FF69
:1071B00022236F00D7DB18FFD40BD6FE65057600BF
:1071C000E8C585FFDFA76DFFED5056FF468B5E00DB
:1071D0009EC1BF019B0F33FF0FBE73004E87CFFFD1
:1071E000F90A1B01B57DE9005FAC0DFEAAD5A1FF30
:1071F00027EC8AFF5F5D57FFBE805F007D0FCE00EA
:10720000A6969F00E30F9EFFCE9E78FF2A8D8000FA
:1072100065B278019C6D8300DA0E2CFEF7A8CEFFD4
:10722000D4701C007011E4FF5A102501C5DE6C00FB
:10723000FECF53FF095AF3FFF3F4AC001A5873FF63
:10724000CD747A00BFE6C100B4640B01D92560FF9C
:107250009A4E9C00EBEA1FFFCEB2B2FF95C0FB0036
:10726000B6FA8700F61669007CC16DFF02D295FF61
:10727000A911AA0000606EFF75090801327B28FF82
:10728000C1BD630022E3A000305046FED333EC00C2
:107290002D7AF5FE2CAE0800AD25E9FF9E41AB002E
:1072A0007A45D7FF5A5002FF836A60FEE372870077
:1072B000CD3177FEB03E40FF523311FFF114F3FFA2
:1072C000820D08FE80D9F3FFA21B01FE5A76F10061
:1072D000F6C6F6FF371076FFC89F9D00A311010088
:1072E0008C6B790055A176FF260095009C2FEE004F
:1072F00009A6A6014B62B5FF324A1900420F2F00C2
:107300008BE19F004C038EFF0EEEB8000BCF35FFD4
:10731000B7C0BA01AB20AEFFBF4CDD01F7AADB005E
:1073200019AC32FED909E900CB7E44FFB75C3000CE
:107330007FA7B7014131FE00103F7F01FE15AAFF74
:107340003BE07FFE16303FFF1B4E82FE28C31D0030
:10735000FA8470FE23CB900068A9A800CFFD1EFF21
:10736000682826FE5EE45800CE1080FFD4377AFFEE
:10737000DF16EA00DFC57F00FDB5B5019166760036
:10738000EC9924FFD4D948FF142618FE8A3E3E000B
:10739000988C0400E6DC63FF0115D4FF94C9E70074
:1073A000F47B09FE00ABD200333A25FF01FF0EFF4C
:1073B000F4B791FE00F2A600164A840079D829009D
:1073C0005FC372FE851897FF9CE2E7FFF7054DFF4C
:1073D000F69473FEE15C51FFDE50F6FEAA7B59FF86
:1073E0004AC78D001D1408FF8A8846FF5D4B5C006C
:1073F000DD9331FE347EE200E57C17002E09B500F6
:10740000CD40340183FE1C00979ED40083404E0083
:10741000CE19AB0000E68B00BFFD6EFE67F7A7003C
:10742000402828012AA5F1FF3B4BE4FE7CF3BDFF79
:10743000C45CB2FF828C56FF8D59380193C605FF9C
:10744000CBF89EFE90A28D000BACE200822A15FFC5
:1074500001A78FFF902424FF3058A4FEA8AADC00C7
:107460006247D6005BD04F009F4CC901A62AD6FFC9
:1074700045FF00FF06807DFFBE018C009253DAFFBE
:10748000D7EE48017A7F3500BD74A5FF540842FF4E
:10749000D603D0FFD56E8500C3A82C019EE745001A
:1074A000A240C8FE5B3A6800B63ABBFEF9E4880029
:1074B000CB864CFE63DDE9004BFED6FE50459A00BC
:1074C0004098F8FEEC88CAFF9D6999FE95AF1400BC
:1074D000162313FF7C79E900BAFAC6FE84E58B0017
:1074E0008950AEFFA57D440090CA94FEEBEFF800F2
:1074F00087B87600655E11FF7A4846FE45829200A5
:107500007FDEF801457F76FF1E52D7FEBC4A13FF8F
:10751000E5A7C2FE751942FF41EA38FED5169C0068
:10752000973B5DFE2D1C1BFFBA7EA4FF2006EF00DB
:107530007F726301DB3402FF6360A6FE3EBE7EFF06
:107540006CDEA8014BE2AE00E6E2C7003C75DAFF54
:10755000FCF81401D6BCCC001FC286FE7B45C0FFE0
:10756000A9AD24FE37625B00DF2A66FE8901660052
:107570009D5A1900EF7A40FFFC06E900073614FF18
:107580005274AE00872536FF0FBA7D00E370AFFF5F
:1075900064B4E1FF2AEDF4FFF4ADE2FEF81221003D
:1075A000AB6396FF4AEB32FF755220FE6AA8ED00EE
:1075B000CF6DD001E409BA00873CA9FEB35C8F000F
:1075C000F4AA68FFEB2D7CFF4663BA007589B7000B
:1075D000E01FD700280964001A105F0144D9570042
:1075E000089714FF1A643AFFB0A5CB013476460021
:1075F0000720FEFEF4FEF5FFA790C2FF7D7117FF86
:10760000B079B5008854D1008A061EFF59301C009D
:10761000219B0EFF19F09A008DCD6D0146733EFF40
:1076200014286BFE8A9AC7FF5EDFE2FF9DAB26003F
:10763000A3B119FE2D7603FF0EDE1701D1BE51FF57
:10764000767BE8010DD565FF7B377BFE1BF6A50039
:1076500032634CFF8CD620FF614143FF180C1C00A5
:10766000AE564E0140F76000A08743004237F3FF5B
:1076700093CC60FF1A0621FF6233530199D5D0FFE6
:1076800002B836FF19DA0B003143F6FE129548FFB7
:107690000D1948002A4FD6002A0426011B8B90FFA3
:1076A00095BB170012A48400F554B8FE78C668FF95
:1076B0007EDA60003875EAFF0D1DD6FE442F0AFF02
:1076C000A79A84FE9826C60042B259FFC82EABFF87
:1076D0000D6353FFD2BBFDFFAA2D2A018AD17C0086
:1076E000D6A28D000CE69C00662470FE0393430036
:1076F00034D77BFFE9AB36FF62893E00F7DA27FF1C
:10770000E7DAEC00F7BF7F00C3925400A5B05CFF3E
:1077100013D45EFF114AE30058289901C69301FF74
:10772000CE43F5FEF003DAFF3D8DD5FF61B76A0069
:10773000C3E8EBFE5F569A00D130CDFE76D1F1FF63
:10774000F078DF01D51D9F00A37F93FF0DDA5D0068
:10775000551844FE461450FFBD058C015261FEFFD2
:107760006363BFFF845485FF6BDA74FF707A2E0069
:1077700069112000C2A03FFF44DE2701D8FD5C0054
:10778000B169CDFF95C9C3002AE10BFF28A27300A0
:1077900009075100A5DADB00B41600FE1D92FCFFBC
:1077A00092CFE101B48760001FA37000B10BDBFF33
:1077B000850CC1FE2B4E3200417179013BD906FF89
:1077C0006E5E180170AC6F00070F600024557B00DF
:1077D000479615FFD049BC00C00BA701D5F5220084
:1077E00009E65C00A28E27FFD75A1B006261590090
:1077F0005E4FD3005A9DF0005FDC7E0166B0E20070
:10780000241EE0FE231F7F00E7E87301555382002A
:10781000D249F5FF2F8F72FF4441C5003B483EFF20
:10782000B785ADFE5D7976FF3BB151FFEA45ADFF0F
:10783000CD80B100DCF433001AF4D10149DE4DFFF4
:10784000A30860FE9695D3009EFECB01367F8B0089
:10785000A1E03B00046D16FFDE2A2DFFD09266FFEB
:10786000EC8EBB0032CDF5FF0A4A59FE304F8E0038
:10787000DE4C82FF1EA63F00EC0C0DFF31B8F40079
:10788000BB716600DA65FD009939B6FE20962A00C4
:1078900019C69201EDF138008C4405005BA4ACFFE1
:1078A0004E91BAFE4334CD00DBCF81016D731100E0
:1078B000368F3A0115F878FFB3FF1E00C1EC42FF86
:1078C00001FF07FFFDC030FF1345D90103D600FFBC
:1078D00040659201DF7D23FFEB49B3FFF9A7E2008A
:1078E000E1AF0A0161A23A006A70AB0154AC05FF36
:1078F000858CB2FF86F58E00615A7DFFBACBB9FF49
:10790000DF4D17FFC05C6A000FC673FFD998F800FF
:10791000ABB278FFE4863500B036C101FAFB350022
:10792000D50A640122C76A00971FF4FEACE057FF36
:107930000EED17FFFD551AFF7F2774FFAC6864003A
:10794000FB0E46FFD4D08AFFFDD3FA00B031A5006C
:107950000F4C7BFF25DAA0FF5C8710010A7E72FFC7
:107960004605E0FFF7F98D0044143C01F1D2BDFF5C
:10797000C3D9BB0197037100975CAE00E73EB2FF2D
:10798000DBB7E100171721FFCDB5500039B8F8FF7C
:1079900043B401FF5A7B5DFF2700A2FF60F834FF6C
:1079A00054428C00227FE4FFC28A0701A66EBC000D
:1079B00015119B019ABEC6FFD6503BFF12078F00E0
:1079C000481DE201C7D9F900E8A1470195BEC900E9
:1079D000D9AF5FFE719343FF8A8FC7FF7FCC010051
:1079E0001DB65301CEE69BFFBACC3C000A7D55FF85
:1079F000E86019FFFF59F7FFD5FEAF01E8C151005C
:107A00001C2B9CFE0C4508009318F80012C6310090
:107A1000863C230076F612FF3158FEFEE415BAFFCD
:107A2000B6417001DB1601FF167E34FFBD3531FF14
:107A300070198F00267F37FFE265A3FED0853DFFDA
:107A40008945AE01BE7691FF3C62DBFFD90DF5FFA3
:107A5000FA880A0054FEE200C91F7D01F033FBFFE3
:107A60001F8382FF028A32FFD7D7B101DF0CEEFFFE
:107A7000FC9538FF7C5B44FF487EAAFE77FF6400DC
:107A80008287E8FF0E4FB200FA83C5008AC6D00095
:107A900079D88BFE771224FF1DC17A00102A2DFFA2
:107AA000D5F0EB01E6BEA9FFC623E4FE6EAD4800AB
:107AB000D6DDF1FF38948700C0754EFE8D5DCFFF97
:107AC0008F419500151262FF5F2CF4016ABF4D00D3
:107AD000FE5508FED66EB0FF49AD13FEA0C4C7FF29
:107AE000ED5A9000C1AC71FFC89B88FEE45ADD00DE
:107AF00089314A01A4DDD7FFD1BD05FF69EC37FF0D
:107B00002A1F8101C1FFEC002ED93C008A58BBFF1F
:107B1000E252ECFF514597FF8EBE10010D86080022
:107B20007F7A30FF51409C00ABF38B00ED23F600D1
:107B30007A8FC1FED47A92005F29FF0157844D00ED
:107B400004D41F00111F4E00272DADFE188ED9FF43
:107B50005F0906FFE3530600623B82FE3E1E2100E2
:107B60000873D301A26180FF07B817FE741CA8FF39
:107B7000F88A97FF62F4F000BA76820072F8EBFFA1
:107B800069ADC801A07C47FF5E24A401AF4192FF0C
:107B9000EEF1AAFECAC6C500E4478AFE2DF66DFFC7
:107BA000C2349E0085BBB00053FC9AFE59BDDDFF78
:107BB000AA49FC00943A7D00244433FE2A45B1FFD3
:107BC000A84C56FF2664CCFF26352300AF13610076
:107BD000E1EEFDFF51518700D21BFFFEEB496B0028
:107BE00008CF7300527F8800546315FECF138800BE
:107BF00064A4650050D04DFF84CFEDFF0F030FFF4D
:107C000021A66E009C5F55FF25B96F01966A23FF80
:107C1000A6974C00725787FF9FC240000C7A1FFF47
:107C2000E80765FEAD7762009A47DCFEBF3935FF95
:107C3000A8E8A0FFE02063FFDA9CA5009799A300C5
:107C4000D90D9401C5715900951CA1FECF171E00D6
:107C50006984E3FF36E65EFF85ADCCFF5CB79DFF30
:107C60005890FCFE66215A009F610300B5DA9BFF25
:107C7000F07277006AD635FFA5BE7301985BE1FF0D
:107C8000586A2CFFD03D710097347C00BF1B9CFFCD
:107C90006E36EC010E1EA6FF277FCF01E5C71C0044
:107CA000BCE4BCFE649DEB00F6DAB7016B16C1FFC5
:107CB000CEA05F004CEF9300CFA1750033A602FF6A
:107CC00034750AFE4938E3FF98C1E100845E88FFFD
:107CD00065BFD100206BE5FFC62BB40164D27600EE
:107CE000724399FF17581AFF599A5C01DC788CFF90
:107CF0009072CFFFFC73FAFF22CE48008A857FFF87
:107D000008B27C01574B61000FE55CFEF04383FF36
:107D1000767BE3FE927868FF91D5FF0181BB46FF39
:107D2000DB7736000113AD002D969401F85348001F
:107D3000CBE9A9018E6B3800F7F926012DF250FF2F
:107D40001EE967006052460017C96F0051271EFFE9
:107D5000A1B74EFFC2EA21FF44E38CFED8CE7400E7
:107D6000461BEBFF68904F00A4E65DFED6879C00A3
:107D70009ABBF2FEBC1483FF246DAE009F70F1002D
:107D8000056E950124A5DA00A61D1301B22E490047
:107D90005D2B20FEF8BDED00669B8D00C95DC3FF25
:107DA000F18BFDFF0F6F62FF6C41A3FE9B4FBEFF87
:107DB00049AEC1FEF62830FF6B580BFECA6155FF75
:107DC000FDCC12FF71F242006EA0C2FED012BA00CA
:107DD00051153C00BC68A7FF7CA661FED2858E00D1
:107DE00038F289FE296F82006F973A016FD58DFFB7
:107DF000B7ACF1FF2606C4FFB9077BFF2E0BF600D8
:107E0000F56977010F02A1FF08CE2DFF12CA4AFFC4
:107E1000537C7301D48D9D005308D1FE8B0FE8FF76
:107E2000AC36ADFE32F78400D6BDD50090B86900FF
:107E3000DFFEF800FF93F0FF17BC48000733360061
:107E4000BC19B4FEDCB400FF53A01400A3BDF3FFC3
:107E50003AD1C2FF57493C006A183100F5F9DC00FD
:107E600016ADA700760BC3FF137EED006E9F25FFB6
:107E70003B522F00B4BB5600BC94D001642585FF53
:107E80000770C10081BC9CFF546A81FF85E1CA0074
:107E90000EEC6FFF28146500ACAC31FE33364AFFA0
:107EA000FBB9B8FF5D9BE0FFB4F9E001E6B29200D8
:107EB000483936FEB23EB80077CD4800B9EFFDFF35
:107EC0003D0FDA00C44338FFEA20AB012EDBE400AB
:107ED000D06CEAFF143FE8FFA535C70185E405FF34
:107EE00034CD6B004AEE8CFF969CDBFEEFACB2FF0C
:107EF000FBBDDFFE208ED3FFDA0F8A01F1C45000F4
:107F00001C2462FE16EAC7003DEDDCFFF6392500B1
:107F10008E118EFF9D3E1A002BEE5FFE03D906FFE9
:107F2000D519F00127DCAEFF9ACD30FE130DC0FF4E
:107F3000F42236FE8C109B00F0B505FE9BC13C0080
:107F4000A68004FF249138FF96F0DB00783391007F
:107F500052992A018CEC92006B5CF801BD0A030077
:107F60003F88F200D327180013CAA101AD1BBAFF46
:107F7000D2CCEFFE29D1A2FFB6FE9FFFAC74340035
:107F8000C367DEFECD453B0035162901DA30C2005D
:107F900050D2F200D2BCCF00BBA1A1FED81101008B
:107FA00088E17100FAB83F00DF1E62FE4DA8A20012
:107FB0003B35AF0013C90AFF8BE0C20093C19AFFA3
:107FC000D4BD0CFE01C8AEFF328571015EB35A000C
:107FD000ADB687005EB171002B59D7FF88FC6AFFF0
:107FE0007B8653FE05F542FF52312701DC02E0009B
:107FF0006181B1004D3B59003D1D9B01CBABDCFFC6
:108000005C4E8B009121B5FFA9188D013796B30006
:108010008B3C50FFDA27610002936BFF3CF848006D
:10802000ADE62F010653B6FF1069A2FE89D451FFB9
:10803000B4B8860127DEA4FFDD69FB01EF707D0087
:108040003F0761003F68E3FF943A0C005A3CE0FFB1
:1080500054D4FC004FD7A800F8DDC70173790100A4
:1080600024AC780020A2BBFF396B31FF932A1500A6
:108070006AC62B01394A57007ECB51FF8187C30066
:108080008C1FB100DD8BC20003DED7008344E70004
:10809000B156B2FE7C97B400B87C260146A311000D
:1080A000F9FBB5012A37E300E2A12C0017EC6E00C2
:1080B00033958E015D05EC00DAB76AFE43184D007A
:1080C00028F5D1FFDE799900A5391E00537D3C00CB
:1080D00046265201E506BC006DDE9DFF37763FFF68
:1080E000CD97BA00E32195FFFEB0F601E3B1E300BE
:1080F000226AA3FEB02B4F006A5F4E01B9F17AFFEE
:10810000B90E3D002401CA000DB2A2FFF70B840096
:10811000A1E65C014101B9FFD432A5018D9240FF77
:108120009EF2DA0015A47D00D58B7A0143475700F3
:10813000CB9EB201975C2B00986F05FF2703EFFFE2
:10814000D9FFFAFFB03F47FF4AF54D01FAAE12FFE3
:108150002231E3FFF62EFBFF9A2330017D9D3DFF88
:108160006A244EFF61EC990088BB78FF7186ABFFF3
:1081700013D5D9FED85ED1FFFC053D005E03CA00D1
:10818000031AB7FF40BF2BFF1E171500818D4DFF4F
:1081900066780701C24C8C00BCAF34FF11519400CB
:1081A000E8563701E130AC00862A2AFFEE322F0074
:1081B000A912FE00149357FF0EC3EFFF45F71700F7
:1081C000EEE580FFB1317000A862FBFF7947F8004F
:1081D000F30891FEF6E399FFDBA9B1FEFB8BA5FF47
:1081E0000CA3B9FFA428ABFF999F1BFEF36D5BFFA7
:1081F000DE18700112D6E7006B9DB5FEC39300FF39
:10820000C26368FF598CBEFFB1427EFE6AB942006C
:1082100031DA1F00FCAE9E00BC4FE601EE29E00003
:10822000D4EA0801880BB500A67553FF44C35E006D
:108230002E84C900F0985800A43945FEA0E02AFF1A
:108240003BD743FF77C38DFF24B479FECF2F08FFC0
:10825000AED2DF0065C544FFFF528D01FA89E90007
:10826000615685011050450084839F00745D640051
:108270002D8D8B0098AC9DFF5A2B5B0047992E00EB
:10828000271070FFD98861FFDCC619FEB1353100B7
:10829000DE5886FF800F3C00CFC0A9FFC074D1FF1D
:1082A0006A4ED301C8D5B7FF070C7AFEDECB3CFF80
:1082B000216EC7FEFB6A7500E4E10401783A07FF0E
:1082C000DDC154FE70851B00BDC8C9FF8B879600B9
:1082D000EA37B0FF3D324100986CA9FFDC5501FF41
:1082E0007087E300A21ABA00CF60B9FEF4886B0071
:1082F0005D993201C66197006E0B56FF8F75AEFF18
:1083000073D4C80005CAB700EDA40AFEB9EF3E0059
:10831000EC7812FE627B63FFA8C9C2FE2EEAD6008B
:10832000BF8531FF63A97700BEBB230173152DFF05
:10833000F983480070067BFFD631B5FEA6E922001E
:108340005CC566FEFDE4CDFF033BC9012A622E0039
:10835000DB2523FFA9C326005E7CC1019C2BDF0027
:108360005F4885FE78CEBF007AC5EFFFB1BB4FFFF7
:10837000FE2E0201FAA7BE0054811300CB71A6FFA6
:10838000F91FBDFE489DCAFFD04749FFCF184800DE
:108390000A101201D2514CFF58D0C0FF7EF36BFF80
:1083A000EE8D78FFC779EAFF890C3BFF24DC7BFF69
:1083B00094B33CFEF00C1D0042006101241E26FF18
:1083C00073015DFF6067E7FFC59E3B01C0A4F0003D
:1083D000CACA39FF18AE3000594D9B012A4CD7004C
:1083E000F497E90017305100EF7F34FEE38225FF58
:1083F000F8745D017C847600ADFEC00106EB53FF8E
:108400006EAFE701FB1CB60081F95DFE54B8800039
:108410004CB53E00AF80BA00643588FE6D1DE200A9
:10842000DDE93A0114634A000016A000860D15002C
:10843000093437FF11598C00AF223B0054A577FF58
:10844000E0E2EAFF0748A6FF7B73FF0112D6F600C1
:10845000FA074701D9DCB900D4234CFF267DAF00D1
:10846000BD61D20072EE2CFF29BCA9FE2DBA9A0084
:10847000515C160084A0C10079D062FF0D512CFF21
:10848000CB9C5200473A15FFD072BFFE32269300B4
:108490009AD8C300651912003CFAD7FFE984EBFFB4
:1084A00067AF8E01100E5C008D1F6EFEEEF12DFF8A
:1084B00099D9EF0161A82FFFF95510011CAF3EFFBC
:1084C00039FE3600DEE77E00A62D75FE12BD60FF88
:1084D000E44C3200C8F45E00C6987801442245FF9F
:1084E0000C41A0FE65135A00A7C578FF4436B9FFBA
:1084F00029DABC0071A830005869BD011A5220FF6A
:10850000B95DA401E4F0EDFF42B63500ABC55CFFF8
:108510006B09E901C77890FF4E310AFF6DAA69FF28
:108520005A041FFF1CF471FF4A3A0B003EDCF6FFB1
:10853000799AC8FE90D2B2FF7E3981012BFA0EFFE4
:10854000656F1C012F56F1FF3D4696FF354905FF2B
:108550001E1A9E00D11A56008AED4A00A45FBC0084
:108560008E3C1DFEA274F8FFBBAFA0009712100056
:10857000D16F41FECB8627FF586C31FF831A47FF2E
:10858000DD1BD7FE68695DFF1FEC1FFE8700D3FF70
:108590008F7F6E01D449E500E943A7FEC301D0FFF8
:1085A0008411DDFF33D95A0043EB32FFDFD28F0055
:1085B000B3358201E96AC600D9ADDCFF70E518FF6A
:1085C000AF9A5DFE47CBF6FF304285FF0388E6FF9A
:1085D00017DD71FEEB6FD500AA785FFEFBDD0200B0
:1085E0002D829EFE695ED9FFF234B4FED5442DFF84
:1085F00068261C00F49E4C00A1C860FFCF350DFF1B
:10860000BB439400AA36F80077A2B2FF53140B00C4
:108610002A2AC001929FA3FFB7E86F004DE515FF1E
:1086200047358F001B4C2200F6882FFFDB27B6FF53
:108630005CE0C901138E0EFF45B6F1FFA376F5008D
:10864000096D6A01AAB5F7FF4E2FEEFF54D2B0FFB5
:10865000D56B8B0027260B004815960048824500F5
:10866000CD4D9BFE8E851500476FACFEE22A3BFF89
:10867000B300D7012180F100EAFC0D01B84F0800DA
:108680006E1E49FFF68DBD00AACFDA014A9A45FF5A
:108690008AF631FF9B2064007D4A69FF5A553DFFF1
:1086A00023E5B1FF3E7DC1FF9956BC014978D40056
:1086B000D17BF6FE87D126FF973A2C015C45D6FF89
:1086C0000E0C58FFFC99A6FFFDCF70FF3C4E53FFE8
:1086D000E37C6E00B460FCFF357521FEA4DC52FF24
:1086E00029011BFF26A4A6FFA463A9FE3D9046FF17
:1086F000C0A612006BFA4200C541320001B312FF5E
:10870000FF6801FF2B9923FF506FA8006EAFA800F0
:1087100029692DFFDB0ECDFFA4E98CFE2B0176002D
:10872000E943C300B2529FFF8A577AFFD4EE5AFF43
:1087300090237CFE198CA400FBD72CFE85466BFF92
:1087400065E350FE5CA93700D72A310072B455FFAB
:1087500021E81B01ACD519003EB07BFE208518FF37
:10876000E1BF3E005D469900B52A680116BFE0FFF3
:10877000C8C88CFFF9EA250095398D00C338D0FFB1
:10878000FE8246FF20ADF0FF1DDCC7006E6473FF64
:1087900084E5F900E4E9DFFF25D8D1FEB2B1D1FFCD
:1087A000B72DA5FEE06172008961A8FFE1DEAC0093
:1087B000A50D3101D2EBCCFFFC041CFE46A09700B6
:1087C000E8BE34FE53F85DFF3ED74D01AFAFB3FFB7
:1087D000A03242007930D0003FA9D1FF00D2C800BA
:1087E000E0BB2C0149A2520009B08FFF134CC1FF1E
:1087F0001D3BA701182B9A001CBEBE008DBC81003A
:10880000E8EBCBFFEA006DFF36419F003C58E8FFE4
:1088100079FD96FEFCE983FFC66E2901534D47FFA3
:10882000C8163BFE6AFDF2FF150CCFFFED42BD00FE
:108830005AC6CA01E1AC7F003516CA0038E684008A
:108840000156B7006DBE2A00F344AE016DE49A00F4
:10885000C8B17A0123A0B7FFB13055FF5ADAA9FF9A
:10886000F8984E00CAFE6E0006342B008E6241FF5F
:108870003F911600466A5D00E88A6B016EB33DFFCA
:10888000D381DA01F2D15C00235AD901B68F6AFF95
:108890007465D9FF72FADDFFADCC06003C96A300EB
:1088A00049AC2CFFEF6E50FFED4C99FEA18CF90006
:1088B00095E8E500851F28FFAEA477007133D60048
:1088C00081E402FE4022F3006BE3F4FFAE6AC8FFCE
:1088D0005499460132231000FA4AD8FEECBD42FFFB
:1088E00099F90D00E6B204FFDD29EE0076E379FF89
:1088F0005E578CFEFE775C0049EFF6FE75578000F0
:1089000013D391FFB12EFC00E55BF6014580F7FF24
:10891000CA4D3601080B09FF9960A600D9D6ADFFF4
:1089200086C0020100CF0000BDAE6B018C866400E2
:108930009EC1F301B666AB00EB9A33008E057BFF58
:108940003CA85901D90E5CFF13D60501D3A7FE0040
:108950002C06CAFE7812ECFF0F71B8FFB8DF8B004F
:1089600028B177FEB67B5AFFB0A5B000F74DC20024
:108970001BEA7800E700D6FF3B271E007D6391FFCE
:10898000964444018DDEF800997BD2FF6E7F98FFFC
:10899000E521D60187DDC500896102000C8FCCFF7F
:1089A0005129BC00734F82FF5E03840098AFBBFF68
:1089B0007C8D0AFF7EC0B3FF0B67C60095062D00B5
:1089C000DB55BB01E612B2FF48B6980003C6B8FFFC
:1089D0008070E00161A1E600FE6326FF3A9FC500BA
:1089E0009742DB003B458FFFB970F90077882FFF76
:1089F0007B828400A8475FFF71B02801E8B9AD0011
:108A0000CF5D7501449D6CFF660593FE31612100C9
:108A100059416FFEF71EA3FF7CD9DD0166FAD8002D
:108A2000C6AE4BFE39371200E305EC01E5D5AD00CB
:108A3000C96DDA0131E9EF001E379E0119B26A00F3
:108A40009B6FBC015E7E8C00D71FEE014DF01000C5
:108A5000D5F219012647A800CDBA5DFE31D38CFFAF
:108A6000DB00B4FF8676A500A09386FF6EBA23FFD5
:108A7000C6F32A00F392770086EBA30104F187FF87
:108A8000C12EC1FE67B44FFFE104B8FEF27682004A
:108A90009287B001EA6F1E004542D5FE29607B0037
:108AA000795E2AFFB2BFC3FF2E822A00755408FFE9
:108AB000E931D6FEEE7A6D0006475901ECD37B0012
:108AC000F40D30FE77940E00721C56FF4BED19FF2B
:108AD00091E510FE816435FF869678FEA89D3200F0
:108AE000174868FFE0310E00FF7B16FF97B997FF2C
:108AF000AA50B80186B614002964650199211000B6
:108B00004C9A6F0156CEEAFFC0A0A4FEA57B5DFF84
:108B100001D8A4FE4311AFFFA90B3BFF9E293DFFE7
:108B200049BC0EFFC30689FF16931DFF146703FFA0
:108B3000F682E3FF7A288000E22F18FE232420002B
:108B400098BAB7FF45CA1400C385C300DE33F700E7
:108B5000A9AB5E01B700A0FF40CD12019C530FFFEF
:108B6000C53AF9FEFB596EFF320A58FE332BD80086
:108B700062F2C601F5977100ABECC201C51FC7FFD9
:108B8000E5512601293B1400FD68E600985D0EFFC3
:108B9000F6F292FED6A9F0FFF0666CFEA0A7EC00FC
:108BA0009ADABC0096E9CAFF1B13FA01024785FF57
:108BB000AF0C3F0191B7C600687873FF82FBF700E6
:108BC00011D4A7FF3E7B84FFF764BD009BDF9800B4
:108BD0008FC521009B3B2CFF965DF0017F0357FF63
:108BE0005F47CF01A75501FFBC9874FF0A17170014
:108BF00089C35D0136626100F000A8FF94BC7F006C
:108C0000866B97004CFDAB005A84C000921636006C
:108C1000E04236FEE6BAE5FF27B6C40094FB82FFC9
:108C200041836CFE8001A000A931A7FEC7FE94FF1E
:108C3000FB068300BBFE81FF55523E00B2173AFF90
:108C4000FE840500A4D5270086FC92FE253551FF41
:108C50009B865200CDA7EEFF5E2DB4FF8428A100B5
:108C6000FE6F7001364BD900B3E6DD01EB5EBFFF4E
:108C700017F33001CA91CBFF27762AFF758DFD00CF
:108C8000FE00DE002BFB320036A9EA015044D00082
:108C900094CBF3FE9107870006FE0000FCB97F002D
:108CA000620881FF262348FFD324DC01281A5900DB
:108CB000A840C5FE03DEEFFF0253D7FEB49F690054
:108CC0003A73C200BA746AFFE5F7DBFF8176C10030
:108CD000CAAEB701A6A14800C96B93FEED884A0051
:108CE000E9E66A01696FA80040E01E0101E50300A2
:108CF0006697AFFFC2EEE4FFFEFAD400BBED790049
:108D000043FB6001C51E0B00B75FCC00CD598A0044
:108D100040DD2501FFDF1EFFB230D3FFF1C85AFF4F
:108D2000A7D160FF3982DD002E72C8FF3DB8420036
:108D300037B618FE6EB62100ABBEE8FF725E1F00AC
:108D400012DD08002FE7FE00FF705300760FD7FFFB
:108D5000AD1928FEC0C11FFFEE1592FFABC176FF13
:108D600065EA35FE83D4700059C06B0108D01B0042
:108D7000B5D90FFFE795E8008CEC7E009009C7FF9E
:108D80000C4FB5FE93B6CAFF136DB6FF31D4E100A8
:108D90004AA3CB00AFE994001A703300C1C109FFA8
:108DA0000F87F90096E38200CC00DB0118F2CD00BA
:108DB000EED075FF16F470001AE522002550BCFFB6
:108DC000262DCEFEF05AE1FF1D032FFF2AE04C00B6
:108DD000BAF3A70020840FFF05337D008B871800AE
:108DE00006F1DB00ACE585FFF6D63200E70BCFFFDE
:108DF000BF7E5301B4A3AAFFF5381801B2A4D3FF74
:108E00000310CA01623976FF8D8359FE21331800A1
:108E1000F3955BFFFD340E0023A943FE311E58FF7E
:108E2000B31B24FFA58CB7003ABD9700581F000064
:108E30004BA942004265C7FF18D8C70179C41AFF81
:108E40000E4FCBFEF0E251FF5E1C0AFF53C1F0FF54
:108E5000CCC183FF5E0F5600DA289D0033C1D100DC
:108E600000F2B10066B9F7009E6D740026875B00C2
:108E7000DFAF9500DC4201FF563CE800196025FF9A
:108E8000E17AA201D7BBA8FF9E9D2E0038ABA200BD
:108E9000E8F065017A160900330915FF3519EEFF70
:108EA000D91EE8FE7DA994000DE86600940925000E
:108EB000A5618D01E4832900DE0FF3FFFE1211008E
:108EC000063CED016A0371003B84BD005C701E002E
:108ED00069D0D5003054B3FFBB79E7FE1BD86DFFD6
:108EE000A2DD6BFE49EFC3FFFA1F39FF958759FFDB
:108EF000B917730103A39DFF1270FA001939BBFF64
:108F0000A160A4002F10F3000C8DFBFE43EAB8FF14
:108F10002912A100AF0660FFA0AC34FE18B0B7FF65
:108F2000C6C155017C7989FF973272FFDCCB3CFFCB
:108F3000CFEF050100266BFF37EE5EFE46985E0020
:108F4000D5DC4D01781145FF55A4BEFFCBEA510099
:108F5000263125FE3D907C00894E31FEA8F7300079
:108F60005FA4FC0069A98700FDE4860040A64B00D1
:108F7000514914FFCFD20A00EA6A96FF5E225AFFD7
:108F8000FE9F39FEDC8563008B93B4FE1817B90091
:108F900029391EFFBD614C0041BBDFFFE0AC25FF5E
:108FA000223E5F01E790F0004D6A7EFE40985B0034
:108FB0001D629B00E2FB35FFEAD305FF90CBDEFF8D
:108FC000A4B0DDFE05E71800B37ACD00240186FFCA
:108FD0007D4697FE61E4FC00AC8117FE305AD1FF5C
:108FE00096E0520154861E00F1C42E006771EAFF1C
:108FF0002E6579FE287CFAFF872DF2FE09F9A8FF7D
:109000008C6C83FF8FA3AB0032ADC7FF58DE8EFFA1
:10901000C85F9E008EC0A3FF077587006F7C160097
:10902000EC0C41FE442641FFE3AEFE00F4F52600C1
:10903000F032D0FFA13FFA003CD1EF007A231300B9
:109040000E21E6FE029F71006A147FFFE4CD6000EE
:1090500089D2AEFEB4D490FF59629A0122588B0097
:10906000A7A27001416EC500F125A900423883FF17
:109070000AC953FE85FDBBFFB1702DFEC4FB000085
:10908000C4FA97FFEEE8D6FF96D1CD001CF076002B
:10909000474C5301EC635B002AFA8301601240FFE6
:1090A00076DE230071D6CBFF7A77B8FF4213240017
:1090B000CC40F90092598B00863E870168E9650033
:1090C000BC541A0031F98100D0D64BFFCF824DFF3E
:1090D00073AFEB00AB0289FFAF91BA0137F587FFA1
:1090E0009A56B501643AF6FF6DC73CFF52CC86FF35
:1090F000D731E6018CE5C0FFDEC1FBFF51880FFFD1
:10910000B395A2FF17271DFF075F4BFEBF51DE007F
:10911000F1515AFF6B31C9FFF4D39D00DE8C95FFEE
:1091200041DB38FEBDF65AFFB23B9D0130DB340017
:109130006222D7001C11BBFFAFA918005C4FA1FF32
:10914000ECC8C201938FEA00E5E10701C5A80E0053
:10915000EB333501FD78AE00C506A8FFCA75AB003C
:10916000A315CE0072555AFF0F290AFFC2136300E0
:109170004137D8FEA292740032CED4FF40921DFF38
:109180009E9E830164A582FFAC1781FF7D3509FF98
:109190000FC112011A310BFFB5AEC90187C90EFF0D
:1091A00064139500DB624F002A638FFE600030FF7E
:1091B000C5F953FE68954FFFEB6E88FE52802CFF79
:1091C000412924FE58D30A00BB79BB006286C70040
:1091D000ABBCB3FED20BEEFF427B82FE34EA3D0015
:1091E000307117FE065678FF77B2F5005781C90037
:1091F000F28DD100CA7255009416A10067C33000E9
:109200001931ABFF8A438200B6497AFE9418820076
:10921000D3E59A00209B9E0054693D00B1C209FF2E
:10922000A65956013653BB00F92875FF6D03D7FFC9
:1092300035922C013F2FB300C2D803FE0E54880094
:1092400088B10DFF48F3BAFF75117DFFD33AD3FF04
:109250005D4FDF005A58F5FF8BD16FFF46DE2F00C0
:109260000AF64FFFC6D9B200E3E10B014E7EB3FF11
:109270003E2B7E00679423008108A5FEF5F0940044
:109280003D338E0051D086000F8973FFD377ECFFFA
:109290009FF5F8FF028688FFE68B3A01A0A4FE0046
:1092A00072558DFF31A6B6FF9046540155B60700A2
:1092B0002E355D0009A6A1FF37A2B2FF2DB8BC0074
:1092C000921C2CFEA95A310078B2F1010E7B7FFF6F
:1092D00007F1C701BD4232FFC68F65FEBDF387FFB0
:1092E0008D1818FE4B61570076FB9A01ED369C00F5
:1092F000AB92CFFF83C4F6FF8840710197E8390035
:10930000F0DA7300313D1BFF40814901FCA91BFFCE
:1093100028840A015AC9C1FFFC79F001BACE29009C
:109320002BC661009164B700CCD850FEAC964100CA
:10933000F9E5C4FE687B49FF4D6860FE82B4080011
:10934000687B3900DCCAE5FF66F9D300560EE8FFFA
:10935000B64ED100EFE1A4006A0D20FF784911FF5D
:109360008643E90053FEB500B7EC7001304083FF3F
:10937000F1D8F3FF41C1E200CEF164FE6486A6FF9E
:10938000EDCAC500370D5100207C66FF28E4B1000E
:1093900076B51F01E7A086FF77BBCA00008E3CFFB1
:1093A0008026BDFFA6C99600CF781A0136B8AC005A
:1093B0000CF2CCFE8542E60022261F01B870500058
:1093C0002033A5FEBFF337003A4992FE9BA7CDFF9D
:1093D000646898FFC5FECFFFAD13F700EE0ACA0020
:1093E000EF97F2005E3B27FFF01D66FF0A5C9AFFD5
:1093F000E554DBFFA1815000D05ACC01F0DBAEFF79
:109400009E66910135B24CFF346CA80153DE6B00AF
:10941000D3246D00763A3800081D1600EDA0C70071
:10942000AAD19D0089472F008F562000C6F2020066
:10943000D43088015CACBA00E697690160BFE500F2
:109440008A50BFFEF0D882FF622B06FEA8C431000E
:10945000FD125B01904979003D9227013F6818FF9A
:10946000B8A570FE7EEB620050D562FF7B3C57FFD3
:10947000528CF501DF78ADFF0FC68601CE3CEF00C0
:10948000E7EA5CFF21EE13FFA5718E01B07726009D
:10949000A02BA6FEEF5B69006B3DC20119044400DE
:1094A0000F8B3300A4846AFF22742EFEA85FC500D0
:1094B00089D41700489C3A00897045FE96699AFF46
:1094C000ECC99D0017D49AFF8852E3FEE23BDDFF12
:1094D0005F95C000517634FF212BD7010E934BFFCF
:1094E000599C79FE0E124F0093D08B0197DA3EFF04
:1094F0009C580801D2B862FF14AF7BFF6653E500A9
:10950000DC41740196FA04FF5C8EDCFF22F742FF17
:10951000CCE1B3FE975197004728ECFF8A3F3E000D
:10952000064FF0FFB7B9B50076321B003FE3C0002D
:109530007B633A0132E09BFF11E1DFFEDCE04DFF8F
:109540000E2C7B018D80AF00F8D4C800963BB7FF8E
:1095500093611D0096CCB500FD254700915577001D
:109560009AC8BA000280F9FF53187C000E578F008A
:10957000A833F5017C97E7FFD0F0C5017CBEB900A8
:10958000303AF60014E9E8007D1262FF0DFE1FFF7D
:10959000F5B182FF6C8E2300AB7DF2FE8C0C22FFB6
:1095A000A5A1A200CECD6500F71922016491390072
:1095B0002746390076CCCBFFF200A200A5F41E00AE
:1095C000C674E200806F99FF8C36B6013C7A0FFFBB
:1095D0009B3A39013632C600ABD31DFF6B8AA7FF19
:1095E000AD6BC7FF6DA1C1005948F2FFCE7359FFA3
:1095F000FAFE8EFEB1CA5EFF51593200076942FF82
:1096000019FEFFFECB4017FF4FDE6CFF27F94B0022
:10961000F17C3200EF988500DDF1690093976200DC
:10962000D5A179FEF2318900E925F9FE2AB71B00A0
:10963000B877E6FFD920A3FFD0FBE401893E83FF82
:109640004F4009FE5E307100118A32FEC1FF1600E4
:10965000F712C5014337680010CD5FFF3025420087
:10966000379C3F0140524AFFC83547FEEF437D001B
:109670001AE0DE00DF895DFF1EE0CAFF09DC84001E
:10968000C626EB01668D56003C2B5101881C1A0042
:10969000E92408FECFF29400A4A23F00332EE0FF9D
:1096A00072304FFF09AFE200DE03C1FF2FA0E8FFD9
:1096B000FF5D69FE0E2AE6001A8A5201D02BF400E3
:1096C0001B2726FF62D07FFF4095B6FF05FAD10029
:1096D000BB3C1CFE3119DAFFA974CDFF771278006C
:1096E0009C7493FF84356DFF0D0ACA006E53A7006A
:1096F0009DDB89FF060382FF32A71EFF3C9F2FFFE1
:1097000081809DFE5E03BD0003A6440053DFD700A9
:10971000965AC2010FA84100E35333FFCDAB42FF7D
:1097200036BB3C0198662DFF779AE100F0F7880080
:1097300064C5B2FF8B47DFFFCC52100129CE2AFF50
:109740009CC0DDFFD87BF4FFDADAB9FFBBBAEFFFCC
:10975000FCACA0FFC334160090AEB5FEBB6473FF33
:10976000D34EB0FF1B07C10093D568FF5AC90AFF4B
:10977000507B42011621BA00010763FE1ECE0A008B
:10978000E5EA0500351ED2008A08DCFE4737A7004F
:1097900048E1560176BEBC00FEC16501ABF9ACFFE5
:1097A0005E9EB7FE5D026CFFB05D4CFF49634FFFEC
:1097B0004A4081FEF62E410063F17FFEF69766FF78
:1097C0002C35D0FE3B66EA009AAFA4FF58F2200089
:1097D0006F260100FFB6BEFF73B00FFEA93C8100EB
:1097E0007AEDF1005A4C3F003E4A78FF7AC36E0092
:1097F0007704B200DEF2D20082212EFE9C282900DE
:10980000A792700131A36FFF79B0EB004CCF0EFF30
:109810000319C60129EBD5005524D601315C6DFF33
:10982000C8181EFEA8ECC30091277C01ECC395006C
:109830005A24B8FF4355AAFF26231AFE837C44FF0F
:10984000EF9B23FF36C9A400C41675FF310FCD006E
:1098500018E01D017E7190007515B600CB9F8D003C
:10986000DF874D00B0E6B0FFBEE5D7FF6325B5FF4B
:1098700033158AFF19BD59FF3130A5FE982DF70029
:10988000AA6CDE0050CA05001B4567FECC1681FF9E
:10989000B4FC3EFED2015BFF926EFEFFDBA21C0019
:1098A000DFFCD5013B082100CE10F40081D330004D
:1098B0006BA0D000703BD1006D4DD8FE2215B9FFD2
:1098C000F66338FFB38B13FFB91D32FF54591300F1
:1098D0004AFA62FFE12AC8FFC0D9CDFFD210A70023
:1098E00063845F012BE63900FE0BCBFF63BC3FFFB7
:1098F00077C1FBFE50693600E8B5BD01B74570FF82
:10990000D0ABA5FF2F6DB4FF7B53A50092A234FF0F
:109910009A0B04FF97E35AFF928961FE3DE929FF04
:109920005E2A37FF6CA4EC009844FE000A8C83FF8B
:109930000A6A4FFEF39E890043B242FEB17BC6FF26
:109940000F3E2200C5582AFF955FB1FF9800C6FF61
:1099500095FE71FFE15AA3FF7DD9F7001211E000D7
:10996000804278FEC01909FF32DDCD0031D44600B7
:10997000E9FFA40002D10900DD34DBFEACE0F4FF16
:109980005E38CE01F2B302FF1F5BA401E62E8AFF10
:10999000BDE6DC00392F3DFF6F0B9D00B15B9800E9
:1099A0001CE6620061577E00C65991FFA74F6B000D
:1099B000F94DA0011DE9E6FF961556FE3C0BC100CE
:1099C000972524FEB996F3FFE4D45301AC97B40075
:1099D000C9A99B00F43CEA008EEB040143DA3C0089
:1099E000C0714B0174F3CFFF41AC9B00511E9CFF33
:1099F000504821FE12E76DFF8E6B15FE7D1A84FF25
:109A0000B0103BFF96C93A00CEA9C900D079E20058
:109A100028AC0EFF963D5EFF38399CFF8D3C91FFD0
:109A20002D6C95FFEE919BFFD1551FFEC00CD2000F
:109A300063625DFE98109700E1B9DC008DEB2CFFAE
:109A4000A0AC15FE471A1FFF0D405DFE1C38C60076
:109A5000B13EF801B608F100A66594FF4E5185FFAE
:109A600081DED701BCA981FFE807610031703CFFAE
:109A7000D9E5FB00776C8A0027137BFE8331EB006E
:109A80008454910082E694FF194ABB0005F536FF25
:109A9000B9DBF10112C2E4FFF1CA66006971CA00C4
:109AA0009BEB4F001509B2FF9C01EF00C8943D00ED
:109AB00073F7D2FF31DD87003ABD0801232E09007C
:109AC000514105FF349EB9FF7D742EFF4A8C0DFF76
:109AD000D25CACFE93174700D9E0FDFE736CB4FF77
:109AE000913A30FEDBB118FF9CFF3C019A93F200E3
:109AF000FD865700354BE50030C3DEFF1FAF32FF58
:109B00009CD278FFD023DEFF12F8B301020A65FF72
:109B10009DC2F8FF9ECC65FF68FEC5FF4F3E040066
:109B2000B2AC65016092FBFF410A9C000289A5FF6F
:109B30007404E700F2D7010013231DFF2BA14F008F
:109B40003B95F601FB42B000C82103FF506E8EFF2B
:109B5000C3A11101E43842FF7B2F91FE8404A400CD
:109B600043AEAC0019FD720057615701FADC540096
:109B7000605BC8FF257D3B0013417600A134F1FFF7
:109B8000EDAC06FFB0BFFFFF014182FEDFBEE60085
:109B900065FDE7FF92236D00FA1D4D0131001300B2
:109BA0007B5A9B01165620FFDAD541006F5D7F007E
:109BB0003C5DA9FF087FB60011BA0EFEFD89F6FFD5
:109BC000D51930FE4CEE00FFF85C46FF63E08B00D9
:109BD000B809FF0107A4D000CD83C60157D6C7003E
:109BE00082D65F00DD95DE001726ABFEC56ED50080
:109BF0002B738CFED7B1760060344201759EED0068
:109C00000E40B6FF2E3FAEFF9E5FBEFFE1CDB1FF1F
:109C10002B058EFFAC63D4FFF4BB93001D3399FF7B
:109C2000E47418FE1E65CF0013F696FF86E7050064
:109C30007D86E2014D416200EC8221FF056E3E000F
:109C4000456C7FFF07711600911453FEC2A1E7FF18
:109C500083B53C00D9D1B1FFE594D4FE0383B800AD
:109C600075B1BB011C0E1FFFB0665000325497FF48
:109C70007D1F36FF159D85FF13B38B01E0E81A00A9
:109C80002275AAFFA7FCABFF498DCEFE81FA230007
:109C9000484FEC01DCE514FF29CAADFF634CEEFF31
:109CA000C616E0FF6CC6C3FF248D6001EC9E3BFF2F
:109CB0006A6457006EE20200E3EADE009A5D77FF15
:109CC0004A70A4FF435B02FF159121FF66D689FF0E
:109CD000AFE667FEA3F6A6005DF774FEA7E01CFFE3
:109CE000DC023901ABCE54007BE411FF1B78770016
:109CF000770B9301B42FE1FF68C8B9FEA50272008B
:109D00004D4ED4002D9AB1FF18C479FE529DB60075
:109D10005A10BE010C93C5005FEF98FF0BEB470094
:109D2000569277FFAC86D6003C83C400A1E1810047
:109D30001F8278FE5FC8330069E7D2FF3A0994FFBB
:109D40002BA8DDFF7CED8E00C6D332FE2EF567001A
:109D5000A4F854009846D0FFB475B100464FB9003E
:109D6000F34A2000959CCF00C5C4A101F535EF0052
:109D70000F5DF6FE8BF031FFC45824FFA2267B0056
:109D800080C89D01AE4C67FFADA922FED801ABFF94
:109D90007233110088E4C2006E9638FE6AF69F00A6
:109DA00013B84FFF964DF0FF9B50A2000035A9FF5E
:109DB0001D975600445E10005C076EFE627595FFAD
:109DC000F94DE6FFFD0A8C00D67C5CFE2376EB00A5
:109DD000593039011635A600B8903DFFB3FFC200D7
:109DE000D6F83DFE3B6EF600791551FEA603E40061
:109DF0006A401AFF45E886FFF2DC35FE2EDC55008E
:109E00007195F7FF61B367FFBE7F0B0087D1B60086
:109E10005F348101AA90CEFF7AC8CCFFA86492007B
:109E20003C9095FE463C28007A34B1FFF6D365FF9E
:109E3000AEED080007337800131FAD007EEF9CFFE6
:109E40008FBDCB00C48058FFE985E2FF1E7DADFFCA
:109E5000C96C32007B643BFFFEA30301DD94B5FFB8
:109E6000D68839FEDEB489FFCF5836FF1C21FBFFB0
:109E700043D63401D2D0640051AA5E009128350047
:109E8000E06FE7FE231CF4FFE2C7C3FEEE11E6001D
:109E9000D9D9A4FEA99DDD00DA2EA201C7CFA3FF68
:109EA0006C73A2010E60BBFF763C4C00B89F98001B
:109EB000D1E747FE2AA4BAFFBA9933FEDDABB6FF5D
:109EC000A28EAD00EB2FC100078B10015FA440FFF5
:109ED00010DDA600DBC51000841D2CFF644575FF56
:109EE0003CEB58FE2851AD0047BE3DFFBB589D00DE
:109EF000E70B1700ED75A400E1A8DFFF9A7274FF6D
:109F0000A398F2011820AA007D6271FEA8134C00EC
:109F1000119DDCFE9B340500136FA1FF475AFCFF27
:109F2000AD6EF0000AC679FFFDFFF0FF427BD20064
:109F3000DDC2D7FE79A311FFE1076300BE31B60091
:109F400073098501E81A8AFFD54484002C777AFFCB
:109F5000B3623300955A6A004732E6FF0A9976FFEA
:109F6000B1461900A557CD00378AEA00EE1E610000
:109F7000719BCF0062997F00226BDBFE7572ACFF94
:109F80004CB4FFFEF239B3FFDD22ACFE38A231FF44
:109F90005303FFFF71DDBDFFBC19E4FE105859FFEC
:109FA000471CC6FE161195FFF379FEFF6BCA63FFCF
:109FB00009CE0E01DC2F99006B8927016131C2FFA8
:109FC0009533C5FEBA3A0BFF6B2BE801C8060EFFAE
:109FD000B58541FEDDE4ABFF7B3EE701E3EAB3FF7D
:109FE00022BDD4FEF4BBF900BE0D50018259010020
:109FF000DF85AD0009DEC6FF427F4A00A7D85DFFBE
:10A000009BA8C6014291000044662E01AC5A9A00FA
:10A01000D8804BFFA02833009E111B017CF031003B
:10A02000ECCAB0FF977CC0FF26C1BE005FB63D0002
:10A03000A3937CFFFFA533FF1C2811FED7604E00C1
:10A040005691DAFE1F24CAFF560905006F29C8FF82
:10A05000ED6C6100393E2C0075B80F012DF17400D4
:10A060009801DCFF9DA5BC00FA0F83013C2C7DFF0D
:10A0700041DCFBFF4B32B800355A80FFE750C2FF8E
:10A0800088817F011512BBFF2D3AA1FF4793220063
:10A09000AEF90BFE238D1D00EF44B1FF736E3A0045
:10A0A000EEBEB10157F5A6FFBE31F7FF9253B8FFE0
:10A0B000AD0E27FF92D768008EDF780095C89BFF12
:10A0C000D4CF910110B5D900AD2057FFFF23B500C3
:10A0D00077DFA101C8DF5EFF4606BAFFC04355FF28
:10A0E00032A99800901A7BFF38F3B3FE144488001D
:10A0F000278CBCFEFDD005FFC87387012BACE5FFA4
:10A100009C68BB0097FBA70034871700979948000D
:10A1100093C56BFE949E05FFEE8FCE007E9989FF5E
:10A120005898C5FE0744A700FC9FA5FFEF4E36FFD9
:10A13000183F37FF26DE5E00EDB70CFFCECCD20015
:10A140001327F6FE1E4AE700876C1D01B37300005B
:10A15000757674018406FCFF9181A10169438D002D
:10A160005225E2FFEEE2E4FFCCD681FEA27B64FF43
:10A17000B979EA002D6CE700420838FF8488800036
:10A18000ACE042FEAF9DBC00E6DFE2FEF2DB450044
:10A19000B80E770152A23800727B1400A26755FFF7
:10A1A00031EF63FE9C87D7006FFFA7FE27C4D60060
:10A1B00090264F01F9A87D009B619CFF1734DBFFBF
:10A1C000961690002C95A5FF287FB700C44DE9FF97
:10A1D0007681D2FFAA87E6FFD677C600E9F0230092
:10A1E000FD3407FF756630FF15CC9AFFB388B1FFC9
:10A1F00017020301958259FFFC119F01463C1A008A
:10A20000906B1100B4BE3CFF38B63BFF6E4736FF83
:10A21000C61281FF95E057FFDF1598FF8A16B6FF3B
:10A22000FA9CCD00EC2DD0FF4F94F2016546D10091
:10A23000674EAE006590ACFF9888ED01BFC2880004
:10A2400071507D0198048D009B9635FFC474F50014
:10A25000EF7249FE135211FF7C7DEAFF2834BF00E4
:10A260002AD29EFF9B84A500B2052A01405C28FFEC
:10A2700024554DFFB2E47600894260FE73E242004D
:10A280006EF045FE976F5000A7AEECFFE36C6BFFDE
:10A29000BCF241FFB751FF0039CEB5FF2F22B5FF09
:10A2A000D5F09E01474B5F009C2818FF66D25100F5
:10A2B000ABC7E4FF9A222900E3AF4B0015EFC300C0
:10A2C0008AE55F014CC03100757B5701E3E18200F4
:10A2D0007D3E3FFF02C6AB00FE240DFE91BACE00CC
:10A2E00094FFF4FF2300A6001E96DB015CE4D4007B
:10A2F0005CC63CFE3E85C8FFC9293B007DEE6DFF74
:10A30000B4A3EE018C7A5200091658FFC59D2FFFA9
:10A31000995E3900581EB60054A15500B2927C00D7
:10A32000A6A607FF15D0DF009CB6F2009B79B90006
:10A33000539CAEFE9A1076FFBA53E801DF3A79FFDC
:10A340001D175800237D7FFFAA0595FEA40C82FFF0
:10A350009BC41D00A160880007231D01A225FB00EE
:10A36000032EF2FF00D9BC0039AEE201CEE90200B3
:10A3700039BB88FE7BBD09FFC9757FFFBA24CC00BD
:10A38000E719D800504E6900138681FF94CB440032
:10A390008D517DFEF8A5C8FFD69087009737A6FFA0
:10A3A00026EB5B00152E9A00DFFE96FF2399B4FF83
:10A3B0007DB01D012B621EFFD87AE6FFE9A00C00DC
:10A3C00039B90CFEF07107FF050910FE1A5B6C002D
:10A3D0006DC6CB00089328008186E4FF7CBA28FF75
:10A3E000726284FEA684170063452C0009F2EEFF1A
:10A3F000B8353B00848166FF3420F3FE93DFC8FF4D
:10A400007B53B3FE8790C9FF8D253801973CE3FF4E
:10A410005A499C01CBACBB0050972FFF5E89E7FFE8
:10A4200024BF3BFFE1D1B5FF4AD7D5FE0676B3FF87
:10A430009936C1013200E700689D48018CE39AFF1C
:10A44000B6E210FE60E15CFF7314AAFE06FA4E004D
:10A45000F84BADFF355906FF00B4760048AD01005A
:10A460004008CE01AE85DF00B93E85FFD60B620005
:10A47000C51FD000ABA7F4FF16E7B50196DAB90007
:10A48000F7A96101A58BF7FF2F78950167F83300D5
:10A490003C451CFE19B3C4007C07DAFE3A6B510040
:10A4A000B8E99CFFFC4A240076BC43008D5F35FF71
:10A4B000DE5EA5FE2E3D3500CE3B73FF2FECFAFF8E
:10A4C0004A052001819AEEFF6A20E20079BB3DFF38
:10A4D00003A6F1FE43AAACFF1DD8B2FF17C9FC00CA
:10A4E000FD6EF300C87D39006DC060FF3473EE006F
:10A4F0002679F3FFC9382100C27682004B6019FF2C
:10A50000AA1EE6FE273FFD00242DFAFFFB01EF0007
:10A51000A0D45C012DD1ED00F32157FEED54C9FF0D
:10A52000D4129DFED4637FFFD96210FE8BACEF0086
:10A53000A8C982FF8FC1A9FFEE97C101D768290082
:10A54000EF3DA5FE0203F20016CBB1FEB1CC160022
:10A550009581D5FE1F0B29FF009F79FEA01972FF80
:10A56000A250C8009D970B009A864E01D836FC0079
:10A570003067850069DCC500FDA84DFE35B31700C6
:10A580001879F001FF2E60FF6B3C87FE62CDF9FF6A
:10A590003FF977FF783BD3FF72B437FE5B55ED0090
:10A5A00095D44D013849310056C696005DD1A000C2
:10A5B00045CDB6FFF45A2B001424B0007A74DD00A8
:10A5C00033A72701E7013FFF0DC5860003D122FF16
:10A5D000873BCA00A7644E002FDF4C00B93C3E0009
:10A5E000B2A67B01840CA1FF3DAE2B00C3459000B9
:10A5F0007F2FBF01222C4E0039EA3401FF1628FFBD
:10A60000F65E920053E480003C4EE0FF0060D2FF13
:10A6100099AFEC009F154900B473C4FE83E16A0052
:10A62000FFA786009F0870FF7844C2FFB0C4C6FF32
:10A630007630A8FF5DA9010070C866014A18FE00C7
:10A64000138D04FE8E3E3F0083B3BBFF4D9C9BFFEA
:10A650007756A400AAD092FFD0859AFF949B3AFF28
:10A66000A278E8FEFCD59B00F10D2A005E32830043
:10A67000B3AA70008C5397FF377754018C23EFFFF8
:10A68000992D4301ECAF2700369767FF9E2A41FFC3
:10A69000C4EF87FE5635CB0095612FFED82311FFFE
:10A6A0004603460167245AFF281AAD00B8300D0052
:10A6B000A3DBD9FF510601FFDDAA6CFEE9D05D00E6
:10A6C00064C9F9FE562423FFD19A1E01E3C9FBFF9A
:10A6D00002BDA7FE643903000D802900C5644B004C
:10A6E00096CCEBFF91AE3B0078F895FF5537E10033
:10A6F00072D235FEC7CC77000EF74A013FFB8100CE
:10A7000043689701878250004F5937FF75E69DFFD8
:10A7100019608F00D591050045F1780195F35FFF31
:10A72000722A1400834802009A3514FF493E6D00D6
:10A73000C4669800290CCCFF7A260B01FA0A910016
:10A74000CF7D9400F6F4DEFF2920550170D57E0000
:10A75000A2F9560147C67FFF51091501622704FF80
:10A76000CC472D014B6F8900EA3BE70020305FFFAB
:10A77000CC1F72011DC4B5FF33F1A7FE5D6D8E00C5
:10A7800068902D00EB0CB5FF3470A4004CFECAFF9E
:10A79000AE0EA2003DEB93FF2B40B9FEE97DD90040
:10A7A000F358A7FE4A3108009CCC42007CD67B00BF
:10A7B00026DD76019270EC007262B1009759C700F5
:10A7C00057C57000B995A1002C60A500F8B314FF1F
:10A7D000BCDBD8FE283E0D00F38E8D00E5E3CEFFF6
:10A7E000ACCA23FF75B0E1FF526E26012AF50EFFB9
:10A7F0001453610031AB0A00F277780019E83D008C
:10A80000D4F093FF047338FF9111EFFECA11FBFFE0
:10A81000F912F5FF6375EF00B804B3FFF6ED33FFEF
:10A8200025EF89FFA670A6FF51BC21FFB9FA8EFF64
:10A8300036BBAD00D070C900F62BE40168B858FFF4
:10A84000D434C4FF33756CFFFE759B002E5B0FFF85
:10A85000570E90FF57E3CC00531A53019F4CE3006F
:10A860009F1BD50118976C007590B3FE89D15200DB
:10A87000269F0A007385C900DFB69C016EC45DFF88
:10A88000393CE90005A769FF9AC5A4006022BAFF18
:10A8900093852501DC63BE0001A754FF1491AB0032
:10A8A000C2C5FBFE5F4E85FFFCF8F3FFE15D83FF51
:10A8B000BB86C4FFD899AA0014769EFE8C01760050
:10A8C000569E0F012DD329FF930164FE71744CFF36
:10A8D000D37F6C01670F3000C110660145335FFF05
:10A8E0006B809D0089ABE9005A7C90016AA1B6009B
:10A8F000AF4CEC01C88DACFFA33A6800E9B434FF5B
:10A90000F0FD0EFFA271FEFF26EF8AFE342EA60098
:10A91000F16521FE83BA9C006FD03EFF7C5EA0FFF4
:10A920001FACFE0070AE38FFBC631BFF438AFB0008
:10A930007D3A80019C98AEFFB20CF7FFFC549E005C
:10A9400052C50EFEACC853FF25272E016ACFA700C3
:10A9500018BD220083B29000CED50400A1E2D2003F
:10A96000483369FF612DBBFF4EB8DFFFB01DFB0010
:10A970004FA056FF7425B200524DD50152548DFFA1
:10A98000E265D401AF58C7FFF55EF701AC766DFF05
:10A99000A6B9BE0083B5780057FE5DFF86F049FF7B
:10A9A00020F58FFF8BA267FFB36212FED9CC700037
:10A9B00093DF78FF350AF300A68C96007D50C8FF20
:10A9C0000E6DDBFF5BDA01FFFCFC2FFE6D9C74FF5C
:10A9D00073317F01CC57D3FF94CAD9FF1A55F9FFC1
:10A9E0000EF586014C59A9FFF22DE6003B62ACFF43
:10A9F000724984FE4E9B31FF9E7E540031AF2BFF87
:10AA000010B654FF9D67230068C16DFF43DD9A00B7
:10AA1000C9AC01FE08A25800A5011DFF7D9BE5FF02
:10AA20001E9ADC0167EF5C00DC016DFFCAC6010005
:10AA30005E028E0124362C00EBE29EFFAAFBD6FFBD
:10AA4000B94D0900614AF200DBA395FFF02376FFC0
:10AA5000DF7258FEC0C703006A2518FFC9A176FF40
:10AA600061596301E03A67FF65C793FEDE3C63000E
:10AA7000EA193B0134871B0066035BFEA8D8EB0094
:10AA8000E5E88800683C81002EA8EE0027BF43005F
:10AA90004BA32F008F6162FF38D8A801A8E9FCFF03
:10AAA000236F16FF5C542B001AC857015BFD9800FA
:10AAB000CA3846008E084D00500AAF01FCC74C0052
:10AAC000166E52FF8101C2000B803D01570E91FFAF
:10AAD000FDDEBE010F48AE0055A356FE3A632CFFC3
:10AAE0002D18BCFE1ACD0F0013E5D2FEF843C300AB
:10AAF0006347B8009AC725FF97F379FF26334BFFCA
:10AB0000C95582FE2C41FA003993F3FE922B3BFF8C
:10AB1000591C3500215418FFB33312FEBD465300B3
:10AB20000B9CB301628677009E6F6F00779A49FF96
:10AB3000C83F8CFE2D0D0DFF9AC002FE51482A0021
:10AB40002EA0B9FE2C70060092D795011AB06800AD
:10AB5000441C5701EC3299FFB380FAFECEC1BFFF0F
:10AB6000A65C89FE3528EF00D201CCFEA8AD2300FB
:10AB70008DF32D0124326DFF0FF2C2FFE39F7AFFA8
:10AB8000B0AFCAFE4639480028DF3800D0A23AFFED
:10AB9000B7625D000F6F0C001E084CFF847FF6FF4C
:10ABA0002DF2670045B50FFF0AD11E0003B37900EF
:10ABB000F1E8DA017BC758FF02D2CA01BC8251FF1B
:10ABC0005E65D00167242D004CC118015F1AF1FFAA
:10ABD000A5A2BB0024728C00CA4205FF2538930051
:10ABE000980BF3017F55E8FFFA87D401B9B17100E2
:10ABF0005ADC4BFF45F89200326F32005C16500071
:10AC0000F42473FEA36452FF19C106017F3D2400A2
:10AC1000FD431EFE41ECAAFFA111D7FE3FAF8C0001
:10AC2000377F04004F70E9006DA028008F5307FFA5
:10AC3000411AEEFFD9A98CFF4E5EBDFF0093BEFF07
:10AC40009347BAFE6A4D7FFFE99DE9018757EDFF03
:10AC5000D00DEC019B6D24FFB464DA00B4A31200A4
:10AC6000BE6E0901113F7BFFB388B4FFA57B7BFF5C
:10AC700090BC51FE47F06CFF19700BFFE3DA33FF15
:10AC8000A732EAFF724F6CFF1F1373FFB7F0630028
:10AC9000E3578FFF48D9F8FF66A95F0181959500BA
:10ACA000EE850C01E3CC2300D0731A016608EA009C
:10ACB00070588F0190F90E00F09EACFE6470770022
:10ACC000C28D99FE283853FF79B02E002A354CFFEB
:10ACD0009EBF9A005BD15C00AD0D10010548E2FFFC
:10ACE000CCFE950050B8CF0064097AFE7665ABFFC4
:10ACF000FCCB00FEA0CF36003848F901388C0DFFA0
:10AD00000A406BFE5B6534FFE1B5F8018BFF840000
:10AD1000E6911100E93817007701F1FFD5A997FFF7
:10AD2000636309FEB90FBFFFAD676D01AE0DFBFF99
:10AD3000B25807FE1B3B44FF0A2102FFF8613B00AB
:10AD40001A1E9201B0930A005F79CF01BC58180017
:10AD5000B95EFEFE7337C90018324600783506002A
:10AD60008E429200E4E2F9FF68C0DE01AD44DB00F0
:10AD7000A2B824FF8F6689FF9D0B17007D2D62000E
:10AD8000EB5DE1FE3870A0FF4674F30199F937FFDF
:10AD900081271101F150F400574515015EE449FF88
:10ADA0004E4241FFC2E3E7003D9257FFAD9B17FFC4
:10ADB0007074DBFED8260BFF83BA85005ED4BB001F
:10ADC000642F5B00CCFEAFFFDE12D7FEAD446CFFFC
:10ADD000E3E44FFF26DDD500A3E396FE1FBE12007D
:10ADE000A0B30B010A5A5EFFDCAE5800A3D3E5FF07
:10ADF000C7883400825FDDFF8CBCE7FE8B7180FF6B
:10AE000075ABECFE31DC14FF3B14ABFFE46DBC0012
:10AE100014E120FEC310AE00E3FE8801872769001D
:10AE2000964DCEFFD2EEE20037D484FEEF397C009F
:10AE3000AAC25DFFF910F7FF18973EFF0A970A00B4
:10AE40004F8BB2FF78F2CA001ADBD5003E7D23FF9C
:10AE500090026CFFE62153FF512DD801E03E110016
:10AE6000D6D97D00629999FFB3B06AFE835D8AFFEF
:10AE70006D3E24FFB27920FF78FC4600DCF8250007
:10AE8000CC58670180DCFBFFECE307016A31C6FFA9
:10AE90003C386B006372EE00DCCC5E0149BB010004
:10AEA000599A22004ED9A5FF0EC3F9FF09E6FDFF0E
:10AEB000CD87F5001AFC07FF54CD1B0186027000F8
:10AEC000259E2000E75BEDFFBFAACCFF9807DE00C0
:10AED0006DC03100C1A692FFE813B5FF698E34FF43
:10AEE00067101B01FDC8A500C3D904FF34BD90FF46
:10AEF0007B9BA0FE578236FF4E783DFF0E3829001F
:10AF000019297DFF57A8F500D6A54600D4A906FF4C
:10AF1000DBD3C2FE485DA4FFC52167FF2B8E8D00E9
:10AF200083E1AC00F4691C004444E10088540DFF47
:10AF3000823928FE8B4D380054963500365F9D00CF
:10AF4000900DB1FE5F73BA00751776FFF4A6F1FF9E
:10AF50000BBA8700B26ACBFF61DA5D002BFD2D00D2
:10AF6000A49804008B76EF00600118FEEB99D3FFE4
:10AF7000A86E14FF32EFB0007229E800C1FA350064
:10AF8000FEA06FFE887A29FF616C4300D79817FFF7
:10AF90008CD1D4002ABDA300CA2A32FF6A6ABDFF41
:10AFA000BE44D9FFE93A7500E5DCF301C5030400AE
:10AFB000257836FE049C86FF243DABFEA58864FF01
:10AFC000D4E80E005AAE0A00D8C641FF0C03400078
:10AFD000747173FFF8670800E77D12FFA01CC500BD
:10AFE0001EB82301DF49F9FF7B142EFE873825FFA9
:10AFF000AD0DE50177A122FFF53D4900CD7D700043
:10B0000089688600D9F61EFFED8E8F00419F66FF8E
:10B010006CA4BE00DB75ADFF222578FEC84550004C
:10B020001F7CDAFE4A1BA0FFBA9AC7FF47C7FC0085
:10B0300068519F0111C82700D33DC0011AEE5B0083
:10B0400094D90C003B5BD5FF0B51B7FF81E67AFF2B
:10B0500072CB910177B442FF488AB400E0956A0050
:10B06000775268FFD08C2B006209B6FFCD6586FF52
:10B07000126526005FC5A6FFCBF193003ED091FF7D
:10B0800085F6FB0002A90E000DF7B8008E07FE0042
:10B0900024C817FF58CDDF005B8134FF15BA1E00AE
:10B0A0008FE4D201F7EAF8FFE6451FFEB0BA87FF4A
:10B0B000EECD34018B4F2B0011B0D9FE20F34300AD
:10B0C000F26FE9002C2309FFE372510104470CFFE2
:10B0D0002669BF00077532FF514F10003F4441FF02
:10B0E0009D246EFF4DF103FFE22DFB018E19CE0072
:10B0F000787BD1011CFEEEFF05807EFF5BDED7FF73
:10B10000A20FBF0056F0490087B951FE2CF1A300F1
:10B11000D4DBD2FF70A29B00CF657600A84838FF31
:10B12000C405340048ACF2FF7E169DFF92603BFFE1
:10B13000A27998FE8C105F00C3FEC8FE5296A20052
:10B14000772B91FECCAC4EFFA6E09F006813EDFF7D
:10B15000F57ED0FFE23BD50075D9C5009848ED00DB
:10B16000DC1F17FE0E5AE7FFBCD440013C65F6FF1A
:10B170005518560001B16D00925320014BB6C00026
:10B1800077F1E000B9ED1BFFB8655201EB254DFFEB
:10B19000FD861300E8F67A003C6AB300C30B0C008E
:10B1A0006D42EB017D713B003D28A400AF68F000CB
:10B1B000022FBBFF320C8D00C28BB5FF87FA6800EF
:10B1C000615CDEFFD995C9FFCBF176FF4F97430055
:10B1D0007A8EDAFF95F5EF008A2AC8FE502561FFC6
:10B1E0007C70A7FF248A57FF821D93FFF1574EFF03
:10B1F000CC611301B1D116FFF7E37FFE637753FFF4
:10B20000D419C60110B3B300914DACFE59990EFF8D
:10B21000DABDA7006BE93BFF2321F3FE2C7070FF22
:10B22000A17F4F01CCAF0A0028158AFE6874E400A4
:10B23000C75F89FF85BEA8FF92A5EA01B763270013
:10B24000B7DC36FEFFDE8500A2DB79FE3FEF0600AD
:10B25000E16636FFFB12F600042281018724830099
:10B26000CE323B010F61B700ABD887FF65982BFF4B
:10B2700096FB5B0026915F0022CC26FEB28C53FF2A
:10B280001981F3FF4C9025006A241AFE7690ACFFDA
:10B2900044BAE5FF6BA1D5FF2EA344FF95AAFD009C
:10B2A000BB110F00DAA0A5FFAB23F601600D130060
:10B2B000A5CB7500D66BC0FFF47BB10164036800B9
:10B2C000B2F261FFFB4C82FFD34D2A01FA4F46FFD9
:10B2D0003FF450016965F6003D883A01EE5BD50008
:10B2E0000E3B62FFA7544D0011842EFE39AFC5FFFF
:10B2F000B93EB8004C40CF00ACAFD0FEAF4A2500FD
:10B300008A1BD3FE947DC2000A595100A8CB65FF69
:10B310002BD5D101EBF536001E23E2FF097E460056
:10B32000E27D5EFE9C7514FF39F87001E63040FF47
:10B33000A45CA601E0D6E6FF24788F0037082BFF37
:10B34000FB01F5016A62A5004A6B6AFE350436FF0F
:10B350005AB2960103787BFFF405590172FA3DFF5A
:10B36000FE9952014D0F110039EE5A015FDFE600E0
:10B37000EC342FFE6794A4FF79CF24011210B9FF9B
:10B380004B144A00BB0B65002E3081FF16EFD2FF35
:10B390004DEC81FF6F4DCCFF3D4861FFC7D9FBFFEE
:10B3A0002AD7CC008591C9FF39E69201EB64C6002B
:10B3B000924923FE6CC614FFB64FD2FF5267880035
:10B3C000F66CB00022113CFF134A72FEA8AA4EFF91
:10B3D0009DEF14FF9529A8003A791C004FB386FF12
:10B3E000E77987FFAED162FFF37ABE00ABA6CD004E
:10B3F000D47430001D6C42FFA2DEB6010E7715003A
:10B40000D527F9FFFEDFE4FFB7A5C60085BE3000F3
:10B410007CD06DFF77AF55FF09D1790130ABBDFF0F
:10B42000C347860188DB33FFB65B8DFE319F480042
:10B430002376F5FF70BAE3FF3B891F00892CA30038
:10B4400072673CFE08D59600A20A71FFC2684800E8
:10B45000DC8374FFB24F5C00CBFAD5FE5DC1BDFF4B
:10B4600082FF22FED4BC9700881114FF146553FF9D
:10B47000D4CEA600E5EE49FF974A03FFA857D700B0
:10B480009BBC85FFA6814900F04F85FFB2D351FFD9
:10B49000CB48A3FEC1A8A5000EA4C7FE1EFFCC008A
:10B4A00041485B01A64A66FFC82A00FFC271E3FF5C
:10B4B0004217D000E5D864FF18EF1A000AE93EFFF2
:10B4C0007B0AB2011A24AEFF77DBC7012DA3BE00B1
:10B4D00010A82A00A639C6FF1C1A1A007EA5E7008C
:10B4E000FB6C64FF3DE579FF3A768A004CCF110092
:10B4F0000D2270FE5910A80025D069FF23C9D7FF7F
:10B50000286A65FE06EF72002867E2FEF67F6EFF8E
:10B510003FA73A0084F08E00059E58FF81499EFFA8
:10B520005E599200E6369200082DAD004FA9010049
:10B5300073BAF7005440830043E0FDFFCFBD4000E5
:10B540009A1C51012DB836FF57D4E0FF006049FF27
:10B550008121EB01344250FFFBAE9BFF04B3250079
:10B56000EAA45DFE5DAFFD00C64557FFE06A2E0010
:10B57000631DD2003EBC72FF2CEA0800A9AFF7FFA2
:10B58000176D89FFE5B62700C0A55EFEF565D900F9
:10B59000BF586000C45E63FF6AEE0BFE357EF300A9
:10B5A0005E0165FF2E930200C97C7CFF8D0CDA00E2
:10B5B0000DA69D0130FBEDFF9BFA7CFF6A9492FF84
:10B5C000B60DCA001C3DA700D99808FEDC822DFFED
:10B5D000C8E6FF01374157FF5DBF61FE72FB0E00F9
:10B5E00020695C011ACF8D0018CF0DFE153230FF97
:10B5F000BA9474FFD32BE1002522A2FEA4D22AFF25
:10B60000441760FFB6D608FFF57589FF42C33200C4
:10B610004B0C53FE508CA40009A52401E46EE300FA
:10B62000F1115A011934D40006DF0CFF8BF33900F5
:10B630000C714B01F6B7BFFFD5BF45FFE60F8E007B
:10B6400001C3C4FF8AAB2FFF403F6A0110A9D6FF98
:10B65000CFAE3801584985FFB6858C00B10E19FF71
:10B6600093B835FF0AE3A1FF78D8F4FF494DE9000C
:10B670009DEE8B013B41E90046FBD80129B899FFBB
:10B6800020CB70009293FD0057656D012C5285FF11
:10B69000F49635FF5E98E8FF3B5D27FF5893DCFF8B
:10B6A0004E510D01202FFCFFA01372FF5D6B27FF91
:10B6B0007610D301B977D1FFE3DB7FFE5869ECFF49
:10B6C000A26E17FF24A66EFF5BECDDFF42EA74005A
:10B6D0006F13F4FE0AE91A0020B706FE02BFF2005B
:10B6E000DA9C35FE293C46FFA8EC6F0079B97EFF55
:10B6F000EE8ECFFF377E3400DC81D0FE50CCA4FF2D
:10B70000431790FEDA286CFF7FCAA400CB2103FF09
:10B71000029E00002560BCFFC0314A006D0400009D
:10B720006FA70AFE5BDA87FFCB42ADFF96C2E2004D
:10B73000C9FD06FFAE667900CDBF6E0035C20400BC
:10B7400051282DFE23668FFF0C6CC6FF101BE8FFEF
:10B75000FC47BA01B06E72008E037501714D8E0008
:10B76000139CC5015C2FFC0035E816013612EB0076
:10B770002E23BDFFECD481000260D0FEC8EEC7FFCF
:10B780003BAFA4FF922BE700C2D934FF03DF0C00CC
:10B790008A36B2FE55EBCF00E8CF2200313432FFBB
:10B7A000A67159FF0A2DD8FF3EAD1C006FA5F6000B
:10B7B00076735BFF80543C00A790CB00570DF300DD
:10B7C000161EE401B17192FF81AAE6FEFC9981FF89
:10B7D00091E12B0046E705FF7A697EFE56F694FF5D
:10B7E0006E259AFED1035B0044913E00E410A5FF54
:10B7F00037DDF9FEB2D25B005392E2FE4592BA0009
:10B800005DD268FE1019AD00E7BA2600BD7A8CFF44
:10B81000FB0D70FF696E5D00FB48AA00C017DFFFDB
:10B820001803CA01E15DE4009993C7FE6DAA1600F2
:10B83000F865F6FFB27C0CFFB2FE66FE37044100ED
:10B840007DD6B400B76093002D7517FE84BFF90054
:10B850008FB0CBFE88B736FF92EAB100926556FFF3
:10B860002C7B8F0121D19800C05A29FE530F7DFFF8
:10B87000D5AC5200D7A99000100D220020D164FF52
:10B880005412F901C511ECFFD9BAE60031A0B0FF9E
:10B890006F7661FFED68EB004F3B5CFE45F90BFFF7
:10B8A00023AC4A0113764400DE7CA5FFB44223FF9B
:10B8B00056AEF6002B4A6FFF7E9056FFE4EA5B001F
:10B8C000F2D518FE452CEBFFDCB4230008F807FF87
:10B8D000662F5CFFF0CD66FF71E6AB011FB9C9FFB3
:10B8E000C2F646FF7A11BB008646C7FF950396FF56
:10B8F000753F670041687BFFD4361301068D580001
:10B900005386F3FF88356700A91BB400B1311800D6
:10B910006F36A700C33DD7FF1F016C013C2A4600CC
:10B92000B903A2FFC29528FFF67F26FEBE7726FF49
:10B930003D77080160A1DBFF2ACBDD01B1F2A4FF56
:10B94000F59F0A0074C40000055DCDFE807FB30042
:10B950007DEDF6FF95A2D9FF572514FE8CEEC000B1
:10B960000909C1006101E2001D260A0000883FFFAD
:10B97000E548D2FE26865CFF4EDAD001682454FFEB
:10B980000C05C1FFF2AF3DFFBFA92E01B39393FF9A
:10B9900071BE8BFE7DAC1F00034BFCFED7240F0055
:10B9A000C11B1801FF4595FF6E817600CB5DF90044
:10B9B0008A8940FE264606009974DE00A14A7B0073
:10B9C000C1634FFF763B5EFF3D0C2B0192B19D00A2
:10B9D0002E93BF0010FF26000B331F013C3A62FF7D
:10B9E0006FC24D019A5BF4008C289001AD0AFB00F8
:10B9F000CBD132FE6C824E00E4B45A00AE07FA009E
:10BA00001FAE3C0029AB1E00746352FF76C18BFF52
:10BA1000BBADC6FEDA6F3800B97BD800F99E3400A2
:10BA200034B45DFFC9095BFF382DA6FE849BCBFFB4
:10BA30003AE86E0034D359FFFD00A2010957B70060
:10BA400091882C015E7AF50055BCAB01935CC60071
:10BA5000000868001E5FAE00DDE63401F7F7EBFF7B
:10BA600089AE35FF2315CCFF47E3D601E852C2006B
:10BA70000B30E3FFAA49B8FFC6FBFCFE2C70220086
:10BA8000836583FF48A8BB0084877DFF8A6861FFC8
:10BA9000EEB8A8FFF36854FF87D8E2FF8B90ED0063
:10BAA000BC89960150388CFF56A9A7FFC24E19FFDA
:10BAB000DC11B4FF110DC1007589D4FF8DE0970032
:10BAC00031F4AF00C163AFFF13639A01FF413EFF42
:10BAD0009CD237FFF2F403FFFA0E95009E58D9FF6F
:10BAE0009DCF86FEFBE81C002E9CFBFFAB38B8FF09
:10BAF000EF33EA008E8A83FF19FEF3010AC9C20000
:10BB00003F614B00D2EFA200C0C81F0175D6F30001
:10BB10001847DEFE3628E8FF4CB76FFE900E57FF41
:10BB2000D64F88FFD8C4D400841B8CFE8305FD004B
:10BB30007C6C13FF1CD74B004CDE37FEE9B63F0090
:10BB400044ABBFFE346FDEFF0A694DFF50AAEB0025
:10BB50008F1858FF2DE779009481E0013DF65400DD
:10BB6000FD2EDBFFEF4C2100319412FEE62545004F
:10BB7000438616FE8E9B5E001F9DD3FED52A1EFFB8
:10BB800004E4F7FEFCB00DFF27001FFEF1F4FFFFF9
:10BB9000AA2D0AFEFDDEF900DE728400FF2F06FFEB
:10BBA000B4A3B301545E97FF59D152FEE534A9FF07
:10BBB000D5EC0001D638E4FF877797FF70C9C10044
:10BBC00053A035FE0697420012A21100E9615B0006
:10BBD00083054E01B57835FF755F3FFFED75B90000
:10BBE000BF7E88FF9077E900B73961012FC9BBFF9D
:10BBF000A7A577012D647E00156206FE91965FFF72
:10BC000078369800D16268008F6F1EFEB894F900F4
:10BC1000EBD82E00F8CA94FF395F1600F2E1A300BA
:10BC2000E9F7E8FF47AB13FF67F431FF54675DFFA7
:10BC30004479F40152E00D00294F2BFFF9CEA7FF04
:10BC4000D73415FEC02016FFF76F3C00654A26FF6B
:10BC5000165B54FE1D1C0DFFC6E7D7FEF49AC80004
:10BC6000DF89ED00D3840E005F40CEFF113EF7FF69
:10BC7000E98379015D174D00CDCC34FE51BD8800BC
:10BC8000B4DB8A018F125E00CC2B8CFEBCAFDB00D4
:10BC90006F628FFF973FA2FFD33247FE13923500AA
:10BCA000922D53FEB252EEFF108554FFE2C65DFFA7
:10BCB000C96114FF787623FF7232E7FFA2E59CFF8B
:10BCC000D31A0C00722773FFCED48600C5D9A0FF0B
:10BCD00074815EFEC7D7DBFF4BDFF901FD74B5FF52
:10BCE000E8D768FFE482F6FFB97556000E05080034
:10BCF000EF1D3D01ED5785FF7D9289FECCA8DF0049
:10BD00002EA8F5009A691600DCD4A1FF6B4518FF38
:10BD100089DAB5FFF154C6FF827AD3FF8D0899FF07
:10BD2000BEB176006059B200FF1030FE7A6069FF44
:10BD30007536E8FF227E69FFCC43A600E8348AFF0F
:10BD4000D3930C00193607002C0FD7FE33EC2D00CF
:10BD5000BE4481016A93E1001C5D2DFEEC8D0FFF56
:10BD6000113DA100DC73C000EC9118FE6FA8A90082
:10BD7000E03A3FFF7FA4BC0052EA4B01E09E860000
:10BD8000D1446E01D9A6D90046E1A601BBC18FFFFF
:10BD9000100758FF0ACD8C0075C09C011138260091
:10BDA0001B7C6C01ABD737FF5FFDD4009B87A8FFDE
:10BDB000F6B299FE9A444A00E83D60FE69843B0071
:10BDC000214CC701BDB082FF096819FE4BC666FF52
:10BDD000E90170006CDC14FF72E646008CC285FF3E
:10BDE000399EA4FE920650FFA9C4610155B7820096
:10BDF000469EDE013BEDEAFF60191AFFE8AF61FFE6
:10BE00000B79F8FE5823C200DBB4FCFE4A08E300BD
:10BE1000C3E34901B86EA1FF31E9A40180352F00C9
:10BE2000520E79FFC1BE3A0030AE75FF8417200074
:10BE3000280A8601163319FFF00BB0FF6E39920005
:10BE4000758FEF019D6576FF36544C00CDB812FF1B
:10BE50002F0448FF4E7055FFC13242015D1034FF80
:10BE6000086986000C6D48FF3A9CFB009023CC00CB
:10BE70002CA075FE326BC2000144A5FF6F6EA200BC
:10BE80009E5328FE4CD6EA003AD8CDFFAB6093FF14
:10BE900028E37201B0E3F10046F9B70188548BFF43
:10BEA0003C7AF7FE8F0975FFB1AE89FE49F78F0026
:10BEB000ECB97EFF3E19F7FF2D4038FFA1F40600D4
:10BEC0002239380169CA53008093D00006670AFFFF
:10BED0004A8A41FF615064FFD6AE21FF32864AFF95
:10BEE0006E9782FE6F54AC0054C74BFEF83B70FF58
:10BEF00008D8B20109B75F00EE1B08FEAACDDC002E
:10BF0000C3E58700624CEDFFE25B1A0152DB27FFBD
:10BF1000E1BEC701D9C879FF51B308FF8C41CE00FB
:10BF2000B2CF57FEFAFC2EFF68596E01FDBD9EFF91
:10BF300090D69EFFA0F536FF35B75C0115C8C2FF4D
:10BF400092217101D101FF00EB6A2BFFA734E800B9
:10BF50009DE5DD00331E1900FADD1B01419357FFFB
:10BF60004F7BC40041C4DFFF4C2C110155F144004C
:10BF7000CAB7F9FF41D4D4FF09219A01473B5000C9
:10BF8000AFC23BFF8D48090064A0F400E6D0380042
:10BF90003B194BFE50C2C2001203C8FEA09F7300A3
:10BFA000848FF7016F5D39FF3AED0B0186DE87FF65
:10BFB0007AA36C017B2BBEFFFBBDCEFE50B648FFC3
:10BFC000D0F6E001113C0900A1CF26008D6D5B0089
:10BFD000D80FD3FF884E6E0062A368FF155079FF1B
:10BFE000ADB2B7017F8F0400683C52FED6100DFF42
:10BFF00060EE21019E94E6FF7F813EFF33FFD2FF7A
:10C000003E8DECFE9D37E0FF7227F400C0BCFAFFC6
:10C01000E44C3500625451FFADCB3DFE933237FF07
:10C02000CCEBBF0034C5F400582BD3FE1BBF770008
:10C03000BCE79A004251A1005CC1A001FAE378007C
:10C040007B37E200B811480085A80AFE16879CFFDE
:10C05000291967FF30CA3A00BA9551FFBC86EF0034
:10C06000EBB5BDFED98BBCFF4A3052002EDAE5009D
:10C07000BDFDFB0032E50CFFD38DBF0180F419FF3D
:10C08000A9E77AFE562FBDFF84B717FF25B296FFAA
:10C090003389FD00C84E1F0016693200823C000043
:10C0A00084A35BFE17E7BB00C04FEF009D66A4FFB3
:10C0B000C052140118B567FFF009EA00017BA4FF24
:10C0C00085E900FFCAF2F2003CBAF500F110C7FFA3
:10C0D000E0749EFEBF7D5BFFE056CF007925E7FF51
:10C0E000E309C6FF0F99EFFF79E8D9FE4B705200C4
:10C0F0005F0C39FE33D669FF94DC6101C76224000E
:10C100009CD10CFE0AD43400D9B437FED4AAE8FF7F
:10C11000D81454FF9DFA87009D637FFE01CE29004D
:10C120009524460136C4C9FF577400FEEBAB960058
:10C130001BA3EA00CA87B400D05F00FE7B9C5D00B1
:10C14000B73E4B0089EBB600CCE1FFFFD68BD2FFA8
:10C15000027308FF1D0C6F00349C0100FD15FBFFEE
:10C1600025A51FFE0C82D3006A1235FE2A639A00B1
:10C170000ED93DFED80B5CFFC8C570FE9326C700E4
:10C1800024FC78FE6BA94D00017B9FFFCF4B66001E
:10C19000A3AFC4002C01F00078BAB0FE0D624CFFD2
:10C1A000ED7CF1FFE892BCFFC860E000CC1F2900E5
:10C1B000D0C80D0015E160FFAF9CC400F7D07E0031
:10C1C0003EB8F4FE02AB510055739E0036402DFF81
:10C1D000138A72008747CD00E32F9301DAE742000C
:10C1E000FDD11C00F40FADFF060F76FE1096D0FFB8
:10C1F000B91632FF5670CFFF4B71D7013F922BFF1C
:10C2000004E113FEE3173EFF0EFFD6FE2D08CDFF1F
:10C2100057C597FED252D7FFF5F8F7FF80F84600D2
:10C22000E1F757005A784600D5F55C000D85E2002D
:10C230002FB505015CA369FF061E85FEE8B23DFF30
:10C24000E69518FF12319E00E4643DFE74F3FBFF97
:10C250004D4B5C0151DB93FF4CA3FEFE8DD5F600E8
:10C26000E82598FE612C6400C9253201D4F4390018
:10C27000AEABB7FFF94A7000A69C1E00DEDD61FF81
:10C28000F35D49FEFB6564FFD8D95DFFFE8ABBFF05
:10C290008EBE34FF3BCBB1FFC85E340073729EFF8D
:10C2A000A59868017E63E2FF769DF4016BC81000DB
:10C2B000C15AE500790658009C205DFE7DF1D3FF50
:10C2C0000EED9DFFA59A15FFB8E016FFFA1898FF2E
:10C2D000714D1F00F7AB17FFEDB1CCFF348991FF13
:10C2E000C2B67200E0EA95000A6F6701C9810400D6
:10C2F000EE8E4E00340628FF6ED5A5FE3CCFFD0025
:10C300003ED74500606100FF312DCA00787916FFE5
:10C31000EB8B3001C62D22FFB6321B0183D25BFFAF
:10C320002E368000AF7B69FFC68D4EFE43F4EFFFD3
:10C33000F53667FE4E26F2FF025CF9FEFBAE57FFB4
:10C340008B3F9000186C1BFF22661201221698008A
:10C3500042E576FE328F630090A99501761E980023
:10C36000B2087901089F12005A65E6FF811D770027
:10C3700044240B01E8B7370017FF60FFA129C1FF74
:10C380003F8BDE000FB3F300FF640FFF52358700D1
:10C390008939950163F0AAFF16E6E4FE31B452FF35
:10C3A0003D522B006EF5D900C77D3D002EFD3400B7
:10C3B0008DC5DB00D39FC100377969FEB7148100BA
:10C3C000A977AAFFCBB28BFF8728B6FFAC0DCAFFB7
:10C3D00041B2940008CF2B007A357F014AA130008A
:10C3E000E3D680FE560BF3FF64560701F54486FF43
:10C3F0003D2B150198545EFFBE3CFAFEEF76E8FF38
:10C40000D6882501714C6BFF5D68640190CE17FFE3
:10C410006E969A01E467B900DA3132FE874D8BFFE0
:10C42000B9014E0000A194FF611DE9FFCF9495FF73
:10C43000A0A800005B80ABFF061C13FE0B6FF7008B
:10C4400027BB96FF8AE89500753E44FF3FD8BCFFA6
:10C45000EBEA20FE1D39A0FF190CF101A93CBF0039
:10C4600020838DFFED9F7BFF5EC55EFE74FE03FFA4
:10C470005CB361FE79615CFFAA700E001595F8004F
:10C48000F8E3030050606D004BC04A010C5AE2FF14
:10C49000A16A4401D0727FFF722AFFFE4A1A4AFF46
:10C4A000F7B396FE798C3C009346C8FFD628A1FFCF
:10C4B000A1BCC9FF8D4187FFF273FC003E2FCA006B
:10C4C000B495FFFE8237ED00A511BAFF0AA9C2009C
:10C4D0009C6DDAFF708C7BFF6880DFFEB18E6CFF95
:10C4E0007925DBFF804D12FF6F6C17015BC04B009D
:10C4F000AEF516FF04EC3EFF2B409901E3ADFE00C4
:10C50000ED7A84017F59BAFF8E5280FEFC54AE0052
:10C510005AB3B101F3D657FF673CA2FFD0820EFF9A
:10C520000B828B00CE81DBFF5ED99DFFEFE6E6FF3D
:10C5300074739FFEA46B5F0033DA0201D87DC6FFDF
:10C540008CCA80FE0B5F44FF37095DFEAE9906FF83
:10C55000CCAC600045A06E00D52631FE1B50D50046
:10C56000767D7200464643FF0F8E49FF837AB9FFFE
:10C57000F31432FE82ED2800D29F8C01C59741FF53
:10C5800054994200C37E5A0010EEEC0176BB66FF60
:10C59000031885FFBB45E60038C55C01D5455EFF45
:10C5A000508AE501CE07E600DE6FE6015BE977FF22
:10C5B0000959070102620100944A85FF33F6B4FF6E
:10C5C000E4B170013ABD6CFFC2CBEDFE15D1C300E2
:10C5D000930A2301569DE2001FA38BFE38074BFFF1
:10C5E0003E5A7400B53CA9008AA2D4FE51A71F0090
:10C5F000CD5A70FF2170E30053977501B1E049FFF8
:10C60000AE90D9FFE6CC4FFF164DE8FF724EEA0020
:10C61000E0397EFE09318D00F293A50168B68CFFEA
:10C62000A7840C017B447F00E1572701FB6C0800C5
:10C63000C6C18F017987CFFFAC164600324474FF24
:10C6400065AF28FFF869E900A6CB07006EC5DA00E0
:10C65000D7FE1AFEA8E2FD001F8F60000B672900BD
:10C66000B781CBFE64F74AFFD57E8400D2932C00BD
:10C67000C7EA1B01942FB5009B5B9E013669AFFF93
:10C68000024E91FE669A5F0080CF7FFE347CECFF05
:10C6900082544700DDF3D30098AACF00DE6AC700BA
:10C6A000B7545EFE5CC838FF8AB673018E60920094
:10C6B0008588E4006112960037FB42008C66040016
:10C6C000CA6797001E13F8FF33B8CF00CAC65900D7
:10C6D00037C5E1FEA95FF9FF424144FFBCEA7E0095
:10C6E000A6DF640170EFF4009017C2003A27B6008D
:10C6F000F42C18FEAF44B3FF98769A01B0A28200E2
:10C70000D972CCFEAD7E4EFF21DE1EFF24025BFF00
:10C71000028FF30009EBD70003AB970118D7F5FFA1
:10C72000A82FA4FEF192CF004581B40044F371001C
:10C73000903548FEFB2D0E00176EA80044444FFFB5
:10C740006E465FFEAE5B90FF21CE5FFF892907FF3B
:10C7500013BB99FE23FF70FF0991B9FE329D25009E
:10C760000B7031016608BEFFEAF3A9013C551700C2
:10C770004A27BD007431EF00ADD5D2002EA16CFF69
:10C780009F962500C478B9FF226206FF99C33EFF39
:10C7900061E647FF663D4C001AD4ECFFA46110002F
:10C7A000C63B9200A317C40038183D00B562C10013
:10C7B000FB93E5FF62BD18FF2E36CEFFEA52F6006E
:10C7C000B76726016D3ECC000AF0E000921675FFB7
:10C7D0008E9A780045D42300D063760179FF03FF59
:10C7E0004806C2007511C5FF7D0F17009A4F9900CA
:10C7F000D65EC5FFB93793FF3EFE4EFE7F529900CD
:10C800006E663FFF6C52A1FF69BBD401508A2700BE
:10C810003CFF5DFF480CBA00D2FB1F01BEA790FF92
:10C82000E42C13FE8043E800D6F96BFE889156FF96
:10C83000842EB000BDBBE3FFD0168C00D9D37400AA
:10C840003251BAFE8BFA1F001E40C601879B64005E
:10C85000A0CE17FEBBA2D3FF10BC3F00FED031001C
:10C860005554BF00F1C0F2FF997E9101EAA2A2FFE8
:10C87000E661D80140877E00BE94DF0134002BFFC3
:10C880001C27BD014088EE00AFC4B90062E2D5FFAD
:10C890007F9FF401E2AF3C00A0E98E01B4F3CFFF2B
:10C8A000459859011F6515009019A4FE8BBFD10052
:10C8B0005B1979002093050027BA7BFF3F73E6FFE1
:10C8C0005DA7C6FF8FD5DCFFB39C13FF19427A002A
:10C8D000D6A0D9FF022D3EFF6A4F92FE338963FF37
:10C8E0005764E7FFAF91E8FF65B801FFAE097D002F
:10C8F0005225A10124728DFF30DE8EFFF5BA9A0019
:10C9000005AEDDFE3F729BFF8737A001501F8700F9
:10C910007EFAB301ECDA2D00141C9101109349004A
:10C92000F9BD840111BDC0FFDF8EC6FF48140FFFA3
:10C93000FA35EDFE0F0B12001BD371FED56B38FFDD
:10C94000AE9392FF607E300017C16D0125A25E009C
:10C95000C79DF9FE1880BBFFCD31B2FE5DA42AFF52
:10C960002B77EB0158B7EDFFDAD201FF6BFE2A00FF
:10C97000E60A63FFA200E200DBED5B0081B2CB00C0
:10C98000D0325FFECED05FFFF7BF59FE6EEA4FFF99
:10C99000A53DF300147A70FFF6F6B9FE67047B003C
:10C9A000E963E601DB5BFCFFC7DE16FFB3F5E9FFD9
:10C9B000D3F1EA006FFAC0FF55548800653A32FFA0
:10C9C00083AD9CFE772D33FF76E910FEF25AD60038
:10C9D0005E9FDB010303EAFF624C5CFE5036E6001B
:10C9E00005E4E7FE3518DFFF71387601148401FF96
:10C9F000ABD2EC0038F19EFFBA7313FF08E5AE002E
:10CA0000302C00017272A6FF0649E2FFCD59F400F6
:10CA100089E34B01F8AD38004A78F6FE77030BFF47
:10CA20005178C6FF887A62FF92F1DD016DC24EFF38
:10CA3000DFF14601D6C8A9FF61BE2FFF2F67AEFF09
:10CA4000635C48FE76E9B4FFC123E9FE1AE520FFE6
:10CA5000DEFCC600CC2B47FFC754AC008666BE0088
:10CA60006FEE61FEE628E600E3CD40FEC80CE10073
:10CA7000A619DE00714533FF8F9F1800A7B84A0042
:10CA80001DE074FE9ED0E900C1747EFFD40B85FFCB
:10CA9000163A8C01CC2433FFE81E2B00EB46B5FF81
:10CAA000403892FEA91254FFE2010DFFC832B0FFD8
:10CAB00034D5F5FEA8D16100BF473700224E9C0057
:10CAC000E8903A01B94ABD00BA8E95FE40457FFF15
:10CAD000A1CB93FFB097BF0088E7CBFEA3B6890038
:10CAE000A17EFBFEE920420044CF42001E1C25002F
:10CAF0005D726001FE5CF7FF2CAB4500CA770BFF4F
:10CB0000BC763201FF5388FF47521A0046E3020009
:10CB100020EB7901B5299A004786E5FECAFF24007B
:10CB2000299805009A3F49FF22B67C0079DD96FFDF
:10CB30001ACCD50129AC57005A9D92FF6D82140082
:10CB4000476BC8FFF366BD0001C391FE2E58750008
:10CB500008CEE300BF6EFDFF6D8014FE865533FFE7
:10CB600089B17001D82216FF8310D0FF7995AA00F1
:10CB700072131701A6501FFF71F07A00E8B3FA0094
:10CB8000446EB4FED2AA7700DF6CA4FFCF4FE9FF5A
:10CB90001BE5E2FED16251FF4F44070083B96400F8
:10CBA000AA1DA2FF11A26BFF39150B0164C8B5FFC6
:10CBB0007F41A601A586CC0068A7A80001A44F006C
:10CBC00092873B01463280FF66770DFEE3068700C1
:10CBD000A28EB3FFA064DE001BE0DB019E5DC3FFFD
:10CBE000EA8D890010187DFFEECE2FFF611162FFE4
:10CBF000746E0CFF60734D005BE3E8FFF8FE4FFFBF
:10CC00005CE506FE58C68B00CE4B8100FA4DCEFF88
:10CC10008DF47B018A45DC002097060183A716FF6F
:10CC2000ED44A7FEC7BD9600A3AB8AFF33BC06FF49
:10CC30005F1D89FE94E2B300B56BD0FF861F52FFE3
:10CC400097652DFF81CAE100E0489300308A97FF85
:10CC5000C340CEFEEDDA9E006A1D89FEFDBDE9FFF0
:10CC6000670F11FFC261FF00B22DA9FEC6E19B0054
:10CC7000273075FF876A73006126B500962F41FF44
:10CC80005382E5FEF62681005CEF9AFE5B637F002F
:10CC9000A16F21FFEED9F2FF83B9C3FFD5BF9EFF7D
:10CCA0002996DA0084A983005954FC01AB4680FF21
:10CCB000A3F8CBFE0132B4FF7C4C5501FB6F500052
:10CCC0006342EFFF9AEDB6FFDD7E85FE4ACC63FF3F
:10CCD000419377FF6338A7FF4FF895FF749BE4FFFC
:10CCE000ED2B0EFE45890BFF16FAF1015B7A8FFFE3
:10CCF000CDF9F300D41A3CFF30B6B0013017BFFFB6
:10CD0000CB7998FE2D4AD5FF3E5A12FEF5A3E6FFD9
:10CD1000B96A74FF53239F000C2102FF50223E008A
:10CD20001057AEFFAD655500CA2451FEA045CCFF9B
:10CD300040E1BB003ACE5E0056902F00E556F5006C
:10CD40003F91BE01250527006DFB1A008993EA007B
:10CD5000A27991FF9074CEFFC5E8B9FFB7BE8CFFF2
:10CD6000490CFEFF8B14F2FFAA5AEFFF6142BBFF92
:10CD7000F5B587FEDE883400F50533FECB2F4E0077
:10CD80009865D80049177D00FE602101EBD249FF6C
:10CD90002BD1580107816D007A68E4FEAAF2CB001E
:10CDA000F2CC87FFCA1CE9FF41067F009F90470035
:10CDB000648C5F004E960D00FB6B7601B63A7DFFEA
:10CDC00001266CFF8DBDD1FF089B7D0171A35BFF28
:10CDD000794FBEFF86EF6CFF4C2FF800A3E4EF0005
:10CDE000116F0A0058954BFFD7EBEF00A79F18FF74
:10CDF0002F976CFF6BD1BC00E9E763FE1CCA94FF60
:10CE0000AE238AFF6E1844FF0245B5006B665200E0
:10CE100066ED07005C24EDFFDDA2530137CA06FF73
:10CE200087EA87FF18FADE00415EA8FEF5F8D2FF18
:10CE3000A76CC9FEFFA16F00CD08FE00880D74002D
:10CE400064B084FF2BD77EFFB18582FF9E4F940094
:10CE500043E025010CCE15FF3E226E01ED68AFFFC9
:10CE600050846FFF8EAE480054E5B4FE69B38C0069
:10CE700040F80FFFE98A1000F5437BFEDA79D4FF12
:10CE80003F5FDA01D58589FF8FB652FF301C0B005A
:10CE9000F4728D01D1AF4CFF9DB596FFBAE503FF4B
:10CEA000A49D6F01E7BD8B0077CABEFFDA6A40FF21
:10CEB00044EB3FFE601AACFFBB2F0B01D712FBFF08
:10CEC00051545900443A80005E7105015C81D0FFE5
:10CED000610F53FE091CBC00EF09A4003CCD980073
:10CEE000C0A362FFB8123C00D9B68B006D3B78FF3F
:10CEF00004C0FB00A9D2F0FF25AC5CFE94D3F5FF83
:10CF0000B3413400FD0D7300B9AECE0172BC95FF84
:10CF1000ED5AAD002BC7C0FF586C710034234C0094
:10CF2000421994FFDD0407FF97F172FFBED1E800BC
:10CF30006232C7009796D5FF124A240135280700B0
:10CF4000138741FF1AAC4500AEED5500635F290021
:10CF50000338100027A0B1FFC86ADAFEB94454FFB5
:10CF60005BBA3DFE438F8DFF0DF4A6FF6372C600D2
:10CF7000C76EA3FFC112BA007CEFF6016E44160023
:10CF800002EB2E01D43C6B00692A69010EE6980081
:10CF9000070583008D689AFFD503060083E4A2FF8E
:10CFA000B3641C01E77B55FFCE0EDF01FD60E60098
:10CFB0002698950162897A00D6CD03FFE298B3FFE7
:10CFC000068589009E458CFF71A29AFFB4F3ACFFE1
:10CFD0001BBD73FF8F2EDCFFD586E1FF7E1D450054
:10CFE000BC2B8901F24609005ACCFFFFE7AA930047
:10CFF000173813FE387D9DFF30B3DAFF4FB6FDFFC3
:10D0000026D4BF0129EB7C0060971C008794BE00EA
:10D01000CDF927FE346088FFD42C88FF43D183FFED
:10D02000FC8217FFDB8014FFC68176006C650B0065
:10D03000B20592013E0764FFB5EC5EFE1C1AA40027
:10D040004C1670FF78664F00CAC0E501C8B0D70023
:10D050002940F4FFCEB84E00A72D3F01A02300FFCA
:10D060003B0C8EFFCC0990FFDB5EE5017A1B700064
:10D07000BD696DFF40D04AFFFB7F370102E2C60069
:10D080002C4CD10097984DFFD2172E01C9AB45FF0C
:10D090002CD3E700BE25E0FFF5C43EFFA9B5DEFFB7
:10D0A00022D3110077F1C5FFE5239801154528FF2C
:10D0B000B2E2A10094B3C100DBC2FE0128CE33FF6F
:10D0C000E75CFA014399AA001594F100AA4552FFC2
:10D0D0007912E7FF5C720300B83EE600E1C957FF32
:10D0E0009260A2FFB5F2DC00ADBBDD01E23EAAFF1B
:10D0F000387ED901750DE3FFB32CEF009D8D9BFFAA
:10D1000090DD5300EBD1D0002A11A501FB51850021
:10D110007CF5C9FE61D318FF53D6A6009A2409FFF7
:10D12000F82F7F005ADB8CFFA1D926FED4933FFF56
:10D1300042549401CF030100E68659017F4E7AFFE5
:10D14000E09B01FF52884A00B29CD0FFBA1931FF20
:10D15000DE03D201E596BEFF55A234FF29548DFFB0
:10D16000497B54FE5D11960077131C012016D7FFF2
:10D170001C17CCFF8EF134FFE4347D001D4CCF0032
:10D18000D7A7FAFEAFA4E60037CF69016DBBF5FF64
:10D19000A12CDC01296580FFA7105E005DD66BFF26
:10D1A000764800FE503DEAFF79AF7D008BA9FB0079
:10D1B000612793FEFAC431FFA5B36EFEDF46BBFFC5
:10D1C000168E7D019AB38AFF76B02A010AAE9900C5
:10D1D0009C5C6600A80DA1FF8F102000FAC5B4FF6B
:10D1E000CBA32C0157202400A19914FF7BFC0F0036
:10D1F00019E350003C588E001116C9019ACD4DFF1D
:10D20000273F2F00087A8D008017B6FECC2713FF2A
:10D2100004701DFF17248CFFD2EA74FE35323FFFE5
:10D2200079AB68FFA0DB5E0057520EFEE72A0500CF
:10D23000A58B7FFE564E2600823C42FECB1E2DFF64
:10D240002EC47A01F935A2FF888F67FED7D272000B
:10D25000E707A0FEA9982AFF6F2DF6008E8387FFAF
:10D260008347CCFF24E20B00001CF2FFE18AD5FFCC
:10D27000F72ED8FEF503B7006CFC4A01CE1A30FF3A
:10D28000CD36F6FFD3C624FF7923320034D8CAFF47
:10D29000268B81FEF249940043E78DFF2A2FCC00B4
:10D2A0004E74190104E1BFFF0693E4003A58B1003F
:10D2B0007AA5E5FFFC53C9FFE0A76001B1B89EFF66
:10D2C000F269B301F8C6F0008542CB01FE242F00BD
:10D2D0002D1873FF773EFE00C4E1BAFE7B8DAC00D3
:10D2E0001A5529FFE26FB700D5E79700043B07FF07
:10D2F000EE8A9400429321FF1FF68DFFD18D74FFBB
:10D3000068701F0058A1AC0053D7E6FE2F6F97003E
:10D310002D263401842DCC008A806DFEE97586FFB0
:10D32000F3BEADFEF1ECF000527FECFE28DFA1FF72
:10D330006EB6E1FF7BAEEF0087F2910133D19A0028
:10D34000960373FED9A4FCFF379C4501545EFFFF92
:10D35000E8492D011413D4FF60C53BFE60FB21009A
:10D3600026C7490140ACF7FF757438FFE41112007D
:10D370003E8A6701F6E5A4FFF476C9FE56209FFFBA
:10D380006D22890155D3BA000AC1C1FE7AC2B1002B
:10D390007AEE66FFA2DAAB006CD9A1019EAA220048
:10D3A000B02F9B01B5E40BFF089C0000104B5D0003
:10D3B000CE62FF013A9A23000CF3B8FE437542FF98
:10D3C000E6E57B00C92A6E0086E4B2FEBA6C76FF01
:10D3D0003A139AFF52A93EFF728F7301EFC432FFD6
:10D3E000AD30C1FF930254FF968693FE5FE849007B
:10D3F0006DE334FEBF890A0028CC1EFE4C3461FF69
:10D40000A4EB7E00FE7CBC004AB61501791D23FF0B
:10D41000F11E07FE55DAD6FF075496FE511B75FF25
:10D42000A09F98FE4218DDFFE30A3C018D8766004D
:10D43000D0BD960175B35C00841688FF78C71C00C8
:10D4400015814FFEB6094100DAA3A900F693C6FF85
:10D450006B2690014EAFCDFFD605FAFE2F581DFF6B
:10D46000A42FCCFF2B3706FF8386CFFE7464D60033
:10D47000608C4B016ADC9000C3201C01AC5105FF9D
:10D48000C7B334FF2554CB00AA70AE000B045B0079
:10D4900045F41B0175835C002198AFFF8C996BFFED
:10D4A000FB872BFE578A04FFC6EA93FE799854FF48
:10D4B000CD659B019D091900486A11FE6C9900FF1A
:10D4C000BDE5BA00C108B0FFAE95D100EE821D00E7
:10D4D000E9D67E013DE2660039A30401C66F33FF41
:10D4E0002D4F4E0173D20AFFDA0919FF9E8BC6FF3A
:10D4F000D352BBFE508553009D81E601F38586FF24
:10D50000288810004D6B4FFFB7555C01B1CCCA00A5
:10D51000A34793FF9845BE00AC33BC01FAD2ACFFE1
:10D52000D3F2710159591AFF40426FFE74982A00D4
:10D53000A1271BFF3650FE006AD17301677C610092
:10D54000DDE662FF1FE70600B2C078FE0FD9CBFF11
:10D550007C9E4F007091F7005CFA3001A3B5C1FFCB
:10D56000252F8EFE90BDA5FF2E92F000064B800069
:10D57000299DC8FE5779D5000171EC00052DFA00F0
:10D58000900C52001F6CE700E1EF77FFA707BDFF8B
:10D59000BBE484FF6EBD22005E2CCC01A234C5002A
:10D5A0004EBCF1FE39148D00F4922F01CE6433008D
:10D5B0007D6B94FE1BC34D0098FD5A01078F90FFB1
:10D5C00033251F00227726FF07C5760099BCD300BC
:10D5D000971474FEF54134FFB4FD6E012FB1D100F4
:10D5E000A16311FF76DECA007DB3FC017B367EFFAE
:10D5F0009139BF0037BA79000AF38A00CDD3E5FF2D
:10D600007D9CF1FE949CB9FFE313BCFF7C2920FFB5
:10D610001F22CEFE11395300CC1625FF2A6062006E
:10D620007766B80103BE1C006E52DAFFC8CCC0FF9B
:10D63000C991760075CC920084206201C0C2790045
:10D640006AA1F801ED587C0017D41A00CDAB5AFF3F
:10D65000F830D8018D25E6FF7CCB00FE9EA81EFF8A
:10D66000D6F8150070BB07FF4B85EFFF4AE3F3FFC9
:10D67000FA934600D678A200A709B3FF169E1200BF
:10D68000DA4DD101616D51FFF421B3FF393439FF17
:10D6900041ACD2FFF947D1FF8EA9EE009EBD99FFA4
:10D6A000AEFE67FE62210E008D4CE6FF718B34FFEB
:10D6B0000F3AD400A8D7C9FFF8CCD701DF44A0FFA8
:10D6C000399AB7FE2FE779006AA6890051888A0047
:10D6D000A52B3300E78B3D00395F3BFE766219FFD7
:10D6E000973FEC015EBEFAFFA9B9720105FA3AFF55
:10D6F0004B696101D7DF86007163A301803E700032
:10D70000636A9300A3C30A0021CDB600D60EAEFF14
:10D710008126E7FF35B6DF00622A9FFFF70D28005C
:10D72000BCD2B101061500FFFF3D94FE892D81FF9B
:10D73000591A74FE7E267200FB32F2FE798680FF53
:10D74000CCF9A7FEA5EBD700CAB1F300858D3E004A
:10D75000F082BE016EAFFF000014920125D279FF66
:10D76000072782008EFA54FF8DC8CF00095F68FF3B
:10D770000BF4AE0086E87E00A7017BFE10C195FF8A
:10D78000E8E9EF01D54670FFFC74A0FEF2DEDCFF95
:10D79000CD55E30007B93A0076F73F01744DB1FF6C
:10D7A0003EF5C8FE3F1225FF6B35E8FE32DDD300A3
:10D7B000A2DB07FE025E2B00B63EB6FEA04EC8FFFF
:10D7C000878CAA00EBB8E400AF358AFE503A4DFFD3
:10D7D00098C902013FC42200051EB800ABB09A00F0
:10D7E000793BCE0026632700AC504DFE00869700A3
:10D7F000BA21F1FE5EFDDFFF2C72FC006C7E39FF6A
:10D80000C9280DFF27E51BFF27EF1701977933FF85
:10D810009996F8000AEAAEFF76F604FEC8F52600EF
:10D8200045A1F20110B2960071388200AB1F690069
:10D830001A586CFF312A6A00FBA94200455D950029
:10D840001439FE00A4196F005ABC5AFFCC04C5005D
:10D8500028D53201D46084FF588AB4FEE4927CFF5C
:10D86000B8F6F700417556FFFD66D2FEFE7924003A
:10D87000897303FF3C18D80086121D003BE261004B
:10D88000B08E470007D1A100BD5433FE9BFA48007B
:10D89000D554EBFF2DDEE000EE948FFFAA2A35FF72
:10D8A0004EA77500BA0028FF7DB167FF45E1420031
:10D8B000E30758014BAC0600A92DE301102446FFF5
:10D8C000320209FF8BC116008FB7E7FEDA4532003E
:10D8D000EC38A101D5832A008A912CFE88E528FF27
:10D8E000313F23FF3D91F5FF65C002FEE8A77100BF
:10D8F0009868260179B9DA00798BD3FE77F0230096
:10D9000041BDD9FEBBB3A2FFA0BBE6003EF80EFFAF
:10D910003C4E6100FFF7A3FFE13B5BFF6B473AFF23
:10D92000F12F21013275EC00DBB13FFEF45AB30058
:10D9300023C2D7FFBD4332FF1787810068BD25FF93
:10D94000B939C200233EE7FFDCF86C000CE7B200F7
:10D950008F505B01835D65FF90270201FFFAB200E3
:10D960000511ECFE8B202E00CCBC26FEF57334FF97
:10D97000BF7149FEBF6C45FF1645F50117CBB200DC
:10D98000AA63AA0041F86F00256C99FF4025450065
:10D9900000583EFE599490FFBF44E001F127350046
:10D9A00029CBEDFF917EC2FFDD2AFDFF19639700B1
:10D9B00061FDDF014A7331FF06AF48FF3BB0CB008A
:10D9C0007CB7F901E4E46300810CCFFEA8C0C3FF7B
:10D9D000CCB010FE98EAAB004D2555FF217887FFAB
:10D9E0008EC2E3011FD63A00D5BB7DFFE82E3CFF77
:10D9F000BE742AFE97B213FF333EEDFECCECC1009D
:10DA0000C2E83C00AC229DFFBD10B8FE67035FFF7B
:10DA10008DE924FE29190BFF15C3A60076F52D000C
:10DA200043D595FF9F0C12FFBBA4E301A01905008D
:10DA30000C4EC3012BC5E100308E29FEC49B3CFF78
:10DA4000DFC7120191889C00FC75A9FE91E2EE00EF
:10DA5000EF176B006DB5BCFFE67031FE49AAEDFF14
:10DA6000E7B7E3FF50DC1400C26B7F017FCD650098
:10DA70002E34C501D2AB24FF58035AFF38978D00CE
:10DA800060BBFFFF2A4EC800FE464601F47DA80099
:10DA9000CC448A017CD746006642C8FE1134E400BB
:10DAA00075DC8FFECBF87B003812AEFFBA97A4FF6F
:10DAB00033E8D001A0E42BFFF91D190144BE3F005B
:10DAC0000000001000000000001000000600070029
:10DAD000080000000000000000000000EFCF010877
:10DAE000A5D00108D3CF010887D20108A9CF01082A
:10DAF0004DD30108B9CF0108E3D4010805D50108C9
:10DB00000D0A005245454E54206D616C6C6F6320C8
:10DB1000737563636565646564002F5F5F772F616C
:10DB2000726D2D6E6F6E652D656162692D67636321
:10DB30002D787061636B2F61726D2D6E6F6E652D28
:10DB4000656162692D6763632D787061636B2F6215
:10DB500075696C642F6C696E75782D7836342F7307
:10DB60006F75726365732F6E65776C69622D63796B
:10DB70006777696E2F6E65776C69622F6C69626377
:10DB80002F7374646C69622F72616E642E63006E11
:10DB90006600696E69747900616E000034000000EF
:10DBA000CEFBFFFFCB0300000100000000000000DF
:10DBB00035000000CEFBFFFFCB030000010000009A
:10DBC0000000000000000000BC89D897B2D29C3C45
:10DBD00033A7A8D523F649393DA7F444FD0FA53254
:10DBE0009D978CCF08BA5B25436FAC6428066811FB
:10DBF000002020202020202020202828282828201D
:10DC00002020202020202020202020202020202014
:10DC1000208810101010101010101010101010107C
:10DC2000100404040404040404040410101010106C
:10DC30001010414141414141010101010101010136
:10DC40000101010101010101010101011010101088
:10DC50001010424242424242020202020202020208
:10DC6000020202020202020202020202101010105C
:10DC70002000000000000000000000000000000084
:10DC80000000000000000000000000000000000094
:10DC90000000000000000000000000000000000084
:10DCA0000000000000000000000000000000000074
:10DCB0000000000000000000000000000000000064
:10DCC0000000000000000000000000000000000054
:10DCD0000000000000000000000000000000000044
:10DCE0000000000000000000000000000000000034
:10DCF00000504F534958002C2066756E6374696F4D
:10DD00006E3A2000617373657274696F6E2022250C
:10DD10007322206661696C65643A2066696C6520CF
:10DD2000222573222C206C696E65202564257325BD
:10DD3000730A0042616C6C6F632073756363656581
:10DD4000646564002F5F5F772F61726D2D6E6F6E5B
:10DD5000652D656162692D6763632D787061636B02
:10DD60002F61726D2D6E6F6E652D656162692D6715
:10DD700063632D787061636B2F6275696C642F6CBF
:10DD8000696E75782D7836342F736F75726365738D
:10DD90002F6E65776C69622D63796777696E2F6E78
:10DDA00065776C69622F6C6962632F7374646C6948
:10DDB000622F6764746F612D6765746865782E6380
:10DDC000002F5F5F772F61726D2D6E6F6E652D6511
:10DDD0006162692D6763632D787061636B2F617277
:10DDE0006D2D6E6F6E652D656162692D6763632DA4
:10DDF000787061636B2F6275696C642F6C696E75E6
:10DE0000782D7836342F736F75726365732F6E6556
:10DE1000776C69622D63796777696E2F6E65776CB1
:10DE200069622F6C6962632F7374646C69622F6D11
:10DE3000707265632E630000050000001900000089
:10DE40007D000000000000000080E03779C34143FE
:10DE5000176E05B5B5B89346F5F93FE9034F384D50
:10DE6000321D30F94877825A3CBF737FDD4F1575FC
:10DE7000000000000000F03F00000000000024400F
:10DE800000000000000059400000000000408F40EA
:10DE9000000000000088C34000000000006AF84055
:10DEA0000000000080842E4100000000D012634179
:10DEB0000000000084D797410000000065CDCD41EF
:10DEC000000000205FA00242000000E876483742D0
:10DED000000000A2941A6D42000040E59C30A2426E
:10DEE0000000901EC4BCD64200003426F56B0C43E3
:10DEF0000080E03779C3414300A0D885573476438A
:10DF000000C84E676DC1AB43003D9160E458E143EA
:10DF1000408CB5781DAF154450EFE2D6E41A4B445F
:10DF200092D54D06CFF08044F64AE1C7022DB544A4
:10DF3000B49DD9794378EA44232D302B2000686CB6
:10DF40004C0065666745464700303132333435361C
:10DF50003738394142434445460030313233343555
:0CDF600036373839616263646566000082
:08DF6C007032FD7F010000008E
:10DF7400A5D80108C512000829610008BD98000849
:10DF8400619D000861B70008A5EC000801EF0008D6
:10DF9400F91E0108F1340108E542010899750108E8
:08DFA4007DD30108ADE1010885
:10DFAC00A11200080162000825990008B1EC0008D4
:0CDFBC0011EF0008F1420108C9750108CE
:10DFC80001000000100000000000004800040048A4
:10DFD80000080048001C0048FFFFFFFF0030024017
:10DFE8000000000000000000000000000000000029
:10DFF8000000000000000000000000000100000018
:10E0080000093D00000000000000000000000000C2
:10E0180000000000000000000000000000000000F8
:10E0280000000000000000000000000000000000E8
:10E0380000000000000000000000000000000000D8
:10E0480000000000000000000000000000000000C8
:10E0580000000000000000000000000000000000B8
:10E0680000000000000000000000000000000000A8
:10E078000000000000000000000000000000000098
:10E088000000000000000000000000000000000088
:10E098000000000000000000000000000000000078
:10E0A80000000000FFFFFFFFFFFFFFFFFFFFFFFF74
:10E0B800FFFFFFFF00030000000000000000000059
:10E0C8000000000000000000000000006837002089
:10E0D80000010101000201010004020178000000B2
:10E0E8006440020800000000F1EB000861EB000842
:10E0F800DDEA0008D7EA0008000800000008000070
:10E10800000800001000000080000000000000006F
:10E118000000000000000000000000000D0A52612D
:10E1280064696F4C696220496E666F0A566572733E
:10E13800696F6E3A202022372E372E312E30220D6D
:10E148000A506C6174666F726D3A20224172647570
:10E15800696E6F2053544D333220286F66666963A9
:10E1680069616C29220D0A224A756E2020362032F8
:10E1780030323622202231323A30303A32362200DA
:10E18800FFFFFFFF000000000A0000000A00000077
:10E1980059F3F8C21F6EA501000000000000F03F0F
:10E1A8006042A20D0000803F000000000300000054
:10E1B800243600204300000000000000000000009A
:10E1C8000000000000000000000000000000000047
:10E1D80000000000430000000000000000000000F4
:10E1E8000000000000000000000000000000000027
:10E1F80000000000430000000000000000000000D4
:10E208000000000000000000000000000000000006
:10E2180000000000430000000000000000000000B3
:10E2280000000000000000000000000000000000E6
:10E238000000000043000000000000000000000093
:10E2480000000000000000000000000000000000C6
:10E258000000000043000000000000000000000073
:10E2680000000000000000000000000000000000A6
:10E278000000000043000000000000000000000053
:10E288000000000000000000000000000000000086
:10E298000000000051280208C31E02080000000008
:10E2A800F0DB0208F35F02085354020853540208D3
:10E2B8005354020853540208535402085354020892
:10E2C800535402085354020853540208FFFFFFFF37
:10E2D800FFFFFFFFFFFFFFFFFFFF000001004153AB
:10E2E8004349490000000000000000000000000051
:10E2F8000000000000000000000000000000415382
:10E308004349490000000000000000000000000030
:10E3180000000000000000000000000000000000F5
:10E328006403002000000000243600208C36002002
:10E33800F43600200000000000000000000000008B
:10E3480000000000000000000000000000000000C5
:10E3580000000000000000000000000000000000B5
:10E3680000000000000000000000000000000000A5
:040000050801D941D4
:00000001FF
