:020000040800F2
:1000000000000120C1D6010811D7010811D701084D
:1000100011D7010811D7010811D70108000000000D
:1000200000000000000000000000000011D70108DF
:1000300011D701080000000011D70108C35D0008B6
:1000400011D7010811D7010811D7010811D70108EC
:1000500011D7010811D70108056000080B600008DE
:1000600011600008176000081D60000811D7010822
:1000700011D7010811D7010811D7010811D70108BC
:1000800011D7010811D7010811D7010811D70108AC
:100090000000000011D701082360000811D70108F3
:1000A000FD57000811D7010811580008155800081D
:1000B000295800083D58000899ED0008A5ED0008F2
:1000C000B1ED0008BDED000811D7010811D70108F6
:1000D000F56700080D6800082968000811D70108B5
:1000E00011D701083960000811D7010811D701089C
:1000F00011D70108000000000000000011D701081E
:10010000C9ED0008D5ED00086172010811D701089A
:1001100011D7010811D7010811D7010811D701081B
:1001200011D7010811D7010811D7010811D701080B
:0801300011D7010811D70108E5
:1001400081F0004102E000BF83F0004330B54FEA88
:1001500041044FEA430594EA050F08BF90EA020FF5
:100160001FBF54EA000C55EA020C7FEA645C7FEA88
:10017000655C00F0E2804FEA5454D4EB5555B8BFAB
:100180006D420CDD2C4480EA020281EA030382EA1C
:10019000000083EA010180EA020281EA0303362DAE
:1001A00088BF30BD11F0004F4FEA01314FF4801C81
:1001B0004CEA113102D0404261EB410113F0004F93
:1001C0004FEA03334CEA133302D0524263EB43034A
:1001D00094EA050F00F0A780A4F10104D5F1200EE8
:1001E0000DDB02FA0EFC22FA05F2801841F1000143
:1001F00003FA0EF2801843FA05F359410EE0A5F117
:1002000020050EF1200E012A03FA0EFC28BF4CF047
:10021000020C43FA05F3C01851EBE37101F00045FD
:1002200007D54FF0000EDCF1000C7EEB00006EEB0A
:100230000101B1F5801F1BD3B1F5001F0CD3490894
:100240005FEA30004FEA3C0C04F101044FEA4452EB
:1002500012F5800F80F09A80BCF1004F08BF5FEA72
:10026000500C50F1000041EB045141EA050130BD52
:100270005FEA4C0C404141EB0101013C28BFB1F564
:10028000801FE9D291F0000F04BF01460020B1FAAF
:1002900081F308BF2033A3F10B03B3F120020CDA82
:1002A0000C3208DD02F1140CC2F10C0201FA0CF060
:1002B00021FA02F10CE002F11402D8BFC2F1200CC5
:1002C00001FA02F120FA0CFCDCBF41EA0C0190407B
:1002D000E41AA2BF01EB0451294330BD6FEA0404C4
:1002E0001F3C1CDA0C340EDC04F11404C4F12002AF
:1002F00020FA04F001FA02F340EA030021FA04F3C1
:1003000045EA030130BDC4F10C04C4F1200220FA17
:1003100002F001FA04F340EA0300294630BD21FA55
:1003200004F0294630BD94F0000F83F4801306BF1B
:1003300081F480110134013D4EE77FEA645C18BF0F
:100340007FEA655C29D094EA050F08BF90EA020FA6
:1003500005D054EA000C04BF1946104630BD91EA9E
:10036000030F1EBF0021002030BD5FEA545C05D1A1
:100370004000494128BF41F0004130BD14F58004E0
:100380003CBF01F5801130BD01F0004545F0FE4154
:1003900041F470014FF0000030BD7FEA645C1ABF89
:1003A000194610467FEA655C1CBF0B46024650EAC0
:1003B000013406BF52EA033591EA030F41F40021EC
:1003C00030BD00BF90F0000F04BF0021704730B572
:1003D0004FF4806404F132044FF000054FF0000147
:1003E00050E700BF90F0000F04BF0021704730B508
:1003F0004FF4806404F1320410F0004548BF4042DD
:100400004FF000013EE700BF42004FEAE2014FEA31
:1004100031014FEA02701FBF12F07F4393F07F4F0C
:1004200081F06051704732F07F4208BF704793F00F
:100430007F4F04BF41F40021704730B54FF4607422
:1004400001F0004521F000411CE700BF50EA010225
:1004500008BF704730B54FF000050AE050EA0102CE
:1004600008BF704730B511F0004502D5404261EB3E
:1004700041014FF4806404F132045FEA915C3FF47F
:10048000D8AE4FF003025FEADC0C18BF03325FEA1C
:10049000DC0C18BF033202EBDC02C2F1200300FACD
:1004A00003FC20FA02F001FA03FE40EA0E0021FAF2
:1004B00002F11444BDE600BF70B54FF0FF0C4CF4E0
:1004C000E06C1CEA11541DBF1CEA135594EA0C0F92
:1004D00095EA0C0F00F0DEF82C4481EA030621EACD
:1004E0004C5123EA4C5350EA013518BF52EA033508
:1004F00041F4801143F4801338D0A0FB02CE4FF0BA
:100500000005E1FB02E506F00042E0FB03E54FF0E9
:100510000006E1FB03569CF0000F18BF4EF0010EE1
:10052000A4F1FF04B6F5007F64F5407404D25FEADD
:100530004E0E6D4146EB060642EAC62141EA555190
:100540004FEAC52040EA5E504FEACE2EB4F1FD0CD2
:1005500088BFBCF5E06F1ED8BEF1004F08BF5FEA50
:10056000500E50F1000041EB045170BD06F0004602
:1005700046EA010140EA020081EA0301B4EB5C04AF
:10058000C2BFD4EB0C0541EA045170BD41F48011A7
:100590004FF0000E013C00F3AB8014F1360FDEBFCC
:1005A000002001F0004170BDC4F10004203C35DAA8
:1005B0000C341BDC04F11404C4F1200500FA05F32B
:1005C00020FA04F001FA05F240EA020001F00042CC
:1005D00021F0004110EBD37021FA04F642EB060142
:1005E0005EEA430E08BF20EAD37070BDC4F10C046C
:1005F000C4F1200500FA04F320FA05F001FA04F230
:1006000040EA020001F0004110EBD37041F100011B
:100610005EEA430E08BF20EAD37070BDC4F1200526
:1006200000FA05F24EEA020E20FA04F301FA05F28E
:1006300043EA020321FA04F001F0004121FA04F236
:1006400020EA020000EBD3705EEA430E08BF20EA06
:10065000D37070BD94F0000F0FD101F00046400040
:1006600041EB010111F4801F08BF013CF7D041EAC2
:10067000060195F0000F18BF704703F000465200C6
:1006800043EB030313F4801F08BF013DF7D043EA97
:100690000603704794EA0C0F0CEA135518BF95EA4D
:1006A0000C0F0CD050EA410618BF52EA4306D1D1D4
:1006B00081EA030101F000414FF0000070BD50EAF3
:1006C000410606BF1046194652EA430619D094EA7D
:1006D0000C0F02D150EA013613D195EA0C0F05D167
:1006E00052EA03361CBF104619460AD181EA0301BB
:1006F00001F0004141F0FE4141F470014FF0000073
:1007000070BD41F0FE4141F4780170BD70B54FF00D
:10071000FF0C4CF4E06C1CEA11541DBF1CEA13558D
:1007200094EA0C0F95EA0C0F00F0A7F8A4EB05046F
:1007300081EA030E52EA03354FEA013100F0888066
:100740004FEA03334FF0805545EA131343EA12632F
:100750004FEA022245EA111545EA10654FEA0026E4
:100760000EF000419D4208BF964244F1FD0404F59D
:10077000407402D25B084FEA3202B61A65EB0305F9
:100780005B084FEA32024FF480104FF4002CB6EBB6
:10079000020E75EB030E22BFB61A754640EA0C0036
:1007A0005B084FEA3202B6EB020E75EB030E22BF76
:1007B000B61A754640EA5C005B084FEA3202B6EBB7
:1007C000020E75EB030E22BFB61A754640EA9C0076
:1007D0005B084FEA3202B6EB020E75EB030E22BF46
:1007E000B61A754640EADC0055EA060E18D04FEA04
:1007F000051545EA16754FEA06164FEAC30343EAA4
:1008000052734FEAC2025FEA1C1CC0D111F4801F70
:100810000BD141EA00014FF000004FF0004CB6E769
:1008200011F4801F04BF01430020B4F1FD0C88BF08
:10083000BCF5E06F3FF6AFAEB5EB030C04BFB6EB13
:10084000020C5FEA500C50F1000041EB045170BD06
:100850000EF0004E4EEA113114EB5C04C2BFD4EB33
:100860000C0541EA045170BD41F480114FF0000EB7
:10087000013C90E645EA060E8DE60CEA135594EA33
:100880000C0F08BF95EA0C0F3FF43BAF94EA0C0F36
:100890000AD150EA01347FF434AF95EA0C0F7FF4AB
:1008A00025AF104619462CE795EA0C0F06D152EAFF
:1008B00003353FF4FDAE1046194622E750EA4106E3
:1008C00018BF52EA43067FF4C5AE50EA41047FF4F4
:1008D0000DAF52EA43057FF4EBAE12E74FF0FF3C59
:1008E00006E000BF4FF0010C02E000BF4FF0010C2A
:1008F0004DF804CD4FEA410C7FEA6C5C4FEA430CA3
:1009000018BF7FEA6C5C1BD001B050EA410C0CBFF1
:1009100052EA430C91EA030F02BF90EA020F002053
:10092000704710F1000F91EA030F58BF994208BFBA
:1009300090422CBFD8176FEAE37040F00100704777
:100940004FEA410C7FEA6C5C02D150EA013C07D1CE
:100950004FEA430C7FEA6C5CD6D152EA033CD3D019
:100960005DF8040B704700BF8446104662468C4613
:100970001946634600E000BF01B5FFF7B7FF002846
:1009800048BF10F1000F01BD4DF808EDFFF7F4FF6F
:100990000CBF012000205DF808FB00BF4DF808EDFA
:1009A000FFF7EAFF34BF012000205DF808FB00BF1D
:1009B0004DF808EDFFF7E0FF94BF012000205DF83F
:1009C00008FB00BF4DF808EDFFF7CEFF94BF0120F4
:1009D00000205DF808FB00BF4DF808EDFFF7C4FFED
:1009E00034BF012000205DF808FB00BF4FEA410C36
:1009F0007FEA6C5C02D150EA013C0AD14FEA430C19
:100A00007FEA6C5C02D152EA033C02D14FF0000055
:100A100070474FF0010070474FEA410212F5001293
:100A200015D211D56FF47873B3EB625212D94FEA35
:100A3000C12343F0004343EA505311F0004F23FA1F
:100A400002F018BF404270474FF00000704750EA74
:100A5000013005D111F0004008BF6FF00040704731
:100A60004FF00000704700BF4A0011D212F500128B
:100A700011D20DD56FF47873B3EB62520ED44FEAF6
:100A8000C12343F0004343EA505323FA02F0704776
:100A90004FF00000704750EA013002D14FF0FF30B4
:100AA00070474FF0000070474FEA4102B2F1E04357
:100AB00024BFB3F5001CDCF1FE5C0DD901F0004C45
:100AC0004FEAC0024CEA5070B2F1004F40EB830095
:100AD00008BF20F00100704711F0804F21D113F1C1
:100AE0003872BCBF01F00040704741F480114FEAFA
:100AF0005252C2F11802C2F1200C10FA0CF320FA83
:100B000002F018BF40F001004FEAC1234FEAD3239F
:100B100003FA0CFC40EA0C0023FA02F34FEA430309
:100B2000CCE77FEA625307D150EA01331EBF4FF092
:100B3000FE4040F44000704701F0004040F0FE40AD
:100B400040F40000704700BF80F0004002E000BFAA
:100B500081F0004142001FBF5FEA410392EA030FA8
:100B60007FEA226C7FEA236C6AD04FEA1262D2EBF2
:100B70001363C1BFD218414048404140B8BF5B42F7
:100B8000192B88BF704710F0004F40F4000020F090
:100B90007F4018BF404211F0004F41F4000121F0A6
:100BA0007F4118BF494292EA030F3FD0A2F10102F0
:100BB00041FA03FC10EB0C00C3F1200301FA03F12E
:100BC00000F0004302D5494260EB4000B0F5000F51
:100BD00013D3B0F1807F06D340084FEA310102F110
:100BE0000102FE2A51D2B1F1004F40EBC25008BFC2
:100BF00020F0010040EA03007047490040EB00008C
:100C0000013A28BFB0F5000FEDD2B0FA80FCACF18C
:100C1000080CB2EB0C0200FA0CF0AABF00EBC250B9
:100C200052421843BCBFD0401843704792F0000FA7
:100C300081F4000106BF80F400000132013BB5E7FA
:100C40004FEA41037FEA226C18BF7FEA236C21D070
:100C500092EA030F04D092F0000F08BF08467047D5
:100C600090EA010F1CBF0020704712F07F4F04D1A3
:100C7000400028BF40F00040704712F100723CBFB6
:100C800000F50000704700F0004343F0FE4040F4E0
:100C9000000070477FEA226216BF08467FEA23639E
:100CA0000146420206BF5FEA412390EA010F40F489
:100CB000800070474FF0000304E000BF10F00043D5
:100CC00048BF40425FEA000C08BF704743F09643BC
:100CD00001464FF000001CE050EA010208BF7047D7
:100CE0004FF000030AE000BF50EA010208BF70475E
:100CF00011F0004302D5404261EB41015FEA010C73
:100D000002BF84460146002043F0B64308BFA3F16A
:100D10008053A3F50003BCFA8CF2083AA3EBC2534C
:100D200010DB01FA02FC634400FA02FCC2F120026B
:100D3000BCF1004F20FA02F243EB020008BF20F0A2
:100D40000100704702F1200201FA02FCC2F1200208
:100D500050EA4C0021FA02F243EB020008BF20EAFD
:100D6000DC7070474FF0FF0C1CEAD0521EBF1CEA2B
:100D7000D15392EA0C0F93EA0C0F6FD01A4480EA19
:100D8000010C400218BF5FEA41211ED04FF0006302
:100D900043EA501043EA5111A0FB01310CF000402E
:100DA000B1F5000F3EBF490041EAD3715B0040EA54
:100DB000010062F17F02FD2A1DD8B3F1004F40EB24
:100DC000C25008BF20F00100704790F0000F0CF0F7
:100DD000004C08BF49024CEA502040EA51207F3ABB
:100DE000C2BFD2F1FF0340EAC250704740F4000096
:100DF0004FF00003013A5DDC12F1190FDCBF00F087
:100E000000407047C2F10002410021FA02F1C2F134
:100E1000200200FA02FC5FEA310040F1000053EAD0
:100E20004C0308BF20EADC70704792F0000F00F01E
:100E3000004C02BF400010F4000F013AF9D040EA24
:100E40000C0093F0000F01F0004C02BF490011F4B8
:100E5000000F013BF9D041EA0C018FE70CEAD153B6
:100E600092EA0C0F18BF93EA0C0F0AD030F0004C36
:100E700018BF31F0004CD8D180EA010000F00040EA
:100E8000704790F0000F17BF90F0004F084691F0A8
:100E9000000F91F0004F14D092EA0C0F01D14202E2
:100EA0000FD193EA0C0F03D14B0218BF084608D1AB
:100EB00080EA010000F0004040F0FE4040F40000F5
:100EC000704740F0FE4040F4400070474FF0FF0C88
:100ED0001CEAD0521EBF1CEAD15392EA0C0F93EACF
:100EE0000C0F69D0A2EB030280EA010C49024FEA21
:100EF000402037D04FF0805343EA111143EA1013DA
:100F00000CF000408B4238BF5B0042F17D024FF491
:100F1000000C8B4224BF5B1A40EA0C00B3EB510F6C
:100F200024BFA3EB510340EA5C00B3EB910F24BF55
:100F3000A3EB910340EA9C00B3EBD10F24BFA3EBDA
:100F4000D10340EADC001B0118BF5FEA1C1CE0D1A2
:100F5000FD2A3FF650AF8B4240EBC25008BF20F055
:100F6000010070470CF0004C4CEA50207F32C2BFA9
:100F7000D2F1FF0340EAC250704740F400004FF046
:100F80000003013A37E792F0000F00F0004C02BF77
:100F9000400010F4000F013AF9D040EA0C0093F041
:100FA000000F01F0004C02BF490011F4000F013B9B
:100FB000F9D041EA0C0195E70CEAD15392EA0C0F03
:100FC00008D142027FF47DAF93EA0C0F7FF470AF3B
:100FD000084676E793EA0C0F04D14B023FF44CAF7E
:100FE00008466EE730F0004C18BF31F0004CCAD113
:100FF00030F000427FF45CAF31F000437FF43CAF4F
:101000005FE700BF4FF0FF3C06E000BF4FF0010C70
:1010100002E000BF4FF0010C4DF804CD4FEA400252
:101020004FEA41037FEA226C18BF7FEA236C11D09C
:1010300001B052EA530C18BF90EA010F58BFB2EB4F
:10104000030088BFC81738BF6FEAE17018BF40F0CF
:10105000010070477FEA226C02D15FEA402C05D183
:101060007FEA236CE4D15FEA412CE1D05DF8040B08
:10107000704700BF844608466146FFE70FB5FFF79B
:10108000C9FF002848BF10F1000F0FBD4DF808ED53
:10109000FFF7F4FF0CBF012000205DF808FB00BF44
:1010A0004DF808EDFFF7EAFF34BF012000205DF89E
:1010B00008FB00BF4DF808EDFFF7E0FF94BF0120EB
:1010C00000205DF808FB00BF4DF808EDFFF7D2FFE8
:1010D00094BF012000205DF808FB00BF4DF808ED2B
:1010E000FFF7C8FF34BF012000205DF808FB00BFF8
:1010F0004FEA40024FEA41037FEA226C02D15FEAE5
:10110000402C08D17FEA236C02D15FEA412C02D146
:101110004FF0000070474FF0010070474FEA400267
:10112000B2F1FE4F0FD34FF09E03B3EB12620DD915
:101130004FEA002343F0004310F0004F23FA02F07F
:1011400018BF404270474FF00000704712F1610F26
:1011500001D1420205D110F0004008BF6FF00040FD
:1011600070474FF00000704742000ED2B2F1FE4FC0
:101170000BD34FF09E03B3EB126209D44FEA002366
:1011800043F0004323FA02F070474FF0000070472D
:1011900012F1610F01D1420202D14FF0FF307047CE
:1011A0004FF00000704700BF53B94AB9002908BF8B
:1011B00000281CBF4FF0FF314FF0FF3000F00CB89B
:1011C000ADF1080C6DE904CE1CF06AFCDDF804E01A
:1011D000DDE9022304B07047704700BF10F8012B0F
:1011E00011F8013B012A28BF9A42F7D0D01A704764
:1011F000034613F8012B002AFBD1181A0138704757
:1012000001F0FF01102A2BDB10F0070F08D010F8B7
:10121000013B013A8B422DD010F0070F42B3F6D1BB
:10122000F0B441EA012141EA014122F007047FF0D4
:1012300000070023F0E80256083C85EA010586EA2B
:10124000010685FA47F5A3FA87F586FA47F6A5FA67
:1012500087F68EB9EED1F0BC01F0FF0102F0070273
:1012600032B110F8013B013A83EA010313B1F8D11E
:101270000020704701387047002D06BF35460338FF
:10128000073815F0010F07D1013015F4807F02BF38
:10129000013015F4C03F0130F0BC0138704700BF89
:1012A00010B5054C237833B9044B13B10448AFF3A0
:1012B00000800123237010BD3802002000000000D0
:1012C0008414020808B5034B1BB103490348AFF36C
:1012D000008008BD000000003C02002084140208C9
:1012E00000B59BB04422002109A81FF0F8F818228D
:1012F000002102A81FF0F3F8144A136823F4C06316
:1013000043F400731360136803F4C0630193019BFB
:101310002023089301210023B02208A8CDE910134F
:10132000CDE9122301F0DEFF00B1FEE74F23CDE946
:101330000230CDE90400CDE90600022102A802F046
:101340006DFA00B1FEE71BB05DF804FB0004005825
:101350007047000038B5104C237805460BB90120C2
:1013600038BD01F0AFFF22784FF47A73B3FBF2F38C
:10137000B0FBF3F000F0ECFC04460028EFD10F2D99
:10138000EDD8024629464FF0FF3000F08FFC034BAA
:1013900020461D60E4E700BF00000020040000209C
:1013A00010B5032000F070FC01F08CFF064B1860B4
:1013B0000020FFF7CFFF044618B9FFF7C9FF20460A
:1013C00010BD0124FBE700BF40000020034A044B8E
:1013D00011681B780B441360704700BF5402002053
:1013E00000000020014B1868704700BF5402002025
:1013F0008068C0F380007047F7B50023019304466E
:10140000002800F0E780856D25B904F051FBE56503
:1014100084F8545023689A68D00040F19F809A68FD
:10142000D10000F1B280A26D42F01002A265E26D1F
:1014300042F00102E26501251846FFF7D9FFA26DCF
:1014400002F01002024340F0C780A26D206922F42E
:10145000817242F00202A2659A68D2075BD4226BC5
:10146000A67E94F82CC0003A18BF01221703D4E9D5
:1014700002120A43217E42EA8132617E42EAC1328F
:1014800042EA4632002842EA4C02B4BF20F0004152
:101490004FF400113A430A4394F82010012903D174
:1014A000002E74D142F48032616A21B1A66A01F43F
:1014B000E07131430A43DE684A4931401143D96043
:1014C00094F83C206168E66C01F0404C012A4CEA3B
:1014D000060609D1D4E910273A433243A66C3243B9
:1014E00042EA0C0242F001061F693F4A3A40324389
:1014F0001A6121F00042B2F1804F0CD0B1F1004FDF
:1015000009D03A4ED6F8082701F4701122F470126F
:101510000A43C6F808275A69666BA16B22F00702D6
:1015200032435A615A6922F0700242EA01125A614A
:10153000002835D19A6A62F00F029A625B6903F063
:1015400007039E423CD10023E365A36D23F0030310
:1015500043F00103A365284603B0F0BD9A6824490F
:1015600022F0104222F0170242F080529A60214A83
:101570001268B2FBF1F2013252000192019A002A84
:101580003FF44DAF019A013AF7E7002554E7A16D0A
:1015900041F02001A165E16D41F00101E16583E7C2
:1015A000B0F5001FCAD19A6AE269013A92006FF061
:1015B0000F0102F01C0201FA02F2216E0A43BCE79D
:1015C000A36D23F0120343F01003A365E36D43F012
:1015D0000103E3650125BEE7A36D43F01003A36596
:1015E000F8E700BF0102DEFF02FCFF1F0020014000
:1015F000400D030040000020F8B54569082D044661
:101600000E460AD00368DB68D80705D5A36D43F002
:101610002003A3650120F8BD0425FFF7E3FE07467C
:1016200023681A682A4220D0A26D42F40072A26593
:10163000DA6812F4406F14D1A27E92B91A681207C8
:101640000FD51846FFF7D4FE20BB5A6822F00C02D3
:101650005A60A26D22F4807222F0010242F001026F
:10166000A265227EFAB10020D5E7711CD9D0FFF720
:10167000B9FEC01BB04201D8002ED1D123681B682F
:101680002B40CDD1A26D84F8543042F00402A26503
:101690000320C0E7A26D42F02002A265E26D42F095
:1016A0000102E265DDE70C221A60DCE70368186CD2
:1016B00070470000F7B50023019390F85430012BD8
:1016C000044600F0C08005680269012380F85430A8
:1016D0002846FFF78DFE002840F0AF8048680B6871
:1016E000022822F004027ED0B2F1004FC3F3110EA3
:1016F00035D1AA6A42EA0E02AA628A68686902EAD9
:10170000032222F07C4222F0FF0220EA03210A4356
:10171000002B6A611DDA4D4A4D4DD2F80817AB42D5
:1017200001F0E07043D10D0213D4D2F8083723F052
:10173000E073034343F40003C2F80837454B1A68CB
:10174000454BB2FBF3F20C2302FB03330193019BE5
:1017500053BB0020002384F8543003B0F0BD226E48
:1017600000F01F074FF00F0C0CFA07FC6FEA0C0695
:1017700022EA0C0CBEF1000F11D1C3F38462BA400F
:1017800042EA0C0222668008E26901309042B4D835
:10179000A86AC3F38362BA4006403243ACE793FAC7
:1017A000A3F2B2FA82F2EAE7019B013BCEE72B4DAE
:1017B000AB420BD1C901CCD4D2F8083723F0E07387
:1017C000034343F08073C2F80837C2E7244DAB42AD
:1017D000BFD14B02BDD4D2F8083723F0E0730343E6
:1017E00043F48003EFE7B2F1004F01BFAA6AC3F3ED
:1017F00011018A43AA62002BABDA154813498342D0
:10180000D1F8082709D1D1F8083702F0A07223F0E7
:10181000E0731A43C1F808279BE71048834204D1BC
:10182000D1F8083702F44002F1E70D48834290D125
:10183000D1F8083702F0C072E9E7A26D42F0200249
:10184000A265184686E7022087E700BF0020014016
:10185000001000B040000020400D0300004000B820
:10186000002000B4806D7047026838B50446104609
:10187000FFF7BEFD08B9002038BD9368990707D46B
:10188000936823F0004323F0170343F010039360A1
:10189000FFF7A8FD054623689B685B07EBD5FFF7BC
:1018A000A1FD401B0228F6D923689B685A07F2D590
:1018B000A36D43F01003A365E36D43F00103E365FB
:1018C0000120D9E773B50023026801939368DD070F
:1018D000044602D5002002B070BD9168214B194228
:1018E00009D0A36D43F01003A365E36D43F001033A
:1018F000E3650120EFE7936823F0004323F017032B
:1019000043F001039360184BD3F8083718021CD436
:10191000637E012BDED0FFF765FD144E054622687D
:101920001368DB07D6D49368D9075FBF9368334049
:1019300043F001039360FFF755FD401B0228EED9E9
:1019400023681B68DA07EAD4CBE7094B094A1B680E
:10195000B3FBF2F301330193019B002BD8D0019B21
:10196000013BF8E71700008000200140E8FFFF7FFF
:1019700040000020400D030038B504460068FFF722
:1019800037FD054620BB94F85430012B20D00123AD
:1019900084F854302046FFF795FFB0B9A36D226854
:1019A00023F4706323F0010343F48073A3651C23C5
:1019B000E065136084F85400936823F0004323F03B
:1019C000170343F00403936038BD84F85450FBE7D9
:1019D0000220F9E738B503689A680446900704D4F2
:1019E0009A68D10703D4002038BD9B68FBE79A684A
:1019F00002F00502012A19D19A6822F0004222F071
:101A0000170242F002029A6003221A60FFF7EAFC12
:101A1000054623689B68DB07E5D5FFF7E3FC401B21
:101A20000228F6D923689B68DA07F2D5A36D43F044
:101A30001003A365E36D43F00103E3650120D3E7E1
:101A400070B5044600284BD0836D43F002038365D4
:101A5000FFF70AFF054668B92046FFF7BBFF0546BA
:101A600008B90123A3652268936823F0104323F08B
:101A70001703936023685A6822F4677222F0030206
:101A80005A6040F29F321A60D968164A0A40DA60FA
:101A90005A6922F007025A6100269A6A9E621A6AFF
:101AA00002F0F0221A625A6A02F0F0225A62DA6AEE
:101AB00002F0F022DA621A6922F040421A610A4A00
:101AC000D2F8083723F0FE73C2F80837204604F036
:101AD0000FF8E6652666A66584F85460284670BD52
:101AE0000125FBE700021E830020014010B590F89D
:101AF0005430012B044615D0012380F85430FFF7F1
:101B0000B3FE58B92046FFF765FF38B9A36D23F43B
:101B1000807323F0010343F00103A365002384F8DD
:101B2000543010BD0220FCE7F7B50023009390F875
:101B30005430012B044600F0A080012380F854307B
:101B4000FFF748FF23689A6812F00102054607D0A4
:101B5000A36D43F01003A365002384F854302DE0F7
:101B6000A16D474F21F4817141F00201A165DE684A
:101B7000D96826F4FF4626F07C0621F4004136049D
:101B800021F00301360CD96008209968394041F0F2
:101B9000004199609968002913DA00990131009198
:101BA0000099B1F52E3FF5D3A36D23F0120343F056
:101BB0001003A365002384F854300125284603B0A0
:101BC000F0BDD3F8B410013801F07F010A44DCD134
:101BD000D1089A6822F0004222F0170242F0010276
:101BE0009A601A69B2F1804F1ED3D3F8B42022F064
:101BF0007F020A43C3F8B4209A6822F0004222F020
:101C0000170242F002029A60FFF7ECFB07462368D6
:101C10009A68D2071FD4DA683243DA60A36D23F0E2
:101C2000030343F0010396E7164AD2F8082702F4AB
:101C30007012B2F5E01FD8D3920C0120033A00FADB
:101C400002F20192019AC2400192019A002ACCD07C
:101C5000019A013AF8E7FFF7C5FBC01B0228D6D965
:101C600023689B68D907D2D5A36D43F01003A36501
:101C7000E36D43F00103E3659FE702259EE700BFA4
:101C8000E8FFFF7F002001400749CA6822F4E062B4
:101C90000302120403F4E063120C134343F0BF6326
:101CA00043F40033CB60704700ED00E0164B30B5D5
:101CB000DC68C4F30224C4F10703251D042B28BFEC
:101CC0000423062D4FF0FF358CBF033C002405FA9A
:101CD00003F321EA0303A54022EA0502A3400028FA
:101CE00043EA0203ACBF00F16040084A4FEA031325
:101CF000B8BF00F00F00DBB2AABF00F5614013547B
:101D000080F8003330BD00BF00ED00E014ED00E0CE
:101D1000002807DB044A4109012300F01F0083402B
:101D200042F82130704700BF00E100E000280CDBE2
:101D30004309064900F01F0020330122824041F888
:101D40002320BFF34F8FBFF36F8F704700E100E098
:101D50000138B0F1807F0BD24FF0E023054A586183
:101D6000F02182F823100020072298611A61704741
:101D70000120704700ED00E00028A1BF4309403377
:101D8000054A52F82330A3BF00F01F0023FA00F0E9
:101D900000F001000020704700E100E0002808DBAF
:101DA0004309044900F01F0001226033824041F8DA
:101DB0002320704700E100E0704708B5FFF7FCFF03
:101DC00008BD704710B5044608B9012010BD437F17
:101DD00003F0FF0213B90277FFF7F3FF02236377E3
:101DE0002379E3B92368134A5A619A6822F01802EA
:101DF0009A6062792368D2B94FF0FF321A619A680B
:101E0000616922F060020A439A609A68A16922F02F
:101E100080020A439A60012363770020D6E7D4E961
:101E20000212204600F008F80028E2D0CDE722692F
:101E3000E4E700BFB71DC104CB0710B50CD51F23C5
:101E4000013B1CD321FA03F4E407F9D5102A12D080
:101E500004D83AB1082A10D001200BE0182AFBD18F
:101E6000062BF9D800684161836823F018031343F7
:101E70008360002010BD072BF3E70F2BF1E7102A3A
:101E8000EAD0E9D8002AE7D1ECE710B5044640B122
:101E90000223037103F0DEFD0020206160712071D8
:101EA00010BD0120FCE710B5012358B1046801F012
:101EB0001001226803FA01F122EA01022260037193
:101EC000002010BD1846FCE7034640B190F82520DD
:101ED000022A06D00422C263002280F824200120B6
:101EE00070470268116821F001011160116821F04A
:101EF0000E011160816C0A6822F480720A60D0E9D8
:101F0000100202F01C0101228A404260D3E9132131
:101F100051605A6D32B1116821F480711160D3E9BA
:101F2000162151600122002083F8252083F8240027
:101F3000704708B590F82530022B03D00423C36303
:101F4000012008BD03681A6822F001021A601A68AD
:101F500022F00E021A60826C136823F480731360FF
:101F6000D0E9101303F01C02012393404B60D0E929
:101F700013325A60436D33B11A6822F480721A60CA
:101F8000D0E916325A60012380F82530002380F80A
:101F90002430836B03B198470020D2E790F82500E6
:101FA000704700000A4A536943F4802330B55361F7
:101FB000EFF3108472B60023CD58C5500433B3F547
:101FC000807FF9D11369DB03FCD484F3108830BD22
:101FD00000400058064B5A69002ABFBF054A9A6064
:101FE00002F188329A60BABF5869C00F002070476A
:101FF0000040005823016745044B5A6942F00042F3
:102000005A615869C043C00F704700BF0040005874
:1020100070B50546FFF7E6F9124E04463369D90359
:1020200013D43369DA0744BF012232614CF2FA3229
:10203000134011D10B4E306910F480200BD0FFF704
:10204000D1F9001BA842F6D304E0FFF7CBF9001B3F
:10205000A842E3D3032070BD024A1361024A012063
:102060005360F8E700400058580200202DE9F04185
:10207000184D98462B78012B06460C46174626D05D
:1020800001232B704FF47A7000236B60FFF7C0FFC1
:10209000A0B9012E16D1104A536943F001035361D0
:1020A0002760BFF36F8FC4F804804FF47A70FFF796
:1020B000AFFF094A536923EA0603536100232B70DB
:1020C000BDE8F08139462046FFF76CFFEDE70220BE
:1020D000F6E700BF5802002000400058054A536947
:1020E00023F47E7343EAC00040F4803040F00200E5
:1020F00050617047004000582DE9F041364F3B7861
:10210000012B0546884665D001233B704FF47A7059
:1021100000237B60FFF77CFF0446002836D12B6844
:10212000042B38D12D4A536943F4803343F0040320
:1021300053614FF47A70FFF76BFF0446274B1A6820
:1021400091050FD51A6822F400721A601A6842F4D9
:1021500000621A601A6822F400621A601A6842F477
:1021600000721A601D4B1A6852050FD51A6822F4C6
:1021700080621A601A6842F480521A601A6822F467
:1021800080521A601A6842F480621A6000233B7021
:102190002046BDE8F0814FF0FF33C8F800306E688C
:1021A000D5E901321344B3420AD93046FFF796FF0E
:1021B0004FF47A70FFF72CFF50B1C8F80060044666
:1021C000064A536923F47E7323F002035361B5E793
:1021D0000136E5E70224DBE7580200200040005802
:1021E0002DE9F04F564C00234FF00F080A6832FAE1
:1021F00003F501D1BDE8F08F012505FA03F919EACD
:10220000020275D04E68032706F003054FEA430E1D
:1022100007FA0EFC6F1E012F6FEA0C0C6AD8876854
:1022200007EA0C0ACF6807FA0EF747EA0A07876041
:10223000476827EA0909C6F300179F4047EA0907DC
:102240004760C76807EA0C098F6807FA0EF747EA84
:102250000907022DC76059D0076805FA0EF507EA8D
:102260000C073D4316F4403F056041D023F00307BF
:1022700007F1804707F5803703F0030CBD684FEA8C
:102280008C0C4FF0070E0EFA0CFEB0F1904F25EAC1
:102290000E0E51D02B4DA84250D005F58065A842B6
:1022A00014BF0725022505FA0CF545EA0E05BD60A9
:1022B0002568D74316F4801F0CBF3D4015432560A9
:1022C000656816F4001F0CBF3D4015436560D4F8E7
:1022D000805016F4803F0CBF3D401543C4F8805039
:1022E000D4F88450B60354BF3D401543C4F884501D
:1022F00001337BE7032DAFD0C76807EA0C098F686D
:1023000007FA0EF747EA0907C760A5E74FEAD309BE
:1023100000EB890903F0070AD9F820704FEA8A0A0E
:1023200008FA0AFB27EA0B0B0F6907FA0AF747EAD4
:102330000B07C9F820708FE70025B4E70125B2E745
:102340000008005800040048044AD168014208B55A
:1023500002D0D06003F040FE08BD00BF0008005866
:1023600003689A69910744BF00229A629A69D2076A
:102370005EBF9A6942F001029A61704730B5039DD1
:1023800004682B4343EA0243064A6068C1F309012B
:102390000B4342EA555223F0004320EA0200034374
:1023A000636030BDFF63FF031E4A436B934270B509
:1023B00001F002020DB201F001041DD01A4EB34229
:1023C0001AD01A4EB34217D0002DACBF0023B82349
:1023D0000CB143F0F2030AB143F0F403102902D127
:1023E00043F0900303E0202901D143F0200301686A
:1023F0000A6813430B6070BD002DACBF0023B823E7
:102400000CB143F0F2030AB143F0F4031029E7D012
:10241000202902D143F06003E9E7402908BF43F0D7
:102420004003E4E7512B00086D2E0008292A00081C
:1024300011F0010307D090F8413003F02803282B56
:1024400014BFF22342238A0709D590F8412002F0F5
:102450002802282A0CBF43F0440343F0F4030A0483
:1024600001680A6848BF43F0B80322EA03030B601F
:102470007047704710B5044698B10268242380F86D
:102480004130136823F001031360FFF7F2FF0020CF
:10249000606484F8400084F84100206384F84200BE
:1024A00010BD0120FCE70000F8B51F4690F8413050
:1024B00003F02803282B04460E46154601D00120C0
:1024C000F8BD01B11AB94FF400736364F7E748F23D
:1024D0000101FFF7ADFF90F84030012B40D0012300
:1024E00080F8403090F841302A2B14D10221FFF7B8
:1024F0009FFF03681A6810040DD51A68E06B22F478
:1025000000421A6038B1174B8363FFF712FD10B118
:10251000E06B836B9847292384F84130206820239F
:10252000002284F842306264436823F4004343602D
:102530006585638D2385E7620B4B636383698169DE
:102540006662C90303D51B0744BF0823C361204645
:1025500084F8402048F20101FFF726FF0020AFE792
:102560000220ADE775300008632F0008F8B51F465C
:1025700090F8413003F02803282B04460E461546F8
:1025800001D00120F8BD01B11AB94FF400736364A2
:10259000F7E748F20201FFF74BFF90F84030012BBC
:1025A0003FD090F841300121292B80F8401013D101
:1025B000FFF73EFF03681A6850040DD51A68A06B38
:1025C00022F480421A6038B1174B8363FFF7B1FCE5
:1025D00010B1A06B836B98472A2384F841302068A0
:1025E0002023002284F842306264436823F40043CD
:1025F00043606585638D2385E7620C4B6363836964
:1026000081696662C90303D41B0744BF0823C36101
:10261000204684F8402048F20201FFF7C5FE002062
:10262000B0E70220AEE700BF75300008632F000856
:1026300008B590F84120202A0AD1282280F84120AC
:10264000044A42634FF40041FFF7AEFE002008BD8C
:102650000220FCE7632F00080268436B916912684F
:1026600003B1184770477047704738B5002580F8A8
:10267000425090F84130212B4FF0200380F8413038
:102680000AD11123036345630121FFF7D1FE80F8CE
:102690004050FFF7E8FF38BD122303634563022172
:1026A000FFF7C6FE80F84050FFF7DEFFF3E708B5FE
:1026B00003681A68002180F84210510415D51A6881
:1026C00022F480421A6090F84130292B13D128233C
:1026D00080F84130212303630121FFF7A9FE002385
:1026E00080F840300CF04EFB08BD1204EBD51A68A0
:1026F00022F40042E6E790F841302A2BF4D1282357
:1027000080F84130222303630221FFF791FE00236A
:1027100080F840300CF023FBE6E790F8412002F00F
:102720002802282AF8B5036834D19E69C2689D69D9
:102730009968DF682D0C022AC6F3004605F0FE05F5
:102740001FD185EAD11515F00605C1F309020ED196
:10275000816C01318164816C022907D10821856473
:10276000D96180F8405031460CF0ACFAF8BD4FF416
:102770000041FFF75DFE002380F8403007F0FE02C5
:10278000F1E74FF40041FFF753FE002380F840309B
:102790002A46E8E70822DA61002380F84030E5E7BE
:1027A00008B5164BC362202200230363436380F8FD
:1027B000412080F842304B0712D503685A6A436AB9
:1027C0001A70436A01334362038D4BB1013B0385A9
:1027D000438D013B9BB24385436C43F00403436448
:1027E00048F20301FFF724FE03681022DA61002398
:1027F00080F840300CF09EFA08BD00BF0000FFFFDB
:1028000070477047704790F84120602A08B54FF034
:10281000000208D1202180F8411080F84020026396
:10282000FFF7F0FF08BD026380F840200CF0AEFA1D
:10283000F8E7000070B500223D4D90F8413080F877
:102840004220C5624285426C283B0A43022B044663
:1028500042642AD80321FFF7EBFD282380F841309A
:10286000344BA06B6363236B002841D0112B01D044
:10287000212B3DD123681A68510442BF1A6822F403
:1028800080421A60FFF78AFB01282CD0A06B2A4BEC
:102890008363002384F84030FFF74BFB002845D0CA
:1028A000A06B836BBDE87040184748F20301FFF747
:1028B000BFFDFFF755FD90F84130602B11D020236C
:1028C00080F8413003689A6995060AD59A69D0065E
:1028D00005D51022DA61626C42F0040262642022A3
:1028E000DA610023BDE72046BDE87040FFF78BBFEB
:1028F000E06B0028F7D0122B01D0222BF3D12368F4
:102900001A68120442BF1A6822F400421A60FFF7E4
:1029100045FB0128E7D0E06B074B8363002384F875
:102920004030FFF706FB08B1E06BBAE770BD00BFAF
:102930000000FFFF632F00087530000873B50568BD
:102940002023EB6190F84130212B04460E4635D10F
:102950000121FFF76DFD112323636B6823F0FF73E3
:1029600023F48B3323F4FF7323F001036B60002304
:102970006363F206A3F58033E36205D51023EB61B0
:10298000636C43F00403636494F84130602B05D119
:10299000730741BF6B6ADBB20193019B2046FFF7CF
:1029A000DFFC636C94F84120602A00D07BB1616C3D
:1029B000204602B0BDE87040FFF73CBF90F84130C0
:1029C000222BCAD10221FFF733FD1223C4E794F86A
:1029D0004120212A12D1202284F84120236394F837
:1029E000422084F84030402A84F8423003D1FFF777
:1029F00007FF02B070BDFFF736FEFAE794F84120FA
:102A0000222AF6D1202284F84120236394F8422020
:102A100084F84030402A84F8423002D1FFF7F1FEBA
:102A2000E7E7FFF721FEE4E713B590F84030012B0C
:102A3000044600F08680012380F84030CB0612D592
:102A4000D30610D503681022DA61436C43F0040307
:102A500043642021FFF7A8FCFFF782FC002084F8E4
:102A6000400002B010BD880708D5930706D523683B
:102A7000226D9A624FF0FF332365EFE7080636D5E3
:102A8000530634D501212046FFF7D2FC1021FFF771
:102A90008BFC638D9BB233B3638D9BB2FF2B18D934
:102AA000FF22E16C2285002300934FF0807389B2EE
:102AB000FFF764FC638D228D9B1A9BB2638594F8AB
:102AC00041202368222A1A6830D142F400421A6059
:102AD000C4E7628DE16C92B2228500230093D2B2EA
:102AE0004FF00073E3E74021FFF7A4FEB6E7480686
:102AF0001FD553061DD501212046FFF799FC102153
:102B0000FFF752FC94F841100F4A104B222918BFCE
:102B10001346628D92B2FF2A03D9FF22E16C22850F
:102B2000C2E7628DE16C92B22285D7E742F480421F
:102B3000CDE7880692D5930690D52046FFF7FEFE96
:102B40008CE702208DE700BF002000800024008079
:102B500073B590F84030012B044678D0012380F8FB
:102B60004030CB0612D5D60610D503681022DA61A4
:102B7000436C43F0040343642021FFF715FCFFF787
:102B8000EFFB002084F8400002B070BD0D0641D577
:102B900050063FD525682B6823F040032B60638DDA
:102BA0009BB25BB36968638D9BB2FF2BC1F30901D4
:102BB0001AD9FF2323854FF080730022268D0092BF
:102BC00094F828202046FFF7D9FB638D9B1B9BB20E
:102BD000638594F84130222B2B680CBF43F40043EB
:102BE00043F480432B60CCE7638D2385E36A13F5C0
:102BF000803F14BFE36A4FF00073DEE76B689A0111
:102C000003D42046FFF731FDBBE740212046FFF704
:102C100011FEB6E74B0612D5560610D5638D9BB252
:102C2000002BF2D123685A689501AAD4E26A12F502
:102C3000803FE6D15A6842F480425A60A1E7880694
:102C40009FD593069DD52046FFF778FE99E7022091
:102C50009AE7036899691A6810B4CC0508D5140678
:102C600006D5446C44F0010444644FF48074DC6184
:102C70004C0508D5140606D5446C44F00804446499
:102C80004FF48064DC61890508D5120606D5426CD4
:102C900042F0020242644FF40072DA61416C11F0BA
:102CA0000B0F02D010BCFFF7C5BD10BC7047000071
:102CB0002DE9F0410568D5F80080C76A90F84120F9
:102CC0000E46212A4FF020010446D3B2E96109D013
:102CD000223B082B0DD8DFE803F06C0C0C0C0C0C1D
:102CE00072056C0048F201012046FFF7A1FB212389
:102CF00023636B6843F400436B606B6823F0FF73DE
:102D000023F48B3323F4FF7323F001036B6020461D
:102D1000FFF726FB18F4804F57D02B6823F480432D
:102D20002B60A36B1BB11B685B689BB2638572074A
:102D30000FD5636A6A6A1A70636A01336362238D0E
:102D40002BB1013B2385638D013B9BB2638526F04C
:102D50000406638D9BB21BB1636C43F00403636490
:102D6000F30611D518F0100F0ED0638D9BB2002B17
:102D700045D194F84130282B30D1B7F1007F2DD1C7
:102D800031462046FFF70CFD002384F84230656C85
:102D90006363002D42D0616C2046FFF74BFD94F831
:102DA0004130282B4CD131462046BDE8F041FFF799
:102DB000F7BC48F20201FFF73BFB222398E748F2F9
:102DC0000301FFF735FB002392E718F4004FAED064
:102DD0002B6823F400432B60E36BA3E794F84120B6
:102DE0002368292A4FF01002DA61CDD117F5803F10
:102DF000CAD02046FFF7B4FAFFF759FCC4E72368AE
:102E00001022DA61636C43F00403636437F080736B
:102E1000BAD1616C2046FFF70DFDB5E7E36A13F503
:102E2000803F0FD02046FFF742FC0F4BE362202388
:102E300084F8413084F84050256320460BF07AFF37
:102E4000BDE8F08194F8413084F84050222B4FF0D7
:102E5000200384F841302046256302D10BF07FFF28
:102E6000EEE70BF08FFFEBE70000FFFF70B590F887
:102E70004060C56A012E04460B4670D0012680F8DA
:102E800040608E0607D5960605D5FFF711FF002096
:102E900084F8400070BDD80659D5D10657D512F434
:102EA000404F50D0D4E90E10E0B921B1520402D500
:102EB0000A6852680AB323681022DA61636C43F02F
:102EC0000403636494F8413035F08072DBB2DED1E4
:102ED000213B092B30D8DFE803F02D342F2F2F2F83
:102EE0002F2F2D341604E0D5006840680028DCD16F
:102EF00019B1500444BF0A68526894F84120282A46
:102F000007D1B5F1007F04D119462046FFF748FCF0
:102F1000BDE794F841202368292A4FF01002DA61B6
:102F2000B5D115F5803FB2D02046FFF719FAFFF76B
:102F3000BEFBACE721232363616C2046FFF77AFCDC
:102F4000A5E72223F7E723681022DA619FE7190734
:102F50009DD513079BD52046FFF7DFFB97E702209F
:102F600098E770B590F84060C56A012E04460B469C
:102F70007ED0012680F840608E0607D5960605D5DE
:102F8000FFF796FE002084F8400070BDD90630D5CA
:102F9000D6062ED5628D92B2E2B994F84120282A45
:102FA00007D1B5F1007F04D119462046FFF7F8FBA1
:102FB000E8E794F841202368292A4FF01002DA61EB
:102FC000E0D115F5803FDDD02046FFF7C9F9FFF7C6
:102FD0006EFBD7E723681022DA61636C43F00403C9
:102FE000636435F08073CDD1616C2046FFF722FC1D
:102FF000C8E758071BD5510719D5638D9BB26BB134
:1030000023685A6A636A1A70636A01336362238DA4
:10301000013B2385638D013B9BB26385638D9BB22E
:10302000002BAFD115F5803FACD02046CFE71E076F
:1030300005D5100703D52046FFF76FFBA2E79907D8
:10304000A0D593079ED5638D9BB26BB1636A22684E
:1030500013F8011B91626362638D013B9BB2638530
:10306000238D013B23858DE735F080738AD1DCE722
:1030700002208AE7806A836B0BB100229A63C36BDC
:103080000BB100229A63FFF7BEBB0000024A13682F
:1030900043F480731360704700040058024B1868B3
:1030A00000F4C060704700BF00040058024A9368F3
:1030B00023F400439360704700040058054A1368E6
:1030C00043F007031360044A136943F004031361D8
:1030D00030BF70470004005800ED00E04FF0B043EF
:1030E0001868C0F3404070474FF0B0431868C0F311
:1030F000400070474FF0B042536823F47F4343EAE7
:103100000023536070474FF0B0431868C0F340602D
:10311000704700007FB54FF0B0432C4AD3F8083118
:10312000C0F3031003F00F0352F82040284A52F86E
:103130002330B4FBF3F4FFF7B1FF264B054693E8C9
:103140000700B5F5007F04AB03E9070010D0224B60
:103150009C4218D303F5B70303F67F539C4229D949
:1031600003F5741303F510639C4225D802230BE08A
:103170001A4B9C4207D91A4B9C421BD903F53703C3
:1031800003F5D853F0E7002304AA02EB830353F8B6
:103190000C4C144D2B6823F0070323432B60FEF7E0
:1031A00021F906462B6803F007039C4206D1002054
:1031B00004B070BD0123E7E70024EAE7FEF712F947
:1031C000801B0228EED90320F2E700BFB01A0208E4
:1031D000101B0208A0140208C0CF6A00BFEA210138
:1031E0003F933402004000584FF0B04310B59A6846
:1031F000D96812F00C0205D00C2A4AD101F0030361
:10320000012B51D14FF0B0412B480B6813F008034C
:1032100006D00B6813F0080337D1D1F8941007E0FB
:103220000C68240756BFD1F894300968C3F3032310
:1032300050F82330002A0CBF184600204FF0B04150
:103240008A6802F00C020C2A1ED1CA6802F003023E
:10325000022A2ED0032A06D10B68184A13F4801FC5
:10326000174B18BF13464FF0B042D068D168D268F0
:10327000C0F306205843C1F302130133B0FBF3F04F
:10328000530F0133B0FBF3F010BD0B68C3F303130E
:10329000CEE7042A05D0082A06D11B6813F4801350
:1032A00005D006480023C9E700231846C6E70448AE
:1032B000C4E7024BD7E700BFB01A02080024F400AD
:1032C0000048E80108B5FFF78FFF4FF0B043044A0C
:1032D0009B68C3F3031352F82330B0FBF3F008BD2F
:1032E000101B02082DE9F0410446002853D04FF08E
:1032F000B0439D68DE680368990605F00C0506F08A
:10330000030668D5026A1DB10C2D46D1012E44D1A9
:10331000002A40D04FF0B043A16A1A68120756BF86
:10332000D3F894301B681B0903F0F00399421FD9AE
:103330000846FFF7EFFE00282DD14FF0B04213688A
:1033400043F0080313601368A16A23F0F0030B43F2
:103350001360606AFFF7CEFEFFF7B4FFAC4B186056
:10336000AC4B1868FDF7F6FF002834D0BDE8F081BB
:103370004FF0B042136843F008031360136823F062
:10338000F0030B431360606AFFF7B4FE0846FFF7D3
:10339000C1FE0028E0D00120E8E74FF0B043002A4A
:1033A00054D01A6842F001021A60FEF71BF8074673
:1033B000FFF79AFE002842D04FF0B042136843F066
:1033C000080313601368A16A23F0F0030B43136032
:1033D000606AFFF78FFE2368DF0748D423689807E9
:1033E00000F1A18023681E0740F1FC80A3694FF023
:1033F000B046002B00F0E380D6F89430E16903F08A
:103400001002914200F0C68003F00302022AC2D0EB
:10341000D80740F1B580D6F8943023F00103C6F800
:103420009430FDF7DFFF0746D6F89430990740F156
:10343000A780FDF7D7FFC31B112BF5D904E0FDF7DB
:10344000D1FFC01B0228B3D903208FE71A6822F0EE
:1034500001021A60FDF7C6FF0746FFF745FE002888
:10346000B9D0FDF7BFFFC01B0228F6D9ECE7082D45
:10347000626803D00C2D1AD1032E18D1002A8AD0ED
:103480009907AFD523694FF0B046002B67D033685A
:1034900043F480733360FDF7A5FF074633685A0590
:1034A00055D4FDF79FFFC31B022BF7D9CCE74FF094
:1034B000B043A068196821F480110143B2F5803F40
:1034C000196010D11A6842F480321A60FDF78AFF41
:1034D0000746FFF703FE002880D1FDF783FFC01BDE
:1034E0006428F6D9B0E7B2F5041F04D11A6842F493
:1034F00000121A60E6E7196821F480311960196832
:1035000021F400111960002AE0D1FDF76BFF074696
:10351000FFF7E4FD00283FF461AFFDF763FFC01B38
:103520006428F5D990E7042D03D00C2DAAD1022EE2
:10353000A8D12369002B3FF42EAF4FF0B042616950
:10354000536823F0FE4343EA016353604AE773681C
:10355000626923F0FE4343EA0263736042E7336823
:1035600023F480733360FDF73DFF074633685B0546
:103570007FF538AFFDF736FFC31B022BF6D963E7A3
:103580004FF0B042E169D2F8943023F010030B43BE
:10359000C2F894304FF0B047D7F8943043F00103AD
:1035A000C7F89430FDF71EFF0646D7F894309A0707
:1035B00018D4FDF717FF831B112BF6D944E7D6F873
:1035C000943023F00103C6F89430FDF70BFF074653
:1035D000D6F894309B0705D5FDF704FFC31B112BCC
:1035E000F6D931E72368580754D50B4F3B68D90506
:1035F00014D4FFF74BFDFDF7F5FE06463B68DA05F0
:103600000CD4FDF7EFFE831B022BF7D91CE700BF9C
:10361000400000200400002000040058E3684FF040
:10362000B046002B58D023F08003052B02BFD6F8FC
:10363000903043F00403C6F890304FF0B046FDF7E9
:10364000D1FED6F8903043F001030746C6F890301B
:1036500041F28838D6F890309B0705D4FDF7C2FEBA
:10366000C31B4345F6D9EFE6E36823F00403812B3F
:103670001BD1FDF7B7FED6F8903043F08003C6F8B3
:10368000903007464FF0B04641F28838D6F8903077
:10369000180504D5E36A002B4AD1002066E6FDF741
:1036A000A1FEC01B4045F1D9CEE6FDF79BFED6F842
:1036B000903023F08003C6F8903007464FF0B046B4
:1036C00041F28838D6F890301905E3D5FDF78AFE27
:1036D000C01B4045F6D9B7E6FDF784FED6F890301A
:1036E00023F080030746C6F8903041F28838D6F8B8
:1036F00090301A0516D4FDF775FED6F8903023F0F9
:103700000103C6F8903007464FF0B04841F28836C2
:10371000D8F890309B07BDD5FDF764FEC31BB342BC
:10372000F6D991E6FDF75EFEC01B4045DFD98BE67A
:103730000C2D4ED0022B4FF0B0431A6822F080724D
:103740001A6033D1FDF74EFE0546FFF7DCFC38BBAF
:10375000D4E90C314FF0B0420B43D0682D49014001
:103760000B43E16B0B43216C0B43616C0B43A16B6F
:1037700043EA0123D360136843F080731360D36876
:1037800043F08053D360FDF72DFE0446FFF7BBFCEA
:10379000002882D1FDF726FE001B0A28F6D953E641
:1037A000FDF720FE401B0A28CFD94DE6FDF71AFE93
:1037B0000446FFF7A8FC30B94FF0B042164BD16871
:1037C0000B40D36069E7FDF70DFE001B0A28F0D916
:1037D0003AE6012B3FF4DFAD4FF0B043D868236BDE
:1037E00000F003029A427FF4D6AD626B00F07003E2
:1037F00093427FF4D0ADA26B00F4FE43B3EB022FF3
:103800007FF4C9AD636C00F06040C01A18BF01209E
:10381000ACE500BF8C80C111FCFFFEEE2DE9F0414C
:103820000D46044610B90120BDE8F081684E3368AA
:1038300003F007038B4216D323689A0727D54FF06E
:10384000B047A268BB6823F0F0031343BB60FDF7E9
:10385000C9FD0646BB68DB0319D4FDF7C3FD831B16
:10386000022BF7D911E0336823F007030B433360D1
:10387000FDF7B8FD0746336803F00703AB42DBD022
:10388000FDF7B0FDC01B0228F5D90320CCE7236863
:10389000580617D54FF0B0476269D7F8083123F0C2
:1038A0000F0343EA1213C7F80831FDF79BFD0646E4
:1038B000D7F80831D90305D4FDF794FD831B022BFB
:1038C000F6D9E2E723685A0713D54FF0B047E2680C
:1038D000BB6823F4E0631343BB60FDF783FD06463A
:1038E000BB689B0305D4FDF77DFD831B022BF7D935
:1038F000CBE72368180714D54FF0B0472269BB689F
:1039000023F4605343EAC203BB60FDF76BFD064638
:10391000BB68590305D4FDF765FD831B022BF7D95E
:10392000B3E72368DA070FD4294C236803F00703B1
:10393000AB4239D8FFF7C6FC264B1860264BBDE8D2
:10394000F0411868FDF706BD6268022A1DD1FFF735
:10395000C5FB00283FF467AF4FF0B04641F288380E
:10396000B36823F003031343B360FDF73BFD074641
:10397000B368626803F00C03B3EB820FD4D0FDF799
:1039800031FDC01B4045F3D97FE7032A02D1FFF781
:10399000BAFBDEE712B9FFF7A7FBDAE74FF0B04357
:1039A0001B685B05D8D43EE7236823F007032B434D
:1039B0002360FDF717FD0646236803F00703AB42BB
:1039C000B8D0FDF70FFD801B0228F5D95DE700BFD9
:1039D00000400058400000200400002008B5FFF718
:1039E00003FC4FF0B043054AD3F8083103F00F034E
:1039F00052F82330B0FBF3F008BD00BF101B0208E3
:103A000008B5FFF75FFC4FF0B043044A9B68C3F36F
:103A1000022352F82330D84008BD00BFF01A020834
:103A200008B5FFF74FFC4FF0B043044A9B68C3F35F
:103A3000C22352F82330D84008BD00BFF01A020854
:103A400010B5D8B1D1B14F234FF0B04203609368A5
:103A500003F00C04446003F0F004846003F4E064B9
:103A600003F46053C4600361D2F808311B01DBB278
:103A70004361034B1B6803F007030B6010BD00BFDD
:103A800000400058704770B50446002866D0436A6D
:103A9000002B5FD14268B2F5827F00D0C361002362
:103AA000A36294F85D3003F0FF0223B984F85C2030
:103AB0002046FFF7E7FF2268E068A668A1690223B5
:103AC00084F85D30136823F040031360B0F5E06FB5
:103AD0004FF000038ABF1D464FF48055B0F5706F5C
:103AE00018BFA362636806F4044603F48273334389
:103AF000266906F002063343666906F00106334381
:103B000001F400763343E66906F038063343266A4B
:103B100006F080063343A66A06F40056334313606A
:103B2000666B636A06F0080603F0100300F4706029
:103B30003343090C034301F004010B432B4353604F
:103B4000D36923F40063D36100200123206684F845
:103B50005D3070BD0023C0E90433A0E70120F8E721
:103B6000704710B5044680B10268022380F85D30CA
:103B7000136823F040031360FFF7F2FF0020206674
:103B800084F85C0084F85D0010BD0120FCE702238E
:103B9000026810B580F83D30136A03F0113323F04A
:103BA0008853044643B9116A40F24443194202BFA4
:103BB000136823F001031360204602F016FD002075
:103BC00084F8480084F83C0084F83E0084F83F0004
:103BD00084F8400084F8410084F8420084F84300EF
:103BE00084F8440084F8450084F8460084F84700CF
:103BF00084F83D0010BD000090F83D30012B17D136
:103C000002230C4A80F83D300368934202D0B3F19E
:103C1000804F07D19968084A0A40062A06D0B2F5B3
:103C2000803F03D01A6842F001021A6000207047FA
:103C300001207047002C0140070001000268136A50
:103C400003F0113323F0885343B9116A40F244431F
:103C5000194202BF136823F001031360012380F8A7
:103C60003D30002070470368DA6822F00102DA6014
:103C70001A6A02F0113222F0885242B9196A40F2EF
:103C80004442114202BF1A6822F001021A60012365
:103C900080F83D300020704790F83C20012A034610
:103CA0004FF0020009D01A6883F83D0051610020EE
:103CB000012283F83D2083F83C007047704770472D
:103CC000036870B5DD681E69B20704460DD5A90703
:103CD0000BD56FF002021A61012202779B699A07E5
:103CE00075D001F052FE00232377730710D56807C3
:103CF0000ED523686FF004021A61022222779B69B5
:103D000013F4407F204668D001F03FFE0023237764
:103D100031070FD52A070DD523686FF008021A6105
:103D200004222277DB699B0720465CD001F02DFE40
:103D300000232377F10610D5EA060ED523686FF02D
:103D400010021A6108222277DB6913F4407F2046B3
:103D50004FD001F01AFE00232377F30708D5E807B8
:103D600006D523686FF001021A61204601F0EAFDD2
:103D700016F4025F08D0290606D523686FF40252B4
:103D80001A61204600F0FDF9F20508D52B0606D58C
:103D900023686FF480721A61204600F0F3F9700610
:103DA00008D5690606D523686FF040021A612046DF
:103DB000FFF785FFB20622D5AB0620D523686FF04A
:103DC000200220461A61BDE8704000F0D9B901F028
:103DD000DAFD2046FFF772FF85E701F0D4FD2046AB
:103DE000FFF76CFF92E701F0CEFD2046FFF766FF7C
:103DF0009EE701F0C8FD2046FFF760FFABE770BD0E
:103E0000194A0368904202D0B0F1804F08D14A6845
:103E100023F070031343CA6823F44073134306E08E
:103E2000124A9042F7D002F580629042F3D04A697C
:103E300023F0800313438A68C2620A6882620A4AD6
:103E4000904207D002F5C052904203D002F5806242
:103E5000904201D10A690263026842F004020260E2
:103E60000122426103607047002C01400044014080
:103E700010B5044650B390F83D3003F0FF021BB973
:103E800080F83C2002F08AFB0223206884F83D3051
:103E9000211DFFF7B5FF012384F84830002084F886
:103EA0003E3084F83F3084F8403084F8413084F864
:103EB000423084F8433084F8443084F8453084F844
:103EC000463084F8473084F83D3010BD0120FCE7CF
:103ED000036A01F01F0110B501248C4023EA04039A
:103EE0000362036A8A401A43026210BD082908B5BA
:103EF00025D00AD8A9B1042919D090F84330012B54
:103F000013D1022380F843302CE00C291FD0102954
:103F1000F3D190F84230012B07D1022380F84230D0
:103F200020E090F83E30012B19D0012043E090F8BA
:103F30003F30012BF9D1022380F83F3012E090F896
:103F40004030012BF1D1022380F840300AE090F894
:103F50004130012BE9D1022380F8413002E00223F5
:103F600080F83E3000680122FFF7B2FF124B984202
:103F700014D003F5C05398420BD003F580639842E8
:103F800007D0B0F1804F0DD0036843F00103036008
:103F900010E0436C43F400434364F5E7436C43F49F
:103FA000004343648268054B1340062B02D0B3F5EF
:103FB000803FE9D1002008BD002C0140070001002E
:103FC000FFF794BF082910B503465AD010D809B39B
:103FD000042946D093F8434093F84720012CE0B2DF
:103FE000D2B26FD1012A3BD1022283F8432065E08F
:103FF0000C2956D01029EDD190F8424093F8472073
:10400000012CE0B2D2B25DD1012A29D1022283F87B
:10401000422053E090F83E4093F84420012CE0B257
:10402000D2B24FD1012A1BD1022283F83E2083F85D
:10403000442018680122FFF74BFF234B984202D01F
:10404000B0F1804F07D18268204B1340062B06D079
:10405000B3F5803F03D0036843F001030360002001
:1040600010BD90F83F4093F84520012CE0B2D2B249
:1040700028D1012AF4D1022283F83F2083F8452079
:10408000D7E790F8404093F84620012CE0B2D2B236
:1040900018D1012AE4D1022283F8402083F8462077
:1040A000C7E790F8414093F84720012CE0B2D2B224
:1040B00008D1012AD4D1022283F84120022283F8B8
:1040C0004720B6E70120CBE7002C014007000100A4
:1040D000036A01F00F0110B504248C4023EA0403A5
:1040E0000362036A8A401A43026210BD08B529B907
:1040F00090F84430012B1DD0012039E0042907D16C
:1041000090F84530012BF7D1022380F8453014E0B8
:10411000082907D090F84730012BEDD1022380F811
:1041200047300AE090F84630012BE5D1022380F8B1
:10413000463002E0022380F8443000680422FFF792
:10414000C7FF436C43F4004343640A4B984202D0D8
:10415000B0F1804F07D18268074B1340062B06D081
:10416000B3F5803F03D0036843F0010303600020F0
:1041700008BD00BF002C014007000100FFF7B6BFDB
:10418000704770477047000010B5026852E8003F62
:1041900023F4907342E8003102680029F5D10F4CF6
:1041A00002F1080353E8003F234002F1080C4CE8F9
:1041B00000310029F4D1C36E012B07D152E8003F32
:1041C00023F0100342E800310029F7D12023C0F882
:1041D0008C300023C366436710BD00BFFEFFFFEFB6
:1041E000026852E8003F23F0800342E80031026891
:1041F0000029F5D152E8003F43F0400342E8003186
:104200000029F7D17047D0F88820212A034611D120
:10421000B0F8562092B20AB9FFF7E2BF026D01680A
:1042200012F8010B88621A65B3F85620013A92B26F
:10423000A3F856207047D0F88820212A034613D1CE
:10424000B0F8562092B20AB9FFF7CABF1A6D0068DB
:1042500032F8021BC1F3080181621A65B3F85620D7
:10426000013A92B2A3F856207047D0F88830212B3B
:1042700010B51BD1B0F86A20C2B1B0F8561003686F
:1042800089B2A1B903F1080252E8002F22F400021A
:1042900003F1080040E800210029F3D153E8002F82
:1042A00042F0400243E800210029F7D110BDD9694E
:1042B00009060AD5016D11F8014B9C62B0F8563021
:1042C0000165013B9BB2A0F85630013A92B2D3E7A8
:1042D000D0F88830212B10B51BD1B0F86A20C2B1BC
:1042E000B0F85610036889B2A1B903F1080252E888
:1042F000002F22F4000203F1080040E80021002909
:10430000F3D153E8002F42F0400243E80021002996
:10431000F7D110BDD96909060CD5016D31F8024BF2
:10432000C4F308049C62B0F856300165013B9BB2AF
:10433000A0F85630013A92B2D1E77047D0F88830F1
:10434000202B10B544D1002944D0002A42D0A0F837
:104350005620A0F85420426E01650023C0F890302A
:10436000B2F1005F4FF02103C0F888300268836823
:1043700019D1B3F5805F14D10469174B1749002C8C
:1043800008BF0B46836702F1080353E8003F43F47C
:10439000000302F1080040E800310029F3D10020B9
:1043A00010BD0D4BEEE7B3F5805F0FD104690C4BE8
:1043B0000C49002C08BF0B46836752E8003F43F0CE
:1043C000800342E800310029F7D1E8E7044BF3E726
:1043D0000220E5E70120E3E76B420008D142000834
:1043E000074200083742000808B5806A02F0DEF98B
:1043F00008BD70470368D9691A682DE9F04140F695
:104400000F0631429D68044610D18E0640F1978018
:1044100002F0200605F080573E4300F09080436F85
:10442000002B00F08580BDE8F0411847A84EA94850
:104430002E401040304300F08280CF0709D5D005D0
:1044400007D501201862D4F8900040F00100C4F8AC
:1044500090008F0709D5E80707D502201862D4F825
:10446000900040F00400C4F890004F0709D5E80719
:1044700007D504201862D4F8900040F00200C4F878
:1044800090000F070BD502F02000304307D0082022
:104490001862D4F8900040F00800C4F890000E05AF
:1044A0000AD5500108D54FF400601862D4F8903056
:1044B00043F02003C4F89030D4F89030002B37D06C
:1044C0008B0609D502F0200205F080552A4303D05F
:1044D000636F0BB1204698472668D4F89020B368E4
:1044E00002F0280203F0400353EA0205204621D0DF
:1044F000FFF74AFEB3685F0617D5226802F108038A
:1045000053E8003F23F04003083242E8003100291D
:10451000F3D1D4F8800040B16F4B8363FDF709FD00
:1045200030B1D4F88000836B7DE7204602F03EF97D
:10453000BDE8F08102F03AF9C4F89050F8E7E06E77
:10454000012840F08D80CE0640F18A80D00640F1EF
:10455000878010221A629968B4F85C20490651D508
:10456000D4F880100868416889B2002942D091428D
:1045700040D2A4F85E10026892062FD453E8002FB0
:1045800022F4807243E800210029F7D103F10802E8
:1045900052E8002F22F0010203F1080040E8002158
:1045A0000029F3D103F1080252E8002F22F0400263
:1045B00003F1080040E800210029F3D12022C4F8CB
:1045C0008C20E16653E8002F22F0100243E800211E
:1045D0000029F7D1D4F88000FDF776FC0223236789
:1045E000B4F85E30B4F85C10C91A89B22046FFF7FF
:1045F00000FF9DE791429BD103689B0698D502235B
:104600002367F3E7B4F85E10B4F85E0080B289B2B5
:1046100000288DD0521A91B2002989D053E8002F7A
:1046200022F4907243E800200028F7D12B4D03F1CB
:10463000080252E8002F2A4003F1080646E800204D
:104640000028F4D12022C4F88C206067E06653E88B
:10465000002F22F0100243E800200028F7D1CEE717
:10466000CF0209D56E0207D54FF4801220461A6298
:10467000BDE8F04102F0E4B808060BD502F0800076
:1046800005F40005284305D0A36F002B3FF450AF7D
:104690002046C8E64F0611D556060FD553E8002F21
:1046A00022F0400243E800210029F7D12023C4F87A
:1046B0008830A167204602F075F839E70D020FD562
:1046C00050000DD52046BDE8F04100F038BE00BFD7
:1046D0000100001020010004E9430008FEFFFFEF85
:1046E000CB017FF525AF002ABFF622AF2046BDE8FB
:1046F000F04100F023BE00BFD0F88C20B0F860106D
:10470000222A08B5036855D15B6A826D0B4013708D
:10471000836D01338365B0F85E30013B9BB2A0F836
:104720005E30B0F85E309BB2002B42D1026852E896
:10473000003F23F4907342E8003103680029F5D16B
:1047400003F1080252E8002F22F0010203F1080CE5
:104750004CE800210029F3D12022C0F88C20184A0F
:1047600041679342016705D1C26E012A0ED002F063
:1047700015F81EE05A681102F6D553E8002F22F012
:10478000806243E800210029F7D1EDE70022C266EC
:1047900053E8002F22F0100243E800210029F7D14E
:1047A000DA69B0F85C10D20644BF10221A62FFF733
:1047B00020FE08BD9A6942F008029A61F9E700BF3D
:1047C00000800040D0F88C20B0F86010222A08B594
:1047D000036852D15A6A1140826D22F8021B826529
:1047E000B0F85E20013A92B2A0F85E20B0F85E20E8
:1047F00092B2002A40D153E8002F22F4907243E88D
:1048000000210029F7D103F1080252E8002F22F01D
:10481000010203F1080C4CE800210029F3D1202209
:10482000C0F88C20174A41679342016705D1C26ED8
:10483000012A0ED001F0B2FF1EE05A681102F6D52F
:1048400053E8002F22F0806243E800210029F7D1CD
:10485000EDE70022C26653E8002F22F0100243E881
:1048600000210029F7D1DA69B0F85C10D20644BF04
:1048700010221A62FFF7BDFD08BD9A6942F00802D6
:104880009A61F9E70080004003682DE9F047DD698F
:10489000D3F800809E68D0F88C20B0F86070222A8F
:1048A000044640F0B580B0F86830002B00F08B80F3
:1048B0004FF0000906F001064FF0040AAB0640F184
:1048C00082802368A26D5B6A3B401370A36D013345
:1048D000A365B4F85E30013B9BB2A4F85E30236858
:1048E000DD6968072AD0E9070AD518F4807F07D068
:1048F00001221A62D4F8902042F00102C4F89020FC
:10490000AA0708D53EB102221A62D4F8902042F0DC
:104910000402C4F89020680708D53EB1C3F820A06F
:10492000D4F8903043F00203C4F89030D4F89030BB
:1049300023B1204601F03AFFC4F89090B4F85E30FD
:104940009BB2002BBAD1226852E8003F23F4807357
:1049500042E8003123680029F5D1304803F108020C
:1049600052E8002F024003F1080545E80021002924
:10497000F4D12022C4F88C20294A61679342216730
:104980000AD05A68110207D553E8002F22F080623E
:1049900043E800210029F7D1E26E012A34D1002238
:1049A000E26653E8002F22F0100243E800210029BC
:1049B000F7D1DA69B4F85C10D20644BF10221A624B
:1049C0002046FFF716FDB4F85E309BB2D3B1B4F8C1
:1049D00068209A4216D9226802F1080353E8003F82
:1049E00023F08053083242E8003122680029F2D1D6
:1049F0000C4B636752E8003F43F0200342E800316C
:104A00000029F7D1BDE8F087204601F0C7FEDAE7BC
:104A10009A6942F008029A61F4E700BFFEFFFFEFD7
:104A200000800040F946000803682DE9F047DD6981
:104A3000D3F800809E68D0F88C20B0F86070222AED
:104A4000044640F0B280B0F86830002B00F0888057
:104A50004FF0000906F001064FF0040AAB067FD5BF
:104A60002368A26D596A394022F8021BA265B4F886
:104A70005E20013A92B2A4F85E20DD6968072AD070
:104A8000E9070AD518F4807F07D001221A62D4F80A
:104A9000902042F00102C4F89020AA0708D53EB148
:104AA00002221A62D4F8902042F00402C4F8902046
:104AB000680708D53EB1C3F820A0D4F8903043F081
:104AC0000203C4F89030D4F8903023B1204601F0AE
:104AD0006DFEC4F89090B4F85E309BB2002BBDD14F
:104AE000226852E8003F23F4807342E800312368D3
:104AF0000029F5D12F4803F1080252E8002F0240A7
:104B000003F1080545E800210029F4D12022C4F86A
:104B10008C20294A6167934221670AD05A681102A2
:104B200007D553E8002F22F0806243E800210029D6
:104B3000F7D1E26E012A34D10022E26653E8002F59
:104B400022F0100243E800210029F7D1DA69B4F815
:104B50005C10D20644BF10221A622046FFF749FCBF
:104B6000B4F85E309BB2D3B1B4F868209A4216D93B
:104B7000226802F1080353E8003F23F08053083213
:104B800042E8003122680029F2D10C4B636752E8F9
:104B9000003F43F0200342E800310029F7D1BDE88F
:104BA000F087204601F0FAFDDAE79A6942F0080240
:104BB0009A61F4E7FEFFFFEF00800040C547000860
:104BC00010B590F88430012B1ED0012380F884307A
:104BD0002423C0F88830026852E8003F23F00C0319
:104BE00042E800340168002CF5D151E8002F42F072
:104BF000080241E80023002BF7D12022C0F88820CA
:104C000080F88430184610BD0220FCE710B590F8FB
:104C10008430012B1ED0012380F884302423C0F877
:104C20008830026852E8003F23F00C0342E8003469
:104C30000168002CF5D151E8002F42F0040241E850
:104C40000023002BF7D12022C0F8882080F8843080
:104C5000184610BD0220FCE7D0F88820D0F88C0060
:104C60001043704738B5044603682169A2681D687F
:104C7000C0690A4361690A437549024329400A43EE
:104C80001A605A68E16822F440520A435A60714A35
:104C9000A16993421CBF226A11439A6822F06E42B6
:104CA00022F430620A439A60DA6A616A22F00F02E3
:104CB0000A43DA62684A934217D14FF0B043674A19
:104CC000D3F8883003F0030343F4403393425BD0BE
:104CD000B3F1031F21D0013A934274D0B0F5004FD5
:104CE00040F0B080FEF79CFE31E05D4A934231D146
:104CF0004FF0B0435B49D3F8883003F00C0343F422
:104D000040228A4240D005D8E3B1574B9A425AD04C
:104D1000012062E0B2F10C1FFAD1B0F5004F37D09C
:104D20004FF400406368616A504A32F81120B0FBCA
:104D3000F2F000EB5300B0FBF3F04FF6EF73A0F18D
:104D4000100274E0B0F5004F77D1FEF759FE00284D
:104D500042D01DE03F4A9342DAD14FF0B043D3F83E
:104D6000883003F44063B3F5006F3DD006D883B3B9
:104D7000B3F5806FCCD1FEF737FA2CE0B3F5406F76
:104D8000C6D14FF4004030E0B0F5004F3848C9D1EB
:104D90006268616A354B33F81130B0FBF3F05308A9
:104DA00003EB4003B3FBF2F34FF6EF72A3F11001F4
:104DB0009142ADD823F00F02216892B2C3F34203AF
:104DC0001343CB6008E0B0F5004F3ED1FEF70CFA7C
:104DD000BDE7FEF715FE40B900204FF00113A366B2
:104DE0000023C4E91D3338BD214865681F4B626A42
:104DF00005EB450133F81220B0FBF2F3994287D856
:104E0000B3EB053F84D800231946FCF7CDF909021E
:104E100041EA10616B080002C0182A464FF00003F7
:104E200041F10001FCF7C0F9124BA0F540729A4223
:104E30003FF66EAF2368D860CEE7FEF7E1FD0028AD
:104E4000CAD06FE7FEF7ECFDF9E7FEF7CDF9F6E71C
:104E5000F369FFCF008000400038014002000300EA
:104E60000044004008000C0004000C00B4190208C3
:104E70000024F400FFFC0F00836A1A0710B506D562
:104E80000168846B4A6822F4004222434A60DC07CE
:104E900006D50168C46A4A6822F4003222434A6097
:104EA000990706D50168046B4A6822F480322243D0
:104EB0004A605A0706D50168446B4A6822F480228A
:104EC00022434A60DC0606D50168C46B8A6822F476
:104ED000805222438A60990606D50168046C8A686C
:104EE00022F4005222438A605A060FD50168446CAE
:104EF0004A6822F480122243B4F5801F4A6005D12B
:104F00004A68846C22F4C00222434A601B0606D51C
:104F10000268C16C536823F400230B43536010BD37
:104F20002DE9F843DDF8209004460D4617469846D3
:104F30002268D36935EA03030CBF01230023BB4277
:104F400001D0002022E0B9F1FF3FF2D0FCF74AFA8D
:104F5000A0EB0800484529D8B9F1000F26D02168F8
:104F60000B685A07E4D5802DE2D0402DE0D0CE6901
:104F700016F008060CD0082520460D62FFF704F94C
:104F80000023C4F8905084F884300120BDE8F883F1
:104F9000CB691B05CCD54FF400630B622046FFF7AD
:104FA000F3F82023C4F8903084F884600320EDE700
:104FB0002DE9F7439846D0F88830202B04460E465A
:104FC00017464ED119B9012003B0BDE8F083002A7D
:104FD000F9D021230025C0F89050C0F88830FCF7A4
:104FE00001FAA368A4F85470B3F5805F8146A4F871
:104FF000567003D123690BB935461E46B4F85620C6
:10500000CDF8008092B24B464AB940212046FFF7C6
:1050100087FF2023C4F888300028D5D008E000227C
:1050200080212046FFF77CFF20B12023C4F8883080
:105030000320C9E722688EB935F8023BC3F30803A1
:105040009362D4F8883003F02103212BBBD1B4F84C
:105050005620013A92B2A4F85620CFE716F8013B49
:10506000EEE70220B0E773B504460026C0F8906072
:10507000FCF7B8F923681B681A0705461CD56FF0C2
:105080007E430093324603464FF400112046FFF75B
:1050900047FF88B1226852E8003F23F0800342E8CE
:1050A00000310029F6D12023C4F8883003200023E2
:1050B00084F8843002B070BD23681B685B0724D578
:1050C0006FF07E43009300222B464FF48001204670
:1050D000FFF726FFC8B1226852E8003F23F490731F
:1050E00042E8003122680029F5D102F1080353E8B3
:1050F000003F23F0010302F1080040E800310029DD
:10510000F3D12023C4F88C30D0E720230020C4F84A
:105110008830C4F88C30E0662067C8E710B50446D4
:1051200050B3D0F888301BB980F88430FFF705F908
:1051300022682423C4F88830136823F00103136025
:10514000A36A13B12046FFF797FE2046FFF78AFDBA
:10515000012811D023685A6822F490425A609A6854
:1051600022F02A029A601A6842F0010220461A6070
:10517000BDE81040FFF777BF012010BD10B5044611
:1051800070B3D0F888301BB980F88430FFF7D5F8B9
:1051900022682423C4F88830136823F001031360C5
:1051A000A36A13B12046FFF767FE2046FFF75AFDBA
:1051B000012815D023685A6822F490425A609A68F0
:1051C00022F022029A609A6842F008029A601A68F5
:1051D00042F0010220461A60BDE81040FFF743BFCD
:1051E000012010BD30B581658168A0F85C200023E6
:1051F000B1F5805FA0F85E20436731D10369002BD1
:1052000040F2FF1318BFFF23A0F860300023C0F85E
:1052100090302223C0F88C30016801F1080353E874
:10522000003F43F00103083141E800340368002CDB
:10523000F2D1456E84680169B5F1005F35D1B0F8EF
:105240006850954231D8B4F5805F29D1C1B1264A62
:10525000426753E8002F42F4807243E8002121E0C6
:1052600029B90369002B14BF7F23FF23CCE7B1F1D9
:10527000805FC9D10369002B14BF3F237F23C3E79D
:105280001A4A426703F1080252E8002F42F08052A6
:1052900003F1080040E800210029F3D1002030BDCF
:1052A000114A42670029D4D1ECE7B4F5805F16D1EA
:1052B00051B10F4A426753E8002F42F4907243E81D
:1052C00000210029F7D1E9E70A4A426753E8002F95
:1052D00042F0200243E800210029F7D1DEE7044A2A
:1052E00042670029F2D0E6E789480008294A000809
:1052F000F9460008C5470008D0F88C30202B30B4A0
:1053000015D1B9B1B2B100230468C3660A4B9C42FF
:105310000AD063681B0207D554E8003F43F080635E
:1053200044E80035002DF7D130BCFFF75BBF022009
:1053300030BC70470120FBE7008000407047704799
:1053400090F88430012B0FD0012380F8843001685D
:1053500051E8002F42F0020241E80023002BF6D171
:1053600080F88430184670470220704790F88430E7
:10537000012B0FD0012380F88430016851E8002F01
:1053800022F0020241E80023002BF6D180F884309D
:105390001846704702207047836810B504462BB149
:1053A0000322014698470023C4E9023310BD8368F5
:1053B00010B5044613B1032201469847204610BD9C
:1053C00010B5044650F8103FDA6822F00102DA60A6
:1053D000DA6822F00202DA60DA6822F00402DA60A7
:1053E000DA6822F00802DA60DA6822F01002DA6085
:1053F000FEF724FC2269136823F0010313600123E4
:1054000084F84E3084F84F3084F8503084F85130AE
:1054100084F8523084F8533084F8543084F855308E
:1054200084F8563084F8573010BD4B1E032B00D93A
:10543000FEE78900081F70470139435C13F0100034
:1054400004D0022916D80C4A32F81100DB0712D515
:1054500003290FD8DFE801F00205080B40F0010036
:10546000704740F01000704740F48070704740F47F
:1054700080507047FEE77047D419020801390329AC
:1054800000D9FEE7014B585C704700BFD0190208F5
:105490000139032900D9FEE7014B585C704700BF72
:1054A000CC1902082DE9F04104460E46FFF7BDFF76
:1054B00004EB061808F16408054631462046FFF75C
:1054C000DDFFD8F808302BB12369C2431A61DA68CE
:1054D0000243DA60771E04EB47039B880B2B49D805
:1054E000DFE803F051181818060618184A4A4A2A25
:1054F000E35DDE0604D5294604F11000FEF73EFE0A
:10550000E35DD80736D5294604F11000BDE8F04127
:10551000FEF756BDE35DD90604D5294604F1100017
:10552000FEF7E4FDE35DDA0724D5294604F1100017
:10553000BDE8F041FEF7DABC294604F11000FEF7A1
:1055400041FD31462046FFF7A3FF25690146064687
:105550002046FFF771FF2B6A1843D8F808302862FD
:1055600043B131462046FFF789FFC3432B61EB6807
:105570001843E860BDE8F081294604F11000BDE859
:10558000F041FEF71FBD23691B68DB07F2D404F16D
:105590001000BDE8F041FEF72FBB70B501250446B1
:1055A000861C294636F8023F23B129462046FFF7DC
:1055B00079FF00210135052DF4D1E36E3BB123695C
:1055C0006FF001021A61DA6842F00102DA6049B153
:1055D00023691B68DB0705D404F11000BDE87040A7
:1055E000FEF70ABB70BD01211030FEF755BB036901
:1055F000186800F00100704710B502460C46FFF72E
:10560000F6FF80B9CB68DB070ED5CB6823F001032A
:10561000CB601046FFF7E7FF6FF001032361E368FB
:1056200043F00103E36010BDBDE810401046FFF7F2
:10563000DABF00000B4B98420BD0B0F1804F0AD07C
:1056400003F5C053984208D003F58063984206D012
:10565000FEE70020704701207047022070470320BA
:10566000704700BF002C0140024670B5044652F856
:10567000100FFFF7DFFF0546104600F021FF094A33
:10568000002342F8253004F16406E36004F1B40518
:10569000B54204D0103D2846FFF789FEF8E72046C2
:1056A00070BD00BF7002002070B504460846FFF7C9
:1056B000C1FF256905B1FEE7204B216104F10C0211
:1056C00043F8202004F110060E23C4E917353046B4
:1056D000C4E90C55C4E90E55C4E9105584F82C50A2
:1056E000A56484F84C5084F84D50E46000F0BCFE92
:1056F00004F16400FFF750FE04F17400FFF74CFE64
:1057000004F18400FFF748FE04F19400FFF744FE23
:1057100004F1A400FFF740FEC4E900554FF6FF7303
:10572000C4E906538023C4E90855A5606561A362F6
:105730003046BDE87040FEF79BBB00BF7002002002
:1057400010B588B018220446002102A81AF0C7FE3E
:10575000002301A902A80193FEF772F9206900F065
:1057600055FF012802D002280FD0FEE7059CFEF766
:1057700047F9B4F5C06F05D00BD824F48074B4F5A4
:10578000806F00D1400008B010BD069CFEF748F9BC
:10579000EFE7B4F5E06FF4E7012A38B505460C46AB
:1057A0000BD0022A16D004B1013C29692846CC62EC
:1057B000EC61BDE83840FFF71FBFFFF7C1FF084BA2
:1057C000B0FBF3F044432A69230C93620133B4FB2A
:1057D000F3F4E8E7FFF7B4FFB0FBF4F4F3E700BF3E
:1057E00040420F0010B500F110042046FEF73BFACE
:1057F0002046BDE81040FEF7CAB90000034B186808
:1058000010B10430FEF75CBA704700BF7002002090
:10581000FFF7F4BF034B586810B10430FEF750BADD
:10582000704700BF70020020034B986810B104302D
:10583000FEF746BA704700BF70020020034BD868DD
:1058400010B10430FEF73CBA704700BF7002002070
:105850000022C0E90022C0E902227047F8B50446E0
:105860000E4600F1640500F1B40728461035FFF735
:10587000EFFFBD42F9D10023204623613146FFF7F7
:1058800013FF2046F8BD38B50023C0E90033C0E956
:1058900002338B6804460D462BB102229847EB6811
:1058A000E360AB68A360204638BD30B587B002AD79
:1058B00004462846FFF7E7FF95E803006B4683E8B8
:1058C000030094E8030085E8030093E80300049BC9
:1058D000A268A360059B049284E80300E268E36089
:1058E00028460592FFF763FD07B030BD38B5044682
:1058F0000D46E36E64301BB1BDE83840FFF7D5BFFD
:10590000FFF7D3FFAB683BB123696FF001021A6167
:10591000DA6842F00102DA6038BD826810B50AB96F
:1059200018F01CFABDE81040C368184708B500B964
:10593000FEE700F097FD0068C36E13B16430FFF717
:10594000ECFF08BDFFF7F2BF10B500B9FEE7037F1B
:10595000013B072B10D8DFE803F004140F100F0FE2
:105960000F12012400F07EFD2401006864342044FD
:1059700083680BB1FFF7D1FF10BD0324F2E70424C5
:10598000F0E70224EEE7FFF7DFBFFFF7DDBF1AF015
:1059900011BA1AF00FBA1AF015BA4FF0B04382B02C
:1059A000DA6C0243DA64DB6C03400193019B02B0C2
:1059B0007047000008B5032818D8DFE800F0020897
:1059C0000D120120FFF7E9FF4FF0904008BD0220C3
:1059D000FFF7E3FF0648F9E70420FFF7DEFF05487D
:1059E000F4E78020FFF7D9FF0348EFE70020EDE759
:1059F0000004004800080048001C004808B506499B
:105A000000F0F8FCC0F3C430112800D9FEE7034BC6
:105A100053F8200008BD00BFB0180208E8190208BA
:105A2000A0F580500138022800D9FEE7014B53F859
:105A300020007047DC19020808B5054900F0DAFCBF
:105A4000C0F3C430012800D0FEE7002008BD00BF2D
:105A5000981802080268094B9A420DD14FF0B043E2
:105A60009A6B42F000529A639A6B22F000529A634A
:105A70009A6D22F000529A65704700BF0074004092
:105A800010B50A4986B0044600F092FC019050B16E
:105A90002046FFF7D1FF014628B901A8FCF703FA19
:105AA00001A8FCF7F2F906B010BD00BF9818020873
:105AB0004FF0B04382B01A6E42F400721A661A6E4A
:105AC00002F400720192019AD3F8882042F0405209
:105AD000C3F88820044B1868C30403D4034902B0F8
:105AE00000F04EBC02B0704718000020B018020849
:105AF0004FF0B0431A6C42F400721A641A6C22F42C
:105B000000721A641A6C42F400721A641A6C22F45D
:105B100000721A641A6E22F400721A66704700004E
:105B2000F0B59FB0054664220E4605A800211AF084
:105B3000D6FC0023EA04CDE902330493ADF8023029
:105B4000019340F1AC8041F203039D4200F2A78033
:105B50005D4B05932846FFF763FF07270446082E91
:105B600000F0AE800A2E00F0AD80062E0CBF182388
:105B700000234FF00042CDE906230023CDE908328F
:105B80000422CDE90E330A92ADF82C3001228DF8B3
:105B90002E308DF834308DF840308DF85030189319
:105BA0001B9319938DF86830484B0C9205A84FF45D
:105BB0008052CDE9112713971D60FBF71DFC0028CB
:105BC00079D1012C029435D0414B9C4232D0414BCB
:105BD0009C422FD0404B9C422CD0404B9C4229D021
:105BE0003F4B9C4226D03F4B9C4223D03E4B9C4295
:105BF00020D03E4B9C421DD03D4B9C421AD03D4B89
:105C00009C4217D003F104239C4213D03A4A24F05B
:105C1000004393420ED0394A93420BD0384A934204
:105C200008D0384A944205D0374A944202D0374AC5
:105C3000934240D1012302A905A8CDE90337FBF720
:105C400039FD002837D105A8FBF76EFF002832D1B7
:105C500005A8FBF791FE70BB0A2105A8FBF7CCFC59
:105C600048BB05A8FBF7FEFD830505D505A8FBF796
:105C70001DFD80B2ADF8020005A8FBF737FFD0B9D3
:105C800005A8FBF7DDFEB0B9214AD2F8083723F0AA
:105C9000E073C2F80837BDF8020080B20CE01D497D
:105CA000284600F085FB01A905902846FFF7A6FECF
:105CB000059B044613B900201FB0F0BD03274EE733
:105CC000102356E7082354E7002401401800002061
:105CD00002000004040000080800000C100000107E
:105CE00020000014400000188000001C000100206B
:105CF00000020024000400280010003000200034BE
:105D0000004000380080003C0000014000000244D8
:105D100000200140B0180208F8B51449144E074697
:105D200000F046FBFFF786FC56F82030044673B9B6
:105D3000B420FFF72CFE0D490546384600F038FB2D
:105D400001462846FFF78AFD56F824301D6056F8B4
:105D500024301C6844B12046FFF786FC2046B4215D
:105D6000BDE8F840FFF717BEF8BD00BFB417020842
:105D70007002002037B5FBF735FB4FF0E0250446F5
:105D8000AB690093FBF72EFBAB6901936969844211
:105D900001F101014FF47A7308D0019A8A1A5A432B
:105DA000B2FBF1F203FB002003B030BD009A8A1A67
:105DB0005A43B2FBF1F203FB0420F5E7FBF712BBF9
:105DC000704708B5FBF702FBFBF7F7FFFFF7F8FF9B
:105DD00008BD10B594B048220021044602A81AF06C
:105DE0007EFBFDF753F94FF0B0439A6D42F48062A9
:105DF0009A659A6D02F480620192019A032C11D87F
:105E0000DFE804F00219283DD3F8942042F00102A3
:105E1000C3F89420D3F894309C0703D4082302934A
:105E200001230893029B002B36D002A8FDF75AFAF3
:105E3000002831D0FEE71A6842F480721A601B68AD
:105E40005905EFD4022302934FF480724023CDE929
:105E50000623E7E7D3F8902042F08102C3F89020B0
:105E6000D3F890209407DDD4D3F8902022F01802C4
:105E7000C3F890200423029381230593D2E71A6884
:105E800042F480321A601B6899035EBF01224FF40E
:105E90008033CDE90223C5E714B010BD70474FF041
:105EA000B04382B01A6D42F400221A651A6D02F4F2
:105EB00000220192019A9A6C42F480529A649B6C7F
:105EC00003F480530093009B02B070470C4BD3F84F
:105ED000FC20D2015EBFD3F8FC2042F08072C3F8F0
:105EE000FC20084B00225A601A6842F001021A6036
:105EF00000BF00BF00BF5868B0FA80F0400970478B
:105F000000ED00E0001000E008B5FFF7C8FFFFF764
:105F1000DDFFFBF745FAFFF7C1FFFBF7E1F9BDE84D
:105F200008400148FBF74EBF1C000020012A02D1A7
:105F3000016000207047022A05D0032AF9D0002A08
:105F4000F7D10260F5E70B680360F2E703681847D2
:105F50000023C0E90033C0E90233704770B5002464
:105F6000012904F101032CD1184DE4B2142161433D
:105F70006E18F3683BB10431294403220846984760
:105F80000023C6E90333142363430022E8560F4B72
:105F900093F90010814201D1D968A9B90132102AC0
:105FA00003F11403F4D10A4A0A49D2F8803051F8B7
:105FB000241023EA0103BDE87040C2F88030FBF7EB
:105FC000B5BE49081C46CBE770BD00BF800200206B
:105FD00000080058301A02080023012803F10102CA
:105FE0000AD11422DBB25343054A181D10448168BC
:105FF00029B11A441369184740081346EDE7704762
:10600000800200200120FCF79FB90220FCF79CB918
:106010000420FCF799B90820FCF796B91020FCF78A
:1060200093B938B505242025A8B2FCF78DF9013CB9
:106030004FEA4505F8D138BD38B506244FF48065E0
:10604000A8B2FCF781F9013C4FEA4505F8D138BD0B
:106050002DE9F04100F00F08012606FA08F68CB091
:106060000D461746B3B20024012B04F1010253D1AF
:10607000C0F30310FFF79EFCD0B1294B53F8283032
:1060800093FAA3F1B1FA81F14900CDE9076793FAD8
:10609000A3F3C66803228A40B3FA83F332405B005D
:1060A00022FA03F3099307A902230A93FCF798F84D
:1060B00003AEDFF87080142329463046E4B25C4317
:1060C000FFF7E1FB96E8030008EB040301AA0433A1
:1060D00082E8030093E8030086E8030092E80300E7
:1060E000271D83E803004744059BBA68BB60069BF5
:1060F00005923046FA68FB600692FFF758F918F9E6
:106100000440002206212046FBF7D0FD2046FBF785
:10611000FFFD0CB0BDE8F0815B081446A4E700BFAA
:10612000701A020880020020344A104608B506237F
:1061300000F8043BFFF70CFF072302F1180013756A
:10614000FFF706FF082302F12C0082F82830FFF742
:10615000FFFE092302F1400082F83C30FFF7F8FE11
:106160000A2302F1540082F850301621FFF7F0FEA6
:1061700002F1680082F86410FFF7EAFE02F17C0089
:1061800082F87810FFF7E4FE02F1900082F88C109C
:10619000FFF7DEFE02F1A40082F8A010FFF7D8FEA0
:1061A00002F1B80082F8B4102921FFF7D1FE02F104
:1061B000CC0082F8C810FFF7CBFE02F1E00082F8B5
:1061C000DC10FFF7C5FE02F1F40082F8F010FFF7D3
:1061D000BFFE02F5847082F80411FFF7B9FE02F5E4
:1061E0008E7082F81811FFF7B3FEBDE8084002F583
:1061F000987082F82C11FFF7ABBE00BF8002002020
:1062000038B5054CA4F5A075143C201DFFF7CFF858
:10621000AC42F9D138BD00BFC003002030B591FABF
:10622000A1F391FAA1F1B3FA83F3C4685B000325EB
:10623000B1FA81F105FA03F3490024EA03038A4025
:106240001A43C26030BD431C04D00C3151F80C3CE1
:106250005A1C01D100207047834201F10C01F5D195
:1062600001207047F8B5471C06460D4600D1FEE7F1
:1062700000F00F02414BC0F3031053F82240FFF728
:1062800099FB94FAA4F3B3FA83F3876803225B00C3
:1062900002FA03F394FAA4F2B2FA82F227EA0307AD
:1062A0005200032393403B4305F007018360032919
:1062B00003D8DFE801F05F032C61FEE7012394FAC5
:1062C000A4F2B2FA82F206685200032707FA02F239
:1062D00026EA020694FAA4F2B2FA82F2520093403D
:1062E000013933430129036005D843682A074CBFAD
:1062F0002343A3434360C5F30112012A02D0022ABB
:1063000018BF00222146BDE8F840FFF787BFC5F35C
:1063100006227F2A01D10223D1E7360716D5230AA8
:1063200093FAA3F6B6FA86F6476A93FAA3F3B60091
:106330004FF00F0CB3FA83F30CFA06F69B0027EA32
:10634000060602FA03F333434362E4E794FAA4F344
:10635000B3FA83F3066A9B000F2707FA03F326EAD2
:10636000030694FAA4F3B3FA83F39B009A403243F2
:106370000262D0E70023A2E70323A0E7701A020815
:10638000431C06D17047834202D18968FFF76ABF78
:106390000C310B685A1CF6D1FEE70B685A1C01D170
:1063A00000207047834201D1486870470C31F4E700
:1063B000431C01D0FFF7F1BF002070474B6813B9B1
:1063C0004FF0FF307047834201D1086870470C31AD
:1063D000F4E708B1FFF7F2BF4FF0FF307047034614
:1063E0000868421C00D17047984201D18868704704
:1063F0000C31F5E7431C01D0FFF7F1BF70470346AE
:106400008B42084604D01BB100290CBF184600205F
:10641000704700004FF0B0431A6842F061021A6002
:106420004FF4E0229A6061221A60064ADA60002284
:106430009A6140F23F321A62034B4FF000629A6059
:10644000704700BF0001042200ED00E04FF0B043B0
:1064500082B01A6E02431A661B6E03400193019BC1
:1064600002B07047043870470368124A934282B002
:1064700004D14FF4006002B0FFF7E8BFB3F1804FE2
:106480000CD14FF0B0439A6D42F001029A659B6DBA
:1064900003F001030193019B02B07047064A934247
:1064A00002D14FF40030E6E7044A9342F4D14FF4AE
:1064B0008020E0E7002C01400044014000480140FA
:1064C0000368134A934206D14FF0B042136E23F48F
:1064D000006313667047B3F1804F06D14FF0B042AE
:1064E000936D23F00103936570470A4A934205D1E7
:1064F0004FF0B042136E23F40033EAE7064A9342AA
:10650000E8D14FF0B042136E23F48023E1E700BFDF
:10651000002C01400044014000480140431C10D0C1
:106520000C4B984210D007D8B0F1804F0ED0A3F595
:10653000C05398420CD0FEE7074B9842FBD11D2078
:1065400070476FF00D0070471C2070471B2070478C
:10655000182070470044014000480140431C10D0FF
:106560000C4B984210D007D8B0F1804F0ED0A3F555
:10657000C05398420CD0FEE7074B9842FBD11D2038
:1065800070476FF00D0070471C2070471B2070474C
:106590001A207047004401400048014038B50446C5
:1065A000FFF762FF2068FFF7B9FFD4E91312FBF78A
:1065B0007DFB2068FFF7B2FFFBF7AAFB22681046BD
:1065C000FFF7CCFF05461046FFF7A8FF85420BD02A
:1065D0002846D4E91312FBF769FB2068FFF7BEFFDA
:1065E000BDE83840FBF794BB38BD10B5FFF768FF36
:1065F00004460068FFF792FFFBF798FB2068FFF75F
:10660000ADFFBDE81040FBF791BB0000431C10D06C
:106610000A4B98420BD003D8B0F1804F0BD0FEE765
:10662000074B984203D003F580639842F7D10220CC
:106630007047002070470120704700BF002C0140C8
:10664000004401404FF0B042D2F8883023F4406358
:106650000343C2F88830704708B5074B90F8B12063
:1066600053F82200FEF7F8FA00F02200A0F122030E
:106670005842584108BD00BFC003002008B5074B71
:1066800090F8B12053F82200FEF7E6FA00F021005E
:10669000A0F121035842584108BD00BFC0030020AB
:1066A00070B50E46054610B94FF0FF3070BDFFF7CC
:1066B000D3FF04460028F7D12946012211F8B23F42
:1066C000337095F8B100034B53F82000FEF714FE29
:1066D0002046EBE7C003002038B50D460446C0B1A4
:1066E000FFF7BAFFA8B994F9B000C4F89850FBF7C7
:1066F0001DFB94F8B100074B04F1B20153F82000E0
:106700000122FEF7F9FD94F9B000BDE83840FBF72F
:10671000FFBA38BDC003002038B515460446C8B1DD
:10672000C0F89C1090F9B000FBF700FBD4F8B8302B
:10673000B4F8C21094F8B10013FA81F1064BAAB272
:1067400053F82000FDF7FAFD94F9B000BDE8384099
:10675000FBF7DEBA38BD00BFC003002050B1D0F84F
:10676000A430013306D190F8B120034B53F8220036
:10677000FEF726BA704700BFC003002050B1D0F822
:10678000A430013306D190F8B120034B53F8220016
:10679000FEF73CBA704700BFC0030020D0F8943029
:1067A00004381847D0F898300438184710B5044614
:1067B00050F80439DA69D1070CD501221A62FFF7C3
:1067C0004BFFB0B904F1AE0120460122BDE81040F4
:1067D000FEF792BDDA69920701D50222EEE7DA6987
:1067E000510701D50422E9E7DA691207E7D5082243
:1067F000E4E710BD08B52420FBF7D0FA024B186877
:10680000BDE80840FDF7F6BDC003002008B525200F
:10681000FBF7C4FA034B586818B1BDE80840FDF710
:10682000E9BD08BDC003002008B52620FBF7B6FA75
:10683000024B9868BDE80840FDF7DCBDC0030020AE
:10684000012200F1AE01FEF757BD000003681C4AAB
:10685000934211D14FF0B043D3F88800194B00F0A8
:10686000030040F44030984228D0B0F1031F14BF19
:1068700000200120C0037047134A93420DD14FF00E
:10688000B043D3F88800114B00F00C0040F44020D6
:10689000984213D0B0F10C1FE9E70D4A93420BD197
:1068A0004FF0B043D3F8880000F44060B0F5006FBB
:1068B00004D0B0F5406FDAE7002070470548704714
:1068C00000380140020003000044004008000C00B2
:1068D000008000400024F40001462DE9F047FFF756
:1068E000B5FF0A68234B4D68234F9A42064626D1CE
:1068F000DFF88880DFF888A04FEA5509002438F8CF
:10690000023B37F81320002319463046FAF74CFCB7
:10691000090241EA1061000210EB090041F1000197
:106920002A460023FAF740FCA0F54070504503D9F1
:1069300001340C2CE3D100242046BDE8F0870F4A37
:10694000C869002469084FF6EF7C32F8023BB0F5C5
:10695000004F37F81330B6FBF3F30CBF01EB4303E2
:106960005B18B3FBF5F3103B6345E5D901340C2C00
:10697000EBD1E0E700800040B4190208501B020888
:10698000FFFC0F002DE9F04F8BB0CDE901239DF8FE
:10699000543003939DF8583004939DF85C30059370
:1069A0008B46044618B900200BB0BDE8F08FB24901
:1069B000D0F8A000FFF7FCFCB0498246D4F8A40050
:1069C000FFF7F6FCAE490646D4F8A800FFF7F0FC46
:1069D000AC490746D4F8AC00FFF7EAFCA74980466B
:1069E000D4F8A000FFF7E4FCA3498146D4F8A40042
:1069F000FFF7DEFC0546BAF1000F02D1B9F1000F36
:106A0000D1D0D4F8A430013302D00EB9002DCAD0B1
:106A1000D4F8A830013301D0002FC4D0D4F8AC3062
:106A2000013302D0B8F1000FBDD031465046FFF718
:106A3000E6FC206020B929464846FFF7E0FC2060CC
:106A400039462068FFF7DBFC41462060FFF7D7FCA2
:106A500020600028A7D08C4B984240F0C1804FF0B6
:106A6000B0431A6C42F480421A641A6C22F48042D9
:106A70001A641A6E42F480421A661B6E03F4804355
:106A80000793079B0022242384F8B12084F8B030B8
:106A9000BAF1000F00F0DD807749D4F8A000FFF7CD
:106AA0006FFC002E40F0CF804FF00009002F00F067
:106AB000F3807349D4F8A800FFF762FC4FF4807AA2
:106AC000B8F1000F06D06F49D4F8AC004AF4007A50
:106AD000FFF756FC94F8B1206C4B271D43F8227049
:106AE0002368C4E9013B019BE360149B2361029B83
:106AF00063610C23C4E9063A002323623846FFF79A
:106B0000EBFE08230C28E362039BC4F83C9028BFEB
:106B10000020A06223B10A23E3624FF48033636351
:106B2000049B33B1E36A43F00103E3624FF40033A3
:106B30002363059B33B1E36A43F00403E3624FF43C
:106B40008023A363002294F9B00062620121FBF765
:106B5000ADF8D4F800804E4B984539D1BBF5165F9F
:106B6000384600F29B80FEF7EBFB3846002E00F023
:106B7000AA80FEF7D3FA002800F0B3800220FFF7C6
:106B800028F94FF0B043D3F890309B0700F1AB8069
:106B90004FF0B04322681B68590500F1DD80226880
:106BA0003B4B9A4202D10020FFF74CFD16B9002D55
:106BB00000F0BE803846FEF7B1FA002800F0918060
:106BC0002268334B9A4203D14FF48060FFF73AFDBD
:106BD00016B9002D00F0B5803846FEF79FFAB3E0F5
:106BE0002C4B984215D14FF0B0439A6B42F40032CF
:106BF0009A639A6B22F400329A639A6D42F40032DF
:106C00009A659B6D03F400330893089B01222523AA
:106C10003AE71F4B98427FF4C6AE4FF0B043DA6BB1
:106C200042F00102DA63DA6B22F00102DA63DA6D14
:106C300042F00102DA65DB6D03F001030993099B61
:106C40000222262320E70D49D4F8A400FFF798FB81
:106C50002AE7B9F1000F3FF427AF0849D4F8A000A4
:106C6000FFF78EFB15B94FF400491FE70249D4F82E
:106C7000A400FFF785FBF6E7781702083C17020827
:106C8000F4160208B816020800380140C0030020BC
:106C90000080004000440040BA4611E7FEF766FB62
:106CA000BEB13846FEF73AFAD8B14FF0B0431A6891
:106CB000236850057FF573AF434553D14FF400600F
:106CC000FFF7C0FC4BE0002D7FF453AFFEF756FA00
:106CD00051E7002D3CD13846FEF750FA00287FF4EA
:106CE00057AF012060E62268244B9A4203D14FF44B
:106CF0004060FFF7A7FC5EBB55BB3846FEF73EFA87
:106D00000028EED04FF0B04322681B685B057FF58A
:106D100046AF1A4B9A42D1D03846FEF72FFA0028D8
:106D2000DFD02268154B9A4202D10020FFF78AFC7F
:106D30003846FEF723FA0028D3D022680F4B9A4238
:106D400017D03846FEF71AFAB0FA80F040092BE661
:106D50003846FEF7E3F9C1E7084B9A42AED00EB9C8
:106D6000002DD9D03846FEF7D9F900287FF417AFA7
:106D7000B7E74FF48060FFF765FCE2E70080004072
:106D80001FB50B4B0B499C682046FFF711FB0023F6
:106D900058B109481A46C0F8A0404FF41651CDE941
:106DA0000233CDE90033FFF7EDFD04B010BD00BFA5
:106DB0004C19020878170208440000202DE9F0471A
:106DC0002A4D06460C46FAF70DFB95F8B130022B1A
:106DD000074613D895F8B120254B53F82250A5F15A
:106DE00004084046FFF74AFCC0BB4FF47A73A2B2D6
:106DF00031462846FEF7DCF840B908E01D4B1E4935
:106E0000D3F808804046FFF7D3FA08BB0024204699
:106E1000BDE8F0875AF8233043B995F8B130013313
:106E2000DBB2022B85F8B130F4D90CE0494640467C
:106E3000FFF7BEFA95F8B1205AF822301B6883425A
:106E4000EBD1022AC6D9FFF79BFF0028C2D1DDE7AC
:106E5000DFF81CA0DFF820900023E2E7FAF7C2FA7F
:106E6000C01BB0F57A7FBCD3D0E700BF4400002040
:106E7000C00300204C190208781702080A4903468B
:106E8000086810B50344EFF30882934205D9074B15
:106E90000C221A604FF0FF3010BD054A054C121B42
:106EA0009342F4D20B60F7E70C010020E07C002055
:106EB00000000120000400004FF0FF3070474FF445
:106EC00000534B600020704701207047002070473E
:106ED00000207047FEE70000024B16221A604FF0B8
:106EE000FF307047E07C002001207047054B1B6895
:106EF0008B4221BF036801330360002038BF6FF06D
:106F000033007047CC03002070B50D46044616468A
:106F1000114628460EF0F3F9204601233246294651
:106F20000EF0D7F9204670BD10B50024C0E901422B
:106F3000024A0160C160026110BD00BF83290208DE
:106F400013B500240549019401AA0C300FF053F940
:106F500010B9019802B010BD2046FBE7ED6E0008A5
:106F60000346406810B500B91868C468FFF7E8FF29
:106F7000E369584348BF00F2FF30801210BD4368F8
:106F800003B90368DA68D2E90730584348BF00F212
:106F9000FF308012704710B50968044600230EF0D8
:106FA00098F9204610BD10B5114604461A46002334
:106FB0000EF08FF9204610BD00680EF0A0B908460B
:106FC00011460EF09CB910B50446D0E900031BB978
:106FD000BDE810400EF059B90EF057F908B16068DD
:106FE000F6E710BD0A460C30014907F093B800BF20
:106FF000681B02080A460C30014907F0B3B800BF0D
:10700000681B020830B5CBB014461D460A46002363
:10701000016802A80EF05DF902A80EF0DBFA002864
:1070200000F0AD800422214602A80EF038FA20229A
:10703000211D02A80EF033FA0422694602A80EF0C0
:107040002EFA082229460DEB02000EF028FA08223B
:107050004E990DEB02000EF022FA042204F12401F5
:1070600002A80EF01CFA012204F1280102A80EF079
:1070700016FA012204F1290102A80EF010FA0122E9
:1070800004F1460102A80EF00AFA012204F12B01D4
:1070900002A80EF004FA042204F12C0102A80EF05A
:1070A000FEF9012204F1300102A80EF0F8F90122E4
:1070B00004F1310102A80EF0F2F9012204F13201CB
:1070C00002A80EF0ECF9012204F1330102A80EF03F
:1070D000E6F9042204F1340102A80EF0E0F90122DD
:1070E00004F13C0102A80EF0DAF9012204F12A01B0
:1070F00002A80EF0D4F9012204F1470102A80EF013
:10710000CEF90122694602A80EF0C9F9042204F161
:10711000380102A80EF0C3F9012204F13D0102A8D2
:107120000EF0BDF9012204F13E0102A80EF0B7F9FC
:10713000042204F1400102A80EF0B1F9012204F189
:10714000440102A80EF0ABF9012204F1480102A8A3
:107150000EF0A5F9012204F1450102A80EF09FF9F5
:107160001F2204F1490102A80EF099F9102204F13E
:10717000680102A80EF093F902A80EF0E3F94BB0F3
:1071800030BD0000F0B50F464168ADF5097D01B98D
:107190000168424A40A800230EF09BF840A80EF078
:1071A00019FA002876D012A804F05FFA202202A96A
:1071B00040A80EF074F92028024668D11AA940A808
:1071C0000EF06DF9202862D1012222A940A80EF00C
:1071D00066F9012802465AD10DF1890140A80EF046
:1071E0005EF90128024652D10DF1070140A80EF0C8
:1071F00056F9012805464AD1042237A940A80EF0C5
:107200004EF90428044642D12A460DF18A0140A8CD
:107210000EF045F901283AD1224633A940A80EF0D4
:107220003EF90428044632D1402223A940A80EF09A
:1072300036F940282BD1224634A940A80EF02FF968
:10724000042824D1042235A940A80EF028F90428E6
:1072500002461CD136A940A80EF021F9042816D107
:1072600002AD0FCD0AAC0FC495E80F0084E80F0003
:107270000AAE0FCE12AD0FC594E80F0085E80F00DF
:107280003B6812A91B683846984700288BD140A854
:107290000EF058F90DF5097DF0BD00BF6E1B020818
:1072A00070B50C464168DAB001B90168184A12A8F5
:1072B00000230EF00EF812A80EF08CF9D8B10025BC
:1072C0000422694612A80EF0EAF80428EEB20FD1A3
:1072D00020220DF1250112A80EF0E1F82028024627
:1072E00006D10DF1050112A80EF0D9F8202804D01E
:1072F00012A80EF027F95AB070BD236801AA9B6846
:107300003146204698470028F2D00135D8E700BF23
:10731000791B020870B50D464168F6B01E4601B9EA
:107320000168134A00232EA80DF0D3FF2EA80EF0FB
:1073300051F9044698B9204676B070BD072202A9DB
:10734000284619F0A2F850B99DF80F4004A922462A
:10735000304619F014FA2EA80EF0F4F8EBE7B42238
:1073600001A92EA80EF09BF8B428E7D00024F2E77C
:10737000841B02080120704710B5CCB0CDE9002372
:107380000C465E4A016804A8FFF7BEFD04A80EF093
:1073900021F9002800F0AF8000230422214604A830
:1073A000CDE902330DF0BFFF2022211D04A80DF00E
:1073B000BAFF042202A904A80DF0B5FF082269460D
:1073C00004A80DF0B0FF08224EA904A80DF0ABFFF1
:1073D000042204F1240104A80DF0A5FF012204F108
:1073E000280104A80DF09FFF012204F1290104A83F
:1073F0000DF099FF012204F1460104A80DF093FF5E
:10740000012204F12B0104A80DF08DFF042204F1E8
:107410002C0104A80DF087FF012204F1300104A81B
:107420000DF081FF012204F1310104A80DF07BFF72
:10743000012204F1320104A80DF075FF012204F1CC
:10744000330104A80DF06FFF042204F1340104A8F5
:107450000DF069FF012204F13C0104A80DF063FF67
:10746000012204F12A0104A80DF05DFF012204F1BC
:10747000470104A80DF057FF012202A904A80DF04E
:1074800052FF042204F1380104A80DF04CFF012240
:1074900004F13D0104A80DF046FF012204F13E0174
:1074A00004A80DF040FF042204F1400104A80DF0EF
:1074B0003AFF012204F1440104A80DF034FF012237
:1074C00004F1480104A80DF02EFF012204F145014A
:1074D00004A80DF028FF1F2204F1490104A80DF0B3
:1074E00022FF102204F168010DEB02000DF01BFFDA
:1074F00004A80EF027F84CB010BD00BF8F1B020887
:10750000F7B504460D460068164916461F460DF0AD
:10751000EAFE40B11349009733462A462046FFF75A
:1075200071FD03B0F0BD104920680DF0DCFE0028AD
:10753000F7D033462A4620460B490097FFF762FDF5
:10754000D7E90023CDE9002329462046D6E90023C8
:10755000FFF712FF0449206803B0BDE8F0400DF0CA
:10756000CEBE00BF8F1B02089A1B02082DE9F04116
:107570000C464168F8B0154601B901683E4A30A88A
:10758000FFF7C2FC30A80EF025F8E8B102A804F01D
:107590006CF800238DF807300127236802AA5B6886
:1075A000791E2046984760B11DB102A8A84700285F
:1075B0005FD0202202A930A80DF0B5FE2028024697
:1075C00005D030A80DF0BEFF78B0BDE8F0810AA963
:1075D00030A80DF0A8FE2028F3D1012212A930A86E
:1075E0000DF0A1FE01280246EBD10DF1490130A8B2
:1075F0000DF099FE01280246E3D10DF1070130A8F4
:107600000DF091FE01288046DBD1042227A930A885
:107610000DF089FE04280646D3D142460DF14A01F9
:1076200030A80DF080FE0128CBD1324623A930A826
:107630000DF079FE04280646C3D1402213A930A8D4
:107640000DF071FE4028BCD1324624A930A80DF0BF
:107650006AFE0428B5D1042225A930A80DF063FEE6
:1076600004280246ADD126A930A80DF05CFE0428FE
:10767000A7D1013791E700BF6E1B020830B50D4658
:107680004168DBB001B90168174A12A8FFF73CFC5A
:1076900012A80DF09FFF90B1002400942B6801AA5E
:1076A000DB68E1B22846984730B10422694612A847
:1076B0000DF039FE042804D012A80DF043FF5BB092
:1076C00030BD20220DF1250112A80DF02CFE20283E
:1076D0000246F1D10DF1050112A80DF024FE20287B
:1076E00004F10104DAD0E7E7791B020810B541681C
:1076F000F6B001B901680D4A2EA8FFF705FC2EA8C7
:107700000DF068FF78B1B422002101A818F0E7FE5F
:107710001424B42201A92EA80DF005FE013CF8D1D5
:107720002EA80DF00FFF76B010BD00BF841B02081D
:1077300010B50446406800B9206805490DF0D3FD36
:1077400020B92046BDE81040FFF7D0BF10BD00BFF4
:10775000841B0208436803B90368DB681A6A024B9A
:107760001A60FFF7E5BF00BFCC0300202DE9F04F02
:10777000F7B09A469DF80092A9F16403422B0646A1
:107780000C4604D90025284677B0BDE8F08FFFF7F6
:10779000CFFF716801B93168254A01232EA80DF089
:1077A00098FD2EA80DF016FF05460028EAD000210E
:1077B0002EA80DF092FE00274FF0FF3BB846B422F2
:1077C00001A92EA80DF06BFEB42820D02068A28855
:1077D000A37902905146ADF80C2004A84A468DF8D2
:1077E0000E3018F0CCFFB0688DF80F9003681B685E
:1077F0009847394601902EA80DF06FFEB42201A9DA
:107800002EA80DF090FD2EA80DF09CFEBBE70722E0
:1078100002A9204618F039FE38B1019B5B453CBFF8
:1078200047469B4608F1B408C9E74746CEE700BF84
:10783000841B0208BFF34F8F0549064BCA6802F448
:10784000E0621343CB60BFF34F8F00BFFDE700BF83
:1078500000ED00E00400FA05704770477047000033
:10786000004870478329020800207047004870478D
:1078700080EE36007047704700F5A040D0F85806FB
:1078800070470020704700F5A04090F882067047CE
:1078900000F5A04090F88306C04300F00100704757
:1078A00000F5A04090F89C0600F00100704700F53C
:1078B000A04090F8A00670470020704700F5A04057
:1078C00090F89E06003818BF0120704708B508469A
:1078D000F9F7F0F94FF08341F9F744FA0249F9F763
:1078E00039F9F9F741FC08BD0000FA4338B50846FC
:1078F0001446F9F7DFF90B49F9F734FA0A49F9F7B1
:1079000029F904F03F040546601CF9F7D7F9014650
:107910002846F9F727FA0549F9F71CF9F9F724FC85
:1079200038BD00BF0000C04000007A430000FA43A9
:10793000704790F84000003818BF012070472DE9CB
:10794000F74F05469DF830009DF83C6000F0030BB2
:1079500046FA0BFB06F10C075F4407F10109884664
:10796000B9F1B10F0D9901910E9941DC05F5A044D3
:107970004FF0890C84F81DC845F6290A4FF0000C19
:10798000C4F8253884F81EC884F81F6884F82008D5
:10799000C4F8212805EB0A00324618F0F0FE06EB89
:1079A0000A005A460199284418F0E9FE98F90201A4
:1079B000F9F784F94FF07A51F9F7D4F94FF0814192
:1079C000F9F7D0F9F9F7AAFB2F4445F61D06B8558B
:1079D000D4F8E4060368DB68984748B1D4F8E406B5
:1079E00003685B694A46A91903B0BDE8F04F184720
:1079F00003B0BDE8F08F000000F5A04070B5D0F8EE
:107A00008C560C46284600211646F9F753FBD8B988
:107A100021460E48F9F79CF80146284616F0E6FC88
:107A2000F8F7F2FC0A4B0022F8F78EFB04463046CA
:107A30000D46F8F7C7FC02460B4620462946F8F7E4
:107A40003BFDF8F7E9FF70BD0020FCE79A99593F2C
:107A50000000F03F38B500F5A045812385F81D38BA
:107A600000F5B04304461E3301F1200251F8040B27
:107A700043F8040B9142F9D1D5F8E406036804F504
:107A8000B0415B6921221D31984741F2883120467F
:107A900003F03CFBC5F8580738BD2DE9F04100F56F
:107AA000C74604460D467036002704223146284654
:107AB00018F0EBFC804650B10137082F06F10C0698
:107AC000F3D129462046BDE8F04106F02FB904F570
:107AD000A046822386F81D382B68C6F81E38606DD4
:107AE00003681B6898470C2303FB074746F2EC33F7
:107AF00004F5B041FB58C01AC6F82208D6F8E406CF
:107B0000036809225B691D31984746F2F03347F854
:107B1000038046F2F433F858BDE8F08115F08ABFCF
:107B20002DE9F14F00F5A0449846D4F8D036D2F8AC
:107B3000009005460E461746002B50D000F5AD408C
:107B40000422503018F0A1FC8246002847D1C4F826
:107B5000D0064F490222381D18F097FC45F61F0841
:107B600005EB080B60B9852384F81D3884F81E08DE
:107B7000336845F80830B388ABF8043008221DE0BC
:107B80003B7933BB7B791A011BB13146284606F09D
:107B900006F8852384F81D38BB7984F81E383368CD
:107BA00045F80830B388ABF80430C4F82598FB7961
:107BB00084F829383B7B84F82A380E22D4F8E4066E
:107BC00003685B6905F5B0411D3101B0BDE8F04FB8
:107BD0001847862384F81D3884F81EA8C8E7B8F132
:107BE000040F51D9D4F8D43623B305F5AD4004229F
:107BF0003146543018F049FCE0B98723C4F8D40664
:107C000084F81D3884F81E0845F61F033168E950D2
:107C1000EA1805F5B040B3889380391DA8F1040235
:107C2000253018F0ACFDD4F8E406036808F104022E
:107C30005B69C7E7D4F8D8364B4508D100238B22BF
:107C4000C4F8D83684F81D2884F81E38DCE7D4F848
:107C5000E0364B4518D100238C2205F5B040C4F81E
:107C6000E03684F81D2884F81E38A8F10402C4F810
:107C70001F98391D233018F082FDD4F8E4060368FC
:107C800008F102025B699DE701B0BDE8F08F00BF1B
:107C9000A61B02082DE9F14F90469DF83020DDF833
:107CA00028A09DF82C90012A04460D469DF8380026
:107CB0000D991E4646D1042844D904F5A047D1F8B1
:107CC00000C0D7F8DC3663453CD14FF0000BC7F855
:107CD000DCB6304604F017FC80B3484604F013FCD1
:107CE00060B38D2387F81D3887F81EB845F61F034B
:107CF0002968E150E21845F6260BAB88938051467F
:107D00004A4687F8259804EB0B0004F00CFC231876
:107D1000054600F5B040273003F80B603246414677
:107D2000204404F000FCD7F8E43619682A184D699D
:107D300004F5B0410A321D311846A847002001B0B1
:107D4000BDE8F08FCDE90D10CDE90B9233464246E8
:107D500029462046CDF828A001B0BDE8F04F04F038
:107D600080BF06F03AB9A0F5AC40A0F15000F8E7AA
:107D700006F013B8A0F5AC40A0F15000F8E706F00B
:107D80003FB9A0F5AC40A0F15000F8E706F073B998
:107D9000A0F5AC40A0F15000F8E710B400F5A04009
:107DA0009DF804400194D0F8540610BCFFF7DEBCE7
:107DB00008B500F5A040D0F85406FFF7ABFA08BDAF
:107DC00000F5A04090F88336DB070CD50139C9B225
:107DD00003290AD8064B5A5C90F89C361A4214BF05
:107DE000012000207047012070470020704700BF2D
:107DF000B11D020870B500F5A0450446D5F8E406AB
:107E00000368DB68984768B1D5F8E406902385F8E5
:107E10001D38036804F5B0415B69BDE8704001227C
:107E20001D31184770BD2DE9F04700F5A045044607
:107E3000D5F8E406089E1F460368DB68894690462D
:107E4000984720B3AD2E22DC882385F81D384FF0EB
:107E500081414846F8F786FFF9F760F985F81E0872
:107E60004046F9F75BF985F81F0804F5B040324643
:107E70003946203018F083FCD5F8E406036804F591
:107E8000B041F21C5B69BDE8F0471D311847BDE801
:107E9000F0874B88AD2B70B504460D4635D800F5FC
:107EA000A0468E2386F81D38006D03689B6B9847AB
:107EB0004FF08141F8F756FFF9F730F986F81E08C0
:107EC000206D03685B6B9847F9F728F986F81F085F
:107ED000AB8886F8203804F5B0406A8805F14A017D
:107EE000213018F04CFCD6F8E4066D880368DB6896
:107EF000984750B1D6F8E406036804F5B0412A1D4E
:107F00005B69BDE870401D31184770BD4B88AD2BD3
:107F100070B504460E4635D800F5A045842385F893
:107F20001D38006D03689B6B98474FF08141F8F74F
:107F300019FFF9F7F3F885F81E08206D03685B6BED
:107F40009847F9F7EBF8FF2385F81F0885F82038E4
:107F500004F5B040728806F14A01213018F00FFC98
:107F6000D5F8E40676880368DB68984750B1D5F801
:107F7000E406036804F5B041321D5B69BDE870405A
:107F80001D31184770BD70B500F5A046054620228A
:107F9000D6F854060C46FFF7EDF9D6F8E406036868
:107FA000DB689847C8B18F2386F81D3805F5B043C4
:107FB00021461E3304F1200251F8040B43F8040B50
:107FC0009142F9D1D6F8E406036805F5B0415B6942
:107FD000BDE8704021221D31184770BD4B684360D9
:107FE0008B688360CB68C3600B6903610B7D03758D
:107FF0008B698361CB69C3611F3100F1200300F5F8
:10800000907011F8012F03F8012B8342F9D17047CA
:108010008B889A0903F03F0310B502FB0333044633
:108020004A88006D52FA83F1036802319B689847D1
:10803000F8F740FE0649F8F795FEF9F795F800EBDA
:108040008000421C0021206EBDE8104004F033BBCC
:10805000CDCC4C3E8B889A0903F03F0310B502FB50
:10806000033304464A88006D52FA83F103680231F3
:108070009B689847F8F71EFE4FF07C51F8F772FEA8
:10808000F9F772F800EB8000421C0021206EBDE879
:10809000104004F010BB2DE9F041044640689DF803
:1080A00018701D460368DB6B1646984760680368C6
:1080B0002946D3F8E8309847606803683146D3F81A
:1080C000E43098473946606800220AF024F9606875
:1080D00084F824500368082D1B6EBDE8F0418CBF66
:1080E000102120211847000038B50C2015F024FB82
:1080F00008250024C02015F03DFB013D0444F9D1C2
:108100002046F8F75FF90AA3D3E90023F8F7D4F97A
:1081100000224FF07F53F8F7CFF9074B0022F8F712
:10812000CBF9F8F7A1FC80B238BD00BFAFF30080F7
:108130000000000000E5C0400000303F70B514466C
:108140001A78032A054654D105F5A04291F841005A
:1081500092F8891602294FEA50003AD001293AD103
:1081600000F0010192F88A66022E36D141F0020138
:1081700092F88B26022A36D141F004015B7821EA7D
:10818000030111F0010023D005F5B1455035284613
:108190000CF0A1FF1848FFF7A7FFF8F78BFD174970
:1081A000F8F794FE0121024628460DF03BF8059EA3
:1081B000284646F8044B0CF091FF044628460CF084
:1081C0008FFF22460146304618F0D9FA201DC0B272
:1081D00070BD0121C6E70021C4E7012E04BF00F0F5
:1081E00002063143C4E7012A04BF00F00400014342
:1081F000C4E70020ECE700BFF876002000007A44D6
:1082000000F5A0400023C0F8E036C0F8DC36C0F826
:10821000D836C0F8D436C0F8D036704773B5094B9D
:10822000D3E90445CDE9004500F5A04600F5AC4191
:10823000D3E90223D6F854065831FFF79DF802B06F
:1082400070BD00BFC874002007B500F5A040002332
:10825000D0F8E4068DF80430036801225B6901A9B7
:10826000984703B05DF804FB07B500F5A040012373
:10827000D0F8E4068DF8043003688DF805105B69CA
:10828000022201A9984703B05DF804FB2DE9F041F3
:1082900000F5A04500F5B04385F81D1806461446C4
:1082A0001E3302F1200152F8040B43F8040B8A42FA
:1082B000F9D194F8403085F83E3894F8413085F88B
:1082C0003F3894F8423085F8403806F5B04304F161
:1082D0004402413304F1840052F8047B43F8047BE8
:1082E0008242F9D106F5B1402022013006F0BBF8F8
:1082F000D4F88430C5F8A138D4F88C30C5F8A53846
:10830000D4F89030C5F8A938D4F88830D5F8E40608
:10831000C5F8AD38036806F5B0415B69BDE8F041CA
:1083200094221D3118472DE9F74F00F5A049054665
:10833000D9F8E40698460368DB680E4692469847EB
:10834000002870D0BAF1000F0AD032468A212846A0
:10835000FFF79CFF0C9B002B5FD103B0BDE8F08FB3
:10836000802389F81D3805F5B04332461E3306F1E7
:10837000200152F8040B43F8040B8A42F9D1D9F8D2
:10838000E406036805F5B0415B6921221D31984779
:108390000C9B3BB941F28831284602F0B7FEC9F880
:1083A0005807DAE7404604F0AEF80028F2D005F5A9
:1083B000C844503405F5D64B27460BF1100B4FF04F
:1083C000FF33072231463846019318F05EF8002843
:1083D00034D0BA6A019B9A4238BF3C4607F16C0719
:1083E00038BF13465F45ECD133682360B388A38060
:1083F000B379A37106F1200104F1080018F0B7F970
:10840000E86D03681B6898470C99A062424604F126
:108410002C0004F097F8E0710CE0404604F073F88B
:108420000028C4D199E70C9B23B1404604F06BF8B7
:108430000028BCD1BAF1000F8FD1ABE73C46D3E79F
:10844000F0B5059C581C0D4603F1210650F8047B3D
:1084500045F8047BB042F9D193F8210081F840003F
:1084600093F8220081F8410093F8230081F842003C
:1084700001F1440503F1240003F1640650F8047B84
:1084800045F8047BB042F9D101F1200503F18406DF
:1084900050F8047B45F8047BB042F9D1D3F884004E
:1084A000C1F884008F2C0CDDD3F88800C1F88C0053
:1084B000D3F88C00C1F89000932CC4BFD3F890304F
:1084C0001360F0BD43781B2B9DBF0448184100F09A
:1084D0000100012080F00100704700BFFFFEFDF7A2
:1084E0002DE9F04700F5A0490546D9F8D8480F2CEA
:1084F0008846174645F6DC0633DD06444FF0000992
:108500003046FFF7DFFF20B34FF0B10AA4EB0902BA
:108510000AFB09F00AFB02F245F6DC0600F5B3415E
:10852000B13A4C45D8BF002230440D31013C2944BA
:108530000AFB04F4284417F0B8FF2B1904F5B144E2
:108540009F555D343A4641462819BDE8F04718F07A
:1085500016B909F101094C4506F1B106D0D1BDE8C3
:10856000F087B1235C43031904F5B1445D349A5597
:10857000204418F004F9D9F8D8380133C9F8D838AC
:10858000EDE72DE9F34700F5A046994696F84F37F9
:10859000DDF82880022B04468A46174660D911234D
:1085A00086F81D3892F90201F8F788FB4FF07A51EE
:1085B000F8F7D8FB4FF08141F8F7D4FBF8F7AEFDA0
:1085C000002386F81E0886F81F3886F82038042510
:1085D0005146204605F03AFD621945F61D016B1C17
:1085E000505438782344800754BF3879FF205854BA
:1085F00045F61F030021D15445F62003404642F8BA
:108600000390F8F7F5FD05F1070909EB0003B02B1E
:1086100005F5B045074605F12405C8BFC9F1B00707
:108620003A464146601918F0AAF804F5B0412046D0
:1086300007EB09021D31FFF753FFD6F8E406036884
:10864000DB68984748B1D6F8E40683238DF80430F8
:10865000036801225B6901A9984702B0BDE8F08771
:10866000082386F81D380125B2E72DE9F7430B9D55
:10867000A72D0646894690461F4650D800F5A044CF
:108680001B2384F81D3892F90201F8F717FB4FF00D
:108690007A51F8F767FB4FF08141F8F763FBF8F781
:1086A0003DFD002384F81E0884F81F3884F8203824
:1086B0004946304605F0CAFC84F8210898F8003095
:1086C0009B0758BF98F8043084F8237848BFFF23ED
:1086D0003F0A84F8223884F8247884F825580DB3AA
:1086E00006F5B0402A460A99263018F048F805F1F8
:1086F000090206F5B04130461D31FFF7F1FED4F80E
:10870000E4060368DB68984748B1D4F8E40683239D
:108710008DF80430036801225B6901A9984703B012
:10872000BDE8F0830922E4E770B5044604F5A046ED
:108730000846D6F8D838002B1CDD96F8DC5804F52E
:10874000B1412A465D3118F01AF8D6F8D838B1216F
:108750005A1EC6F8D828002B01FB02F204F5B140DE
:1087600004F5B341D8BF00220D315C3017F09DFEF7
:10877000284670BD0020FCE72DE9F34700F5A04531
:108780001E4695F84F37022BDDE90C9804468A46C1
:1087900017466CD9102385F81D3896F90201F8F7B1
:1087A0008DFA4FF07A51F8F7DDFA4FF08141F8F782
:1087B000D9FAF8F7B3FC002385F81E0885F81F38AE
:1087C00085F82038042045F61D028318DAF800C029
:1087D00044F803C0E118BAF804308B803178831D67
:1087E0008907234454BF3179FF219954231845F652
:1087F00024020A999F5445F62502B9F1000F9950B9
:1088000000F10C0708DD00F5B04029300B994A460D
:10881000204417F0B4FF4F444046F8F7E9FC3B18FA
:10882000B02B45F61D090646C8BFC7F1B00607EBD9
:10883000090032464146204417F0A1FF2046BA19EC
:1088400004EB0901FFF74CFED5F8E4060368DB688A
:10885000984748B1D5F8E40683238DF804300368BF
:1088600001225B6901A9984702B0BDE8F0870723A0
:1088700085F81D380120A6E7F0B585B016461F46DD
:1088800004460D4605F00DFA0A9B03930022CDE93C
:1088900001220097334629462046FFF76DFF05B0B9
:1088A000F0BDF0B585B016461F4604460D4605F0EE
:1088B000F8F90A9B03930023CDE90133009733466F
:1088C000012229462046FFF757FF05B0F0BDF0B55D
:1088D000044685B016461F460D4605F0E2F941F202
:1088E0008831204602F012FC04F5A0430222C3F8AE
:1088F00058070B9B0393042302930A9B2946CDE957
:10890000007320463346FFF737FF05B0F0BD2DE971
:10891000F043044685B00846884615461E4605F0D5
:108920004BFD04F5A049074658B199F89F3601332D
:10893000DBB232462946204605B0BDE8F04303F0DD
:108940005CBA2946404605F042FD99F89F16ADF8FD
:108950000C000131C9B20091334603AA29462046D2
:10896000ADF80E7003F076FA05B0BDE8F0832DE99E
:10897000F04300F5A044984694F8FE3685B00546CD
:10898000174653B194F89F360133DBB2424639465D
:1089900005B0BDE8F04303F030BA6B4604F5D86685
:1089A000994604F5DA64306871681A4603C20836DD
:1089B000A6421346F7D105F5AE445C34204605F0D7
:1089C000FBFC434600280CBF214649463A46284650
:1089D000FFF79DFF05B0BDE8F08300002DE9F843E7
:1089E0000446042017460D469846FCF7D0FF5E4B20
:1089F000036006464020FCF7CAFF1021814605F0BF
:108A0000AFFC5A4B236033686665C4E913950025B3
:108A1000C4E904551B68656030469847012384F813
:108A20002C30534BA364534B2360089BA4F858503D
:108A3000C4E90605C4E90955C4E910552562636611
:108A4000C4E9178704F16800254602F01DFE4A4B71
:108A500045F8C83B04F59C4668362846B83502F010
:108A600004FEB542F9D104F5A647503704F5AC46EB
:108A70003D4650362846303502F0F7FDB542F9D173
:108A800004F5804304F5A045002604F5A040C3F892
:108A9000686E31464FF40272403017F020FD4FF4FB
:108AA00040723146C5F84862EE63C5F84C623846FC
:108AB00017F015FD314B2360F833C5F85036099B8C
:108AC000C5F8543604F5B1400A9BC5F8E836B42120
:108AD000C5F8E466C5F8EC6650300CF0E9FA2046BB
:108AE000A5F8FC66C5F8D86885F84F67FFF788FBDE
:108AF00004F5C04304F5C840C3F84C643146C5F8DA
:108B00005067C5F858674FF4D862503017F0E7FC4B
:108B100004F5AE40314610225C3017F0E0FC04F55D
:108B2000AC435C333146184685F8FE66742217F074
:108B3000D6FC4FF07E521249C5F8582617F017FEA2
:108B4000104BC5F88436104BC5F87C364FF4A16342
:108B5000A5F88036142385F8883685F89666C5F81A
:108B600098662046BDE8F883C01D0208F42102087B
:108B700080EE36009422020858230208CC1D020819
:108B8000A91B020800007A428D675944F0B50546DA
:108B900005F5A0449FB005F1680602F0A6FED4F8E2
:108BA00054063146FEF71EFAE8B902A802F04CF965
:108BB000602202A9304617F0E2FD0A2795F86830D6
:108BC000013BDBB2FD2B09D902A802F03DF960227E
:108BD00002A9304617F0D3FD013FEFD1D4F8540677
:108BE0003146FEF707FA042231461BA803F076FD52
:108BF00005F5AC401BA95C3017F0B9FD594BD4F812
:108C0000540605F5AC415831A3F10802FEF778FC93
:108C1000D4F88C6600213046F8F742FA002840F07C
:108C2000988051493046F8F759FA00B14E4EC4F8D1
:108C30008C66D4F8586600213046F8F731FA0028DF
:108C400040F0898049493046F8F748FA00B1474E6C
:108C5000C4F85866D4F87C6645493046F8F720FADF
:108C600000287AD143493046F8F738FA00B1414E2E
:108C7000C4F87C66D4F884663F493046F8F710FAA9
:108C800000286CD13D493046F8F728FA00B13B4E38
:108C900094F88036C4F884660C2B28BF0C23052B6F
:108CA00038BF052384F8803694F88136D4F854060A
:108CB000082B28BF0823052B38BF052384F88136ED
:108CC00094F98836142BA8BF14236FF0080293423E
:108CD000B8BF134684F8883694F89636D4F89826A8
:108CE000012B28BF012384F89636254B9A4294BF66
:108CF000C4F89826C4F8983605F5AC4605F58042C8
:108D000000235036C4F8F8363146C2F8683EFEF704
:108D100039FA284604F059FA1A4A1B49284605F040
:108D20001EF9D4F854063146FEF7BAFA94F88136A3
:108D3000009394F88036D4F88426D4F87C1613482F
:108D4000FFF7A9F994F98816104805F0DAFC1FB06E
:108D5000F0BD00266BE700267AE7054E88E7064E51
:108D600096E700BFD87400200000A0410000104129
:108D70000000164300401C459A99F9400000FA4350
:108D800080510100B01B0208C91B020808750020B1
:108D9000084B00221868884202D85868884206D2D8
:108DA0000132032A03F10803F4D1002070470120A7
:108DB000704700BFD41E020800F5A0400B68C0F841
:108DC000E4161B680846184700F5A04300F5AC41BF
:108DD000024AD3F854065031FEF7C8BB3379000875
:108DE0002DE9F04F00F5A045C5B095F86C77162F2A
:108DF00004460E4653D1012913D8B5F86C87B8F153
:108E00003D0F40F0AF863A3F072F00F25C81DFE86C
:108E100017F02C093C094E095A015A015A015A010E
:108E2000670995F86D3785F84F370D2385F81D389C
:108E300043F20D23A5F81E3845F62502082385F8D0
:108E400020381044D5F89036C5F821380023A350B7
:108E5000B9494360836017F08AFC04F5B040B74914
:108E60002822313005F0FFFA04F5B04014225930C1
:108E7000B34905F0F8FA95F89E3685F86D38D5F8BF
:108E8000E40695F89F3685F86E3803685B695222D0
:108E900004F5B0411D3145B0BDE8F04F1847012F32
:108EA00040F08280072940F2EA8445F26C72064461
:108EB0000023B35485F8FC36052385F81D3895F852
:108EC000883685F81F38142385F8203800F5B0431C
:108ED00085F81E7800F16802213300F1880152F80C
:108EE000040B43F8040B8A42F9D1964F90A3D3E9BF
:108EF0000023D7E90401F7F7DFFAF7F78DFD8CA31C
:108F0000D3E900230646D7E90201F7F7D5FAF7F7C8
:108F100083FD95F8823685F8493895F8943685F8BA
:108F20004A3895F88A3695F88B268749C5F841085E
:108F30009B0043EA021395F88926D5F87C06C5F80C
:108F40004568134385F84B3895F8833685F84C38D7
:108F5000F7F708FFF8F708F97B49C5F84D08D5F889
:108F60008406F7F7FFFEF8F7FFF804F5AC4795F82D
:108F7000803685F855385C3795F8813685F856384F
:108F8000C5F851083846F8F733F90246064604F5A5
:108F9000B0403946573017F0F2FBD5F8E4060368C5
:108FA00006F13A025B6973E7022F40F087800D29D2
:108FB00040F2658400F5AE410622733195F86DB735
:108FC00095F86E97D5F86FA704F093FE80460028B9
:108FD0006DD0BBF1010F69D804F5AE4707F17907F1
:108FE0003E444FF0000306F80D3C06AE1CD1D4F809
:108FF0005CA0DAF8003050461B689847DAF8043075
:109000009842024698BF5A1CCAF804204B46CDE944
:1090100000764146204604F0EAFA002316930646FD
:10902000002835D1032173E016ABCDE90073029619
:1090300001464B465246204604F088FA0646002870
:10904000F0D0169B23B3606D04F5C0470368D7F8D2
:109050004C941B6898470C2202FB094946F2EC33FA
:10906000169949F80300D7F84C3446F2F03002FB69
:1090700003420133115046F2F43142F801805A4262
:1090800002F0070203F0070358BF5342C7F84C34FD
:10909000771E06237E4285F81D387E41169B85F893
:1090A0001E68C5F81F38069B00F01ABD0127394617
:1090B000204645B0BDE8F04FFFF7D6B8032F22D1C8
:1090C00095F86D370BB10121F2E795F86E17D5F8D9
:1090D0006F7716AA04F081FF08B9022118E004F5A1
:1090E000AE437333073E009304F5AC4301965C3303
:1090F00016AA3946204604F0EFFA0028EDD02046A3
:10910000FFF7A2F881E03E2F55D1032904D80621AC
:109110002046FFF7A9F878E095F86E7795F86D8707
:10912000384603F0F0F988B9FF2FF0D1032517E096
:109130000000000080842E41D01B0208DC1B0208C6
:10914000E51B0208C874002000007A44FF2FEDD010
:1091500004F5AE413A466F3106A803F0E4F9C51CA8
:10916000631945F26C72414613F8029045F26D7234
:10917000204613F802A0AB1CB34216AA34BFF61A5D
:10918000002604F02AFF0028A7D059EA0A23BED0FF
:10919000A72EBCDC05F5AE456E352544CDE900357E
:1091A00002963B4606AA16A9204604F0D5FA0028E6
:1091B0003FF438AFA3E7042F2AD195F8FC360BB162
:1091C000042175E7042986BFD5F86D37C5F8F03658
:1091D000C5F8F03602238DF8583000F58043D5F8F5
:1091E000E406D3F8683ECDF85930036805225B6980
:1091F00016A99847204604F051FF012385F8FC3654
:109200000023C5F8EC06C5F8F43645B0BDE8F08F8C
:10921000082F28D1012912D8B5F86C87B8F13D0F75
:1092200040F0A0844FF03D08192F40F02584052E12
:1092300000F2F583B8F1340F7FF445AFE3E54E1E3D
:109240001F2E28BF1F2645F25C6500F5AE41324651
:109250006D312844264417F092FA002373552046B6
:10926000FEF7DCFF38E00E2F01F05280052F10D101
:10927000C06D09238DF8583003681B689847CDF8F6
:109280005900D5F8E40603685B693A4616A9984781
:10929000BBE7062F26D1042910D8B5F86C87B8F1A2
:1092A0003D0F40F05F84022E7FF6ADAD95F86E372E
:1092B000022B00F2F98185F89F36D0E7C06DD5F812
:1092C0006D5703681B6898478542C0F0ED81E06DDB
:1092D000036829465B689847204645B0BDE8F04FD3
:1092E000FEF7B2BF072F37D195F8943600F5AC41A1
:1092F0005C3103BB03F076FD0746002800F0CC800C
:10930000012E23D995F86D37012B1FD116AA05F52B
:10931000D863944605F5DA6518685968164603C699
:109320000833AB423246F7D100233A466146204625
:10933000FFF7EDFAD0E7AD48D0E90423CDE90023EB
:10934000D0E90223204603F063FDD5E70022394629
:10935000204603F09DF8BFE70D2F15D120299CD999
:1093600000F5AE4120226D3104F0C3FC002800F06E
:10937000CC87FF2380F8423041F28831204601F04B
:10938000C5FEC5F85807A7E7092F38D1232984D986
:1093900000F5AE4120226D3104F0ABFC0746E06DD4
:1093A00003681B68984704F5AE48069008F16C08FE
:1093B00057B14346009606AA39462046FFF740F8C3
:1093C000069BC7F88830D7E716A802F04EF9434647
:1093D0002046009606AA16A9FFF732F8069B389396
:1093E00020463B9704F0D9FC00283FF41BAE41F225
:1093F0008831204601F08AFEC5F858077FE6122F13
:109400000BD80E2F40F25581A7F10F03032B00F26A
:109410004D81DFE803F0193154A01E2F3ED0152FE7
:1094200040F24A81262F00F006822B2F00F0E681C1
:10943000B5F86C87B8F13D0F40F07B82022E3FF605
:1094400035AF4FF03D0860E200F5AE466D3631466F
:10945000202204F04EFC0146002800F056872046EA
:1094600004F0AFFC002800F05087D5F85406202205
:109470003146FDF77FFF7FE700F5AE416D312022D9
:1094800004F037FC0146002800F03F87204604F036
:109490009DF900287FF420AF032109E600F5AE41D5
:1094A00020226D3104F025FC0246002800F02D87B3
:1094B0000321204645B0BDE8F04FFEF7E7BE202966
:1094C0002CD895F8943600F5AC415C31DBB903F04B
:1094D00089FC06460028DFD0037843F001030370BF
:1094E00004F5B0410B2385F81D381E3103F046F812
:1094F00031460746204601F0F9FDD5F8E406036839
:109500007A1C5B69C4E43948D0E90423CDE900231F
:10951000D0E90223204603F07BFCDAE700F5AE41F8
:109520006D31202204F0E5FB0146002800F0ED86B5
:1095300004F5B0421E32204604F06BF902460028C2
:1095400000F0E3860B23D5F8E40685F81D380368A0
:1095500001325B699CE4622900F29C80B5F86C875B
:10956000B8F13D0F44D0B8F1340F40F05A83212EAA
:1095700000F21B82272F00F07F86322F3FF4A3AD2D
:109580001C2F00F0B6861D2F00F0A8861F2F40F07C
:109590007183012E7FF637AC95F86D6716AA3146B8
:1095A000204604F01AFD00283FF497AD122304F57D
:1095B000B04085F81D380DF1790185F81E681F301F
:1095C00017F0D5F804F5B0430DF159023F330DF112
:1095D000690152F8040B43F8040B8A42F9D1D5F81B
:1095E000E406036832225B6981E200BFC874002090
:1095F00002293FF65BAE392F40F08282212E7FF6A2
:1096000062AD04F5AE4120226D31204604F071FBBD
:10961000074616A802F029F8002F40F06D8239465F
:1096200098221EA816F05BFF16AF05F26D7305F2C7
:109630008D7C186859683A4603C20833634517465B
:10964000F7D116A9204604F0A8FB00283FF4EAACA5
:1096500004F5AF420D3216AF06A9A6F12103019120
:1096600005A90091DBB23946204604F078F9064698
:1096700000283FF4D7AC2046FEF7C2FD059BC5F895
:10968000E036062285F81D28721E5642564185F89E
:109690001E6806E54A1E00F5AE41D2B26D3104F0F7
:1096A000C1F800287FF418AE062101E5152F3FF61A
:1096B000B9AE092F40F2E380A7F10A030B2B00F2A9
:1096C0001E81DFE813F00C00250074001C011C0152
:1096D0001C011C011C011C011C011C01870004F55C
:1096E000B0461D3631462046FFF71EF8021E06DD45
:1096F000D5F8E40603685B693146FFF7CCBB0A2363
:10970000D5F8E40685F81D38036801225B69F3E7A4
:109710000B2ED5F86D17D5F8717795F8759795F8E4
:10972000768742D995F8776726B12046FFF730FB58
:109730000028B9D0CA4AA1F51233A3F5F8739342B1
:10974000B2D8A9F10503072BAED8A8F10503032B66
:10975000AAD8C44AA7F5DA53183B9342A4D885F88F
:10976000809685F881860846F7F7A4FABE49F7F790
:10977000ADFBC5F87C063846F7F79CFABA49F7F70F
:10978000A5FB85F89E66C5F884062046FEF746FDD3
:1097900095F88136009395F88036D5F88426D5F86B
:1097A0007C16B248FEF777FC96E50026C2E795F8EE
:1097B0006D2702F10903DBB21D2B3FF675AF204682
:1097C00085F88826FEF72AFD95F98816A74804F043
:1097D00098FF81E5D5F86D07D5F87167F7F76AFA54
:1097E000A149F7F773FBC5F88C063046F7F762FA24
:1097F0009D49F7F76BFBC5F8580630E59A49D5F84F
:109800008C06F7F7AFFAF7F7AFFC97490646D5F89D
:109810005806F7F7A7FAF7F7A7FC1723C5F82208A9
:10982000D5F8E40685F81D38C5F81E6803680922D6
:109830005B69FFF72DBB95F86D3785F88336022EEF
:109840007FF60DAD95F86E3703F0030285F8892693
:10985000032EC3F38102C3F3011385F88A2685F82A
:109860008B363FF4FCAC95F86F3785F89436042EB0
:109870003FF4F5AC95F8703785F88236EFE4B5F82B
:109880006C87B8F13D0F40F08480022E3FF60EAD9C
:10989000172F6ED0182F7FF4C5AC402E7FF6B3AAD9
:1098A00004F5AE466D36304601F010FF00283FF457
:1098B000FBAE16A801F0E8FE314616A8402201F0E2
:1098C000A1FFD5F8540616A9FDF794FB002800F077
:1098D000A38016A9602204F1680016F050FF20460C
:1098E000FEF7B2FC04F58043002204F5AC41D5F844
:1098F0005406C3F8682E5031FDF744FC85E4B5F8F2
:109900006C87B8F13D0F3FF499AD132F11D104F5D9
:10991000AE40574906226D3016F0B7FD002840F0E2
:109920002181D5F8583713B12046FFF74DFAFDF7DE
:1099300081FF142F1BD10C234E488DF85830FEF7B1
:10994000D3FB0646D5F85406FDF70AFB0446D5F8C6
:109950005406FDF714FBCDF85F00D5F8E406ADF82A
:109960005960CDF85B4003680B225B698EE4172FCA
:109970000FD10E2340220DF1590104F168008DF83A
:10998000583001F01BFFD5F8E406036841225B69FB
:109990007CE4182F7FF448AC402E81D8B8F1340F06
:1099A0007FF431AA212E7FF68EAB04F5AE41202242
:1099B0006E31204604F09DF90646002800F0A5848B
:1099C0004FF60363ADF85830206E0023ADF85A30DF
:1099D0008DF85C30036804221B680DF15D01984727
:1099E000FF2396F8427086F8423006AB019305AB30
:1099F00000933146092316AA204604F00DF886F894
:109A00004270064600283FF40DAB2046FEF7F8FBF7
:109A1000059BC5F8DC3634E60521FFF779BB95F9DF
:109A20006D3795F86D77002BFFF64DABBB1DB3423C
:109A30003FF649AB45F26E75BA1C79192144B21A4A
:109A4000204602F09EF9014600283FF425AD002390
:109A5000009362193B46204602F02DFA3CE400BF19
:109A6000B0DB2300C885070000007A440875002099
:109A7000F51B0208F87600201A2F7FF4BCAD202ECB
:109A80007FF621AB04F5AE4120226D31204604F073
:109A900030F9264445F26C730022F2540746002840
:109AA00000F0338404F5AF42014616AB0D32204678
:109AB00003F0E0FE064600283FF4B4AA2046FEF775
:109AC0009FFB3B68C5F8D036701E46424FF0060239
:109AD000464185F81D2885F81E68C5F81F38169B75
:109AE000D5F8E406C5F8233803685B690A2204F553
:109AF000B0411D31FFF7CBBB04F5AF420D32ABE5F2
:109B00001B2F2FD1202E05D8B8F1340F7FF47BA95D
:109B1000FFF7D9BA04F5AE4120226D31204604F09A
:109B2000E8F80746002800F0F08316AB00930146E2
:109B300006AB0122204603F0D0FF064600283FF482
:109B400071AA2046FEF75CFB711E3B68C5F8D4364F
:109B50004E424FF006034E4185F81D3885F81E68C9
:109B6000069BBAE7B8F1340F3FF401AD272F58D167
:109B7000232E39D8042E7FF446A904F5B146503679
:109B800030460BF0A8FAB448FEF7AEFAF7F792F8B1
:109B9000B249F7F79BF90121024630460BF042FB30
:109BA0008B2385F81D38002385F81E3845F61F03E2
:109BB000A16EE150E218B4F86C30938030460BF09F
:109BC0008DFA074630460BF08BFA014604F5B0409B
:109BD0003A46253016F0D3FDD5F8E406036807F1C0
:109BE00008025B69FFF754B904F5AE4170312022D9
:109BF000204604F07EF80146002800F0868316AB6C
:109C00000093032206AB204603F067FF06460028B8
:109C10003FF408AA2046FEF7F3FA069BC5F8D836AB
:109C200052E7322F7FF4ACAC212E7FF6ECA804F57E
:109C3000AE416D312022204604F05BF80146002839
:109C400000F0638316AA019206AAA6F121030092EE
:109C500004F5AF42DBB20D32204603F0DDFE0646CE
:109C600000283FF4DFA92046FEF7CAFA069BC5F894
:109C7000E03629E7202F33D1412E3FF624AA312E9A
:109C80007FF621AA04F5AE413A466E310DF1790016
:109C900095F86D6704F0D8FB102200210DF16900E2
:109CA00016F01DFC04F5AF430E330DF1590203F11C
:109CB000100153F8040B42F8040B8B42F9D116AA99
:109CC0003146204604F09CF900283FF406AA04F52A
:109CD000AC41D5F854065031FDF7D0FCFFF70FBA70
:109CE000212F22D1132385F81D38002385F81E3833
:109CF000D5F8E4064FF40053C5F81F38036804F59F
:109D0000B0415B6906221D319847D5F8500708B16C
:109D100016F058F84FF4005016F04CF80023C5F830
:109D20005007C5F85437FFF770BA222F00F036827B
:109D3000232F1ED1D5F85027002A3FF441AA04F55D
:109D4000B041D5F854371E3104F1680001F082FDAE
:109D5000D5F8500716F036F80023D5F8E406C5F814
:109D60005037142385F81D38036841225B69FFF7DB
:109D70008FB8242F00F03082252F00F08282282F08
:109D800009D11523D5F8E40685F81D3803680122AA
:109D90005B69FFF77DB8292F12D1032E7FF693A9B7
:109DA000264445F26C73002504F5AE40F5543A2183
:109DB0006D3016F0ABFB00283FF476AC057073E411
:109DC0002A2F18D1212E7FF67EA904F5AE4804F57E
:109DD000C84604F5D64708F16E08503610370722FA
:109DE0004146304616F051FB002800F05B826C368D
:109DF000B742F4D189E2382F40F09280012E7FF6ED
:109E000062A995F86D375BBB182285F81D2885F887
:109E10001E381148FEF768F90746606D03681B6835
:109E200098470646E06C03685B699847A5F81F7879
:109E30004FF47A73B6FBF3F6C5F82168B4F85830DE
:109E400085F82708D5F8E406A5F8253803680B221D
:109E50005B69FFF71DB800BFF876002000007A4468
:109E6000012B37D1182285F81D2885F81E38206D62
:109E7000C54E03681B6A98478246706803681B6F6B
:109E800098478146706803685B6F984763692769E4
:109E9000A5F81FA8804648464FF47A72B3FBF2F645
:109EA000B7FBF2F7F7F73AF94FF0814185F821084F
:109EB0004046F6F757FFF7F731F985F82208D5F84D
:109EC000E406C5F82378C5F8276803680E225B69A5
:109ED000FEF7DEBF022B7FF4E7AB182285F81D28C2
:109EE00085F81E38D4E90E01D4E90C76A64BC5F8E6
:109EF0002F085A69D3F810C0D5F8E406DB68C5F816
:109F00003728C5F81F38C5F823C8C5F82778C5F81D
:109F10002B68C5F8331803681E225B69FEF7B8BFCB
:109F2000332F1FD104F5AE40984905226D3016F04D
:109F3000ACFA00287FF4C7A8D5F8E40610B103688E
:109F40005B689847D5F85406FDF73DF838B12046D0
:109F5000FEF77AF94FF47A7013F070FDE7E405210B
:109F6000FFF7A6B8362F00F0DA803F2F00F0E6802A
:109F7000402F61D11C2385F81D3895F8A13604F5D2
:109F8000B0411D31002B50D004F5AD43213304F511
:109F9000B0421E3203F11C0053F8046B42F8046B0C
:109FA0008342F9D1188810809B78937004F5AD43F3
:109FB000403304F5B0443D3403F1100253F8040B70
:109FC00044F8040B9342F9D1D5F8E4060368302233
:109FD0005B69FEF760BF04F5AE40112E00F15C0036
:109FE0000FD904F5AE436E3303F1100253F8041B8E
:109FF00040F8041B9342F9D1002385F8FE36FFF7A1
:10A000006BB9102216F06BFAF6E704F5AD401F228B
:10A010000021213016F063FA04F5AD401022002132
:10A02000403016F05CFAFFF71AB9D5F8E406036879
:10A0300001225B69FEF72FBF372F7EF4E4AE012EBD
:10A040007FF641A895F96D37002BBFF63CA804F5C3
:10A05000AE416D31721E204601F0BAFE0146002865
:10A060003FF41AAA0022FFF773B995F86D3785F807
:10A070009C36022E7FF6F3A895F86E37402B28BF4A
:10A08000402385F8A036FFF7EAB8192385F81D3874
:10A0900095F89C3685F81E38D5F8E40695F8A03674
:10A0A00085F81F38036803225B69FEF7F1BE1A23A7
:10A0B00085F81D38364BC5F81E38C5F82238354BA3
:10A0C000C5F82638C5F82A38D5F8E406324BC5F865
:10A0D0002E38C5F83238036819225B69FEF7D8BEFE
:10A0E000032E7EF6F0AF204600F0ECFF0746002876
:10A0F0003FF4D2A904F5AE420146B31E6E322046AB
:10A1000095F86D5700F0A1FF00283FF4CDAA002379
:10A110002A463946204601F081FAFFF7DDB8012EC4
:10A120007EF6D1AF95F86D1700293FF454AF0129A1
:10A130007EF4C9AF85F8FE16FFF7CEB8002E3EF4C8
:10A14000C2AF2F2E7FF661AF04F5AE456D352846C0
:10A15000F7F74EF801381D283FF6A6AA04F5AD40E2
:10A160002946213016F003FB04F5AF430C3304F508
:10A17000AD42403203F1100153F8040B42F8040BD6
:10A180008B42F9D1FFF76BB808750020FC1B020861
:10A19000689B060077440D00F0010E00012E7EF64C
:10A1A00092AFD5F8500700283FF40AA8D5F85437E5
:10A1B000013E9A19B2F5005F3FF66EA904F5AE4173
:10A1C000184432466D3116F0DAFAD5F85437334474
:10A1D000C5F85437FFF780B80A2E7EF674AFA6F1A3
:10A1E0000A03B22B3EF60FAEDFB295F8753703F0D7
:10A1F000030147FA01F8B8F1400F3FF755AA0122D1
:10A200008A40013A12EA07097FF44EAAD5F86DA7F1
:10A21000D5F871275146204601F0C8FD06460028B2
:10A220003FF43AA904F5AE42763201463B46204659
:10A23000CDF8009001F03FFEB388206D718819447D
:10A24000036802319B68984723680146D3F8B4300D
:10A250005FFA88F2204698470623C5F82308D5F808
:10A26000E40685F81D3885F81E98C5F81FA8036810
:10A270000A225B69FEF70CBE042E3FF47EACFEF7AB
:10A2800022BF042E7EF61FAFD5F86D3733B13849A3
:10A29000A3F5C332A03A8A423FF606AAC5F8903623
:10A2A000FEF7DDBF162385F81D38B36AC5F81E38E2
:10A2B000F27985F8222804F5B04006F12C0123300C
:10A2C00002F031F9D5F8E4361A68556904F5B04161
:10A2D000821D1D3118462B46FEF7DDBD202E7EF671
:10A2E000F2AE04F5AE416D31204603F0A0FCFEF75E
:10A2F000F3BF202E7EF6E7AE04F5AE416D31204669
:10A3000003F0B8FC00287EF4E7AF0221FEF7D0BED0
:10A3100008297EF6C2AFD5F86D07164B164AD5F858
:10A320007157034493423FF6BFA995423FF7BCA93A
:10A33000124B9D42FFF6B8A9F6F754F80AA3D3E9E9
:10A340000023F6F7E3F90E4EC6E902012846F6F7B8
:10A3500049F805A3D3E90023F6F7D8F9C6E90401C3
:10A36000FEF77DBFAFF300800000000080842E4127
:10A370009FBB0D00804A5D050095BA0A006B45F54C
:10A38000C8740020F0B500F5A0440546D4F8E406F2
:10A39000036805F5AE416C319B69AFB09847014643
:10A3A00028B128462FB0BDE8F040FEF719BD94F85B
:10A3B000FC36002B3AD0D4F8E40603681B699847B2
:10A3C000A0BB684601F051F905F5AD476C376A4608
:10A3D0002946384603F064FE064690B9042384F803
:10A3E0001D38D4F8E406D4F8F436C4F81E380368EF
:10A3F00005F5B0415B6905221D31984784F8FC667C
:10A4000014E09DF84030002BE1D0D4F8F036229AC9
:10A410009A420BD96A4603212846FDF737FF229B53
:10A42000D4F8F426934201D9C4F8F4362FB0F0BD25
:10A4300010B50446C06C03685B699847002807DCC8
:10A4400004F5A044D4F85807003818BF012010BD07
:10A450000120FCE72DE9F04745F2FF66ADF5916D6F
:10A4600000EB0609044602AF4846F6F7C1FEDFF8E6
:10A47000BC8205464FF0000A404612F095FC0028C9
:10A4800048D04E2D10DC404612F060FEC1B20A29C1
:10A4900006D06B1CE2182544A95502F806A01D46FB
:10A4A000404612F089FEE7E74F2D05D104F5A043A1
:10A4B0000D2283F84E274F25013D254445F2FF63C9
:10A4C000EA5C0D2A2AD10022EA549949042248461E
:10A4D00015F0DBFF04F5A04640BB04F5AE4503359F
:10A4E00094490422284615F0D0FFE0B904F5AE40A7
:10A4F000073015F05AFCC6F890062046FDF78EFE90
:10A50000D6F890268C49894812F07FFE002386F801
:10A51000FF3603E04F2DC9D0002DCDD107F5906750
:10A52000BD46BDE8F08785492A46ECE784494846A0
:10A53000F6F754FEF0B9D6F85406FCF744FDB8B16E
:10A5400004F16801D6F85406FCF754FD2046FDF7E7
:10A5500065FE2046FEF738FC04F5AC415031D6F8D4
:10A560005406FDF78BF87749704812F03BFECDE7B3
:10A570007549F9E775494846F6F730FE38B9D6F817
:10A580005406FCF720FD0028F2D07149ECE7714930
:10A590000222484615F079FF8046002840F0EC8002
:10A5A00004F5AE4502356C490922284615F06DFFC9
:10A5B00088BB04F5AE450A35044668495B482A461F
:10A5C00012F023FED6F854162A463846FCF7E3FC70
:10A5D00074B3D6F854164A68002A97D02B4607F56C
:10A5E0009070FCF7E0FC002207F5907107F5107001
:10A5F0000AF0FAFFDFF86891DFF83081DFF864A134
:10A6000007F510700AF0E6FF002860D107F590709A
:10A610000AF098FF7AE754490822284615F035FFDA
:10A6200020B904F5AE4509350124C6E74446C4E720
:10A6300038460AF0CFFF98B12246394607F5107028
:10A640000AF0D2FFDFF82491DFF8E080DFF820A1E4
:10A6500007F510700AF0BEFF60B938460AF072FFC5
:10A660002B78002BB5D043492846F6F7B7FD0028D4
:10A67000AFD04BE707F510700AF0B3FFB0B107F5A4
:10A6800010700AF0ACFF2A4603465146404612F0CD
:10A69000BCFD394607F5587000220AF0A5FF07F502
:10A6A000587107F51070FDF799FCD1E707F51070A8
:10A6B0000AF095FF044607F510700AF01DFF2346C7
:10A6C00000902A464946404612F09FFDE1E707F513
:10A6D00010700AF086FFB8B107F510700AF07FFF1E
:10A6E0002A4603465146404612F08FFD07F5907109
:10A6F00007F5587000220AF077FF07F5587107F543
:10A700001070FDF76BFC7BE707F510700AF067FF30
:10A71000044607F510700AF0EFFE234600902A4623
:10A720004946404612F071FDE0E700BFA4790020E1
:10A73000021C0208071C02080C1C0208211C02084B
:10A740003E1C0208461C0208611C0208771C020815
:10A750007D1C02088C1C02088F1C0208991C020830
:10A76000FA1C0208E51C0208521D0208C41C02085B
:10A77000AE1C0208591D020853490322484615F031
:10A7800084FE804600285ED104F5AE4909F1030934
:10A790004E490922484615F078FE0546002840D16A
:10A7A00004F5AE440B34D6F85416224607F5107063
:10A7B000FCF7F1FB6DB1D6F8541607F558704A68EE
:10A7C0002346FCF7F0FB07F5587107F51070FDF70D
:10A7D00005FC07F510700AF0FDFE00283FF496AE68
:10A7E00007F510700AF0D9FDC31D23F00703E846F2
:10A7F000ADEB030D02AD82B20446294607F5107099
:10A800000AF04DFE22463248294601F081FF3149C7
:10A810002F4812F0CDFC07F510700AF093FEC546E4
:10A8200074E62D490822484615F02FFE20B904F59C
:10A83000AE440A340125B6E72849254812F0D2FC77
:10A8400086F8FF866AE626490322484615F01DFE73
:10A8500080BB96F802373BB104F5AE45023521497D
:10A860002846F6F7BBFC08B91F497DE617490922BF
:10A87000284615F00AFED6F8548638B904F5AE45D8
:10A880000A3529464046FCF797FB0EE0124908229C
:10A89000284615F0FAFD0028F3D104F5AE42D8F8A9
:10A8A000041009324046FCF78AFB08B10F495BE609
:10A8B0000F4959E60F494846F6F790FC08B9FCF7EE
:10A8C000B9FF0D4950E600BF1A1D02088F1C02088F
:10A8D000A479002029B00208521D02081E1D02089A
:10A8E0005B1D0208591D02085F1D0208751D020844
:10A8F000821D0208F51B0208981D020838B504469F
:10A9000004F5A04503F0E2FB95F8FD3620467BB147
:10A91000FFF7A0FDD5F8581749B1204600F0EAFB33
:10A9200028B12046FEF750FA0023C5F8583738BD45
:10A93000FFF728FDEEE738B50C468D18AC4200D184
:10A9400038BD4FF48071002012F061FE04F8010B55
:10A95000F4E737B504460846694601F080FE251D38
:10A9600004F2045408222946684615F08EFD18B9F1
:10A970002860686003B030BD0835A542F2D1F9E720
:10A98000F7B50E4604466946304601F068FE251DBF
:10A9900004F2045708222946684615F076FD98B956
:10A9A000337803F00303023B012B07D9D4F80C35AD
:10A9B0000133C4F80C35012003B0F0BDD4F80835DC
:10A9C0000133C4F80835F6E70835AF42E2D1D4F8D0
:10A9D00004256B4603CB04EBC20250609160D4F8AF
:10A9E0000435A022013393FBF2F102FB1133C4F8CA
:10A9F00004350020E0E7000038B5164D06224FF47C
:10AA0000E131284612F058FB0024134B0121204667
:10AA10001C7112F0C5FE0121084612F0C1FE00F0C3
:10AA2000CDF900B9FEE70D4803F066FE12F0E0FD37
:10AA30000B4803F087FF0B48FCF78CFE21460A48C1
:10AA4000FEF7A4F809490848CD60BDE83840FEF794
:10AA5000B3B900BFA4790020F87600200875002063
:10AA600018770020B0740020D0030020F07300207D
:10AA700038B50B4D2846FFF741FF12F0DBFF094BBD
:10AA8000D3E9042499699861411A521844F10004E9
:10AA9000C3E904242846BDE83840FFF7C9BC00BF1D
:10AAA000D0030020E8740020F0B5144E144F154D6B
:10AAB000154985B032463846FCF736FA134B144A2E
:10AAC0001A60002428469C80124B40F8043B214623
:10AAD0004FF4A06215F003FDC5F80445C5F80C4518
:10AAE000C5F808450C4A0D490095CDE90174334677
:10AAF0000B48FDF773FF05B0F0BD00BFE874002000
:10AB0000B0740020E06E002018770020F073002061
:10AB10002C230208001F02081001002008750020E5
:10AB2000D0030020054B064A1A6003F5A043F83213
:10AB300003F50D60C3F850260AF0C6BAD003002012
:10AB4000CC1D0208004870470000C07F00207047FD
:10AB5000002070477047704770474FF0FF307047D4
:10AB60007047002070470020704700207047002089
:10AB70007047000000487047081F02080020704717
:10AB800000487047081F020840680368DB681847E0
:10AB9000B0F918007047704700207047007970477F
:10ABA000BFF34F8F0549064BCA6802F4E0621343B6
:10ABB000CB60BFF34F8F00BFFDE700BF00ED00E0AB
:10ABC0000400FA0500207047406808B50368D3F810
:10ABD0008430984710F0140F14BF0120002008BDE6
:10ABE000406803681B6F1847406803685B6F18472D
:10ABF000436893F86C01704710B54FF47A720446BD
:10AC00000023D0E90401F6F7CFFAA368184410BD79
:10AC100000207047002070477047002070470020D8
:10AC200070470020704700207047002070470000E8
:10AC300000487047DC1B02087047F8B507460C4611
:10AC40008E18B44200D1F8BD78680368D3F8A430F8
:10AC500098474FF480710546002012F0D8FC45401B
:10AC600004F8015BEDE708B50346002018710121E7
:10AC700012F096FD0121BDE80840084612F090BD93
:10AC800010B500200C4601F0010112F0F3FDC4F3F1
:10AC900040010120BDE8104012F0ECBD10B50120CC
:10ACA00012F022FE0446002012F01EFE40EA44008C
:10ACB00010BD08B5F8F7FAF972B6BDE80840F8F724
:10ACC000FDB910B54FF4E4710446FAF764FE20466E
:10ACD00010BD4068002105F02DBE10B5044612F0ED
:10ACE000A9FED4E90431A269A061821A9B1841F13E
:10ACF0000001C4E9043110BD10B500220023C0E9F1
:10AD000004238160044612F095FEA06110BD036823
:10AD100010B5DB6B0446984720B92046BDE81040CB
:10AD200003F020BD10BD10B44468134694F86C21A4
:10AD300010BC03F031BD30B5012185B0044606F0EA
:10AD40004BFF01220021204606F06BFF7F238DF888
:10AD50000F3000220123CDE9003289210DF10F02CD
:10AD6000D4F8680104F043FBD4F86831186803682C
:10AD70000521DB69984712F05DFE0546D4F868317D
:10AD80001868D96A02681269904720B112F052FE21
:10AD9000401B322806D9D4F86011204605F09FFEEA
:10ADA00005B030BDD4F86831186803685B6D98470A
:10ADB000E4E708B54068FFF7BEFF08BD30B51B4AA1
:10ADC0001B491C4887B007F0D8FE002304931022CB
:10ADD0001623CDE90232122105230024CDE90031EA
:10ADE000154A164913480594082304F011FE054638
:10ADF00058B11349134812F0DBF912480A222946C8
:10AE000012F050FA204607B030BD0122114601244D
:10AE1000084807F027FD009441F2210341F60F5244
:10AE20002146044807F0CEFDECE700BF6021020890
:10AE3000D82102083075002000007A428D675944FD
:10AE4000161F0208A479002013B5054B009369462C
:10AE5000044B0193044600F023FC204602B010BDD1
:10AE60003C1F02083075002070B5194E194B336035
:10AE70004820FAF78CFD184C054604F097FC29464B
:10AE8000204604F0E9FD154B2360154B1549196068
:10AE90000022C3E90146144C83F82420C3E90322AD
:10AEA000124B2360124B6260A36000220023C4E9AE
:10AEB000042312F0BFFD0F4B0F4AA06100210020B8
:10AEC000C3E90201C3E90401C3E906011A6070BDC8
:10AED000F87600200021020830750020481F020883
:10AEE0000875002060200208E8740020C4200208D1
:10AEF000EF934466C8740020D820020870470020F1
:10AF000070474FF07E507047C82070474FF47A600A
:10AF10007047000070B50F481646F5F719FEF5F7B3
:10AF200073FA02460B4600200B4913F0F1F90B4B64
:10AF30000022F5F709F9044630460D46F5F742FAC6
:10AF400002460B4620462946F5F7B6FAF5F764FDAA
:10AF500070BD00BF9A99593F000024400000F03FA7
:10AF6000002370B50446C0E90C33C0E90E33A0F8E5
:10AF70005830406D03681B689847236820621B6B3C
:10AF8000204698472368A0649B6920469847064658
:10AF9000A06CF5F78FFE4FF07E5105463046F5F771
:10AFA000D9FD01464FF07E50F5F790FF0146284647
:10AFB000F5F7D8FEF6F7D8F82064606D03681B68D3
:10AFC00098476064206D03681B689847206D03688C
:10AFD000DB6A984784F82C0070BD2DE9F0410446E7
:10AFE000406D03681B689847656C2368451B9B6927
:10AFF0000646204698474FF07E51F5F7ABFD0146D7
:10B000004FF07E50F5F762FF236807461B6B204622
:10B01000984780462846F5F74DFE3946F5F7A2FEDB
:10B02000F6F7A2F8054670B14046F5F743FE3946FB
:10B03000F5F798FEF6F798F8236C66641D44A8426D
:10B0400094BF20642564BDE8F081F8B51E461378EE
:10B050000B7017469A090D4601D00020F8BD03F089
:10B0600003020923D34013F0010319BFB7F80130DD
:10B07000EB800B81CB801BBFB7F803302B81012104
:10B0800005217C5CAC80A209032AE6D004F03F04D1
:10B0900002FB0444E2B2402ADFD801315418B44222
:10B0A000DBDC394405F10A0015F069FB321B92B272
:10B0B000B82A6A80D1D8391905F14A0015F05FFB2A
:10B0C0000120CBE710B50446C06C03681B689847A5
:10B0D00030B9B4F8583043F00103A4F8583010BD2B
:10B0E00000238380438080F80231F8E7C06C036856
:10B0F0005B681847406D036810B51B680C4698479D
:10B10000001B0028D4BF0020012010BD406D036843
:10B1100010B51B680C469847204410BD03682DE904
:10B12000F0411B6805460E469847044630B9E86C66
:10B13000036831465B68BDE8F0411847012812D02A
:10B14000EF6C3B6820F07F412846D3F80880FFF77A
:10B15000DDFF220E013A034631463846C446D2B2DC
:10B16000BDE8F0416047BDE8F0812DE9F0410446BB
:10B17000006D0368C2B05B68FF2202A99847061EF3
:10B1800072DD2368206D5F6803689B6B98470546F6
:10B19000206D03685B6B98472946024602AB204648
:10B1A0000096B847E06C03681B689847054600287E
:10B1B0005AD00146334602AA2046FFF746FF002830
:10B1C0004DD0206D03689B6B98474FF08141F5F798
:10B1D000C9FDF5F7A3FF85F80201276D3B683846E6
:10B1E000D3F80C809B6B9847324601463846C047DF
:10B1F0000746206D036831469B689847636903449E
:10B200006361236806462846D3F8088001F0A0F958
:10B210003B46024629462046C0472B789B0726D44A
:10B22000A36B0133A36323683946DB6932462046AA
:10B230009847312801461DDDE66CB0F5FA4F3368BA
:10B24000A8BF4FF4FA4120465F6AFFF75FFF294627
:10B2500002463B46304642B0BDE8F0411847E06C3C
:10B26000036829465B68984742B0BDE8F081E36B0C
:10B270000133E3632946204642B0BDE8F041FFF7C1
:10B280004DBFF0B5C56C04462B68406D1E69036860
:10B29000C1B01B68984701462846B04760B32046B6
:10B2A000FFF79BFE206D0368FF219B689847236C86
:10B2B000B3EB500F4FEA500520D2236820469B691C
:10B2C00098470646206C281AF5F7F4FC4FF07E519B
:10B2D00005463046F5F73EFC01464FF07E50F5F747
:10B2E000F5FD01462846F5F7F1FDF5F73DFF01466E
:10B2F0002046FFF70BFFA06141B0F0BDA1692046D9
:10B30000FFF7F8FE0028F7D0206D03681B6B984705
:10B31000C0B1E36923B9606D03681B689847E061B9
:10B32000606D03681B689847E369C51A2368204667
:10B330005B6A9847854240D9B4F8583043F002031D
:10B34000A4F85830E56C606D0023E3612B68DE687B
:10B3500003681B68984701462846B047606000288C
:10B36000CAD003788DF80030092203F0030322FAD3
:10B3700003F3DB0741BFC388ADF801300389ADF8A3
:10B38000033054BF0123052382880DF803205D1C80
:10B39000027900F10A010DEB050001F0C4F86668BE
:10B3A000728805445319FF2B0CDDE06C03683146AD
:10B3B0005B689847002363609EE7236820461B6A0A
:10B3C000984794E706F14A010DEB050015F0D7F90F
:10B3D000206D768803682E4431469B689847054661
:10B3E000606D03681B689847E060206D0368324613
:10B3F0001B6969469847064678B9656823682846F8
:10B400001F6901F0A5F8294602462046B847616841
:10B410002046FFF76BFE66606EE705EB45056908A1
:10B420002046FFF773FEA06066E7F8B5416A044660
:10B43000FFF760FE78B1256D2B685E6A23682046B1
:10B440009B6A984701462846B0474FF4FA61204668
:10B45000FFF75CFE6062206D0368DB699847206D32
:10B460000368DB6A984794F82C30834217D084F83D
:10B470002C00B0B9606D03681B6898472062606D4E
:10B4800003681B689847236AC01AB0F5FA5F82BF49
:10B49000B4F8583043F00403A4F8583001E0002B0E
:10B4A000EDD06368002B64D0206D03685B6998471A
:10B4B000002800F09880606D03681B689847E56875
:10B4C0002369471B3B44236106462046FFF785FD61
:10B4D000236C9F427CD900232364236820469B6908
:10B4E00098470646206CC0F16400F5F7E3FB4FF087
:10B4F0007E5105463046F5F72DFB01464FF07E5054
:10B50000F5F7E4FC01462846F5F7E0FCF5F72CFEDC
:10B5100001462046FFF7FAFDA061206D03689B6994
:10B52000984761688A884888930902F03F0203FBC4
:10B530000222D2B223680232DB68024420469847D6
:10B5400061680B789B0755BF236B636B0133013335
:10B5500054BF236363632046FFF7C8FD0023636085
:10B5600023682046DB6A984701462046FFF7CEFD58
:10B57000A06223682046DB6A9847002811DDA16A93
:10B580002046FFF7B7FD60B1206D03689B6A9847BE
:10B5900023682046DB6A984701462046FFF7B6FD40
:10B5A000A062E56C606D2B689E6A03681B68984713
:10B5B00001462846B047014610B12046FFF7AEFDD0
:10B5C0002046FFF7D2FD2046BDE8F840FFF759BE00
:10B5D0001D44AD1B632D25647FF67FAF606D03684E
:10B5E0001B68984798E7A1682046FFF783FDA0B144
:10B5F000206D03689B69984761688A884888930929
:10B6000002F03F0203FB0222D2B22368023202445C
:10B610001B692046984761689DE7F8BD2DE9F04712
:10B62000064608790C461746984600F06CFFF56C04
:10B6300088B16388B82B0ED82B6841463046D3F8C2
:10B640000890FFF763FD3A46034621462846CC465C
:10B65000BDE8F04760472B68214628465B68BDE897
:10B66000F04718470368DB69184710B520220446E5
:10B67000002114F034FF204610BD10B404460846E3
:10B68000214610BC08F01EBC10B50446FFF7EDFFC4
:10B690004022002104F1200014F021FF204610BDBB
:10B6A00030B50D4689B00446FFF7DFFF2B686946C9
:10B6B0001B6828462022984720466A4604F120014C
:10B6C0000BF054FF204609B030BD0000F0B5B1B01A
:10B6D0000146044668460BF066FF9DF80030013BCA
:10B6E000DBB2FD2B30D81B4B20AA03F140071646D6
:10B6F00018685968154603C50833BB422A46F7D176
:10B70000154B08AA03F1200C17461868596815460E
:10B7100003C5083363452A46F7D12246394610A8A7
:10B720000BF05AFE3246694618A80BF055FE20224F
:10B7300018A910A814F0A9FE30B910AB13F8012B0A
:10B740002AB901302028F9D1002031B0F0BD012004
:10B75000FBE700BF282202086922020838B50C4620
:10B760000546014620222046FFF77CFF20280AD10B
:10B77000402205F120012046FFF774FFA0F14003AD
:10B780005842584138BD0020FCE738B50B680C46DC
:10B790005B680146054620222046984720280BD1A9
:10B7A000236840225B6805F1200120469847A0F1FC
:10B7B00040035842584138BD0020FCE73F2A70B58D
:10B7C0001ED95F2A00F1200300F1600407D853F866
:10B7D000042B41F8042BA342F9D1402070BD1A4636
:10B7E0000D4652F8046B45F8046BA242F9D1403182
:10B7F00050F8042B41F8042B9842F9D16020EDE772
:10B800000020EBE7602A30B40B4613D10A4603F15F
:10B81000400400F1200152F8045B41F8045BA242AD
:10B82000F9D1603352F8041B40F8041B9A42F9D155
:10B8300030BC7047402AFBD100F120010A4603F1D9
:10B84000400453F8045B42F8045BA342F9D130BCD6
:10B850000BF0A9BE13B50446084611461A4604F17A
:10B860002003009323460CF0ADFC02B010BD0B4644
:10B87000114600F1200218460BF0AEBD00207047C3
:10B880007047704770470020704770477047704797
:10B8900070477047002070470020704700207047B5
:10B8A000002070470020704770B5046D236805467E
:10B8B00008469E6800F04CFE01462046B04705222F
:10B8C00004460021286E00F0F6FE34235C43642316
:10B8D000B4FBF3F4604370BD08B504220121006E8F
:10B8E00000F0E9FE7823584308BDFFF739BBFFF7A6
:10B8F0009CBDF8B58B8803F03F04013CE4B223F013
:10B900003F031C438C80A40901340D46E4B201F1CD
:10B910000A060027AB8803F03F0313FB04F3BB4286
:10B9200000DCF8BD3046264422463146274414F058
:10B9300026FFEFE7F8B50A788B88920706460C4693
:10B9400001D50020F8BD03F03F079B090133DBB2AE
:10B9500007FB0333402B07F10105F2DC03689B6B07
:10B9600098470028EDD0A28892090132D2B207FB95
:10B97000024006F168010A3014F001FFA38823F0A9
:10B980003F031D433368A580DB6B21463046984753
:10B99000A38803F03F03013340EA0360D2E72DE9B7
:10B9A000F043202B93B080460E4617461D4603D821
:10B9B000FFF788FB044620B90024204613B0BDE8F9
:10B9C000F0830346102203F84A2B06F12009324681
:10B9D00052F8041B43F8041B4A45F9D1D8F85C001F
:10B9E00003681B6898472A46C4F86A0080463946AF
:10B9F00004F1AE0014F0C3FE05F1640363800DF1A1
:10BA0000040C334618685968624603C208334B4534
:10BA10009446F7D12A4639460AA8CDF8248014F076
:10BA2000AEFE05F1240301AA04F16E013046FFF7D2
:10BA300011FFC2E72DE9F04FAFB099469DF8E0A0A5
:10BA4000DDF8EC804FEA9A130AF03F0403FB04444C
:10BA500008F105032344A62B06468B46174604D956
:10BA6000002528462FB0BDE8F08FFFF72BFB0546D9
:10BA70000028F5D0202303709BF8003080F84A306E
:10BA800096F8683080F84B30494622460DF10100A7
:10BA90008DF800A004F1020914F071FE04F1B9035D
:10BAA0000DEB09006B44B8F1000F12D09DF8E420B3
:10BAB00003F8B82C3A99424614F061FE08EB0903EA
:10BAC0006A4605F14C01384600F0D1FE023068802C
:10BAD000C7E7FF2203F8B82C336E1A6801461668D0
:10BAE00018460422B047A31DEAE77FB509788DF810
:10BAF00014100B9903910A9902919DF82410019159
:10BB00009DF82010009105A9FFF794FF07B05DF89C
:10BB100004FB2DE9F8430229DDF8249007460D4681
:10BB200090461E4603D809F11103B82B03D900240F
:10BB30002046BDE8F883FFF7C5FA04460028F6D092
:10BB4000AD00057098F8003080F84A3097F86830FA
:10BB500080F84B3000F14C01089A4B46304600F01B
:10BB600086FE02306080E3E7F8B50729089F154696
:10BB70001E4603D107F13003B82B02D9002420461A
:10BB8000F8BDFFF79FFA04460028F7D01C23037086
:10BB9000337880F84A302A4600F14B0305F1200142
:10BBA00052F8040B43F8040B8A42F9D1079A06981D
:10BBB0003B4604F16B0100F05AFE21306080DEE765
:10BBC0002DE9F0411F464B1F012BDDF818800E4672
:10BBD000154607D808F11003B82B03D8FFF772FAFF
:10BBE000044618B900242046BDE8F081B60006706E
:10BBF00028463A4610F8013B84F84A3004F14B01DC
:10BC0000434600F034FE01306080ECE770B50E462C
:10BC10001546FFF757FA044638B10C2300F84A3BA3
:10BC20002A46314614F0ABFD6580204670BDF8B55C
:10BC30000F4616461D46FFF745FA044668B12D012A
:10BC4000282345F00305037080F84A5032463946F0
:10BC50004B30013614F093FD66802046F8BD2DE987
:10BC6000F0470B78FF2B05460C4690464AD00368F8
:10BC70005B6C984704F14A09064604F10A0AE6B9E2
:10BC8000A27849462846FFF7C1FF0746002839D069
:10BC9000227904F10A010A3000F054FC3B78B880A4
:10BCA00023F0030343F002033B7032464346394618
:10BCB0002846BDE8F047FFF7B1BC2B6821461B6C56
:10BCC0002846984700F59670A27880443346494646
:10BCD0002846FFF7ACFF074688B1227951460A3063
:10BCE00000F030FC3B78B88023F0030343F00203FC
:10BCF0003B700022434639462846FFF78FFC013E41
:10BD0000F6B2BCE7BDE8F08770B591F84A6006F07E
:10BD10000F03032BC2B005460C462FD14B88042BD2
:10BD20002CD901A800F0EAFB237822798DF80430A1
:10BD300004F10A010DF10E0000F004FC6288ADF878
:10BD40000800013A92B204F14B010DF14E00ADF83A
:10BD5000062014F014FD686E036801A91B6898475B
:10BD600060B901A92846FFF7C4FD36094FF4967261
:10BD700006FB022201A92846FFF771FF002042B00E
:10BD800070BDB82A70B50E46154603D8FFF79AF96C
:10BD9000044610B90024204670BD3C2300F84A3BFD
:10BDA0002A46314614F0EBFC6580F4E770B50E4688
:10BDB00015461C46FFF786F948B124230370092372
:10BDC000C0F84A60C0F84E5080F85240438070BDC1
:10BDD000B82A70B50E46154603D8FFF773F9044626
:10BDE00010B90024204670BD2C2300F84A3B2A4697
:10BDF000314614F0C4FC6580F4E72DE9F0410D787C
:10BE00001746C5F38302092A06460C4620D0013B9B
:10BE1000DAB2022A1CD825F0030545F001050D70A1
:10BE2000406E9B018B8003681B6898472378C3F39F
:10BE30008303082B0AD0042B14BF012203223B46A4
:10BE400021463046BDE8F041FFF7E8BB0222F6E7A5
:10BE5000BDE8F0812DE9F0411F460B789DF81850A0
:10BE60000646C3F3830009280C4622D0013DE8B200
:10BE700002281ED823F003030B701388706ECB804A
:10BE800053880B810368AD011B688D809847227829
:10BE9000C2F38302082A0AD0042A14BF0122032213
:10BEA0003B4621463046BDE8F041FFF7B7BB0222D2
:10BEB000F6E7BDE8F0812DE9F0410C46069F2578B4
:10BEC00025F0030545F002052570C5F38305092D0E
:10BED00006461146984618D160884A301A462044D2
:10BEE00014F04DFC6388434463800023A380052540
:10BEF000706E036821461B6898473B462A462146D8
:10BF00003046BDE8F041FFF789BB1A4604F10A004C
:10BF100000F018FB2578A080C5F38305A5F1080380
:10BF20005D425D41E4E700002DE9F04F0A7802F040
:10BF30000303023B012BF1B005460C4665D8C2F362
:10BF40008303092B8E8854D13F2E1AD891F852E0E2
:10BF50004F88D1F84A20D1F84E300EF0030C093F3B
:10BF600006FA0CF6FFB21FFA86F847450BD80A34DA
:10BF700005680397CDE900E401F1530602966C6D64
:10BF8000A047002032E05336012200F1680102FA96
:10BF90000CF2A01914F079FA0028F2D12B6821468E
:10BFA0009B6B284698470028EBD0686E03682146B3
:10BFB0001B6898470028E4D194F90201F4F77EFE4B
:10BFC0004FF07A51F4F7CEFE4FF08141F4F7CAFEFC
:10BFD000F5F7A4F8A3885A1C2344A28098722B6812
:10BFE00021461B6C2846984740F0C06071B0BDE800
:10BFF000F08F0B2B06F03F063CD191F94A30002B15
:10C0000032DB002E42D1930706D42B6821465B6BAE
:10C01000284698470028B4D12378C3F383020F2A17
:10C02000AFD801A151F822F04FC100084FC100085C
:10C030004FC1000819C100084DC30008D3C2000851
:10C04000D3C2000859C200084FC1000883BF0008CE
:10C050001FC4000883BF000883BF000883BF000817
:10C0600083BF0008F9C30008002E8AD103689B6EC5
:10C07000984786E7002EC6D0032B07D14B88032BA9
:10C0800004D90368D1F84A209B6F9847A288920987
:10C090000132D2B205F1680104F10A0014F0F5F999
:10C0A00000287FF46EAF2B6821469B6B284698478B
:10C0B00000283FF466AF2378C3F383030A2B06D12D
:10C0C0002146284671B0BDE8F04FFFF71DBE686EEF
:10C0D0000268032B126821460ED1904706460028BD
:10C0E0007FF44FAF21462846FFF703FC3246214636
:10C0F0002846FFF7B4FD44E7904700287FF441AF9E
:10C1000021462846FFF7F5FB2B6821461B6C284685
:10C11000984740F0807069E76388D4F84A60032B41
:10C120007FF62FAF686E036821461B68984700288A
:10C130007FF427AF2B6832469B6F214628469847ED
:10C140002146284671B0BDE8F04FFFF7F3BB94F8E5
:10C150004B308DF81830638894F84A60042B7FF6D2
:10C1600010AF686E036821461B6898478146002817
:10C170007FF407AF95F86830B3425CD12B6806A90D
:10C180009B6C2846984704F14C0806460EAF0DF10B
:10C19000BC0AB1454FDA2B684A46DB6C3946284663
:10C1A000984763884246023B5146384600F083FB7D
:10C1B000031E4EDD22782968C2F38302082A3FD18C
:10C1C0009AF800804FEA981208F03F0602FB0666D4
:10C1D000B21C9B1A56445244DBB203920493737808
:10C1E00003F00F03CDE901830DF1BD060096D1F8F0
:10C1F00058A03B464A4621462846D047C8B1237836
:10C2000013F0020315D1CDE9023301932379009392
:10C2100006A904F10A033A462846FFF70BFC01463B
:10C2200038B14FF4FA730093324643462846FFF77D
:10C2300042FEFF23237021462846FFF77BFBD5E60D
:10C24000CDE901A300970E6D4B4621462846B04725
:10C25000EFE709F101099CE7638894F84A60232B12
:10C260007FF68FAE686E036821461B6898470028EA
:10C270007FF487AE95F86830B3427FF461AF04F184
:10C280004B0606AA04F16B0730687168134603C3B6
:10C290000836BE421A46F7D106AA0EA905F1680073
:10C2A000FFF7E5FA63882FAF213B324639460EA8E7
:10C2B00000F001FB00287FF743AF2B68CDE9007049
:10C2C0000EAA1E6E214606AB2846B047FF232370F8
:10C2D00036E794F84A308DF818306388032B7FF6E0
:10C2E00050AE686E036821461B68984706460028D2
:10C2F0007FF447AE2B680EAA1F6F06A904232846B9
:10C30000B84704F14B0A80460DF139090DF1BC0B19
:10C31000464590DA63884846013B5246594600F04C
:10C32000CAFA002809F121090EDD2B682278CDE92F
:10C3300000B006EB46165F6F0EAB3344C2F38302C8
:10C3400021462846B84776E70136E1E70EA8FFF711
:10C350008CF90EAE04F14A0304F16A0718685968B3
:10C36000324603C20833BB421646F7D16388D4F87D
:10C370006A90632B7FF605AE20220EA905F16800B6
:10C3800014F083F800283FF4FCAD686E0368214682
:10C390001B68984700287FF4F4AD0EAF0FCF2FAE87
:10C3A0000FC6B4F8028097E80F00A8F16408B8F14E
:10C3B000200FA8BF4FF0200804F1AE0A86E80F0056
:10C3C0004246514638A8CDF8DC9014F0D8F908F16F
:10C3D00024032FAA04F16E010EA8FFF74EF90028DE
:10C3E0003FF4CFAD2B68CDE900A80EAADE6D214643
:10C3F0004B462846B0471EE703F00303023B012BE0
:10C400003FF6BFAD686E036821461B689847002859
:10C410007FF4B7AD2B682146DB6E284628E662889C
:10C42000022A7FF6AEAD94F84A3003F00F03032BD7
:10C430007FF4A7AD042A7FF6A4AD2FA800F05EF824
:10C44000237822798DF8BC3004F10A010DF1C60081
:10C4500000F078F86288ADF8C000013A92B204F1B9
:10C460004B010DF58370ADF8BE2014F088F9686EAD
:10C4700003682FA91B68984700287FF482AD2B68BA
:10C48000DDF806219B6F2FA92846984779E500BF64
:10C490002DE9F0410D7825F0030545F002050D70FA
:10C4A0000646406E0368002517460C468D801B68C3
:10C4B00098473B462A4621463046BDE8F041FFF703
:10C4C000ADB82DE9F0410D7825F0030545F00305E1
:10C4D0000D701F461388CB800646406E53880B8133
:10C4E000036800250C468D801B6898473B462A460A
:10C4F00021463046BDE8F041FFF790B800220270B7
:10C5000082804280704700F03F038009032800F1D9
:10C51000010206D013FB02F04028CCBF002001200E
:10C5200070470020704710B5930902F03F0403FBE9
:10C530000444402C04DC224614F021F9204610BDAE
:10C540000024FBE710B51446FFF7EDFF204610BDB1
:10C5500083889A0903F03F0302FB03334288007883
:10C56000DBB2023310F00300134405D0C21E504268
:10C5700050418000184470470420FBE770B50378F1
:10C580000B70092203F0030322FA03F3DB0741BF18
:10C59000C388A1F801300389A1F8033054BF0123F7
:10C5A00005238288CA545E1C0D460446027900F1B8
:10C5B0000A01A819FFF7B7FF3044C6B2628804F138
:10C5C0004A0155FA80F014F0DAF86388F018C0B226
:10C5D00070BD2DE9F8430B780370164603F0030293
:10C5E0000923D34013F001031DBFB1F80130C3800C
:10C5F000B1F8033003810BBF4FF001094FF005097B
:10C60000C380038111F80940848005462046FFF766
:10C610007AFF8846074618B900273846BDE8F883F0
:10C62000A30904F03F0403FB044409F10109E4B247
:10C630002246494405F10A0014F0A1F809EB04036D
:10C64000DBB2B342E8D2F21A92B2B82A6A80E3D8D7
:10C6500008EB030105F14A0014F091F8DDE730B56D
:10C660000446A1B002A80D4607F008FD2378012278
:10C67000C3F383030DF1070102A88DF8073007F01B
:10C68000E5FD9DF80730092B04D10222211D02A8E7
:10C6900007F0DCFD628804F14A0102A807F0D6FD2C
:10C6A00008220DEB0200294607F002FE02A807F05F
:10C6B000CBFC21B030BD37B50368144604220D46CB
:10C6C0001B680DEB020198470198621BB0FBF2F367
:10C6D00002FB1300284403B030BD0000F0B50B4D41
:10C6E00003468E18B14203F1020303D1002300F880
:10C6F0001230F0BD11F8014B270904F00F04EF5D73
:10C700002C5D03F8027C03F8014CEBE710230208D0
:10C710002DE9F041DFF8308005460C468F18BC4209
:10C7200001D1BDE8F08114F8016B330906F00F0662
:10C7300018F80310284610F03FFD18F80610284698
:10C7400010F03AFDEBE700BF10230208F0B59FB0F0
:10C750001F461646044668460D4607F08FFC3A46CB
:10C760003146684607F072FD2A462146684607F0C2
:10C770009FFD684607F068FC1FB0F0BDF0B59FB0A4
:10C780001F461646044668460D4607F077FC3A46B3
:10C790003146684607F05AFDDDE92412684607F085
:10C7A00055FD2A462146684607F082FD684607F097
:10C7B0004BFC1FB0F0BD2DE9F041B0B0064601A81A
:10C7C00015460C461F4606F023FE3146102201A8EE
:10C7D00006F0CEFD2E46A6EB0508B84506DB01A8FF
:10C7E00006F0ACFD404630B0BDE8F081324621464F
:10C7F00001A806F0FDFF10341036ECE72DE9F043F8
:10C80000B5B0064605A81C460F46154606F000FEC4
:10C810003146102205A806F0ABFD07EB04092E19DE
:10C820000F2CA9EB0405A6EB040819DC002C0FDD86
:10C830001022002101A813F052FE2246414601A811
:10C8400013F09DFF294601AA05A806F0BDFE10358C
:10C8500005A806F073FDED1B284635B0BDE8F08352
:10C860004246294605A806F0AFFE103CD8E7F0B5D1
:10C870008F1CA1B00E4639460546FFF7BFFF0446A0
:10C8800002A807F0FBFB294602A8202207F05DFD65
:10C890002246394602A807F0D9FC02230093202241
:10C8A0003346294602A807F068FD02A807F0CCFB32
:10C8B000A01C21B0F0BD2DE9F043022BA3B005462A
:10C8C0000F4616461C4603DC002023B0BDE8F0836B
:10C8D00004A807F0D3FB06F102082022294604A889
:10C8E000023C07F032FD4FF002092246414604A8FF
:10C8F00007F0ACFC2022294603AB04A8CDF8009039
:10C9000007F03BFD04A807F09FFB4A46314603A809
:10C9100013F0BBFD0028D7D12346424639462846AE
:10C92000FFF749FFD1E703780B70427862B343F019
:10C9300010030B708368C1F80130C368C1F805307B
:10C940000923028A32B10A7842F020020A70028A70
:10C95000CA520233428A32B10A7842F040020A7067
:10C96000428ACA520233426862B1127852B10A78DE
:10C9700062F07F020A704268013A12F8010F08B1B2
:10C98000202B03D1D8B270470123DAE7C854013312
:10C99000F3E738B50023837004460878E362C4E9FE
:10C9A00009336370C30641BFD1F801306362D1F827
:10C9B0000530A3624CBF09230123850642BFCD5A2F
:10C9C000A5850233450642BFCD5AE58502339A421A
:10C9D00020700DDB000609D5D51A07D02A46194468
:10C9E000A01C13F0CCFE6219002393700123637026
:10C9F000204638BD007970470123838070470023AB
:10CA00000371704701207047002070472DE9F04105
:10CA1000254F04460D4602264FF00008E0680368E3
:10CA20001B69984728B1E06803685B699847031E53
:10CA300002DA0020BDE8F0816279012A07D0022ADB
:10CA400009D0AAB93C2BE9D101236371E6E7DBB237
:10CA5000E3806671E2E7E288A4F8088007EA03232E
:10CA600013439BB2002BE3800CBF00230323ECE7AE
:10CA70002289AF2A98BFA11802F1010298BF0B7456
:10CA8000E38892B29A422281C8D3B02B84BFB023EC
:10CA9000E380E28804F11001284613F070FE0023C1
:10CAA000E0886371C6E700BF00FFFF00B02A73B5DE
:10CAB00005460E4614464FF0000012D88DF80600C9
:10CAC000E8688DF805203E238DF8043003680322C2
:10CAD0005B6801A99847E868036822465B683146AD
:10CAE000984702B070BD0000014808F0E0BA00BFEE
:10CAF0000077002001207047012070477047002018
:10CB00007047002070477047704700207047002032
:10CB1000704700F58043F0B50246D3F8685E002305
:10CB2000184602F1C806B82741F2064C9D4201DDC5
:10CB3000082800D1F0BD07FB03F491F800E0345D54
:10CB4000A64501BF00EB0C0402EB840401306360D6
:10CB50000133EBE702F5A0520632F0B500EB82029A
:10CB6000059D54689DF818609DF81C70DDF820C084
:10CB70009DF824E0002C19DB00F58042D2F8682EE5
:10CB8000A24213DD03680595CDE908CECDE906671D
:10CB9000B822D3F8A0500B7902FB0404AC4601F193
:10CBA0000A0204F1C801BDE8F04060470020F0BD72
:10CBB000002BF0B522DD00F5A04500F5A446403578
:10CBC000073600202F780C78A74210D100F1010C15
:10CBD00000EB401014182F4605F1200057F804EB25
:10CBE00044F804EB8742F9D1387820706046B542AA
:10CBF00003D0984205F14105E4DBF0BD0020FCE7DD
:10CC0000F0B4052A0E46DDE9044519460FD1042D7E
:10CC100020D923799A081DD123686255053402680A
:10CC20000494D2F8BC403246A446F0BC6047062AC1
:10CC300010D1022D0ED9A278033DAA420AD834F8A9
:10CC4000033B0568CDE90442D5F8C0403246A4460E
:10CC5000F0BC6047F0BC704711461A460123FFF74D
:10CC6000CCB82DE9F0410D4604469DF81C200699EC
:10CC70009DF82080099F9DF8286005F14400FFF78A
:10CC800061FC85F84200E06D03681B6898472368E3
:10CC9000C5F88800D3F89C30294620469847B8F15B
:10CCA000030F0FD1032E0AD923683946D3F89830E1
:10CCB0002046984718B104F5A0440023E3630120FF
:10CCC000BDE8F081B8F1010FF9D1002EF7D023684B
:10CCD0003A46D3F8C880294633462046C047EEE797
:10CCE00080F00200C0F34000704737B5036801923E
:10CCF0000D46D3F8983001A90446984728B104F5A9
:10CD0000A0440023E363FF232B7003B030BD03680E
:10CD100010B51B68044698476368834228BF581CB7
:10CD2000606010BD08B5202213F0AFFBB0FA80F0B0
:10CD3000400908BD38B5044604F1980594F843301D
:10CD4000084633B922462946FEF791FD012384F8AF
:10CD50004330284638BD02F5A052063200EB82026D
:10CD600010B55368002B0C4617DB00F58042D2F853
:10CD7000682E9A4211DDB82202FB030300F168011C
:10CD800003F1C800FFF7D6FF214600F1200350F859
:10CD9000042B41F8042B9842F9D110BDF0B50C4694
:10CDA00085B000F168010546204616461F46FFF78C
:10CDB000C1FF0023CDE90233CDE9007302462146CD
:10CDC00033462846FEF791FE014648B140F6B83397
:10CDD000009394F8423004F144022846FFF76BF8C0
:10CDE00005B0F0BD10B501238EB0CDE90131044688
:10CDF000002306A901A80593FFF795FD06AA03469F
:10CE000004F168012046FEF7CAFD0EB010BD000017
:10CE100030B50D468FB0194640F201130446CDE9F6
:10CE20000135104610A3D3E90023F3F745FBF3F7D0
:10CE3000F3FD0DA3D3E900230390DDE91201F3F71D
:10CE40003BFBF3F7E9FD0023049006A901A8059335
:10CE5000FFF769FD06AA034604F168012046FEF7C4
:10CE60009EFD0FB030BD00BF0000000080842E4149
:10CE70002DE9F3411F4691F84230FF2B04460D4641
:10CE8000164610D13A463146FEF7C0FE024640B380
:10CE90002368D3F8D0602946C8232046B44602B0A0
:10CEA000BDE8F041604703685B6C984730B331469A
:10CEB00001233A462046FEF7BAFE0146A0B94FF4D8
:10CEC000FA7831463A462046FEF7A0FE014640B1C8
:10CED000CDF8008095F8423005F144022046FEF777
:10CEE000EAFF02B0BDE8F081C823009395F8423014
:10CEF00005F144022046FEF7DEFFE0E74FF0C808E8
:10CF0000DFE72DE9F04F03F5A053063300EB830371
:10CF100089B0D3F804B0BBF1000F0E46DDE91297DB
:10CF20001499044663DB00F58043D3F8683E5B4503
:10CF30005DDD4FF0B80808FB0BF808F1C805022AC0
:10CF4000054440F0C380052951D93A793B684FF038
:10CF5000000A920807F801A052D1C06D059302683B
:10CF600012689047A044059BC8F85001226807F159
:10CF70000508CDF80080D2F8A4A029463246204604
:10CF8000D0474046F4F734F9804620230DF1180AC3
:10CF9000B844CDE900533A46431D04215046FFF7FB
:10CFA000EDFB98F80630206E8DF81C3003680122E6
:10CFB0001B680DF11D0198473078FFF791FE06239D
:10CFC000C0B1CDE902A303230193337900934A460C
:10CFD00006F10A0329462046FEF787FD024630B1D6
:10CFE00023682946D3F8D0602046C823B04709B04B
:10CFF000BDE8F08F524629462046FFF739FFF6E795
:10D00000012A27D1026805370097D2F8A87029466F
:10D010003246B8473078FFF763FE0028E7D0CDE905
:10D0200002AACDF804A0337900934A4606F10A0318
:10D0300029462046FEF759FD02460028D7D023682E
:10D04000D3F8D060534629462046B44609B0BDE81F
:10D05000F04F6047022ACAD180440593D8F85C217A
:10D060009A4238BFC8F85C31C06D026812689047B8
:10D07000B82202FB0B4B07F10908CBF850012268DC
:10D08000CDF80480791D0091059BD2F8ACA029460B
:10D0900032462046D0474046F4F7AAF820230193B1
:10D0A0000DF1180804F1680300933A4600F10903F2
:10D0B00004214046FFF762FB3078FFF711FE04239E
:10D0C00010B1CDE902837EE7424694E7002A56D1AB
:10D0D00004298CD93B4600F5A44A0439076853F863
:10D0E000042BC9B20AF1500A0091CDF804A0D7F878
:10D0F000C4702946B847034600283FF478AF30781B
:10D10000FFF7EEFDB0B1CDE902A30123019333791E
:10D1100000934A4606F10A0329462046FEF7E5FC3D
:10D12000024600283FF463AF2368D3F8D0604FF481
:10D13000967388E7CDE900A301214B462A46204695
:10D14000FEF7E7FC014600283FF451AF04EB08036B
:10D1500093F80A31FF2B0BD008F586724FF49670C6
:10D1600012902244204609B0BDE8F04FFEF7A3BE5E
:10D1700023680246D3F8D0604FF4967363E7012A20
:10D180007FF435AF00293FF432AF03683A46D3F855
:10D19000C890CBB22946C8473078FFF7A1FD0028D8
:10D1A0003FF425AFA04498F80A31FF2B3FF41FAF9E
:10D1B0002368D3F8CC70337906F10A022946204659
:10D1C000BC4609B0BDE8F04F604700F5804370B43D
:10D1D000D3F8682E0023194600F5A874B8259A42A2
:10D1E00006DC69B1C06D036870BC5B68013118472B
:10D1F00005FB03F60133A659B14238BF3146EEE7CD
:10D2000070BC7047F8B500F580470546D7F8684E02
:10D21000632C0E4608DC631CC7F8683EB82303FB8A
:10D220000404C8342046F8BDB1B14FF0FF30D7F840
:10D23000687E2A4600240346BC4215DB002B11DB26
:10D24000B82202FB035303F1C8042B682146D3F82C
:10D25000903028469847E5E70368D3F88830984728
:10D260000028E2D10024DDE75EB192F8081129B967
:10D27000D2F85011814201D2084623460134B83217
:10D28000DAE792F80911C907F8D4D2F850118842A8
:10D29000F4D992F808C1BCF1000F1CBF0846234620
:10D2A000ECE7F8B50C4615460746B82200212046A3
:10D2B0001E4613F014F92A4602F1200C2546106888
:10D2C00051682B4603C3083262451D46F7D1FF2340
:10D2D0002022A01884F84230B11C01F0B5F8337850
:10D2E00003F00F0384F840303378F86DDB0641BF5C
:10D2F000736AC4F88C30B36AC4F89030069BC4F8E3
:10D30000843003681B689847C4F88800F8BD2DE98D
:10D31000F04FBFB004460E46904648999DF8242130
:10D3200004A81F46FFF735FB9DF81130002B51D0A4
:10D330009DF81230002B4DD004F580434FF00009CA
:10D34000D3F868AE04F1C803CA4534DC002596F86A
:10D3500000B004F5A44A2BF0030343F001030AF1E3
:10D36000500A337051463046FFF708F9B146039032
:10D3700009F80ABB002D6AD19DF81010236801F04E
:10D380000F01D3F880302046984748BB10A8FEF71D
:10D390006CF904AB424610A920460097FFF781FFC5
:10D3A0002368CDF80090D3F894503379012210A966
:10D3B0002046A8470EE0194640461D46FFF7B2FC3E
:10D3C00005F1B80348B1B82303FB0949D9F84C313A
:10D3D000BB42BCD33FB0BDE8F08F09F10109B3E710
:10D3E00023682046D3F88C30984720B1B38803F0E7
:10D3F0003F038342CAD200212046FFF703FF0546C0
:10D40000C8B910A8FEF731F904AB424610A920466E
:10D410000097FFF746FF2368CDF80090D3F89450AB
:10D4200033792046012210A9A84723682046D3F863
:10D4300084309847CEE704AB014600974246204629
:10D44000FFF72FFF0023C5F8943085F84330236899
:10D45000039A0092D3F8DCB041465346202220467E
:10D46000D84720220DF11201A81800F0EDFF9DF819
:10D470001030C5F8847003F00F0285F84020DB06F9
:10D4800048BF0D9BE06D42BFC5F88C300E9BC5F8C0
:10D49000903003681B6898472368C5F88800CDF86A
:10D4A0000090D3F894703379002229462046B8477B
:10D4B00090E72DE9F047ACB00746DDF8D0A0504624
:10D4C000884615461E46F3F793FEA02804463BD82F
:10D4D000032E01D99E2837D806F003035146621C5B
:10D4E0000DF10D0002958DF80C300DF1080913F0C7
:10D4F00046F9651D202307F1680ACDE900A3359898
:10D500002B464A460421FFF739F9032E0DD905F1C0
:10D51000B0030DEB0305002305F8A83C04F1B003AC
:10D52000E51D0DEB030404F8A26C51464046FFF7DD
:10D5300001FCCDE900950346424602213846FEF73C
:10D54000E8FA2CB0BDE8F0870020FAE72DE9F347B0
:10D55000DDE90B5901950A9D009504460E46FFF73B
:10D56000A8FF054630B3276D3B68D3F80880FEF767
:10D57000EFFF01463846C04796F84230FF2B07467A
:10D5800004F5A04819D123682A46D3F8D0A0314623
:10D5900000232046D04723683946D3F8B0302046D0
:10D5A00098470146C9F800002046FDF7AFFDC8F8CE
:10D5B0003C00012002B0BDE8F0870022009229461D
:10D5C00006F144022046FEF776FC236896F84220D6
:10D5D000D3F8B4303946204698470146C9F80000D0
:10D5E0002046FDF793FDC8F83C000220E2E72DE954
:10D5F000F047ACB0DDE93498044648460D46924603
:10D600001F46F3F7F5FDA028064603D900202CB0ED
:10D61000BDE8F08707F00307421C494647F00407BE
:10D620000DF10D00CDF808A08DF80C7013F0A7F8DF
:10D6300004F168012846FFF77DFB053602AA034680
:10D640000196009202212A462046FEF762FA06461B
:10D650000028DBD0276D3B68D3F80890FEF778FFF1
:10D6600001463846C84795F84230FF2B074604F577
:10D67000A04917D123683246D3F8D0A02946002309
:10D680002046D04723683946D3F8B0302046984723
:10D690000146C8F800002046FDF738FDC9F83C00F7
:10D6A0000120B4E700220092314605F144022046F1
:10D6B000FEF701FC236895F84220D3F8B4303946D0
:10D6C000204698470146C8F800002046FDF71EFD99
:10D6D000C9F83C0002209AE72DE9F041B4B01646A3
:10D6E0000022054602918DF80C201A49DDF8EC80E5
:10D6F0001A460DF10D0012F007FE0DF10D00F3F7C3
:10D7000077FD00EB0802A02A0DF10D03C8BFC0F1A0
:10D71000A00803443A9904464246184613F02FF8ED
:10D7200005340027444400F808703246009402ABE8
:10D7300005212846FEF744FA024638B12B682846F0
:10D74000D3F8D44031463B46A047012034B0BDE871
:10D75000F08100BF482302082DE9F041ACB0054636
:10D76000349CA52C0F4690461E4603D900202CB0B1
:10D77000BDE8F081BDF8C830ADF808308DF80A403A
:10D780002CB1339922460DF10B0012F0F8FF03344F
:10D790000621009402AB3A462846FEF711FA0146EC
:10D7A0000028E3D0FF2E09D12B680246D3F8D440DD
:10D7B000394600232846A0470120D8E700230093DC
:10D7C000424633462846FEF776FBF5E7F7B5036891
:10D7D00000F5A4465036D3F8D850202233460446EC
:10D7E000A847074610B9002003B0F0BD2046FDF75A
:10D7F00069FC05460028F6D0FAB23146FEF7E9FE8C
:10D800000023204601AA29460193FEF75AFE012073
:10D81000EAE71346026810B5D2F8D8402022A047A4
:10D82000C0B210BDF8B505460E461746FDF74AFCD6
:10D83000044610B900263046F8BD31463A46FEF798
:10D84000C8FE064688B12378C3F38302042A0CD1AC
:10D8500043F001032370686E036805F5A0455B681B
:10D8600021469847C5F84C42E5E721462846FDF792
:10D870003DFCDFE72DE9F0430E468BB00446C06D5A
:10D880001F469046FFF743FA96F840300490032B6A
:10D8900044D1D6F8943005934046F3F7A9FC0F28FD
:10D8A00028BF0F2005460246414606A812F067FF32
:10D8B000083504F1680841463046FFF73BFA04ABEF
:10D8C000CDE9000302953346424607212046FEF784
:10D8D0004BF90546F8B1D4F85080D8F80030D3F8A9
:10D8E0000890FEF735FE01464046C84796F842309C
:10D8F000FF2B804620D123682A46D3F8D0903146AA
:10D9000000232046C84723684146D3F8B03020465C
:10D910009847386001200BB0BDE8F0834046F3F72C
:10D9200067FC0F2828BF0F2005460246414605A880
:10D9300012F025FF0435BCE700220092294606F1CB
:10D9400044022046FEF7B7FA236896F84220D3F83F
:10D95000B43041462046984738600220DBE72DE985
:10D96000F043B3B00446C06DDDF8EC800E461746B8
:10D970001D46FFF7CCF93A9B049018602A463946B9
:10D9800005A804F1680712F0FAFE39463046FFF7A1
:10D99000D1F9043504ABCDE90003029533463A468C
:10D9A00007212046FEF7E0F80546F0B1276D3B68F9
:10D9B000D3F80890FEF7CCFD01463846C84796F8E4
:10D9C0004230FF2B074613D123682A46D3F8D09064
:10D9D000314600232046C84723683946D3F8B03083
:10D9E00020469847C8F80000012033B0BDE8F08316
:10D9F00000220092294606F144022046FEF75BFA17
:10DA0000236896F84220D3F8B43039462046984728
:10DA1000C8F800000220E8E72DE9F043B1B0A82BD8
:10DA2000DDF8E48004460E4617461D4603D9002063
:10DA300031B0BDE8F083C06DFFF769F9389B029003
:10DA400018602A46394603A812F099FE04F16801CD
:10DA50003046FFF76FF90435EDB202AA034601958F
:10DA60000092002132462046FEF753F80546002872
:10DA7000DDD0276D3B68D3F80890FEF769FD0146BD
:10DA80003846C84796F84230FF2B074611D1236825
:10DA90002A46D3F8D090314600232046C847236851
:10DAA0003946D3F8B03020469847C8F80000012026
:10DAB000BEE700220092294606F144022046FEF706
:10DAC000FAF9236896F84220D3F8B4303946204654
:10DAD0009847C8F800000220AAE72DE9F04786B071
:10DAE0000446C06DDDF838900E4615461F46FFF718
:10DAF0000EF94FF0000802903860206E8DF80C503F
:10DB0000CDF80D80036804221B680DF111019847C0
:10DB100004F168013046FFF70DF90D22019202AAC7
:10DB200003460092414632462046FDF7F2FF054685
:10DB3000F0B1276D3B68D3F808A0FEF709FD014658
:10DB40003846D04796F84230FF2B074613D123685A
:10DB50002A46D3F8D0A0314643462046D047236812
:10DB60003946D3F8B03020469847C9F80000012064
:10DB700006B0BDE8F08706F1440229462046CDF8FC
:10DB80000080FEF798F9236896F84220D3F8B43065
:10DB9000394620469847C9F800000220E8E72DE9F9
:10DBA000F84300F5A64507460C46914650354FF020
:10DBB00000084FF0FF36AB6A33B121462846FFF725
:10DBC000B1F810B1464609E0464608F10108B8F13F
:10DBD000100F05F13005EED1731C26D0302303FB66
:10DBE00006760FCC06F5A64550350FC594E80F0014
:10DBF00085E80F004FF47A7303FB09F145F278339F
:10DC00003846F150FDF782FA45F270330022F050A9
:10DC1000F86D45F27C33F25003681B68984745F273
:10DC20007433F0500120BDE8F8830020FBE7F8B51D
:10DC300000F5A64504460F465035002620223946F9
:10DC4000284612F022FC78B9302303FB064345F244
:10DC50007832985045F27032985045F27C329850A4
:10DC600045F274329850F8BD0136102E05F130059A
:10DC7000E4D1F8E770B500F5A64500F5AC440E46D2
:10DC800050355034AB6A2BB120223146284612F071
:10DC9000FCFB20B13035A542F4D1002070BD01203D
:10DCA000FCE7F8B500F5A64405460F4650340026BB
:10DCB000A36AC3B139462046FFF734F898B1E86D3E
:10DCC00003681B689847302404FB065445F27433FC
:10DCD000E05045F278332846E158FDF717FA45F24F
:10DCE0007033E050F8BD0136102E04F13004DFD15E
:10DCF000F8E72DE9F84300F580430E46D3F8689E17
:10DD0000174600F1C8040025A94504DC4FF00008BF
:10DD10004046BDE8F88320463A46314612F0B5FB4E
:10DD2000A046B8340028F3D00135EDE7F8B500F58A
:10DD3000A64605460F467C36002456F8043C2BB315
:10DD400004223946304612F0A0FBF8B930235C4378
:10DD50002E1945F27C33F050E86D03681B68984734
:10DD600045F27433F05045F278332846F158FDF708
:10DD7000CDF945F2703304F5A6415031F0502944F5
:10DD800028462022BDE8F840FFF7B3BF0134102C2D
:10DD900006F13006D1D10020F8BD38B50D4691F816
:10DDA0004010B1FA81F14909FFF72CFA044638B165
:10DDB000B822294612F0E3FC002384F84330012006
:10DDC00038BD2DE9F04700F5804A0546DAF8684E7F
:10DDD000894600F1C8080027BC421CDD4046494680
:10DDE000FEF7A0FF08F1B808064608B90137F3E7C7
:10DDF000631ECAF8683EB82303FB07F0E21B00F578
:10DE0000C0715A43C830B83A2944284412F04DFB37
:10DE10003046BDE8F0870026FAE703464138C0B235
:10DE2000192814D9A3F16102192A02D8473BD8B2A4
:10DE30007047A3F13002092A01D80433F7E72B2BEE
:10DE400004D02F2B14BFFF203F2070473E20704787
:10DE500070B5054606463078FFF7DFFF34463F28A9
:10DE600006F10106A4EB050301D89942F3D89808FE
:10DE700013F0030318BF03F1FF3300EB4000184415
:10DE800070BD2DE9F04104461746FFF7E1FF3E461D
:10DE90000546214606F10308A8EB0703013B9D4216
:10DEA00001F104040CD80323B5FBF3F303EB4303A4
:10DEB000EB1A012B30D0022B3AD02846BDE8F08176
:10DEC00014F8040CFFF7A9FF014614F8030CFFF740
:10DED000A4FF890041EA101108F8031C14F8030C90
:10DEE000FFF79BFF014614F8020CFFF796FF0901AC
:10DEF00041EA900108F8021C14F8020CFFF78DFFAC
:10DF0000014614F8010CFFF788FF40EA811008F879
:10DF1000010C46462146BDE70878FFF77EFF044620
:10DF20004878FFF77AFFA40044EA10143470C4E77D
:10DF30000878FFF772FF04464878FFF76EFFA400E9
:10DF400044EA101434704878FFF767FF0446887875
:10DF5000FFF763FF240144EA90047470ADE72DE9F4
:10DF6000F84300F5A0480746D8F84842072C8946F0
:10DF7000154603DD00252846BDE8F88304EB84142C
:10DF800004F5A0464136064420220021304612F016
:10DF9000A6FA2846F3F72CF9324601462846FFF741
:10DFA00070FF2028034601D01028E3D104F5A045D6
:10DFB00040353D4404F5A0443246012128466134F1
:10DFC000FEF7C4FB20224946381900F03DFAD8F884
:10DFD00048320133C8F84832CDE7072908B503466F
:10DFE00010460AD801EB8111194401F5A0414122E4
:10DFF000403112F0C4FB012008BD0020FCE7000006
:10E000000729F8B5064615461CD801EB811445F2E0
:10E010004007204441222946384412F0B0FB0A4907
:10E02000102205F1110012F030FAE11903466A1CC2
:10E0300070182BB910230121FEF788FB0120F8BDD1
:10E040002023F8E70020FAE70477002070B500F5F8
:10E05000A044413400254E1C20222146304612F0B7
:10E0600014FA30B10135082D04F14104F4D14FF018
:10E07000FF35284670BD08B50346104603F58042BB
:10E08000D2F8682E8A4207D9B82202FB0131C83182
:10E0900012F075FB012008BD0020FCE7002070474E
:10E0A0000346104601F5804210B5D2F8682E1C6870
:10E0B000944209DA621C1A60B82202FB0411C831CA
:10E0C00012F05DFB012010BD0020FCE738B50446CE
:10E0D00004F5A045FDF70BFCE96B51B12046FDF7B7
:10E0E00009F830B123682046D3F8B83098470023A8
:10E0F000EB63D5F84C1259B1236820461B6898474A
:10E10000D5F84C122046FCF7F1FF0023C5F84C323D
:10E1100038BD000070B50546D2B00B461646104912
:10E120004268684612F0F0F82868694607F0DBF8A4
:10E13000044690B1296800236A460AA807F0C9F886
:10E140000AA807F047FA044638B10AA93046FDF795
:10E1500005FB04460AA807F0F5F9204652B070BD49
:10E160003824020830B50446D3B00B4615460F4993
:10E170004268684612F0C8F82068694607F0BFF8A0
:10E18000216801236A460AA807F0A3F80AA807F045
:10E1900021FA044630B10AA92846FDF7F6FA0AA882
:10E1A00007F0D0F9204653B030BD00BF3824020834
:10E1B00000207047806A704740697047836953F850
:10E1C000210070476FF06043994270B534BF8E00F4
:10E1D0004FF0FF36044630460D46F7F7DAFB206075
:10E1E0002846F7F7D6FB60603046F7F7D2FB0023EE
:10E1F000C4E902052361204670BD4B1C30B50246C0
:10E2000005690DD000231846AB4200DB30BD946891
:10E2100054F82340641A002CD8BF01300133F3E7CF
:10E220002846F3E71830FFF7E8BF70B502460469E7
:10E230004FF0FF330020FF2584420ADC002B26DB51
:10E240001168013C51F823001461116999420EDCF8
:10E2500070BD966856F82060761A002E05DC566868
:10E26000365CAE423CBF034635460130E4E79900D8
:10E2700014680431655844F823505468E5186D78E3
:10E28000E5549468615844F823100133DDE7002019
:10E29000DEE71830FFF7C9BF2C30FFF7C6BF0269B1
:10E2A0008A4230B5034618DD0068013A50F8210073
:10E2B0001A611A698A4200DC30BD8A001C68043287
:10E2C000A55844F821505C6865186D7865549C68C1
:10E2D000A25844F821200131EBE70020ECE70021AF
:10E2E0000430FFF7DCBF1830FFF7D9BF30B5D0E9F5
:10E2F0000354AC420CD0056845F8241041680A5517
:10E300000269816841F8223001320261012030BD8A
:10E310000020FCE700231A460430FFF7E7BF70B582
:10E32000044618300D46FFF7E1FF30B9236829464F
:10E3300020465B68BDE87040184770BD70B5134655
:10E34000044600222C300D46FFF7D0FF30B9236879
:10E35000294620465B68BDE87040184770BD000044
:10E360002DE9F0410646134B46F8043B04460D46A2
:10E370003046FFF727FF294604F11800FFF722FF78
:10E38000294604F12C00FFF71DFF0027AF4202DBF6
:10E390002046BDE8F0814FF48270F7F7F8FA804626
:10E3A000FEF7ACF800231A4641463046FFF79EFFC1
:10E3B0000137EBE74C240208431E0F3013F8012FFE
:10E3C0001AB98342FAD1012070470020704730B556
:10E3D000A3B0054604A80C4605F050FE10220DEB34
:10E3E0000200294605F0B1FF23780122C3F383031D
:10E3F0000DF10D0104A88DF80D3005F027FF62889E
:10E4000004F14A0104A805F021FF02231022009321
:10E4100029460DF10E030DEB020005F0AEFFBDF82D
:10E420000E3053B90123ADF80E3004A8BDF80E40EC
:10E4300005F00AFE204623B030BD4FF6FF7293422E
:10E44000F3D14FF6FE73EEE701390244131A012BA4
:10E4500002D800230370704711F8013F002BF8D059
:10E4600000F8013BF2E70139012A02D8002112F03D
:10E4700036B811F8013F002BF8D000F8013B013A03
:10E48000F2E70000024A137843F01003137070475C
:10E490001477002038B50446406811490368D3F862
:10E4A000B0309847236820461B6D9847034684F890
:10E4B000240060680268082B8CBF10212021126E96
:10E4C0009047084BA06800251D7003689B6B984718
:10E4D000012801D1FFF7D6FFA561A583256238BDCC
:10E4E00085E4000814770020838B41833F2B82BF93
:10E4F0000023838303627047034B187800F0EF001A
:10E50000431E584258417047147700202DE9F041CE
:10E51000174E347814F0100405460F46904616D076
:10E52000406803680121DB6E9847041E0DDD6868B2
:10E5300044450368A8BF44461B6B224639469847AA
:10E5400090B16B6901336B61002400233370337821
:10E55000012B06D0686803689B69984708B90123B6
:10E5600033702046BDE8F081EB680133EB60ECE7E7
:10E5700014770020406808B50368DB6F98474FF4B4
:10E580007A73B0FBF3F008BD10B504464068036829
:10E590009B6A9847A06803689B699847014B0022D3
:10E5A0001A7010BD1477002070B5094E3378DB0661
:10E5B00004460CD40368DB6B9847054638B92368DA
:10E5C00020461B6C984735702583A583256270BD56
:10E5D0001477002010B5174B1A78838B012A044654
:10E5E00017D13F2B17D80368DB6B984780B9236896
:10E5F0002046DB6C9847F2F791FDB4F918300D33E3
:10E60000984205DCA38B0133A383236A034423626E
:10E6100010BD3F2BFCD9236A002BF9D0B8BF3F3384
:10E6200043F38F136FF077029342B8BF13462383EF
:10E630000023ECE71477002006490B78024613F01C
:10E64000100005D000230B70136901331361012002
:10E65000704700BF147700200739234B2DE9F041A4
:10E6600053F821800446014640461546F2F736FD30
:10E67000C0BB2846F1F7B6FE1C4B0022F1F71CFF89
:10E6800002460B4600201A49F1F75EFD06460F468A
:10E6900020464146F2F75CFAF1F7B6FE154B002230
:10E6A000F2F734F802460B4630463946F1F704FFDC
:10E6B0000F4B002204460D46F2F770F960B10022BC
:10E6C000002320462946F2F787F940B12046294623
:10E6D000F2F7EAF9BDE8F081054D0024F6E70024E1
:10E6E0000025F3E70020F5E7782402080000703FDA
:10E6F0000000F03F0000244040686FF0004104F04B
:10E70000C4BC406803685B6D18470000406808B5EA
:10E7100003681B699847024B00221A7008BD00BFAE
:10E7200014770020F8B50446806803685B690D46DD
:10E73000164698476068036832465F6A2946002398
:10E74000B84720B9064B03221A700120F8BD2046B5
:10E75000FFF7DCFFA06803689B6998470020F5E796
:10E760001477002038B5B0F91A30044693B1036825
:10E77000DB6C9847B4F91A300546B4F91800184410
:10E78000F2F79CFA01462846F2F7A8FC003818BFB9
:10E79000012038BD1846FCE70846114606291A46EE
:10E7A00001DDFFF759BF00207047002070470000CF
:10E7B000F0B51D4F1D4CD7F8E03585B00022009212
:10E7C0001B4A04EA832303EBC12307CA01AD85E892
:10E7D0000700D7F8E02504EA822203F1FF6602F180
:10E7E000FF6106F5F02601F5F021B14218D802F1DB
:10E7F0000062013AB24213D3A3F50043DB0A02934D
:10E80000F3F7E8FB69462846F3F776FC0446F3F78E
:10E81000F3FB002C14BF6FF00400002005B0F0BD26
:10E820006FF01500FAE700BF0070FF1F00FCFF0348
:10E83000AC1402082DE9F047204E214FD6F8E045F0
:10E8400007EA842404F1FF6404F5F02414441D460F
:10E8500004EBC124F3F7BEFB804678B9089B23F094
:10E86000070303EB04096FF0784AA1450AD1F3F7D7
:10E87000C3FB40EA080010F0FF0001D06FF0040075
:10E88000BDE8F087D6F8E03507EA832303F1FF629D
:10E8900002F5F022A24202D85344A34204D2F3F775
:10E8A000ABFB6FF01500EBE72146F5E802230120F2
:10E8B000F3F7DCFB08348046D7E700BF0070FF1F8A
:10E8C00000FCFF0338B518461546049A8BB182B197
:10E8D000094B0A4CD3F8E03504EA83242C4404F1B4
:10E8E000FF6404F5F02404EBC12111F048FF00207F
:10E8F00038BD6FF01500FBE70070FF1F00FCFF0341
:10E9000010B5034B0360044606F093FC204610BD8F
:10E910009824020810B50446FFF7F2FF2046502164
:10E92000F7F739F8204610BD10B50449044606F043
:10E9300089FC034B2360204610BD00BF140100205A
:10E940009824020813B500238DF807309DF807308E
:10E95000044603F0FF014BB1204606F096FC00216F
:10E96000204602B0BDE8104006F07EBC06F07CFCFC
:10E970000028F1D002B010BD0148FFF7D5BF00BF9D
:10E980001877002008B50248FFF7BAFF08BD00BF9E
:10E9900018770020028BC08A101A7047C28A018B38
:10E9A000914288BF0169034683BF885C0132DA82E5
:10E9B0004FF0FF307047028BC38A9A4286BF0269CC
:10E9C000D05C4FF0FF30704770B54FF47A730E464D
:10E9D0000021C0E90113034615462B4A43F8C42B16
:10E9E0000446C0F8C4109C22C3E90111C0E93411E7
:10E9F000C0E93611C0F8E010283011F070FDF3B214
:10EA0000192B19D8214A52F8233006F4E0661E4328
:10EA1000EBB2192BC4F8846022D81C4A52F8233078
:10EA200005F4E0651D430023C4F88850E3612384A6
:10EA30002361A382204670BD06F0C002C02A0CD11B
:10EA4000C82B0AD8124B06F03F0206F4E06653F8D2
:10EA500022200E4B53F82230D9E74FF0FF36D7E78C
:10EA600005F0C002C02A0CD1C82B0AD8084B05F00B
:10EA70003F0205F4E06553F82220044B53F822309E
:10EA8000D0E74FF0FF35CEE7A82402084C19020862
:10EA90002819020838B50446283000F0A9F8E069C2
:10EAA00018B111F08FF90023E36120690025258456
:10EAB00010B111F087F92561A58238BD38B505463A
:10EAC000074B45F8D43B0446FFF7E4FF2846F6F72A
:10EAD0006EFC04F1C400F6F76AFC204638BD00BFA6
:10EAE000A8240208B1F5806F70B505460C4610D811
:10EAF000038C99420AD920290E4638BF2026C069C6
:10EB0000314611F081FA18B1E8612E84204670BDBB
:10EB1000FEE70024FAE713B590F824308DF80710CB
:10EB200004467BB1418C0131FFF7DCFF40B1638CBF
:10EB3000E2699DF80710D154638C0133638401208E
:10EB400002B010BD01220DF10701283000F0A0F83D
:10EB5000B0FA80F04009F3E770B590F8243004462D
:10EB60000E46154693B1418C1144FFF7BBFF10B917
:10EB70000025284670BD638CE0692A46184431465A
:10EB800011F0FDFD638C2B446384F2E792B22830D0
:10EB900000F07EF80028EBD1EBE70346006918B1DE
:10EBA0009A8A002111F09BBC70470346C06918B1D6
:10EBB0001A8C002111F093BC704738B5044600252B
:10EBC000C5820583FFF7E9FF65842046FFF7EDFF67
:10EBD00038BD00000248C822C721FFF7F5BE00BFBC
:10EBE000687700200148FFF769BF00BF6877002001
:10EBF00010B5044690F96400F3F798F894F96500AD
:10EC0000F3F794F8201DF3F735FC206E0321F7F796
:10EC100029FBE06D0321F7F725FB2368194A93428E
:10EC20000ED14FF0B0439A6B42F400129A639A6B84
:10EC300022F400129A639A6D22F400129A6510BDB4
:10EC4000114A93420DD14FF0B0439A6B42F48002C7
:10EC50009A639A6B22F480029A639A6D22F480027E
:10EC6000ECE70A4A9342EAD14FF0B0439A6B42F480
:10EC700000029A639A6B22F400029A639A6D22F45E
:10EC80000002DBE70054004000580040005C0040F8
:10EC9000202A30B514D800239CB2A24207D890F89D
:10ECA00094301344DBB280F89430002030BD90F8EB
:10ECB0009440CD5C1C440444013384F87450EBE769
:10ECC0000120F3E770B590F89130012B04460E4611
:10ECD000A0F1040509D1436E3BB1836E28469847E5
:10ECE000022384F8913000236366012E4FF0000365
:10ECF00012D1E26E84F891301AB184F8903028462F
:10ED0000904794F8902004F1700120464FF0007372
:10ED1000BDE87040F3F7C8BB0122636684F8912018
:10ED2000616E7431294420464FF08073BDE8704015
:10ED3000F3F71CBC10B590F89130012B044604D1B8
:10ED4000436E13B1836E04389847022384F89130E0
:10ED5000002363662046BDE81040F3F769BC436EAC
:10ED60001F2BDEBF436E0133436690F89130012BB9
:10ED7000DAB206D1416E70314FF080730144F3F77F
:10ED8000F5BB7047002380F89030704790F89230C0
:10ED90000BB9F3F74DBC7047014B1868F3F75CBC37
:10EDA0004C780020014B1868F3F753BF4C780020D3
:10EDB000014B5868F3F750BC4C780020014B586861
:10EDC000F3F747BF4C780020014B9868F3F744BC39
:10EDD0004C780020014B9868F3F73BBF4C7800203B
:10EDE0002DE9F041104D2F4604468C4690469E4634
:10EDF000061D0FCF0FC697E80700069B86E80700A1
:10EE00001C35A362079BE3620FCD04F13006C4E911
:10EE1000088E0FC62B683360002363642046C4F855
:10EE200000C0BDE8F08100BFB814020810B5044668
:10EE3000006803685B6C98472068216A03688268F1
:10EE40009B6898472068216A03680269DB689847D5
:10EE5000004B10BD4C010020006803689B6C1847F4
:10EE60002DE9F0410D461946037C0446407CADF582
:10EE7000067DDE08082B5FFA85FC06EBD006638969
:10EE80008D9FD0B295BF40EA0C004CEA122C8DF851
:10EE900000008DF8010092BF0DF101008DF800C057
:10EEA0000DF10200AB423E443A462CD111F067FC12
:10EEB000206803685B6B98472068216A0368C26812
:10EEC000DB689847206803683246D3F83880694683
:10EED00043ABC0472068216A03680269DB68984732
:10EEE00020680368DB6B98472389AB4207D1217CFC
:10EEF0008C9843AB3A4603EBD10111F040FC0DF581
:10EF0000067DBDE8F081A18911F0E9FAD0E72DE98D
:10EF1000F04FADF5077D0446929F9DF84CA2164632
:10EF2000D5199946002B55D0684611F028FC9099C8
:10EF30003A460DEB060011F022FC20680368BAF196
:10EF4000000F05D0E26A013254D1DB6932219847C3
:10EF5000206803685B6B98472068216A0368C26871
:10EF6000DB689847206803680DF58678D3F838B0D9
:10EF70002A4643466946D8472068216A03680269E1
:10EF8000DB68984720680368DB6B9847BAF1000F8D
:10EF900007D0E26A20680132036845D1DB690121AC
:10EFA0009847656935B1002F5CD0E37C18F8030001
:10EFB000A8470546B9F1000F07D1A37C919806EB4D
:10EFC000D3013A46414411F0DAFB28460DF5077D9E
:10EFD000BDE8F08F837C68464FEAD30805EBD30584
:10EFE00011F0CDFBA18908EB07020DEB060011F033
:10EFF00076FAA2E75B6A984780462068E16A036870
:10F000001B6998470028A3D0206803685B6D984768
:10F01000206803685B6A9847E369A0EB08009842A0
:10F02000EBD36FF43075D0E71B6A01219847206855
:10F0300003685B6A984705462068E16A03681B69B4
:10F0400098470028ADD0206803685B6D984720681A
:10F0500003685B6A9847E369401B9842ECD36FF4FE
:10F060003075A7E73D46A5E7F0B51E46037987B0A2
:10F0700005460F463BB9CDE900620A460189FFF714
:10F08000EFFE07B0F0BD90F9114090F811C0002CD0
:10F09000B8BF0734E410013C64B204ABE000194689
:10F0A000002C12DA2C7CE408601E40B2B0F1FF3F65
:10F0B00015D10123CDE9022300230196009304EB2F
:10F0C000DC022846FFF723FFDBE7B5F808E0013C48
:10F0D0004EFA00FE03F801EB64B20838E0E74FEAAD
:10F0E000C00E27FA0EFE03F801EB0138DDE7F0B59C
:10F0F00089B000238DF81730037904460A465BB9BE
:10F10000012101910DF1170100910189FFF7A8FE7E
:10F110009DF8170009B0F0BD90F91130467C002B26
:10F12000B8BF0733DB10013B5BB206A8DD00014628
:10F13000002B13DA257CED086B1E5BB25F1C15D12A
:10F140000123CDE902330DF117030193002300934E
:10F1500005EBD6022046FFF7DAFED9E72789013B07
:10F160002F4100F8017B5BB2083DE1E7DF0022FAA6
:10F1700007F700F8017B013BDFE7F0B516461A46BA
:10F18000037987B005460F4643B9CDE900320A46F8
:10F1900033464189FFF764FE07B0F0BD90F9114096
:10F1A00090F811C0002CB8BF0734E410013C64B2E1
:10F1B00004ABE0001946002C12DA2C7CE408601E37
:10F1C00040B2B0F1FF3F15D10123CDE90223002267
:10F1D000CDE90062284604EBDC02FFF798FEDBE78E
:10F1E000B5F80AE0013C4EFA00FE03F801EB64B208
:10F1F0000838E0E74FEAC00E27FA0EFE03F801EBED
:10F200000138DDE7F0B5037989B004460D468DF885
:10F21000172053B90122CDE900320A460DF1170338
:10F220004189FFF71DFE09B0F0BD90F91130467C11
:10F23000002BB8BF0733DB10013B5BB206A8DA0036
:10F240000146002B13DA227CD208531E5BB25F1CEE
:10F2500015D10020012301900DF117000090CDE998
:10F26000023302EBD6022046FFF751FEDBE7678947
:10F27000013B174100F8017B5BB2083AE1E7DF0090
:10F2800025FA07F700F8017B013BDFE72DE9F0479E
:10F290009DF820A09DF828709DF82C901C4643EA0C
:10F2A0000A03072B05460E46904642D8544540D3E4
:10F2B000FFF71DFF631CFF22DBB2CAF1080A02FA46
:10F2C00003F342FA0AF21343DB43DBB280EA08029B
:10F2D000134205D1B9F1000F02D10020BDE8F0873B
:10F2E00020EA030403EA08031C43E4B22246314641
:10F2F0002846FFF787FF286803689B6A98479DF8B0
:10F3000024804FF47A73814603FB08F82868036869
:10F310009B6A9847A0EB0903434502D36FF00F00A7
:10F32000DCE731462846FFF7E2FE60400742EDD1B8
:10F33000D3E76FF00A00D1E77FB59DF8246003960C
:10F34000089E9DF82850CDE901360023009304461D
:10F35000FFF7DDFD38B935B1A36923B1204604B00C
:10F36000BDE87040184704B070BDF0B590F9114089
:10F3700090F811C0002CB8BF0734E41087B0013CEE
:10F3800064B205AD0F46E6002946002C0DDA9DF863
:10F39000344002949DF83040CDE9003413464FEAE2
:10F3A000DC02FFF7C9FF07B0F0BD47FA06FE013CDB
:10F3B00005F801EB64B2083EE7E77FB59DF82460ED
:10F3C0000396089E02960026CDE9003601239DF89B
:10F3D00028500446FFF79BFD38B935B1A36923B126
:10F3E000204604B0BDE87040184704B070BDF0B5C9
:10F3F00090F9114090F811C0002CB8BF0734E41008
:10F4000087B0013C64B205AD0F46E6002946002CEA
:10F410000DDA9DF8344002949DF83040CDE9003477
:10F4200013464FEADC02FFF7C8FF07B0F0BD47FA0A
:10F4300006FE013C05F801EB64B2083EE7E770B553
:10F4400086B000238DF8133090F91130427C002BE8
:10F45000B8BF0733DB10013B04465BB205A8DD00F3
:10F460000146002B16DA0123CDE902330DF1130317
:10F47000019300230093D2082046FFF748FD05467C
:10F4800028B963691BB19DF813009847E0802846AE
:10F4900006B070BDE689013B2E4100F8016B5BB2FE
:10F4A000083DDEE770B50B46054601F11404303027
:10F4B00053F8046B40F8046BA342F9D16A640E1F41
:10F4C00001F11004286856F8041F036882689B68DD
:10F4D0009847A642F6D170BD406C18B970478B4270
:10F4E00004D018300378002BF9D118467047F8B5CE
:10F4F0000546FFF7F1FF88B1041D05F12C0605F163
:10F50000400756F8041F002904DB286822680368B6
:10F51000DB689847BE4204F10404F2D1F8BD000054
:10F520000648074B074A1B68B3FBF2F310B5446863
:10F530004B434268121B9342FBDC10BD001000E0FD
:10F540004000002040420F00CBB2192B09D80F4ACF
:10F5500052F8233001F4E0601843431C18BF0846FA
:10F56000704701F0C002C02A0CD1C82B0AD8084B42
:10F5700001F03F0201F4E06053F82220034B53F8FE
:10F580002230E9E74FF0FF30704700BF4C19020806
:10F5900028190208704790F82C2008B512B10368AA
:10F5A0001B6B9847BDE80840F6F790BC006A002145
:10F5B0000EF06EBC006A0EF0A4BCF8B507460C460F
:10F5C0005D1E8E18B44200D1F8BD14F8011B386AD4
:10F5D00000220EF098FC05F8010FF3E70EF021B8B9
:10F5E0004B1C084603D00021C0B20DF04DBF704740
:10F5F000084611461A46431C02D0C0B20DF0C4BEE4
:10F600007047006A0EF07CBCD0E90912006A0EF067
:10F6100055BC084611461A46431C01D00EF0A2B94B
:10F62000002070470EF008BA0EF004BA08460EF03B
:10F6300005BA4B1C084601D00DF068BF70470000AA
:10F640001FB5084611461A46431C13D00024CDE9C5
:10F650000044CDE9024421B1074B0393074B0091CD
:10F66000029369460DF084FF029B1BB16946032299
:10F670000846984704B010BD4D5F00082D5F000894
:10F680004B1C084601D00EF02FB9002070470846E9
:10F69000431C114601D00EF0EDB870470846431CDC
:10F6A000114601D00EF07CB8704710B530210446E9
:10F6B000F6F771F9204610BD90F82C2012B10368BE
:10F6C0001B6C18477047000070B586B004AD85E824
:10F6D0000C0004230322CDE90132012200230E464F
:10F6E00000921946044603F00FFE95E80300064B0E
:10F6F000236004F12403266283E8030000232046EC
:10F7000084F82C3006B070BDD42402087047000085
:10F7100008B5A1F11A030846032B16D8DFE803F059
:10F720000A0206110B4807F02FFE08BD094807F032
:10F73000F7FDFAE7074807F009FE80F00100C0B2C4
:10F74000F3E7044807F019FEF7E7BDE808400EF0BC
:10F75000CBB800BF147900200846A0F11A03032B90
:10F76000114601D90EF01CB8704710B5302104467F
:10F77000F6F711F9204610BD08461C28114604D89A
:10F780001A2810D809D00EF075B81D28FBD1B2FA8E
:10F7900082F10548490907F0E3BDB2FA82F1024857
:10F7A000490907F0C5BD70471479002037B50446F4
:10F7B0003020F6F7ECF80A4B0A4905460CCBFFF768
:10F7C00083FF094B2B601B221D23CDE90032294604
:10F7D0001C231A222046FFF703FB204603B030BD4E
:10F7E0009C250208147900203C2502080368D3F800
:10F7F000DC3018470368D3F8E030184770472DE92C
:10F80000F04385B00F464FF0000801230DF10F02C1
:10F8100040F6E70106468DF80F8002F0C4FA044670
:10F82000002855D133683046D3F8D83098470421A2
:10F830008146FFF751FE032105464846FFF74CFE7F
:10F8400028B165B90E2F47DD6FF00C0440E017F1C9
:10F85000090FF9DB002DF7D007F1090303E00E2FA4
:10F86000FBB20EDD0933DBB21F2BEDD801250723D8
:10F87000224600950421304602F076FA042304461D
:10F880000DE01133DBB21F2BDED80122234600929C
:10F890000421304602F068FA45460446032386F800
:10F8A0006431ACB92946304601F001FB044678B911
:10F8B0000422F9B2304602F00CFB044640B90123A1
:10F8C0000DF10F0240F6E701304602F065FA0446FA
:10F8D000204605B0BDE8F08307F11103DBB21F2B12
:10F8E000B2D80122234600920421304602F03CFAAD
:10F8F00003230446D3E7000010B502F0A8FA04463B
:10F90000054807F00AFD044807F0FBFC10B1024867
:10F9100007F0FDFC204610BD1479002010B5044608
:10F92000034807F0F7FC2368BDE81040184700BF04
:10F9300014790020014807F0D3BC00BF14790020DF
:10F9400010B54FF4E4710446F6F725F8204610BDD3
:10F9500010B5044600F0B2F9014620B92046BDE8D2
:10F96000104003F0E3B910BD012A02D1016000206C
:10F970007047022A05D0032AF9D0002AF7D1026085
:10F98000F5E70B680360F2E71FB50023CDE900132C
:10F99000084B03930848094B0293694607F066FC3D
:10F9A000029B1BB1694603220846984705B05DF8E3
:10F9B00004FB00BF1DF900081479002069F9000854
:10F9C00010B5044600F04FF9014620B92046BDE8C5
:10F9D000104003F0ABB910BDF0B587B004469DF9F7
:10F9E0003450BDF838609DF840700497CDE9015659
:10F9F0000F9F0C9D0397009500F06AF8014628B907
:10FA0000204607B0BDE8F04003F090B907B0F0BD64
:10FA1000F0B587B004469DF844E09DF830509DF85D
:10FA200034609DF93870BDF83CC0CDF814E0DDF8C5
:10FA300040E0CDF810E0CDE9027CCDE9005600F0C1
:10FA400015F8014628B9204607B0BDE8F04003F09C
:10FA50006DB907B0F0BD000010B5044600F090F994
:10FA6000014B2360204610BDAC250208F0B51E46B0
:10FA7000164B04468C4617460FCB85B06D4685E87D
:10FA80000F009DF828308DF809309DF82C308DF846
:10FA90000A309DF930308DF80B30BDF83430ADF8B8
:10FAA0000C300E9BC4F850319DF83C3084F8543132
:10FAB0002368CDF800C0D3F8F03001978DF80860C6
:10FAC00029462046984705B0F0BD00BFE81402085B
:10FAD000F0B5144D06468E4694461F460FCD87B0AE
:10FAE00001AC0FC42B6823600C9B04939DF9343048
:10FAF0008DF81430BDF83830ADF816300F9BC6F8CD
:10FB000050319DF8403086F854313368CDF804E028
:10FB1000D3F8F830CDF808C0039701A930469847CC
:10FB200007B0F0BDF8140208F0B516460D4A0446B9
:10FB30000F4607CA85B001AD85E807008DF80C3087
:10FB40000A9BC4F850319DF82C3084F85431236856
:10FB50000197D3F80031029629462046984705B010
:10FB6000F0BD00BF0C15020813B58DF805309DF8E7
:10FB700010308DF806309DF914308DF80730069B53
:10FB8000C0F850319DF81C3080F854310368009162
:10FB9000D3F808318DF804206946984702B010BDAB
:10FBA0004AB116290B466FF00800A8BF16238342FE
:10FBB000B8BF034613700931C9B21F298CBF6FF05B
:10FBC0000C0000207047000010B5012986B006D057
:10FBD00002292BD0C9B16FF0130006B010BD00226E
:10FBE00003680592194A04924FF0080C0A22CDE9E5
:10FBF000022C4FF0120E0722CDE9002E1449D3F843
:10FC0000F440144A0923A047E7E7104A0368039227
:10FC100010240A22CDE901240F4A04910092D3F85E
:10FC2000FC400E4A0E4B0A49A047D6E70023026863
:10FC30000393064B02930A210123CDE900310449C5
:10FC4000D2F80C410622A047C7E700BFCDCCCC3F7D
:10FC50000000D9430000FA4233331C439A9999407B
:10FC60000000A040704770B58B898A7A0D46497AAA
:10FC7000044601F0DDFA00BB2368297AD3F8E830A6
:10FC800020469847C8B923686968D3F8E43020460D
:10FC9000984790B923682968DB6B2046984760B97C
:10FCA0000121204601F003F938B9236895F90B10BA
:10FCB0005B6D2046BDE87040184770BD37B54B8A74
:10FCC0000093CB688A680C464968054601F004FB3E
:10FCD00098B92B682168DB6B2846984768B90121E1
:10FCE000284601F0E4F840B92B6894F910105B6DD8
:10FCF000284603B0BDE83040184703B030BD70B5AA
:10FD00000C464968054601F057FB90B92B682168FD
:10FD1000DB6B2846984760B90121284601F0C7F8F7
:10FD200038B92B6894F908105B6D2846BDE870401F
:10FD3000184770BD70B58B794A790D46097904462C
:10FD400001F04EFB90B923682968DB6B2046984789
:10FD500060B90121204601F0AAF838B9236895F965
:10FD600007105B6D2046BDE87040184770BD10B5A8
:10FD70004FF4E4710446F5F70EFE204610BD000076
:10FD800010B5044600F068FC034B2360034BC4F835
:10FD90005831204610BD00BFCC260208BC26020800
:10FDA00070B50C460546144920461646F1F78CF905
:10FDB000F0B112492046F1F77DF9C8B12EB12146C4
:10FDC0002846BDE8704003F019B8D5F86011204608
:10FDD000F0F7BEFE0A4920F00040F1F775F900285F
:10FDE000EDD02146284600F07AFE0028E7D070BD0D
:10FDF0006FF00B00FBE700BF0000164300007044EB
:10FE00000000A0410022FFF7CBBF0000036873B5DC
:10FE10009B6D1646002205460C46984790B99EB148
:10FE20000B4B04F1090203EB420113F8123091F974
:10FE3000014003F00F021B090021009128462146D2
:10FE400002F086FF02B070BD04220723F4E700BF72
:10FE5000DC2702080122FFF7D9BF000030B5074BAD
:10FE600005460FCB85B06C4684E80F002B68214611
:10FE7000D3F8A0302846984705B030BD18150208C1
:10FE800013B5036800220092DC6940F2722202235B
:10FE90006FF07F41A04702B010BD000030B5074BA6
:10FEA00005460FCB85B06C4684E80F002B682146D1
:10FEB000D3F894302846984705B030BD181502088D
:10FEC00082B02DE9F041012906A880E80C000B9CC6
:10FED0009DF826609DF8277009D0022975D0002969
:10FEE0004BD06FF01300BDE8F04102B070479DF8B1
:10FEF000188042F2107000FA08F0F0F7DBFE51496A
:10FF000005460798F0F72EFF01462846F0F7DEFF7A
:10FF1000F1F72AF9A8F10503DBB2012B9DF828308F
:10FF200005468BBF08210021112019200BBB4FEA89
:10FF3000880304EB4707002EC8EB47020CBF1426CA
:10FF4000002601EB8201DBB2314409B25A1E0029BE
:10FF5000A8BF521892FBF3F3BDF824209DF820109F
:10FF60009BB2083201FB032300EB83006843800847
:10FF7000B9E7A8F102039B00DBE7F800F0F79EFE6B
:10FF800005463046F0F79AFE01462846F0F7E2FDB6
:10FF90000546BDF82400F0F791FE01462846F0F72B
:10FFA000D9FD0546E000F0F785FE01462846F0F74A
:10FFB000D1FD254904460698F0F788FF0146204602
:10FFC000F0F784FFF1F7D0F88DE79DF81930032B97
:10FFD00034D8DFE803F002282D30062363430433CE
:10FFE0000522B3FBF2F39CB23022B4FBF2F303EB35
:10FFF000830000EB800002FB13444000A4B280B2F7
:020000040801F1
:1000000014B10234204480B29DF82430C3EBC30203
:1000100003EBC20300EB43000C4B80B25843F0F7F4
:1000200049FE0B49CCE704EB4404C4F34F04DBE77F
:100030006400A4B2D8E704EB4404FAE76FF00900C7
:1000400051E700BF0000204100007A4400127A000E
:100050001D24F44308B50846F0F72CFE0249F0F7DA
:1000600035FFF1F781F808BD00007A41036889B2D5
:10007000D3F8EC3018470368D3F8DC301847D0F8D1
:100080006801704700F00E03062B0BD0082B0CD034
:100090000A2B0CD00138C0B2FD288CBF6FF00100D4
:1000A000002070476FF43070704702487047024874
:1000B000704700BF3EFDFFFF3DFDFFFF70470000A2
:1000C0002DE9F0428AB004460F4601F0EFFE05AE7E
:1000D00000230DF11C090128C9E9013305460793E6
:1000E0000593B3803DD194F86D31042B35D804339A
:1000F000DBB28DF8243094F86C318DF81C30D4F8D4
:1001000074310893B4F87231ADF8143094F86F314B
:10011000003B18BF01238DF8173094F87031591E39
:100120004B424B418DF8163094F86E31003B18BFAE
:1001300001238DF81830039796E80300099B01907E
:10014000ADF808100093216899E80C008E6F2046E6
:100150002946B0470AB0BDE8F082072B08BF082344
:10016000C7E730BBD4F87C01F0F7A4FD0146214875
:10017000F0F7ACFE0790D4F88001F0F79BFD94F8FF
:100180008731089013F0FB0F11D0022B03D09A1F78
:10019000534253415B00B4F88C21ADF8142094F81D
:1001A00088218DF816208DF817300025C3E701232C
:1001B000F1E703280ED1B4F8A8315BBAADF81C30D2
:1001C00094F8AF318DF81E3094F8AA318DF81430C0
:1001D0000225B0E7022809D1D4F87C01F0F76AFDC6
:1001E00001460448F0F772FE0790DEE76FF0130057
:1001F000B0E700BF00007A4910B50C4659B101F0D4
:1002000055FE012802D0032803D038B92070002001
:1002100010BD0220FAE76FF00200F9E76FF013005B
:10022000F6E708B5D0F868010221FFF760F94FF052
:10023000FF3008BD37B50D46044690F86411D0F87C
:100240006801FFF754F95DB90123CDE900330023BC
:10025000D4F868011A46D121FFF7C9F803B030BDC0
:100260002946204601F004FE0028EDD0F6E707B548
:1002700000238AB20093114601F0CCFD03B05DF873
:1002800004FB1FB50023ADF80C300123CDE900338A
:1002900003AA02231221D0F86801FFF766F8BDF81F
:1002A0000C0040BA80B205B05DF804FB2DE9F041C6
:1002B000002486B0FF270226CDE90274CDE900466E
:1002C00005462346224640F6E201D0F86801FEF7D3
:1002D000DDFFCDE90274CDE900462346224640F613
:1002E000E501D5F86801FEF7D1FF6FF07F412846A0
:1002F00001F0D5FCD5F86831186803680A21DB697C
:1003000098472746264601230DF1170240F61901AA
:1003100028468DF8176001F046FD9DF8170000F0A3
:100320000100A04001343843082CC7B2EBD12B6840
:1003300002244FF0FF081B6928469847CDE9014881
:1003400003960096D5F868010023012240F6E201E9
:10035000FEF79CFFCDE90286CDE900640023D5F8C5
:100360006801012240F6E501FEF790FF384606B02D
:10037000BDE8F08190F83810022938B5044605D060
:10038000032911D06FF01805284638BDD0F8680150
:10039000FFF7ADF8D4F8A411204601F080FC054623
:1003A000002384F83830EFE790F86411D0F8680142
:1003B000FFF79DF80021204601F05BFC0546002870
:1003C000E2D1D4F868311868D96A02681269904796
:1003D0000028E5D0D4F86831186803685B6D984749
:1003E000EFE7D0F8683110B50446186803681B6958
:1003F0009847C1B22046BDE8104002F063BE10B578
:100400004FF4E4710446F5F7C6FA204610BD0368C0
:1004100010B5D3F8EC3044F2FF310446984728B9C0
:10042000236820461B69BDE81040184710BD000036
:1004300010B5044601F03AFD01280ED1236820468C
:10044000D3F884309847C3050AD410F0800F14BF46
:100450006FF00E004FF0FF3010BD6FF01300FBE7A0
:100460000048F9E742FDFFFFF7B505460E4601F0EB
:100470001DFD012833D12B6828461B699847044687
:1004800050BBD5F868010221FFF731F8B168284662
:1004900002F0E8FDF1680746284602F0E3FD00940B
:1004A000234682B2B9B2284601F0B4FC044698B99A
:1004B0002B6844F2FF31D3F8EC30284698470446C5
:1004C00050B973680193F3780093B37872783178F8
:1004D000284601F0FBFB0446204603B0F0BD6FF058
:1004E0001304F9E710B5044601F0E0FC012812D12D
:1004F000204601F013FE10F4004FC0F3072018BF90
:10050000A0F58070EFF76EFF044B0022EFF7D4FFE9
:10051000F0F7CAFA10BD0248FCE700BF0000D03F68
:100520000000A0C12DE9F3411D4603681B69044684
:100530000F4616469847002846D16DB92368002E0D
:10054000DB6F14BF3146FF21204698474FF47A7382
:1005500000EB8000B0FBF3F52846F0F7ABFB2D492C
:10056000F0F700FC2C49F0F7B1FCF0F7FDFD236833
:1005700000220092D3F81C800146022340F272222E
:100580002046C04700BBD4F86831186803685B6A2E
:1005900098478046D4F868311868596A0268126929
:1005A0009047A0B10025236820461B69984718B1E1
:1005B0006FF43073984207D12368D5B12368204681
:1005C000DB6A98476FF0050002B0BDE8F081D4F80F
:1005D0006831186803685B6D9847D4F8683118680B
:1005E00003685B6A9847A0EB08008542D2D20125D8
:1005F000D9E7D3F8843020469847636B1842DDD1A1
:1006000023681B6B32463946204602B0BDE8F041F4
:10061000184700BF00007A4400007A41036810B513
:10062000D3F894300446984730B110BDD4F86831FF
:10063000186803685B6D9847D4F868311868596A80
:100640000268126990470028F0D023682046D3F84A
:100650009830BDE81040184738B504460D4602F002
:10066000DDFC344AC4F850210022C4F86021C4F8EB
:100670007421C4F8902140F20162A4F8A8212E4A06
:100680002E4B12692360032000230121C4E95F334C
:1006900084F84D3184F85431C4F8583184F85C3111
:1006A00084F86401C4F86C3184F87031A4F87231B4
:1006B00084F87811C4F88431A4F8883184F88A3138
:1006C000A4F88C31C4F89431A4F8983184F89A31A4
:1006D000C4F89C3184F8A031C4F8A43184F8AA018C
:1006E000C4F8AB2184F8AF31C4E96C33C4E96F338B
:1006F000A4F8B831C4F8C431114B6360FF23A36080
:1007000002220423C4E90523216110230821C4E93E
:10071000071320204023C4E90903C4F868514FF4AB
:1007200080738025C4E90B534FF400736363204644
:1007300038BD00BFCDCCCC3F1815020824280208D4
:100740000024743F10B5032ABDF8084011D80929C8
:1007500080F8A82110D85A1E032A80F8A9110ED8B3
:10076000B4F5007F80F8AA310CD2A0F8B84100207F
:1007700010BD6FF00900FBE76FF00700F8E76FF0BE
:100780000A00F5E76FF06900F2E7D0F8683170B55C
:100790000446186802680D469668996A8268B047F0
:1007A000D4F868311868996A0268D668C268B04798
:1007B000D4F86831186803680121DB699847D4F8D8
:1007C00068311868996A0268D6680269B047F5B15D
:1007D000D4F86831186803685B6A9847064623684E
:1007E00020461B699847054688B1D4F868311868D7
:1007F00003685B6A9847801BB0F57A7F08D2D4F80B
:100800006831186803680A21DB699847E7E7002523
:10081000284670BD036810B5D3F884300446984765
:10082000430410D5D4F8C411204601F00F0101F0A3
:100830004FF950B923682046D3F8EC30BDE810409A
:1008400044F2FF3118476FF0040010BD2DE9F04766
:10085000984603681B6904460F46164698470028C9
:1008600041D194F86D31042B3FD9072E5BD994F810
:100870006F31012B39D1FD2E58D823683146DB6FFB
:100880002046984723680546D3F8249032464346CD
:1008900039462046C84730BB20464FF47A7305EBF3
:1008A0008505B5FBF3F501F001FBD4F86831064688
:1008B000186803685B6A984705350746D4F86831BD
:1008C000186803685B6D9847D4F868311868036846
:1008D0005B6A9847C01B854209D2236820469B6A01
:1008E00098476FF00400BDE8F087FF2EC4E7D4F806
:1008F00068311868596A0268126990470028DDD08B
:10090000032E236809D1D3F8843020469847C307C3
:1009100003D42046FFF77EFFD0E7236820469B6A7A
:10092000BDE8F04718476FF01D00DCE76FF00300EB
:10093000D9E700001FB571B101F0F0FBC0B2EFF7CD
:1009400051FD0F4B002201F10041EFF7B5FDF0F72B
:10095000ABF804B010BD0123CDE900338DF80F10C2
:100960000DF10F021521D0F86801FEF7FEFC9DF88D
:100970000F00F0F79FF94FF03F41F0F7F3F9E8E788
:100980000000E03F0121FFF7D5BF30B585B0054637
:10099000144601F08BFA012808D195F87031012B2B
:1009A00004D11CB9D5F89C0105B030BD0023ADF8C9
:1009B0000C300123CDE9003303AAD5F868010223E6
:1009C0001321FEF7D2FC14B19DF80D3023709DF871
:1009D0000C00E9E72DE9F3410546D0F868010F4620
:1009E0001646FEF72CFD2B680446D3F884302846C3
:1009F00098476FF430739C4208D110F4007F18BF01
:100A00006FF00504204602B0BDE8F081002CF9D15A
:100A100043062CD400F03000202814BF4FF000080B
:100A20006FF0060800230DF10702012128468DF81A
:100A30000730FFF7AAFF16B1B04228BF3046C2B256
:100A40009DF807303946284601F0D0F904460028C1
:100A5000D8D12B6844F2FF31D3F8EC3028469847C0
:100A6000B8F1000F0CBF04466FF00604CAE76FF040
:100A70000608D7E70022FFF788BF73B5054608468A
:100A80004FF07E511646F0F763F84FF07A51F0F7C9
:100A900069F90DF04FFDF0F767FB4FF07E51C4B2DE
:100AA0003046F0F757F84FF07A51F0F75BF90DF058
:100AB000FFFCF0F759FBE107C3B25CBF04F1FF3460
:100AC000E4B2DA075CBF0133DBB201A928468DF836
:100AD00004408DF8053001F0DBF902B070BD73B54C
:100AE000002305460846ADF804300C46F0F716FB27
:100AF000A0F286331A2B21D9A0F25F33072B28D915
:100B0000A0F20B33082B27D9A0F5EB73282B26D99D
:100B1000A0F5D7730A2B25D94FF081412046F0F775
:100B200019F84FF0814106462046F0F711F8324699
:100B300001462846FFF7A1FF02B070BDE122E9237C
:100B400001A928468DF804208DF8053001F0A0F9A0
:100B5000F2E7D722DB23F3E7C122C523F0E77522B2
:100B60008123EDE76B226F23EAE7000037B500230E
:100B70008DF807300DF10702012340F68901044684
:100B800001F011F9E8B9204601F090F901289DF82B
:100B9000075018D10D49D4F87401EFF7D9FF0C496B
:100BA00020F00040F0F786FA68B105F0FB0501235C
:100BB0000DF1070240F6890120468DF8075001F03B
:100BC000EBF803B030BD45F00405F0E70000FA4350
:100BD0006F12833A2DE9F0410229C8B005460E464E
:100BE000174606D003297DD06FF0180048B0BDE845
:100BF000F08190F87031012B03D1D3680BB1C0F8AC
:100C00009C312B6828461B6998470028EED13A682A
:100C100079686FF07F439A421EBFBB6843F400734C
:100C2000BB60284602F01EFAB9680446284602F066
:100C300019FA002382B20093A1B2284601F0EAF823
:100C40000028D3D102460146284601F046FA002882
:100C5000CCD12B6844F2FF31D3F8EC3028469847CA
:100C60000028C3D1284601F021F901281AD195F8AE
:100C7000A031019395F87031009395F89C3195F867
:100C80006F21B5F87211284601F0ACF93B680133C9
:100C900004BF6FF07F433B603B68C5F8A43185F823
:100CA0003860A3E710B14FF0FF309FE795F88A0155
:100CB000B5F88C1195F8842195F8873195F888C19D
:100CC00095F889E160B995F89C41CDF808E0CDE947
:100CD00003040020CDE900C0284601F0A9F9D5E7BA
:100CE000FF24F2E75368FF2B00F2DE8001F0DEF80C
:100CF0000128044616D195F8A031019395F870317A
:100D000000933B7995F86F21B5F87211284601F0F0
:100D100069F900287FF46AAF00230093012240F2B2
:100D2000012138E0A8B93B79049395F88A310393FF
:100D300095F88931CDE9010395F88831009395F84C
:100D4000873195F88421B5F88C11284601F070F9A7
:100D5000DFE7022818D1D5F87C317968642B4FEA97
:100D6000C1039BB241F6705243F20F700093C9B2B7
:100D700040F2E14308BF134640F62F1208BF024677
:100D8000284601F07EF9C4E703288CD1002344F201
:100D9000010200931146284601F03CF800287FF438
:100DA00025AF02460146284601F097F900287FF456
:100DB0001DAF032C19D003463A793968284601F053
:100DC00001F800287FF412AF2B6844F2FF31D3F80A
:100DD000EC302846984700287FF408AF2846FFF7F4
:100DE000C5FE00283FF45BAF00E7284600F0C0FDD9
:100DF00000287FF4FBAE044695F8AA31C3F1040342
:100E0000A3424CDC0024FB22214609A808940FF0E1
:100E100066FB05F5E073C5E96F44C5F8C4410DF103
:100E20001C08029305F5DE73CDE900832846D7E957
:100E3000001208AB079400F01DFB00287FF4D6AE2B
:100E400003469DF81C2008A9284600F0BBFF002897
:100E50007FF4CCAE01238DF81830079B8DF8193044
:100E6000D5F8C0318DF81A3006AA032340F2853137
:100E7000284600F091FF00287FF4B8AE95F8C071C5
:100E8000102F28BF10270446A7429DD9E1B228465B
:100E900000F01EFE00287FF4A9AE0134F4E72846D6
:100EA00000F0FCFD0134A7E76FF003009EE637B5C4
:100EB00000230D468DF807300DF10702012340F69F
:100EC000D801044600F06FFF70B99DF807306DB18E
:100ED00043F01E038DF807300DF10702012340F6A1
:100EE000D801204600F058FF03B030BD23F01E03A8
:100EF00043F00803EEE737B590F87031012B044654
:100F000002D0002003B030BD00F0D0FF012805461C
:100F1000F7D100238DF806300DF10602034640F6A6
:100F20000211204600F038FF0028EBD18DF80700B1
:100F30002B460DF1070240F64411204600F033FF26
:100F40000028DFD19DF8073043F002038DF8073009
:100F50000DF107022B4640F64411204600F01CFF1D
:100F6000D0E7036810B51B690446984760B920466E
:100F7000FFF7C1FF40B923682046D3F8EC30BDE845
:100F8000104044F2FF31184710BD37B500230D461D
:100F90008DF807300DF10702012340F23671044647
:100FA00000F001FF88B99DF80730012D0CBF03F058
:100FB000FB0343F004038DF807300DF10702012312
:100FC00040F23671204600F0E7FE03B030BDF0B5C8
:100FD00085B0044600F06AFF0246002878D1D4F8B4
:100FE0007C31D4F868010392FF26B3F5966F029620
:100FF00009D102210423CDE9003140F6B801FEF702
:1010000045F905B0F0BDB3F5167F4FF002054FF07E
:101010000303CDE900354FF004032ED1182240F22E
:10102000D161FEF733F90028EBD1CDE90260CDE9BB
:1010300000550423D4F868011A4640F69B01FEF7D8
:1010400025F90028DDD1CDE902600427019500973C
:1010500002463B46D4F8680140F6B801FEF716F99F
:101060000028CED1CDE90260CDE9007506235022DB
:10107000D4F8680140F2AC61C1E7082240F2D161C6
:10108000FEF704F90028BCD1CDE90260CDE9005596
:1010900002460423D4F8680140F69B01FEF7F6F8F7
:1010A0000028AED1CDE90260042701950097D4F85D
:1010B00068013B46102240F6B801FEF7E7F8002829
:1010C0009FD1CDE90260CDE9007506230246CFE746
:1010D000002096E7F0B5054685B00F460A240026A5
:1010E0002B7B1BB101212846FFF74FFBD5F8680188
:1010F00010224FF448716B46CDE90066CDE90266D7
:10110000FDF7B2FF0622694638460FF01DFA10B906
:10111000012005B0F0BDD5F86831186803680A21D0
:10112000DB69013C984714F0FF04D9D12046F0E771
:1011300070B50446D0F868010E46FDF777FED4F886
:1011400068311868596A026895684268A847D4F8F7
:1011500068311868D96A026895684268A847D4F867
:10116000683130484FF401621A820122DA74D4F8EF
:1011700068314FF440011A712B4A5A61C3E90201E8
:10118000D4F858112046FFF7A5FF38B9D4F8680104
:10119000FDF762FE6FF00105284670BDD4F850518E
:1011A00000212846EFF79AFF68B93146204601F042
:1011B0003AFE054688B994F854316BBB2046BDE829
:1011C000704001F0D0BC294641F28832204601F03F
:1011D000F3FC05460028E8D0DEE7236820461B69BB
:1011E0009847204600F0BCFF104B9D42D4D18306A7
:1011F000D2D50021C4F8501141F28832204601F0C6
:10120000DBFC05460028C7D13146204601F00BFE25
:1012100005460028CFD0BFE72046BDE8704001F06A
:101220009FBC00BF1D000D00850001083DFDFFFFB4
:10123000F7B51D46254BC0F87431062380F85C31A4
:1012400000231646C0F89431214A80F87031FF23FC
:101250000F46A0F87251C0F86C21C0F89C310121F2
:101260000446FFF765FF70BB02463946204601F091
:1012700052F840BB44223146204601F079F810BBB9
:10128000236829461B6E20469847E0B9114920463D
:1012900001F08EF8B8B90121204601F047FD90B960
:1012A0000123009341F60F5241F22103022120460F
:1012B00001F088FB38B923681B6D0146204603B056
:1012C000BDE8F040184703B0F0BD00BF0000FA438E
:1012D00009030001000070422DE9FF4117461E4638
:1012E00045F255324CF6CC43C0E95F23304BC0F891
:1012F00090311A23BDF8285080F8853140F20963F7
:101300008846A0F88631A0F88C5100210446FFF7EA
:101310000FFF002849D1236841461B6C204698479F
:10132000002842D1236839465B6C20469847002844
:101330003BD13146204601F05DFA002835D11D49E8
:10134000204601F035F880BB236829461B6E2046F5
:10135000984750BB4AF61253ADF80C30236802226E
:10136000DB6D03A920469847F8B9236801469B6CBA
:1013700020469847C8B923680146DB6C2046984749
:1013800098B9FF21204601F035FD70B9012500957F
:1013900041F2210341F60F520221204601F012FBD7
:1013A00018B92946204601F0C1FC04B0BDE8F0811F
:1013B00033331C430000704238B50D460221044609
:1013C000FFF7B6FE58B9236829461B6C204698479C
:1013D00028B920460121BDE8384001F0A7BC38BD3E
:1013E00070B50D4686B080F8AF310321044616462D
:1013F000FFF79EFE88BB1D49204600F0D9FF60BB69
:101400000121204601F092FC38BBCDE90300CDE973
:1014100001000090034602460146204600F008FE07
:10142000D8B90B2384F88631236884F88501C4F881
:1014300080011B6C0E492046984770B9032E0ED8C8
:10144000092D84F8A8610DD8032384F8AA314FF43C
:10145000807384F8A951A4F8B83106B070BD6FF05C
:101460000900FAE76FF00700F7E700BF00007042DD
:101470000000FA3E2DE9F04F83469146ADF5297DF7
:101480001C460020FF22484540F0CA80B048102387
:101490000026037047F25B574FF6FF734A4621461A
:1014A000C0E90173C66001F053FEC0F3072304F8DE
:1014B000093004EB09034FF41772587009F1020365
:1014C0003146E65409AD11A8059310960FF007F8C0
:1014D000A0482E60032101F07FFE09F10203DA002B
:1014E000063210AB21469B48009501F079FEFF22A1
:1014F000314620460EF0F3FF9BF8A871032F2ED043
:10150000954B0CAA03F1080C18685968164603C6D7
:10151000083363453246F7D1186899889B79B371CF
:10152000022F98BF8D4B3060B18098BF13F807C071
:101530002B6802934FF0000388BF4FF0000C1A464F
:1015400018460DF130084FF0010A029999427BD1FB
:1015500009920732D208214610A80FF010F9099B12
:101560000293002293B202985B438342114602F138
:101570000102F7D38BB25B009BB204939BF8AA31B4
:10158000BDF90850C1F34E020692C3EBC30203EB50
:10159000C20300215B009BB28A460A46002D74DC20
:1015A0009BF8AA216A4F8DF828906FF0710101FB1A
:1015B000023309939BF8AF319BF8A8219BF8A9113E
:1015C0009B0043EAC20343EAD10343F002038DF8D0
:1015D0002930BBF8B8311A091B0142EA41128DF8D3
:1015E0002B3008238DF82A203B702F22FF23C7E9D8
:1015F00001230026FE6035469BF8AA11B14200F295
:10160000AF80059B9BF8A821DB0006339BB2032A21
:1016100000F27B81DFE812F06D017501A001A201EB
:101620000B5C53401D0145EA13132354130983EA4D
:10163000521383EAD20303F0010383EAD213520068
:10164000D2B21A4301301EE718F80010B9B110AF3A
:10165000DE084FEAD20EBE5D14F80E10DF43D5430C
:1016600007F0070705F007053E41F6070AFA05F5FA
:1016700046BF2943C9B2A94304F80E100132013014
:10168000844508BF002001335FE7302D28464FEA2C
:10169000D306A8BF30200390D843A75D4FF0010CBC
:1016A00000F007000CFA00F027EA000703EB0C003B
:1016B000A755C710C043E65D00F007000CFA00F024
:1016C00026EA0006E6554FF0000C9F1CFE434FF043
:1016D000010E06F007060EFA06F60DF140084FEA75
:1016E000D20EF81018F80EE007906FEA020808F022
:1016F0000708205C4EFA08FE1EF0010F14BF3043AD
:10170000B0434FEAE70618BFC0B2A05504980244A0
:10171000029892B290420BD8069A0498524492B220
:1017200090429FBF013189B20A468A4688BF9246DD
:10173000039E0CF1010C0FFA8CF0864207F10107B1
:10174000C4DC30460230303D18442DB283B225E768
:101750005C78002058780020301502081B29020808
:101760009DF82B300139891B23F00C0343EA8103D8
:1017700004220AA938468DF82B3001F0E9FC0DF15E
:1017800030084FF00009C8F800908DF82C000221B5
:101790007448CDF83490ADF8389001F01DFD282242
:1017A0000DEB020143466F48CDF8009001F018FDA3
:1017B00028220DEB020143466A48CDF8009001F063
:1017C0000FFDEA08EB43A15C4FF0010E03F00703A5
:1017D0000EFA03F321EA0303A35405EB0E03DA1018
:1017E000DB43A15C03F007030EFA03F321EA0303D2
:1017F000A3545D4B029305F1020C05F12A00029BF4
:1018000013F8011B02934FEAD1094FEADC0A18F8DA
:10181000099014F80A30C9436FEA0C0201F007017D
:1018200002F0070249FA01F919F0010F0EFA02F26B
:1018300018BF13430CF1010C14BFDBB29343604596
:1018400004F80A30DBD105F17203DFF8209102932E
:1018500005F14A0C0DF1300A19F8011F6FEA0C026C
:101860004FF0010E02F007020EFA02F24FEAD10E1B
:101870004FEADC081AF80EE014F80830C94301F00A
:1018800007014EFA01FE1EF0010F1ABF1343DBB22F
:10189000934304F80830029B0CF1010C6345DBD143
:1018A00000214FF001090BEBD10C4FEAD0089CF856
:1018B000ABC114F808306FEA010EC2430EF0070EF8
:1018C00002F007024CFA0EFC1CF0010F09FA02F2BA
:1018D00018BF134301F1010114BFDBB29343202968
:1018E00004F8083000F10100DDD17235ADB20136E7
:1018F00082E60622534304330522B3FBF2F39BB284
:1019000003E003EB4303C3F34F03302003F12F0243
:10191000B2FBF0F20A44B4990A60B3FBF0F101EBB8
:10192000810202EB820200FB113352009BB292B2A1
:1019300013B102331A4492B29BF8AA11722313FB1B
:101940000123B39A1360B29A0733DB0800201360B7
:101950000DF5297DBDE8F08F5B00D0E703EB430375
:10196000CDE700BF587800201E290208452902084B
:1019700070B5464A8AB0034605AC02F110061068FD
:101980005168254603C50832B2422C46F7D110688B
:101990003F4A286010689288ADF810203D4A0292B4
:1019A00049F28E52ADF8042093F8AF210390002A3B
:1019B00093F8A9210AA800EB42020CBF34210821A8
:1019C00032F8142CB2FBF1F20621632AA3F8B021FD
:1019D000A3F8B2112AD037D83C2A53D022D81E2AD5
:1019E00019D8092A1BD92C4921FA02F2D20716D597
:1019F000B3F8B8210AA901EB9211B2F5C07F11F832
:101A00001C1CA3F8B41102F03F01A3F8B61106D2D2
:101A100000200AB070BD232AEAD02F2AE8D06FF048
:101A20006900F6E73E2A2DD0562AF8D1B3F8B8213E
:101A30000AA901EBD21102F07F0211F8201CA3F8D1
:101A4000B411A3F8B621E3E7B2F5C37F13D00ED8E3
:101A5000B92A01D0C62AE2D1B3F8B8210AA901EB0C
:101A60001221D2B211F8241CA3F8B411E9E740F214
:101A700093118A42D3D14FF48472A3F8B421B3F8FE
:101A8000B821DEE73822A3F8B221B1E740150208F9
:101A900014290208414447480004405010B5B0F8EA
:101AA000B231B0F8B611B0F8B041024603F001000F
:101AB0005B0818B1B2F8B40143409BB2994214BF1D
:101AC00081EA030008468442F0D3A2F8B23110BD87
:101AD000D0F8C0312DE9F34104460E46002B66D004
:101AE000FFF7DCFFB4F8B031471EBAB23FB2B7EB34
:101AF000530FA8BFD21A03F0010594F8AF31A8BF65
:101B000017B20135002B56D0AD004FF480584FF07E
:101B10009841D4F86001EFF725F94FF07451EFF7D1
:101B200021F9EFF721FBD4F8C42194F8AA316D0212
:101B300008FB07559A42A0EB050004D29B1ADB076D
:101B400058BF00F5807006EB460700BA7F000423FB
:101B500001900DEB030207F28A31204600F01CF9D8
:101B600030BB6EB394F8AA31B3422BD8D4F8BC5131
:101B7000312D29D8ADB200238DF800306A460223FA
:101B800007F5627120468DF8015000F005F978B92B
:101B9000D4F8BC315B1BC4F8BC31D4F8C031013B74
:101BA000C4F8C031D4F8C4310133C4F8C4310020C2
:101BB00002B0BDE8F0811A235D434FF4D048A6E798
:101BC0007325D8E77225D6E73225D4E7014801F01E
:101BD000FFBA00BF5878002030B5044685B0D0F871
:101BE00068010D460121FDF782FC0023CDE9003399
:101BF0000DF10F02D4F86801AD00012384218DF8A6
:101C00000F50FDF7F4FBD4F86831054618680368F7
:101C10000121DB699847284605B030BD0121FFF757
:101C2000DBBF7FB504460D461646D0F8680101219A
:101C3000FDF75DFC46B10023CDE900331A46D4F828
:101C400068011946FDF7D3FB0123CDE9003303AA50
:101C5000D4F868018DF80C508021FDF7C8FB04B062
:101C600070BD90F84D110122FFF7DBBF0122FFF795
:101C7000D8BF1FB50B0C8DF80C300B0A8DF80D304A
:101C80000123CDE900338DF80E10032303AA83212D
:101C9000D0F86801FDF7ABFB05B05DF804FB1FB59C
:101CA0000B0C8DF80C300B0A8DF80D30002201233F
:101CB000CDE900328DF80E10032303AA8221D0F85B
:101CC0006801FDF794FB05B05DF804FB2DE9F043D6
:101CD00085B090F86C919DF8308006460D981C46B2
:101CE00017460D46EEF7E6FF1E49EFF7EFF8EFF760
:101CF0003BFAFF2D08BF0225FF2F04BF09F10D0994
:101D00005FFA89F7FF2C08BF0A248DF80A400124E6
:101D1000CDE90044030CB8F1FF0F8DF80C304FEA09
:101D2000102308BF4FF000088DF80D308DF80E001D
:101D30000723D6F868018DF8085002AA88218DF88B
:101D400009708DF80B80FDF752FB40B9CDE90044D6
:101D500003460246C521D6F86801FDF748FB05B0E9
:101D6000BDE8F08300007A411FB58DF80D309DF875
:101D700018308DF80F300123CDE900338DF80C10A9
:101D80008DF80E20042303AA9521D0F86801FDF7F1
:101D90002EFB05B05DF804FB08B5D0F86801FDF72F
:101DA000ECF9002008BD10B5044610461A4603465B
:101DB000D4F86801FDF758F9D4F86801BDE810407F
:101DC000FDF73DBB10B586B00E248DF8153001230C
:101DD000CDE9013300920B46022205A9D0F8680133
:101DE0008DF81440FDF7E9FA06B010BD10B586B0C5
:101DF0001E248DF815300123CDE9013300920B46E6
:101E0000022205A9D0F868018DF81440FDF794FA74
:101E100006B010BD1FB55BBAADF80C30BDF8183078
:101E20005BBAADF80E300123CDE9003349BA08237F
:101E300052BAADF80810ADF80A2019460DEB0302AE
:101E4000D0F86801FDF7D3FA05B05DF804FB1FB5C3
:101E50000123CDE9003349BA0223ADF80C1003AADF
:101E60001946D0F86801FDF7C2FA05B05DF804FB29
:101E70001FB50123CDE9003309BA0391042303AA56
:101E80008621D0F86801FDF7B2FA05B05DF804FBD1
:101E900007B50123CDE900330A4602239821D0F883
:101EA0006801FDF7A4FA03B05DF804FB1FB5FF233A
:101EB0008DF80F300123CDE900330DF10F02112110
:101EC000D0F86801FDF751FA9DF80F0005B05DF8F4
:101ED00004FB30B5012385B0CDE9003304460D463F
:101EE0008DF80C108DF80D20D0F86801022303AA9C
:101EF0008E21FDF77CFA08B984F8985105B030BD01
:101F00002DE9F0431E4685B090F878319DF83040B9
:101F1000054688461746A3B190F86C014FF00109B9
:101F200009FA00F0EEF7C6FED5F87411EEF7CEFF11
:101F30004FF08341EFF7C8F80028044618BF4C461D
:101F4000E4B2012385F86E41CDE9003303AAD5F848
:101F500068018DF80C8004238B218DF80D708DF8AD
:101F60000E608DF80F40FDF742FA05B0BDE8F08332
:101F700030B585B00D0C089C8DF80C30230C8DF815
:101F80000D300123CDE9003308238DF808508DF87A
:101F90000A100D0A8DF80B2064BA0DEB03028B2199
:101FA000D0F868018DF80950ADF80E40FDF71FFA22
:101FB00005B030BD1FB50B0C8DF80C300B0A8DF839
:101FC0000D300123CDE900338DF80E108DF80F2070
:101FD000042303AA8B21D0F86801FDF708FA05B0A5
:101FE0005DF804FB2DE9FF419DF82C800C4641462D
:101FF000064617461D46FEF7C8FFB0B99DF82830C3
:102000008DF80A300123CDE9003364BAD6F86801AF
:10201000ADF80840062302AA8C218DF80B508DF8EC
:102020000C708DF80D80FDF7E2F904B0BDE8F08189
:102030007FB58DF813309DF828308DF80E208DF87F
:1020400014309DF820208DF80F200123CDE90033B6
:102050009DF824208DF810209DF82C208DF811205B
:1020600049BA9DF83020ADF80C108DF812200923E4
:1020700003AA8C21D0F86801FDF7B9F907B05DF823
:1020800004FB30B585B00546BDF820008DF808107A
:102090008DF80A20110A8DF80C301A0A030A8DF8FF
:1020A0000D300123CDE900338DF809108DF80B2098
:1020B0008DF80E0002AAD5F868018C21FDF797F97A
:1020C000044638B9D5F8680106230DF10902F0215C
:1020D000FDF753F8204605B030BD1FB50123CDE90B
:1020E00000338DF80C108DF80D20022303AA8F21E8
:1020F000D0F86801FDF77BF905B05DF804FB1FB56A
:102100000123CDE900338DF80C1003AA9621D0F8F5
:102110006801FDF76CF905B05DF804FB1FB50F4BC6
:102120001A889B788DF80E300123CDE90033ADF885
:102130000C20032303AA1421D0F86801FDF715F938
:102140009DF80D309DF80C209DF80E001B0243EA0F
:102150000243184305B05DF804FB00BF54150208A4
:102160001FB50023ADF80C300123CDE9003303AADD
:1021700002231721D0F86801FDF7F7F8BDF80C002D
:1021800040BA80B205B05DF804FB1FB50023ADF87E
:102190000C300123CDE9003303AA02230721D0F834
:1021A0006801FDF724F905B05DF804FBD0F868314B
:1021B0002DE9F0411D682A6804465769926D0E4664
:1021C0002846596A9047D4F868311B680146324660
:1021D0002846BC465B69BDE8F0416047D0F86831ED
:1021E00070B51C68596A226820469569926D9047BF
:1021F0002B4601462046BDE8704018470368D3F8D7
:10220000DC3018470368D3F8E030184773B505464B
:102210000E46FFF74BFE0128044656D100213046FA
:10222000EEF752FF00283BD029493046EEF742FF37
:10223000002835D04FF07C513046EEF793FD25490C
:10224000EEF788FCEEF790FFC3B2142B21D8022BD7
:1022500026D9033B112B23D8DFE803F02F220922D4
:102260000A222229222222222B222222222D082463
:1022700095F86E3185F85C41C5F87461009395F866
:102280006D3195F86C1122462846FFF739FE02B0F1
:1022900070BD7D2B13D006D81F2B12D03E2B12D031
:1022A0006FF00700F3E7FA2BFAD10624E0E70924E0
:1022B000DEE70224DCE70A24DAE70024D8E7052475
:1022C000D6E70324D4E70424D2E76FF01300DEE757
:1022D0000000FF430AD7233C37B504460D46FFF7FD
:1022E000E5FD012811D16B1F072B11D894F86E3131
:1022F00084F86C51009394F86D3194F85C21294670
:102300002046FFF7FDFD03B030BD6FF01300FAE784
:102310006FF00800F7E773B505460C461646FFF761
:10232000C5FD01281ED1231FDBB2042B1DD8BEB171
:10233000062C11D8042C08BF002495F86E3185F8BE
:102340006D41009395F85C2195F86C112346284661
:10235000FFF7D6FD02B070BD082C06D10724ECE7CC
:102360001C46EAE76FF01300F4E76FF00900F1E7AD
:1023700073B506460D461446FFF798FD012814D1A3
:1023800025F00F0343EA141304F00F0444EA051187
:102390008DF804308DF80510022301AA4FF4E8618E
:1023A0003046FFF7F9FC02B070BD6FF01300FAE79A
:1023B00037B50C46054600212046EEF785FEB0B144
:1023C0000C492046EEF776FE88B10B492046EEF721
:1023D0007DFDEEF7C9FE01238DF807000DF1070220
:1023E00040F6E7012846FFF7D7FC03B030BD6FF099
:1023F0001000FAE700000C4300002040F0B587B061
:1024000005460C46FFF752FD012811D195F8A03181
:10241000A1B2A5F87211019395F87031009395F867
:102420009C3195F86F212846FFF7DCFD07B0F0BD21
:1024300078BB95F88801A1B281420A46A8BF02463E
:102440001F2AA5F88C111CDC172A1CDC0F2A1CDCA7
:10245000003A18BF0122920095F88A4195F8873119
:1024600095F8897185F884218CB995F89C6102975B
:10247000CDE903460024CDE900042846FFF7D8FD46
:10248000D4E70722E8E70622E6E70522E4E7FF268D
:10249000EDE74FF0FF30C9E737B504460D46FFF7CB
:1024A00005FD68BB00212846EEF7FAFD60B9164924
:1024B0002846EEF709FE20B114492846EEF7FAFD4A
:1024C00018B96FF0650019E00F4D11492846EEF775
:1024D00049FC4FF09841EEF745FC0E49EEF7F6FC4B
:1024E000EEF742FEC4F88001009094F8853194F82C
:1024F0008621D4F87C112046FFF73AFD03B030BDA9
:102500006FF01300FAE700BF9A99193F00004843A3
:1025100000007A440024F44B37B504460D46FFF71B
:10252000C5FC002839D0032805D0022810D06FF050
:10253000130003B030BD25492846EEF7C5FD20B194
:1025400023492846EEF7B6FD38BB6FF06400F0E78C
:1025500020492846EEF7B8FD0028F6D01E49284647
:10256000EEF7A8FD0028F0D01C492846EEF7FAFB4C
:1025700001461B48EEF7AAFCEEF7F6FD16220146CF
:10258000C4F87C012046FFF715FD0028D1D1204674
:1025900003B0BDE83040FEF71ABD10492846EEF7FB
:1025A000E1FB01460E48EEF791FCEEF7DDFDD4F8B5
:1025B0008031C4F87C010093014694F8853194F889
:1025C00086212046FFF7D4FCDFE700BF23DBF93E7E
:1025D000355EFA3ECDCCCC3D9A99193F00007A4445
:1025E0000024744EF0B589B003AC84E80E00036893
:1025F0009DF83860D3F8CC30049F0DF11F010546DB
:1026000098470446002851D1032E9DF81F3002D070
:102610009E420FD13346E3B92B6803991B6C2846C1
:1026200098470446002841D12B6839465B6C284600
:1026300098470CE02B6828461B69984738B92B68E7
:102640003146D3F8C830284698470028E2D00446DF
:102650002CE0012B17D12B689DF80C10D3F8E83033
:1026600028469847044608BB2B683946D3F8E4301F
:10267000284698470446C8B902469DF814102846D3
:10268000FFF749FEE3E7022B10D14FF4807300936C
:102690009DF80D209DF80C1003232846FEF752F8F4
:1026A0000028D4D19DF80E3085F8AF31204609B00E
:1026B000F0BD000030B585B004AC04E90E009DF813
:1026C0002030029C032B07D1036808A9D3F8CC3033
:1026D000984718B105B030BD4FF0FF309DF820305D
:1026E000CBB9019D1F492846EEF7EEFC68B31E49A1
:1026F0002846EEF7DFFC40B31A492046EEF7E4FC2B
:1027000030B31A492046EEF7D5FC002814BF00204C
:102710006FF06500DEE7012BDCD19DF80430053B4E
:10272000072B18D800212046EEF7CEFCB0B1104997
:102730002046EEF7BFFC88B19DF80C30043B042B1B
:1027400094BF00206FF00900C4E76FF06400C1E798
:102750006FF06500BEE76FF00800BBE76FF00700A1
:10276000B8E700BF9A99193F00009643000048431C
:102770000000FF43F0B51D4C8BB01D466B468C46E8
:10278000164604F1280E1F46206861681A4603C2E7
:10279000083474451346F7D115496046EEF7E2FA5E
:1027A000EEF7E2FC6C1E80B23A4600239C420DD844
:1027B000EEF784FA0E4905461098EEF7D3FA014673
:1027C0002846EEF777FC68B1335D04E032F8021B6F
:1027D000814205D9F35C119A002013700BB0F0BD53
:1027E0000133E3E76FF06700F8E700BF5815020810
:1027F00000002041F0B589B004460F46FFF756FBB4
:1028000048BB164B02AD03F1100C2A4618685968F4
:102810002E4603C6083363453546F7D118681B7941
:10282000337104F28513306001930D4B00933946E8
:1028300015232046FFF79EFF58B9D4F88031009346
:1028400094F8853194F88621D4F87C112046FFF75E
:102850008FFB09B0F0BD6FF01300FAE76E29020894
:102860000080E94337B500290CBF94239623154611
:1028700080F89A118DF803300DF10302012340F620
:10288000AC010446FFF788FA70B96DB1074B1A889E
:102890009B78ADF804208DF8063001AA032340F29E
:1028A0009F212046FFF778FA03B030BD8429020843
:1028B00037B505460C46FFF7F9FA08B103281CD1D5
:1028C000042C1DD8DFE804F00403131517000824B6
:1028D000D5F8803185F88641009395F88531D5F893
:1028E0007C1122462846FFF743FB03B030BD092484
:1028F000EEE70A24ECE70B24EAE76FF01300F4E7B5
:102900006FF06900F1E7F0B587B005460E46144652
:10291000FFF7CCFA00283CD1082C50D8E4B223466B
:1029200032464FF4D8612846FFF736FA38BBB5F87F
:102930008C11E400E4B2A1420A46A8BF22461F2A35
:1029400085F888411DDC172A1DDC0F2A1DDC003AA2
:1029500018BF0122920095F88A0195F8873195F801
:10296000897185F8842190B995F89C610297CDE929
:1029700003060020CDE900402846FFF759FB07B0C9
:10298000F0BD0722E7E70622E5E70522E3E7FF2699
:10299000ECE7012809D1012C11D8317844222846CE
:1029A00007B0BDE8F040FFF7E3BC032804D1042CD6
:1029B00005D13368C5F8AB316FF01300DFE76FF076
:1029C0006800DCE72DE9F04188B004469DF83880C6
:1029D0000D4617461E46FFF769FA00284AD1012D19
:1029E00008D0022D3DD0002D40D06FF42F7008B0DC
:1029F000BDE8F0814FEA88085FFA88F594F88A31DB
:102A0000B4F88C1194F8842194F888C194F889E181
:102A100084F8875163BB94F89C01CDF808E0CDE9B8
:102A200003300023CDE900C320462B46FFF700FB0F
:102A30000028DCD17FBA022307AA40F2BC612046FD
:102A4000ADF81C70FFF7A8F90028D0D176BA0223A0
:102A500007AA40F2BE612046ADF81C60FFF79CF962
:102A6000C5E7B8F1000F18BF0625C7E70125C5E780
:102A7000FF20D2E7012812D12A1E94F8A03118BFF6
:102A8000012284F86F21019394F87031009394F837
:102A90009C31B4F872112046FFF7A4FAA7E74FF073
:102AA000FF30A4E7F0B589B004460E461546FFF79F
:102AB000FDF9002851D1DEB994F88A0184F88961C2
:102AC000B4F88C1194F8842194F8873194F88861D3
:102AD00060B994F89C51CDE9030500200290CDE93E
:102AE00000602046FFF7A4FA09B0F0BDFF25F2E729
:102AF000012384F8893107AA4FF4D7612046FFF7F4
:102B000052F90028F0D19DF81C308DF81D50C5F306
:102B1000002223F0010313438DF81C3007AA02237F
:102B20004FF4D7612046FFF737F90028DCD194F83D
:102B30008A01B4F88C1194F8842194F8873194F8C0
:102B4000886194F8897130B994F89C510297CDE965
:102B500003050020C3E7FF25F8E76FF01300C3E784
:102B60000021FFF7CCBA0121FFF7C9BA003940F2C2
:102B7000FF1218BF0121FFF795BFD0F86801FCF7DD
:102B800091BC37B504460D46FFF790F9012810D1E6
:102B900084F8A051019594F87031009394F89C3119
:102BA00094F86F21B4F872112046FFF71BFA03B0B6
:102BB00030BD6FF01300FAE7F0B5036885B01B690C
:102BC00006460D46174698473046FFF7C9FA830672
:102BD00002D53046FFF7D9FA494925F00040EEF713
:102BE00069FA044630B10121304605B0BDE8F04035
:102BF000FDF7CBBD43492846EDF7AAFF404920F039
:102C00000040EEF757FA002869D13F492846EDF712
:102C10009FFF3B4920F00040EEF74CFA002860D1BE
:102C20003A492846EDF794FF354920F00040EEF789
:102C300041FA002857D136492846EDF789FF304937
:102C400020F00040EEF736FA00284ED131492846F0
:102C5000EDF77EFF2A4920F00040EEF72BFA00281E
:102C600045D12D492846EDF773FF254920F0004056
:102C7000EEF720FA00283CD128492846EDF768FFF6
:102C80001F4920F00040EEF715FAA0BB2449284662
:102C9000EDF75EFF1A4920F00040EEF70BFA60B343
:102CA000072338468DF80C30EEF704F81D49EEF78F
:102CB0000DF9EEF759FA030C8DF80D300123C6F823
:102CC0009471CDE9003340BAADF80E000423D6F874
:102CD000680103AA9721FCF78AFB05B0F0BD2346E3
:102CE000DFE70123DDE70223DBE70323D9E7042342
:102CF000D7E70523D5E70623D3E70B48EDE700BF69
:102D00006F12833ACDCCCC3F9A99D93F6666E63FA5
:102D1000CDCC0C409A991940CDCC2C4000004040BD
:102D20003333534000007A4141FDFFFF1FB50123BB
:102D300080F89911CDE900338DF80F100DF10F02D5
:102D40009D21D0F86801FCF752FB05B05DF804FB4B
:102D50002DE9FF411F4600230D4616468DF80F3022
:102D60000DF10F02012340F6E7010446FFF71BF8BF
:102D7000C8B94FF001089DF82820CDF800803B46E7
:102D800031462046FEF7F0FF68B90422E9B220463A
:102D9000FFF79FF838B943460DF10F0240F6E701FF
:102DA0002046FEF7F9FF04B0BDE8F08170B586B0AB
:102DB00004460E461546FFF779F8C0B9CDE903651C
:102DC00094F88931CDE9010394F88831009394F89F
:102DD000873194F88421B4F88C112046FFF728F944
:102DE00018B984F88A61C4F89C5106B070BD6FF0C0
:102DF0001300FAE70A460121FFF7D8BF10B50446D1
:102E00000846C4F860114FF09841EDF7ABFF4FF062
:102E10007451EDF7A7FFEEF7A7F901462046BDE88C
:102E20001040FFF725B8F0B5037B85B005460C468A
:102E300073B90126CDE900663346D5F868018DF8EF
:102E4000084002AA8A21FCF7D2FA40B105B0F0BDD1
:102E500000221146FFF741F90028EAD0F6E795F87D
:102E60004D31CDE90066002B0CBF202330238DF8B7
:102E70000830D5F86801334602AA9321FCF7B7FA67
:102E80000028E3D103228DF8082095F86C21ADF8D5
:102E90000C00CDE900660D328DF809200A22ADF84C
:102EA0000A208DF80E000723D5F8680102AA8821B0
:102EB000FCF79DFA07460028C8D12B6844F2FF3181
:102EC000D3F8EC3028469847009704463B463A46EC
:102ED00039462846FEF79EFF204300B20028B5D1B0
:102EE000CDE900607F238DF80830D5F868013346BE
:102EF00002AA8921FCF77BFA0028A7D1D5F868310E
:102F0000186803680521DB699847D5F868311868A7
:102F1000D96A02681269904720B9D5F86801FCF7B0
:102F20008EFA93E7D5F86831186803685B6D9847A7
:102F3000EBE76FF0180070476FF0180070476FF004
:102F400018007047036800215B6918476FF018008C
:102F500070476FF0180070476FF0180070476FF0FF
:102F6000180070476FF0180070476FF01800704736
:102F70006FF01800704784B004A800E90E006FF0ED
:102F8000180004B0704700207047000000487047E8
:102F90000000C8C182B08DE80C00002002B070476C
:102FA000002070476FF0180070476FF018007047EE
:102FB000002070477047704770476FF018007047E7
:102FC00030B585B00025CDE902558DF8083003688D
:102FD000CDE90012D3F8D0306A4603210446984761
:102FE00020B923682046D3F8D430984705B030BDC7
:102FF0001FB50293069B03930368CDE90012D3F833
:10300000D0306A4602210446984720B923682046FA
:10301000D3F8D430984704B010BD000070B5104B01
:103020000360044601260025067328220021103083
:103030000DF055FAA5634FF48072294604F13C0067
:103040000DF04DFA4FF07E5384F84451C4E94F55CA
:10305000C4F8485184F84C516360A660204670BDA6
:1030600090290208002330B51A460125103005FAD0
:1030700003F40C4204D050F823401F2C18BF224305
:103080000133202BF3D1104630BDF7B506460C4670
:10309000A9B101AF002533683046D3F8A430984772
:1030A0000135EDB2042D07F8010BF4D1019B1BBAD9
:1030B000002BB8BF5B4293FBF4F204FB12342046B2
:1030C00003B0F0BD38B590F84C3104469BB9D0F848
:1030D0003C2141EA4201D0F84821C0F83C1111409E
:1030E000D0F84021914205D1012280F84C2180F88E
:1030F0003930438738BD90F83A2094F8393002448B
:10310000012592F83C009D40B9B12843C0B2591C3A
:10311000C9B2082982F83C0084F83910EAD100F0DD
:10312000D9F894F83A30E218013382F83C0084F878
:103130003A30002384F83930DCE720EA0500E6E77E
:10314000082202700022C0E90122C2600282704798
:103150002DE9F843002684684FEAC20805460F4669
:103160003246B04510D1EB6884EA03006B7C13B1A2
:10317000297800F0AFF82A784FF0FF33C2F120022F
:10318000D3401840BDE8F88373070CD12B7CB85CA2
:1031900002F1010913B1082100F09CF82B78083BDB
:1031A000984044404A462B78013B24FA03F313F03D
:1031B000010F18BF6B684FEA440418BF5C4001362A
:1031C000CFE700000148FFF7BBBF00BF5C780020DD
:1031D00000220270427070470023037041707047F4
:1031E0002DE9F74F019200296CD0002B6AD0002204
:1031F00096461546019CA54212D1690708D0417830
:10320000032904BF110C03F8011B110A19705A702D
:103210000C9B0BB1C3F800E0002003B0BDE8F08FB9
:10322000EC0890F8018011F804C0284C284EEF43B8
:1032300007F00707B8F1020F4CFA07FC08BFA246D7
:103240000CF0010C047818BFB246CCF101064FEA2D
:10325000940B6FEA04094FEA860609F00309F6B2F7
:1032600006EBC9065AF82B904FF0020A29FA06F627
:103270001AFB04C40CBF4FF010094FF04009B4FB17
:10328000F9FC09FB1C4406F00F06047007FB08F765
:1032900005F00704BE40072C42EA06020CD1B8F143
:1032A000030F04BF140C03F8014B1C46160A04F864
:1032B000026B5A7023460022447874441FFA84FE3D
:1032C000013597E74FF0FF30A7E700BF6C2A0208EF
:1032D0007C2A02080023F0B50446012518464E1E3C
:1032E000DAB2914200D8F0BD05FA03F22240DA408A
:1032F000F71ABA4010430133F2E77047704770473E
:10330000084670477047000010B5C0E90223029BD1
:103310000361039B4361049B83610023C361044BEE
:10332000044C1A68C0E9004102B9186010BD00BF22
:1033300070780020C42A02081020704710B5064B90
:103340000446B02140F80C3B00F0CFFA204600F0D4
:1033500085F8204610BD00BF2C2B020810B504468E
:10336000FFF7ECFF2046BC21F2F715FB204610BD0D
:10337000102AF8B54AD100F10C0301F1100251F8FE
:10338000044B43F8044B9142F9D100F1180400F1C9
:10339000B80601250423042B04F1040722D12A4690
:1033A0002146384600F084FA237914F80C2CE17990
:1033B0005340237114F80B2C63795340637114F854
:1033C0000A2CA3795340A37114F8093C01355940E4
:1033D000EDB200230133B742E171DBB23C46DAD1F2
:1033E0000120F8BD14F80C1C22784A40227114F810
:1033F0000B1C62784A40627114F80A1CA2784A4099
:10340000A271E17814F8092C5140E3E70020E8E7C5
:1034100010B5044600F014F8044B23600A2323710E
:1034200004F10C03A360204610BD00BF2C2B020842
:1034300010207047017980680131090100F055BA08
:1034400010B5044600F04AFA034B236000232371B1
:10345000A360204610BD00BF542B020810B5034BDB
:103460000360044600F040FA204610BD542B0208C9
:10347000184B0A789A5C02704A799A5C42708A7A90
:103480009A5C8270CA7B9A5CC2700A799A5C0271FB
:103490004A7A9A5C42718A7B9A5C8271CA789A5C99
:1034A000C2710A7A9A5C02724A7B9A5C42728A788A
:1034B0009A5C8272CA799A5CC2720A7B9A5C0273C5
:1034C0004A789A5C42738A799A5C8273CA7A9B5C66
:1034D000C3737047872C0208184B0A789A5C0270F5
:1034E0004A7B9A5C42708A7A9A5C8270CA799A5C4A
:1034F000C2700A799A5C02714A789A5C42718A7B3E
:103500009A5C8271CA7A9A5CC2710A7A9A5C027277
:103510004A799A5C42728A789A5C8272CA7B9A5C17
:10352000C2720A7B9A5C02734A7A9A5C42738A7905
:103530009A5C8273CA789B5CC3737047872B0208BE
:10354000F0B50E7891F801C08D78CF78F40904EBCE
:1035500044044FEADC1104EBC40401EB410184EAAA
:1035600046048CEA050E01EBC101E4B287EA0E0EB7
:1035700081EA4C01C9B2EB0984EA0E0E81EA0E0E13
:10358000FA0903EB430303EBC30302EB420280F8A7
:1035900000E086EA050E83EA450387EA0E0E86EA16
:1035A0000C0602EBC202DBB282EA470281EA0E019C
:1035B00077407540D2B259406C407B4053406240E6
:1035C00041708370C270F0BD2DE9F041846888B00D
:1035D000531E0D46671E0F326E4613F8011F17F873
:1035E00001CF934281EA0C0106F8011BF5D107795E
:1035F00010343E46A046012E1BD87B1E002FDBB2A6
:103600004FEA031308BF00231C44694604A8FFF7D0
:103610002FFF013D631E0F3413F8011F10F8012B1B
:10362000A34282EA010205F8012FF5D108B0BDE8F6
:10363000F08104A86946FFF71BFF01466846FFF7C3
:103640007FFF05A901A8FFF77BFF06A902A8FFF7E6
:1036500077FF03A807A9FFF773FF08F1FF336A4656
:1036600008F10F00117813F801CF81EA0C018342B1
:1036700002F8011BF6D1013E08F11008F6B2BAE7D4
:103680002DE9F04F91F800B04E78CF788D784FEA61
:10369000DB1303EB430303EBC30387B083EA4B0362
:1036A000DBB20193F309FA0903EB430303EBC30312
:1036B00002EB420283EA460302EBC20282EA4702BD
:1036C000DBB20293B409D3B2484A03934FEA971C82
:1036D000145D12F80CC084EA8604E3B28CEA870C0D
:1036E00004935FFA8CF34FEA5B1CAC0912F80CA050
:1036F00005934FEA561C4FEA9B1912F80C80145D93
:1037000012F80990019B4FEA551C84EA850412F8CF
:103710000CE04FEA571CE4B212F80CC086EA05022E
:103720007A405A40029B88EAC6085A405FFA88F8F5
:103730008AEACB0A8EEAC50E62405FFA8EFE5FFA15
:103740008AFA8CEAC70C89EA8B0988EA02025FFAD6
:103750008CFC8AEA09098EEA0202E9095FFA89F912
:103760008CEA020289EA020201EB4101027001EBDC
:10377000C1018BEA05027A4081EA4501C9B2534092
:10378000049A4B405340059A53408AEA030388EA5F
:1037900003038EEA03038CEA03038BEA06064370F5
:1037A0007740039B039A79405940019B75406B40D9
:1037B0005340049A5340059A4C40534088EA04040D
:1037C0008AEA030A8EEA040488EA0A088CEA0404F6
:1037D0008EEA080E89EA04098CEA0E0C80F8029041
:1037E00080F803C007B0BDE8F08F00BF7F2B020850
:1037F0002DE9F0438468077989B00D4604EB07147E
:103800006946531E661E0F32894613F8010F16F8DB
:1038100001CF934280EA0C0001F8010BF5D1494633
:1038200004A8FFF759FE3E46A046012EA8F1100855
:1038300019D87B1E6FF00F02DBB2002F02FB03F3DF
:1038400008BF00231C44A21804AB013D12F8010B71
:1038500013F8011BA24281EA000105F8011FF5D10E
:1038600009B0BDE8F08304AA434608F110001178BE
:1038700013F801CB81EA0C01834202F8011BF6D157
:1038800004A94846FFF7FCFE05A901A8FFF7F8FECA
:1038900006A902A8FFF7F4FE07A903A8FFF7F0FEA8
:1038A000013E494604A8FFF717FEF6B2BDE7000047
:1038B00030B5084B4C78084D1C5DAA5C5440047030
:1038C0008A789A5C4270CA789A5C82700A789B5CAB
:1038D000C37030BD872C0208742B0208014B0360B3
:1038E000704700BF902D02087047014400238842B2
:1038F00000D1704700F8013BF9E730B502440023DE
:10390000904204D1C3F58070C0F3002030BD10F8A0
:10391000014B11F8015B6C402343F1E72DE9F041C5
:103920009CB0164F164B4FF009080546082603A811
:10393000CDF8008010220C4601F05EF93B4642466D
:1039400013A903A8009601F057F9334603AA2146AC
:10395000204601F0E7F833463A462146284601F072
:103960004DF933463A462946284601F047F9642185
:1039700003A8FFF7BAFF1CB0BDE8F081D42D020800
:10398000B02D020838B514460546402320460A46A5
:10399000102101F0AEF80023236421462846BDE83B
:1039A0003840FFF7BBBF2021FFF79FBF2DE9F04153
:1039B0000D46A0B000F12008044605F1200602469D
:1039C0004146684601F044FA2A46314610A801F003
:1039D0003FFA10AA6946684601F0D6F922464146E8
:1039E00008A801F01EFA2A46314610A801F019FA7B
:1039F00008A904F1600610AA084601F0C5F905F10E
:103A00006002314610A801F0BFF910A904F1400787
:103A10000846224A01F0C8F905F14002394618A8C3
:103A200001F0B2F918AA1146104601F0FAF96A46F7
:103A300008A9304601F00CFA10AA18A9384601F07E
:103A400007FA18A910AA084601F0EBF908A96A4676
:103A5000084601F0E6F93A463146204601F094F96D
:103A600008AA18A9404601F08FF918AA3946384625
:103A700001F08AF908AA3146304601F085F9684616
:103A8000FFF791FF08A8FFF78EFF10A8FFF78BFF45
:103A900018A8FFF788FF20B0BDE8F081742E020857
:103AA0002DE9F041064690B001F140080D4642462E
:103AB000014606F14007684601F066F93A46294694
:103AC00008A801F061F920220DEB02016846FFF71A
:103AD00014FF424606F120010446684601F054F9FD
:103AE0003A4605F1200108A801F04EF920220DEB1D
:103AF00002016846FFF701FF04406846FFF753FFE5
:103B000008A8FFF750FFE4B2204610B0BDE8F081EE
:103B10002DE9F041044600F120060A46202388B032
:103B20000821304600F0E5FFE36B334DDF0F04F171
:103B3000400823F00043E363424605F1200C2B4686
:103B400003CB6345106051601D4602F10802F6D1B7
:103B500004F1600532463146284601F015F9424627
:103B60002946204601F074F9244A2946284601F0E6
:103B70001BF942462946284601F053F92946684672
:103B800001F0EBF96A462146284601F0FDF8684647
:103B9000FFF709FF236E2A4604F17C0152F8040F57
:103BA0008A4243EA0003F9D15BB91FB1002008B093
:103BB000BDE8F0812022394620460CF090FC01201F
:103BC000F5E72946204601F0F3F90028EED02368F6
:103BD00003F00103BB4209D02022002128460CF04B
:103BE0007EFC22462946204601F032F93246214623
:103BF000284601F0C9F8E2E7142E0208942E0208C4
:103C00008021FFF772BE00002DE9F04FC5B00546D8
:103C10000291144600218022019301260CF05FFCE2
:103C2000FF232E622E6400934FF0000A04F1200857
:103C3000029B53F82A70019B37400BB9002F7BD0B1
:103C400005F120092A46494604A801F001F9224657
:103C5000414614A801F0FCF804A9084614AA01F092
:103C600093F82A4649460CA801F0DBF82246414663
:103C700014A801F0D6F80CA9084614AA01F084F89B
:103C800005F16003194604F1600214A8039301F0E2
:103C90007BF814A908466E4A05F1400B01F084F840
:103CA00004F1400259461CA801F06EF81CAA114606
:103CB000104601F0B6F804AA0CA93CA801F0C8F817
:103CC00014AA1CA934A801F0C3F81CA9084614AA18
:103CD00001F0A7F80CA904AA084601F0A2F8019B7C
:103CE00034AA3CA9002B00F09F8024A801F04CF8D6
:103CF0000CAA1CA92CA801F047F834A908461CAA54
:103D000001F042F83CA908460CAA01F03DF824AAAB
:103D10002946384601F0CAF82CAA4946384601F02F
:103D2000C5F834AA5946384601F0C0F83CAA05F156
:103D30006001384601F0BAF82246414604A801F075
:103D400087F804AA1146104601F01EF822464146A3
:103D50000CA801F066F80CAA04F1600711461046A1
:103D600001F012F83A46394614A801F00DF814A9EA
:103D700004F140090846364A01F016F84A46494619
:103D80001CA801F001F81CAA1146104601F049F8E0
:103D900004AA0CA9384601F05BF814AA1CA94846ED
:103DA00001F056F81CA9084614AA01F03AF80CA92B
:103DB000084604AA01F035F84A463946204600F084
:103DC000E3FF0CAA1CA9404600F0DEFF1CAA4946EE
:103DD000484600F0D9FF0CAA3946384600F0D4FF17
:103DE000B6F1004F04BF0AF101035FFA83FA009BAA
:103DF00003F1FF3314BF7600012613F0FF03009395
:103E00007FF416AF24A8FFF7FBFE04A8FFF7CBFD55
:103E10000CA8FFF7C8FD14A8FFF7C5FD1CA8FFF705
:103E2000C2FD45B0BDE8F08F284600F0ADFF0CAAFA
:103E30001CA9484600F0A8FF1CAA34A9584600F067
:103E4000A3FF0CAA3CA905F1600000F09DFF73E7F9
:103E5000742E0208F0B5174D944606460F460FCD56
:103E6000A1B06C460FC495E80F00134D84E80F0015
:103E70000FCD08AC0FC495E80F00104D84E80F007B
:103E80000FCD10AC0FC495E80F000D4D84E80F0066
:103E90000FCD18AC0FC495E80F0084E80F006346FF
:103EA0006A4639463046FFF7AFFE6846FFF7A8FE80
:103EB00021B0F0BD542E0208342E0208142E020840
:103EC000F42D0208F0B5ADF5397D0D46044680A805
:103ED00016461F4600F0CEFA29466846FFF718FE40
:103EE00098B900246846FFF78BFE20A8FFF788FEEC
:103EF00040A8FFF785FE60A8FFF782FE80A800F0CB
:103F00009FFA20460DF5397DF0BD214620A8FFF728
:103F1000FFFD0028E5D080A800F076FA2146202297
:103F200080A800F009FD2022294680A800F004FDA9
:103F30003A46314680A800F0FFFC002292A980A8F2
:103F400000F039FD2023E218082178A800F0D1FD07
:103F5000002278A940A8FFF77DFF60AA92A958A87F
:103F6000FFF710FD00236A4658A960A8FFF74CFE32
:103F700060A920A8FFF71AFD20A940A8FFF790FD2F
:103F80000446AFE705494FF40052A0F88020002214
:103F9000C0E92121A0F89C20704700BF80EE3600C8
:103FA00010B540210446FFF7A0FC40216018FFF740
:103FB0009CFC204610BD00000148FFF7E3BF00BF96
:103FC000747800200148FFF7EBBF00BF7478002031
:103FD00020207047402070470E4A0F4B0F49DFF8F2
:103FE00040C0C0E902230F4BC0E904130E4BC0E9E7
:103FF00006C30E4B036203F17453A3F52303A3F628
:1040000092434362002380F8703000220023C0E90D
:104010001A23704767E6096A85AE67BB72F36E3C88
:104020007F520E513AF54FA58C68059BABD9831F83
:1040300010B5044670210830FFF757FC236820466E
:104040001B69BDE81040184710B5064B04467021A7
:1040500040F8083BFFF749FC204600F0E9FF204606
:1040600010BD00BFBC2E020810B50446FFF7ECFFE0
:1040700020467821F1F78FFC204610BD10B504468C
:1040800000F0D0FF024B23602046FFF7A5FF10BDD4
:10409000BC2E02082DE9F04F00F124058BB000F191
:1040A00064072B4653F8042F12BA9F421A60F9D1C5
:1040B00083680293C3680393036904934369059378
:1040C00083690693C3690793036A0893436A099354
:1040D000DDE908B8DDE9061CDDE904E9DDE90246B1
:1040E000594B0193019B55F804AF53F8042B0193EE
:1040F0004FEAF12383EAB113524483EA7163134414
:1041000001EA0C0A2BEA010282EA0A02134486EA57
:104110000E024344224006EA0E0882EA08024FEAF1
:10412000743888EAB40888EAB4589844AF424B44DB
:104130004244F146D84678D110250195019D0F3DA6
:1041400005F00F050A3550F825A0019D023D05F048
:104150000F050A3550F82590019D05F00F08073D21
:1041600005F00F0500EB88080A35D8F8287050F8DC
:1041700025503D442F464FEABA4585EAFA1585EAAF
:10418000DA054FEAF94A8AEA794A8AEA992A3D44E5
:1041900055444FEAF329C8F8285003EA010A89EA8E
:1041A000B3192CEA030889EA736988EA0A08C84443
:1041B000254FDDF8049057F82970B844A84408EB5F
:1041C0000B054FEA723984EA060889EAB20908EA5F
:1041D000020804EA060A89EAB25988EA0A08C844C9
:1041E000A84405EB0E09019D0135402D0195B64609
:1041F000E34621D1029D45448560039D1544049A00
:10420000C56022440261059A32444261069A4A44DA
:104210008261079A1A44089BC2610B440362099B9E
:10422000634443620BB0BDE8F08FE346B6468C466C
:1042300026461946144655E78C4626461946144626
:104240004B4642467AE700BFE42E02082DE9F843C8
:1042500015468946D100D0E91A325B1842EB5572F7
:10426000C0E91A32044600F128074FF000080DB9E2
:10427000BDE8F88394F87000C0F14006F6B2AE4293
:1042800088BFEEB24946324638440CF078FA94F8CA
:1042900070303344DBB2402B84F87030A5EB060558
:1042A000B144E4D12046FFF7F5FE84F87080DEE7E4
:1042B000F8B500F1280590F8703017468022EA54CE
:1042C00090F87020372B04460E4602F101002FD8DB
:1042D000C2F13702002128440CF001F9A36E19BA8B
:1042E000E36E1A06180A42EA136200F47F401B02CA
:1042F000024303F47F031343C4E918312046FFF758
:10430000C9FE231D04F1240153F8042F12BA8B4275
:104310001A62F9D1236820469B689847B842024642
:10432000294628BF3A463046BDE8F8400CF027BA87
:10433000C2F13F02002128440CF0D1F82046FFF7DB
:10434000A9FE382200212846C6E713B513463622B7
:10435000044600920A4600F1280100F06AFED4E902
:104360001A3213F5007342F100022046C4E91A32F2
:1043700002B0BDE81040FFF78DBE2DE9F0410646C2
:104380001D4656F8283B8AB00F46904602A99B6905
:104390002022044698475C23314600933A46434620
:1043A000204600F046FED4E91A2312F5007243F1CC
:1043B0000003C4E91A232046FFF76CFE23685E69F8
:1043C0009B68984702A902462046B0472368109A86
:1043D0009B69294620469847202102A8FFF785FAC5
:1043E0000AB0BDE8F081402070478020704710B5CA
:1043F0000446D8210830FFF778FA236820461B6965
:10440000BDE810401847000070B50C4D034600F1A0
:10441000080405F140062A4603CAB24220606160E2
:10442000154604F10804F6D1002000210022C3E95A
:104430003201C3E9340183F8D82070BD98320208F4
:1044400010B5064B0446D82140F8083BFFF74DFA5B
:10445000204600F0EDFD204610BD00BFEC2F020805
:1044600010B50446FFF7ECFF2046E021F1F793FA80
:10447000204610BD10B5044600F0D4FD034B236068
:104480002046FFF7C1FF204610BD00BFEC2F0208F9
:104490002DE9F04FA1B000F1C00300F140010493F9
:1044A0000B4653F8082F5C6812BA24BAC3E90042DD
:1044B000049A9A42F5D183680E93C3680F930369F7
:1044C00010934369119383691293C3691393036A29
:1044D0001493436A1593836A1693C36A1793036B05
:1044E0001893436B1993836B1A93C36B1B93036CE1
:1044F0001C93436C1D931D461C9E1A9B0B931B9B88
:104500000C93189B0793199B0893149B0D93159B71
:104510001E93129B0993139B0A93109B0593DDE94D
:1045200016AB119B0693DFF83C830E9BDDF83C90A5
:1045300001934FEA9A324FEA9A4747EA8B3742EAA9
:104540008B427A404FEA9B344FEA9B434FEACA576B
:1045500043EA8A3347EA5B2744EA8A44D8E900EC15
:104560005C407A404FEACB5351F8087F43EA5A2324
:104570005C404B681EEB07074CEB030C0B9B23EADC
:104580000A0E0C9BD21923EA0B07079B44EB0C0481
:10459000DDF820C00AEA03030BEA0C0C8EEA0303E1
:1045A00087EA0C07D31844EB07049B1945EB040476
:1045B000059A099DDDF828C0DDF804E082EA0507C8
:1045C000069A0A9D82EA0506019A099D1740059AF6
:1045D0001540069A06EA090602EA0C025640019ABC
:1045E0006F404FEA19754FEA127C45EA02154FEA0F
:1045F000897242EA9E024FEA8E7E4EEA990E55403B
:104600004CEA091C019A8CEA0E0C4FEA496E4EEAFC
:10461000D21E520642EAD9128CEA020212EB030CB5
:104620000D9A85EA0E0544EB05059B181E9A44EB8E
:1046300002041CEB0702029245EB06020392099A60
:104640000D920A9A1E92049A8A42DDE90B6508F1DE
:10465000080840F04C8110220492049AA2F10F0144
:1046600001F00F01093100EBC10250F83110D2F80E
:1046700004E0049A023A02F00F02093200EBC2058C
:1046800050F832200D92049AD5F804C0D61F02F0DB
:104690000F0706F00F0600EBC7070936BA6C00EBF0
:1046A000C60550F836606D68B618FA6C45EB020224
:1046B0004FEA5E051E924FEA510845EAC1720D0AA3
:1046C0001F9248EACE7845EA0E624FEA1E2588EA34
:1046D000020845EA01651F9AC90941EA4E61554041
:1046E00088EA01011E9A711885EADE1542EB05057C
:1046F0000D9A4FEADC484FEACC0646EA52764FEA7A
:10470000D24E48EA4238D20042EA5C724EEA4C3E4F
:104710008EEA020E0D9A920942EA8C628EEA020239
:1047200088EA060888EA9C188E1845EB0802C7E953
:104730001262A50BA70C47EA833745EA83457D4003
:10474000990B4FEA934CE7054CEA843C47EA532720
:1047500041EA844185EA070E81EA0C01049F414D3C
:104760004FEAC35C4CEA542C81EA0C0105EBC70C00
:1047700055F83750DCF8047049194EEB0705079FD0
:1047800027EA0308089F27EA040C03EA0A0788EAD5
:10479000070704EA0B0E8CEA0E0CC91945EB0C0551
:1047A000891942EB05060B9A029DDDF808C08A18AC
:1047B0000C994FEA1577039D41EB0601029E47EAEB
:1047C00005172D0F45EA0615039EDDF80CE0B60728
:1047D00046EA9C064FEA8C7C4CEA9E0C87EA0C0762
:1047E0007540DDF808C07646760646EADC164FEAE4
:1047F0004C6C4CEADE1C87EA0C077540DDF814C0EF
:10480000019E86EA0C08069E89EA060E029E08EAC8
:104810000608039E0EEA060E019E06EA0C06DDF867
:1048200018C088EA060609EA0C0CBE198EEA0C0CC0
:10483000099F45EB0C05DDF828C0D71941EB0C0C9E
:10484000921941EB0501049D01350495059D0995DB
:10485000069D0A95079D0B95089D0C95049D502D6E
:1048600059D101E0183002080E9DAA180F9D45EBA2
:104870000101C0E902210299109A039D5218119971
:1048800041EB0501C0E904210199129A069D5218D5
:10489000139941EB0901C0E906210599149A5218B0
:1048A000159941EB0501C0E90821169AD719179A05
:1048B00042EB0C01189AD318199A42EB0404C0E990
:1048C0000C341A9B1B9A13EB0A0342EB0B02C0E950
:1048D0000A71C0E90E32079A1C9B08999B181D9A11
:1048E00042EB0102C0E9103221B0BDE8F08F079A17
:1048F0000B92089A0C92CDE907AB9A46059B099357
:10490000069B0A93019BCDE90539029BDDF80C90CB
:104910000193A3460DE6019DCDE90559029DDDF801
:104920000C900195CDE907ABCDE902219A46A3464B
:104930003B46644691E600BF2DE9F8430446D0E9C2
:1049400032601546EB009B194FEA5272424189468C
:104950004FF0000128BF0121C4E9323231B1D4E95E
:104960003432013342F10002C4E9343204F1480721
:104970004FF000080DB9BDE8F88394F8D800C0F1F5
:104980008006F6B2AE4288BFEEB24946324638449F
:104990000BF0F5FE94F8D8303344DBB2802B84F86A
:1049A000D830A5EB0605B144E4D12046FFF770FDF1
:1049B00084F8D880DEE7F8B500F1480590F8D830E3
:1049C00017468022EA5490F8D8206F2B04460E46F2
:1049D00002F1010032D8C2F16F02002128440BF02D
:1049E0007EFDD4F8D030D4F8D4201BBA12BAC4E972
:1049F0002E23D4F8C830D4F8CC201BBA12BAC4E99C
:104A000030232046FFF744FD234604F1400053F8CD
:104A1000082F596812BA09BA9842C3E91012F6D1A0
:104A2000236820469B689847B8420246294628BF1B
:104A30003A463046BDE8F8400BF0A1BEC2F17F0215
:104A4000002128440BF04BFD2046FFF721FD70228A
:104A500000212846C3E713B51346362204460092C8
:104A60000A4600F1480100F0E4FAD4E9323213F5C5
:104A7000806342F100022046C4E9323202B0BDE850
:104A80001040FFF705BD2DE9F04106461D4656F8DA
:104A9000483B92B00F46904602A99B6940220446CB
:104AA00098475C23314600933A464346204600F03F
:104AB000C0FAD4E9322312F5806243F10003C4E95D
:104AC00032232046FFF7E4FC23685E699B68984721
:104AD00002A902462046B0472368189A9B692946D6
:104AE00020469847402102A8FEF7FFFE12B0BDE81D
:104AF000F081F8B50F46B3EB870F054611461C460B
:104B00004FEA870609D21A460BF039FE321B2819E4
:104B10000021BDE8F8400BF0E2BC3246BDE8F840A9
:104B20000BF02DBEF0B5002507462C46AB4204F035
:104B3000010000D1F0BD51F82540261A52F8250099
:104B400064EB0404361A47F8256064F1000401356B
:104B5000ECE72DE9F04700241D68A446264696425E
:104B60000BD140F8224000EB820901264FF0000AE9
:104B7000089CA6420CD3BDE8F08751F82670E7FBED
:104B8000054C40F82640644601364FF0000CE6E73D
:104B9000002453F8267000EB860EA446944503D1FA
:104BA00049F826400136E3E7DEF8005051F82C8042
:104BB0002D194AF10004E8FB07544EF8045B0CF190
:104BC000010CEBE7F8B50446FFF7ACFF1D460023E8
:104BD00016464042043C1A4605B9F8BD56F8041B77
:104BE00054F8047F0140C91942EB0207C91821603B
:104BF00047F10003013DEFE7FFF7ABBFFFF7E2BF6F
:104C00002DE9F041CC691326E30F24F00044A3FB07
:104C10000636CC6101EB82078C464FF0260E6745C5
:104C200049D1072A0CD83C4625680132ED18D2B28A
:104C300046F10003082A44F8045B4FF00006F3D164
:104C40002622A3FB023402FB0644CA691325D60FB1
:104C500022F00042E6FB0534CA610A1FA44601F1B6
:104C60001C05164656F8044FE4184CF10003B542F3
:104C700034604FF0000CF5D116461327634656F802
:104C8000044FE41943F10007B54234624FF00003CA
:104C9000F5D1CB6BDC1723F00043CB63043852F81B
:104CA000041F136A4B4023404B40954240F8043F99
:104CB000F5D1BDE8F081DCF80050EC18DCF82050AC
:104CC00046F10003E5FB0E434CF8044B0026A6E733
:104CD000F0B589B06D46034600F120070146002675
:104CE00013202C4651F8042B121846F100008F4275
:104CF00045F8042B4FF00006F4D1079AD61722F09E
:104D00000042191FF04307921C3351F8045F54F816
:104D1000042B6A4032406A408B420A60F5D109B0E8
:104D2000F0BD0023D1F800C02DE9F04702F12006C4
:104D3000074615461C4655F804EBEEFB0C34B5420D
:104D400047F8043B23464FF00004F4D140F8203FDD
:104D500001F11C0851F804EFA0F11C0C17460025C6
:104D600057F8049BDCF80030A246E9FB0E3A5B19C9
:104D70004AF10005B7424CF8043BF1D1884540F8B0
:104D8000045FE7D1BDE8F08710B590B004466846EF
:104D9000FFF7C7FF082269462046FFF731FF10B032
:104DA00010BD0A46FFF7F0BF2DE9F04F93B002AFF8
:104DB0000023D2F800C00D4601F120080E461C4623
:104DC000394656F804EBEEFB0C34464547F8043BF5
:104DD00023464FF00004F4D10A930AAF02F11C09F4
:104DE000019452F8043FA7F11C0E1C46AC46002665
:104DF000DEF800305CF804ABDDF804B0EAFB043BFD
:104E00009B194BF10006C4454EF8043BF0D1914587
:104E100047F8046FE5D10822FFF7F2FE13B0BDE8B2
:104E2000F08FF0B4002401F1200C0546264651F81D
:104E3000043B52F8047BDB1946EB06071B1947F1CC
:104E40000004614545F8043BF1D1F0BCFFF740BFD9
:104E5000F0B5002301F12007054651F8044B52F844
:104E6000046B03F00103E41A63EB0303A41B63F177
:104E70000003B94245F8044BEFD1014603F0130299
:104E800051F8043B04469B1A44F8203B62EB0202B3
:104E90000B6802F001029B1A41F8043B62EB02022C
:104EA000A142F5D123F00043C361F0BD404230B5CB
:104EB000A1F1040065EB0505043A1C3150F8044FDC
:104EC00052F8043F63402B40634088420360F5D1B1
:104ED00030BD70B588B0044668460E46FFF761FFE6
:104EE000092569466846013DFFF75BFF15F0FF05A0
:104EF000F7D1324669462046FFF746FF17260A25B6
:104F000069466846013DFFF74CFF15F0FF05F7D1F4
:104F10006A4621462046013EFFF736FF16F0FF069F
:104F2000EDD121466846FFF73CFF6A462146204600
:104F3000FFF72AFF082569466846FFF732FF013D63
:104F40006A4621462046FFF71FFF15F0FF05F2D104
:104F50006846FEF728FD08B070BD38B504460D461A
:104F6000FFF7B7FF21462046FFF71BFF21462046EB
:104F7000FFF717FF2A4621462046FFF705FF214687
:104F80002046FFF70EFF21462046FFF70AFF2A467C
:104F900021462046FFF7F8FE21462046FFF701FF95
:104FA0002A4621462046BDE83840FFF7EDBE000006
:104FB00030B5044689B00D46FFF78BFF21462046E9
:104FC000FFF7EFFE2A4621462046FFF7DDFE214689
:104FD0002046FFF7E6FE21466846FFF7E2FE202264
:104FE000694628460BF051FA28B96846FEF7DBFC03
:104FF000012009B030BD0A4A21462046FFF7D4FE01
:1050000021466846FFF7CDFE2022694628460BF070
:105010003CFA0028E9D06846FEF7C5FC0020E8E726
:10502000D8320208014B0360704700BF003302080A
:1050300070472DE9F8431D4603689DF82090DB6812
:1050400004460E4690469847236807461B6920464B
:105050009847AF420ED32A46414630460BF08FFBAD
:1050600074197A1B494620460BF039FAB44217D11D
:10507000BDE8F88323682A46414620465B69984785
:10508000236820469B689847236802469B6905462B
:10509000314620469847236820461B699847DFE73A
:1050A00016F8013B89EA030306F8013CDEE7704786
:1050B00038B50446002508462171A5710AF07AFE2C
:1050C00065712060204638BD10B5044600680AF0BE
:1050D00079FE204610BD0023437170474079704728
:1050E000006870478E2912D8702903D8032908D880
:1050F00001207047074B7139C9B2CB4003F0010062
:105100007047643904298CBF0020012070470020BB
:10511000704700BFBD91FE20882914D8702906D899
:1051200003290BD8012994BF002001207047074BA9
:105130007139C9B2CB4003F001007047A1F1670398
:105140005842584170470020704700BF1901A00025
:105150002DE9F84F04460E4690461D46FFF7C2FF64
:10516000C8B18E2E98BF2D4B94F805909CBF9F5DC3
:105170002B4B227994BF33F816B0002709EB0703B5
:1051800003F1010388BFBB46934206DB0123A371F1
:105190000020BDE8F88F0223F9E700212846EBF74D
:1051A0007FFF0021B0F1000A284618BF4FF0010A26
:1051B000EBF776FF08B105F100455846EBF77AFDAD
:1051C0002946EBF7CFFDEBF7CFFF314605462046EA
:1051D000FFF7A2FF40B1BAF1000F05D0FA0001239A
:1051E00093405A1E2A409D1A236809F101026271F8
:1051F00003F8098063792268591C6171D654002232
:1052000001326379D1B28F423B4402D2D8B260718D
:10521000BFE721689B1ACD542D0AF1E746340208F6
:105220002833020808B513460A467421FFF790FF99
:1052300008BD704710B550210446F0F7ACFB20467E
:1052400010BD000038B5074B04460D4640F80C3B36
:10525000442200210BF043F90023A560237120466E
:1052600038BD00BFE034020810B50446007958B9D3
:1052700001B1A160A16839B104F10C0000F074FF24
:10528000B0FA80F04009207110BD38B503790446AA
:1052900000F10C053BB98168284601F04BFEB0FADD
:1052A00080F0400938BD00230371284600F09EFFBE
:1052B0000028F4D1A168284601F03CFE0028EED178
:1052C000A168284600F050FF0028E8D1012323718F
:1052D000E5E738B50D46044611461A462B4600F060
:1052E0006BF9204638BD00B5C3B06A460C3000F0FB
:1052F000FFFEB0FA80F0400943B05DF804FB08B54A
:105300000C3001F049FFB0FA80F0400908BD07B544
:1053100003688DF807105B6801220DF107019847BB
:1053200003B05DF804FB1346027D10B54AB9046969
:105330000A46816904F10C0001F0CBF820EAE07024
:1053400010BD0020FCE773B504460069257D0DBB48
:10535000A1690C3000F0C0FE06462069A1698DF8F5
:10536000075001230DF107020C3001F04CFA002820
:105370002069A169C8BF9DF807504FF0000332466D
:1053800000F10C00D8BF4FF0FF3501F0A0FA28461D
:1053900002B070BD4FF0FF35F9E738B5037D044624
:1053A00063B90069A1690C3000F098FE05462069D8
:1053B000A1690C3000F090FE281A38BD0020FCE7EF
:1053C000037D2BB90369816903F10C0001F075BC01
:1053D0007047000010B500224FF47A74C0E9012430
:1053E000054C0460C0E906220161027580F82020A6
:1053F00080F81F2110BD00BFF4340208F8B5044640
:105400000E4615461AB1012A17D00120F8BD012712
:1054100038200AF0CFFC0146A06160B12069324615
:105420003B460C3001F0B1FE024648B1A0690AF0DB
:10543000C9FC0023A3610020E8E740F20317E7E777
:10544000012D05D12069A16902230C3001F03FFA3A
:1054500000232375D9E770B504462C200E460AF0C8
:10546000A9FC0146A06150B1206932460C3000F021
:105470009AFD30B1A0690AF0A5FC0023A3610020C9
:1054800070BD012525753046EBF7B2FE28440AF0C1
:1054900091FC3146E0610BF06AF92846F0E71346CB
:1054A000027D10B43AB904690A46816904F10C001E
:1054B00010BC01F0A8B9002010BC704707B501224C
:1054C0000DF10701FFF7EBFF0028CCBF9DF80700A7
:1054D0004FF0FF3003B05DF804FB037D10B50A46C2
:1054E00043B90469816904F10C0001F0F0F9C0438B
:1054F000C00F10BD0020FCE7037D2BB90369816953
:1055000003F10C0000F0EABD00207047816938B556
:10551000044679B10069257D0C3065B100F06BFD62
:10552000A0690AF04FFCE0690025A56108B10AF006
:1055300049FCE56138BD01F0F9FBA0690AF042FCC5
:10554000A561F7E7FFF7E2BF70B58369C2B0054612
:105550000E4614460BB1FFF7D9FF28696A4631465B
:105560000C3000F0C5FDE0B99DF80030112B05D1DD
:10557000224631462846FFF741FF03E031462846E0
:10558000FFF769FF044670B12F2130460BF001F898
:10559000203500B1461CFF22314628460AF0E6FFBE
:1055A00002E0023003D00024204642B070BD012C3E
:1055B000F9D1DDE7FFF7C8BF70B504460D461646C2
:1055C0001946FFF707FF324629462046FFF7F2FF4C
:1055D000204670BD8069003818BF01207047203018
:1055E0007047007D704700002DE9F043C3B00C46C2
:1055F00000AF096905461646FFF7ECFE237D002B38
:1056000045D0DFF89890DFF898802069A1693A4684
:105610000C3000F0FDFC012839D107F108014846A3
:10562000EBF7DCFD0028F0D007F108014046EBF76E
:10563000D5FD0028E9D0D4F81C904846EBF7D8FDFA
:10564000044607F10800EBF7D3FD0444093424F0C5
:105650000704E846ADEB040D494668460BF087F8B1
:1056600099F800302F2B6C4602D199F801301BB10C
:105670000C4920460AF03BFF07F1080120460AF0DA
:1056800036FF324621462846FFF75EFFC5462846CC
:1056900007F58677BD46BDE8F08300BFE934020810
:1056A000E8340208591D020803681A6AC36AD31A4B
:1056B0001944B1FBF2F302FB1311036B8B4210B5DB
:1056C0000AD94C09C06B01F01F0150F824300122A7
:1056D0008A40134340F82430002010BD0368013392
:1056E00004D04068431C584258417047012070471D
:1056F00010B50B6804689C4209D04068496888422C
:1057000005D08C4203D0181A18BF012010BD00200C
:10571000FCE72DE9F74FDDE90C470E9D83468846EF
:10572000924699460DB9002064E0DBF80000BAF11A
:10573000000F1ED0DAF800304B451AD1DAF8041009
:10574000A14216D886690E44A64212D9361BAE4233
:10575000DAF8083028BF2E46611A38463246194416
:105760000BF00DF8AD1B37443444DCD0DBF80000FF
:10577000E0E7D8F8002043694A4517D1D8F804106B
:10578000A14213D8CE18A64210D9361BAE42D8F883
:10579000083028BF2E46611A3246384619440AF0AE
:1057A000EEFF37443444AE1B3546BBE74168B4FBDB
:1057B000F3F203FB12428C467AB9AB420DD8B5FB2B
:1057C000F3F603FB1656AD1B00953B4622464946B1
:1057D000E04778B92F442C44E6E7A21AC8F80090B5
:1057E000C8F804200093D8F8083049466646B04708
:1057F00000289AD003B0BDE8F08F1FB5069C009238
:10580000CDE9013400220B4600F11401FFF781FFBE
:1058100004B010BD2DE9F04786B005460F4614468A
:1058200000F11409D6184FF0010A0DF11708A6422D
:1058300003D1002006B0BDE8F0870094CDE9018ACD
:105840003B46002249462846FFF763FF0134002803
:10585000F0D10E980122414601F0DCFCE7E72DE98A
:10586000F04F8BB0136804930026536805930746E6
:105870000C46B0460DF1100A06AD4FF0100B5AF869
:105880002690CDF800B02B46002249463846FFF757
:10589000B4FF70B110F1340F06D146B1B8F1000F6A
:1058A0000CBF6FF0330000200BB0BDE8F08F012675
:1058B000E5E7B8F1000F04D0E269069B9B1A002BC4
:1058C000EBDB079B23F00043132BE6D93A68D26940
:1058D0009342E2D84FF0FF3303A8102229460393E6
:1058E00001F098FC079B03A823F000430090103BB5
:1058F000102249463846FFF78DFF0028CAD1039B86
:10590000002BCAD10AAA86F0010302EB830304F13B
:105910001C0C53F8183CA3601023E36095E80F00BB
:10592000C4F804904FF001088CE80F00B5E7F7B514
:10593000044604300E461546FFF7D0FE10B1002095
:1059400003B0F0BD009001236A462946204601932A
:10595000FFF785FF0028F3D105F124073846FFF74C
:10596000BDFE0028EBD131463846FFF7C1FE38B105
:105970003A4629462046FFF772FF0028EED0DFE7BF
:105980000120DDE72DE9F04F87B0DDE9104506463F
:105990008B46174625444FF001090DF1170AA3EB7A
:1059A0000408AC4201D1012011E008EB040300938C
:1059B000CDE901A93B46002259463046FFF7A9FE32
:1059C00028B914F8013B9DF817209A42E9D007B096
:1059D000BDE8F08F03689B6A10B5044613B9C0692F
:1059E0000AF0F0F92368DB6A13B9A06A0AF0EAF951
:1059F00023681B6B23B9E06BBDE810400AF0E2B9E5
:105A000010BDF8B5C6690D68083EB5420F4613D300
:105A1000B5FBF6F0013808F02FF8841CA5EB8404E0
:105A2000B4FBF6F4204608F027F8A5EB800504FB4C
:105A300016553D602046F8BD0020FCE72DE9F04FEB
:105A400089B00646DDF84C8005920F464BB94FF001
:105A5000FF32C8F80020149A0020136009B0BDE896
:105A6000F08F0468013B07A920460793FFF7C9FFA1
:105A700012A905462046FFF7C4FF4FF0040A8146ED
:105A80000DF1140BA945059B03D3C8F80030129BF8
:105A9000E1E7A5EB0904B4FA84F495FAA5F2B2FAA9
:105AA00082F2C4F11F04944228BF1446A20000925F
:105AB000CDE901BA002239463046FFF72AFE002818
:105AC000CCD10123A340ED1ADCE72DE9F04F89B0DA
:105AD00006461298DDF850A00F4690469946E8B168
:105AE0000138059005A93068FFF78BFF0DF1180B01
:105AF0000446139B49465046984778B974B104F060
:105B00000105C5F102029200CDE901B200904B46B9
:105B1000424639463046FFF7FCFD10B109B0BDE8FA
:105B2000F08F06992DB9139B504698470028F5D160
:105B3000012008AB03EB8000023D50F8089C2C4488
:105B4000D7E704300844104470472DE9F341064676
:105B50000C46154601F124074FF01008216AE2684F
:105B600021F0004302F10C00043B984215D80C23AD
:105B7000009361682B1D3046FFF73FFE034688B94E
:105B8000E668EA79A97968792E60FFF7DAFFA269F9
:105B900006440244E660A26104E0002906DB2A60B4
:105BA0006FF00103184602B0BDE8F0813A46214685
:105BB0003046FFF754FE03460028F3D1A369C4F82A
:105BC0000C801433A361C9E730B5044693B00430A8
:105BD0000D46FFF783FD10B1002013B030BD0190DA
:105BE000012301AA07A920460293FFF738FE0028E7
:105BF000F3D110A8FFF772FD0028EDD110AA07A974
:105C00002046FFF72CFE0028E7D103AA07A920466B
:105C1000FFF79BFF10B1831CEBD0DEE79DF910303E
:105C2000002BF2DB0822294605A80AF02EFC0028EA
:105C3000EBD10120D1E72DE9F843054604300F46AA
:105C400014461E46FFF74AFD10B10020BDE8F88358
:105C500001235062936202F1240806F108094046CC
:105C6000FFF73CFD0028F0D1424621462846FFF7C9
:105C7000F6FD0028EAD1324621462846FFF765FFA7
:105C800010B1831CEBD0E1E7337903F07003202BD4
:105C9000F1D139464846FFF72BFD0028EBD1012012
:105CA000D4E700002DE9F04F87B01F68049340F659
:105CB0002203536043689360DFF82C91836803915B
:105CC00005461446D360494638460AF078FC07EB8F
:105CD00000088346494640460AF025FC012806464E
:105CE00008EB000A05D117F80B302E2B0AD15746C6
:105CF000E9E7022806D102463C4940460AF0C5FBC6
:105D00000028F4D057464FF0010B494650460AF0A0
:105D100056FC8244494650460AF005FC024690B1C2
:105D200002280CD10590314950460AF0AEFB059A85
:105D300028B9BBF1010B04D10AF10207C3E70BF14B
:105D4000010B9244E1E798F80000002841D0049B41
:105D5000C3F800802379222B43D104F1080A039968
:105D600052462846FFF77BFD98BB05F1140B0399BB
:105D700022462846FFF7E9FE58BB237903F07F034C
:105D8000112B01D0222BF2D1E379B342EFD123685A
:105D9000627904331344A279CDE900861344039A4F
:105DA000594652682846FFF7EDFD002811DBDED08A
:105DB00095F84130002B86D194F90430002B82DA1B
:105DC00051462846FFF700FF002805D001DB6FF0A1
:105DD000010007B0BDE8F08F237903F07F03237142
:105DE00071E76FF01300F4E7591D0208E834020868
:105DF000C368184710B50C468269A068FF210AF0F5
:105E00006EFB4FF0FF33236010BD38B58B6A016025
:105E100004460D46CBB1C361EB6A13B3A36204F130
:105E200020012846FFF7E6FF4FF0FF336361236848
:105E30001A6BEAB1E26300204FF0FF33C4E901338B
:105E4000C4E90300A4F8400038BD486909F0B2FF76
:105E5000E0610028E0D12046FFF7BCFD6FF00B00A9
:105E6000F2E7A86909F0A6FFA0620028D7D1F2E7FF
:105E7000586AC00809F09EFFE0630028DBD1EAE71A
:105E8000F7B50C4609684B1C0546164602D10020A2
:105E900003B0F0BD006883690093D4E901238768EB
:105EA000B8470028F4D12B6826B928682146FFF7A7
:105EB000A1FFECE79B690193A3680093D4E9002359
:105EC00031462846FFF75EFD0028E1DBEDD16FF09B
:105ED0003300DDE72DE9F74FDDE90C480E9E8146E2
:105EE0000F4693469A46002E38D1304606E05A4671
:105EF00039464846FFF7C4FF002850D003B0BDE83C
:105F0000F08FB4FBF2F302FB13431BBB964221D389
:105F1000B6FBF2F502FB1565761B009683682246F8
:105F20009C4651464346E0470028E7D1BBF1000FAD
:105F300002D1B044344434E0CDE9008623465246D1
:105F400059464846FFF71EFD0028D7DBF1D16FF018
:105F50003300D3E7E31AC7F800A07B603B68D9F8A9
:105F6000000053458269CCD17B68A342C9D89D18F3
:105F7000A542C6D92D1BE01AB542BB6828BF3546DD
:105F80002A46184441460AF0FAFBD9F800309A69CB
:105F90002C44B4FBF2F302FB1343002BA7D0A8441C
:105FA000751B2E469FE730B543684B6087B083680A
:105FB00001928B6002AA01AB05460C46FFF772FE08
:105FC000A0B99DF80C30222B12D104AA21462846F4
:105FD000FFF745FC50B963682361A36863610E2332
:105FE000A3611023E3602B6923602C6107B030BDEF
:105FF0006FF01300FAE7036900F110021BB18B4246
:1060000003D11B681360002070471A461B68F5E730
:1060100070B50D46144686B006464FF484720021D2
:1060200020460AF05CFAAB690E2B0CD120462223E5
:1060300000F8083B26490AF09AFBAB690133AB61D3
:10604000012006B070BD0F2B05D12046222300F899
:10605000083B2049EFE702AA29463046FFF775FDC5
:1060600018B1821C08BF0020EBE79DF80C3003F04C
:106070007F02112A01D0222AEDD11B060CD504A9DA
:106080003046FFF7A1FD0028DBDBE4D19DF80C30A2
:1060900003F07F038DF80C309DF80C302370112B2A
:1060A00008BF059B029A08BF63609DF80D309DF8FC
:1060B0000E1004321A449DF80F3000930A4404F184
:1060C000080369683046FFF798FB0028B8D0B8E7A6
:1060D000E9340208E8340208086A7047CB69486965
:1060E0009B0303D50B6A984238BF184670470000DF
:1060F00070B594B01546039103AB05AA09A90646ED
:10610000FFF7D0FD0446C0B901464FF4847228461B
:106110000AF0E5F99DF818302B70112B04BF089B8D
:106120006B60311D07A8FFF7E3FA05F10803044689
:1061300030B90C4918460AF01AFB204614B070BD5D
:10614000059A9DF819109DF81B00009004320A442E
:106150009DF81A1030460A440A99FFF74EFB044690
:10616000EBE700BF591D020830B599B00546FFF7AF
:106170004CFE044658BB2B6868631B6AAB63C5E9D9
:106180000B000290012302AA0DA928460393FFF7F2
:1061900066FB044600BB202300930E9905AB10223A
:1061A0002846FFF72AFB0446B0B9069B6B60079BA5
:1061B0000D49AB6008220BA80AF067F9044648B9FC
:1061C0000A9B1A0C012A0BD19BB2012B08D820463E
:1061D00019B030BD6FF033042846FFF7FBFBF6E73C
:1061E0006FF01504F8E700BF1835020808B5FFF78F
:1061F000F1FB002008BD2DE9F043064697B00430BE
:106200000F469046FFF76AFA20B10024204617B0E7
:10621000BDE8F08301230590069305994046B847F1
:1062200004460028F2D106994046B84704460028A3
:10623000ECD105AA0BA93046FFF711FB0446002854
:10624000E4D14FF00C09139B0E9D23F0004305F1A0
:106250000C02043B9A4223D9149B059305A8159B75
:106260000693FFF73BFA0028D7D0F56806F114092A
:10627000002DCAD0EB69DA033CD4EB699B030DD542
:10628000CDE901782B6A00936B6A05F12C0249462F
:106290003046FFF71AFC04460028B7D12D68E7E71F
:1062A0000C99CDF8009008AB2A463046FFF7A5FAC6
:1062B00004460028AAD19DF823209DF822109DF8BD
:1062C0002100FFF73EFC9DF8203003F070032844C6
:1062D000102B0E90B7D10A9B00932246CDE901788E
:1062E000099B06F114013046FFF7EFFB0446002836
:1062F000A9D08BE7CDE901786B6900932B6905F193
:106300002C0249463046FFF7E0FB04460028B4D093
:106310007CE70000F8B504460D460126236BD4E95E
:106320000D219A421DD1002949D0E06A2268034418
:10633000106A526A8A4294BF22632163B3FBF0F76A
:10634000002100FB17336163D208E06BE3620AF0BF
:10635000C6F81C4922462046FFF74DFF0028DDD035
:1063600024E00139501CA1635709E16B606351F8C7
:10637000277002F01F0006FA00F03842CFD1E36A1E
:1063800013442268126AB3FBF2F002FB10332B6055
:10639000266B0125636BB3420FD05A0903F01F002F
:1063A00051F8222005FA00F0104000D1F8BD013369
:1063B0006363A36B013BA363ECE70020F6E76FF098
:1063C0001B00F3E7A956010873B50C4604310646D5
:1063D000FFF7A0FF0546F0B904F108013046FFF7CA
:1063E00099FF0546B8B9042300930246616804F199
:1063F0001C033046FFF701FA10B110F1340F0DD134
:10640000E3690133E36114224FF0FF33C4E9082349
:10641000A3621023E360284602B070BD0546FAE788
:106420002DE9F04F044689B00E4600F1140B07A980
:106430002046FFF76FFF054658B9DDF81C9020682D
:106440004946FFF7D5FC054600283BD010F1340F34
:10645000EDD0284609B0BDE8F08F0DF11B07CDE95E
:106460000087CDF808A0736A059A59462046FFF7C1
:1064700050F970B9CDE9017ACDF800804B465A4603
:1064800004F120012046FFF725FD20B110F1340F63
:10649000CDD00546DDE708F10108B36A4345DCD8F5
:1064A0002368A16A9A69706B0AF069F9236AF3623A
:1064B000636A2068336304F12001FFF79BFCC6F890
:1064C0002490C6E706F12C03804605934FF0010A9D
:1064D000E3E72DE9F04F8FB0CDE90623CB6903F058
:1064E0000302012A05460C4600F01F815E031AD400
:1064F000E669320520D4276A079BDF4200F1188144
:1065000016F400361ED005F11403DDF81CA0099323
:1065100004F12C08E369BAF1000F25D123F400231C
:10652000079AE36104E000F006F902460028DFD094
:1065300010460FB0BDE8F08F6269216A8A4288BFB9
:106540002262D8E763699F42DDD92362236A9F42B2
:10655000D9D90DAA0123214628468DF83460FFF7CA
:10656000B8FF021EF2DAE3E79B0324D52B68A26A88
:10657000DB699A4240F098802B681B6AAB6305F197
:1065800014030493D4E90832CDE90B230DA928465E
:10659000FFF7C0FE024608BB0D9B2868059319460D
:1065A000FFF726FC024618B312F1340F16D14FF054
:1065B000FF332B62EAE7236A002BDDD004F12802C7
:1065C0000292013B04F1240201920093D4E90423D6
:1065D00041462846FFF732FA024620B1E36943F408
:1065E0000023E361A4E728684146FFF703FCC3E703
:1065F0000C9F2E680890002F4FD0013F0CA9304609
:106600000C97FFF7FEF90C9FF369089A01379F4238
:106610000C9768D1461C96FAA6F6B6FA86F606F1ED
:10662000010B91460BAF4FEA890308930423CDE990
:1066300001734FEA890300934146DDE904232846AC
:10664000FFF748FC0B9B02460028ADD14E4550D1C8
:1066500009F10109CB45E6D84FEA8B071DE000227E
:10666000CDE9016B0B9B0499CDF800902846FFF70C
:1066700050F802460028B1D1DDE90423CDE9016BD1
:10668000CDF8009041462846FFF724FC024600283A
:106690008AD109F101094F45E1D8059BC4E90937C1
:1066A000E36943F40033E3612B68DE69A36AF61AF9
:1066B000564528BF5646069B02960193A36A00934F
:1066C000099A636A41462846FFF704FC0246E8B18E
:1066D00010F1340F82D121462846FFF7A1FE024671
:1066E0000028E8D07AE791464FF0010B0DF12B0618
:1066F000D1E70421CDE90171089900912846049958
:10670000FFF707F802460028A2D067E7236A334460
:106710002362A36A3344A362069B334406932B6827
:106720001B6AAB63AAEB060AF4E66FF00802FFE609
:106730006FF01A02FCE6CB695A032DE9F04144BF21
:1067400023F48023CB61CB6944BF4FF0FF32CA6290
:106750009B0390B005460C4603D4002010B0BDE862
:10676000F0810F6A2C22002102A805F1140609F01D
:10677000B6FE2369069396E8070063690793012331
:10678000CDE9093710AB03E907004FF0FF38C5F832
:106790001480226A63699A4211D304F12C083246AC
:1067A00041462846FFF76CFB08B310F1340FD5D1F2
:1067B00021462846FFF734FE0028F0D0CEE701231B
:1067C0000DF1070202A9284600F01DF80028C5DBDC
:1067D00001230DF1070221462846FFF77AFE002823
:1067E000BCDB6B690133D4D0CDF83480CFE7636A6A
:1067F0002361236A6361E36923F4003343F4803344
:10680000C4E90737A9E72DE9F04F1D46CB6990464B
:1068100003F00302022A87B007460C4654D09A03BD
:1068200005D4236A6669B34208D3002003E0FFF76A
:1068300082FF0028F5D007B0BDE8F08FF61AAE420F
:1068400028BF2E4604F12803B14604F12C0A059313
:1068500004F1240BB9F1000F01D13046EBE7E369F5
:106860005B0304D53B68A26ADB699A4210D1059BA1
:10687000CDE901B3236A0093D4E904235146384695
:10688000FFF7DCF80028D6D1E36943F48023E36105
:106890003A68A36AD5690093ED1A4D4528BF4D4665
:1068A000CDE901850022636A51463846FEF731FF83
:1068B0000028C0D1236A2B442362A36A2B44A3621D
:1068C000A844A9EB0509C5E76FF00800B3E770B568
:1068D0000D4614461E46FFF72EFF70B92B6A36B1DF
:1068E000012E01D11C4402E0022E07D01C46002CD0
:1068F000A6BF2C6220466FF0150070BD6B69F1E7F2
:10690000F0B5012680F84060A7B004460430FEF7D9
:10691000E5FE0546002879D101462C2205A809F09C
:10692000DEFD4FF000432822294610A80D9309F000
:10693000D6FD1A9623681B6A9D4202D36FF033007E
:1069400020E019A8FEF7CAFE00285FD119AA10A9F5
:106950002046FEF784FFA8B90D9B002B34DB01AB6A
:106960001BAA0EA92046FFF766F900280ADB0BD107
:10697000199B0E931A9B0F9300231A4605A92046D4
:1069800000F046F827B0F0BD039A0E99049B0F98CB
:106990008A4201D1984217D0904201D1994213D036
:1069A0000E92E8E79DF97030002B0DDA1DA9204604
:1069B000FFF70AF90028E5DB1BD01BAA10A9204627
:1069C00000F03DFA0028DDD11BAA10A92046FFF7F0
:1069D000BCF80028E6D0831CD4D110AF0FCF05AE91
:1069E0000FC60FCF0FC697E80700013586E80700EE
:1069F000A0E79DF8703003F07F038DF870301BAA7C
:106A0000034610A9204600F03FF9DBE70020B9E774
:106A10002DE9F04F9DB00D460993CB6905920133E6
:106A2000CB610B1D0646079309984B68896806934E
:106A3000C5E9011302EB001413469C4212D1069BD8
:106A40000C9300230B91089369683068FFF7D0F925
:106A5000044678B114F1340F00F0DF8020461DB0F9
:106A6000BDE8F08FD8682A6A02445868121A2A6270
:106A70001033E2E705F11C084FF0FF3310224146C6
:106A80000DA810270D9300F0C5FBCDE901870094F8
:106A900006F1200A22466B6851463046FFF71AFA83
:106AA00004460028D6D18346B84629E0099B9B4579
:106AB00080F28D80059A4FEA0B1302EB0B19D35825
:106AC000434540F08480D9E902120DA800F0A2FBF2
:106AD000D9F80C300293D9F80830CDE900730022C0
:106AE0006B6851463046FFF7F5F904460028B1D1EE
:106AF000D9F804309844D9F80C300BF1010B1F443D
:106B00002B6A23F00043043BBB42CFD80DF134087D
:106B1000CDE90078042302936B6800225146304689
:106B2000FFF7D8F90446002894D14FF0FF3702460A
:106B3000776151463046FFF7A3F90446002889D112
:106B40003068036998470446002883D12B6A11975F
:106B500011AF009723F0004302466968043B3046BA
:106B6000FEF758FE044600287FF478AF119A0D9B7B
:106B70009A4252D1089B2BB343463A460BA9304662
:106B8000FFF759F80028FFF66AAF5ED06B680F93E5
:106B9000AB681093424623463946304600F074F8FD
:106BA00000287FF45CAF311D0BA8FEF7A1FD18B9DA
:106BB0006B687360AB68B3603046FFF7A1FE0028D6
:106BC0007FF44DAF3269002A53D1104647E74FF0AA
:106BD00001090699CDF8009011AB42463046FEF708
:106BE0000CFE044600287FF439AF4A4611A90DA8CF
:106BF00000F010FB11ABCDE90073CDF808902246F0
:106C00006B6851463046FFF765F9044600287FF46B
:106C100021AF08F10108013772E74FF0FF3333620B
:106C20000124002311A90BA8CDE91134FEF760FD62
:106C300010B96FF0330012E707993046FFF76AFB8F
:106C4000089400283FF400AF09E73A460BA9304604
:106C5000FEF76DFE0028FFF602AFB3D06B681A9303
:106C6000AB681B9300231A4639463046FFF7D0FE27
:106C7000A5E70799101DFEF73BFD18B96B68536037
:106C8000AB68936012689EE770B5154688B055F8FA
:106C9000044BD27900940C26002BCDE905230792F2
:106CA00034440CBF012302236A46CDE901650396F3
:106CB0000494FFF7ADFE08B070BD70B592B0064603
:106CC0000D46FFF738FD044658BBEB6903F410236B
:106CD000B3F5803F25D12A1D1046FEF7FFFC00BB0F
:106CE00007A93046FEF7BBFDF0B90C23EA68089906
:106CF0000093304604ABCDE9044406940392FEF7BA
:106D00007CFD88B92B6905936B69069303AA23461A
:106D100007A93046FFF7B8FF30B9EB6923F4803399
:106D2000EB61204612B070BD0446FAE770B5054627
:106D30000C46FFF7C2FFEB68064605F10C021BB1DB
:106D4000A3420DD123681360A3690BB11B682BB953
:106D50002B685B6B13B9606B09F034F8304670BD7B
:106D60001A461B68EBE72DE9F043804695B00E46C6
:106D70001746994601F12405FA79B9797879346A88
:106D8000FEF7DFFED8F80030DB692044984215D8C2
:106D9000043C47F8044B00230C21CDE90A37CDE928
:106DA0000C14CDE90E3910920994022309AA314638
:106DB0004046FFF72DFE15B0BDE8F083002C36DB12
:106DC00035460FCD09AC0FC40FCD0FC495E80700B1
:106DD00084E8070031464046FFF7F6FA0028EAD17A
:106DE000129B7362139BB362336A3A46043B42F8C8
:106DF000043B03920C22CDE90130CDE90423FB7959
:106E00000893CDE90609022301AA31464046FFF75F
:106E1000FFFD0028CFD1119B43F00043119373680D
:106E20001293B36813930246034609A9C0E72A46A2
:106E300031464046FEF713FD00289DD0BBE72DE903
:106E4000F04714460D46D279A1798CB0804660791E
:106E5000FEF777FE2B6A143023F0004383421DD1E6
:106E600001AA291D4046FEF762FD061E12DB099AA3
:106E7000002A13DA2B6A63F00043134009936B6A0C
:106E80000A93AB6A0B9300231A4601A94046FFF709
:106E9000BFFD064630460CB0BDE8F0872368E279B6
:106EA000A17960790193FEF74CFE0023CDE903330D
:106EB0000290012301AA29464046FFF7A9FD064694
:106EC0000028E7D1D8F80C7005F1040A4FF0FF391B
:106ED000CFB9D8F810700435002FDBD02946381D03
:106EE000FEF706FC68B9FB682268934209D9E2798B
:106EF000A1796079FEF725FE1B1AFB60BB691B1A9E
:106F0000BB613F68E8E75146381DFEF7F1FB28B941
:106F1000FB682268934203D1C7E901993F68D7E72C
:106F2000FCD9E279A1796079FEF70BFE1B1AFB60B0
:106F3000F4E70000F0B5A5B00546FEF766FF04468D
:106F4000002877D12B685A6A0146D208E86B09F00D
:106F5000C6FA2A68EC62D2E908320EA9C5E90D43E7
:106F60009A4294BF2A632B632846FFF72DFA044602
:106F700000285CD119A92846FFF726FA0446002804
:106F800055D10346024619A92846FFF741FD04469C
:106F900000284CD1294B1A9E1B9A6E601027CDE910
:106FA00005732B68AA60D969099125491B6A08688D
:106FB0000A93496801974FF001130B930CAB03C37D
:106FC0003423CDE90762CDE91762169306AE20237C
:106FD000CDE90363029301AA01230EA92846FFF716
:106FE00017FD20B110F1340F02D004461FE0012438
:106FF0002023CDE90236049301AA01230EA92846D5
:107000000197FFF705FD20B110F1340FEDD1002CF1
:10701000EBD000220123CDE901230EA901AA2846C5
:10702000FEF71DFC044610B92B681B6AAB632846AB
:10703000FEF7D0FC204625B0F0BD00BF2E1400089E
:10704000183502082DE9F0471F4692B003F00303FC
:10705000012BDDF86880019206460C4611D101AB88
:1070600003AA07A93046FEF71DFE0546B0B99DF8F4
:107070001030222B00F08680B90534D56FF0100552
:1070800008E090F84030002BE9D1FFF739FC0546C5
:107090000028E4D0284612B0BDE8F087821CF9D160
:1070A000DDF804A02F21504609F030FA814600286F
:1070B000F0D1FB05EED540F611038DF812005046D5
:1070C000ADF81030EAF794F84FF0FF33CDE9053909
:1070D0008DF81300534603AA07A93046FFF743FE75
:1070E00005460028D6D1089B6360099BA360039BDB
:1070F000E360059B23610022069BC4F81880780595
:107100006361E761226210D44FF0FF33E362B8F1AC
:10711000000F02D0D8F800306BBB3268536B73B1EC
:10712000F26842B36FF00B05B4E713B147F4803750
:10713000E7614FF0FF320023C4E90423E4E7E36989
:1071400003F00303012B0AD1506908F033FE60639A
:107150000028E7D0F36823600025F4609AE790697F
:1071600008F028FE60630028DCD0306804F12C01B0
:10717000FEF740FEEEE76363E36903F00303012BD0
:10718000E8D0F2E76FF0140584E713B5002400940B
:10719000FFF758FF02B010BD10B590F840309CB01A
:1071A0000446019143B101AB02AA06A92046FEF7AD
:1071B00079FD30B11CB010BDFFF7A2FB0028F2D062
:1071C000F8E79DF80C30222B1CD002AA06A9204615
:1071D000FFF735FE0028EDD19DF80C30222BE9D1C8
:1071E00006AA12A92046FEF7A2FB0028E2DB1A9BA2
:1071F0000F931B9B109300231A4606A92046FFF706
:1072000007FCD7E704AA11A92046FEF728FB0028AF
:10721000DBD0CFE770B50D4D0A44914200D170BD6F
:10722000066811F8013B83EA060404F00F0455F8E0
:10723000244084EA161484EA131303F00F0355F86C
:10724000233083EA14130360E7E700BF2435020804
:10725000D0F888301BB1D0F88C3080301847704798
:107260000148FFF7F5BF00BF1479002070B586B064
:10727000002302AC02930593C4E901338B680546F1
:107280000E4633B1022220469847F3680593B3684F
:10729000049394E803006A4605F1800382E8030042
:1072A00093E8030084E8030092E8030083E8030006
:1072B000049BD5F88820C5F88830059B04922046A9
:1072C000D5F88C20C5F88C300592EEF770F8322096
:1072D000EAF764FD322006B0BDE87040EAF718BD59
:1072E00010B504463220EAF721FDD4F888303BB1CE
:1072F00004F180010322084698470023C4E92233A1
:1073000010BDD0F88800003818BF01207047322027
:10731000EAF7FEBC3220EAF709BD3220EAF73EBDAB
:1073200008B53220EAF728FD003818BF012008BD53
:10733000054BD3F8902021B122F40042C3F89020ED
:10734000704742F40042F9E700040058034BD3F8B9
:10735000900080F40040C0F3C03070470004005833
:107360004FF0B043D3F8942021B142F40042C3F867
:107370009420704722F40042F9E74FF0B043D3F86D
:107380009400C0F3C0307047024B5869C0F340000E
:10739000704700BF0004005813B5094C4FF0FF338D
:1073A00000931A461946204606F0DCFC054B63663E
:1073B0000023C4E92033C4E9223302B010BD00BF6A
:1073C000147900200000015808B50248EDF7EFFFDE
:1073D00008BD00BF94790020F0B5CFB006460C463A
:1073E0006D4602F12007106851682B4603C308322E
:1073F000BA421D46F7D19DF8003023F007038DF8FF
:1074000000309DF81F3003F03F0343F04003214656
:1074100008A88DF81F3001F093F844A800F031FF60
:1074200044AA08A93AA800F039FF44A908AA0846C6
:1074300002F0D2F944A9084601F018FF44AA3AA97B
:1074400008A801F084F912A800F01BFF1CA800F0A6
:107450000CFF08A926A801F05BF830A800F011FF86
:107460000024FE25EB1027461DF8034005F0070316
:107470001C4104F0010467403A4626A912A800F016
:1074800097FF3A4630A91CA800F092FF30AA26A91F
:107490003AA802F0A1F91CAA12A944A802F09CF98A
:1074A00012A908461CAA00F0F9FE30AA26A91CA8B9
:1074B00000F0F4FE12AA3AA930A801F048F91CA97C
:1074C00044AA084601F043F944A93AA801F0F1FCA6
:1074D00012A944A801F0EDFC1CAA30A926A800F0CE
:1074E000DDFE1CAA104630A902F076F93AAA44A99A
:1074F00012A801F02CF944A93AAA084602F06CF946
:107500001CA9084601F0D5FC44A930A801F0CEFB27
:1075100026A9084601F0CDFC3AA9084630AA00F099
:10752000BDFE1CAA08A930A801F011F93AAA44A985
:107530001CA801F00CF9013D94D2224626A912A8FC
:1075400000F036FF224630A91CA800F031FF1CA92C
:10755000084601F08BFE12A91CAA084601F0F7F8B4
:1075600012A9304602F069F94FB0F0BD30B50C46B3
:10757000A9B0054610460A46202100F00FFE2378E8
:1075800023F007032370E37F03F03F0343F040033E
:10759000E3772146684602F0C2FB6946284602F0BE
:1075A0009EFB29B030BD10B5A8B00446684602F075
:1075B000B6FB6946204602F092FB28B010BD0000E1
:1075C0002DE9F04FADF53D7D03460B900C46083399
:1075D0000CAD00F14806186859682A4603C2083302
:1075E000B3421546F7D11CA8214604F18005044694
:1075F0004B780A780F798E781B0443EA0263CA79C4
:1076000042EA07624F7943EA062342EA0742CE780C
:107610008F79083142EA072233438D42C4E90023BF
:1076200004F10804E4D104461026D4E91C19CB0C5B
:107630004FEAD9424FEAC90ECF004EEA517E47EADF
:10764000597743EA493342EA41328909A04641EA7F
:1076500089617B4082EA0E024B40D8E91217D8E9D3
:1076600000E8D4E9025C11EB0E0147EB080782EA5F
:1076700099125B1842EB070E4FEA15296A0842EA95
:10768000CC7249EA0C6982EA09014FEA5C074FEAC9
:107690001C28EA0947EAC57748EA056842EA4C62CD
:1076A0004A4087EA08079B1887EADC1106F10106C1
:1076B0004EEB01010834502EC4E91E31B5D11A9B9E
:1076C00003931B9B0493149B0593159B0693189B94
:1076D0000793199B0893169B0993179B0A930C9B7E
:1076E00001930D9B0293DDE90E89DDE910ECDDE9E4
:1076F00012320149009101E06835020805994FEA0C
:10770000913A06994AEA814A4FEA913B05994BEA38
:10771000814B8D0C069945EA81358C0C059944EA1C
:1077200081348BEA040B069CE40544EA51248AEA7E
:10773000050ACD05069945EA512500998AEA050A08
:107740008BEA040BD1E90057D0E900640799AD1921
:10775000099E47EB04044E400A9F08994F40059943
:107760000E4006990F4007994E4008991AEB0505FF
:1077700087EA010703994BEB0404AD1944EB0704B6
:107780006D18049941EB04045B19039342EB040365
:107790000493019B01991E0F029B46EA03161A0FE0
:1077A000019B42EA0312029B9B0743EA91038F0766
:1077B00002995A4047EA9107019B7E404F0647EAEB
:1077C000D3175B0643EAD113734001995B1982EA30
:1077D000070244EB020241EA0804029941EA090562
:1077E000019901EA0807029904EA0E0401EA090670
:1077F0003C4305EA0C0513EB040A45EA060542EB97
:10780000050B009A009BD5689B680799D0E9024256
:107810001B1945EB02025B180899099C41EB020217
:10782000059981EA040506990A9C4C4003990D408C
:1078300004990C4009994D400A994C4003995B19F1
:1078400042EB04028C0B049944EA81448E0B0399A9
:1078500046EA81468F0C049947EA81378D0C0399DB
:1078600045EA813504996E40CD0503997C4045EA8F
:107870005125CF05049947EA51277C401C1985EA18
:10788000060542EB05051EEB040307934CEB0503CD
:1078900008934FEA1B724FEA8B7343EA9A034FEA4D
:1078A0001A7642EA0A124FEA8A7747EA9B0746EAC3
:1078B0000B165A404FEA4A637E4043EADB134FEA15
:1078C0004B67029947EADA1773401C1982EA0702EC
:1078D00045EB0202019B41EA0B05019943EA0A03C9
:1078E00001EA0A07029903EA080301EA0B063B438F
:1078F00005EA090514EB030C45EA060542EB050E03
:10790000009A009B55691B690999D0E904421B192B
:1079100045EB02025B180A99039C41EB02020599B0
:1079200081EA04050699049C4C4007990D4008998A
:107930000C4005994D4006994C4007995B1942EB64
:1079400004028C0B089944EA81448E0B079946EA9D
:1079500081468F0C089947EA81378D0C079945EAD3
:10796000813508996E40CD0507997C4045EA51253F
:10797000CF05089947EA51277C401C1985EA06057E
:1079800042EB050518EB04030A934FEA1E724FEA17
:107990008E7343EA9C034FEA1C7642EA0C124FEACC
:1079A0008C7747EA9E0746EA0E1682EA03024FEA00
:1079B0004C6386EA070643EADE13019983EA06036D
:1079C0004FEA4E6749EB050947EADC171C194AEAFA
:1079D0000C0382EA070203EA0103029945EB020263
:1079E0000AEA0C074BEA0E050BEA0E060D403B4374
:1079F000E31845EA060542EB05080993009A009B47
:107A00009B69D5690599D0E906421B1945EB02022D
:107A10005B180699079C41EB0202039981EA040571
:107A20000499089C4C400A990D4003994D400499D3
:107A300004EA09044C400A995B1942EB04028F0CDA
:107A40008C0B47EA893744EA89444FEA99364FEA72
:107A500099457C40CF0545EA813547EA592746EAF2
:107A600081466E407C404FEAC9551C1945EA5125B4
:107A7000019B099985EA060542EB05051B1905934B
:107A8000029B43EB05030693099B4FEA18721E0FF6
:107A900042EA03124FEA887343EA91038F0747EAE9
:107AA000980746EA08165A404B067E4043EAD81328
:107AB0004FEA486747EAD11773401C194CEA0106A0
:107AC00082EA070245EB02024EEA080306EA0A06CA
:107AD0000CEA01050EEA0807354303EA0B036119B6
:107AE00043EA070342EB0303009A0293009B556AA3
:107AF0001B6A0191D0E9084203991B1945EB020268
:107B00005B1804990A9C41EB0202079981EA04057B
:107B1000089981EA090405990D4006990C400799D6
:107B20004D4008994C4005995B1942EB04028C0BBF
:107B3000069944EA81448E0B059946EA81468F0CEA
:107B4000069947EA81378D0C059945EA81350699F2
:107B50006E40CD0505997C4045EA5125CF05069933
:107B600047EA51277C401C1985EA060542EB0505CA
:107B70001AEB040303934BEB05030493019B019958
:107B80001E0F029B46EA03161A0F019B42EA0312DC
:107B9000029B9B0743EA91038F0702995A4047EAE9
:107BA0009107019B7E404F0647EAD3175B0643EAE5
:107BB000D113734009991B19019C41EA04060299EB
:107BC00082EA070245EB020248EA0104019D099995
:107BD0000D40029906EA0C0608EA010735430099B0
:107BE00004EA0E045B1944EA070442EB0402D0E9FC
:107BF0000A67D1E90A450799A41945EB07056418F6
:107C00000899059E41EB05050A9981EA0607069940
:107C100089EA010603990F4004990E400A994F40E2
:107C2000039986EA0906E41945EB06058E0B0499CB
:107C300046EA814A8E0B03998F0C46EA81460499E5
:107C400047EA813B8F0C039947EA813704997E40CC
:107C5000CF0503998AEA0B0B47EA512ACF0504990D
:107C600047EA51278BEA0707E41986EA0A0645EB3B
:107C70000605170F1CEB04014FEA8276079146EACE
:107C800093064EEB05014FEA137C47EA03174FEAD0
:107C9000837E08914EEA920E019977404CEA021CCD
:107CA0005E068CEA0E0C46EAD2164FEA426E8CEA69
:107CB00006064EEAD31E41EA030C0299341987EAFC
:107CC0000E0745EB070741EA020509990CEA010C8A
:107CD000019901EA030602994CEA060601EA020E3E
:107CE00005EA0805009945EA0E0514EB060E47EB78
:107CF000050CD0E90C67D1E90C450A99A41945EBAC
:107D00000705039E6418059981EA06070699049EF3
:107D100081EA0606079907EA0107089906EA0106BB
:107D2000059987EA0107069986EA0106079949EB52
:107D30000505E41945EB06058E0B089946EA814ACC
:107D40008E0B079946EA81464FEA9149089949EA1C
:107D500081398F0C079947EA813708998AEA090A1D
:107D60004FEAC15907997E4049EA5129CF05089940
:107D700047EA51278AEA07070999E41986EA0906BA
:107D800045EB06054FEA1C7709194FEA8C760991F5
:107D900046EA9E0648EB050147EA0E174FEA1E78B1
:107DA0004FEA8E7949EA9C09774048EA0C184FEA75
:107DB0004E660A9188EA090801994FEA4C6946EA39
:107DC000DC1688EA060649EADE1943EA0E08341989
:107DD00008EA010887EA0907029945EB070703EA61
:107DE0000E0642EA0C050D4002EA0C09009948EA29
:107DF000060614EB060845EA090547EB0509D0E934
:107E00000E67D1E90E450599A41945EB07056418DD
:107E10000699079E41EB0505039981EA0607049937
:107E2000089E4E4009990F400A990E4003994F4011
:107E300004994E4009994FEA913A0A99E41945EBA1
:107E400006054AEA814A8E0B099946EA81464FEABD
:107E5000914B0A994BEA813B8F0C099947EA81378C
:107E60000A998AEA0B0A4FEAC15B09997E404BEAFC
:107E7000512BCF050A9947EA51278AEA0707E419E7
:107E800086EA0B0645EB060501994FEA19774FEA9A
:107E9000897646EA98064FEA187A47EA08174FEAC1
:107EA000887B09194BEA990B87EA06074AEA091AFF
:107EB0004FEA48668AEA0B0A05914FEA496B029934
:107EC00046EAD9168AEA06064BEAD81B41EB0501B9
:107ED00087EA0B0734194EEA080A45EB07070AEA56
:107EE000030A4CEA09050EEA080615400CEA090BDC
:107EF0004AEA0606069145EA0B05A119019147EBEE
:107F000005010291009940310091009C1B49A1425A
:107F100000F140007FF4F2ABCDE91232079B1893D9
:107F2000089B1993099B16930A9B1793059B14931F
:107F3000069B03990B9A1593CDE910EC019B1A91BE
:107F4000CDE90E8904990C93029B0D931B910CAB08
:107F500002F1400552F8081FD3E90040566809199C
:107F600040EB0600AA42C2E9001003F10803F1D178
:107F700000200DF53D7DBDE8F08F00BFE837020819
:107F800030B5034600282ED000240025C3E9004563
:107F900017A5D5E90045C3E9024517A5D5E9004570
:107FA000C3E9044516A5D5E90045C3E9064516A56C
:107FB000D5E90045C3E9084515A5D5E90045C3E95C
:107FC0000A4515A5D5E90045C3E90C4514A5D5E931
:107FD0000045C3E90E4514A5D5E90045C3E91045A0
:107FE0000020986430BD0120FCE700BFAFF30080A3
:107FF00008C9BCF367E6096A3BA7CA8485AE67BBBC
:108000002BF894FE72F36E3CF1361D5F3AF54FA5E6
:10801000D182E6AD7F520E511F6C3E2B8C68059BC2
:108020006BBD41FBABD9831F79217E1319CDE05B7A
:108030002DE9F8430D4616460446002847D000298E
:1080400045D0836C802B42D800F14C0716B93046DE
:10805000BDE8F883A36C93B97F2E10D9294620463A
:10806000FFF7AEFA0028F3D1D4E9003213F58063AC
:1080700042F10002C4E900328035803EE6E7C3F1F8
:108080008008B04528BFB04603F14B02224405EBFF
:1080900008094D4516D14344802BA3640ED13946BF
:1080A0002046FFF78DFA0028D2D1D4E9003213F52B
:1080B000806342F10002C4E90032A0644D46A6EBA1
:1080C0000806C3E715F8011B02F8011FE1E70120CC
:1080D000BEE7F8B50D46044600285DD000295BD008
:1080E000836C7F2B58D8D0E900670822E3FB026736
:1080F0005A1C03448021702AC0E90067826483F817
:108100004C100AD90022A36C7F2B39D904F14C0101
:108110002046FFF755FA0023A3640022A36C772BB7
:1081200034D93B0E84F8C4303B0C84F8C53036BAE1
:108130003B0A04F14C0184F8C63084F8C770C4F8D7
:10814000C8602046FFF73CFA294604F14002E37B71
:108150000B70E3894B70E3681B0A8B70E368CB708C
:10816000E37A0B7163894B71A3681B0A08348B7126
:108170002368CB71944201F10801E8D10020F8BDD9
:10818000591C2344A16483F84C20BCE7591C2344A8
:10819000A16483F84C20C1E70120F0E730B5B5B009
:1081A000054668461446FFF7EBFE48B90A4668469E
:1081B0002946FFF73DFF18B921466846FFF789FFBA
:1081C00035B030BD2DE9F041FCB00446DDF8088241
:1081D00048A81F460D461646FFF7D2FE202208EBA0
:1081E000020148A8FFF724FF3246294648A8FFF7B6
:1081F0001FFF10A948A8FFF76CFF10A801F010FEA0
:1082000010A920A801F08BFD20A9204601F067FDF0
:1082100048A8FFF7B5FE2146202248A8FFF708FF2F
:108220003946202248A8FFF703FF3246294648A8CE
:10823000FFF7FEFE694648A8FFF74BFF684601F0CE
:10824000EFFD10AB4246694604F1200002F02AFE21
:108250007CB0BDE8F0818378417802781B0443EA62
:10826000012343EA0200002170470023C0E90033E4
:10827000C0E90233C0E90433C0E90633C0E908337A
:10828000704700230122C0E90023C0E90233C0E99E
:108290000433C0E90633C0E9083370472DE9F047DD
:1082A00053684E688D68CC680F69D1F824A01E44CD
:1082B00093681D44D3681C44136907EB030C4F6992
:1082C000536907EB030E8F69936907EB0308CF69C6
:1082D000D36907EB0309136A0F6A09681F44536ADD
:1082E000126853440A44C0E90026C0E90254C0E9B8
:1082F00004CEC0E90689C0E90873BDE8F0872DE91E
:10830000F74F83688D68CC684E685D40C368524201
:108310005C4004EA0203019304690B69634003EAC9
:10832000020E44694B69634003EA020884698B6961
:10833000634003EA0209C469CB69634003EA020AA5
:10834000046A0B6AD0E900C7634003EA020B446A7F
:108350004B6A09687E4063408CEA01011640154073
:10836000134011408268019C5540C26885605440AA
:108370000269C46082EA0E020261426981EA0C016C
:1083800082EA08027740016047604261826982EABE
:1083900009028261C26982EA0A02C261026A82EA51
:1083A0000B020262426A5340436203B0BDE8F08FA1
:1083B0002DE9F04F8BB00B68019304684B68019D69
:1083C000029384EA050A8B684468029D039384EA59
:1083D0000509CB688468039D049384EA05080B694A
:1083E000C468049D059384EA050E4B690469059DE4
:1083F00006938B69079384EA050CCB69069D446953
:1084000008930B6A099384EA05074B6A8469079D00
:10841000DDF824B084EA0506C469089D6540046A55
:1084200084EA0B04D0F824B052428BEA030B0AEA28
:10843000020A09EA020908EA02080EEA020E0CEA38
:10844000020C17401640154014400BEA0202D0F807
:1084500000B08BEA0A0BC0F800B0D0F804B08BEA89
:10846000090BC0F804B0D0F808B08BEA080BC0F8CC
:1084700008B0D0F80CB08BEA0E0BC0F80CB0D0F8F6
:1084800010B08BEA0C0BC0F810B0D0F814B08BEA27
:10849000070BC0F814B0D0F818B08BEA060BC0F880
:1084A00018B0D0F81CB08BEA050BC0F81CB0D0F89F
:1084B00020B08BEA040BC0F820B0D0F824B08BEACF
:1084C000020BC0F824B0019880EA0A000860029804
:1084D00080EA09004860039880EA080088600498F0
:1084E00080EA0E00C860059880EA0C0008610698D2
:1084F000474007984F61464008988E61454009986B
:10850000CD61444053400C624B620BB0BDE8F08F2C
:108510002DE9F043D1E90098D1E902E3D1E90476ED
:10852000D1E90654D1E90821C0E90098C0E902E385
:10853000C0E90476C0E90654C0E90821BDE8F0832B
:108540002DE9F04F044608468DB050F8042B0592F3
:108550000D46FFF780FE8B0143EA90630B93830186
:10856000E81D0293FFF777FE4FEA4118430148EAFE
:10857000D06805F10A000693FFF76DFE4FEAC10BC4
:10858000C3004BEA507B05F10D000393FFF763FE38
:1085900083004FEA810A4AEA907A079305F11400B2
:1085A0002B690193FFF757FECF01C30147EA5067DC
:1085B00005F117000893FFF74EFE4FEA41194301FA
:1085C00049EAD06905F11A000493FFF744FE0E0151
:1085D000030146EA107605F11D000993FFF73BFE03
:1085E000810021F07E4121F0030101F18075059A9F
:1085F000680E4FF0130CA0FB0C0C831805F07E45A1
:1086000005932CBF012000204B1B0A93029B069D63
:1086100013F180720B9B4FEA526143F1000341EA70
:10862000C311491948EB6368029B069102F07E4230
:108630009B1A0B93039B079913F180734BF1000B6B
:108640005A0E42EACB1252180292039A03F07E436A
:108650004AEB6B61D31A0393019B13F180732CBF18
:10866000012500255A0E42EAC512089D5219019DA6
:1086700003F07E4347F1000EEB1A0793049B099F1A
:1086800013F1807549F100096B0E43EAC913DB1938
:1086900046EB6969049E05F07E45751B0495059DB2
:1086A00015F1007C40F1000B069810F1007702985C
:1086B00048F1000810F1007641F10001019112F13A
:1086C000007505994EF1000E0CF07C4A13F1007014
:1086D00049F100094FEA9C6CB1EB0A0A0B99C4F806
:1086E00000A04CEA8B1C1CEB010C0699C4F804C0DA
:1086F00007F07C4CB1EB0C0CBF0E0399C4F808C01A
:1087000047EA88177F180299E76006F07C47CF1B7D
:1087100001992761B60E46EA81160799761805F089
:108720007C41521AA261AD0E049A666145EA8E152B
:10873000AD1800F07C429B1A2362800E0A9BE56113
:1087400040EA8910C01860620DB0BDE8F08F2DE9D5
:10875000F04F8246D1E90003A5B0D2E90058089352
:108760008B680193CB6809930B6902934B690A9359
:10877000D1E906930B93D1E908630C9393680393B3
:10878000D36805931369069353690D9393690F9307
:10879000D3691693136A1893536A1993039B019C28
:1087A0004FF0130B0BFB03FC059B0BFB03F7069B26
:1087B0000BFB03F317930D9B0BFB03F310930F9B22
:1087C0000BFB03F30E93169B0BFB03F30793189B12
:1087D000DDF81CE00BFB03F2199B0BFB03F3049386
:1087E000089B04995B001193099B5B0012930A9B01
:1087F0005B0013930B9B5B0014930C9B5B00159326
:10880000119B83FB0131C0FB0531C4FB0231129C7B
:10881000C4FB0E31029CDDF838E0C4FB0E31139C22
:10882000DDF840E0C4FB0E31179CC9FB0431149CF9
:10883000C4FB0731159C0BFB08FEC6FB0C31C4FBC7
:108840000E31CDE91A31089B019C049985FB033E4A
:10885000C0FB083EC1FB043E099C0299C2FB043EDA
:10886000079CC4FB013E0E990A9CC1FB043E109973
:108870000B9CC1FB093E1799C1FB043E0C99049C5B
:10888000C7FB063ECCFB013ECDE91C3E119B039984
:1088900088FB033CC0FB013C0199C5FB013C1299DC
:1088A000C4FB013C0299139CC2FB013C0799C1FB2C
:1088B000043C0E99C1FB093C1099149CC1FB043C7B
:1088C0001799049CC1FB063C1599C7FB013CCDE9F7
:1088D0001E3C0899039B83FB01370599C0FB0137B8
:1088E0000199C8FB01370999C5FB01370299C4FBFF
:1088F00001370A990B9CC2FB01370799C1FB093765
:108900000E99C1FB043710990C9CC1FB06371799CF
:10891000C1FB043717931199059B209783FB0173C3
:108920000699019CC0FB01730399C1FB0473129962
:10893000049CC8FB01730299C5FB01731399C4FB26
:1089400001730799149CC2FB0973C1FB04730E9950
:10895000159CC1FB06731099C1FB04730699089C12
:10896000109781FB047C0D99019CC0FB017C05994B
:10897000C1FB047C0399099CC1FB047C02990C9CFB
:10898000C8FB017C0A99C5FB017C0499C1FB097CE9
:108990000B99C2FB017C0799C1FB067C0E99C1FBB8
:1089A000047C0D99119C0E9781FB047E0F99019C0C
:1089B000C0FB017E0699C1FB047E0599129CC1FB98
:1089C000047EDDE90241C1FB047E1399049CC8FBCF
:1089D000017E1499C5FB097EC4FB017E0799159C95
:1089E000C2FB067EC1FB047E0F99089CCDF884E093
:1089F000079781FB047E1699019CC0FB017E0D99AF
:108A0000C1FB047E0699099CC1FB047E0599029C6A
:108A1000C1FB047E03990A9CC1FB047E0B99019C57
:108A2000C8FB097EC5FB017E0499C1FB067E0C993B
:108A3000C2FB017E1199169ACDE9227E82FB0127A5
:108A40001899C0FB01270F99C1FB04270D99129CAF
:108A5000C1FB04270699029CC1FB04270599139CBE
:108A6000C1FB04270399C1FB09271499049CC8FB87
:108A700001271599C5FB0627C4FB01271192089908
:108A8000189A82FB01241999C0FB012416990198B8
:108A9000C1FB0024104609990F9AC2FB01040D9AEC
:108AA0000299C2FB01040A99069AC2FB0104059AC5
:108AB0000B99C2FB0904039AC2FB01040C9A1A9990
:108AC000C8FB0604C5FB02041A9A0E9D12F100763B
:108AD0001B9ACDE9080442F10000B40E1C9A44EA46
:108AE0008014A4181D9A06F07C4642EBA062891BF4
:108AF0000A911B9961EB00010B91109911F1007122
:108B000043F10006880E40EA86104019109D01F0DE
:108B10007C414CEBA66C691A63EB060314F180767A
:108B20001E9D42F100024FEA566E4EEAC21E1EEB37
:108B3000050504951F9D06F07E4645EB6262A41B69
:108B40000C9410F18074079D4CF1000C660E46EAFF
:108B5000CC1675190595219D04F07E4445EB6C6C8F
:108B6000001B0D900498179C089D10F10070019057
:108B700042F10002800E40EA82100019069020980F
:108B8000229C40EBA262059810F1007002904CF11B
:108B9000000C800E40EA8C100019239C44EBAC6C56
:108BA000069C14F18074039442F10002640E44EABE
:108BB000C214641843EB626310F18079119A4CF18E
:108BC000000C4FEA596141EACC11891847EB6C6CF3
:108BD00014F1007743F1000311F100784CF1000C1F
:108BE0004FEA9862079342EA8C12099B521943EBB1
:108BF000AC6C12F1807E4CF1000C4FEA5E650A9B72
:108C000045EACC15A5FB0B65F6184FEA6C6C0B9B7F
:108C10000BFB0C5545EB030516F1007C0C9B45F155
:108C200000050CF07C4B4FEA9C6C4CEA851CB6EBC3
:108C30000B061CEB0305019BCAF8045003F07C45AE
:108C4000049BCAF800605D1B039BCAF8085003F040
:108C50007E45069B5D1B079BCAF80C5007F07C45C0
:108C6000BF0E47EA83170D9B641BFF18029BCAF8CF
:108C70001040059CCAF8147009F07E4908F07C4841
:108C80000EF07E4E03F07C43E31AB0EB0900B1EB2B
:108C90000801B2EB0E02CAF81830CAF81C00CAF874
:108CA0002010CAF8242025B0BDE8F08F2DE9F04F40
:108CB0006C4B0A68CC684D688BB082FB03820392D0
:108CC00084FB034204924A6982FB03E20592CA696B
:108CD00082FB032601924A6A069682FB039219F1EF
:108CE000807C42F100024FEA5C664FF0130B46EACB
:108CF000C216A6FB0B6A52160BFB02AA16EB080261
:108D00000292039A85FB03570CF07E4C4AEB020A51
:108D1000B9EB0C0215F18076079247F100078A68DB
:108D20004FEA566C4CEAC71C06F07E467F16C2FB23
:108D300003C7AA1B0892049ACDF80CC014F18075E1
:108D400042F10006B9460A696F0E47EAC61705F0F8
:108D50007E457616C2FB0376621B0992059A04973C
:108D60001EF1807842F100044FEA58658A69096A69
:108D700045EAC4156416C2FB0354019A059508F030
:108D80007E48BEEB080812F1807E069A4FEA5E65C7
:108D900042F1000245EAC2155216C1FB0352019B83
:108DA0000EF07E4EB3EB0E0E029B13F1007C039B84
:108DB0004AF1000A13F1007749F100030193049B83
:108DC000AB4613F10075059B46F1000613F10071E7
:108DD00044F100041BF1007342F100020692029A72
:108DE0000CF07C49B2EB09094FEA9C6C089AC0F878
:108DF00000904CEA8A1C1CEB020C039AC0F804C0D9
:108E000007F07C4CB2EB0C0C019AC0F808C0BF0E06
:108E100047EA8217099ABF18C760049A05F07C4791
:108E2000AD0E45EA8615D71B15EB0805059A456179
:108E300001F07C45890E41EA8411551B11EB0E01AE
:108E4000069AC16103F07C419B0E43EA8213079AA4
:108E50000761BBEB01019B188561016243620BB0A6
:108E6000BDE8F08F42DB01004B682DE9F041C3F112
:108E7000000E8B68CF680E694D698C69C3F1000CD8
:108E8000CB69C3F100080B6A5A424B6A09687F42FA
:108E900076426D4264425B424942C0E9001EC0E92D
:108EA00002C7C0E90465C0E90648C0E90823BDE877
:108EB000F0812DE9F04F0A468246D2E9024097B090
:108EC0004FF0260C0690D2E904B00190D2E906E0FA
:108ED0000390106A526A089262000592069A039EF5
:108EE0000490520000924FEA4B020C92019A5200F9
:108EF0000292039A0CFB06F75200049E0992D1E9F4
:108F00000013132202FB06F8089E079302FB0EF0E3
:108F1000019A5D000CFB06F60CFB02F385FB062CA8
:108F2000C1FB012C4FEA410961464FEA440CCCFBDE
:108F30000821DDF800C0CCFB07214FEA4B0CCCFB2D
:108F400000219446019AC2FB03C1CDE90AC1079BE7
:108F5000009984FB06C2C9FB03C2C1FB08C2029987
:108F6000CBFB07C2C1FB00C2CDF834C0009983FB24
:108F7000053CC9FB043CC1FB063C4FEA4B01C8FB66
:108F8000013C0299C1FB073C1946CEFB001CCDE910
:108F90000E1C069984FB0530C9FB01300299CBFBFE
:108FA0000630C1FB08301946CEFB0710CDE9101082
:108FB000009985FB0103C9FB0B030299C4FB040361
:108FC0004FEA4E0CC1FB06030399C8FB0C03C1FB1F
:108FD0000703019907908BFB0540C9FB0140DDE9C0
:108FE0000571C1FB07400999CEFB0640C1FB084053
:108FF0000299129485FB014CC9FB0E4C0699CBFBE0
:10900000074C009FC1FB074C0999C1FB064C049912
:10901000C1FB084C039906948EFB0547DDF81480CC
:10902000C9FB01470199C1FB08470099CBFB0147E8
:109030000499C1FB0647CDE913470999029C85FBBA
:1090400001780499C9FB01780599CEFB0178009954
:10905000C1FB04780899059CCBFB0B78C1FB067813
:109060000499099781FB05650899CDF85480C9FBDF
:1090700001650399C1FB046500990C9CCEFB016559
:109080000199C1FB04650A99089611F100770B99C3
:10909000129CAE464FEA976641F100050D9946EAEB
:1090A000851676180A9907F07C4742EBA562B1EB6A
:1090B000070B0B9961EB05010A91079911F10071FA
:1090C00043F100078D0E45EA87152D19079C01F025
:1090D0007C4140EBA760611A63EB070316F18077D0
:1090E0000E9C42F100024FEA576848EAC21818EB9A
:1090F000040403940F9C07F07E4744EB6262F41B68
:1091000015F1807640F100000794770E069C47EA3F
:10911000C0173C1906F07E464CEB606CA81B04940B
:109120000B900398109C159D10F10070009042F177
:109130000002800E40EA8210001905901198139CDD
:1091400040EBA262049810F1007001904CF1000C09
:10915000800E40EA8C100019149C44EBAC6C059C0A
:1091600014F18074029442F10002640E44EAC214C5
:10917000641843EB626310F18079099A4CF1000C9A
:109180004FEA596141EACC11891845EB6C6C14F136
:10919000007743F1000311F10078089D06934CF12C
:1091A000000C4FEA986242EA8C1252194EEBAC6CFA
:1091B00012F1807E4CF1000C4FEA5E65132345EA04
:1091C000CC15A5FB03654FEA6C6C03FB0C550A9BA1
:1091D00016EB0B0645EB030516F1007C079B45F1EA
:1091E00000050CF07C4B4FEA9C6C4CEA851CB6EBFE
:1091F0000B061CEB0305009BCAF8045003F07C45EA
:10920000039BCAF800605D1B029BCAF8085003F07C
:109210007E45059B5D1B069BCAF80C5007F07C45FC
:10922000BF0E47EA83170B9B641BFF18019BCAF80C
:109230001040049CCAF8147009F07E4908F07C487C
:109240000EF07E4E03F07C43E31AB0EB0900B1EB65
:109250000801B2EB0E02CAF81830CAF81C00CAF8AE
:109260002010CAF8242017B0BDE8F08F30B5A9B09F
:10927000044668460D46FFF71CFE69460AA8FFF73C
:1092800018FE0AA90846FFF714FE0AAA2946104646
:10929000FFF75DFA0AAA69466846FFF758FA694679
:1092A00014A8FFF706FE0AA9084614AAFFF74FFA0A
:1092B0000AA914A8FFF7FDFD042514A90846FFF725
:1092C000F8FD013DF9D10AAA104614A9FFF73FFAAB
:1092D0000AA914A8FFF7EDFD092514A90846FFF710
:1092E000E8FD013DF9D114A908460AAAFFF72FFAB3
:1092F00014A91EA8FFF7DDFD13251EA90846FFF7D8
:10930000D8FD013DF9D114AA10461EA9FFF71FFA96
:1093100014A90846FFF7CDFD092514A90846FFF753
:10932000C8FD013DF9D10AAA104614A9FFF70FFAAA
:109330000AA914A8FFF7BDFD312514A90846FFF7B7
:10934000B8FD013DF9D114A908460AAAFFF7FFF9B3
:1093500014A91EA8FFF7ADFD63251EA90846FFF757
:10936000A8FD013DF9D114AA10461EA9FFF7EFF997
:1093700014A90846FFF79DFD312514A90846FFF7FB
:1093800098FD013DF9D10AAA104614A9FFF7DFF9AB
:109390000AA90846FFF78DFD04250AA90846FFF72C
:1093A00088FD013DF9D16A460AA92046FFF7CFF9A9
:1093B00029B030BD2DE9F04F97B00A6902924A6991
:1093C0000392D1E906A2D1E9026705920A6A0692E0
:1093D0004A6A0892720007927A000992029ADDF8AE
:1093E00014C0019052000A92039A52000492059A06
:1093F000262000FB0CF85200DDF818C00B92D1E9D2
:109400000053132202FB0CF9DDF820C002FB0AF422
:10941000039A00FB0CFB4FEA430E50438EFB0B2CD0
:10942000C5FB052C690065464FEA460CCCFB0925B7
:109430004FEA470CCCFB0825DDF828C0CCFB0425FF
:109440009446039AC2FB00C586FB0B20CDF838C0BA
:10945000C1FB03204FEA470CCCFB0920DDF808C014
:10946000CCFB08209446049AC2FB04C083FB0E3256
:10947000CDF83CC0C1FB06324FEA470CCCFB0B32A7
:10948000DDF828C00C90C9FB0C32DDF810C0029842
:10949000CCFB08329C46CAFB04C2CDF840C0029CFB
:1094A00086FB0E3CC1FB073CC4FB0B3C049CC4FB8D
:1094B000093C1C46CAFB084C11947C008EFB04340A
:1094C000C1FB00340498C6FB0634C0FB0B344FEAE2
:1094D0004A00C9FB003405981E46C0FB0864029888
:1094E000129680FB0E630398C1FB00630798C7FBCD
:1094F00000630B98CAFB0B63C0FB096304980D93D0
:109500001396079B8EFB00680298C1FB0A68C0FB9C
:1095100003687800C7FB00680B984746C0FB0B67E1
:109520000698C0FB0967059814968AFB0E68C1FB74
:1095300000680398DDF82490C0FB03680298C0FB24
:1095400009680698C0FB0B6815960B988EFB009671
:109550000698C1FB0096CAFB03960998049BC0FBC2
:1095600003960298109BC0FB00960898C0FB0B96D0
:109570000698CDF8089080FB0EE90898C1FB00E939
:1095800049460598DDF81C90C0FB09E10998DDF813
:109590002890CAFB00E10398DDF84CA0C0FB09E16C
:1095A0000E98F14610EB000E0F986D4110EB000B7A
:1095B0000C984041DB180393119B5241DB184CEB94
:1095C0000C0CCDF81CC0DDF848C006931CEB0C0C4D
:1095D0000D9B64411AEB0A0A5B410493149BDB1850
:1095E0000593159B7F41DB180B93029B0A9748EB71
:1095F0000808DB1876410C930D9619EB09060E96B8
:1096000049411EF1007645F100070F91B10E41EA84
:10961000871111EB0B0106F07C4640EBA760BEEB17
:10962000060B65EB070508951CF1007544F1000673
:10963000AF0E049BDDF80CE047EA861717EB0A072C
:1096400005F07C4543EBA663BCEB050564EB060621
:1096500011F1807440F100004FEA546C4CEAC01CD8
:109660001CEB0E0C04F07E4442EB6062091B099176
:1096700017F18071059CCDF810C043F10003480E2E
:1096800040EAC310001905900A9801F07E4140EBB2
:10969000636C791A0A91049911F10071029142F1F7
:1096A00000028B0E069943EA82135B180799069312
:1096B00041EBA26205990B9B11F100714CF1000C7A
:1096C000880E039140EA8C100699C01848EBAC6CE8
:1096D00011F1807A42F100034FEA5A6444EAC3145C
:1096E000641946EB636310F180790C9A0D9D4CF17F
:1096F000000C4FEA596141EACC11891845EB6C6CBA
:1097000014F1007743F1000311F100780E9D0793E7
:109710004CF1000C4FEA986242EA8C1252190F9DEC
:1097200045EBAC6C12F1807E4CF1000C4FEA5E65AB
:10973000132345EACC15A5FB03654FEA6C6C03FBCC
:109740000C55089B16EB0B0645EB030516F1007C48
:10975000019B0CF07C4B45F10005B6EB0B061E603F
:109760004FEA9C6C099B4CEA851C1CEB0305019B92
:109770005D60029B03F07C45049B5D1B019B9D602B
:10978000069B0AF07E4AB3EB0A05019BDD6007F0F9
:109790007C45641B1C61079B059CBF0E47EA831731
:1097A0000A9BFF18019B5F61039B03F07C43E31A54
:1097B00009F07E49019C08F07C480EF07E4EB0EB2B
:1097C0000900B1EB0801B2EB0E02A361E061216276
:1097D000626217B0BDE8F08F2DE9F04753684E681C
:1097E0008D68CC680F69F61A9368ED1AD368A4EBFC
:1097F000030A13694C6AA7EB030C4F695369A7EB83
:10980000030E8F699369A7EB0308CF69D369A7EBB0
:109810000309136A0F6A0968FF1A536A1268E31A88
:109820008A1AC0E90026C0E9025AC0E904CEC0E99C
:109830000689C0E90873BDE8F0870B462DE9F047BB
:10984000D3E90892D1E9008E4FF0130AD3E90476E8
:10985000D3E906540AFB02F3D1E902C103F1807394
:1098600008EB63630EEBA3630CEB636301EBA36391
:1098700007EB636306EBA36305EB636304EBA3638E
:1098800009EB636302EBA3635B160AFB03880EEB31
:10989000A86E0CEB6E6C01EBAC6107EB616706EB3D
:1098A000A76605EB666504EBA56428F07C4809EB28
:1098B000646929F07C4302EBA9624FEA28292EF063
:1098C0007E4E80F801904FEA284980F802904FEAD6
:1098D0008E0980F8008049EA186880F803804FEA12
:1098E000AE182CF07C4C80F804804FEAAE3880F83B
:1098F00005804FEACC0848EA9E5E80F806E04FEA11
:109900006C1E21F07E4180F807E04FEA6C3E80F843
:1099100008E04FEA411E4EEA5C5C80F809C04FEA5D
:10992000E10C80F80AC04FEAE12C80F80BC04FEA46
:10993000871C4CEAD1410173C7F3970126F07E469C
:109940004173C7F38F218173311225F07C45417437
:1099500031148174690041EA1661C174E91124F07F
:109960007E440175C7F38747E913C77306744175D1
:10997000E10041EAD55181756111C175611301762C
:10998000190141EA54514176191122F07E42817643
:109990001913C176910141EA13530377931043776A
:1099A000931292148377C277BDE8F08700B589B02F
:1099B00001466846FFF741FF9DF8000000F00100F6
:1099C00009B05DF804FB70B504460D461646FEF777
:1099D00096FC324605F1280104F12800FEF78FFCC1
:1099E000324605F1500104F15000BDE87040FEF729
:1099F00086BC00002DE9F0470646D4B29EB0D70FD2
:109A000006F1280A04EAE2728846A4EB420406F151
:109A10005009FEF736FC5046E4B2FEF732FC4FF434
:109A20007075484605FB08F5FEF71FFCDFF8D88087
:109A300084F00102B2FA82F208EB050130465209C5
:109A4000FFF7C1FF84F0020205F17801B2FA82F259
:109A5000414430465209FFF7B6FF84F0030205F196
:109A6000F001B2FA82F2414430465209FFF7ABFFEF
:109A700084F0040205F5B471B2FA82F24144304632
:109A80005209FFF7A0FF84F0050205F5F071B2FA64
:109A900082F2414430465209FFF795FF84F00602F6
:109AA00005F51671B2FA82F2414430465209FFF7C9
:109AB0008AFF84F0070205F53471B2FA82F241445C
:109AC00030465209FFF77FFF84F0080205F5527116
:109AD000B2FA82F2520941443046FFF774FF514610
:109AE0006846FEF715FD31460AA8FEF711FD494606
:109AF00014A8FFF7B9F93A4669463046FFF763FF05
:109B00001EB0BDE8F08700BFE83702082DE9F0433A
:109B1000054601F128088BB005F128060C461746CA
:109B20000A464146FEF7BAFB22464146304605F159
:109B30005008FFF751FE3A4629464046FEF707FE19
:109B400005F1780907F1280231463046FEF7FFFD9E
:109B500004F1780207F150014846FEF7F8FD04F1E0
:109B6000500211466846FEF799FB324641462846A8
:109B7000FFF732FE324641463046FEF78FFB4A463B
:109B800069464046FEF78AFB4A4669464846FFF763
:109B900023FE0BB0BDE8F083F8B501F178070C4661
:109BA00005463A4604F15006FEF7D1FD324604F16F
:109BB000280105F12800FEF7CAFD3A46314605F1B5
:109BC0005000BDE8F840FEF7C2BD2DE9F0410C465B
:109BD00001F178080546424604F1280604F15007D1
:109BE000FEF7B5FD3A46314605F12800FEF7AFFD18
:109BF0004246394605F15000FEF7A9FD324621469E
:109C000005F17800BDE8F041FEF7A1BD2DE9F04374
:109C100004460E468BB004F1500506F12809FFF703
:109C200048F904F1780849462846FFF742F904F15B
:109C3000280706F150014046FFF7BCFB4A46314673
:109C40003846FEF72BFB39466846FFF732F92246C5
:109C500029463846FEF722FB224629462846FFF7CA
:109C6000BBFD3A4669462046FFF7B6FD2A46414607
:109C70004046FFF7B1FD0BB0BDE8F08310B50446D8
:109C8000FEF7F3FA04F12800FEF7FBFA04F15000A6
:109C9000FEF7F7FA04F17800BDE81040FEF7E5BAE8
:109CA00038B504460D46FEF733FC05F1280104F1F2
:109CB0002800FEF72DFC05F1500104F15000BDE82D
:109CC0003840FEF725BC10B59EB004466846FFF745
:109CD000E7FF69462046FFF799FF1EB010BD30B57B
:109CE0009FB004460D4668465031FFF7BFFA6A46FA
:109CF00029460AA8FEF72BFD6A4605F1280114A89B
:109D0000FEF725FD14A92046FFF797FD0AA8FFF7E7
:109D10004DFEE37F83EAC013E3771FB030BDF0B59B
:109D2000F5B06A464D1E04461F311346164615F817
:109D3000010F00F00F078D424FEA10101F7058708E
:109D400003F10203F3D10025294692F900300B44B8
:109D5000DBB203F1080141F30311C8B20135A3EBF3
:109D600000133F2D02F8013BEFD196F83F30184425
:109D700086F83F002046FFF781FF012572576910E2
:109D80002EA8FFF737FE2EAA21464CA8FFF7BEFEED
:109D900002354CA92046FFF718FF412DEED1214690
:109DA0004CA8FFF790FF4CA910A8FFF7F5FE10A9EB
:109DB0004CA8FFF72BFF4CA910A8FFF7EDFE10A948
:109DC0004CA8FFF723FF4CA910A8FFF7E5FE10A948
:109DD0004CA8FFF71BFF4CA92046FFF7F6FE002515
:109DE000725769102EA8FFF705FE2EAA21464CA82F
:109DF000FFF78CFE02354CA92046FFF7E6FE402D0A
:109E0000EED175B0F0BD8378417802781B0443EA47
:109E1000012343EA020000217047006800217047D7
:109E20002DE9F04F9DB08346FFF7EDFFC0F314031B
:109E30000BF102000B93FFF7F0FFC0F354130BF18B
:109E400005000C93FFF7DFFFC0F394030BF107004D
:109E50000D93FFF7E2FFC0F3D4130BF10A0009934F
:109E6000FFF7DBFFC0F314130BF10D000A93FFF7AC
:109E7000CAFFC0F354030BF10F000E93FFF7CDFFA1
:109E8000C0F394130BF112000893FFF7BCFFC0F36B
:109E9000D4030BF115000793FFF7B5FFC0F31403CC
:109EA0000BF117000F93FFF7B8FFC0F354130BF13A
:109EB0001A000593FFF7A7FFC0F394030BF11C00F2
:109EC0000693FFF7AAFFC0F3D4160BF11F00FFF7AC
:109ED000A4FFC0F314170BF12200FFF794FFC0F3A7
:109EE00054080BF12400FFF798FFC0F394190BF10D
:109EF0002700FFF788FFC0F3D40A0BF12A00FFF711
:109F000082FFC0F314030BF12C000393FFF785FFCE
:109F1000C0F354130BF12F001093FFF774FFC0F33D
:109F200094030BF131000193FFF777FFC0F3D413D3
:109F30000BF134000293FFF770FFC0F314140BF120
:109F40003700FFF760FFC0F354030BF13900FFF750
:109F500064FFC0F394120BF13C00FFF75EFFDFF8E3
:109F600048E3C00840EA4170CD08A0FB0EC11CEBDD
:109F7000060C0EFB051141F100011191CB498E46F3
:109F8000A0FB0161F6190EFB0511C94F129641F1B4
:109F900000011391A0FB076116EB0806DFF814839C
:109FA0001496C0F1000608FB056E07FB0511A0FB27
:109FB000088741F1000118EB0909CDF854904EEBE8
:109FC0000709CDF85890DFF8F092A0FB09E709FBEC
:109FD00005771EEB0A0ACDF85CA047F1000ACDF820
:109FE00060A0DFF8D8A2039FDFF8BCE20AFB056699
:109FF000A0FB0A05C019039046EB050004900698E3
:10A00000119DA2FB0E7A3F18A848A2FB00694AF1F5
:10A01000000A16EB0C06DFF898C2129845EB090906
:10A02000A2FB0C582818139D0690A24845EB08087F
:10A03000149DA2FB000E4019AEEB020E4EEB010E7A
:10A040009D49159DA2FB01C11CEB05051195169DAF
:10A0500045EB010112919949944DA2FB01C1891A66
:10A06000179A1CEB02021392189A41EB0202149207
:10A070008D4AA3FB021C059A8918A3FB05254CF108
:10A08000000CD2194AEB0507DFF824A2A3FB0AA5AE
:10A090001AEB060A49EB0505864E1595069DA3FBAE
:10A0A000069619EB0505A6EB030646EB0806DFF856
:10A0B0000882A3FB088918EB00084EEB09001690F4
:10A0C0007E48A3FB00E0C01A119B1EEB030305931F
:10A0D000129BDFF8D4E140EB030306930F9BA4FB34
:10A0E0000E0EC018714BA4FB03934EF1000E19EB3A
:10A0F0000101DFF8BC914CEB030CA4FB09399B1860
:10A1000047EB09070F976B4FA4FB077917EB0A077B
:10A11000DDF854A0A9EB040949EB0A09DFF898A17E
:10A12000A4FB0A2A5219654D119246EB0A0AA4FBB8
:10A1300005652D1B16EB08041294169C5A4A45EB34
:10A1400004041594029C079EDDF80880A4FB0245D8
:10A15000A419564E029AA8FB068645F1000518EB95
:10A1600000004EEB0606DFF84881DDF808E0AEFBA4
:10A1700008E81EEB010E4CEB080C4E49DDF8088098
:10A18000A8FB0118C9180F9BA8EB020848EB0308AD
:10A19000494BA2FB0323D71949EB0309474A029B0A
:10A1A000A3FB02230F92029A9B1A07930F9A119B0B
:10A1B000D218079B029243EB0A0ACDF81CA03A4A38
:10A1C000DDF804A0AAFB02A3089A1AEB020A43F1E5
:10A1D00000030893019A354BA2FB0323121945EBA8
:10A1E0000305334C019B0F92A3FB0423121846EB8B
:10A1F00003063048019B019CA3FB000310EB0E00FB
:10A20000DFF8B4E0A3EB040343EB0C0CA4FB0E3E1D
:10A210005B1848EB0E01A046284CA8FB048E019C5D
:10A2200018EB0707AEEB040EDDF8208011974EEB1C
:10A2300009091AF580170F9C48F100084FEA575E8C
:10A240004EEAC82E1EEB040E4FEA575745F10005A3
:10A250007F050195BAEB07050F95089D65EB08058D
:10A2600012F5801446F100071695650D45EAC725DD
:10A27000640D2D184FEA44544CF1000C101B17903C
:10A2800066EB070613F5801041F100041896420DA5
:10A29000119E42EAC422400D92194FEA405049EB08
:10A2A00064571E1A0CE000BF132C0A00182D07007B
:10A2B00067FB090053C6F0FFD11502008390F5FF3C
:10A2C00061EB040119910299119611F5801007991B
:10A2D000029E41F10004430D129943EAC4235B1826
:10A2E0004FEA5050159908934FEA405041EB6451A2
:10A2F000361A0296079E139B66EB04061296059E7D
:10A3000016F58010069E46F10004460D46EAC42666
:10A3100016EB030A149E109B46EB64560796400DFD
:10A32000059E4005361A0596069E66EB04060696BF
:10A33000039E16F58014049E4FEA545046F100081F
:10A3400040EAC820C0184FEA5454039B4FEA6856AD
:10A350004FEA445446F100061B1B1093049B63EB29
:10A3600008031393019B1EF5801443F100094FEA83
:10A370005458179B48EAC92818EB03031493189BF9
:10A380004FEA545443F1000364051593BEEB0403F4
:10A390001793019B63EB090915F580144CF1000834
:10A3A000119B4FEA545E4EEAC82E1EEB0303119335
:10A3B0004FEA5454199B4FEA445443EB68532D1B06
:10A3C00019956CEB080512F5801418931A95029BE9
:10A3D00047F100054FEA545C4CEAC52C1CEB030323
:10A3E0000193129B4FEA545443EB65536405049365
:10A3F000131B1293089B67EB05051B9513F580153E
:10A4000041F10004059B069F6A0D42EAC422D3185D
:10A4100002934FEA5555089BD14A4FEA455547EB01
:10A4200064575D1B61EB04010691079903951AF5CA
:10A43000801341F10004109D0597590D41EAC42194
:10A4400049194FEA5353139D079F4FEA435345EB76
:10A450006455BAEB0303DFF80CA367EB0404A0FB1D
:10A46000027EA0FB0A8C02FB06EE0E9A0AFB06CCCB
:10A47000DDF83CA0BF184EF1000E18EB0A08CDF82D
:10A480003880DDF858804CEB080CCDF83CC0DFF884
:10A49000D8C2E246A0FB0C8C0AFB06CCDDF85CA01F
:10A4A00018EB0A084CEB090CDFF8C092CDF84CC051
:10A4B000C0F1000CCDF8408009FB06C8A0FB099A4A
:10A4C000D044DDF850A019EB0A0ADDF8549048EBAF
:10A4D0000908CDF85080DFF898824246A0FB089822
:10A4E00002FB0688199A19EB02091A9A48EB02082E
:10A4F000A04A02FB06CCA0FB0206119A821818980B
:10A500000792B4444CEB000C954ACDF820C0DDF81E
:10A5100028C0A1FB026016EB0C0C02FB050040F109
:10A5200000000A908F480246A1FB006002FB050074
:10A53000F21940EB0E00DFF830E211920E9A1590FE
:10A54000A1FB0E60B2180E92884E0F9A0EFB05000A
:10A5500040EB020237464842A1FB077E06FB050698
:10A560007644DDF840E00F92139A17EB0E0E46EB9F
:10A5700002027F4E10923246A1FB067602FB056670
:10A58000149A17EB0A0A46EB02027A4E139206FB64
:10A590000500734A734FA1FB0615284411EB09050A
:10A5A0001495A3FB025602FB0466099A40EB0800CF
:10A5B0001690AD18A3FB0701DFF8AC81119A46F1A4
:10A5C000000610EB0C00DDF828C007FB041141EB7E
:10A5D0000C0CA3FB0871BA181192159A08FB041110
:10A5E00041EB0202614915925F420E9A01FB047928
:10A5F000A3FB0118C844DDF83C90891848EB090911
:10A60000CDF83890DFF868914A46A3FB099819EB1A
:10A610000E09DDF840E002FB048848EB0E0ECDF891
:10A620003CE0DFF850E1029ADFF83C810EFB047752
:10A63000A3FB0E34274413EB0A04139B099447EB46
:10A6400003030A93464B059CDDF814A0A2FB037E8E
:10A6500003FB04EE0D9B434AFF18029BA3FB02433E
:10A660004EF1000E02FB0A33641943EB06030D930F
:10A67000029B029EA3FB08532A1808FB0A3343EBF4
:10A680000C0A029B05981092DFF8E0C0029ADDF8F0
:10A6900054805B420CFB0035A2FB0C0C119AAC44BD
:10A6A000334D80184CEB080C2A46A6FB0585059E09
:10A6B00002FB06550E9E029A18EB010145EB0608B7
:10A6C000059E2C4D05FB0633A2FB052512EB090662
:10A6D0000F9A05962B4443EB0203039E0E93204BE7
:10A6E000A6FB0392069E03FB06220C9E19EB0609AD
:10A6F00042F100030C931B4A039EA6FB0235069E03
:10A70000DB1902FB0655184F039E45EB0E053A4632
:10A71000A6FB07E7069E02FB06770D9A1EEB0406D2
:10A7200047EB02040D94039C039F0F96DDF818E09D
:10A73000109A66420D4C04FB0E6EA7FB0447A4184A
:10A74000774447EB0A02DFF828E0039FDDF818A002
:10A7500010927246A7FB0EE702FB0A770CE000BFDF
:10A76000132C0A00182D070067FB090053C6F0FFE1
:10A77000D11502008390F5FF1EEB000ECDF844E0EA
:10A7800047EB0C0ECDF84CE0DFF824C3DDF80CE00D
:10A790000CFB0A66AEFB0C0742183E4446EB080170
:10A7A00002920391C34A0199049EC348C34FA1FB7F
:10A7B000021C02FB06CC019E0B9AA6FB00E8049E3D
:10A7C000891800FB06880C9A019E4CF1000C1EEBC8
:10A7D000090EDDF8109048EB0208A6FB0726D218F8
:10A7E00007FB0966DDF80490049F46EB0506B44DAF
:10A7F000C9F1000905FB0793019FA7FB05701844E9
:10A800000F9BFF180D9B40EB03030693019DAD4B7F
:10A81000DDF810A01846A5FB03351B1900FB0A55EF
:10A820005446DFF88CA210980AFB0499019CA4FB03
:10A830000AA44C44DDF8449045EB000513981AEB4C
:10A84000090944EB0004049411F58014CDF8049038
:10A850004CF1000A4FEA545949EACA29640D19EB30
:10A860000E0E4FEA445448EB6A58B1EB04096CEB06
:10A870000A0C12F58014CDF830C04FEA545146F15D
:10A88000000C0698CDF82C9041EACC21640DC91932
:10A890004FEA445440EB6C50B2EB040966EB0C06F3
:10A8A00013F58012019F0D964FEA525445F10006B0
:10A8B000DDF810C0CDF8189044EAC624520DE41912
:10A8C0004FEA42524CEB665CB3EB020965EB0606BD
:10A8D0000F96029ECDF8109016F58013039E149FDC
:10A8E00046F100055A0D059E42EAC52292190E9EB8
:10A8F0004FEA535346EB6559029E5B05F61A0596DF
:10A90000039E66EB05060E96099E16F580130A9EB9
:10A9100046F100055E0D46EAC526F6190196169E1B
:10A9200046EB655602965B0D099E5B05F61A099685
:10A930000A9E129FDDF81CA066EB05060A96079E8C
:10A9400016F58015089E4FEA555346F1000643EA76
:10A95000C623DB194FEA55551B9F03934FEA455514
:10A9600047EB6657BAEB05050795089D069B65EB17
:10A9700006061EF5801548F1000A08966E0D46EA97
:10A98000CA26F61806960D9E049B4FEA555546EBCF
:10A990006A566D050D96BEEB050668EB0A0811F5C3
:10A9A000801540F1000E10966E0D46EACE26F31883
:10A9B0000F9E04934FEA555546EB6E566D050F9664
:10A9C0004E1B119660EB0E0614F580114CF100053C
:10A9D000059B1296480D0E9E40EAC520C3184FEA0B
:10A9E000515146EB655649050E96661A13966CEB67
:10A9F000050612F5801149F100040593480D099BE5
:10AA0000149640EAC4200A9EC3184FEA515146EBFF
:10AA1000645649050A96561A1593169669EB04066C
:10AA20001796019E079BDDF84090254C16F5801285
:10AA3000029E4FEA525146F1000041EAC021089EB1
:10AA4000CB1846EB60561996520D019E189352058D
:10AA5000B61A039B0196029E66EB000613F5801161
:10AA60004FEA51524FEA51514FEA415147F100002C
:10AA700002965E1A0F4B1A9642EAC02267EB000656
:10AA80004FEA605E1B96A2FB036703FB0E770B9BEE
:10AA900009490A48F6180C9B47EB0307A2FB01C3C0
:10AAA0001CEB090C01FB0E33069943EB08030BE08A
:10AAB0008390F5FF132C0A00182D070067FB09008F
:10AAC00053C6F0FFD1150200A2FB0059DDF8348017
:10AAD00003936D1800FB0E99C2F1000A04FB0EA14E
:10AAE00049EB0809A2FB044888441199E74B641814
:10AAF000129948EB0108A2FB030103FB0E11049B12
:10AB0000C0180F9B41EB0301E14B03FB0EAAA2FB14
:10AB100003E25244DDF84CA0149B1EEB0A0E4FEAF0
:10AB2000565A42EB03024AEAC72A039B1AEB0C0A65
:10AB3000C6F3140643EB675309964FEA5A5646EAA2
:10AB4000C326761949EB6353750D45EAC3252D19C4
:10AB500048EB63536C0D44EAC324241841EB635162
:10AB6000600D40EAC12010EB0E0042EB6153C4F3CC
:10AB7000140C059ACDF820C0440DDDF838C044EA25
:10AB8000C324A4184CEB6353C0F3140CCDF81CC0C1
:10AB9000600D169ADDF85CC040EAC32080184CEBCB
:10ABA0006353159AC4F3140C410DCDF818C041EA53
:10ABB000C321DDF828C089184CEB6353019AC0F318
:10ABC000140C480DCDF814C040EAC320DDF808C0CD
:10ABD00080184CEB6353189AC1F3140C410DCDF857
:10ABE00010C041EAC321DDF864C089184CEB6353FF
:10ABF0004A0DC0F3140C1A98CDF80CC042EAC322D7
:10AC0000DDF86CC012184CEB6353C1F3140CCDF893
:10AC100008C0510DC2F3140C9E4ACDF804C041EA9D
:10AC2000C321A1FB024C5B1502FB03CC099AA418BB
:10AC3000994AA1FB02E002FB0300984ACAF31407F9
:10AC40004CF1000C1EEB070EA1FB027802FB0388FF
:10AC5000934AC1F10009C6F3140602FB039AC5F337
:10AC6000140540F10000BF19A1FB022648F10008BD
:10AC700052190992854A4AEB060AA1FB026502FBBA
:10AC80000355089AB618824A02FB0399A1FB0213E6
:10AC9000079A45F10005891849EB03034FEA545917
:10ACA00049EACC2919EB0E0940EB6C504FEA595C8C
:10ACB0004CEAC02C1CEB070C099A48EB60504FEA99
:10ACC0005C5E4EEAC02E1EEB020E4AEB60504FEA6D
:10ACD0005E5242EAC022961945EB6055720D42EA77
:10ACE000C522521843EB655306990598550D45EA60
:10ACF000C3256D184FEA635343F10003690D41EA20
:10AD0000C32109184FEA6353049843F100034FEA43
:10AD1000515A4AEAC32A1AEB000A4FEA635343F135
:10AD200000034FEA5A504FEA635840EAC320039B9E
:10AD3000C018C9F3140748F100034FEA5059DDF871
:10AD4000088049EAC32919EB08094FEA635343F124
:10AD500000034FEA595848EAC328019BC4F314047E
:10AD600018EB0308C9F314034FEA14298BF8019078
:10AD70004FEA47198BF8004049EA14448BF8024027
:10AD8000FC08CCF3140C8BF80340FC0A8BF804404D
:10AD90004FEA8C0444EAD7448BF80540CEF3140EF6
:10ADA0004FEA9C148BF806404FEACE1444EA9C34D8
:10ADB0008BF807404FEA5E04C6F314068BF8084090
:10ADC0004FEA5E248BF80940340144EA5E448BF874
:10ADD0000A403409C2F314028BF80B40340B8BF891
:10ADE0000C40941844EA1654C5F314058BF80D4032
:10ADF000D4098BF80E40AC0144EAD2328BF80F2014
:10AE0000AA08C1F314018BF81020AA0A8BF81120AC
:10AE1000CA0042EA9542CAF3140A8BF812204A0982
:10AE2000C0F314008BF813204FEA1A228BF8162077
:10AE3000420142EA1A428BF81720C2088BF8182008
:10AE4000C20A8BF819209A0042EAD0424FEAC81988
:10AE500049EA93398BF81A209A094FEA5803490BAB
:10AE60008BF81D304FEA58234FEA58488BF81410DE
:10AE70008BF815A08BF81B208BF81C908BF81E30DC
:10AE80008BF81F801DB0BDE8F08F00BFD115020008
:10AE90008390F5FF132C0A00182D070067FB0900AB
:10AEA00053C6F0FF2DE9F04FB9B091460190084626
:10AEB0009B460D46FEF7A7FFC0F31408A81CFEF73B
:10AEC000ACFFC0F35416681DFEF79DFFC0F3940459
:10AED000E81DFEF7A2FFC0F3D41305F10A000293A8
:10AEE000FEF79BFFC0F3141305F10D000393FEF76B
:10AEF0008AFFC0F3540305F10F000493FEF78DFFA2
:10AF0000C0F3941305F112000593FEF77CFFC0F324
:10AF1000D40305F115000693FEF775FFC0F3140383
:10AF200005F117000793FEF778FFC0F3541305F1FE
:10AF30001A000893FEF767FFC0F3940305F11C00A5
:10AF40000993FEF76AFFCB094FEAD01A48464AEA4E
:10AF5000416A1393FEF757FFC0F3140709F102008B
:10AF6000FEF75BFFC0F3541509F10500FEF74BFF38
:10AF7000C0F3940309F107000A93FEF74EFFC0F3F4
:10AF8000D41309F10A000B93FEF747FFC0F3141323
:10AF900009F10D000C93FEF736FFC0F3540309F1DD
:10AFA0000F000D93FEF739FFC0F3941309F112005F
:10AFB0000E93FEF728FFC0F3D40309F115000F9399
:10AFC000FEF721FFC0F3140309F117001093FEF7F9
:10AFD00024FFC0F3541309F11A001193FEF713FF75
:10AFE000C0F3940309F11C001293FEF716FFCB097E
:10AFF0004FEAD019584649EA41691493FEF703FF16
:10B0000015900BF10200FEF708FF18900BF10500F8
:10B01000FEF7F9FE17900BF10700FEF7FEFE199000
:10B020000BF10A00FEF7F9FE1A900BF10D00FEF786
:10B03000EAFE1B900BF10F00FEF7EFFE1C900BF1E8
:10B040001200FEF7E0FE1D900BF11500FEF7DBFE8F
:10B050001E900BF11700FEF7E0FE1F900BF11A0097
:10B06000FEF7D1FE20900BF11C00FEF7D6FE159ADC
:10B070008C468646C2F31402A8FB07108B18159362
:10B0800040F100031693189BA8FB0512C3F3541359
:10B090005B18A6FB071042F100025B18239342EBFA
:10B0A00000032493179BC3F394010A9BA8FB03237B
:10B0B0008818A6FB051243F10003401843EB020376
:10B0C000A4FB0721821843EB01031893199B1792E5
:10B0D000C3F3D4110B9BA8FB032388180A9AA6FB81
:10B0E000021243F10003401843EB0203A4FB0512D4
:10B0F000401843EB0203029AA2FB0721821843EB9C
:10B100000103259226930C9A1A9BA8FB0212C3F303
:10B1100014135B180B99A6FB010142F100021B18E6
:10B1200042EB01020A99A4FB01011B1842EB010248
:10B130000299A1FB05011B1842EB01020399A1FB37
:10B14000071013EB010B42EB000319930D9A1B9BA5
:10B15000A8FB0212C3F354035B180C99A6FB010170
:10B1600042F100021B1842EB01020B99A4FB010102
:10B170001B1842EB010202990A98A1FB00011B185F
:10B1800042EB01020399A1FB05011B1842EB0102EE
:10B190000499A1FB07105B18279342EB0003289347
:10B1A0000E9A1C9BA8FB0212C3F394135B180D9913
:10B1B000A6FB010142F100021B1842EB01020C99AF
:10B1C000A4FB01011B1842EB01020B980299A1FBA1
:10B1D00000011B1842EB01020A980399A1FB000130
:10B1E0001B1842EB01020499A1FB05011B1842EB5D
:10B1F00001020599A1FB07105B181A9342EB0003AB
:10B200001B930F9A1D9BA8FB0212C3F3D4035B1878
:10B210000E99A6FB010142F100021B1842EB01024C
:10B220000D99A4FB01011B1842EB01020C98029935
:10B23000A1FB00011B1842EB01020B980399A1FB33
:10B2400000011B1842EB01020A980499A1FB0001BE
:10B250001B1842EB01020599A1FB05011B1842EBEB
:10B2600001020699A1FB07105B18299342EB00032A
:10B270002A93109B1E99A8FB0332C1F314015B189B
:10B280000F99A6FB010142F100021B1842EB0102DB
:10B290000E99A4FB01011B1842EB01020D980299C3
:10B2A000A1FB00011B1842EB01020C980399A1FBC2
:10B2B00000011B1842EB01020B980499A1FB00014D
:10B2C0001B1842EB01020A980599A1FB00011B180B
:10B2D00042EB01020699A1FB05011B1842EB01029A
:10B2E0000799A1FB07105B181C9342EB00031D9309
:10B2F000119A1F9BA8FB0212C3F354135B181099F9
:10B30000A6FB010142F100021B1842EB01020F995A
:10B31000A4FB01011B1842EB01020E980299A1FB4C
:10B3200000011B1842EB01020D980399A1FB0001DB
:10B330001B1842EB01020C980499A1FB00011B1899
:10B3400042EB01020B980599A1FB00011B1842EB8F
:10B3500001020A980699A1FB00011B1842EB0102A9
:10B360000799A1FB05011B1842EB01020899A1FBFB
:10B3700007105B182B9342EB00032C93129A209B2F
:10B38000A8FB0212C3F394035B181199A6FB0101F9
:10B3900042F100021B1842EB01021099A4FB0101CB
:10B3A0001B1842EB01020F980299A1FB00011B1828
:10B3B00042EB01020E980399A1FB00011B1842EB1E
:10B3C00001020D980499A1FB00011B1842EB010238
:10B3D0000C980599A1FB00011B1842EB01020B9888
:10B3E0000699A1FB00011B1842EB01020A9807997C
:10B3F000A1FB00011B1842EB01020899A1FB05010A
:10B400001B1842EB01020999A1FB07105B181E9360
:10B41000149942EB00034FEADE1E1F934EEA4C6E76
:10B42000A8FB092308FB013312EB0E0E43EBDC12E1
:10B43000129BA6FB03311EEB030342EB01021199A1
:10B44000A4FB01011B1842EB010210980299A1FB19
:10B4500000011B1842EB01020F980399A1FB0001A8
:10B460001B1842EB01020E980499A1FB00011B1866
:10B4700042EB01020D980599A1FB00011B1842EB5C
:10B48000010206990C98DDF84CC0A1FB00011B18C5
:10B4900042EB01020B980799A1FB00011B1842EB3C
:10B4A00001020A980899A1FB00011B1842EB010256
:10B4B0000999A1FB05011B1842EB0102AAFB070138
:10B4C0001B1807FB0C1141EB020C14992D93A6FBE2
:10B4D000093206FB01221299139EA4FB01011B18DD
:10B4E00042EB010211980299A1FB00011B1842EBEB
:10B4F000010210980399A1FB00011B1842EB010205
:10B500000F980499A1FB00011B1842EB01020E9851
:10B510000599A1FB00011B1842EB01020D98069949
:10B52000A1FB00011B1842EB01020C980799A1FB3B
:10B5300000011B1842EB01020B980899A1FB0001C6
:10B540001B1842EB0102DDE90910A1FB00011B18E9
:10B5500042EB0102AAFB050105FB06111B18209313
:10B5600041EB020314992193A4FB093204FB01224D
:10B57000029912980A9DA1FB00011B1842EB0102DF
:10B5800011980399A1FB00011B1842EB01021098CE
:10B590000499A1FB00011B1842EB01020F980599C9
:10B5A000A1FB00011B1842EB01020E980699A1FBBA
:10B5B00000011B1842EB01020D980799A1FB000145
:10B5C0001B1842EB01020C980899A1FB00011B1803
:10B5D00042EB01020B980999A1FB00011B1842EBF9
:10B5E00001020A99AAFB010105FB06111B182E9303
:10B5F00041EB02032F93029B14990298A3FB09329B
:10B6000000FB012203991298A1FB00011B1842EBD9
:10B61000010211980499A1FB00011B1842EB0102E1
:10B6200010980599A1FB00011B1842EB01020F982D
:10B630000699A1FB00011B1842EB01020E98079925
:10B64000A1FB00011B1842EB010208990D980B9D0C
:10B65000A1FB00011B1842EB01020C980999A1FB08
:10B6600000011B1842EB01020B99AAFB010105FB2B
:10B6700006111B18029341EB02030A93039B1499D2
:10B6800003980C9DA3FB093200FB01220499129838
:10B69000A1FB00011B1842EB010211980599A1FBC7
:10B6A00000011B1842EB010210980699A1FB000152
:10B6B0001B1842EB01020F980799A1FB00011B1810
:10B6C00042EB01020E980899A1FB00011B1842EB06
:10B6D00001020D980999A1FB00011B1842EB010220
:10B6E0000C99AAFB010105FB06111B18309341EBD5
:10B6F00002033193049B14990498A3FB093200FBC5
:10B70000012205991298A1FB00011B1842EB0102CE
:10B71000069911980D9DA1FB00011B1842EB010237
:10B7200010980799A1FB00011B1842EB01020F982A
:10B730000899A1FB00011B1842EB01020E98099920
:10B74000A1FB00011B1842EB01020D99AAFB0101AC
:10B7500005FB06111B18039341EB02030493059BA1
:10B76000149905980E9DA3FB093200FB012206994E
:10B770001298A1FB00011B1842EB010211980799D6
:10B78000A1FB00011B1842EB010210980899A1FBD4
:10B7900000011B1842EB01020F980999A1FB00015F
:10B7A0001B1842EB01020E99AAFB010105FB0611D1
:10B7B0001B18329341EB02033393069B14990698AE
:10B7C000A3FB093200FB012207991298A1FB00019B
:10B7D0001B1842EB0102089911980F9DA1FB000173
:10B7E0001B1842EB010210980999A1FB00011B18DC
:10B7F00042EB01020F99AAFB010105FB06111B1880
:10B80000059341EB02030693079B149A0798109D3A
:10B81000A3FB091300FB0233089A1298A2FB000253
:10B82000091843EB02031198099AA2FB00020918B8
:10B8300043EB0203109AAAFB0202091805FB062239
:10B8400042EB03033593089B089834911499A3FBAA
:10B85000092300FB013309991298A1FB000112187A
:10B8600043EB0103344611992046119CAAFB0116B3
:10B87000521804FB006646EB0306099B099CA3FBD8
:10B880000901149BDDE9127504FB0311129BAAFB4D
:10B890000343001907FB053341EB0303369037934D
:10B8A000149B16980AFB03F3AAFB097E09FB0533D8
:10B8B00003EB0E0122911599239D11F5801140F1A2
:10B8C00000004C0D44EAC02464190794249C4FEAFC
:10B8D000515144EB6059159C4905611A2391169901
:10B8E000259C61EB000116911799189811F58011AC
:10B8F00040F10005480D40EAC5200019269C4FEA9A
:10B90000515144EB6558179C4905611A17911899D4
:10B91000279C61EB0501189119991BF5801541F1E0
:10B92000000A690D41EACA210919289C4FEA5555B8
:10B9300044EB6A546D050894BBEB05042494199CF0
:10B9400064EB0A0419941A9C14F580151B9C4FEAA9
:10B95000555B44F1000A299C4BEACA2B1BEB0404FB
:10B9600009942A9C44EB6A540B946D0D1A9C6D0546
:10B97000641B1A941B9C64EB0A041B941C9C14F516
:10B9800080151D9C4FEA555A44F1000B2B9C4AEA46
:10B99000CB2A1AEB04040C942C9C44EB6B540D94AE
:10B9A0006D0D1C9C6D05641B1C941D9C64EB0B04AD
:10B9B0001D941E9C14F580151F9C4FEA555A44F1A6
:10B9C000000B2D9C4AEACB2A1AEB04040E944FEA92
:10B9D00055551E9C4FEA45554CEB6B5C641B1E9401
:10B9E0001F9C64EB0B041F94209C14F58015219C74
:10B9F0004FEA555A44F1000B2E9C4AEACB2A1AEB27
:10BA000004040F942F9C44EB6B5410946D0D209CF8
:10BA10006D05641B2094219C64EB0B042194029C13
:10BA200014F580150A9C4FEA555A44F1000B309CDE
:10BA30004AEACB2A1AEB04041194319C44EB6B5470
:10BA400012946D0D029C6D05641B02940A9C64EBBC
:10BA50000B042594039C14F58015049C4FEA555A59
:10BA600044F1000B329C4AEACB2A1AEB04040A94F4
:10BA7000339C44EB6B5413946D0D039C6D05641B58
:10BA80000394049C64EB0B042694059C14F5801528
:10BA9000069C4FEA555A44F1000B349C4AEACB2AE3
:10BAA0001AEB04040494359C44EB6B5414946D0D10
:10BAB000059C6D05641B0594069C64EB0B0412F554
:10BAC000801546F1000B06944FEA555A369C4AEA17
:10BAD000CB2A1AEB040A4FEA5555379C4FEA4555D5
:10BAE00044EB6B54521B159466EB0B06279217F52B
:10BAF00080124FEA525B4FEA52524FEA425243EBF6
:10BB00000E03BF1A229A179C4BEAC32B4FEA635EBF
:10BB100062EB03032293079B13F5801349F10005A1
:10BB20005A0D42EAC52212191792189A42EB655231
:10BB300018925B0D079A5B05D31A289369EB0503EE
:10BB4000299310F5801348F10004249D5A0D42EA10
:10BB5000C422521924924FEA5353199A4FEA43537D
:10BB600042EB6452C31A19922A93089A68EB0403B1
:10BB70002B9311F5801342F100001A9C5A0D42EAF2
:10BB8000C02212191A924FEA53531B9A4FEA435399
:10BB900042EB6052CB1A2C93089B1B9263EB000381
:10BBA0002D93099B0B9A1C9813F5801342F1000109
:10BBB0005A0D42EAC12212181C921D9A42EB6152A0
:10BBC0001D925B0D099A5B05D31A2E930B9B0D9A60
:10BBD0001E9863EB01032F930C9B13F5801342F126
:10BBE00000015A0D42EAC12212180B921F9A2098A6
:10BBF00042EB61521E925B0D0C9A5B05D31A0C93BB
:10BC00000D9B63EB01030D930E9B13F580124CF11A
:10BC10000003510D41EAC32111EB0009219902985B
:10BC200041EB63510891520D0E9952058A1A6CEB43
:10BC3000030C0F9B099213F58012109B4FEA52518F
:10BC400043F1000341EAC32109180E912599039895
:10BC500041EB63511F91520D0F9952058A1A0F92B1
:10BC6000109A62EB03031093119B13F58012129B41
:10BC70004FEA525143F1000341EAC32109182091D0
:10BC80002699059841EB63512191520D1199520566
:10BC90008A1A1192129A62EB030312930A9B139A67
:10BCA00013F5801342F10002590D41EAC22109182F
:10BCB00002910699279841EB625105915B0D0A9913
:10BCC0005B05CB1A2593139B63EB02031393049B31
:10BCD00013F58011149B4FEA515243F1000342EADD
:10BCE000C3221218039246EB63520692490D049A3E
:10BCF000099E4905521A0492149A62EB0303159A9D
:10BD000007931AF5801342F100015C0D229A44EA70
:10BD1000C124E4194FEA535342EB61585B05159A6D
:10BD2000BAEB030362EB0101D34AABFB0250AF193C
:10BD300002FB0E00D14E40EB0C000A90DDF820C053
:10BD4000ABFB065015EB090906FB0E0040EB0C0A95
:10BD5000DFF82CC30F9EABFB0C50AD190F95109D57
:10BD60000E9A0CFB0E0040EB05001090C548CBF17D
:10BD7000000500FB0E5CABFB0060B6181F9A0E9628
:10BD8000604440EB0202DFF800C31492119AABFB4F
:10BD90000C60B2181192129ABC4E0CFB0E0040EBD4
:10BDA00002021292209A06FB0E55ABFB0606821881
:10BDB0000892219ADFF8C8B2354445EB0202099295
:10BDC000AD4A1E9DA4FB026E02FB08EE0B9AB6184C
:10BDD0004EEB050EA94D0F9AA4FB050C05FB08CCF4
:10BDE0000A9DC0194CEB050CA4FB0B7517EB09075A
:10BDF0000BFB08550A97A34FDDF840B045EB0A0A44
:10BE0000654207FB0859CDF82CA0A4FB077ACA4469
:10BE1000DFF87492BF184AEB0B0A4A46A4FB09B933
:10BE200002FB08990E9A1BEB020B149A49EB0209CC
:10BE3000CDF83890DFF85492119A09FB0855A4FB0D
:10BE40000948A2180F92129A8C4C454445EB020205
:10BE50001092894ADDF83480A3FB025902FB019954
:10BE60000C9AAD1849EB08092246A3FB0448A41913
:10BE7000834E02FB018848EB0E083246A3FB06E620
:10BE80001EEB000E02FB016646EB0C067D480D968C
:10BE90005E4200FB016CCDF830E00A9AA3FB000E75
:10BEA000E644DDF82CC080184EEB0C02DFF8D8C158
:10BEB00011926246A3FB0CEC02FB01CC7246D7192F
:10BEC0004CEB0A0CDFF8C4A1039A0AFB0166A3FB42
:10BED0000A3113EB0B0E0E9BCDF828E00E4446EB17
:10BEE00003030B93644BDDF818E0DFF894B1A2FB79
:10BEF000036A03FB0EAA1C9BDDF874E05F4AF61888
:10BF0000039B4AEB0E0ADDF818E0A3FB021302FBC9
:10BF10000E334D1943EB0909039BA3FB0B130A19BD
:10BF20000BFB0E3343EB080E039B0E92CDF848E05B
:10BF3000039ADDF818E053495B4201FB0E34A2FB83
:10BF400001180C9ADDF834E08918A0444E4A039C8D
:10BF500048EB0E08DDF818E0A4FB02B402FB0E4427
:10BF6000119A1BEB000B44EB020E4848069C039A07
:10BF700000FB0433A2FB0020D219034443EB0C075F
:10BF80000C973D4B049F07980692A7FB037203FB97
:10BF900000222E9B0498394CFF182F9BDDF81CC003
:10BFA00042EB0302A0FB04309B1904FB0C00049E2F
:10BFB000DFF8CCC00D9340EB0A00DDF81CA00E9B0F
:10BFC000A6FB0C6475190CFB0A4444EB0909049C9C
:10BFD0002C4E1195654206FB0A5CCDF85090A146A7
:10BFE000A4FB0646E418129BDFF89CA0664446EBCF
:10BFF0000306079BA9FB0A9C0AFB03CC19EB010370
:10C000004CEB0808CDF848802049DDF81C800E93E1
:10C0100001FB0855DDF81080174BA8FB011C11EB44
:10C020000B08654445EB0E0ECDF810E0DDF808E096
:10C03000CDF80C80DDF81480104DDDF814B0DFF879
:10C0400040C0AEFB031E03FB08EE1A9BDDF86C80BC
:10C05000C9184EEB080EDDF808800D9BA8FB05897A
:10C0600018EB0708029F05FB0B9949EB0209A7FB98
:10C070000C27D2180CE000BF132C0A00182D070063
:10C0800067FB090053C6F0FFD11502008390F5FF4E
:10C090000CFB0B77DDF808B0029D059B47EB000712
:10C0A000DF48CBF1000B00FB03B3A5FB00C0184435
:10C0B000119B1CEB030C149B40EB030307935046AE
:10C0C000A5FB0A35DDF814A01B1900FB0A5545EB4A
:10C0D0000605D44E06FB0ABBDDF808A00E98AAFBA5
:10C0E0000664361812985C4444EB0004029411F57F
:10C0F00080144EF1000B4FEA545A4AEACB2A640DE1
:10C100001AEB08084FEA445449EB6B59091B0D918F
:10C110006EEB0B010E9112F5801147F100044FEA0E
:10C12000515E0798DDF80CB04EEAC42E490D1EEBA7
:10C130000C0C4FEA415140EB6450511A059167EBEA
:10C140000401079113F5801145F100044A0D029F87
:10C1500042EAC422490D92194FEA415147EB645E0D
:10C16000591A119165EB040112910399069D0C9FD8
:10C170000F9E11F58013049941F10004590D41EA15
:10C18000C4215B0D49194FEA435347EB6457BBEB9E
:10C19000030BCDF80CB0DDF810B06BEB040BCDF851
:10C1A00010B0DDF828B01BF58014DDF82CB04FEA94
:10C1B00054534BF1000543EAC523DDF840B09B1909
:10C1C0004BEB655BCDF830B0640DDDF828B0259EF3
:10C1D0006405BBEB040BCDF828B0DDF82CB06BEB9D
:10C1E000050BCDF82CB0DDF820B01BF58015DDF87F
:10C1F00024B04FEA55544BF1000A44EACA24A4196A
:10C200000294DDF84CB0059C4BEB6A566D0DDDF8E1
:10C2100020B06D05BBEB050BCDF83CB0DDF824B0CC
:10C220006BEB0A0B18F58015CDF824B04FEA555A80
:10C2300049F1000B4AEACB2A1AEB040ACDF840A0D8
:10C24000DDF81CA0119C4FEA55554AEB6B5A6D0561
:10C25000CDF84CA0B8EB050A69EB0B0B1CF580156B
:10C2600040F100094FEA555848EAC92818EB04087C
:10C27000CDF84480DDF84880039C4FEA555548EBE3
:10C2800069586D05CDF84880BCEB0508CDF85080A5
:10C2900060EB090812F580104EF1000C450DCDF849
:10C2A000548045EACC25DDF810802D194FEA505016
:10C2B00048EB6C584005CDF81880B2EB00080395A8
:10C2C000CDF868806EEB0C0811F5801547F1000081
:10C2D0000A9CCDF86C806A0DDDF82C8042EAC02201
:10C2E0006D0D12194FEA455548EB6058491B0591F1
:10C2F00067EB000108910C990F9CCDF81C8013F599
:10C30000801741F10000790DDDF82480049241EAA4
:10C31000C0217F0D09194FEA475748EB6055DB1BD9
:10C320000C9F414A029C67EB00002C9FDDF838907F
:10C33000A4FB02C81CEB070C2D9F3C4C02FB06889B
:10C3400048EB0708029FA7FB047E04FB06EE0D9C4A
:10C350003F194EEB090ECDF828E0DDF80890DFF824
:10C36000D0E07446A9FB0E9E19EB0A0904FB06EE09
:10C37000029CDFF8ACA0CDF82C904EEB0B0ECDF864
:10C3800030E0C4F1000E0AFB06E9A4FB0AABD94475
:10C39000DDF840B01AEB0B0BDDF84CA049EB0A09B5
:10C3A000CDF83490DDF808A0DFF888904C46AAFB61
:10C3B00009A904FB0699149C1AEB040A159C49EB85
:10C3C0000409184C04FB06EE2646029CA4FB064614
:10C3D000B644119EA419129E02944EEB06060996CD
:10C3E000A1FB026402FB0544249AB618199A44EB97
:10C3F00002020E4C0E922246A1FB044E14EB0C04DA
:10C4000002FB05EE4EEB080EDFF82480CDF83CE091
:10C41000A1FB08EC1EEB070710970A9F0CE000BF7A
:10C4200053C6F0FF8390F5FF132C0A00182D070068
:10C4300067FB0900D1150200DFF850E308FB05CCCB
:10C440004CEB07070A974F420EFB057CA1FB0EE859
:10C45000C444DDF82C801EEB0808DDF830E04CEB1E
:10C460000E0EDFF82CC3CDF82CE06246A1FB0CECDD
:10C470001EEB0B0BDDF834E002FB05CC4CEB0E0C95
:10C48000CDF830C0DFF80CC3C34A0CFB0577A1FB25
:10C490000C152F4411EB0A050D9547EB0905A3FB7D
:10C4A000027C02FB00CC2A9ABC4911952B9DDFF837
:10C4B000F092DFF8D8A2BF184CEB050CA3FB015E8D
:10C4C000AD190E9E01FB00EE4EEB060EA3FB0961BB
:10C4D00032190E920F9A09FB001141EB02025C42E5
:10C4E0000AFB00460F92A3FB0A19109AB1440A9E58
:10C4F000891849EB0602A64E10923246A3FB06A607
:10C500001AEB0808DFF88CA2914602FB00660B9A32
:10C510000AFB0044A3FB0A3046EB020613EB0B03B5
:10C520000A930C9B9C4ADFF874B2044444EB030367
:10C530000B93049BA3FB024A079B02FB03AA179BD6
:10C54000079AE418189B4AEB030A049BA3FB0B30E1
:10C550000BFB0200DB1940EB0C07049A9048834662
:10C56000A2FB00C0079A1CEB05050BFB02000C9513
:10C57000049A40EB0E0512958448079DC2F1000C09
:10C5800000FB05CEA2FB00050E9A80180F9A754499
:10C5900045EB0205CE464A46DDF81090A9FB0EEBAE
:10C5A000DDF81C9002FB09BB109A1EEB010E4BEB51
:10C5B00002097849DDF81CB0049A01FB0BCCA2FB00
:10C5C00001218C4412EB08014CEB0606724A0E96D0
:10C5D000059E0791A6FB02C1089EDFF8C081DDF829
:10C5E00020B002FB0611289E299A1CEB060C059E22
:10C5F00041EB0201A6FB082608FB0B66121946EB6D
:10C600000A04059EDFF898A10F92A6FB0A860AFB92
:10C610000B6618EB0303109346EB07031393059B7C
:10C62000059E0C9A5F42594B03FB0B78A6FB033621
:10C630009B18129ADFF858B10C934644DDF8148029
:10C6400046EB0206089AA8FB0BA80BFB02881AEB24
:10C65000000248EB050514954E48089D129200FB18
:10C660000577059D4C4AA5FB00052F4410EB0E05F0
:10C67000049547EB09050595039D484FA5FB020965
:10C68000069D02FB0599239A169D801849EB050922
:10C69000039DDDF818E0DDF818800F9AA5FB07A5CB
:10C6A0001AEB0C0A07FB0E55DFF8F4C0DDF80CE0BE
:10C6B00045EB0105AEFB0C1E0CFB08EEDDF80C8013
:10C6C00089184EEB040EC8F1000C304CDDF81880D0
:10C6D00004FB08C2DDF80C805B46A8FB0484DDF88F
:10C6E00040B01444139A18EB0B0844EB0204039A6D
:10C6F0009B46A2FB0327069B0BFB03770C9BD218E0
:10C7000047EB0607069B234E06FB03CC039BA3FBCC
:10C7100006636344DDF848C016EB0C0C149E43EB33
:10C72000060310F58016039349F1000B730D43EADD
:10C73000CB23760D13EB0A034FEA465645EB6B55B8
:10C74000B0EB060A69EB0B0911F580104EF10006FB
:10C75000CDF820904FEA505949EAC629400D19EB0F
:10C7600008084FEA405044EB6654B1EB00096EEB09
:10C77000060E12F5801147F100004E0DCDF83CE099
:10C7800046EAC026DDF80CE00CE000BF53C6F0FF1F
:10C79000D11502008390F5FF132C0A00182D070015
:10C7A00067FB0900CDF83090490D16EB0C064FEAF7
:10C7B00041514EEB6059B2EB010ECDF840E067EB12
:10C7C000000ECDF848E0DDF810E0079FCDF818A086
:10C7D0001EF58012DDF814E04FEA52504EF10001D0
:10C7E00040EAC120DDF838E0C0194EEB615A520D25
:10C7F000DDF810E003905205BEEB020ECDF81CE010
:10C80000DDF814E06EEB010ECDF814E0DDF828E061
:10C810000D981EF58012DDF82CE04FEA52514EF1D2
:10C82000000741EAC721DDF844E009184EEB675ED6
:10C83000CDF810E0520DDDF828E01A985205BEEB55
:10C84000020ECDF828E0DDF82CE06EEB070ECDF8F7
:10C850002CE0DDF808E01EF58017DDF824E04FEA53
:10C8600057524EF1000C42EACC221218DDF86CE06F
:10C8700002984FEA57574FEA47574EEB6C5EC01B82
:10C880000290099860EB0C0013F5801745F1000B3E
:10C8900009904FEA575C0C984CEACB2C1CEB00003B
:10C8A0000C904FEA57570F984FEA475740EB6B50A1
:10C8B000DB1B65EB0B0B0E9318F5801344F100079F
:10C8C0000D905D0D109845EAC7252818129D0F9010
:10C8D0004FEA535345EB67555B051095B8EB0305DD
:10C8E000119564EB070516F58013079812954FEA2A
:10C8F000535449F10005DDF8148044EAC52420189A
:10C900004FEA535348EB65585B05CDF81480B6EBFE
:10C9100003080790CDF84C80039B0A98DDF82C8023
:10C9200069EB050513F5801314954FEA53544AF14A
:10C93000000544EAC524201815904FEA5353039884
:10C9400048EB65585B05CDF82C80B0EB03086AEB2B
:10C9500005051695049DCDF80C8011F5801345F161
:10C960000004580D029D40EAC4204019099D029020
:10C970004FEA535345EB64555B051795CD1A18954F
:10C98000049D65EB040512F580114FEA51534FEAFF
:10C9900051514FEA41514EF100000495551AE44AB5
:10C9A000E449199543EAC0234FEA6058A3FB0267A4
:10C9B00002FB0877069AE04C6EEB0005B618089A61
:10C9C000DE481A9547EB02070E9DDDF834E0A3FB25
:10C9D00001C201FB08220C991CEB050CA3FB0059BA
:10C9E00042EB0B0200FB08996D18C3F1000A04FB2F
:10C9F00008A149EB0E09A3FB044E8E441199DFF800
:10CA000040B30692641812990F9A4EEB010EA3FBE5
:10CA10000B018018109A0BFB081141EB0201C94A67
:10CA200002FB08AAA3FB02835344DDF84CA0149A2E
:10CA300018EB0A084FEA565A43EB02034AEAC72AA0
:10CA4000069A1AEB0C0AC6F314060A9642EB6752D2
:10CA50004FEA5A5646EAC226761949EB6252750DDC
:10CA600045EAC2252D194EEB62526C0D44EAC224F0
:10CA70002018C5F3140541EB62510995450D45EAAF
:10CA8000C12515EB080543EB6152C0F3140C079B5D
:10CA9000CDF820C06C0DDDF814C044EAC224E418BF
:10CAA0004CEB6252039B600DC5F3140B40EAC220AD
:10CAB000169DC01845EB6252159BC4F31405410D39
:10CAC000079541EAC2210B9DC91845EB6252189B9C
:10CAD000C0F31405480D069540EAC220049DC01815
:10CAE00045EB6252029BC1F31405410D059541EAE5
:10CAF000C221179DC91845EB62524B0DC0F31405B6
:10CB00001998049543EAC2231A9D1B1845EB6252FB
:10CB1000C1F314050395580DC3F31405844B029516
:10CB200040EAC220A0FB034C521503FB02CC0A9B37
:10CB3000E418804BCAF31407A0FB03E14CF1000C8E
:10CB400003FB02111EEB070E41F100030A937B4B1E
:10CB50000999A0FB037903FB0299774B4542C6F381
:10CB60001406BF1903FB025AA0FB033649F1000962
:10CB70005B1873494AEB060AA0FB016801FB0288B7
:10CB8000089976186F4901FB0255A0FB010248F194
:10CB9000000810EB0B0045EB0205620D0A9942EA12
:10CBA000CC2212EB0E0241EB6C514FEA525C4CEA84
:10CBB000C12C1CEB070C49EB61514FEA5C5747EA6B
:10CBC000C127FF184AEB61517B0D43EAC1239B1932
:10CBD00048EB61515E0D46EAC126361845EB6151BE
:10CBE000700D079DDDF81480DDF81090DDF80CA0C5
:10CBF00040EAC12040194FEA615141F10001450D61
:10CC00004FEA615E45EAC12506996D184EF10001B3
:10CC10004FEA555E4EEAC12E1EEB08084FEA6151FD
:10CC200041F100014FEA585E4EEAC12E1EEB0909A0
:10CC30004FEA615141F100014FEA595E4EEAC12EBF
:10CC40001EEB0A0A4FEA6151C9F3140E41F10001CB
:10CC50004FEA5A5949EAC129029919EB0109019988
:10CC6000C4F314040C70DDF804B0C2F31402210AFA
:10CC70008BF80110510141EA14418BF80210D108E0
:10CC8000CCF3140C8BF80310D10A8BF804104FEA84
:10CC90008C0141EAD242C7F314078BF805204FEA12
:10CCA0009C128BF80620FA0142EA9C328BF807208E
:10CCB0007A08C3F314038BF808207A0A8BF809204A
:10CCC0001A0142EA57428BF80A201A09C6F31406E1
:10CCD0008BF80B201A0B8BF80C20B21942EA135375
:10CCE000C0F314008BF80D30F3098BF80E3083017C
:10CCF00043EAD6338BF80F308308C5F314058BF85D
:10CD00001030830A8BF81130EB0043EA9043C8F3EC
:10CD100014088BF812306B098BF813304FEA182384
:10CD20008BF816304FEA4E1343EA18430CE000BF6D
:10CD3000132C0A00182D070053C6F0FF67FB0900EB
:10CD4000D11502008390F5FF8BF817304FEADE0310
:10CD5000CAF3140A8BF818304FEADE238BF8193027
:10CD60004FEA8A0343EADE438BF81A304FEA9A13FC
:10CD70008BF81B304FEAC91E4FEA59036D0B4EEA80
:10CD80009A3E8BF81D304FEA59234FEA59498BF8E8
:10CD900014508BF815808BF81CE08BF81E308BF844
:10CDA0001F9039B0BDE8F08FB0F85431B0F8502181
:10CDB000981A00F03F007047B0F85431B0F8502195
:10CDC0009BB293421ABFD0F84831985C4FF0FF30C5
:10CDD000704790F85231B0F85601C0B2834227BF75
:10CDE000C3F13F03C018C01A00F1FF30704707B508
:10CDF00003688DF807105B6801220DF10701984761
:10CE000003B05DF804FB13B50DF107010446E9F723
:10CE100047FC90B9B4F8C030B4F8BC20013303F03B
:10CE20003F03934209D0B4F8C020D4F8B4109DF861
:10CE3000070092B28854A4F8C03002B010BD0000C0
:10CE4000B0F8C220D0F8C41011FA82F202F03F020A
:10CE500010B5A0F8C220B0F8C210B0F8BE2089B258
:10CE60008A421BD0B0F8C240B0F8C210A4B240321F
:10CE7000121B544289B204F03F0402F03F02C1F198
:10CE8000400158BF62428A4228BF0A46C0F8C42007
:10CE90000349E9F741FC4FF0FF3010BD0020FCE7EB
:10CEA00041CE010803682DE9F0479B680446884697
:10CEB0001646984701232374D4F83831B4F85291B8
:10CEC00001338246C9F1400904F1940708D194F86E
:10CED0005D312BB1002384F85D313846E9F73EFC23
:10CEE000236820469B6898470028F9D035464D4571
:10CEF00023D8554521D8B4F85221D4F84C01531900
:10CF0000402B10442FD82A46414603F038FCA9464E
:10CF1000B4F852311D4405F03F05A4F8525138468B
:10CF2000E9F7ACFB30B91749C4F858914A4638467E
:10CF3000E9F7F2FB3046BDE8F087D145236828BF0A
:10CF4000D1464A4641465B682046984723682046BA
:10CF50009B689847A5EB0905C844B4F852918246EE
:10CF6000C9F14009C3E7C2F140094A46414603F00E
:10CF700006FCD4F84C01A5EB090208EB090103F00B
:10CF8000FEFBC5E741CE0108C0F83C31009BC0F86C
:10CF90004031914208BF4FF0FF3100F11403C0E966
:10CFA0004D21C0F8483100F154020023A0F854315B
:10CFB000C0E95323A0F8563170470000F7B54FF48D
:10CFC0007A7317460022C0E901231C4B03604FF01F
:10CFD000FF33C0F838311A4B1A4E04469C42B068F1
:10CFE0000D4605D1F368C4F83831C4F834010AE0BD
:10CFF0001549E9F7DDF9854215D1F368C4F83831F0
:10D00000B368C4F83431012F4FF0FF3308BFC4F8C0
:10D01000383100932046D4E94D214FF0FF33FFF71C
:10D02000B3FF03B0F0BD09492846E9F7D2F9064934
:10D03000C4F838012846E9F7CCF9D6E704B002086D
:10D04000A47900204C190208781702083C1702083E
:10D05000037C70B504460D46A3B1E4F7C3F9064658
:10D06000B4F85221B4F856319BB29A420AD0002D3E
:10D07000F8D0E4F7B7F9801B8542F1D8B4F85631FF
:10D08000A4F8523170BD0021FFF7E2BFD0F838316B
:10D09000013310B504460ED10368DB68984794F855
:10D0A0005D3143B9012384F85D3104F19400BDE89A
:10D0B0001040E9F763BB10BD7FB502F00703023BE8
:10D0C000DBB2042B0446C0F8601180F85E219CBFDF
:10D0D0001B48C05C02F0300388BF0020302B24D1F5
:10D0E00001304FF4C0630738022825D8E67C039648
:10D0F000A67C0296C2F3C0025203667C0092114ADB
:10D10000019604F1940552F820202846E9F73AFCEC
:10D1100084F85C0188B12046FFF7B8FF0A49284629
:10D1200004B0BDE87040E9F7D7BA12F020031CBF85
:10D1300001304FF48063D6E7FEE704B070BD00BF56
:10D14000F4AF0208E8AF020807CE010810B50446A4
:10D15000FFF79CFFB4F85421B4F8503192B29A42D0
:10D160001FBFD4F84821D05C013303F03F0314BF44
:10D17000A4F850314FF0FF3010BD000002490348C1
:10D180000022FFF71BBF00BF00800040A4790020F1
:10D1900070B505460C46084649B1E4F729F82B68F6
:10D1A0000246214628465B68BDE87040184770BDBE
:10D1B00008B5FFF7EDFF08BD03681B6818470000BE
:10D1C00008B50249FFF7E4FF08BD00BF28B0020818
:10D1D00038B50546FFF7DCFF04462846FFF7F0FFA9
:10D1E000204438BDFFF7F4BF70B50D46144630B18A
:10D1F000461E012E05D811462846E9F7DFFD2046D8
:10D2000070BD03685B689847F9E70EB403B503AADD
:10D2100052F8041B019203F0FFF802B05DF804EB32
:10D2200003B0704730B58BB00023012A0C468DF84F
:10D23000243098BF0A2209A92546B4FBF2F404FB66
:10D24000125303F0FF03092B94BF30333733DBB2A3
:10D25000AA4201F8013DEFD9FFF79AFF0BB030BDAC
:10D260002DE9F04107460E4614462AB90368BDE889
:10D27000F0411B68C9B218470A2A05D1002905DB0D
:10D28000BDE8F041FFF7CEBFD2B2F9E72D21FFF79D
:10D2900093FF2246054671423846FFF7C3FF2844F4
:10D2A000BDE8F08138B50546FFF7DAFF04462846A9
:10D2B000FFF786FF204438BD10B5044600F0BAFBE6
:10D2C000E060236820465B699847002808DA00F090
:10D2D000B1FBE368C01AA3689842F2D34FF0FF3065
:10D2E00010BDF8B507460D468E180C46B44201D164
:10D2F000601BF8BD3846FFF7DFFF031EF8DB04F8BC
:10D30000013BF3E72DE9F0410746884616461D46E6
:10D3100073B100243846FFF7CFFF031E05DB4345FA
:10D3200003D033550134A542F4D12046BDE8F08145
:10D330001C46FAE7114803681A0912F00C0F10B5E1
:10D3400019D10F4902F00F0251F822209AB1416819
:10D350000C4C03F00F03002954F823300CD0C4BF49
:10D3600001F1FF314160516901EA030023EA010341
:10D3700043EA0043936110BD9362FCE7B0010020D3
:10D3800008000020701A02082DE9FF41364D1928C7
:10D390002B680E4614461FD8344A52F8207043B901
:10D3A000B420E8F7F4FA32498046E8F757FAC5F8AE
:10D3B0000080781C1DD02F4B1A68511C01D0BA4236
:10D3C00017D1B6F5803F14D20EBB286888B104B0DF
:10D3D000BDE8F041E7F7F4BF00F0C002C02A0BD06F
:10D3E0003BB9B420E8F7D3FA21490446E8F736FA06
:10D3F0002C6004B0BDE8F081C828F1D81E4A00F0C6
:10D400003F0052F82010194A52F82170C7E7760001
:10D410001F6034B374434FF47A72B4FBF2F4012109
:10D4200038465C60E8F71EFF286802223146E8F7BC
:10D43000B3F900230193114B0093114B0393286818
:10D44000104B02936946E8F751FA029B1BB16946FB
:10D45000032208469847286804B0BDE8F041E8F781
:10D460009CB84FF0FF34DAE7087B00204C19020823
:10D4700000440140B00100202819020835D30108FA
:10D480004D5F00082D5F0008192838B523D81B4BC5
:10D4900053F820305A1C1DD0194D2A689A4219D1D0
:10D4A000184C2068B0B129B3E8F79CF92868431CF0
:10D4B00005D00021E8F7D6FE4FF0FF332B6025683A
:10D4C00035B12846E8F7D0F8B4212846E8F763FAE2
:10D4D0000023236038BD00F0C003C02BFAD1C82858
:10D4E000F8D8094B00F03F0053F82020034B53F8C5
:10D4F0002230CFE7BDE83840E7F762BF4C19020899
:10D50000B0010020087B002028190208C3B2192BA3
:10D5100016D8144A52F8233000F4E06003431A0985
:10D5200012F00C0F1DD1104902F00F0251F8220029
:10D53000B8B103F00F030121994089B2E8F70EBD9D
:10D5400000F0C002C02A0CD1C82B0AD8074B00F04B
:10D550003F0200F4E06053F82220024B53F82230DF
:10D56000DCE770474C19020808000020281902085F
:10D5700030B5C3B2192B85B01CD81B4C54F82340CE
:10D5800000F4E0600443022A28D0032A29D0002AAC
:10D590000CBF4FF404154FF488156846E8F773F98B
:10D5A0002A4669462046E8F753FD6846E7F7FFFE3E
:10D5B00005B030BD00F0C004C02C0CD1C82B0AD877
:10D5C0000A4B00F03F0400F4E06053F82440064B9F
:10D5D00053F82440D6E74FF0FF34D4E74FF4441516
:10D5E000DBE74FF40415D8E74C19020828190208A4
:10D5F00008B102F09DBC704710B5044628B102F096
:10D60000C5FC90FBF4F303FB1404204610BD8842D4
:10D6100010B5044603DA081AFFF7EEFF044420466B
:10D6200010BD704708B50320E4F72EFBBDE80840A5
:10D6300000F020BA08B5AFF30080EDF7DDF9EDF7A3
:10D6400017FA00F009FAFAE7C1B2082910B5024644
:10D6500011D8194850F8211002F4E0630B43C9B205
:10D66000192912D8154850F8210003F4E063184333
:10D67000431C10D010BD00F0C003C02B0BD1C82933
:10D6800009D80D4802F03F01E4E703F0C004C02CC4
:10D6900001D1C82908D9A2F1C903022B94BF02F60F
:10D6A00038704FF0FF30E5E703F03F0150F82100FC
:10D6B000024951F82000D8E7281902084C1902083D
:10D6C0000D488546E8F7A6FE0C480D490D4A002393
:10D6D00002E0D458C4500433C4188C42F9D30A4A27
:10D6E0000A4C002301E013600432A242FBD303F092
:10D6F00017F8FFF79FFFFEE7000001200000002061
:10D700003402002084B2020838020020E87C0020A5
:10D71000FEE791420FD008D9891A01238B40984225
:10D7200008D30130C8400138704720B10130521A87
:10D730009040F8E700207047431E1F2B0ED80C289E
:10D740000DDC06280DDD08280DDD0A28CCBF0C23D2
:10D750000A23064A1060064A13607047FEE70C234E
:10D76000F7E70623F5E70823F3E700BFBC01002035
:10D77000B801002010B5FFF767FF431C0AD0064C24
:10D780002168E8F7CDF9054B21681A68BDE810401B
:10D79000FFF7BFBF002010BDB8010020BC01002072
:10D7A000C3B2192B2DE9F0410D462AD82C4A52F864
:10D7B000233000F4E0641C43621C4ED0294EC4F3B5
:10D7C000031704F00F0856F8273023FA08F3DB0795
:10D7D00010D525492046E8F736FD18B32046E8F76E
:10D7E0004FF956F82730012202FA08F223EA020321
:10D7F00046F82730052D1FD8DFE805F01F2B252719
:10D80000292D00F0C002C02A27D1C82B25D8174BDC
:10D8100000F03F0200F4E06453F82220104B53F86C
:10D820002230C8E712492046E8F70DFD0028D8D07D
:10D830002046E8F771FAD4E7FEE700212046BDE86C
:10D84000F041E8F70FBD1021F8E72021F6E70321AA
:10D85000F4E70121F2E70921F0E7BDE8F08100BF1C
:10D860004C1902080C7B002098180208281902089D
:10D87000B4170208C3B2192B1BD8174A52F8233029
:10D8800000F4E0601843431C25D0030913F00C0F8B
:10D8900004BF124A03F00F0300F00F0008BF52F854
:10D8A00023300F4A18BF002352F8202091B19A610B
:10D8B000704700F0C002C02A0DD1C82B0BD8094B0D
:10D8C00000F03F0200F4E06053F82220024B53F8CE
:10D8D0002230D7E79A6270474C19020808000020EE
:10D8E000701A020828190208C3B2192B1BD8194A4A
:10D8F00052F8233000F4E0601843431C24D003099D
:10D9000013F00C0F22D103F00F03134A00F00F00A5
:10D9100052F82320114B126953F8203093430CBF67
:10D9200001200020704700F0C002C02A0CD1C82B93
:10D930000AD80B4B00F03F0200F4E06053F82220BD
:10D94000044B53F82230D7E70020704700231B69AF
:10D95000FFDE00BF4C19020808000020701A020800
:10D96000281902082DE9F843C3B2192B0C461546B5
:10D9700010D82D4A52F8233000F4E0601843000913
:10D9800003F00F03012610F00C0F06FA03F612D075
:10D99000002715E000F0C002C02A2BD1C82B29D8DF
:10D9A000224B00F03F0200F4E06053F822201E4BAF
:10D9B00053F82230E2E71E4B00F00F0053F82070BE
:10D9C000002C18BF344600F037F880463B693340DE
:10D9D000A34212D03B693340A34217D100F02CF888
:10D9E00081463B693340A34217D000F025F8A0EBF5
:10D9F000090009E04FF40046CAE700F01DF8A0EB6B
:10DA00000800A842E2D90020BDE8F88300F014F82D
:10DA1000A0EB0800A842DDD9F5E700F00DF8A0EB77
:10DA20000800A842DDD9EEE74C19020828190208BF
:10DA300008000020E8F7C2B9E8F79CB938B50446F9
:10DA400048B1E8F7BBF90546FFF7EBFDE8F7B6F993
:10DA5000431BA342F8D338BD08B5044B2BB104488F
:10DA6000FFF7A2F908B1AFF3008008BD0000000085
:10DA7000A4790020E8F748BA430803F05533C01AE8
:10DA8000830803F0333300F03330184400EB1010F8
:10DA900000F00F3000EB002000EB0040000E70475C
:10DAA0002DE9F047089D0C46002B4ED194468C453D
:10DAB0008646B2FA82F262D94AB1C2F1200391409D
:10DAC00020FA03F30CFA02FC194300FA02FE4FEAB3
:10DAD0001C471FFA8CF6B1FBF7F44FEA1E4307FB15
:10DAE000141143EA014304FB06F199420AD91CEBE5
:10DAF000030304F1FF3080F01281994240F20F815C
:10DB0000023C6344591A1FFA8EF3B1FBF7F007FB8E
:10DB1000101143EA014300FB06F69E420AD91CEBB2
:10DB2000030300F1FF3180F0FC809E4240F2F98057
:10DB3000634402389B1B40EA044000211DB1D340DE
:10DB40000022C5E90032BDE8F0878B4205D90DB14E
:10DB5000C5E9000100210846F5E7B3FA83F1002981
:10DB600046D1A34202D39042C0F0F080861A64EB03
:10DB700003030120002DE6D0C5E90063E3E7002A96
:10DB800040F09080A1EB0C044FEA1C481FFA8CF780
:10DB90000121B4FBF8F64FEA1E4308FB164443EAA2
:10DBA000044307FB06F0984208D91CEB030306F177
:10DBB000FF3402D2984200F2CD8026461C1A1FFA8A
:10DBC0008EF3B4FBF8F008FB104443EA044300FB77
:10DBD00007F79F4208D91CEB030300F1FF3402D280
:10DBE0009F4200F2B0802046DB1B40EA0640A5E7DA
:10DBF000C1F120068B4022FA06F71F4320FA06FCEB
:10DC000004FA01F343EA0C03F44000FA01F8380C7B
:10DC10004FEA1349B4FBF0FE1FFA87FC00FB1E44D9
:10DC200049EA04440EFB0CF9A14502FA01F20AD9B3
:10DC30003C190EF1FF3A80F08480A14540F28180CA
:10DC4000AEF1020E3C44A4EB09041FFA83F9B4FBC5
:10DC5000F0F300FB134449EA044403FB0CFCA44525
:10DC600007D93C1903F1FF3067D2A44565D9023BBF
:10DC70003C4443EA0E40A0FB0293A4EB0C049C42FC
:10DC8000CE469C4651D34ED055B1B8EB0E0364EB53
:10DC90000C0404FA06F6CB401E43CC40C5E90064F0
:10DCA000002150E7C2F1200320FA03F10CFA02FC34
:10DCB00024FA03F394400C434FEA1C4800FA02FE96
:10DCC0001FFA8CF7B3FBF8F008FB1031230C43EA82
:10DCD000014300FB07F1994208D91CEB030300F153
:10DCE000FF362CD299422AD9023863445B1AA4B277
:10DCF000B3FBF8F108FB113344EA034401FB07F3DB
:10DD0000A34208D91CEB040401F1FF3613D2A3424D
:10DD100011D902396444E41A41EA004139E7044662
:10DD2000F0E6084606E7C845AED2B9EB020E63EB53
:10DD3000070C0138A8E73146EDE7034699E730467E
:10DD4000D4E7D6467FE7634402384DE706462346CC
:10DD500008460FE7023E634430E700BF08B502F013
:10DD60001DF800002DE9F0411C46464B83670D4627
:10DD7000012300211646A0F87C3080F87E1068222E
:10DD8000DDF81880074602F0AAFBF3B2192B28D859
:10DD90003D4A52F8233006F4E0661E43EBB2192BDD
:10DDA000BE6632D8384A52F8233005F4E0651D4388
:10DDB000E3B2192BFD663CD8334A52F8233004F401
:10DDC000E0641C435FFA88F2192A3C6745D82E4963
:10DDD00051F8222008F4E06313437B673846BDE81E
:10DDE000F08106F0C002C02A0CD1C82B0AD8274BFC
:10DDF00006F03F0206F4E06653F82220224B53F867
:10DE00002230CAE74FF0FF36C8E705F0C002C02A4B
:10DE10000CD1C82B0AD81D4B05F03F0205F4E06574
:10DE200053F82220184B53F82230C0E74FF0FF354B
:10DE3000BEE704F0C002C02A0CD1C82B0AD8134B8D
:10DE400004F03F0204F4E06453F822200E4B53F830
:10DE50002230B6E74FF0FF34B4E708F0C003C02B20
:10DE60000CD1C82A0AD8094B08F03F0253F82210F7
:10DE7000054A08F4E06352F82120ADE74FF0FF3384
:10DE8000ABE700BF00093D004C1902082819020841
:10DE900037B501230D460022074980F85D208167D0
:10DEA00080F87C3080F87D2080F87E50009500F06E
:10DEB0007DF803B030BD00BF00093D001FB502ABC7
:10DEC00083E80600816F029A9142044605D1C26F31
:10DED00003994A4032F07F4210D09A8802989B7989
:10DEE000A067A4F87C2084F87E30009394F87C30FE
:10DEF00094F87D20A16F204600F058F804B010BDC2
:10DF0000704700F093B907B5002A8DF807100DF19E
:10DF100007014FF001030CBF0A46002200F0C8F9C8
:10DF20009DF8070003B05DF804FB000007B51A2355
:10DF300000930622052307210248FFF713FF03B0D1
:10DF40005DF804FB1C7B002030B591FAA1F391FA37
:10DF5000A1F1B3FA83F3C4685B000325B1FA81F140
:10DF600005FA03F3490024EA03038A401A43C26016
:10DF700030BD0000094A0346106873B1084A934255
:10DF800001D1E5F74DBD074A934201D1E5F738BD10
:10DF9000054A934201D1E5F721BD704740000020BA
:10DFA0000030014000380040000001582DE9F04FDA
:10DFB0000E4685B015461F460446002838D0626ECE
:10DFC000914BC06E9A4236D09049E8F7F1F99049EA
:10DFD0008146A06EE8F7ECF98E498346206FE8F79A
:10DFE000E7F98D498046606FE8F7E2F98246B9F1BA
:10DFF000000F1DD0BBF1000F1AD0B8F1000F17D0E1
:10E0000059464846E8F7FBF9514681464046E8F74D
:10E01000F6F9014680464846E8F7F1F96066B9F13D
:10E02000000F05D0B8F1000F02D0002840F0A68004
:10E0300005B0BDE8F08F0130FAD1A36E0133F7D1FE
:10E04000236F0133F4D1636F0133F1D14FF40073C7
:10E05000A3619DF83830606E2060002B14BF002350
:10E060004FF482736360FFF785FFB6EB500F80F0CB
:10E070008C80B6EB900F80F08A80B6EBD00F80F0EA
:10E080008880B6EB101F80F08680B6EB501F80F0C2
:10E090008480B6EB901F80F08280B6EBD01F2CBF3F
:10E0A00030233823E361002D7BD0022D7BD0013D4E
:10E0B00018BF01256D000123C4E904530723E3625F
:10E0C0004FF4E0632268E360B7FA87F74E4B7F09AD
:10E0D0000026FF019A42C4E90876A660A66266633C
:10E0E0002CD04A49E06EE8F74BF94949A06EE8F7B1
:10E0F00047F9206F4749E8F743F92369B342236F93
:10E100004FEA131114BF0122022211F00C0F04BFB9
:10E11000424801F00F0103F00F0308BF50F821003F
:10E120003F4918BF3046022A51F8231018BF012278
:10E13000FFF70AFF3849606FE8F722F92368394A88
:10E14000934232D14FF0B0431A6E42F480521A66B5
:10E150001A6E02F480520192019A1A6C42F48052B3
:10E160001A641A6C22F480521A642046E5F78BFC7C
:10E170002268136843F04003136059E7636F01336B
:10E180003FF464AF4FF4802362E700238AE708235B
:10E1900088E7102386E7182384E7202382E72823D3
:10E1A00080E72B4688E7002386E71F4A934213D176
:10E1B0004FF0B0439A6D42F480429A659A6D02F432
:10E1C00080420292029A9A6B42F480429A639A6B5E
:10E1D00022F480429A63C8E70B4A9342C5D14FF0BC
:10E1E000B0435A6E42F001025A665A6E02F00102C2
:10E1F0000392039A5A6C42F001025A645A6C22F05C
:10E2000001025A64B1E700BF00000158701602080D
:10E2100028160208D41502088015020808000020FC
:10E22000701A0208003001400038004010B5044662
:10E2300098B1E5F796FC23681A4A93420ED14FF045
:10E24000B0431A6C42F480521A641A6C22F4805261
:10E250001A641A6E22F480521A6610BD124A934252
:10E260000ED14FF0B0439A6B42F480429A639A6B9E
:10E2700022F480429A639A6D22F480429A65ECE718
:10E280000A4A9342E9D14FF0B0435A6C42F001027E
:10E290005A645A6C22F001025A645A6E22F001024A
:10E2A0005A66DAE7003001400038004000000158AB
:10E2B0002DE9F0410D4616461C4633B30768E3F7D7
:10E2C00091F88046BB689907FCD5D5B115F8013B9C
:10E2D0003B73BB68DA07FCD53B7B0EB106F8013B0C
:10E2E000E3F780F8A0EB0800B0F57A7F04F1FF3483
:10E2F00009D2002CE6D12046BB681B06FCD4BDE841
:10E30000F081FF23E4E70120F6E70220F7E70000B1
:10E310002DE9F84314461D468046894600F050F921
:10E32000224606460F462B4620462946E2F75EFB6C
:10E3300078B90022002340464946E2F725FBD8B1D0
:10E340000022002320462946E2F71EFB28B1264F73
:10E35000002630463946BDE8F8832046294600F0BD
:10E3600099F80028F5D02046294600220023E2F73C
:10E3700015FB0028EDD02CE03046394600F08AF835
:10E38000A0B10022002330463946E2F7FDFA00280A
:10E39000DFD04046494600F07DF80028D9D020461D
:10E3A000294600F077F80028D3D012E040464946CD
:10E3B00000F070F80028E4D02046294600F06AF802
:10E3C0000028DED032463B4630463946E2F70EFBA7
:10E3D00020B902F09FF922230360BAE702F09AF90C
:10E3E00021230360B5E700BF0000F03F70B50C4685
:10E3F000064600F091FE214605462046E2F778FEEB
:10E4000058B900213046E2F741FEA0B10021204674
:10E41000E2F73CFE18B14FF07E55284670BD20460D
:10E4200000F03EF80028F8D000212046E2F738FE40
:10E430000028F2D023E0284600F032F880B1002115
:10E440002846E2F723FE0028E7D0304600F028F8FF
:10E450000028E2D0204600F023F80028DDD00EE0AE
:10E46000304600F01DF80028E9D0204600F018F8EA
:10E470000028E4D029462846E2F73AFE20B902F007
:10E4800049F922230360C8E702F044F9212303601D
:10E49000C3E700BF41F0004000F58010C00F704797
:10E4A00020F00040B0F1FF4FACBF002001207047CA
:10E4B0002DE9F041C0F3C7557F3D162D044620F0ED
:10E4C000004724DC002D804614DB184F2F413842D2
:10E4D0001AD01749E2F73EFB0021E2F7FFFD98B1A1
:10E4E000002C03DD4FF400032B41984428EA070079
:10E4F000BDE8F0810E49E2F72DFB0021E2F7EEFDC9
:10E5000010B1002C0EDB57B92046BDE8F081B7F101
:10E51000FF4FF9D30146E2F71DFBBDE8F0814FF054
:10E520007E50F2E74FF00040EFE700BFFFFF7F00B3
:10E53000CAF249712DE9F041C0F3C7557F3D162D50
:10E54000044620F0004725DC002D804614DB184FE0
:10E550002F4138421BD01749E2F7FCFA0021E2F7BD
:10E56000BDFDA0B1002C03DA4FF400032B41984409
:10E5700028EA0700BDE8F0810E49E2F7EBFA002136
:10E58000E2F7ACFD18B1002C0CDB002000E02046C7
:10E59000BDE8F081B7F1FF4FF9D30146E2F7DAFAAF
:10E5A000BDE8F08117B94FF00040F1E70248EFE70E
:10E5B000FFFF7F00CAF24971000080BF0000000029
:10E5C0002DE9F04F23F00047044657EA020093B0CC
:10E5D00092469B460D4610D12319824985F40022AC
:10E5E00052419842914121D252465B4620462946EB
:10E5F000E1F7ACFD13B0BDE8F08F98467A4B0E46BC
:10E6000021F0004199420091A14614D906F14046FB
:10E6100006F5801656EA0906E6D15346DB1871491D
:10E620008BF4002252419E429141DDD36F4900207C
:10E6300013B0BDE8F08F14D09F42E7D8009B00F0E4
:10E64000B780002E15DB002A40F0A48067498F4276
:10E6500040F0CA83B8F1000FC0F2BF8420462946BB
:10E66000C8E7002CC0D18F42BED800F0F283009BD7
:10E67000E7E75F498F4200F2C6835E498F420DD9BA
:10E680003915A1F2FF31142940F38E84C1F1340110
:10E6900022FA01F000FA01F1914236D0002A45D168
:10E6A000B8F1804F3BD0029220462946049300F0F7
:10E6B0002FFD049BB9F1000F43D0DDF808C0F20F25
:10E6C000013A52EA0C0C00F08A80029C013C224381
:10E6D00014BF464D484D0024B7F1844FCDE906459F
:10E6E00040F28E80454B009A9F42424B40F2E883B5
:10E6F0009A4200F29484B8F1000FC0F29484002092
:10E7000013B0BDE8F04F01F059B900F00100C0F1BD
:10E7100002010291002A3FD1B8F1804FC4D12246B4
:10E720002B4620462946E1F7C7FE63E720462946E7
:10E73000029300F0EDFC029BB9F1000F4FD1CDF830
:10E7400008902A4A26F0404C944502D0009A002AAC
:10E75000B3D1B8F1000F05DA02460B460020234979
:10E76000E1F7D4FF002EBFF645AF009B03F1404A0E
:10E77000029B0AF5801A5AEA030A40F036840246E0
:10E780000B4610461946E1F7DFFC02460B46E1F75F
:10E79000BDFF2FE70022029220462946049300F095
:10E7A000B7FC049BB9F1000FCBD0F20F013A8CE714
:10E7B000002A7FF42BAF009B03F1404303F5801345
:10E7C00023433FF433AF0B4B009A9A4240F2DF836E
:10E7D000B8F1000FC0F24984504659460AE7224674
:10E7E0002B46CEE70000F0FF0000F07F0000F03F76
:10E7F000FFFF3F43FFFFEF3F0000F0BF0000F0438B
:10E80000D74A3240002A40F02883D64B0022E1F755
:10E8100053FE6FF034040B461A15A2F2FF3215199D
:10E82000D14A0B95C3F3130343F07F54934244F44E
:10E83000401407DDCD4A934240F3E08301350B9548
:10E84000A4F5801400220023CDE90823CDE910238C
:10E85000C74B0022CDE904230025DDE9042321462E
:10E860008046E1F771FCA146DDE9042306460F4628
:10E8700040462146CDE90C89E1F768FC02460B468B
:10E880000020BB49E1F742FF0A460146CDE90E12DE
:10E890001346394602463046E1F70EFE0A46014667
:10E8A0004FF0000CCDE902121146CDE900016410D1
:10E8B000CDF800C0DDE9008944F0005404F50023E0
:10E8C0000020591904460D4602460B46404649466B
:10E8D000E1F7F2FD02460B4630463946E1F734FCDB
:10E8E000DDE9042306460F4620462946E1F72CFCC5
:10E8F00002460B46DDE90C01E1F726FC42464B4699
:10E90000E1F7DAFD02460B4630463946E1F71CFCDA
:10E91000DDE90E23E1F7D0FDDDE90245CDE9040193
:10E9200022462B4620462946E1F7C6FD7AA3D3E9C5
:10E93000002304460D46E1F7BFFD79A3D3E9002388
:10E94000E1F704FC22462B46E1F7B6FD76A3D3E9B6
:10E950000023E1F7FBFB22462B46E1F7ADFD74A354
:10E96000D3E90023E1F7F2FB22462B46E1F7A4FDB1
:10E9700071A3D3E90023E1F7E9FB22462B46E1F737
:10E980009BFD6FA3D3E90023E1F7E0FB2246064697
:10E990000F462B4620462946E1F78EFD02460B46E0
:10E9A00030463946E1F788FD424604460D464B465F
:10E9B000DDE90201E1F7CAFBDDE90423E1F77CFDB3
:10E9C00022462B46E1F7C2FB424604460D464B4623
:10E9D00040464946E1F770FD664B002206460F4669
:10E9E000E1F7B4FB22462B46CDE90C45E1F7AEFB3F
:10E9F00000240D4622462B4640464946E1F75CFD81
:10EA00005C4B80468946002220462946E1F79CFB64
:10EA100032463B46E1F798FB02460B46DDE90C0126
:10EA2000E1F792FBDDE90223E1F746FD22460646C7
:10EA30000F462B46DDE90401E1F73EFD02460B4699
:10EA400030463946E1F782FB06460F4602460B4642
:10EA500040464946E1F77AFB00243BA3D3E9002373
:10EA600020460D46E1F728FD42464B468046894642
:10EA700020462946E1F768FB02460B4630463946F8
:10EA8000E1F762FB32A3D3E90023E1F715FD32A3DE
:10EA9000D3E9002306460F4620462946E1F70CFD40
:10EAA00002460B4630463946E1F750FBDDE91023BC
:10EAB000E1F74CFB06460B980F46E1F793FC324614
:10EAC00004460D463B4640464946CDE90289E1F7FA
:10EAD0003DFBDDE90823E1F739FB22462B46E1F750
:10EAE00035FB002022462B4680468946E1F72CFB69
:10EAF000DDE90823E1F728FBDDE90223E1F724FB48
:10EB000002460B4630463946E1F71EFBCDE90201CD
:10EB100032E000BFAFF30080EF4E454A287ECA3F87
:10EB200065DBC9934A86CD3F01411DA96074D13F81
:10EB30004D268F515555D53FFFAB6FDBB66DDB3F93
:10EB4000033333333333E33F000000E009C7EE3FC4
:10EB5000FD033ADC09C7EE3FF5015B14E02F3EBE32
:10EB60000000F07F000040438E98030079B60B0050
:10EB70000000F03F000008400023CDE900AB009307
:10EB8000DDE90067594632463B465046E1F7DCFA7C
:10EB900042464B46E1F790FC5B4604460D46524622
:10EBA000DDE90201E1F788FC02460B4620462946D2
:10EBB000E1F7CCFA324604460D463B46404649460C
:10EBC000E1F77AFC0B46024606460F4620462946E8
:10EBD000E1F7BCFAB44B9942A046A94604460D465B
:10EBE0008B4640F3168101F13F4303F5E0030343F5
:10EBF00040F01F829AA3D3E9002340464946E1F73B
:10EC0000A5FA3246CDE900013B4620462946E1F708
:10EC10009BFA02460B46DDE90001E1F7DDFE002824
:10EC200040F007824FF400735B44C3F30A529F4CD9
:10EC3000A2F2FF32C3F31301144141F48011C2F177
:10EC4000140241FA02FA002004EA0301BBF1000FAA
:10EC500002460B4630463946B8BFCAF1000AE1F712
:10EC600073FA02460B4606460F4640464946E1F710
:10EC70006DFA4FEA0A5B0D4600247BA3D3E900231B
:10EC800020462946E1F718FC3246CDE900013B4613
:10EC900020462946E1F758FA02460B4640464946C7
:10ECA000E1F752FA72A3D3E90023E1F705FC72A35E
:10ECB000D3E9002306460F4620462946E1F7FCFB30
:10ECC00002460B4630463946E1F740FADDE9008955
:10ECD00006460F4602460B4640464946E1F736FADD
:10ECE00042464B4604460D46E1F72EFA02460B46D5
:10ECF00030463946E1F728FA2246804689462B46B7
:10ED000020462946E1F7D8FB5DA3D3E90023064658
:10ED10000F46E1F7D1FB5CA3D3E90023E1F714FA36
:10ED200032463B46E1F7C8FB59A3D3E90023E1F79C
:10ED30000DFA32463B46E1F7BFFB57A3D3E9002368
:10ED4000E1F702FA32463B46E1F7B6FB54A3D3E9BA
:10ED50000023E1F7FBF932463B46E1F7ADFB024603
:10ED60000B4620462946E1F7EFF906460F460246D4
:10ED70000B4620462946E1F79FFB0022CDE9000122
:10ED80004FF0804330463946E1F7DEF902460B4644
:10ED9000DDE90001E1F7BAFC424606460F464B4664
:10EDA00020462946E1F788FB42464B46E1F7CEF97B
:10EDB00002460B4630463946E1F7C6F922462B4655
:10EDC000E1F7C2F902460B4600203949E1F7BCF9E8
:10EDD0000C465C44B4F5801FC0F235812146DDE964
:10EDE0000623E1F769FB05E4B8F1804F3FF497ACE7
:10EDF000304988457FF457AC2046294613B0BDE81A
:10EE0000F04F00F065BE002A00F03381022202922A
:10EE1000C2E4DFF8A4C021F00043634540F2D5808E
:10EE2000264B0B4403430AD132463B46E1F78CF9AB
:10EE300042464B46E1F7C6FD00283FF4F3AEDDE95C
:10EE4000060100220023E1F7A9FD003818BF0120C8
:10EE500056E4002A7FF4C8ABB5E40024DCE400BF2C
:10EE6000FE822B654715973C00000000432EE63FCD
:10EE7000EF39FAFE422EE63F396CA80C615C20BEE9
:10EE8000D0A4BE726937663EF16BD2C541BDBB3EB0
:10EE90002CDE25AF6A56113F93BDBE166CC1663F8E
:10EEA0003E5555555555C53FFFFF8F400000F0FFBB
:10EEB0000000F03F0000E03FFFCB904000346F3F88
:10EEC0009A42C0F0C480009A8D4B9A424FF00002E3
:10EED00000F2D7808A4BE1F737F97DA3D3E900230D
:10EEE00004460D46E1F7E8FA7BA3D3E90023064682
:10EEF0000F4620462946E1F7DFFA824B80468946D5
:10EF0000002220462946E1F7D7FA02460B4674A1B3
:10EF1000D1E90001E1F718F922462B46E1F7CCFAD6
:10EF200002460B4600207849E1F70EF92246CDE96A
:10EF300000012B4620462946E1F7BEFA02460B4661
:10EF4000DDE90001E1F7B8FA67A3D3E90023E1F7AF
:10EF5000B3FA02460B4640464946E1F7F5F8024649
:10EF60000B4604460D4630463946E1F7EFF80020DF
:10EF700032463B4680468946E1F7E6F802460B46B4
:10EF800020462946E1F7E0F8CDE90201F4E5B8F1C1
:10EF9000000F4FF000004FF00001BFF62BAB5046C2
:10EFA0000BF10041FFF726BB002A7FF4BFABC1F194
:10EFB000140147FA01F000FA01F1B9426ED050494C
:10EFC0008F423FF447ABFFF76BBB4F4A934274D875
:10EFD000DDE90023934692464EE622462B464849F9
:10EFE0000020E1F793FBFFF705BB029B012B7FF4A9
:10EFF00001AB01F100431946FFF7FCBA3CA3D3E98A
:10F000000023CDE908233CA3D3E90023CDE9102355
:10F010003E4B0022CDE904234FF480251DE4B8F1D6
:10F02000000F7FF76CAB002013B0BDE8F04F00F08D
:10F03000CBBCDDE9060100220023E1F7AFFC00387C
:10F0400018BF0120F0E7524600F026FCC7E6DDE9D4
:10F05000060100220023E1F7A1FC003818BF0120BF
:10F06000B8F1000FBFF64CABDEE700200021FFF740
:10F07000C1BAB8F1804F3FF452AB02220292FFF7BF
:10F0800013BBDDE906010023E1F788FC003818BF57
:10F090000120B8F1000FC7DCFFF732BB184A9742D6
:10F0A0003FF4D8AAB8F1804F3FF439AB00F001002B
:10F0B000C0F102020292FFF7F7BA1B15A3F2FE336A
:10F0C0004FF4801242FA03F3AEE500BFAFF30080C5
:10F0D000000000604715F73F44DF5DF80BAE543E7B
:10F0E000555555555555D53FFE822B654715F73F6C
:10F0F0000000004003B8E23F06D0CF43EBFD4C3E9A
:10F100000000F03F0000D03F0000E03F0000F83F6B
:10F1100021F00043194670472DE9F04F31F0004AC5
:10F1200087B00C46804681460DD180F480094FEAB5
:10F13000490919F5000F18D921464046E1F70AFDA3
:10F1400007B0BDE8F08F20F0004BBBF1FF4F0D463C
:10F1500002D8BAF1FF4F0DD9B9F17E5FECD185F439
:10F1600080056D0015F5000FE6D84FF07E5007B012
:10F17000BDE8F08F00285F46C0F23081BAF1FF4F42
:10F1800000F04081BAF17E5F00F07E81B1F1804FE6
:10F1900000F0AA810026B5F17C5F40F05381B9F1FF
:10F1A000000F404680F2A58100F072FBBBF1FF4FDB
:10F1B00000F05D81BBF1000F00F05981BBF17E5F73
:10F1C00000F04A814FEAD973013B56EA03020093EB
:10F1D00000F09481BAF19A4F40F29881B04B9B4570
:10F1E00040F2E482AF4B9B4500F2EC824FF07E513F
:10F1F000E1F7AEFCAC498046E1F7B4FDAB4981468E
:10F200004046E1F7AFFD4FF07A5182464046E1F7C4
:10F21000A9FD0146A648E1F79BFC4146E1F7A2FDA6
:10F2200001464FF07C50E1F793FC4146834640464F
:10F23000E1F798FD01465846E1F794FD9D49E1F755
:10F2400091FD01465046E1F783FC01468046484661
:10F25000E1F780FC20F47F6B2BF00F0B49465846FA
:10F26000E1F776FC01464046E1F772FC25F47F6742
:10F27000009B013E27F00F071E438046394620467B
:10F280000CBF8D4E4FF07E56E1F762FC5946E1F718
:10F2900069FD214605464046E1F764FD01462846E2
:10F2A000E1F758FC394605465846E1F75BFD014653
:10F2B00004462846E1F74EFC0028074680460146F2
:10F2C00020F0004240F33D82B2F1864F00F2CA8244
:10F2D00000F0AA82B2F17C5F00F2CC824FF000080D
:10F2E000474621F47F6A2AF00F0A74495046E1F735
:10F2F00039FD214681465046E1F72AFC0146284661
:10F30000E1F726FC6E49E1F72DFD6E4904465046B3
:10F31000E1F728FD01462046E1F71CFC04460146C2
:10F320004846E1F717FC49460546E1F711FC01465E
:10F330002046E1F70DFC294681462846E1F712FDFB
:10F3400061490446E1F70EFD6049E1F701FC214601
:10F35000E1F708FD5E49E1F7FDFB2146E1F702FD1B
:10F360005C49E1F7F5FB2146E1F7FCFC5A49E1F77E
:10F37000F1FB2146E1F7F6FC01462846E1F7E8FB00
:10F38000044601462846E1F7EDFC4FF080418246F5
:10F390002046E1F7DDFB01465046E1F797FD49467F
:10F3A00004462846E1F7DEFC4946E1F7D3FB014677
:10F3B0002046E1F7CDFB2946E1F7CAFB01464FF0B5
:10F3C0007E50E1F7C5FB03464344B3F5000FC0F29E
:10F3D000F58118463146E1F7C5FCB1E6BAF1974F21
:10F3E00019D2BAF17E5F1BD2B1F1804F7CD0B1F15E
:10F3F0007C5F26D100F04CFABBF1FF4F3FF4A0AE8A
:10F400000026D7E6BBF17E5F3FF4AFAE42D9002DB8
:10F410003EDB204694E6BAF1FF4FF3D00226BAE66F
:10F420004FEAEA52C2F196024AFA02F101FA02F2F6
:10F43000524500F07381BAF17E5F25D0B4F1804F60
:10F4400052D00026404600F023FABBF1FF4F03D014
:10F45000BBF1000F7FF4B2AE002D04DA01464FF08D
:10F460007E50E1F733FDB9F1000FBFF669AEABF1A5
:10F470007E5B5BEA060B40F05E810146E1F768FBCC
:10F480000146E1F723FD5BE6002D27DB404657E60A
:10F49000002055E6002DFBDA04F1004050E600BFE5
:10F4A000F3FF7F3F0700803F00AAB83F70A5EC360E
:10F4B000ABAAAA3E3BAAB83F000080BF0072313F12
:10F4C0001872313F8CBEBF354CBB31330EEADD358F
:10F4D00055B38A38610B363BABAA2A3E41464FF002
:10F4E0007E50E1F7F3FC2BE641464046E1F73AFC5B
:10F4F00026E607B0BDE8F04F00F0D8BB41464046D5
:10F50000E1F726FB0146E1F7E1FC19E619F0FF4FB0
:10F5100040F04A814FF09741E1F724FC6FF017016A
:10F520000746FA157F3A0A44AF490192C7F316031A
:10F530008B4243F07E5707DDAC498B4240F34A8152
:10F5400001320192A7F50007002305934FF07E5B7F
:10F5500004934FF0000859463846E1F7F9FA594646
:10F5600081463846E1F7F6FA01464FF07E50E1F762
:10F57000ADFC014603904846E1F7F4FB7A1042F0F7
:10F58000005202F58022424420F47F6828F00F08E0
:10F590001146BA46074640460292E1F7E3FB0146B0
:10F5A0004846E1F7D5FA029A814659461046E1F7F6
:10F5B000CFFA01465046E1F7CBFA4146E1F7D2FBDC
:10F5C00001464846E1F7C4FA039B1946E1F7CAFB36
:10F5D000394683463846E1F7C5FB85498146E1F760
:10F5E000C1FB8449E1F7B6FA4946E1F7BBFB824922
:10F5F000E1F7B0FA4946E1F7B5FB8049E1F7AAFA2D
:10F600004946E1F7AFFB7E49E1F7A4FA4946E1F745
:10F61000A9FB7C49E1F79EFA494682464846E1F754
:10F62000A1FB01465046E1F79DFB41468146384625
:10F63000E1F790FA5946E1F795FB4946E1F78AFA76
:10F64000414682464046E1F78DFB6F490290E1F763
:10F6500081FA5146E1F77EFA20F47F6929F00F091B
:10F6600049464046E1F77EFB674980464846E1F758
:10F670006FFA0299E1F76CFA01465046E1F768FA31
:10F680003946E1F76FFB494682465846E1F76AFB87
:10F6900001465046E1F75EFA834601464046E1F7EF
:10F6A00059FA20F47F6A2AF00F0A58495046E1F7C8
:10F6B00059FB414681465046E1F74AFA0146584611
:10F6C000E1F746FA5249E1F74DFB52498046504670
:10F6D000E1F748FB01464046E1F73CFA0499E1F7BF
:10F6E00039FA80460198E1F7E9FA414682464846F0
:10F6F000E1F730FA059F3946E1F72CFA5146E1F778
:10F7000029FA20F47F6B2BF00F0B51465846E1F796
:10F710001FFA3946E1F71CFA4946A1E5BAF17E5FC6
:10F720003FF4B2AEB4F1804F3FF4DEAE01F0010120
:10F73000C1F1020686E6012E7FF402AD00F1004021
:10F74000FEE4354B9A4200F297807FF4C3AD214628
:10F75000E1F7FEF92946E1F7B7FC002840F08C807C
:10F7600086227E3A4FF40003134143442B49C3F3EE
:10F77000C7527F3AC3F31607114147F40007C2F19D
:10F7800017021741B8F1000F01EA0301B8BF7F4229
:10F790002046E1F7DDF9014604462846E1F7DAF9AB
:10F7A0004FEAC75801469CE50021BAE6002D0BDB65
:10F7B000002007B0BDE8F04F00F082B9394600F0F4
:10F7C00009F907E6002DF3DD002007B0BDE8F04F92
:10F7D00000F07AB9124B0593124B04934FF07F5B04
:10F7E0004FF40018B7E600BF71C41C00D6B35D002B
:10F7F00042F1533E55326C3E05A38B3EABAAAA3E66
:10F80000B76DDB3E9A99193F000040400038763FC3
:10F810004F38763FA0C39D3600001643000080FF9E
:10F8200000C0153FDCCFD13517492846E1F792F9E2
:10F83000214681463846E1F78BF901464846E1F713
:10F840004DFC78B907F50043DA1510497F3A1141AC
:10F850001940C3F31603C2F1170243F4000343FA3D
:10F8600002F795E700213046E1F71AFC003818BF8F
:10F870000120AAE7D21574E700213046E1F710FC19
:10F88000003818BF012094E73CAA3833000080FFFD
:10F8900020F00040704700BF70B51646C1F30A5211
:10F8A00004460D460B465ABB21F00043034326D0C5
:10F8B0002D4B0022E0F700FE2C4B9E4204460D46E5
:10F8C00043DBC1F30A520B46363A4CF250318E42BA
:10F8D0001EDC164440F2FE72964219DC002E23DC38
:10F8E00016F1350F28DB23F0FF4323F4E00336360F
:10F8F00043EA065120461E4B0022E0F7DDFD70BDB5
:10F9000040F2FF7C6245E0D10246E0F71FFC70BD8B
:10F9100011A3D3E90023ED0F1C4665F3DF742146E4
:10F920001448E0F7C9FD70BD23F0FF4323F4E00362
:10F93000204643EA065170BD05F0004343F0D27102
:10F9400041F4B7310C4841F01F0105A3D3E900236E
:10F95000E0F7B2FD70BD00BF9C7500883CE4377EC7
:10F9600059F3F8C21F6EA50100005043B03CFFFFE1
:10F970000000903C9C75008859F3F8C2D0B506464B
:10F980000F46144600F0C6FE0346394630461C605A
:10F99000D0BD00BF10B5044682B0104619460CB168
:10F9A00003F10043CDE90023DDE90023E0F784FD06
:10F9B000222202B0BDE81040FFF7E0BF00224FF066
:10F9C0008053FFF7E7BF00BF00224FF0E043FFF78F
:10F9D000E1BF00BF10B50C4630F0004103461DD01A
:10F9E000B1F1FF4F1BD210F0FF4F02461BD14FF079
:10F9F0009841E1F7B7F9204A944203462CDBC0F363
:10FA0000C75102464CF250308442A1F1190110DD79
:10FA10001A49184661F31E00E1F7A4F910BD01462A
:10FA2000E1F798F810BD4CF2503084424FEAD151C2
:10FA3000EEDC2144FE29EBDC002911DC11F1160F6C
:10FA400013DB01F1190022F0FF424FF04C5142EA62
:10FA5000C050E1F787F910BD0949E1F783F910BDFE
:10FA600022F0FF4242EAC15010BD0549184661F339
:10FA70001E00E1F777F910BDB03CFFFFCAF24971F3
:10FA80006042A20D38B505460C4600F043FE034621
:10FA900028461C6038BD00BF08B540B101F10040E8
:10FAA000E1F760F9BDE808402221FFF7EBBF084607
:10FAB000E1F758F9BDE808402221FFF7E3BF00BF96
:10FAC0004FF08051FFF7E8BF4FF0E041FFF7E4BF90
:10FAD0002DE9F84F724F8F4304460D4600F0B28077
:10FAE00000290B460646024655DD081500F09B80AE
:10FAF000C3F31303C107A0F2FF3743F4801303D409
:10FB0000D10F01EB430352005B00002603EBD273DD
:10FB10007F1052001624B4464FF400110CEB010084
:10FB2000984203DC1B1A01EB000C0E445B00013C05
:10FB300003EBD2734FEA51014FEA4202EED1A046E5
:10FB400020254FF000400AE039D0590001EBD27176
:10FB5000013D0B464FEA42024FEA50003BD09C4524
:10FB600008EB000EF0DABEF1000F0EEB00080CDB24
:10FB7000E146A3EB0C01964588BF01F1FF31490036
:10FB8000CC46A2EB0E020444E0E7B8F1000FEFDB35
:10FB90000CF10109EDE721F0004707433DD00029B2
:10FBA00073D1D10A153B52050029FAD0CD0218466F
:10FBB00016460B4637D520244FF0FF313EE09645E0
:10FBC00002D94FEA4C01C1E7BEF1000F0EEB00086D
:10FBD00025DB0021D5E7114312D0DFF8C8A0DFF8FC
:10FBE000C8B0DAE90001DBE90023E0F7ADFADAE9B1
:10FBF000008902460B4640464946E0F7D9FE58BB0D
:10FC00006508731003F17F53F20703F5001348BF33
:10FC100045F0004503EB07512846BDE8F88FB8F1E1
:10FC2000000FB5DAD5E700225B00DC02114602F1D5
:10FC30000102F9D5C2F1200406FA02F2E640401AA8
:10FC4000334355E702460B46E0F736FC22462B4687
:10FC5000E0F77CFABDE8F88FB4F1FF3FDAE9000184
:10FC6000DBE9002318D0E0F771FADAE900890246EF
:10FC70000B4640464946E0F791FE78B1A11C04F1DD
:10FC8000020508BF01366D08BBE7E0F75DFA0246E2
:10FC90000B46E0F73BFDC0E70136B2E70134AFE7C2
:10FCA0000000F07FC8010020C001002020F00042C9
:10FCB000B2F1FF4F2DE9F041044654D2002A50D052
:10FCC0000028034657DB14F0FF4F4FEAE05009D1FC
:10FCD00014F400025BD15B001C02114602F1010228
:10FCE000F9D5401AC3F3160242F40002C307A0F18B
:10FCF0007F0558BF520000246D1052004FF0190EBE
:10FD000021464FF0807C01EB0C039342DDBF03EBF7
:10FD10000C016444D31A1346BEF1010E4FEA4302AC
:10FD20004FEA5C0CEFD1BBB11A4E1B4F30683968FB
:10FD3000D6F80080E0F70CFF01464046E1F7BAF93B
:10FD400050B1306839683668E0F704FF0146304644
:10FD5000E1F7A6F9B8B10234601000F17C5000EB75
:10FD6000C550BDE8F0810146E0F7FCFF2146E0F711
:10FD7000F1FEBDE8F0810146E0F7EAFE0146E1F759
:10FD8000A5F8BDE8F081013424F00104E4E74FF068
:10FD9000FF31A6E7D4010020D001002008B50620DD
:10FDA00000F046FC0120E7F795F80A22002100F058
:10FDB000DFB90000024B0146186800F02DB800BF03
:10FDC000E4010020024B0146186800F005BD00BFA9
:10FDD000E401002070B50F4E0C463168054611B99C
:10FDE00000F076FC30602146284600F071FC431C90
:10FDF00003D14FF0FF34204670BDC41C24F003042F
:10FE0000A042F8D0211A284600F062FC0130F2D15D
:10FE1000EFE700BF9C7B00202DE9F843CD1C25F0C7
:10FE2000030508350C2D38BF0C25002D064601DBD7
:10FE3000A94204D90C2333600020BDE8F883DFF821
:10FE4000D48000F069F8D8F800301C4644BB29463D
:10FE50003046FFF7BFFF431C044658D1D8F8004096
:10FE60002746002F43D1002C4BD02368394630461B
:10FE700004EB030900F02CFC814542D121686D1A86
:10FE800029463046FFF7A6FF01303AD023682B44BD
:10FE90002360D8F800305A6862BBC8F800700FE0E1
:10FEA0002268521B20D40B2A17D96119A34225605E
:10FEB00018BF5960636808BFC8F8001062514B60F2
:10FEC000304600F02FF804F10B00231D20F007004E
:10FED000C21A1CBF1B1AA350AFE76268A3420CBF33
:10FEE000C8F800205A60EBE723466468AEE73C465A
:10FEF0007F68B6E71A465B68A342FBD100235360D4
:10FF0000DEE70C233360304600F00CF894E7056020
:10FF1000D6E700BFA07B0020014800F026BC00BF50
:10FF2000E47C0020014800F021BC00BFE47C0020FC
:10FF300038B5104B1D682B6B0446B3B91820FFF77A
:10FF400039FF0246286320B90B4B0C48462100F0CC
:10FF500025FC0B490B4BC0E900130B4B83600B23B3
:10FF6000838100210120C2E904012B6B00221C6166
:10FF70005A6138BDE40100202BB0020842B00208EB
:10FF80000E33CDAB34126DE6ECDE0500164B10B52A
:10FF90001C68236BB3B91820FFF70CFF02462063DF
:10FFA00020B9124B1248522100F0F8FB1149124BB4
:10FFB000C0E90013114B83600B23838100210120D2
:10FFC000C2E90401216B0E480B694C690D4A584384
:10FFD00002FB0400A3FB0232013340EB0200C1E943
:10FFE000043020F0004010BDE40100202BB00208D6
:10FFF00042B002080E33CDAB34126DE6ECDE0500E4
:020000040802F0
:100000002DF451582D7F954C024B0A460146186835
:1000100000F002B8E40100202DE9F04180461546C9
:100020000C4621B9BDE8F0411146FFF7F5BE2AB9EB
:1000300000F0D2FB00242046BDE8F08100F016FC61
:100040008542064602D8B5EB500FF4D82946404603
:10005000FFF7E2FE07460028ECD0B5422A462146CB
:1000600028BF324600F08BFB2146404600F0B4FB2F
:100070003C46E0E7242B2DE9F0478646904601D820
:10008000012B06D100F046FB162303600020BDE8DB
:10009000F08736480D462A4615F8014B065D16F0E6
:1000A0000806F8D12D2C24D12C780126951C2BBBC9
:1000B000302C30D00A2306F1004C0CF1FF3C00221A
:1000C000BCFBF3F9104603FB19CAA4F13007092F52
:1000D00028D83C46A34234DD571C07D081452DD398
:1000E00001D1A2452ADB00FB0340012215F8014B98
:1000F000EBE72B2C04BF2C78951CD8E7102BDAD11A
:10010000302CD8D12A7802F0DF02582AD3D16C786B
:1001100010230235CFE72B7803F0DF03582BF6D0FE
:100120000823C8E7A4F14107192F01D8373CD1E7CC
:10013000A4F16107192F04D8573CCBE74FF0FF32E9
:10014000D4E7531C08D12223CEF800306046B8F122
:10015000000F9CD0691E06E006B14042B8F1000FC6
:1001600095D0002AF6D1C8F8001090E7B8B0020880
:1001700013460A46014602480068FFF77BBF00BFEE
:10018000E4010020002310B50446C0E90033C0E9B3
:100190000433836081814366C281836119460822EA
:1001A0005C3000F09CF90D4B63620D4BA3620D4B6C
:1001B000E3620D4B23630D4B24629C4206D003F196
:1001C0006802944202D0D0339C4205D104F1580019
:1001D000BDE8104000F0C8BA10BD00BF49030208D6
:1001E0006B030208A3030208C7030208A47B0020D4
:1001F000024A0349034800F069B800BFD801002053
:10020000610F0208E801002041680C4B994210B5CB
:10021000044601D000F0A4FEA168094B994202D027
:10022000204600F09DFEE168064B994204D020462E
:10023000BDE8104000F094BE10BD00BFA47B0020BC
:100240000C7C0020747C002010B50B4B0B4C0C4A2E
:100250001A60204600220421FFF794FF04F1680091
:1002600001220921FFF78EFF04F1D0000222BDE830
:1002700010401221FFF786BFDC7C0020A47B002009
:10028000F1010208014800F070BA00BFE57C0020CF
:10029000014800F06BBA00BFE57C002010B50446B1
:1002A000FFF7F0FF236A1BB1BDE81040FFF7F0BF76
:1002B000044B2362044B1B68002BF5D1FFF7C4FFEE
:1002C000F2E700BF09020208DC7C00202DE9F843B8
:1002D0000746884614460026D4E90195B9F101097C
:1002E00005D52468002CF7D13046BDE8F883AB89EA
:1002F000012B07D9B5F90E30013303D02946384612
:10030000C04706436835E9E70EB400B59CB01DABA5
:10031000029006906FF00041094807910491094945
:1003200053F8042B05910068019302A900F002FB29
:10033000029B00221A701CB05DF804EB03B07047FA
:10034000E40100200802FFFF10B50C46B1F90E10C1
:1003500000F098F90028ABBF636DA3891B1823F444
:100360008053ACBF6365A38110BD2DE9F0411F46EA
:100370008B89DB0505460C46164605D5B1F90E10EE
:100380000223002200F06CF9A389B4F90E1023F4C3
:100390008053A38132463B462846BDE8F04100F039
:1003A000A7B910B50C46B1F90E1000F059F9431C6D
:1003B000A38915BF606523F4805343F48053A38160
:1003C00018BFA38110BDB1F90E1000F039B9F0B516
:1003D000ADF5057D0E4604AF4FF400710391009317
:1003E0003946134603AA054600F020F8044680B1BA
:1003F0000246039B3146284600F07AF9BC4203903E
:1004000003D02146284600F0E7F903980DF5057D55
:10041000F0BD4FF0FF30F9E713460A4601460248A7
:100420000068FFF7D4BF00BFE401002030B51546D7
:100430009BB02C681A46D9B1002C19D04FF4C16377
:1004400000910491ADF80C30214619DB4FF6FF7393
:1004500002910591ADF80E3069461E9B00F06AFAD4
:1004600000280FDB009B286000221A7004980AE025
:1004700000214FF42273ADF80C3000910491E5E7B0
:100480008B23036000201BB030BD10B5013902443E
:10049000904201D1002005E0037811F8014FA342FA
:1004A00001D0181B10BD0130F2E7884210B501EBF6
:1004B000020402D98442234607D8431EA14208D031
:1004C00011F8012B03F8012FF8E7024401468A4294
:1004D00000D110BD13F8014D02F8014DF7E70244B9
:1004E0000346934200D1704703F8011BF9E710B5AA
:1004F0000246147813460132002CFAD1013B11F860
:10050000012B03F8012F002AF9D110BDC9B203460F
:10051000184613F8012B12B18A42F9D1704700290D
:1005200018BF0020704770B503461E4613F8014BF4
:1005300044B14A1E01E0A54204D012F8015F002D2B
:10054000F9D1F2E7301A70BD10B56AB101398418DB
:1005500010F8012B11F8013F9A4203D1A04201D0BB
:10056000002AF5D1D01A10BD1046FCE710B50139AC
:10057000034632B111F8014F03F8014B013A002C48
:10058000F7D11A440021934200D110BD03F8011B9A
:10059000F9E738B511F0FF0403460ED12146BDE856
:1005A0003840FFF7B3BF431C054621461846FFF706
:1005B000ADFF0028F7D1284638BD0025F5E770B516
:1005C00003461E4613F8014B3CB14A1E01E0A5420A
:1005D000F7D012F8015F002DF9D1301A70BD1F2934
:1005E00038B505460C4604D9162303604FF0FF309A
:1005F00038BDC26B12B152F821304BB9284600F019
:1006000065F8224601462846BDE8384000F04CB85F
:10061000012B0AD0591C03D1162303600120E7E700
:10062000002142F82410204698470020E0E700000F
:10063000024B01461868FFF7D2BF00BFE40100205B
:1006400038B5064D0023044608462B60E6F734FC17
:10065000431C02D12B6803B1236038BDE07C00202D
:1006600038B5074D04460846114600222A601A464E
:10067000E6F72CFC431C02D12B6803B1236038BD84
:10068000E07C002038B5074D04460846114600229C
:100690002A601A46E6F71CFC431C02D12B6803B102
:1006A000236038BDE07C002038B5074D00230446A8
:1006B000084611462B60E6F70FFC431C02D12B685D
:1006C00003B1236038BD00BFE07C0020E6F70CBC1E
:1006D00038B5064D0023044608462B60E6F7CEFBEE
:1006E000431C02D12B6803B1236038BDE07C00209D
:1006F00038B5074D04460846114600222A601A46BE
:10070000FCF772FD431C02D12B6803B1236038BD96
:10071000E07C0020014B1868704700BFE401002016
:1007200070B50D4D0D4C641BA4100026A64209D1D6
:100730000B4D0C4C00F0A6FE641BA4100026A64234
:1007400005D170BD55F8043B98470136EEE755F8E2
:10075000043B98470136F2E730B2020830B2020893
:1007600030B2020868B2020870477047704703460B
:1007700011F8012B03F8012B002AF9D170470A4424
:10078000914200F1FF3300D1704710B511F8014BD1
:1007900003F8014F9142F9D110BD00001FB5144676
:1007A0001A46094B1B680546D86854B9074B1C46C6
:1007B000CDE9013400912B46054900F0F9FBFFF724
:1007C000EDFA044BF4E700BFE4010020832902089E
:1007D000C5B10208B8B1020838B50546002941D0B4
:1007E00051F8043C0C1F002BB8BFE418FFF794FB32
:1007F0001D4A136833B9636014602846BDE8384069
:10080000FFF790BBA34208D9206821188B4201BF93
:1008100019685B6809182160EDE71A465B680BB13F
:10082000A342FAD911685018A0420BD120680144A4
:10083000501883421160E0D118685B685360084427
:100840001060DAE702D90C232B60D6E72068211864
:100850008B4204BF19685B68636004BF091821609C
:100860005460CAE738BD00BFA07B002051F8043CAB
:10087000181F002BBCBF0B58C01870472DE9F0475C
:100880008E681F46BE420B6882460C4690462DD8A5
:10089000B1F90C2012F4906F26D06569096905EB57
:1008A0004505A3EB010905EBD5757B1C4B446D1089
:1008B0009D4238BF1D46530527D52946FFF7ACFAA0
:1008C000064660B321694A46FFF759FFA38923F41E
:1008D000906343F08003A381266165614E44A5EBDC
:1008E00009052660A5603E46BE4200D93E46206806
:1008F00032464146FFF7D9FDA3689B1BA3602368DE
:10090000334423600020BDE8F0872A46FFF784FBCC
:1009100006460028E0D121695046FFF75DFF0C2311
:10092000CAF80030A38943F04003A3814FF0FF30A1
:10093000E9E700002DE9F04F98468B891B069DB032
:1009400007460D46144610D50B6973B94021FFF7D1
:1009500063FA2860286130B90C233B604FF0FF3008
:100960001DB0BDE8F08F40236B6100230993202365
:100970008DF82930CDF80C803023DFF89C818DF87C
:100980002A304FF0010923469A4613F8012B0AB189
:10099000252AF9D1BAEB040B0BD05B462246294637
:1009A0003846FFF76BFF013000F0A780099A5A44E0
:1009B00009929AF80030002B00F09F8000234FF03E
:1009C000FF32CDE905230AF1010A049307938DF85C
:1009D00053301A935446052214F8011B4E48E0F791
:1009E0000FFC049AD8B9D00644BF20238DF85330A9
:1009F000110744BF2B238DF853309AF800302A2B6F
:100A000015D0079A544600204FF00A0C214611F8E1
:100A1000013B303B092B4BD9B0B1079214E0A0EB5E
:100A2000080309FA03F313430493A246D2E7039B96
:100A3000191D1B680391002BBBBF5B4242F00202F1
:100A400007930793B8BF049223782E2B0AD16378BB
:100A50002A2B32D1039B1A1D1B68039243EAE373CE
:100A600002340593DFF8B4A0217803225046E0F762
:100A7000C7FB38B1049BA0EB0A004022824013431D
:100A80000134049314F8011B25488DF82810062220
:100A9000E0F7B6FB002836D0224B1BBB039B073385
:100AA00023F0070308330393099B334409936AE750
:100AB0000CFB02320C460120A8E700230134059309
:100AC00019464FF00A0C204610F8012B303A092A3B
:100AD00003D9002BC6D00591C4E70CFB01210446C5
:100AE0000123F0E703AB00932A460F4B04A93846D5
:100AF000AFF30080421C0646D6D1AB895B063FF5BA
:100B00002DAF09982CE703AB00932A46064B04A9A6
:100B1000384600F079F8EDE7F4B10208FAB10208BE
:100B2000FEB10208000000007D0802082DE9F04730
:100B3000164698468A680B69DDF820909342B8BF44
:100B40001346336091F8432007460C460AB101333F
:100B500033602368990642BF3368023333602568E7
:100B600015F0060506D104F1190AE36832689B1AEC
:100B7000AB4226DC94F843302268003B18BF0123C7
:100B800092062BD404F1430241463846C84701304F
:100B90001ED02368226903F00603042B02BFE56818
:100BA0003368ED1AA3680CBF25EAE575002593426A
:100BB000C4BF9B1AED1800261A34B5421AD1002082
:100BC00008E00123524641463846C847013003D168
:100BD0004FF0FF30BDE8F0870135C6E7E1185A1C39
:100BE000302081F84300224494F8451082F84310E5
:100BF0000233C7E70123224641463846C847013041
:100C0000E6D00136D9E700002DE9FF470F7E0C9EA4
:100C1000782F914680460C469A4601F1430207D848
:100C2000622F0AD8002F00F0DD80582F00F0C3801B
:100C300004F1420684F842703AE0A7F16303152BF1
:100C4000F6D801A151F823F0A10C0208B50C020856
:100C5000310C0208310C0208310C0208310C020878
:100C6000B50C0208310C0208310C0208310C0208E4
:100C7000310C0208CB0D0208430D0208830D020857
:100C8000310C0208310C0208ED0D0208310C02088B
:100C9000430D0208310C0208310C02088B0D0208CA
:100CA00033681A1D1B68326004F1420684F8423032
:100CB0000123A8E031682368081D30601E0601D5B5
:100CC0000D6803E05D06FBD5B1F900506168002DA9
:100CD00078DA2D20002984F84300A1602DDA5E48DF
:100CE0006D420A231646B5FBF3F103FB1157C75DAE
:100CF00006F8017D2F46BB420D46F4D9082B0BD1D7
:100D00002368DF0708D5236961689942DEBF302375
:100D100006F8013C06F1FF36921B2261CDF800A0D7
:100D20004B4603AA21464046FFF700FF01306FD132
:100D30004FF0FF3004B0BDE8F08723F004032360D8
:100D4000CDE721683368080653F8045B02D44906EE
:100D500048BFADB26F2F4048336014BF0A23082349
:100D6000002184F843106668A660002EBADB216873
:100D700021F004012160002DB4D1002EB2D116461D
:100D8000BCE7236843F0200323603448782784F8C5
:100D90004570236831681F0651F8045B02D45F0672
:100DA00048BFADB23160D90744BF43F02003236090
:100DB0001DB11023D4E72848E9E7236823F0200376
:100DC0002360F6E724480A23CDE733682568616984
:100DD000181D30602E061B6801D5196002E06806F8
:100DE000FBD5198000232361164697E733681A1D47
:100DF00032601E68626800213046E0F701FA08B1EF
:100E0000801B606063682361002384F8433085E7BA
:100E10002369324649464046D047013088D023688E
:100E20009B0714D4E068039B9842B8BF184681E73B
:100E30000123324649464046D04701303FF478AF5F
:100E40000135E36803995B1AAB42F1DCEAE7002560
:100E500004F11906F5E700BF05B2020816B2020850
:100E6000B1F90C20F8B5170705460C4656D44B6867
:100E7000002B02DC0B6C002B3DDDE66A002E3AD025
:100E8000002312F480522F68216A2B6025D0626DF6
:100E9000A389580705D56368D21A636B0BB1236C1D
:100EA000D21A216AE66A00232846B047411C24D0A2
:100EB0000023636023692360A389DA0400D5606599
:100EC000616B2F60B9B104F14403994202D0284606
:100ED000FFF782FC002363630DE001232846B0473F
:100EE000461C0246D4D12B68002BD1D01D2B01D03B
:100EF000162B2AD12F6000202EE02A68B4F90C307E
:100F000042B11D2A01D0162A21D100236360236932
:100F10002360D5E7626022692260CEE70F69002F67
:100F2000E9D093070E6808BF4B690F6018BF002314
:100F3000F61B8B60002EDEDD216AD4F828C0334614
:100F40003A462846E047002807DCB4F90C3043F065
:100F50004003A3814FF0FF30F8BD0744361AE9E79C
:100F600038B50B6905460C4613B90025284638BD2F
:100F700018B1036A0BB9FFF791F9B4F90C30002BE3
:100F8000F3D0626ED00704D4990502D4A06DFFF7A8
:100F9000ECFB28462146FFF763FF636EDA07054640
:100FA000E4D4A3899B05E1D4A06DFFF7DFFBDDE767
:100FB0000EB403B5014603AB054853F8042B006893
:100FC000019300F02FF802B05DF804EB03B0704716
:100FD000E40100209368013B002B10B4936007DA12
:100FE0009469A34201DB0A2902D110BC00F032B996
:100FF0001368581C10601970084610BC7047F8B58B
:1010000006460F461446D518AC4201D1002007E031
:1010100014F8011B3A463046FFF7DCFF431CF3D1BE
:10102000F8BD00002DE9F04F0D469DB014469846DE
:10103000064618B1036A0BB9FFF730F96B6ED90792
:1010400005D4AB899A0502D4A86DFFF78EFBAB8956
:101050001B0701D52B699BB92946304600F038F9AA
:1010600070B16B6EDC0704D54FF0FF301DB0BDE8EA
:10107000F08FAB899805F7D4A86DFFF777FBF3E7FE
:101080000023099320238DF82930CDF80C803023DC
:10109000DFF8AC818DF82A304FF0010923469A46DB
:1010A00013F8012B0AB1252AF9D1BAEB040B0BD0A6
:1010B0005B46224629463046FFF7A1FF013000F08B
:1010C000A780099A5A4409929AF80030002B00F040
:1010D0009F8000234FF0FF32CDE905230AF1010A7A
:1010E000049307938DF853301A935446052214F84D
:1010F000011B5348E0F784F8049AD8B9D10644BFDD
:1011000020238DF85330130744BF2B238DF8533021
:101110009AF800302A2B15D0079A544600204FF039
:101120000A0C214611F8013B303B092B4BD9B0B1D9
:10113000079214E0A0EB080309FA03F313430493A6
:10114000A246D2E7039B191D1B680391002BBBBF6E
:101150005B4242F0020207930793B8BF04922378E0
:101160002E2B0AD163782A2B32D1039B1A1D1B68C0
:10117000039243EAE37302340593DFF8C8A02178B1
:1011800003225046E0F73CF838B1049BA0EB0A007C
:101190004022824013430134049314F8011B2A486F
:1011A0008DF828100622E0F72BF800283FD0274BB7
:1011B0001BBB039B073323F0070308330393099BEF
:1011C0003B4409936AE70CFB02320C460120A8E776
:1011D00000230134059319464FF00A0C204610F8FD
:1011E000012B303A092A03D9002BC6D00591C4E758
:1011F0000CFB012104460123F0E703AB00932A46D0
:10120000134B04A93046AFF300800746781CD6D1B3
:101210006B6ED90705D4AB899A0502D4A86DFFF788
:10122000A5FAAB895B063FF51FAF09981EE703AB34
:1012300000932A46064B04A93046FFF7E5FCE4E795
:10124000F4B10208FAB10208FEB102080000000081
:10125000FF0F0208F8B50E461446054618B1036A9A
:101260000BB9FFF71BF8A369A360A3891A0701D57F
:10127000236943B92146284600F02AF818B14FF0F7
:10128000FF373846F8BD23682269981A6369F6B2B9
:101290008342374605DC21462846FFF761FE0028D9
:1012A000EDD1A368013BA36023685A1C22601E7025
:1012B0006269431C9A4204D0A389DB07E1D50A2E58
:1012C000DFD121462846FFF74BFE0028D9D0D6E7CC
:1012D00038B5294B054618680C4618B1036A0BB996
:1012E000FEF7DCFFB4F90C30190722D4DA0607D474
:1012F00009222A6043F04003A3814FF0FF3033E01E
:10130000580712D5616B41B104F14403994202D0F0
:101310002846FFF761FA00236363A38923F02403BF
:10132000A3810023636023692360A38943F008033A
:10133000A38123694BB9A38903F42073B3F5007F1C
:1013400003D02146284600F03FF8B4F90C3013F0E2
:1013500001020AD00022A26062695242A26122699F
:1013600042B913F08000C5D138BD990758BF6269F2
:10137000A260F4E70020F7E7E401002070B50C4616
:10138000B1F90E10002996B015461E460DDAA38954
:1013900013F0800F4FF0000114BF40234FF480631F
:1013A000002031602B6016B070BD6A4600F048F82E
:1013B0000028ECDB019901F47041A1F5005359427A
:1013C00059414FF48063EBE78B89F7B59D070646DB
:1013D0000C4607D504F147032360236101236361B1
:1013E00003B0F0BD01AB6A46FFF7C8FF009F05469A
:1013F00039463046FEF710FD48B9B4F90C309A056D
:10140000EED423F0030343F00203A381E2E7A389B0
:10141000206043F08003A381019BC4E904075BB112
:10142000B4F90E10304600F01DF828B1A38923F05E
:10143000030343F00103A381A3891D43A581CFE7E3
:1014400038B5074D00230446084611462B60E5F7E2
:1014500036FD431C02D12B6803B1236038BD00BFA9
:10146000E07C002038B5064D0023044608462B607A
:10147000E5F72AFD431C02D12B6803B1236038BD78
:10148000E07C0020F8B500BFF8BC08BC9E46704761
:0C149000F8B500BFF8BC08BC9E467047D1
:1014A0000000000001000000020000000200000037
:1014B00000000000010000000000FFFF00008000AD
:1014C000000000000800080000000000000000000C
:1014D000E8030000FFFFFFFFFFFFFFFFFFFFFFFF2D
:1014E000FFFFFFFFFFFFFFFF0000D9430000FA42AC
:1014F0000907120A080000000000D9439A99994090
:101500000000A0400000FA420A0010000000D94389
:101510009A9999400A000000FFFFFFFF00000000B9
:10152000800100008001000012AD101B00000000CF
:1015300001010000010001000000010001000000A5
:101540005000B00018017801B0021803C805300639
:10155000300C980C000000003500420055006B0074
:101560008400AB00D70008015601AE011002AC02A6
:101570005C0320045805B5063C08AC0A640D6B10EA
:1015800004000000003001401205000004010000CA
:1015900000000158020D0000090000000038004062
:1015A000120300000F00000000300140120500008F
:1015B0001200000000300140120500001C00000075
:1015C0000038004012050000FFFFFFFF0000000090
:1015D0000000000001000000003001401205000082
:1015E0000500000000300140120500000501000068
:1015F00000000158020D0000080000000038004003
:10160000120500000900000000380040120500002B
:10161000130000000030014012050000FFFFFFFF33
:10162000000000000000000005000000003800403D
:101630001203000006000000003001401205000007
:101640000601000000000158020D00000B00000020
:10165000003001401205000014000000003001407D
:1016600012050000FFFFFFFF000000000000000067
:1016700007000000003001401205000007010000D3
:1016800000000158020D00000A0000000038004070
:10169000120500000C00000000300140120500009F
:1016A000150000000030014012050000FFFFFFFFA1
:1016B00000000000000000000000000000440040A6
:1016C0001207000006000000008000401208000021
:1016D0000B00000000380140120700001400000059
:1016E0000038014012070000FFFFFFFF000000006C
:1016F000000000000100000000800040120800000F
:101700000101000000440040120700000C0000002E
:1017100000380140120700001300000000380140AB
:10172000120700001C0000000080004012080000AA
:10173000FFFFFFFF000000000000000003000000AA
:101740000080004012080000030100000044004037
:10175000120700000A0000000038014012070000D4
:10176000170000000038014012070000FFFFFFFFD4
:1017700000000000000000000200000000800040A7
:10178000120800000201000000440040120700009F
:101790000900000000380140120700001600000098
:1017A0000038014012070000FFFFFFFF00000000AB
:1017B0000000000000000000000000401281000056
:1017C00001000000000000401201010002000000C2
:1017D00000000040128101000300000000000040F2
:1017E000120102000500000000000040128100000C
:1017F0000600000000440140128E000007000000B7
:10180000002C014012811000070100000048014037
:10181000128E000008000000002C01401281000020
:1018200009000000002C0140120101000A00000024
:10183000002C0140128101000B000000002C01402F
:10184000120102000F0000000000004012810000A1
:10185000130000000000004012010100160000000B
:1018600000440140128E10001700000000480140A3
:10187000128E100018000000002C0140120111000F
:101880001801000000440140128E0000FFFFFFFF1E
:1018900000000000000000000A000000007400408A
:1018A00003800000FFFFFFFF0000000000000000B9
:1018B0000A00000000240140030003000B000000A8
:1018C00000240140038003000C00000000240140BC
:1018D000030004000D000000002401400380040008
:1018E0000E00000000240140030005000F0000006E
:1018F0000024014003800500120000000024014084
:101900000300020013000000002401400300010056
:10191000140000000024014003800100FFFFFFFFCE
:101920000000000000000000110000001200000094
:10193000100000000A0000000F0000000D00000071
:101940000E0000000B0000000C0000000000000072
:10195000010000000200000003000000040000007D
:10196000050000000600000007000000080000005D
:10197000090000000A0000000B0000000C0000003D
:101980000D0000000E0000000F000000120000001B
:1019900013000000140000001500000016000000F5
:1019A00017000000180000001C0000002D000000BF
:1019B00033000000010002000400060008000A00D5
:1019C0000C00100020004000800000010201040310
:1019D000020408100400400000040000001000B0E1
:1019E000002000B4004000B8010000000200000424
:1019F000040000080800000C100000102000001473
:101A0000400000188000001C00010020000200249B
:101A1000000400280008002C0010003000200034D2
:101A2000004000380080003C0000014000000244FB
:101A30000100000002000000040000000800000097
:101A400010000000200000004000000080000000A6
:101A50000001000000020000000400000008000077
:101A60000010000000200000004000000080000086
:101A70000100000002000000040000000800000057
:101A80001000000020000000400000008000000066
:101A90000001000000020000000400000008000037
:101AA0000010000000200000004000000080000046
:101AB000A0860100400D0300801A060000350C00CE
:101AC00040420F0080841E0000093D0000127A0091
:101AD0000024F40000366E010048E801006CDC02CE
:101AE00000000000000000000000000000000000F6
:101AF00000000000000000000000000000000000E6
:101B000001000000020000000300000004000000CB
:101B100001000000030000000500000001000000BB
:101B200001000000060000000A0000002000000084
:101B30000200000004000000080000001000000087
:101B400040000000800000000001000000020000D2
:101B5000010002000400060008000A000C0010004A
:101B600020004000800000015F6D61696E002F63FE
:101B70006F6E746163747333002F6368616E6E659A
:101B80006C7332002F6164765F626C6F6273002F3A
:101B90006E65775F7072656673002F6E6F64655F48
:101BA0007072656673004F4B004E4F4E414D4500BD
:101BB000697A4F483663584E366D724A356532360B
:101BC0006F52584E63673D3D005075626C6963000B
:101BD00030362D4A756E2D323032360052414B2050
:101BE000337837320076312E31362E302D30376152
:101BF00033636139007265626F6F7400726573657B
:101C00007400736574200070696E200020203E20EF
:101C100070696E206973206E6F7720253036640AF4
:101C20000020204572726F723A20756E6B6E6F776E
:101C30006E20636F6E6669673A2025730A007265CD
:101C40006275696C640020203E20657261736520B6
:101C5000616E642072656275696C6420646F6E6584
:101C60000020204572726F723A20657261736520A0
:101C70006661696C65640065726173650020203E71
:101C800020657261736520646F6E65006C7300552A
:101C9000736572446174612F004C697374696E6777
:101CA0002066696C657320696E2025730A005B6489
:101CB00069725D2020557365724461746125732FCC
:101CC00025730A005B66696C655D20557365724417
:101CD00061746125732F257320282564206279742F
:101CE0006573290A005B6469725D2020457874720F
:101CF00061465325732F25730A005B66696C655D29
:101D0000204578747261465325732F25732028254A
:101D100064206279746573290A0063617400496EF6
:101D200076616C696420706174682070726F766986
:101D30006465642C206D75737420737461727420F3
:101D4000776974682055736572446174612F206FE0
:101D50007220457874726146532F00726D200049DD
:101D60006E76616C696420706174682070726F7641
:101D7000696465640046696C652072656D6F76659F
:101D800064004661696C656420746F2072656D6FD4
:101D900076652066696C650020204572726F723A24
:101DA00020756E6B6E6F776E20636F6D6D616E6404
:101DB0000002040810000000000000000000000005
:101DC0001D7B0008000000000000000029BF000883
:101DD000277E0008597800085B7800085D780008C5
:101DE0006178000879780008F9790008D9B8000806
:101DF0000DAF000883780008697800086D78000846
:101E0000B9780008BD7800085580000811800008E6
:101E10008778000813CB000857CD000803CF0008CF
:101E20003F79000855CB00080FD3000875780008EB
:101E300077780008937E00080D7F0008B1CB00087A
:101E400001CC0008EBCC000891780008C17D0008A7
:101E5000F57D0008A1780008AF780008877F0008AA
:101E6000278300089B7A0008557A0008957C0008B3
:101E700079880008A3880008CF880008CD7800087A
:101E8000ED78000831790008838500086B8600082A
:101E90003D810008217B00089DCD00086F89000866
:101EA0006F890008B17D00089B7D0008717D0008E6
:101EB0008D7D00087F7D0008637D0008B0A9FFFFCD
:101EC00000000000757D0008917D0008837D0008FA
:101ED000677D0008689B0600689B060077440D003C
:101EE00077440D00F0010E00F0010E00000000002C
:101EF0000000000037A900080000000000000000FA
:101F000081A9000853A900084E6F742061766169A9
:101F10006C61626C65004552524F523A20726164A6
:101F2000696F20696E6974206661696C65643A2026
:101F30000000000000000000000000003BAC0008B2
:101F4000000000000000000039AC0008C3AC00082D
:101F50004D0801081D1C0108631C01086D1C0108C7
:101F600081FE0008F12F010825050108C12F010895
:101F70000F040108630F0108D509010835020108A3
:101F80002302010805FE000819250108992401080B
:101F9000B12801086D2B0108832B0108FFF7000809
:101FA000A1FB000807290108FD230108E525010818
:101FB000B5260108750A010885090108E50401082C
:101FC000C1FE0008C1000108550001088302010894
:101FD0006F0201086D0001089DFE000869040108F8
:101FE000310401085DFE00081D060108AD0201086C
:101FF00077000108E3030108EDF70008F5F7000892
:10200000EDF70008F5F70008EDF70008F5F7000810
:10201000C9FB0008F9010108D50B01087503010887
:102020007F00010889F9000835F900080D22010830
:10203000D9220108F9F80008C1F9000811FA0008CE
:1020400051F90008D9F90008FFFC000829FB000835
:1020500035FD000869FB00080000000000000000DA
:1020600095E400080DE5000875E5000827AD0008B7
:1020700025E7000839E6000889E50008D5E50008ED
:1020800091AB0008E9E40008A9E50008F9E40008BC
:102090000FAD0008E1AB0008E9AB0008C9AB0008D0
:1020A000B3AD000889AB000897800008D3AC0008E6
:1020B000F1AB000897AB000899AB000800000000E6
:1020C00000000000F9AB0008F9AC0008DBAC000828
:1020D000000000000000000011AC000815AC000872
:1020E00019AC00081BAC00081FAC000823AC0008AA
:1020F00027AC00082BAC0008000000000000000026
:10210000E980000845AB00084DAB000851AB000862
:1021100031AC000855AB000857AB0008A1AB000874
:10212000B3AC000859AB00085BAB000861AB00081A
:102130009DAC000881AC00089DAB000863AB0008B3
:10214000C5AB000867AB00086BAB00086FAB0008BD
:1021500075AB00087DAB000881AB000867AC0008D8
:10216000010000000000000000000000000000006E
:10217000000000000000000002000000010000005C
:10218000000000000000000000000000000000004F
:10219000030000000000000001000000000000003B
:1021A000000000000000000004000000000000002B
:1021B000010000000000000000000000000000001E
:1021C000000000000000000000000000000000000F
:1021D00000000000000000001600000018000000D1
:1021E000FFFFFFFFFFFFFFFFFFFFFFFF00000000FB
:1021F0000000000000000000FDAE00085978000853
:102200005B7800085D7800086178000803AF00087B
:1022100015AF000809AF00080DAF0008FFAE0008B9
:10222000697800086D7800087065E18FD9FABB7095
:10223000C1ED90DCA19907DE698C88B709EA146EBC
:10224000AFD93D9B830C7B60C4681193C79BBC399D
:10225000945BA8064104BB618F8FD7A84A0AF6F5A4
:102260007033D6E8DDCD6471001EC77175B0918EF4
:10227000D206F9AE04EC136D6D5D4315BB263054E8
:1022800027F645B492E9350C10000000000000006C
:102290000000000029BF0008FDAE000859780008C2
:1022A0005B7800085D7800086178000803AF0008DB
:1022B00015AF0008D9B800080DAF0008FFAE000840
:1022C000697800086D7800087DB8000895B80008A6
:1022D000A9B8000899B800089DB80008A1B800087E
:1022E00081B8000883B8000885B8000887B80008DE
:1022F0008BB8000875780008777800088DB800085A
:102300008FB80008A5B8000891B8000893B8000875
:10231000303132333435363738394142434445461B
:10232000000000000000000000000000F9C90008E3
:10233000FFC90008F5C9000805CA000809CA000855
:10234000ADCA00080DCA000825733A20000000003D
:10235000000000000000000029BF0008FDAE0008DA
:10236000597800085B7800085D78000861780008FB
:1023700003AF000815AF0008D9B800080DAF00087A
:10238000FFAE0008697800086D7800087DB8000885
:1023900095B80008A9B8000899B800089DB80008C9
:1023A00013CB000857CD000803CF000885B80008FC
:1023B00055CB00080FD3000875780008777800081F
:1023C0008DB800088FB80008B1CB000801CC000818
:1023D000EBCC0008F5CA0008F9CA0008FDCA0008DD
:1023E000FFCA000803CB000807CB0008000000006C
:1023F000000000000000000063CC000800000000A6
:1024000000000000000000000000000000000000CC
:10241000000000000000000009CB000800000000E0
:10242000000000009DCD000859CC000859CC0008E0
:102430000BCB00080FCB000825732F25732E696482
:10244000000000000000000000000000DFE20008C3
:1024500015E300081FE3000893E2000825E20008E6
:10246000B5E10008B9E10008BDE10008E7E20008B5
:102470003DE3000899E200080000F0C0000020C120
:10248000000048C1000070C100008CC10000A0C164
:10249000000000000000000001E9000815E9000844
:1024A000000000000000000017EB000859EB0008D6
:1024B000B1E10008BBEB000895E900089DE90008C0
:1024C000B7E90008E3D2010805D3010800000000C5
:1024D0000000000095F50008ABF600089DF6000826
:1024E0008FF6000881F6000841F6000833F6000870
:1024F0002DF6000821F5000829F6000825F6000849
:1025000013F60008ADF5000809F60008BBF5000851
:1025100003F60008B5F5000897F50008B9F60008BD
:10252000F1F50008E1F50008DDF5000849F50008BF
:102530000533010800000000000000000DF700084E
:102540006BF7000859F7000879F7000811F7000841
:1025500041F6000833F600082DF6000821F50008C2
:1025600029F6000825F6000813F60008ADF5000866
:1025700009F60008BBF5000803F60008B5F50008E9
:1025800097F50008B9F60008F1F50008E1F5000834
:10259000DDF5000849F50008053301080024F400C2
:1025A000010000000000000000000000FDF700082E
:1025B00041F900084D0801081D1C0108631C0108B1
:1025C0006D1C010881FE0008F12F01082505010896
:1025D000C12F01080F040108630F0108D509010884
:1025E000350201082302010805FE0008192501082B
:1025F00099240108B12801086D2B0108832B0108DB
:10260000FFF70008A1FB000807290108FD230108C6
:10261000E5250108B5260108750A010885090108A4
:10262000E5040108C1FE0008C100010855000108C9
:10263000830201086F0201086D0001089DFE000879
:1026400069040108310401085DFE00081D06010847
:10265000AD02010877000108E3030108EDF7000867
:10266000F5F70008EDF70008F5F70008EDF70008AA
:10267000F5F70008C9FB0008F9010108D50B0108AE
:10268000750301087F00010889F9000835F9000881
:102690000D220108D9220108F9F80008C1F9000843
:1026A00011FA000851F90008D9F90008FFFC0008E8
:1026B00029FB000835FD000869FB0008535831323A
:1026C00036310000000000000000000065FC00083A
:1026D0006FFD00084D0801081D1C0108631C01085E
:1026E0006D1C010881FE0008F12F01082505010875
:1026F000C12F01080F040108630F0108D509010863
:10270000350201082302010805FE00081925010809
:1027100099240108B12801086D2B0108832B0108B9
:1027200055FE0008A1FB000807290108FD23010848
:10273000E5250108B5260108750A01088509010883
:10274000E5040108C1FE0008C100010855000108A8
:10275000830201086F0201086D0001089DFE000858
:1027600069040108310401085DFE00081D06010826
:10277000AD02010877000108E3030108FD2101080B
:1027800005220108FD21010805220108FD2101089B
:1027900005220108C9FB0008F9010108D50B010851
:1027A000750301087F000108AD210108DD21010842
:1027B0000D220108D92201084F1E010867FC0008FC
:1027C0006DFA0008BDFC0008D1FA0008FFFC000803
:1027D00029FB000835FD000869FB000822FB1200F8
:1027E000110321001106210322021406110B120B02
:1027F000110E120E11141116220B13152111240D96
:102800002114211622152315411341143314521398
:1028100061165216531663166416741600000000F3
:1028200000000000BD000108FF0301084D08010879
:102830001D1C0108631C01086D1C010881FE0008B5
:10284000F12F010825050108C12F01080F04010817
:10285000630F0108D50901083502010823020108A8
:102860005F2F01081925010899240108B1280108E2
:102870006D2B0108832B01086B2F0108712F0108B4
:1028800007290108FD230108E5250108B5260108EF
:10289000750A010885090108E5040108C1FE000860
:1028A000C100010855000108830201086F020108F8
:1028B0006D0001089DFE000869040108310401084B
:1028C0005DFE00081D060108AD0201087700010841
:1028D000E3030108FD21010805220108FD2101088B
:1028E00005220108FD210108052201084D2F0108DC
:1028F000F9010108D50B0108750301087F000108E3
:10290000AD210108DD2101080D220108D9220108AD
:102910004F1E0108212D30333639000F06030012F7
:102920002436480416283A4C081A2C3E0C1E304215
:102930001022344601132537490517293B4D091B41
:102940002D3F0D1F314311233547021426384A0607
:10295000182A3C4E0A1C2E400E20324403152739FB
:102960004B07192B3D4F0B1D2F410F2133451F17CF
:102970000F1E160E1D150D1C140C1B130B1A120A1C
:10298000191109000108AC0000000000000000005F
:102990000000000000000000332F01083F2F010855
:1029A000452F01084D2F01083F2F0108F12F010885
:1029B000392F0108C12F01083F2F01083F2F0108BF
:1029C000532F0108592F01083F2F01085F2F0108DD
:1029D0005F2F01085F2F01084D2F01084D2F0108BF
:1029E000652F01086B2F0108712F0108532F010873
:1029F000592F0108772F0108772F0108872F010829
:102A00008D2F01088D2F0108952F0108A12F010896
:102A1000A12F0108A52F0108592F0108592F0108DE
:102A20003F2F0108AB2F01083F2F01083F2F01085E
:102A3000AB2F0108B12F0108B52F0108B72F0108EE
:102A4000B52F0108B92F0108B52F0108B92F0108CA
:102A5000B52F0108B92F01084D2F0108AB2F010830
:102A6000BB2F01083F2F0108000000003021120396
:102A70001203302103122130213003124370340736
:102A8000251652615261251634074370073470438E
:102A9000615216251625615270430734340743707E
:102AA000526125162516526143703407704307346E
:102AB000162561526152162507347043000000004C
:102AC0000000000000000000000000000000000006
:102AD00000000000000000000000000000000000F6
:102AE00000000000000000000000000000000000E6
:102AF00000000000000000000000000000000000D6
:102B00000000000000000000FB320108FB32010859
:102B1000FD320108FF320108FB32010801330108D0
:102B20000533010800000000000000003D330108EB
:102B30005D3301083134010839330108713301086C
:102B4000C9350108F13701083534010800000000DB
:102B50000000000000000000000000003134010807
:102B60000000000000000000C9350108F13701082D
:102B7000353401080001020408102040801B360093
:102B80001B362D6C775A4152096AD53036A538BFAD
:102B900040A39E81F3D7FB7CE339829B2FFF8734D0
:102BA0008E4344C4DEE9CB547B9432A6C2233DEE6F
:102BB0004C950B42FAC34E082EA16628D924B27652
:102BC0005BA2496D8BD12572F8F66486689816D49D
:102BD000A45CCC5D65B6926C704850FDEDB9DA5ED0
:102BE000154657A78D9D8490D8AB008CBCD30AF7AF
:102BF000E45805B8B34506D02C1E8FCA3F0F02C15A
:102C0000AFBD0301138A6B3A9111414F67DCEA971C
:102C1000F2CFCEF0B4E67396AC7422E7AD3585E220
:102C2000F937E81C75DF6E47F11A711D29C5896FE8
:102C3000B7620EAA18BE1BFC563E4BC6D279209A2C
:102C4000DBC0FE78CD5AF41FDDA8338807C731B149
:102C50001210592780EC5F60517FA919B54A0D2DDC
:102C6000E57A9F93C99CEFA0E03B4DAE2AF5B0C832
:102C7000EBBB3C83539961172B047EBA77D626E1D0
:102C800069146355210C7D637C777BF26B6FC530D3
:102C900001672BFED7AB76CA82C97DFA5947F0ADE2
:102CA000D4A2AF9CA472C0B7FD9326363FF7CC34B4
:102CB000A5E5F171D8311504C723C31896059A0705
:102CC0001280E2EB27B27509832C1A1B6E5AA052B0
:102CD0003BD6B329E32F8453D100ED20FCB15B6ACE
:102CE000CBBE394A4C58CFD0EFAAFB434D33854574
:102CF000F9027F503C9FA851A3408F929D38F5BCAC
:102D0000B6DA2110FFF3D2CD0C13EC5F974417C451
:102D1000A77E3D645D197360814FDC222A9088464E
:102D2000EEB814DE5E0BDBE0323A0A4906245CC2E0
:102D3000D3AC629195E479E7C8376D8DD54EA96C17
:102D400056F4EA657AAE08BA78252E1CA6B4C6E811
:102D5000DD741F4BBD8B8A703EB5664803F60E616D
:102D60003557B986C11D9EE1F8981169D98E949B9B
:102D70001E87E9CE5528DF8CA1890DBFE642684148
:102D8000992D0FB054BB1600000000000000000099
:102D90000000000000000000000000000000000033
:102DA0000000000000000000000000000000000023
:102DB0001B132C0AA3E59CEDA72963085D210621BE
:102DC000EBFFFFFFFFFFFFFFFFFFFFFFFFFFFFFF27
:102DD0000F000000EDD3F55C1A631258D69CF7A2E1
:102DE000DEF9DE140000000000000000000000001A
:102DF00000000010A3DDB7A5B38ADE6DF552517750
:102E0000809FF0207DE3AB648E4EEA6665768BD7BB
:102E10000F5F876701000000000000000000000055
:102E200000000000000000000000000000000000A2
:102E300000000000586666666666666666666666D8
:102E40006666666666666666666666666666666622
:102E5000666666661AD5258F602D56C9B2A7259578
:102E600060C72C695CDCD6FD31E2A4C0FE536ECD98
:102E7000D336692159F1B226949BD6EB56B18382A1
:102E80009A14E00030D1F3EEF2808E19E7FCDF56A1
:102E9000DCD90624A3785913CA4DEB75ABD8414150
:102EA0004D0A700098E879777940C78C73FE6F2BD4
:102EB000EE6C0352000000000000000049400108D1
:102EC00069400108D13F0108D53F0108D93F0108F9
:102ED0004D420108B1420108314001084B4301084D
:102EE0007B430108982F8A4291443771CFFBC0B5CC
:102EF000A5DBB5E95BC25639F111F159A4823F92C5
:102F0000D55E1CAB98AA07D8015B8312BE8531241D
:102F1000C37D0C55745DBE72FEB1DE80A706DC9BDE
:102F200074F19BC1C1699BE48647BEEFC69DC10F8A
:102F3000CCA10C246F2CE92DAA84744ADCA9B05CC6
:102F4000DA88F97652513E986DC631A8C82703B089
:102F5000C77F59BFF30BE0C64791A7D55163CA0697
:102F600067292914850AB72738211B2EFC6D2C4DA3
:102F7000130D385354730A65BB0A6A762EC9C28191
:102F8000852C7292A1E8BFA24B661AA8708B4BC227
:102F9000A3516CC719E892D1240699D685350EF451
:102FA00070A06A1016C1A419086C371E4C77482708
:102FB000B5BCB034B30C1C394AAAD84E4FCA9C5B7E
:102FC000F36F2E68EE828F746F63A5781478C884CF
:102FD0000802C78CFAFFBE90EB6C50A4F7A3F9BEB1
:102FE000F27871C6000000000000000041440108B2
:102FF00061440108E7430108EB4301080944010863
:1030000039490108B7490108EF430108574A010847
:10301000874A01080000000022AE28D7982F8A4274
:10302000CD65EF23914437712F3B4DECCFFBC0B5FD
:10303000BCDB8981A5DBB5E938B548F35BC25639FD
:1030400019D005B6F111F1599B4F19AFA4823F92E7
:1030500018816DDAD55E1CAB420203A398AA07D88B
:10306000BE6F7045015B83128CB2E44EBE85312485
:10307000E2B4FFD5C37D0C556F897BF2745DBE72DF
:10308000B196163BFEB1DE803512C725A706DC9B44
:10309000942669CF74F19BC1D24AF19EC1699BE429
:1030A000E3254F388647BEEFB5D58C8BC69DC10F43
:1030B000659CAC77CCA10C2475022B596F2CE92DA3
:1030C00083E4A66EAA84744AD4FB41BDDCA9B05C3B
:1030D000B5531183DA88F976ABDF66EE52513E982C
:1030E0001032B42D6DC631A83F21FB98C82703B01C
:1030F000E40EEFBEC77F59BFC28FA83DF30BE0C6F9
:1031000025A70A934791A7D56F8203E05163CA06AA
:10311000706E0E0A67292914FC2FD246850AB7273C
:1031200026C9265C38211B2EED2AC45AFC6D2C4D75
:10313000DFB3959D130D3853DE63AF8B54730A656F
:10314000A8B2773CBB0A6A76E6AEED472EC9C281CB
:103150003B358214852C72926403F14CA1E8BFA226
:10316000013042BC4B661AA89197F8D0708B4BC2C5
:1031700030BE5406A3516CC71852EFD619E892D14D
:1031800010A96555240699D62A20715785350EF465
:10319000B8D1BB3270A06A10C8D0D2B816C1A41979
:1031A00053AB4151086C371E99EB8EDF4C774827A3
:1031B000A8489BE1B5BCB034635AC9C5B30C1C39EF
:1031C000CB8A41E34AAAD84E73E363774FCA9C5B2C
:1031D000A3B8B2D6F36F2E68FCB2EF5DEE828F74A7
:1031E000602F17436F63A57872ABF0A11478C88481
:1031F000EC39641A0802C78C281E6323FAFFBE90BC
:10320000E9BD82DEEB6C50A41579C6B2F7A3F9BE16
:103210002B5372E3F27871C69C6126EACE3E27CA30
:1032200007C2C021C7B886D11EEBE0CDD67DDAEA51
:1032300078D16EEE7F4F7DF5BA6F1772AA67F006F0
:10324000A698C8A2C57D630AAE0DF9BE04983F11C9
:103250001B471C13350B711B847D0423F577DB287A
:103260009324C7407BABCA32BCBEC9150ABE9E3C84
:103270004C0D109CC4671D43B6423ECBBED4C54C1A
:103280002A7E65FC9C297F59ECFAD63AAB6FCB5F5E
:103290001758474A8C19446C08C9BCF367E6096A99
:1032A0003BA7CA8485AE67BB2BF894FE72F36E3CD5
:1032B000F1361D5F3AF54FA5D182E6AD7F520E5132
:1032C0001F6C3E2B8C68059B6BBD41FBABD9831FEC
:1032D00079217E1319CDE05BB0A00E4A271BEEC406
:1032E00078E42FAD0618432FA7D7FB3D99004D2B4F
:1032F0000BDFC14F8024832B000000000000000082
:1033000000000000000000000000000000000000BD
:1033100000000000000000000000000000000000AD
:1033200000000000000000000100010064006400D3
:10333000000000000000000000000000000000008D
:10334000000000000000000000000000000000007D
:10335000000000000000000000000000000000006D
:10336000000000000000000000000000000000005D
:10337000000000000000000000000000000000004D
:10338000000000000000000000000000000000003D
:10339000000000000000000000000000000000002D
:1033A000000000000000000000000000000000001D
:1033B000000000000000000000000000000000000D
:1033C00000000000000000000000000000000000FD
:1033D00000000000000000000000000000000000ED
:1033E00000000000000000000000000000000000DD
:1033F0000100010001000A000200000000000000BE
:1034000000000000000000000000E80300000A00C7
:103410006400E8030100000001000100000000005A
:10342000000001000000000001000000E803E803C4
:103430000100010064000100000000000000000025
:103440000000000001000101020200000000000075
:10345000000000000000000000000000000000006C
:10346000000000000000000000000000000000005C
:10347000000000000000000000000000000000004C
:10348000000000000000000000000000000000003C
:10349000000000000000000000000000000000002C
:1034A0000000000000000000000004020102010012
:1034B00000000000000000060002020204000102F9
:1034C00000000002000002000404020406030900D8
:1034D00000000000010000000000000000000000EB
:1034E00033520108355201082E2E00000000000062
:1034F000000000000F53010827530108B1E1000844
:10350000C15301089B530108BD54010847530108EA
:10351000E3D2010805D301086C6974746C656673A5
:1035200000000000000000006410B71DC8206E3BC2
:10353000AC30D9269041DC76F4516B6B5861B24DBA
:103540003C7105502083B8ED44930FF0E8A3D6D624
:103550008CB361CBB0C2649BD4D2D38678E20AA08C
:103560001CF2BDBD0000000022AE28D7982F8A4271
:10357000CD65EF23914437712F3B4DECCFFBC0B5A8
:10358000BCDB8981A5DBB5E938B548F35BC25639A8
:1035900019D005B6F111F1599B4F19AFA4823F9292
:1035A00018816DDAD55E1CAB420203A398AA07D836
:1035B000BE6F7045015B83128CB2E44EBE85312430
:1035C000E2B4FFD5C37D0C556F897BF2745DBE728A
:1035D000B196163BFEB1DE803512C725A706DC9BEF
:1035E000942669CF74F19BC1D24AF19EC1699BE4D4
:1035F000E3254F388647BEEFB5D58C8BC69DC10FEE
:10360000659CAC77CCA10C2475022B596F2CE92D4D
:1036100083E4A66EAA84744AD4FB41BDDCA9B05CE5
:10362000B5531183DA88F976ABDF66EE52513E98D6
:103630001032B42D6DC631A83F21FB98C82703B0C6
:10364000E40EEFBEC77F59BFC28FA83DF30BE0C6A3
:1036500025A70A934791A7D56F8203E05163CA0655
:10366000706E0E0A67292914FC2FD246850AB727E7
:1036700026C9265C38211B2EED2AC45AFC6D2C4D20
:10368000DFB3959D130D3853DE63AF8B54730A651A
:10369000A8B2773CBB0A6A76E6AEED472EC9C28176
:1036A0003B358214852C72926403F14CA1E8BFA2D1
:1036B000013042BC4B661AA89197F8D0708B4BC270
:1036C00030BE5406A3516CC71852EFD619E892D1F8
:1036D00010A96555240699D62A20715785350EF410
:1036E000B8D1BB3270A06A10C8D0D2B816C1A41924
:1036F00053AB4151086C371E99EB8EDF4C7748274E
:10370000A8489BE1B5BCB034635AC9C5B30C1C3999
:10371000CB8A41E34AAAD84E73E363774FCA9C5BD6
:10372000A3B8B2D6F36F2E68FCB2EF5DEE828F7451
:10373000602F17436F63A57872ABF0A11478C8842B
:10374000EC39641A0802C78C281E6323FAFFBE9066
:10375000E9BD82DEEB6C50A41579C6B2F7A3F9BEC1
:103760002B5372E3F27871C69C6126EACE3E27CADB
:1037700007C2C021C7B886D11EEBE0CDD67DDAEAFC
:1037800078D16EEE7F4F7DF5BA6F1772AA67F0069B
:10379000A698C8A2C57D630AAE0DF9BE04983F1174
:1037A0001B471C13350B711B847D0423F577DB2825
:1037B0009324C7407BABCA32BCBEC9150ABE9E3C2F
:1037C0004C0D109CC4671D43B6423ECBBED4C54CC5
:1037D0002A7E65FC9C297F59ECFAD63AAB6FCB5F09
:1037E0001758474A8C19446C853B8C01BDF124FF66
:1037F000F825C30160DC3700B74C3EFFC3423D00F3
:10380000324CA401E1A44CFF4C3DA3FF753E1F00C8
:10381000519140FF76410E00A273D6FF068A2E001A
:103820007CE6F4FF0A8A8F00341AC200B8F44C0018
:10383000818F2901BEF413FF7BAA7AFF62814400C5
:1038400079D5930056651EFFA1679B008C5943FFF5
:10385000EFE5BE01430BB500C6F089FEEE45BCFFA7
:10386000EA713CFF25FF39FF45B2B6FE80D0B300B8
:10387000761A7DFE0307D6FFF1324DFF55CBC5FF0B
:10388000D387FAFF193064FFBBD5B4FE1158690025
:1038900053D19E010573620004AE3CFEAB376EFF50
:1038A000D9B511FF14BCAA00929C66FE57D6AEFF94
:1038B000727A9B01E92CAA007F08EF01D6ECEA009E
:1038C000AF05DB00316A3DFF0642D0FF026A6EFFA2
:1038D00051EA13FFD76BC0FF4397EE00132A6CFF2A
:1038E000E5557101324487FF116A0900326701FF13
:1038F0005001A80123981EFF10A8B9013859E8FF0C
:1039000065D2FC0029FA4700CCAA4FFF0E2EEFFF2C
:10391000504DEF00BDD64BFF118DF90026504CFFE6
:10392000BE55750056E4AA009CD8D001C3CFA4FFB1
:1039300096424CFFAFE110FF8D5062014CDBF2006C
:10394000C6A272002EDA98009B2BF1FE9BA068FFA6
:10395000B209FCFE646ED4000E05A700E9EFA3FFD8
:103960001C979D0165920AFFFE9E46FE47F9E40002
:10397000581E3200443AA0FFBF186801814281FFFF
:10398000C03255FF08B38AFF26FAC9007350A00061
:1039900083E671007D5893005A44C700FD4C9E0099
:1039A0001CFF760071FAFE00424B2E00E6DA2B0077
:1039B000E578BA0194442B00887CEE01BB6BC5FF0F
:1039C0005435F6FF3374FEFF33BBA5000211AF0080
:1039D0004254A001F73A1E00234135FE45ECBF00DA
:1039E0002D86F501A37BDD00206E14FF3417A500A2
:1039F000BAD64700E9B06000F2EF360139598A00C3
:103A0000530054FF88A064005C8E78FE687CBE0082
:103A1000B5B13EFFFA29550098822A0160FCF600F4
:103A200097973FFEEF853E0020389C002DA7BDFFF5
:103A30008E85B3018356D300BBB396FEFAAA0EFF60
:103A4000447115FFDEBA3BFF4207F101450648000D
:103A5000569C6CFE37A759006D34DBFE0DB017FF86
:103A6000C42C6AFFEF9547FFA48C7DFF9FAD01003A
:103A70003329E700913E21008A6F5D01B95345006B
:103A800090732E00619710FF18E41A0031D9E200FC
:103A9000714BEAFEC1990CFFB63060FF0E0D1A00A3
:103AA00080C3F9FE45C13B00842551FE7D6A3C0080
:103AB000D6F0A901A4E34200D2A34E00253497001A
:103AC000634D1A00EE9CD5FFD5C0D101492E54009C
:103AD0001441290136CE4F00C98392FEAA6F18FF08
:103AE000B12132FEAB26CBFF4EF77400D1DD990039
:103AF0008580B2013A2C1900C9273B01BD13FC0097
:103B000031E5D20175BB7500B5B3B8010072DB00B9
:103B1000305E9300F52938007D0DCCFEF4AD7700C2
:103B20002CDD20FE54EA1400F9A0C601EC7EEAFF69
:103B30008F3EDD008159D6FF378B05FE4414BFFF51
:103B40000ECCB20123C3D9002F33CE0126F6A50037
:103B5000CE1B06FE9E572400D93492FF7D7BD7FFF3
:103B6000553C1FFFAB0D0700DAF558FEFC233C0067
:103B700037D6A0FF85653800E02013FE9340EA00A9
:103B80001A91A20172767D00F8FCFA00655EC4FF0E
:103B9000C68DE2FE332AB600870C09FE6DACD2FF5B
:103BA000C5ECC201F1419A00309C2FFF994337FFC9
:103BB000DAA522FE4AB4B300DA424701587A63001C
:103BC000D4B5DBFF5C2AE7FFEF009A00F54DB7FFA5
:103BD0005E51AA0112D5D800AB5D4700345EF800F3
:103BE0001297A1FEC5D142FFAEF40FFEA230B7007E
:103BF000313DF0FEB65DC300C7E40601C80511FF04
:103C0000892DEDFF6C9404005A4FEDFF273F4DFFC7
:103C10003552CF018E1676FF65E812015C1A43001B
:103C200005C858FF21A88AFF95E1480002D11BFF73
:103C30002CF5A801DCED11FF1ED369FE8DEEDD0031
:103C40008050F5FE6FFE0E00DE5FBE01DF09F10061
:103C5000924CD4FF6CCD68FF3F75990090453000C1
:103C600023E46F00C021C1FF70D6BEFE7398970099
:103C700017665800334AF800E2C78FFECCA265FFF2
:103C8000D061BD01F5681200E6F61EFF17944500ED
:103C90006E5834FEE2B559FFD02F5AFE72A150FF84
:103CA0002174F800B39857FF4590B10158EE1AFF00
:103CB0003A207101014D45003B7934FF98EE5300E5
:103CC0003408C100E727E9FFC7228A00DE44AD00BF
:103CD0005B39F2FEDCD27FFFC007F6FE9723BB0004
:103CE000C3ECA5006F5DCE00D4F785019A85D1FFA6
:103CF0009BE70A00404E26007AF964011E1361FF1B
:103D00003E5BF901F8854D00C53FA8FE740A5200DC
:103D1000B8EC71FED4CBC2FF3D64FCFE2405CAFFA3
:103D2000775B99FF814F1D006767ABFEEDD76FFF93
:103D3000D8354500EFF01700C295DDFF26E1DE0023
:103D4000E8FFB4FE765285FF39D1B1018BE88500DA
:103D50009EB02EFEC2732E0058F7E5011C67BF000F
:103D6000DDDEAFFE95EB2C0097E419FEDA69670003
:103D70008E55D2009581BEFFD5415EFE7586E0FF6F
:103D800052C675009DDDDC00A3652400C5722500C8
:103D900068ACA6FE0BB600005148BCFF61BC10FF2A
:103DA00045060A00C79391FF0809730141D6AFFF8A
:103DB000D9ADD100507FA600F7E504FEA7B77CFF80
:103DC0005A1CCCFEAF3BF0FF0B29F8016C2833FFE7
:103DD00090B1C3FE96FA7E008A5B4101783CDEFF1B
:103DE000F5C1EF001DD6BDFF80021900509AA20058
:103DF0004DDC6B01EACD4AFF36A667FF7448090027
:103E0000E45E2FFF1EC819FF23D659FF3DB08CFF7B
:103E100053E2A3FF4B82AC00802611005F8998FF1C
:103E2000D77C9F014F5D000094529DFEC382FBFF33
:103E300028CA4CFFFB7EE0009D633EFECF07E1FFFA
:103E40006044C3008CBA9DFF8313E7FF2A80FE0005
:103E500034DB3DFE66CB48008D070BFFBAA4D500CE
:103E60001F7A770085F29100D0FCE8FF5BD5B6FFA2
:103E70008F04FAFEF9D74A00A51E6F01AB09DF00D7
:103E8000E57B22015C821AFF4D9B2D01C38B1CFF39
:103E90003BE04E008811F7006C7920004FFABDFF1F
:103EA00060E3FCFE26F13E003EAE7DFF9B6F5DFFB2
:103EB0000AE6CE0161C528FF003139FE41FA0D0046
:103EC00012FB96FFDC6DD2FF05AEA6FE2C81BD0075
:103ED000EB2393FF25F78DFF488D04FF676BFF00F1
:103EE000F75A0400352C2A00021EF000043B3F0064
:103EF000584E240071A7B400BE47C1FFC79EA4FF5F
:103F00003A08AC004D210C00413F0300994D21FFC0
:103F1000ACFE6601E4DD04FF571EFE01922956FF48
:103F20008ACCEFFE6C8D11FFBBF28700D2D07F00F0
:103F3000442D0EFE49603E00513C18FFAA0624FFA6
:103F400003F91A0023D56D00168136FF1523E1FF12
:103F5000EA3D38FF3AD906008F7C5800EC7E4200DB
:103F6000D126B7FF22EE06FFAE9166005F16D300A2
:103F7000C40F99FE2E54E8FF75229201E7FA4AFF1A
:103F80001B8664015CBBC3FFAAC67000781C2A00B4
:103F9000D14643001D511F001DA86401A9ADA0001A
:103FA0006B2375003E603BFF510C450187EFBEFF60
:103FB000DCFC1200A3DC3AFF8989BCFF53666D006C
:103FC00060064C00EADED2FFB9AECD013C9ED5FFC3
:103FD0000DF1D600AC818C005D68F200C09CFB0046
:103FE0002B751E00E1519E007FE8DA00E21CCB0039
:103FF000E91B97FF752B05FFF20E2FFF211406001A
:1040000089FB2CFE1B1FF5FFB7D67DFE2879950096
:10401000BA9ED5FF5908E300455800FECB87E10062
:10402000C9AECB009347B800127929FE5E054E0059
:10403000E0D6F0FE2405B400FB87E701A38AD40094
:10404000D2F974FE5881BB00130831FE3E0E90FF7A
:104050009F4CD300D63352006D75E4FE67DFCBFF73
:104060004BFC0F019A47DCFF170D5B018DA860FF29
:10407000B5B68500FA333700EAEAD4FEAF3F9E00BA
:1040800027F034019EBD24FFD528550120B4F7FF49
:1040900013661A01541861FF4515DE00948B7AFFF0
:1040A000DCD5EB01E8CBFF0079399300E3079A00F8
:1040B000351693014801E100528630FE533C9DFFC6
:1040C0009148A9002267EF00C6E92F00741304FF8E
:1040D000B86A09FFB781530024B0E601226748009F
:1040E000DBA28600F52A9E00209560FEA52C90009C
:1040F000CAEF48FED79605002A42240184D7AF00B4
:1041000056AE56FF1AC59CFF31E887FE67B65200CF
:10411000FD80B00199B27A00F5FA0A00EC18B200FD
:10412000896A8400281D2900321E98FF7C692600B8
:10413000E6BF4B008F2BAA002C8314FF2C0D17FF1A
:10414000EDFF9B019F6D64FF70B518FF68DC6C008C
:1041500037D38300630CD5FF989791FFEE059F003E
:10416000619B0800216C5100010367003E6D22FF36
:10417000FA9BB4002047C3FF264691019F5FF500DC
:1041800045E56501881CF0004FE019004E6E79FF8F
:10419000F8A87C00BB80F7000293EBFE4F0B840075
:1041A000463A0C01B508A3FF4F8985FF25AA0BFFEE
:1041B0008DF355FFB0E7D7FFCC96A4FFEFD727FFCD
:1041C0002E579CFE08A358FFAC22E800422C66FF45
:1041D0001B3629FEEC6357FF297BA90134722B00A3
:1041E000758628009B861A00E7CF5BFE238426FF96
:1041F00013667DFE24E385FF760371FF1D0D7C00B1
:1042000098604A015892CEFFA7BFDCFEA21258FF69
:10421000B66417001F753400512E6A010C020700A6
:104220004550C901D1F6AC000C308D01E0D35800E7
:1042300074E29F007A62820041ECEA01E1E209FF48
:10424000CFE27B0159D63B00708758015AF4CBFF6F
:10425000310B2601816CBA0059700F01652ECCFF1D
:104260007FCC2DFE4FFFDDFF334912FF7F2A65FF14
:10427000F115CA00A0E307006932EC004F34C5FF16
:1042800068CAD001B40F100065C54EFF624DCB0067
:1042900029B9F10123C17C00239B17FFCF35C00052
:1042A0000B7DA301F99EB9FF04833000155D6FFFFC
:1042B0003D79E70145C824FFB930B9FF6FEE15FF1E
:1042C000273219FF63D7A3FF57D41EFFA49305FF1E
:1042D000800623016CDF6EFFC24CB2004A65B40059
:1042E000F32F3000AE192BFF52ADFD013672C0FF27
:1042F00028375B00D76CB0FF0B380700E0E94C00B3
:10430000D162CAFEF2197D002CC15DFECB08B1005E
:1043100087B013007047D5FFCE3BB00104431A00AD
:104320000E8FD5FE2A37D0FF3C437800C115A3007D
:1043300063A473000A1476009CD4DEFEA007D9FFA4
:1043400072F54C01753B7B00B0C256FED50FB00034
:104350004ECECFFED5813B00E9FB1601603798FFBA
:10436000ECFF0FFFC55954FF5D958500AEA07100AD
:10437000EA63A9FF9874580090A453FF5F1DC6FF1D
:10438000222F0FFF637886FF05ECC100F9F77EFF4F
:1043900093BB1E0032E675FF6CD9DBFFA351A6FF6D
:1043A0004819A9FE9B794FFF1C9B59FE077E1100FF
:1043B000934121012FEAFD001A3312006953C7FF10
:1043C000A3C4E60071F8A400E2FEDA00BDD1CBFF81
:1043D000A4F7DEFEFF23A50004BCF3017FB3470072
:1043E00025EDFEFF64BAF000053947FE674849FF36
:1043F000F41251FEE5D284FFEE06B4FF0BE5AEFFEA
:10440000E3DDC00111311C00A3D7C4FE097604FF0F
:1044100033F0470071816DFF4CF0E700BCB17F00C5
:104420007D472C011AAFF3005EA919FE1BE61D00A3
:104430000F8B7701A8AABAFFACC54CFFFC4BBC00A0
:10444000897CC400481660FF2D97F901DC91640057
:1044500040C09FFF78EFE20081B2920000C07D0073
:10446000EB8AEA00B79D920053C7C0FFB8AC48FF83
:1044700049E180004D06FAFFBA41430068F6CF00DB
:10448000BC208AFFDA18F200438A51FEED8179FFE1
:1044900014CF960129C710FF061480009F760500EF
:1044A000B5108FFFDC260F00174093FE491A0D0050
:1044B00057E43901CC7C80002B18DF00DB63C70098
:1044C000164B14FF131B7E009D3ED7006E1DE600A9
:1044D000B3A7FF0136FCBE00DDCCB6FEB39E41FFA4
:1044E000519D0300C2DA9F00AADF0000E00B20FF0D
:1044F00026C56200A8A4250017580701A4BA6E00BB
:1045000060248600EAF2E500FA791300F2FE70FFFB
:10451000032F5E0109EF06FF518699FED6FDA8FF25
:10452000437CE000F55F4A001C1E2CFE016DDCFFA1
:10453000B2595900FC244C0018C62EFF4C4D6F0098
:1045400086EA88FF275E1D00B948EAFF464487FFD8
:10455000E76607FE4DE78C00A72F3A01946176FFCE
:10456000101BE101A6CE8FFF6EB2D6FFB483A2006E
:104570008F8DE1010DDA4EFF729921016268CC0046
:10458000AF727501A7CE4B00CAC453013A40430035
:104590008A2F6F01C4F780FF89E0E0FE9E70CF0094
:1045A0009A64FF0186256B00C6804FFF7FD19BFF79
:1045B000A3FEB9FE3C0EF3001FDB70FE1DD94100C7
:1045C000C80D74FE7B3CC4FFE03BB8FEF259C4004A
:1045D0007B104BFE9510CE0045FE3001E774DFFFE7
:1045E000D1A04101C850620025C2B8FE943F22000C
:1045F0008BF041FFD99084FF38262DFEC778D2007A
:104600006CB1A6FFA0DE0400DC7E77FEA56BA0FFE8
:1046100052DCF801F1AF8800908D17FFA98A540091
:10462000A0894EFFE27650FF341B84FF3F608BFF72
:1046300098FA2700BC9B0F00E83396FE280FE8FF8E
:10464000F0E509FF89AF1BFF4B496101DAD40B008C
:104650008705A2016BB9D50002F96BFF28F246006D
:10466000DBC81900199D0D00435250FFC4F917FF14
:1046700091149500324892005E4C940118FB410061
:104680001FC01700B8D4C9FF7BE9A201F7AD4800ED
:10469000A257DBFE7E8659009F0B0CFEA6691D000B
:1046A000491BE4017178B7FF42A36D01D48F0BFF62
:1046B0009FE7A801FF805A00390E3AFE59340AFFDD
:1046C000FD08A3010091D2FF0A8155012EB51B0000
:1046D0006788A0FE7EBCD1FF22236F00D7DB18FFC6
:1046E000D40BD6FE65057600E8C585FFDFA76DFF14
:1046F000ED5056FF468B5E009EC1BF019B0F33FFFE
:104700000FBE73004E87CFFFF90A1B01B57DE9008C
:104710005FAC0DFEAAD5A1FF27EC8AFF5F5D57FFB6
:10472000BE805F007D0FCE00A6969F00E30F9EFF28
:10473000CE9E78FF2A8D800065B278019C6D830043
:10474000DA0E2CFEF7A8CEFFD4701C007011E4FF27
:104750005A102501C5DE6C00FECF53FF095AF3FF46
:10476000F3F4AC001A5873FFCD747A00BFE6C100B1
:10477000B4640B01D92560FF9A4E9C00EBEA1FFF41
:10478000CEB2B2FF95C0FB00B6FA8700F6166900FC
:104790007CC16DFF02D295FFA911AA0000606EFFD7
:1047A00075090801327B28FFC1BD630022E3A00028
:1047B000305046FED333EC002D7AF5FE2CAE0800C7
:1047C000AD25E9FF9E41AB007A45D7FF5A5002FF65
:1047D000836A60FEE3728700CD3177FEB03E40FF12
:1047E000523311FFF114F3FF820D08FE80D9F3FF5D
:1047F000A21B01FE5A76F100F6C6F6FF371076FFCF
:10480000C89F9D00A31101008C6B790055A176FF14
:10481000260095009C2FEE0009A6A6014B62B5FF6D
:10482000324A1900420F2F008BE19F004C038EFF8C
:104830000EEEB8000BCF35FFB7C0BA01AB20AEFF0C
:10484000BF4CDD01F7AADB0019AC32FED909E90043
:10485000CB7E44FFB75C30007FA7B7014131FE003B
:10486000103F7F01FE15AAFF3BE07FFE16303FFFA1
:104870001B4E82FE28C31D00FA8470FE23CB9000DD
:1048800068A9A800CFFD1EFF682826FE5EE4580038
:10489000CE1080FFD4377AFFDF16EA00DFC57F0035
:1048A000FDB5B50191667600EC9924FFD4D948FF97
:1048B000142618FE8A3E3E00988C0400E6DC63FF56
:1048C0000115D4FF94C9E700F47B09FE00ABD200C8
:1048D000333A25FF01FF0EFFF4B791FE00F2A60068
:1048E000164A840079D829005FC372FE851897FFA5
:1048F0009CE2E7FFF7054DFFF69473FEE15C51FF84
:10490000DE50F6FEAA7B59FF4AC78D001D1408FF32
:104910008A8846FF5D4B5C00DD9331FE347EE20009
:10492000E57C17002E09B500CD40340183FE1C0044
:10493000979ED40083404E00CE19AB0000E68B005A
:10494000BFFD6EFE67F7A700402828012AA5F1FFEA
:104950003B4BE4FE7CF3BDFFC45CB2FF828C56FF90
:104960008D59380193C605FFCBF89EFE90A28D00AD
:104970000BACE200822A15FF01A78FFF902424FFD1
:104980003058A4FEA8AADC006247D6005BD04F00D6
:104990009F4CC901A62AD6FF45FF00FF06807DFF78
:1049A000BE018C009253DAFFD7EE48017A7F3500C2
:1049B000BD74A5FF540842FFD603D0FFD56E850015
:1049C000C3A82C019EE74500A240C8FE5B3A6800E0
:1049D000B63ABBFEF9E48800CB864CFE63DDE90005
:1049E0004BFED6FE50459A004098F8FEEC88CAFF70
:1049F0009D6999FE95AF1400162313FF7C79E90099
:104A0000BAFAC6FE84E58B008950AEFFA57D44004E
:104A100090CA94FEEBEFF80087B87600655E11FF50
:104A20007A4846FE458292007FDEF801457F76FF98
:104A30001E52D7FEBC4A13FFE5A7C2FE751942FFFE
:104A400041EA38FED5169C00973B5DFE2D1C1BFFEE
:104A5000BA7EA4FF2006EF007F726301DB3402FF01
:104A60006360A6FE3EBE7EFF6CDEA8014BE2AE0098
:104A7000E6E2C7003C75DAFFFCF81401D6BCCC00B6
:104A80001FC286FE7B45C0FFA9AD24FE37625B00D6
:104A9000DF2A66FE890166009D5A1900EF7A40FF01
:104AA000FC06E900073614FF5274AE00872536FF76
:104AB0000FBA7D00E370AFFF64B4E1FF2AEDF4FFAD
:104AC000F4ADE2FEF8122100AB6396FF4AEB32FF31
:104AD000755220FE6AA8ED00CF6DD001E409BA003E
:104AE000873CA9FEB35C8F00F4AA68FFEB2D7CFF26
:104AF0004663BA007589B700E01FD7002809640033
:104B00001A105F0144D95700089714FF1A643AFF3E
:104B1000B0A5CB01347646000720FEFEF4FEF5FF7B
:104B2000A790C2FF7D7117FFB079B5008854D100FE
:104B30008A061EFF59301C00219B0EFF19F09A00B7
:104B40008DCD6D0146733EFF14286BFE8A9AC7FF18
:104B50005EDFE2FF9DAB2600A3B119FE2D7603FFB9
:104B60000EDE1701D1BE51FF767BE8010DD565FF42
:104B70007B377BFE1BF6A50032634CFF8CD620FFF3
:104B8000614143FF180C1C00AE564E0140F7600017
:104B9000A08743004237F3FF93CC60FF1A0621FF42
:104BA0006233530199D5D0FF02B836FF19DA0B00F2
:104BB0003143F6FE129548FF0D1948002A4FD600E2
:104BC0002A0426011B8B90FF95BB170012A48400BA
:104BD000F554B8FE78C668FF7EDA60003875EAFFE3
:104BE0000D1DD6FE442F0AFFA79A84FE9826C60004
:104BF00042B259FFC82EABFF0D6353FFD2BBFDFF7E
:104C0000AA2D2A018AD17C00D6A28D000CE69C0038
:104C1000662470FE0393430034D77BFFE9AB36FF75
:104C200062893E00F7DA27FFE7DAEC00F7BF7F0082
:104C3000C3925400A5B05CFF13D45EFF114AE30099
:104C400058289901C69301FFCE43F5FEF003DAFF21
:104C50003D8DD5FF61B76A00C3E8EBFE5F569A0051
:104C6000D130CDFE76D1F1FFF078DF01D51D9F0068
:104C7000A37F93FF0DDA5D00551844FE461450FFE4
:104C8000BD058C015261FEFF6363BFFF845485FF45
:104C90006BDA74FF707A2E0069112000C2A03FFF0A
:104CA00044DE2701D8FD5C00B169CDFF95C9C30082
:104CB0002AE10BFF28A2730009075100A5DADB00E7
:104CC000B41600FE1D92FCFF92CFE101B487600094
:104CD0001FA37000B10BDBFF850CC1FE2B4E320011
:104CE000417179013BD906FF6E5E180170AC6F000F
:104CF000070F600024557B00479615FFD049BC0084
:104D0000C00BA701D5F5220009E65C00A28E27FFA3
:104D1000D75A1B00626159005E4FD3005A9DF000C4
:104D20005FDC7E0166B0E200241EE0FE231F7F00F0
:104D3000E7E8730155538200D249F5FF2F8F72FFC8
:104D40004441C5003B483EFFB785ADFE5D7976FF27
:104D50003BB151FFEA45ADFFCD80B100DCF433003B
:104D60001AF4D10149DE4DFFA30860FE9695D300E9
:104D70009EFECB01367F8B00A1E03B00046D16FF49
:104D8000DE2A2DFFD09266FFEC8EBB0032CDF5FF00
:104D90000A4A59FE304F8E00DE4C82FF1EA63F00AD
:104DA000EC0C0DFF31B8F400BB716600DA65FD0054
:104DB0009939B6FE20962A0019C69201EDF1380005
:104DC0008C4405005BA4ACFF4E91BAFE4334CD0089
:104DD000DBCF81016D731100368F3A0115F878FF32
:104DE000B3FF1E00C1EC42FF01FF07FFFDC030FF13
:104DF0001345D90103D600FF40659201DF7D23FFF3
:104E0000EB49B3FFF9A7E200E1AF0A0161A23A0062
:104E10006A70AB0154AC05FF858CB2FF86F58E003D
:104E2000615A7DFFBACBB9FFDF4D17FFC05C6A0046
:104E30000FC673FFD998F800ABB278FFE48635004F
:104E4000B036C101FAFB3500D50A640122C76A00F9
:104E5000971FF4FEACE057FF0EED17FFFD551AFF4C
:104E60007F2774FFAC686400FB0E46FFD4D08AFF36
:104E7000FDD3FA00B031A5000F4C7BFF25DAA0FF6F
:104E80005C8710010A7E72FF4605E0FFF7F98D008E
:104E900044143C01F1D2BDFFC3D9BB01970371009B
:104EA000975CAE00E73EB2FFDBB7E100171721FFCA
:104EB000CDB5500039B8F8FF43B401FF5A7B5DFF10
:104EC0002700A2FF60F834FF54428C00227FE4FFE9
:104ED000C28A0701A66EBC0015119B019ABEC6FFCF
:104EE000D6503BFF12078F00481DE201C7D9F900D9
:104EF000E8A1470195BEC900D9AF5FFE719343FF9A
:104F00008A8FC7FF7FCC01001DB65301CEE69BFF01
:104F1000BACC3C000A7D55FFE86019FFFF59F7FF46
:104F2000D5FEAF01E8C151001C2B9CFE0C450800CA
:104F30009318F80012C63100863C230076F612FF63
:104F40003158FEFEE415BAFFB6417001DB1601FFD1
:104F5000167E34FFBD3531FF70198F00267F37FF75
:104F6000E265A3FED0853DFF8945AE01BE7691FF87
:104F70003C62DBFFD90DF5FFFA880A0054FEE2001F
:104F8000C91F7D01F033FBFF1F8382FF028A32FFBE
:104F9000D7D7B101DF0CEEFFFC9538FF7C5B44FFF7
:104FA000487EAAFE77FF64008287E8FF0E4FB200BA
:104FB000FA83C5008AC6D00079D88BFE771224FF09
:104FC0001DC17A00102A2DFFD5F0EB01E6BEA9FF26
:104FD000C623E4FE6EAD4800D6DDF1FF38948700AD
:104FE000C0754EFE8D5DCFFF8F419500151262FF9B
:104FF0005F2CF4016ABF4D00FE5508FED66EB0FF6F
:1050000049AD13FEA0C4C7FFED5A9000C1AC71FFBB
:10501000C89B88FEE45ADD0089314A01A4DDD7FF30
:10502000D1BD05FF69EC37FF2A1F8101C1FFEC00EC
:105030002ED93C008A58BBFFE252ECFF514597FF46
:105040008EBE10010D8608007F7A30FF51409C0013
:10505000ABF38B00ED23F6007A8FC1FED47A920079
:105060005F29FF0157844D0004D41F00111F4E001B
:10507000272DADFE188ED9FF5F0906FFE35306000A
:10508000623B82FE3E1E21000873D301A26180FFB5
:1050900007B817FE741CA8FFF88A97FF62F4F000A7
:1050A000BA76820072F8EBFF69ADC801A07C47FFB9
:1050B0005E24A401AF4192FFEEF1AAFECAC6C5006C
:1050C000E4478AFE2DF66DFFC2349E0085BBB0001A
:1050D00053FC9AFE59BDDDFFAA49FC00943A7D00BD
:1050E000244433FE2A45B1FFA84C56FF2664CCFF6A
:1050F00026352300AF136100E1EEFDFF515187001B
:10510000D21BFFFEEB496B0008CF7300527F880073
:10511000546315FECF13880064A4650050D04DFF82
:1051200084CFEDFF0F030FFF21A66E009C5F55FF9C
:1051300025B96F01966A23FFA6974C00725787FF27
:105140009FC240000C7A1FFFE80765FEAD77620042
:105150009A47DCFEBF3935FFA8E8A0FFE02063FFD7
:10516000DA9CA5009799A300D90D9401C571590047
:10517000951CA1FECF171E006984E3FF36E65EFF93
:1051800085ADCCFF5CB79DFF5890FCFE66215A00B0
:105190009F610300B5DA9BFFF07277006AD635FF96
:1051A000A5BE7301985BE1FF586A2CFFD03D7100EA
:1051B00097347C00BF1B9CFF6E36EC010E1EA6FFD1
:1051C000277FCF01E5C71C00BCE4BCFE649DEB005B
:1051D000F6DAB7016B16C1FFCEA05F004CEF93006B
:1051E000CFA1750033A602FF34750AFE4938E3FFEC
:1051F00098C1E100845E88FF65BFD100206BE5FFA8
:10520000C62BB40164D27600724399FF17581AFF77
:10521000599A5C01DC788CFF9072CFFFFC73FAFF27
:1052200022CE48008A857FFF08B27C01574B61007F
:105230000FE55CFEF04383FF767BE3FE927868FF28
:1052400091D5FF0181BB46FFDB7736000113AD002E
:105250002D969401F8534800CBE9A9018E6B3800D4
:10526000F7F926012DF250FF1EE967006052460053
:1052700017C96F0051271EFFA1B74EFFC2EA21FFD9
:1052800044E38CFED8CE7400461BEBFF68904F00C1
:10529000A4E65DFED6879C009ABBF2FEBC1483FF99
:1052A000246DAE009F70F100056E950124A5DA0013
:1052B000A61D1301B22E49005D2B20FEF8BDED00A6
:1052C000669B8D00C95DC3FFF18BFDFF0F6F62FF11
:1052D0006C41A3FE9B4FBEFF49AEC1FEF62830FFD6
:1052E0006B580BFECA6155FFFDCC12FF71F24200F4
:1052F0006EA0C2FED012BA0051153C00BC68A7FFD8
:105300007CA661FED2858E0038F289FE296F82006C
:105310006F973A016FD58DFFB7ACF1FF2606C4FF3A
:10532000B9077BFF2E0BF600F56977010F02A1FF8D
:1053300008CE2DFF12CA4AFF537C7301D48D9D0005
:105340005308D1FE8B0FE8FFAC36ADFE32F7840078
:10535000D6BDD50090B86900DFFEF800FF93F0FFDE
:1053600017BC480007333600BC19B4FEDCB400FF9C
:1053700053A01400A3BDF3FF3AD1C2FF57493C002C
:105380006A183100F5F9DC0016ADA700760BC3FFF3
:10539000137EED006E9F25FF3B522F00B4BB5600DD
:1053A000BC94D001642585FF0770C10081BC9CFFBF
:1053B000546A81FF85E1CA000EEC6FFF2814650076
:1053C000ACAC31FE33364AFFFBB9B8FF5D9BE0FF62
:1053D000B4F9E001E6B29200483936FEB23EB800B8
:1053E00077CD4800B9EFFDFF3D0FDA00C44338FF29
:1053F000EA20AB012EDBE400D06CEAFF143FE8FFAB
:10540000A535C70185E405FF34CD6B004AEE8CFF5E
:10541000969CDBFEEFACB2FFFBBDDFFE208ED3FF20
:10542000DA0F8A01F1C450001C2462FE16EAC7009C
:105430003DEDDCFFF63925008E118EFF9D3E1A00F2
:105440002BEE5FFE03D906FFD519F00127DCAEFF76
:105450009ACD30FE130DC0FFF42236FE8C109B0057
:10546000F0B505FE9BC13C00A68004FF249138FFE7
:1054700096F0DB007833910052992A018CEC92006F
:105480006B5CF801BD0A03003F88F200D3271800C7
:1054900013CAA101AD1BBAFFD2CCEFFE29D1A2FFE6
:1054A000B6FE9FFFAC743400C367DEFECD453B0003
:1054B00035162901DA30C20050D2F200D2BCCF003A
:1054C000BBA1A1FED811010088E17100FAB83F002C
:1054D000DF1E62FE4DA8A2003B35AF0013C90AFFD4
:1054E0008BE0C20093C19AFFD4BD0CFE01C8AEFF91
:1054F000328571015EB35A00ADB687005EB17100AE
:105500002B59D7FF88FC6AFF7B8653FE05F542FFC7
:1055100052312701DC02E0006181B1004D3B5900AE
:105520003D1D9B01CBABDCFF5C4E8B009121B5FF99
:10553000A9188D013796B3008B3C50FFDA27610024
:1055400002936BFF3CF84800ADE62F010653B6FF0F
:105550001069A2FE89D451FFB4B8860127DEA4FFEA
:10556000DD69FB01EF707D003F0761003F68E3FFED
:10557000943A0C005A3CE0FF54D4FC004FD7A800EA
:10558000F8DDC7017379010024AC780020A2BBFFCD
:10559000396B31FF932A15006AC62B01394A57002F
:1055A0007ECB51FF8187C3008C1FB100DD8BC20011
:1055B00003DED7008344E700B156B2FE7C97B40007
:1055C000B87C260146A31100F9FBB5012A37E30098
:1055D000E2A12C0017EC6E0033958E015D05EC0006
:1055E000DAB76AFE43184D0028F5D1FFDE7999003D
:1055F000A5391E00537D3C0046265201E506BC003D
:105600006DDE9DFF37763FFFCD97BA00E32195FF12
:10561000FEB0F601E3B1E300226AA3FEB02B4F0017
:105620006A5F4E01B9F17AFFB90E3D002401CA004C
:105630000DB2A2FFF70B8400A1E65C014101B9FFA6
:10564000D432A5018D9240FF9EF2DA0015A47D00B0
:10565000D58B7A0143475700CB9EB201975C2B0054
:10566000986F05FF2703EFFFD9FFFAFFB03F47FF11
:105670004AF54D01FAAE12FF2231E3FFF62EFBFF91
:105680009A2330017D9D3DFF6A244EFF61EC990015
:1056900088BB78FF7186ABFF13D5D9FED85ED1FFEA
:1056A000FC053D005E03CA00031AB7FF40BF2BFF95
:1056B0001E171500818D4DFF66780701C24C8C00C6
:1056C000BCAF34FF11519400E8563701E130AC0013
:1056D000862A2AFFEE322F00A912FE00149357FFEC
:1056E0000EC3EFFF45F71700EEE580FFB131700004
:1056F000A862FBFF7947F800F30891FEF6E399FFF3
:10570000DBA9B1FEFB8BA5FF0CA3B9FFA428ABFF5F
:10571000999F1BFEF36D5BFFDE18700112D6E70048
:105720006B9DB5FEC39300FFC26368FF598CBEFF3B
:10573000B1427EFE6AB9420031DA1F00FCAE9E0023
:10574000BC4FE601EE29E000D4EA0801880BB50061
:10575000A67553FF44C35E002E84C900F09858001C
:10576000A43945FEA0E02AFF3BD743FF77C38DFF56
:1057700024B479FECF2F08FFAED2DF0065C544FF09
:10578000FF528D01FA89E9006156850110504500EC
:1057900084839F00745D64002D8D8B0098AC9DFF09
:1057A0005A2B5B0047992E00271070FFD98861FFA4
:1057B000DCC619FEB1353100DE5886FF800F3C0093
:1057C000CFC0A9FFC074D1FF6A4ED301C8D5B7FFBF
:1057D000070C7AFEDECB3CFF216EC7FEFB6A75002C
:1057E000E4E10401783A07FFDDC154FE70851B0037
:1057F000BDC8C9FF8B879600EA37B0FF3D32410034
:10580000986CA9FFDC5501FF7087E300A21ABA006B
:10581000CF60B9FEF4886B005D993201C6619700D4
:105820006E0B56FF8F75AEFF73D4C80005CAB70064
:10583000EDA40AFEB9EF3E00EC7812FE627B63FF36
:10584000A8C9C2FE2EEAD600BF8531FF63A9770042
:10585000BEBB230173152DFFF983480070067BFF43
:10586000D631B5FEA6E922005CC566FEFDE4CDFF9B
:10587000033BC9012A622E00DB2523FFA9C32600B2
:105880005E7CC1019C2BDF005F4885FE78CEBF00A7
:105890007AC5EFFFB1BB4FFFFE2E0201FAA7BE0093
:1058A00054811300CB71A6FFF91FBDFE489DCAFFAE
:1058B000D04749FFCF1848000A101201D2514CFFBF
:1058C00058D0C0FF7EF36BFFEE8D78FFC779EAFFFB
:1058D000890C3BFF24DC7BFF94B33CFEF00C1D00E5
:1058E00042006101241E26FF73015DFF6067E7FF30
:1058F000C59E3B01C0A4F000CACA39FF18AE3000F3
:10590000594D9B012A4CD700F497E90017305100FC
:10591000EF7F34FEE38225FFF8745D017C8476001E
:10592000ADFEC00106EB53FF6EAFE701FB1CB600F6
:1059300081F95DFE54B880004CB53E00AF80BA00DE
:10594000643588FE6D1DE200DDE93A0114634A000A
:105950000016A000860D1500093437FF11598C0080
:10596000AF223B0054A577FFE0E2EAFF0748A6FF1D
:105970007B73FF0112D6F600FA074701D9DCB900A4
:10598000D4234CFF267DAF00BD61D20072EE2CFF08
:1059900029BCA9FE2DBA9A00515C160084A0C10052
:1059A00079D062FF0D512CFFCB9C5200473A15FF76
:1059B000D072BFFE322693009AD8C3006519120038
:1059C0003CFAD7FFE984EBFF67AF8E01100E5C0055
:1059D0008D1F6EFEEEF12DFF99D9EF0161A82FFF0B
:1059E000F95510011CAF3EFF39FE3600DEE77E00A0
:1059F000A62D75FE12BD60FFE44C3200C8F45E00B7
:105A0000C6987801442245FF0C41A0FE65135A0058
:105A1000A7C578FF4436B9FF29DABC0071A8300069
:105A20005869BD011A5220FFB95DA401E4F0EDFFF1
:105A300042B63500ABC55CFF6B09E901C77890FF42
:105A40004E310AFF6DAA69FF5A041FFF1CF471FF53
:105A50004A3A0B003EDCF6FF799AC8FE90D2B2FFBC
:105A60007E3981012BFA0EFF656F1C012F56F1FF65
:105A70003D4696FF354905FF1E1A9E00D11A560075
:105A80008AED4A00A45FBC008E3C1DFEA274F8FFA4
:105A9000BBAFA00097121000D16F41FECB8627FF4D
:105AA000586C31FF831A47FFDD1BD7FE68695DFF25
:105AB0001FEC1FFE8700D3FF8F7F6E01D449E500E6
:105AC000E943A7FEC301D0FF8411DDFF33D95A009B
:105AD00043EB32FFDFD28F00B3358201E96AC600A3
:105AE000D9ADDCFF70E518FFAF9A5DFE47CBF6FF3E
:105AF000304285FF0388E6FF17DD71FEEB6FD500AE
:105B0000AA785FFEFBDD02002D829EFE695ED9FF52
:105B1000F234B4FED5442DFF68261C00F49E4C00E0
:105B2000A1C860FFCF350DFFBB439400AA36F80033
:105B300077A2B2FF53140B002A2AC001929FA3FF41
:105B4000B7E86F004DE515FF47358F001B4C22006D
:105B5000F6882FFFDB27B6FF5CE0C901138E0EFF2E
:105B600045B6F1FFA376F500096D6A01AAB5F7FF06
:105B70004E2FEEFF54D2B0FFD56B8B0027260B00C3
:105B80004815960048824500CD4D9BFE8E85150038
:105B9000476FACFEE22A3BFFB300D7012180F10042
:105BA000EAFC0D01B84F08006E1E49FFF68DBD00DE
:105BB000AACFDA014A9A45FF8AF631FF9B2064009A
:105BC0007D4A69FF5A553DFF23E5B1FF3E7DC1FF88
:105BD0009956BC014978D400D17BF6FE87D126FFC7
:105BE000973A2C015C45D6FF0E0C58FFFC99A6FF96
:105BF000FDCF70FF3C4E53FFE37C6E00B460FCFFB2
:105C0000357521FEA4DC52FF29011BFF26A4A6FF47
:105C1000A463A9FE3D9046FFC0A612006BFA4200A5
:105C2000C541320001B312FFFF6801FF2B9923FF2A
:105C3000506FA8006EAFA80029692DFFDB0ECDFFC5
:105C4000A4E98CFE2B017600E943C300B2529FFF0A
:105C50008A577AFFD4EE5AFF90237CFE198CA40059
:105C6000FBD72CFE85466BFF65E350FE5CA9370031
:105C7000D72A310072B455FF21E81B01ACD51900B9
:105C80003EB07BFE208518FFE1BF3E005D469900D7
:105C9000B52A680116BFE0FFC8C88CFFF9EA2500E5
:105CA00095398D00C338D0FFFE8246FF20ADF0FF4E
:105CB0001DDCC7006E6473FF84E5F900E4E9DFFFD3
:105CC00025D8D1FEB2B1D1FFB72DA5FEE06172009B
:105CD0008961A8FFE1DEAC00A50D3101D2EBCCFF5C
:105CE000FC041CFE46A09700E8BE34FE53F85DFF9E
:105CF0003ED74D01AFAFB3FFA03242007930D000A4
:105D00003FA9D1FF00D2C800E0BB2C0149A252003C
:105D100009B08FFF134CC1FF1D3BA701182B9A0040
:105D20001CBEBE008DBC8100E8EBCBFFEA006DFF1E
:105D300036419F003C58E8FF79FD96FEFCE983FF61
:105D4000C66E2901534D47FFC8163BFE6AFDF2FFA0
:105D5000150CCFFFED42BD005AC6CA01E1AC7F0071
:105D60003516CA0038E684000156B7006DBE2A0019
:105D7000F344AE016DE49A00C8B17A0123A0B7FFE5
:105D8000B13055FF5ADAA9FFF8984E00CAFE6E00EE
:105D900006342B008E6241FF3F911600466A5D007B
:105DA000E88A6B016EB33DFFD381DA01F2D15C006A
:105DB000235AD901B68F6AFF7465D9FF72FADDFFE5
:105DC000ADCC06003C96A30049AC2CFFEF6E50FF13
:105DD000ED4C99FEA18CF90095E8E500851F28FFA0
:105DE000AEA477007133D60081E402FE4022F300B6
:105DF0006BE3F4FFAE6AC8FF5499460132231000EA
:105E0000FA4AD8FEECBD42FF99F90D00E6B204FF54
:105E1000DD29EE0076E379FF5E578CFEFE775C00AD
:105E200049EFF6FE7557800013D391FFB12EFC00A9
:105E3000E55BF6014580F7FFCA4D3601080B09FF07
:105E40009960A600D9D6ADFF86C0020100CF000040
:105E5000BDAE6B018C8664009EC1F301B666AB00DB
:105E6000EB9A33008E057BFF3CA85901D90E5CFFED
:105E700013D60501D3A7FE002C06CAFE7812ECFF4C
:105E80000F71B8FFB8DF8B0028B177FEB67B5AFFE1
:105E9000B0A5B000F74DC2001BEA7800E700D6FFBE
:105EA0003B271E007D6391FF964444018DDEF80080
:105EB000997BD2FF6E7F98FFE521D60187DDC50073
:105EC000896102000C8FCCFF5129BC00734F82FF07
:105ED0005E03840098AFBBFF7C8D0AFF7EC0B3FFDA
:105EE0000B67C60095062D00DB55BB01E612B2FF1D
:105EF00048B6980003C6B8FF8070E00161A1E600D3
:105F0000FE6326FF3A9FC5009742DB003B458FFFAB
:105F1000B970F90077882FFF7B828400A8475FFF64
:105F200071B02801E8B9AD00CF5D7501449D6CFFEB
:105F3000660593FE3161210059416FFEF71EA3FFF4
:105F40007CD9DD0166FAD800C6AE4BFE39371200A7
:105F5000E305EC01E5D5AD00C96DDA0131E9EF00EB
:105F60001E379E0119B26A009B6FBC015E7E8C00D9
:105F7000D71FEE014DF01000D5F219012647A800F9
:105F8000CDBA5DFE31D38CFFDB00B4FF8676A50071
:105F9000A09386FF6EBA23FFC6F32A00F392770020
:105FA00086EBA30104F187FFC12EC1FE67B44FFF4A
:105FB000E104B8FEF27682009287B001EA6F1E001B
:105FC0004542D5FE29607B00795E2AFFB2BFC3FF40
:105FD0002E822A00755408FFE931D6FEEE7A6D0054
:105FE00006475901ECD37B00F40D30FE77940E0088
:105FF000721C56FF4BED19FF91E510FE816435FFD1
:10600000869678FEA89D3200174868FFE0310E00A2
:10601000FF7B16FF97B997FFAA50B80186B6140008
:1060200029646501992110004C9A6F0156CEEAFF50
:10603000C0A0A4FEA57B5DFF01D8A4FE4311AFFF65
:10604000A90B3BFF9E293DFF49BC0EFFC30689FFFC
:1060500016931DFF146703FFF682E3FF7A28800082
:10606000E22F18FE2324200098BAB7FF45CA140077
:10607000C385C300DE33F700A9AB5E01B700A0FF04
:1060800040CD12019C530FFFC53AF9FEFB596EFF3C
:10609000320A58FE332BD80062F2C601F597710020
:1060A000ABECC201C51FC7FFE5512601293B140017
:1060B000FD68E600985D0EFFF6F292FED6A9F0FFAD
:1060C000F0666CFEA0A7EC009ADABC0096E9CAFF65
:1060D0001B13FA01024785FFAF0C3F0191B7C600C1
:1060E000687873FF82FBF70011D4A7FF3E7B84FF23
:1060F000F764BD009BDF98008FC521009B3B2CFF00
:10610000965DF0017F0357FF5F47CF01A75501FF61
:10611000BC9874FF0A17170089C35D0136626100DD
:10612000F000A8FF94BC7F00866B97004CFDAB008D
:106130005A84C00092163600E04236FEE6BAE5FF09
:1061400027B6C40094FB82FF41836CFE8001A0004F
:10615000A931A7FEC7FE94FFFB068300BBFE81FFAB
:1061600055523E00B2173AFFFE840500A4D5270021
:1061700086FC92FE253551FF9B865200CDA7EEFF8F
:106180005E2DB4FF8428A100FE6F7001364BD9004C
:10619000B3E6DD01EB5EBFFF17F33001CA91CBFF21
:1061A00027762AFF758DFD00FE00DE002BFB3200F6
:1061B00036A9EA015044D00094CBF3FE9107870042
:1061C00006FE0000FCB97F00620881FF262348FF1D
:1061D000D324DC01281A5900A840C5FE03DEEFFFD6
:1061E0000253D7FEB49F69003A73C200BA746AFFC3
:1061F000E5F7DBFF8176C100CAAEB701A6A1480072
:10620000C96B93FEED884A00E9E66A01696FA80050
:1062100040E01E0101E503006697AFFFC2EEE4FF18
:10622000FEFAD400BBED790043FB6001C51E0B00F4
:10623000B75FCC00CD598A0040DD2501FFDF1EFF8E
:10624000B230D3FFF1C85AFFA7D160FF3982DD0019
:106250002E72C8FF3DB8420037B618FE6EB6210058
:10626000ABBEE8FF725E1F0012DD08002FE7FE00E4
:10627000FF705300760FD7FFAD1928FEC0C11FFF76
:10628000EE1592FFABC176FF65EA35FE83D4700050
:1062900059C06B0108D01B00B5D90FFFE795E80086
:1062A0008CEC7E009009C7FF0C4FB5FE93B6CAFF79
:1062B000136DB6FF31D4E1004AA3CB00AFE99400DF
:1062C0001A703300C1C109FF0F87F90096E38200FD
:1062D000CC00DB0118F2CD00EED075FF16F4700093
:1062E0001AE522002550BCFF262DCEFEF05AE1FF14
:1062F0001D032FFF2AE04C00BAF3A70020840FFFF4
:1063000005337D008B87180006F1DB00ACE585FFC7
:10631000F6D63200E70BCFFFBF7E5301B4A3AAFF2E
:10632000F5381801B2A4D3FF0310CA01623976FF11
:106330008D8359FE21331800F3955BFFFD340E0069
:1063400023A943FE311E58FFB31B24FFA58CB700C1
:106350003ABD9700581F00004BA942004265C7FF95
:1063600018D8C70179C41AFF0E4FCBFEF0E251FFD7
:106370005E1C0AFF53C1F0FFCCC183FF5E0F5600C5
:10638000DA289D0033C1D10000F2B10066B9F700F0
:106390009E6D740026875B00DFAF9500DC4201FF35
:1063A000563CE800196025FFE17AA201D7BBA8FF9F
:1063B0009E9D2E0038ABA200E8F065017A16090018
:1063C000330915FF3519EEFFD91EE8FE7DA99400AB
:1063D0000DE8660094092500A5618D01E48329007C
:1063E000DE0FF3FFFE121100063CED016A0371009F
:1063F0003B84BD005C701E0069D0D5003054B3FFF3
:10640000BB79E7FE1BD86DFFA2DD6BFE49EFC3FF32
:10641000FA1F39FF958759FFB917730103A39DFF31
:106420001270FA001939BBFFA160A4002F10F3000D
:106430000C8DFBFE43EAB8FF2912A100AF0660FFF6
:10644000A0AC34FE18B0B7FFC6C155017C7989FFF6
:10645000973272FFDCCB3CFFCFEF050100266BFFCC
:1064600037EE5EFE46985E00D5DC4D01781145FFA3
:1064700055A4BEFFCBEA5100263125FE3D907C009D
:10648000894E31FEA8F730005FA4FC0069A987009F
:10649000FDE4860040A64B00514914FFCFD20A000C
:1064A000EA6A96FF5E225AFFFE9F39FEDC85630092
:1064B0008B93B4FE1817B90029391EFFBD614C003B
:1064C00041BBDFFFE0AC25FF223E5F01E790F0001B
:1064D0004D6A7EFE40985B001D629B00E2FB35FF2B
:1064E000EAD305FF90CBDEFFA4B0DDFE05E7180080
:1064F000B37ACD00240186FF7D4697FE61E4FC005F
:10650000AC8117FE305AD1FF96E0520154861E002E
:10651000F1C42E006771EAFF2E6579FE287CFAFF30
:10652000872DF2FE09F9A8FF8C6C83FF8FA3AB00C7
:1065300032ADC7FF58DE8EFFC85F9E008EC0A3FF3E
:10654000077587006F7C1600EC0C41FE442641FF66
:10655000E3AEFE00F4F52600F032D0FFA13FFA00D2
:106560003CD1EF007A2313000E21E6FE029F71005A
:106570006A147FFFE4CD600089D2AEFEB4D490FFF0
:1065800059629A0122588B00A7A27001416EC50082
:10659000F125A900423883FF0AC953FE85FDBBFFE0
:1065A000B1702DFEC4FB0000C4FA97FFEEE8D6FFE1
:1065B00096D1CD001CF07600474C5301EC635B0094
:1065C0002AFA8301601240FF76DE230071D6CBFFEA
:1065D0007A77B8FF42132400CC40F90092598B001F
:1065E000863E870168E96500BC541A0031F98100D4
:1065F000D0D64BFFCF824DFF73AFEB00AB0289FFCC
:10660000AF91BA0137F587FF9A56B501643AF6FFA4
:106610006DC73CFF52CC86FFD731E6018CE5C0FF49
:10662000DEC1FBFF51880FFFB395A2FF17271DFFA7
:10663000075F4BFEBF51DE00F1515AFF6B31C9FFBE
:10664000F4D39D00DE8C95FF41DB38FEBDF65AFF8A
:10665000B23B9D0130DB34006222D7001C11BBFF2E
:10666000AFA918005C4FA1FFECC8C201938FEA00EC
:10667000E5E10701C5A80E00EB333501FD78AE005A
:10668000C506A8FFCA75AB00A315CE0072555AFF08
:106690000F290AFFC21363004137D8FEA29274008B
:1066A00032CED4FF40921DFF9E9E830164A582FFDF
:1066B000AC1781FF7D3509FF0FC112011A310BFFA5
:1066C000B5AEC90187C90EFF64139500DB624F00A8
:1066D0002A638FFE600030FFC5F953FE68954FFFB7
:1066E000EB6E88FE52802CFF412924FE58D30A000D
:1066F000BB79BB006286C700ABBCB3FED20BEEFF1A
:10670000427B82FE34EA3D00307117FE065678FF68
:1067100077B2F5005781C900F28DD100CA725500D9
:106720009416A10067C330001931ABFF8A43820081
:10673000B6497AFE94188200D3E59A00209B9E0009
:1067400054693D00B1C209FFA65956013653BB003A
:10675000F92875FF6D03D7FF35922C013F2FB30049
:10676000C2D803FE0E54880088B10DFF48F3BAFF6B
:1067700075117DFFD33AD3FF5D4FDF005A58F5FF07
:106780008BD16FFF46DE2F000AF64FFFC6D9B2004D
:10679000E3E10B014E7EB3FF3E2B7E0067942300A6
:1067A0008108A5FEF5F094003D338E0051D086009F
:1067B0000F8973FFD377ECFF9FF5F8FF028688FF00
:1067C000E68B3A01A0A4FE0072558DFF31A6B6FFFC
:1067D0009046540155B607002E355D0009A6A1FF6D
:1067E00037A2B2FF2DB8BC00921C2CFEA95A310072
:1067F00078B2F1010E7B7FFF07F1C701BD4232FF86
:10680000C68F65FEBDF387FF8D1818FE4B615700DC
:1068100076FB9A01ED369C00AB92CFFF83C4F6FF66
:106820008840710197E83900F0DA7300313D1BFFB1
:1068300040814901FCA91BFF28840A015AC9C1FFF4
:10684000FC79F001BACE29002BC661009164B70033
:10685000CCD850FEAC964100F9E5C4FE687B49FFF8
:106860004D6860FE82B40800687B3900DCCAE5FF31
:1068700066F9D300560EE8FFB64ED100EFE1A40052
:106880006A0D20FF784911FF8643E90053FEB500E9
:10689000B7EC7001304083FFF1D8F3FF41C1E20053
:1068A000CEF164FE6486A6FFEDCAC500370D510027
:1068B000207C66FF28E4B10076B51F01E7A086FFC3
:1068C00077BBCA00008E3CFF8026BDFFA6C996009C
:1068D000CF781A0136B8AC000CF2CCFE8542E60047
:1068E00022261F01B87050002033A5FEBFF33700E9
:1068F0003A4992FE9BA7CDFF646898FFC5FECFFF83
:10690000AD13F700EE0ACA00EF97F2005E3B27FFD7
:10691000F01D66FF0A5C9AFFE554DBFFA181500081
:10692000D05ACC01F0DBAEFF9E66910135B24CFF30
:10693000346CA80153DE6B00D3246D00763A380026
:10694000081D1600EDA0C700AAD19D0089472F00A1
:106950008F562000C6F20200D43088015CACBA0029
:10696000E697690160BFE5008A50BFFEF0D882FF5C
:10697000622B06FEA8C43100FD125B01904979002C
:106980003D9227013F6818FFB8A570FE7EEB6200BC
:1069900050D562FF7B3C57FF528CF501DF78ADFF8D
:1069A0000FC68601CE3CEF00E7EA5CFF21EE13FF45
:1069B000A5718E01B0772600A02BA6FEEF5B6900C3
:1069C0006B3DC201190444000F8B3300A4846AFF9D
:1069D00022742EFEA85FC50089D41700489C3A0097
:1069E000897045FE96699AFFECC99D0017D49AFFFD
:1069F0008852E3FEE23BDDFF5F95C000517634FF35
:106A0000212BD7010E934BFF599C79FE0E124F009C
:106A100093D08B0197DA3EFF9C580801D2B862FFF1
:106A200014AF7BFF6653E500DC41740196FA04FF66
:106A30005C8EDCFF22F742FFCCE1B3FE975197005A
:106A40004728ECFF8A3F3E00064FF0FFB7B9B5007C
:106A500076321B003FE3C0007B633A0132E09BFFCC
:106A600011E1DFFEDCE04DFF0E2C7B018D80AF00DD
:106A7000F8D4C800963BB7FF93611D0096CCB500D3
:106A8000FD254700915577009AC8BA000280F9FFAA
:106A900053187C000E578F00A833F5017C97E7FF51
:106AA000D0F0C5017CBEB900303AF60014E9E80028
:106AB0007D1262FF0DFE1FFFF5B182FF6C8E230079
:106AC000AB7DF2FE8C0C22FFA5A1A200CECD65000D
:106AD000F7192201649139002746390076CCCBFFA3
:106AE000F200A200A5F41E00C674E200806F99FFB8
:106AF0008C36B6013C7A0FFF9B3A39013632C6001C
:106B0000ABD31DFF6B8AA7FFAD6BC7FF6DA1C100A3
:106B10005948F2FFCE7359FFFAFE8EFEB1CA5EFFEE
:106B200051593200076942FF19FEFFFECB4017FFA3
:106B30004FDE6CFF27F94B00F17C3200EF988500A7
:106B4000DDF1690093976200D5A179FEF2318900E9
:106B5000E925F9FE2AB71B00B877E6FFD920A3FF85
:106B6000D0FBE401893E83FF4F4009FE5E30710097
:106B7000118A32FEC1FF1600F712C50143376800C3
:106B800010CD5FFF30254200379C3F0140524AFF45
:106B9000C83547FEEF437D001AE0DE00DF895DFF68
:106BA0001EE0CAFF09DC8400C626EB01668D560094
:106BB0003C2B5101881C1A00E92408FECFF29400F6
:106BC000A4A23F00332EE0FF72304FFF09AFE20076
:106BD000DE03C1FF2FA0E8FFFF5D69FE0E2AE6007D
:106BE0001A8A5201D02BF4001B2726FF62D07FFFA8
:106BF0004095B6FF05FAD100BB3C1CFE3119DAFF07
:106C0000A974CDFF771278009C7493FF84356DFFD3
:106C10000D0ACA006E53A7009DDB89FF060382FFA1
:106C200032A71EFF3C9F2FFF81809DFE5E03BD00AB
:106C300003A6440053DFD700965AC2010FA84100B3
:106C4000E35333FFCDAB42FF36BB3C0198662DFFCB
:106C5000779AE100F0F7880064C5B2FF8B47DFFF49
:106C6000CC52100129CE2AFF9CC0DDFFD87BF4FF57
:106C7000DADAB9FFBBBAEFFFFCACA0FFC3341600F1
:106C800090AEB5FEBB6473FFD34EB0FF1B07C100CF
:106C900093D568FF5AC90AFF507B42011621BA00FA
:106CA000010763FE1ECE0A00E5EA0500351ED2008C
:106CB0008A08DCFE4737A70048E1560176BEBC00D3
:106CC000FEC16501ABF9ACFF5E9EB7FE5D026CFFD5
:106CD000B05D4CFF49634FFF4A4081FEF62E4100F4
:106CE00063F17FFEF69766FF2C35D0FE3B66EA0027
:106CF0009AAFA4FF58F220006F260100FFB6BEFF36
:106D000073B00FFEA93C81007AEDF1005A4C3F00B0
:106D10003E4A78FF7AC36E007704B200DEF2D200FA
:106D200082212EFE9C282900A792700131A36FFFBB
:106D300079B0EB004CCF0EFF0319C60129EBD5004B
:106D40005524D601315C6DFFC8181EFEA8ECC300A7
:106D500091277C01ECC395005A24B8FF4355AAFF44
:106D600026231AFE837C44FFEF9B23FF36C9A40031
:106D7000C41675FF310FCD0018E01D017E71900023
:106D80007515B600CB9F8D00DF874D00B0E6B0FFD4
:106D9000BEE5D7FF6325B5FF33158AFF19BD59FF3F
:106DA0003130A5FE982DF700AA6CDE0050CA050010
:106DB0001B4567FECC1681FFB4FC3EFED2015BFF93
:106DC000926EFEFFDBA21C00DFFCD5013B08210018
:106DD000CE10F40081D330006BA0D000703BD10006
:106DE0006D4DD8FE2215B9FFF66338FFB38B13FF44
:106DF000B91D32FF545913004AFA62FFE12AC8FF55
:106E0000C0D9CDFFD210A70063845F012BE6390003
:106E1000FE0BCBFF63BC3FFF77C1FBFE5069360022
:106E2000E8B5BD01B74570FFD0ABA5FF2F6DB4FF2E
:106E30007B53A50092A234FF9A0B04FF97E35AFFFD
:106E4000928961FE3DE929FF5E2A37FF6CA4EC00C0
:106E50009844FE000A8C83FF0A6A4FFEF39E890065
:106E600043B242FEB17BC6FF0F3E2200C5582AFF47
:106E7000955FB1FF9800C6FF95FE71FFE15AA3FF31
:106E80007DD9F7001211E000804278FEC01909FF99
:106E900032DDCD0031D44600E9FFA40002D1090063
:106EA000DD34DBFEACE0F4FF5E38CE01F2B302FF6E
:106EB0001F5BA401E62E8AFFBDE6DC00392F3DFFF3
:106EC0006F0B9D00B15B98001CE6620061577E006D
:106ED000C65991FFA74F6B00F94DA0011DE9E6FFD0
:106EE000961556FE3C0BC100972524FEB996F3FF7C
:106EF000E4D45301AC97B400C9A99B00F43CEA0068
:106F00008EEB040143DA3C00C0714B0174F3CFFFF8
:106F100041AC9B00511E9CFF504821FE12E76DFFC3
:106F20008E6B15FE7D1A84FFB0103BFF96C93A00A8
:106F3000CEA9C900D079E20028AC0EFF963D5EFFD5
:106F400038399CFF8D3C91FF2D6C95FFEE919BFF96
:106F5000D1551FFEC00CD20063625DFE98109700F1
:106F6000E1B9DC008DEB2CFFA0AC15FE471A1FFF2A
:106F70000D405DFE1C38C600B13EF801B608F100B8
:106F8000A66594FF4E5185FF81DED701BCA981FF24
:106F9000E807610031703CFFD9E5FB00776C8A009F
:106FA00027137BFE8331EB008454910082E694FF2B
:106FB000194ABB0005F536FFB9DBF10112C2E4FF47
:106FC000F1CA66006971CA009BEB4F001509B2FF58
:106FD0009C01EF00C8943D0073F7D2FF31DD8700BC
:106FE0003ABD0801232E0900514105FF349EB9FF27
:106FF0007D742EFF4A8C0DFFD25CACFE93174700C8
:10700000D9E0FDFE736CB4FF913A30FEDBB118FF9E
:107010009CFF3C019A93F200FD865700354BE5003A
:1070200030C3DEFF1FAF32FF9CD278FFD023DEFFDC
:1070300012F8B301020A65FF9DC2F8FF9ECC65FFFE
:1070400068FEC5FF4F3E0400B2AC65016092FBFFD5
:10705000410A9C000289A5FF7404E700F2D70100F1
:1070600013231DFF2BA14F003B95F601FB42B000FF
:10707000C82103FF506E8EFFC3A11101E43842FF07
:107080007B2F91FE8404A40043AEAC0019FD720076
:1070900057615701FADC5400605BC8FF257D3B0057
:1070A00013417600A134F1FFEDAC06FFB0BFFFFF46
:1070B000014182FEDFBEE60065FDE7FF92236D0021
:1070C000FA1D4D01310013007B5A9B01165620FF1B
:1070D000DAD541006F5D7F003C5DA9FF087FB600F7
:1070E00011BA0EFEFD89F6FFD51930FE4CEE00FFF9
:1070F000F85C46FF63E08B00B809FF0107A4D000ED
:10710000CD83C60157D6C70082D65F00DD95DE006D
:107110001726ABFEC56ED5002B738CFED7B176005B
:1071200060344201759EED000E40B6FF2E3FAEFF6B
:107130009E5FBEFFE1CDB1FF2B058EFFAC63D4FF98
:10714000F4BB93001D3399FFE47418FE1E65CF0055
:1071500013F696FF86E705007D86E2014D41620049
:10716000EC8221FF056E3E00456C7FFF0771160023
:10717000911453FEC2A1E7FF83B53C00D9D1B1FF02
:10718000E594D4FE0383B80075B1BB011C0E1FFF4C
:10719000B0665000325497FF7D1F36FF159D85FF66
:1071A00013B38B01E0E81A002275AAFFA7FCABFF1E
:1071B000498DCEFE81FA2300484FEC01DCE514FF37
:1071C00029CAADFF634CEEFFC616E0FF6CC6C3FFD5
:1071D000248D6001EC9E3BFF6A6457006EE2020062
:1071E000E3EADE009A5D77FF4A70A4FF435B02FF8B
:1071F000159121FF66D689FFAFE667FEA3F6A600CC
:107200005DF774FEA7E01CFFDC023901ABCE540031
:107210007BE411FF1B787700770B9301B42FE1FF1C
:1072200068C8B9FEA50272004D4ED4002D9AB1FF78
:1072300018C479FE529DB6005A10BE010C93C500C9
:107240005FEF98FF0BEB4700569277FFAC86D600B6
:107250003C83C400A1E181001F8278FE5FC8330037
:1072600069E7D2FF3A0994FF2BA8DDFF7CED8E0081
:10727000C6D332FE2EF56700A4F854009846D0FF1E
:10728000B475B100464FB900F34A2000959CCF0079
:10729000C5C4A101F535EF000F5DF6FE8BF031FF9F
:1072A000C45824FFA2267B0080C89D01AE4C67FF16
:1072B000ADA922FED801ABFF7233110088E4C200F1
:1072C0006E9638FE6AF69F0013B84FFF964DF0FF9A
:1072D0009B50A2000035A9FF1D975600445E100088
:1072E0005C076EFE627595FFF94DE6FFFD0A8C00A6
:1072F000D67C5CFE2376EB00593039011635A600AA
:10730000B8903DFFB3FFC200D6F83DFE3B6EF600DD
:10731000791551FEA603E4006A401AFF45E886FF8E
:10732000F2DC35FE2EDC55007195F7FF61B367FF87
:10733000BE7F0B0087D1B6005F348101AA90CEFFDB
:107340007AC8CCFFA86492003C9095FE463C280089
:107350007A34B1FFF6D365FFAEED0800073378004D
:10736000131FAD007EEF9CFF8FBDCB00C48058FF84
:10737000E985E2FF1E7DADFFC96C32007B643BFFF7
:10738000FEA30301DD94B5FFD68839FEDEB489FF84
:10739000CF5836FF1C21FBFF43D63401D2D0640006
:1073A00051AA5E0091283500E06FE7FE231CF4FF30
:1073B000E2C7C3FEEE11E600D9D9A4FEA99DDD0007
:1073C000DA2EA201C7CFA3FF6C73A2010E60BBFF30
:1073D000763C4C00B89F9800D1E747FE2AA4BAFF3C
:1073E000BA9933FEDDABB6FFA28EAD00EB2FC10024
:1073F000078B10015FA440FF10DDA600DBC5100065
:10740000841D2CFF644575FF3CEB58FE2851AD00F0
:1074100047BE3DFFBB589D00E70B1700ED75A4006C
:10742000E1A8DFFF9A7274FFA398F2011820AA0066
:107430007D6271FEA8134C00119DDCFE9B3405009B
:10744000136FA1FF475AFCFFAD6EF0000AC679FF2B
:10745000FDFFF0FF427BD200DDC2D7FE79A311FF12
:10746000E1076300BE31B60073098501E81A8AFF9F
:10747000D54484002C777AFFB3623300955A6A00B2
:107480004732E6FF0A9976FFB1461900A557CD00AD
:10749000378AEA00EE1E6100719BCF0062997F007F
:1074A000226BDBFE7572ACFF4CB4FFFEF239B3FF0A
:1074B000DD22ACFE38A231FF5303FFFF71DDBDFFBB
:1074C000BC19E4FE105859FF471CC6FE161195FF63
:1074D000F379FEFF6BCA63FF09CE0E01DC2F990022
:1074E0006B8927016131C2FF9533C5FEBA3A0BFFA4
:1074F0006B2BE801C8060EFFB58541FEDDE4ABFF4E
:107500007B3EE701E3EAB3FF22BDD4FEF4BBF90002
:10751000BE0D500182590100DF85AD0009DEC6FFB6
:10752000427F4A00A7D85DFF9BA8C6014291000098
:1075300044662E01AC5A9A00D8804BFFA028330035
:107540009E111B017CF03100ECCAB0FF977CC0FF9C
:1075500026C1BE005FB63D00A3937CFFFFA533FFAD
:107560001C2811FED7604E005691DAFE1F24CAFF78
:10757000560905006F29C8FFED6C6100393E2C00EB
:1075800075B80F012DF174009801DCFF9DA5BC00BA
:10759000FA0F83013C2C7DFF41DCFBFF4B32B8002E
:1075A000355A80FFE750C2FF88817F011512BBFF6B
:1075B0002D3AA1FF47932200AEF90BFE238D1D004B
:1075C000EF44B1FF736E3A00EEBEB10157F5A6FF6E
:1075D000BE31F7FF9253B8FFAD0E27FF92D7680078
:1075E0008EDF780095C89BFFD4CF910110B5D900EC
:1075F000AD2057FFFF23B50077DFA101C8DF5EFF95
:107600004606BAFFC04355FF32A99800901A7BFF87
:1076100038F3B3FE14448800278CBCFEFDD005FF70
:10762000C87387012BACE5FF9C68BB0097FBA700E4
:10763000348717009799480093C56BFE949E05FF09
:10764000EE8FCE007E9989FF5898C5FE0744A700AB
:10765000FC9FA5FFEF4E36FF183F37FF26DE5E008A
:10766000EDB70CFFCECCD2001327F6FE1E4AE70082
:10767000876C1D01B3730000757674018406FCFFEE
:107680009181A10169438D005225E2FFEEE2E4FF02
:10769000CCD681FEA27B64FFB979EA002D6CE700AD
:1076A000420838FF84888000ACE042FEAF9DBC00F9
:1076B000E6DFE2FEF2DB4500B80E770152A23800A9
:1076C000727B1400A26755FF31EF63FE9C87D700E1
:1076D0006FFFA7FE27C4D60090264F01F9A87D00B2
:1076E0009B619CFF1734DBFF961690002C95A5FF3D
:1076F000287FB700C44DE9FF7681D2FFAA87E6FF55
:10770000D677C600E9F02300FD3407FF756630FF29
:1077100015CC9AFFB388B1FF17020301958259FF78
:10772000FC119F01463C1A00906B1100B4BE3CFF57
:1077300038B63BFF6E4736FFC61281FF95E057FF14
:10774000DF1598FF8A16B6FFFA9CCD00EC2DD0FF0E
:107750004F94F2016546D100674EAE006590ACFFD4
:107760009888ED01BFC2880071507D0198048D009A
:107770009B9635FFC474F500EF7249FE135211FF5A
:107780007C7DEAFF2834BF002AD29EFF9B84A5009F
:10779000B2052A01405C28FF24554DFFB2E4760073
:1077A000894260FE73E242006EF045FE976F500022
:1077B000A7AEECFFE36C6BFFBCF241FFB751FF00DB
:1077C00039CEB5FF2F22B5FFD5F09E01474B5F00A4
:1077D0009C2818FF66D25100ABC7E4FF9A2229000B
:1077E000E3AF4B0015EFC3008AE55F014CC03100E9
:1077F000757B5701E3E182007D3E3FFF02C6AB008F
:10780000FE240DFE91BACE0094FFF4FF2300A600E3
:107810001E96DB015CE4D4005CC63CFE3E85C8FFDE
:10782000C9293B007DEE6DFFB4A3EE018C7A5200B6
:10783000091658FFC59D2FFF995E3900581EB600E6
:1078400054A15500B2927C00A6A607FF15D0DF0018
:107850009CB6F2009B79B900539CAEFE9A1076FF5D
:10786000BA53E801DF3A79FF1D175800237D7FFFE7
:10787000AA0595FEA40C82FF9BC41D00A160880090
:1078800007231D01A225FB00032EF2FF00D9BC0037
:1078900039AEE201CEE9020039BB88FE7BBD09FFAB
:1078A000C9757FFFBA24CC00E719D800504E690093
:1078B000138681FF94CB44008D517DFEF8A5C8FF4F
:1078C000D69087009737A6FF26EB5B00152E9A000F
:1078D000DFFE96FF2399B4FF7DB01D012B621EFFD2
:1078E000D87AE6FFE9A00C0039B90CFEF07107FF69
:1078F000050910FE1A5B6C006DC6CB0008932800CA
:107900008186E4FF7CBA28FF726284FEA684170099
:1079100063452C0009F2EEFFB8353B00848166FF19
:107920003420F3FE93DFC8FF7B53B3FE8790C9FF7B
:107930008D253801973CE3FF5A499C01CBACBB0035
:1079400050972FFF5E89E7FF24BF3BFFE1D1B5FFD2
:107950004AD7D5FE0676B3FF9936C1013200E7005B
:10796000689D48018CE39AFFB6E210FE60E15CFF7F
:107970007314AAFE06FA4E00F84BADFF355906FF08
:1079800000B4760048AD01004008CE01AE85DF00AE
:10799000B93E85FFD60B6200C51FD000ABA7F4FF30
:1079A00016E7B50196DAB900F7A96101A58BF7FFD3
:1079B0002F78950167F833003C451CFE19B3C400CD
:1079C0007C07DAFE3A6B5100B8E99CFFFC4A2400C0
:1079D00076BC43008D5F35FFDE5EA5FE2E3D350093
:1079E000CE3B73FF2FECFAFF4A052001819AEEFF90
:1079F0006A20E20079BB3DFF03A6F1FE43AAACFF7B
:107A00001DD8B2FF17C9FC00FD6EF300C87D390018
:107A10006DC060FF3473EE002679F3FFC938210092
:107A2000C27682004B6019FFAA1EE6FE273FFD00CA
:107A3000242DFAFFFB01EF00A0D45C012DD1ED0055
:107A4000F32157FEED54C9FFD4129DFED4637FFF8E
:107A5000D96210FE8BACEF00A8C982FF8FC1A9FFCD
:107A6000EE97C101D7682900EF3DA5FE0203F200A1
:107A700016CBB1FEB1CC16009581D5FE1F0B29FFA8
:107A8000009F79FEA01972FFA250C8009D970B00BD
:107A90009A864E01D836FC003067850069DCC50047
:107AA000FDA84DFE35B317001879F001FF2E60FFD9
:107AB0006B3C87FE62CDF9FF3FF977FF783BD3FF40
:107AC00072B437FE5B55ED0095D44D013849310055
:107AD00056C696005DD1A00045CDB6FFF45A2B00E6
:107AE0001424B0007A74DD0033A72701E7013FFFBB
:107AF0000DC5860003D122FF873BCA00A7644E0054
:107B00002FDF4C00B93C3E00B2A67B01840CA1FFE4
:107B10003DAE2B00C34590007F2FBF01222C4E00AD
:107B200039EA3401FF1628FFF65E920053E4800024
:107B30003C4EE0FF0060D2FF99AFEC009F1549007A
:107B4000B473C4FE83E16A00FFA786009F0870FF3C
:107B50007844C2FFB0C4C6FF7630A8FF5DA901001B
:107B600070C866014A18FE00138D04FE8E3E3F0069
:107B700083B3BBFF4D9C9BFF7756A400AAD092FF16
:107B8000D0859AFF949B3AFFA278E8FEFCD59B0033
:107B9000F10D2A005E328300B3AA70008C5397FF68
:107BA000377754018C23EFFF992D4301ECAF270069
:107BB000369767FF9E2A41FFC4EF87FE5635CB00FC
:107BC00095612FFED82311FF4603460167245AFF13
:107BD000281AAD00B8300D00A3DBD9FF510601FF14
:107BE000DDAA6CFEE9D05D0064C9F9FE562423FFCE
:107BF000D19A1E01E3C9FBFF02BDA7FE6439030051
:107C00000D802900C5644B0096CCEBFF91AE3B0084
:107C100078F895FF5537E10072D235FEC7CC770072
:107C20000EF74A013FFB81004368970187825000AD
:107C30004F5937FF75E69DFF19608F00D5910500FC
:107C400045F1780195F35FFF722A14008348020022
:107C50009A3514FF493E6D00C4669800290CCCFF8C
:107C60007A260B01FA0A9100CF7D9400F6F4DEFF2C
:107C70002920550170D57E00A2F9560147C67FFF25
:107C800051091501622704FFCC472D014B6F890074
:107C9000EA3BE70020305FFFCC1F72011DC4B5FF37
:107CA00033F1A7FE5D6D8E0068902D00EB0CB5FFE3
:107CB0003470A4004CFECAFFAE0EA2003DEB93FF51
:107CC0002B40B9FEE97DD900F358A7FE4A310800E0
:107CD0009CCC42007CD67B0026DD76019270EC00C5
:107CE0007262B1009759C70057C57000B995A100DD
:107CF0002C60A500F8B314FFBCDBD8FE283E0D00B5
:107D0000F38E8D00E5E3CEFFACCA23FF75B0E1FF33
:107D1000526E26012AF50EFF1453610031AB0A00A2
:107D2000F277780019E83D00D4F093FF047338FF30
:107D30009111EFFECA11FBFFF912F5FF6375EF0019
:107D4000B804B3FFF6ED33FF25EF89FFA670A6FF59
:107D500051BC21FFB9FA8EFF36BBAD00D070C9000F
:107D6000F62BE40168B858FFD434C4FF33756CFFB8
:107D7000FE759B002E5B0FFF570E90FF57E3CC0064
:107D8000531A53019F4CE3009F1BD50118976C00B9
:107D90007590B3FE89D15200269F0A007385C900F1
:107DA000DFB69C016EC45DFF393CE90005A769FFA1
:107DB0009AC5A4006022BAFF93852501DC63BE004A
:107DC00001A754FF1491AB00C2C5FBFE5F4E85FFB7
:107DD000FCF8F3FFE15D83FFBB86C4FFD899AA00DE
:107DE00014769EFE8C017600569E0F012DD329FF3E
:107DF000930164FE71744CFFD37F6C01670F3000F8
:107E0000C110660145335FFF6B809D0089ABE900BF
:107E10005A7C90016AA1B600AF4CEC01C88DACFF52
:107E2000A33A6800E9B434FFF0FD0EFFA271FEFF33
:107E300026EF8AFE342EA600F16521FE83BA9C004F
:107E40006FD03EFF7C5EA0FF1FACFE0070AE38FF1F
:107E5000BC631BFF438AFB007D3A80019C98AEFF08
:107E6000B20CF7FFFC549E0052C50EFEACC853FF87
:107E700025272E016ACFA70018BD220083B29000EB
:107E8000CED50400A1E2D200483369FF612DBBFFCB
:107E90004EB8DFFFB01DFB004FA056FF7425B200A7
:107EA000524DD50152548DFFE265D401AF58C7FF42
:107EB000F55EF701AC766DFFA6B9BE0083B578001C
:107EC00057FE5DFF86F049FF20F58FFF8BA267FF0D
:107ED000B36212FED9CC700093DF78FF350AF3004D
:107EE000A68C96007D50C8FF0E6DDBFF5BDA01FFAC
:107EF000FCFC2FFE6D9C74FF73317F01CC57D3FFC8
:107F000094CAD9FF1A55F9FF0EF586014C59A9FFFD
:107F1000F22DE6003B62ACFF724984FE4E9B31FFBE
:107F20009E7E540031AF2BFF10B654FF9D67230097
:107F300068C16DFF43DD9A00C9AC01FE08A258007C
:107F4000A5011DFF7D9BE5FF1E9ADC0167EF5C002C
:107F5000DC016DFFCAC601005E028E0124362C00D2
:107F6000EBE29EFFAAFBD6FFB94D0900614AF20081
:107F7000DBA395FFF02376FFDF7258FEC0C7030036
:107F80006A2518FFC9A176FF61596301E03A67FFCE
:107F900065C793FEDE3C6300EA193B0134871B0092
:107FA00066035BFEA8D8EB00E5E88800683C81002A
:107FB0002EA8EE0027BF43004BA32F008F6162FF66
:107FC00038D8A801A8E9FCFF236F16FF5C542B00EA
:107FD0001AC857015BFD9800CA3846008E084D004C
:107FE000500AAF01FCC74C00166E52FF8101C2005F
:107FF0000B803D01570E91FFFDDEBE010F48AE0024
:1080000055A356FE3A632CFF2D18BCFE1ACD0F0067
:1080100013E5D2FEF843C3006347B8009AC725FFB3
:1080200097F379FF26334BFFC95582FE2C41FA00A6
:108030003993F3FE922B3BFF591C3500215418FF56
:10804000B33312FEBD4653000B9CB301628677002A
:108050009E6F6F00779A49FFC83F8CFE2D0D0DFF74
:108060009AC002FE51482A002EA0B9FE2C700600CC
:1080700092D795011AB06800441C5701EC3299FF61
:10808000B380FAFECEC1BFFFA65C89FE3528EF00A3
:10809000D201CCFEA8AD23008DF32D0124326DFF5B
:1080A0000FF2C2FFE39F7AFFB0AFCAFE4639480025
:1080B00028DF3800D0A23AFFB7625D000F6F0C00D6
:1080C0001E084CFF847FF6FF2DF2670045B50FFFB9
:1080D0000AD11E0003B37900F1E8DA017BC758FF2B
:1080E00002D2CA01BC8251FF5E65D00167242D0017
:1080F0004CC118015F1AF1FFA5A2BB0024728C00CD
:10810000CA4205FF25389300980BF3017F55E8FF1D
:10811000FA87D401B9B171005ADC4BFF45F89200DF
:10812000326F32005C165000F42473FEA36452FFD9
:1081300019C106017F3D2400FD431EFE41ECAAFF4C
:10814000A111D7FE3FAF8C00377F04004F70E900CC
:108150006DA028008F5307FF411AEEFFD9A98CFFAD
:108160004E5EBDFF0093BEFF9347BAFE6A4D7FFF90
:10817000E99DE9018757EDFFD00DEC019B6D24FFD0
:10818000B464DA00B4A31200BE6E0901113F7BFF94
:10819000B388B4FFA57B7BFF90BC51FE47F06CFF1A
:1081A00019700BFFE3DA33FFA732EAFF724F6CFF5F
:1081B0001F1373FFB7F06300E3578FFF48D9F8FF31
:1081C00066A95F0181959500EE850C01E3CC230043
:1081D000D0731A016608EA0070588F0190F90E00FA
:1081E000F09EACFE64707700C28D99FE283853FF74
:1081F00079B02E002A354CFF9EBF9A005BD15C00FF
:10820000AD0D10010548E2FFCCFE950050B8CF003F
:1082100064097AFE7665ABFFFCCB00FEA0CF36008A
:108220003848F901388C0DFF0A406BFE5B6534FF5E
:10823000E1B5F8018BFF8400E6911100E9381700E1
:108240007701F1FFD5A997FF636309FEB90FBFFF5F
:10825000AD676D01AE0DFBFFB25807FE1B3B44FF3F
:108260000A2102FFF8613B001A1E9201B0930A0036
:108270005F79CF01BC581800B95EFEFE7337C900A4
:1082800018324600783506008E429200E4E2F9FF8B
:1082900068C0DE01AD44DB00A2B824FF8F6689FF11
:1082A0009D0B17007D2D6200EB5DE1FE3870A0FF95
:1082B0004674F30199F937FF81271101F150F40059
:1082C000574515015EE449FF4E4241FFC2E3E70016
:1082D0003D9257FFAD9B17FF7074DBFED8260BFF56
:1082E00083BA85005ED4BB00642F5B00CCFEAFFF79
:1082F000DE12D7FEAD446CFFE3E44FFF26DDD50070
:10830000A3E396FE1FBE1200A0B30B010A5A5EFF44
:10831000DCAE5800A3D3E5FFC7883400825FDDFFE1
:108320008CBCE7FE8B7180FF75ABECFE31DC14FF7B
:108330003B14ABFFE46DBC0014E120FEC310AE00A3
:10834000E3FE880187276900964DCEFFD2EEE2005A
:1083500037D484FEEF397C00AAC25DFFF910F7FF25
:1083600018973EFF0A970A004F8BB2FF78F2CA00B7
:108370001ADBD5003E7D23FF90026CFFE62153FF00
:10838000512DD801E03E1100D6D97D00629999FFA8
:10839000B3B06AFE835D8AFF6D3E24FFB27920FF91
:1083A00078FC4600DCF82500CC58670180DCFBFF38
:1083B000ECE307016A31C6FF3C386B006372EE00E4
:1083C000DCCC5E0149BB0100599A22004ED9A5FFC1
:1083D0000EC3F9FF09E6FDFFCD87F5001AFC07FF84
:1083E00054CD1B0186027000259E2000E75BEDFF47
:1083F000BFAACCFF9807DE006DC03100C1A692FF76
:10840000E813B5FF698E34FF67101B01FDC8A50096
:10841000C3D904FF34BD90FF7B9BA0FE578236FF7B
:108420004E783DFF0E38290019297DFF57A8F50029
:10843000D6A54600D4A906FFDBD3C2FE485DA4FF43
:10844000C52167FF2B8E8D0083E1AC00F4691C0011
:108450004444E10088540DFF823928FE8B4D3800DA
:1084600054963500365F9D00900DB1FE5F73BA00E3
:10847000751776FFF4A6F1FF0BBA8700B26ACBFF3F
:1084800061DA5D002BFD2D00A49804008B76EF00CF
:10849000600118FEEB99D3FFA86E14FF32EFB00015
:1084A0007229E800C1FA3500FEA06FFE887A29FF24
:1084B000616C4300D79817FF8CD1D4002ABDA3006C
:1084C000CA2A32FF6A6ABDFFBE44D9FFE93A750085
:1084D000E5DCF301C5030400257836FE049C86FF25
:1084E000243DABFEA58864FFD4E80E005AAE0A0016
:1084F000D8C641FF0C034000747173FFF867080091
:10850000E77D12FFA01CC5001EB82301DF49F9FF5B
:108510007B142EFE873825FFAD0DE50177A122FFE4
:10852000F53D4900CD7D700089688600D9F61EFFB3
:10853000ED8E8F00419F66FF6CA4BE00DB75ADFF22
:10854000222578FEC84550001F7CDAFE4A1BA0FF9A
:10855000BA9AC7FF47C7FC0068519F0111C827009E
:10856000D33DC0011AEE5B0094D90C003B5BD5FFF4
:108570000B51B7FF81E67AFF72CB910177B442FFCE
:10858000488AB400E0956A00775268FFD08C2B00CF
:108590006209B6FFCD6586FF126526005FC5A6FF9E
:1085A000CBF193003ED091FF85F6FB0002A90E00AF
:1085B0000DF7B8008E07FE0024C817FF58CDDF0066
:1085C0005B8134FF15BA1E008FE4D201F7EAF8FF91
:1085D000E6451FFEB0BA87FFEECD34018B4F2B006E
:1085E00011B0D9FE20F34300F26FE9002C2309FFFC
:1085F000E372510104470CFF2669BF00077532FF83
:10860000514F10003F4441FF9D246EFF4DF103FF89
:10861000E22DFB018E19CE00787BD1011CFEEEFF0E
:1086200005807EFF5BDED7FFA20FBF0056F049003A
:1086300087B951FE2CF1A300D4DBD2FF70A29B00BE
:10864000CF657600A84838FFC405340048ACF2FF77
:108650007E169DFF92603BFFA27998FE8C105F0012
:10866000C3FEC8FE5296A200772B91FECCAC4EFF03
:10867000A6E09F006813EDFFF57ED0FFE23BD5003A
:1086800075D9C5009848ED00DC1F17FE0E5AE7FFAC
:10869000BCD440013C65F6FF5518560001B16D0091
:1086A000925320014BB6C00077F1E000B9ED1BFFFB
:1086B000B8655201EB254DFFFD861300E8F67A0000
:1086C0003C6AB300C30B0C006D42EB017D713B00B3
:1086D0003D28A400AF68F000022FBBFF320C8D00D4
:1086E000C28BB5FF87FA6800615CDEFFD995C9FFD0
:1086F000CBF176FF4F9743007A8EDAFF95F5EF00C6
:108700008A2AC8FE502561FF7C70A7FF248A57FF84
:10871000821D93FFF1574EFFCC611301B1D116FFBB
:10872000F7E37FFE637753FFD419C60110B3B3009C
:10873000914DACFE59990EFFDABDA7006BE93BFFE6
:108740002321F3FE2C7070FFA17F4F01CCAF0A00F4
:1087500028158AFE6874E400C75F89FF85BEA8FFFC
:1087600092A5EA01B7632700B7DC36FEFFDE85007D
:10877000A2DB79FE3FEF0600E16636FFFB12F60052
:108780000422810187248300CE323B010F61B700B0
:10879000ABD887FF65982BFF96FB5B0026915F00A7
:1087A00022CC26FEB28C53FF1981F3FF4C9025009A
:1087B0006A241AFE7690ACFF44BAE5FF6BA1D5FFA0
:1087C0002EA344FF95AAFD00BB110F00DAA0A5FF60
:1087D000AB23F601600D1300A5CB7500D66BC0FF6F
:1087E000F47BB10164036800B2F261FFFB4C82FFCD
:1087F000D34D2A01FA4F46FF3FF450016965F60058
:108800003D883A01EE5BD5000E3B62FFA7544D0058
:1088100011842EFE39AFC5FFB93EB8004C40CF00E1
:10882000ACAFD0FEAF4A25008A1BD3FE947DC200B8
:108830000A595100A8CB65FF2BD5D101EBF53600C5
:108840001E23E2FF097E4600E27D5EFE9C7514FF5A
:1088500039F87001E63040FFA45CA601E0D6E6FFDF
:1088600024788F0037082BFFFB01F5016A62A50011
:108870004A6B6AFE350436FF5AB2960103787BFFD5
:10888000F405590172FA3DFFFE9952014D0F110096
:1088900039EE5A015FDFE600EC342FFE6794A4FF47
:1088A00079CF24011210B9FF4B144A00BB0B6500AD
:1088B0002E3081FF16EFD2FF4DEC81FF6F4DCCFFC4
:1088C0003D4861FFC7D9FBFF2AD7CC008591C9FF7E
:1088D00039E69201EB64C600924923FE6CC614FF90
:1088E000B64FD2FF52678800F66CB00022113CFFF1
:1088F000134A72FEA8AA4EFF9DEF14FF9529A80007
:108900003A791C004FB386FFE77987FFAED162FF4B
:10891000F37ABE00ABA6CD00D47430001D6C42FFCC
:10892000A2DEB6010E771500D527F9FFFEDFE4FFC2
:10893000B7A5C60085BE30007CD06DFF77AF55FF70
:1089400009D1790130ABBDFFC347860188DB33FF16
:10895000B65B8DFE319F48002376F5FF70BAE3FFCA
:108960003B891F00892CA30072673CFE08D5960046
:10897000A20A71FFC2684800DC8374FFB24F5C003A
:10898000CBFAD5FE5DC1BDFF82FF22FED4BC9700AD
:10899000881114FF146553FFD4CEA600E5EE49FFFD
:1089A000974A03FFA857D7009BBC85FFA6814900C3
:1089B000F04F85FFB2D351FFCB48A3FEC1A8A5005D
:1089C0000EA4C7FE1EFFCC0041485B01A64A66FF0D
:1089D000C82A00FFC271E3FF4217D000E5D864FF48
:1089E00018EF1A000AE93EFF7B0AB2011A24AEFF13
:1089F00077DBC7012DA3BE0010A82A00A639C6FF49
:108A00001C1A1A007EA5E700FB6C64FF3DE579FFA8
:108A10003A768A004CCF11000D2270FE5910A80042
:108A200025D069FF23C9D7FF286A65FE06EF7200CB
:108A30002867E2FEF67F6EFF3FA73A0084F08E00C3
:108A4000059E58FF81499EFF5E599200E6369200CE
:108A5000082DAD004FA9010073BAF7005440830000
:108A600043E0FDFFCFBD40009A1C51012DB836FFF9
:108A700057D4E0FF006049FF8121EB01344250FFF1
:108A8000FBAE9BFF04B32500EAA45DFE5DAFFD00D5
:108A9000C64557FFE06A2E00631DD2003EBC72FF40
:108AA0002CEA0800A9AFF7FF176D89FFE5B627008C
:108AB000C0A55EFEF565D900BF586000C45E63FFC7
:108AC0006AEE0BFE357EF3005E0165FF2E93020019
:108AD000C97C7CFF8D0CDA000DA69D0130FBEDFFFB
:108AE0009BFA7CFF6A9492FFB60DCA001C3DA7005A
:108AF000D99808FEDC822DFFC8E6FF01374157FFF9
:108B00005DBF61FE72FB0E0020695C011ACF8D0013
:108B100018CF0DFE153230FFBA9474FFD32BE1004D
:108B20002522A2FEA4D22AFF441760FFB6D608FF72
:108B3000F57589FF42C332004B0C53FE508CA400E4
:108B400009A52401E46EE300F1115A011934D4009F
:108B500006DF0CFF8BF339000C714B01F6B7BFFF3A
:108B6000D5BF45FFE60F8E0001C3C4FF8AAB2FFFC0
:108B7000403F6A0110A9D6FFCFAE3801584985FFA2
:108B8000B6858C00B10E19FF93B835FF0AE3A1FF3B
:108B900078D8F4FF494DE9009DEE8B013B41E90097
:108BA00046FBD80129B899FF20CB70009293FD00B5
:108BB00057656D012C5285FFF49635FF5E98E8FFEE
:108BC0003B5D27FF5893DCFF4E510D01202FFCFF2A
:108BD000A01372FF5D6B27FF7610D301B977D1FF29
:108BE000E3DB7FFE5869ECFFA26E17FF24A66EFF41
:108BF0005BECDDFF42EA74006F13F4FE0AE91A0031
:108C000020B706FE02BFF200DA9C35FE293C46FF83
:108C1000A8EC6F0079B97EFFEE8ECFFF377E34006F
:108C2000DC81D0FE50CCA4FF431790FEDA286CFF05
:108C30007FCAA400CB2103FF029E00002560BCFF79
:108C4000C0314A006D0400006FA70AFE5BDA87FF9F
:108C5000CB42ADFF96C2E200C9FD06FFAE667900C9
:108C6000CDBF6E0035C2040051282DFE23668FFF54
:108C70000C6CC6FF101BE8FFFC47BA01B06E720017
:108C80008E037501714D8E00139CC5015C2FFC0095
:108C900035E816013612EB002E23BDFFECD481001F
:108CA0000260D0FEC8EEC7FF3BAFA4FF922BE700E7
:108CB000C2D934FF03DF0C008A36B2FE55EBCF0079
:108CC000E8CF2200313432FFA67159FF0A2DD8FFB8
:108CD0003EAD1C006FA5F60076735BFF80543C0030
:108CE000A790CB00570DF300161EE401B17192FF5F
:108CF00081AAE6FEFC9981FF91E12B0046E705FF82
:108D00007A697EFE56F694FF6E259AFED1035B00CB
:108D100044913E00E410A5FF37DDF9FEB2D25B00BE
:108D20005392E2FE4592BA005DD268FE1019AD0082
:108D3000E7BA2600BD7A8CFFFB0D70FF696E5D00FF
:108D4000FB48AA00C017DFFF1803CA01E15DE40079
:108D50009993C7FE6DAA1600F865F6FFB27C0CFF6A
:108D6000B2FE66FE370441007DD6B400B7609300C2
:108D70002D7517FE84BFF9008FB0CBFE88B736FF84
:108D800092EAB100926556FF2C7B8F0121D19800A9
:108D9000C05A29FE530F7DFFD5AC5200D7A99000D1
:108DA000100D220020D164FF5412F901C511ECFF0F
:108DB000D9BAE60031A0B0FF6F7661FFED68EB0035
:108DC0004F3B5CFE45F90BFF23AC4A011376440090
:108DD000DE7CA5FFB44223FF56AEF6002B4A6FFFA0
:108DE0007E9056FFE4EA5B00F2D518FE452CEBFFBF
:108DF000DCB4230008F807FF662F5CFFF0CD66FFA8
:108E000071E6AB011FB9C9FFC2F646FF7A11BB007C
:108E10008646C7FF950396FF753F670041687BFF55
:108E2000D4361301068D58005386F3FF883567004A
:108E3000A91BB400B13118006F36A700C33DD7FF9E
:108E40001F016C013C2A4600B903A2FFC29528FF0E
:108E5000F67F26FEBE7726FF3D77080160A1DBFF87
:108E60002ACBDD01B1F2A4FFF59F0A0074C4000013
:108E7000055DCDFE807FB3007DEDF6FF95A2D9FFA5
:108E8000572514FE8CEEC0000909C1006101E20003
:108E90001D260A0000883FFFE548D2FE26865CFFBB
:108EA0004EDAD001682454FF0C05C1FFF2AF3DFF3C
:108EB000BFA92E01B39393FF71BE8BFE7DAC1F0043
:108EC000034BFCFED7240F00C11B1801FF4595FF83
:108ED0006E817600CB5DF9008A8940FE2646060049
:108EE0009974DE00A14A7B00C1634FFF763B5EFFB1
:108EF0003D0C2B0192B19D002E93BF0010FF260068
:108F00000B331F013C3A62FF6FC24D019A5BF400C4
:108F10008C289001AD0AFB00CBD132FE6C824E0052
:108F2000E4B45A00AE07FA001FAE3C0029AB1E00A5
:108F3000746352FF76C18BFFBBADC6FEDA6F38009B
:108F4000B97BD800F99E340034B45DFFC9095BFFDA
:108F5000382DA6FE849BCBFF3AE86E0034D359FF30
:108F6000FD00A2010957B70091882C015E7AF50037
:108F700055BCAB01935CC600000868001E5FAE00E4
:108F8000DDE63401F7F7EBFF89AE35FF2315CCFFA3
:108F900047E3D601E852C2000B30E3FFAA49B8FF0D
:108FA000C6FBFCFE2C702200836583FF48A8BB0033
:108FB00084877DFF8A6861FFEEB8A8FFF36854FFDD
:108FC00087D8E2FF8B90ED00BC89960150388CFF6A
:108FD00056A9A7FFC24E19FFDC11B4FF110DC10045
:108FE0007589D4FF8DE0970031F4AF00C163AFFF06
:108FF00013639A01FF413EFF9CD237FFF2F403FF57
:10900000FA0E95009E58D9FF9DCF86FEFBE81C0006
:109010002E9CFBFFAB38B8FFEF33EA008E8A83FF4C
:1090200019FEF3010AC9C2003F614B00D2EFA20052
:10903000C0C81F0175D6F3001847DEFE3628E8FFCA
:109040004CB76FFE900E57FFD64F88FFD8C4D400A0
:10905000841B8CFE8305FD007C6C13FF1CD74B002A
:109060004CDE37FEE9B63F0044ABBFFE346FDEFF97
:109070000A694DFF50AAEB008F1858FF2DE77900C1
:109080009481E0013DF65400FD2EDBFFEF4C210002
:10909000319412FEE6254500438616FE8E9B5E0047
:1090A0001F9DD3FED52A1EFF04E4F7FEFCB00DFF82
:1090B00027001FFEF1F4FFFFAA2D0AFEFDDEF900D6
:1090C000DE728400FF2F06FFB4A3B301545E97FF46
:1090D00059D152FEE534A9FFD5EC0001D638E4FFA2
:1090E000877797FF70C9C10053A035FE06974200ED
:1090F00012A21100E9615B0083054E01B57835FFCE
:10910000755F3FFFED75B900BF7E88FF9077E9007E
:10911000B73961012FC9BBFFA7A577012D647E0078
:10912000156206FE91965FFF78369800D16268005E
:109130008F6F1EFEB894F900EBD82E00F8CA94FF8A
:10914000395F1600F2E1A300E9F7E8FF47AB13FF30
:1091500067F431FF54675DFF4479F40152E00D007C
:10916000294F2BFFF9CEA7FFD73415FEC02016FFDD
:10917000F76F3C00654A26FF165B54FE1D1C0DFF71
:10918000C6E7D7FEF49AC800DF89ED00D3840E004D
:109190005F40CEFF113EF7FFE98379015D174D0077
:1091A000CDCC34FE51BD8800B4DB8A018F125E0045
:1091B000CC2B8CFEBCAFDB006F628FFF973FA2FF12
:1091C000D33247FE13923500922D53FEB252EEFF7A
:1091D000108554FFE2C65DFFC96114FF787623FF56
:1091E0007232E7FFA2E59CFFD31A0C00722773FFCF
:1091F000CED48600C5D9A0FF74815EFEC7D7DBFF41
:109200004BDFF901FD74B5FFE8D768FFE482F6FF94
:10921000B97556000E050800EF1D3D01ED5785FF9D
:109220007D9289FECCA8DF002EA8F5009A69160071
:10923000DCD4A1FF6B4518FF89DAB5FFF154C6FFF6
:10924000827AD3FF8D0899FFBEB176006059B200D3
:10925000FF1030FE7A6069FF7536E8FF227E69FFF5
:10926000CC43A600E8348AFFD3930C0019360700DC
:109270002C0FD7FE33EC2D00BE4481016A93E10030
:109280001C5D2DFEEC8D0FFF113DA100DC73C000B5
:10929000EC9118FE6FA8A900E03A3FFF7FA4BC0044
:1092A00052EA4B01E09E8600D1446E01D9A6D90056
:1092B00046E1A601BBC18FFF100758FF0ACD8C0005
:1092C00075C09C01113826001B7C6C01ABD737FFA1
:1092D0005FFDD4009B87A8FFF6B299FE9A444A002E
:1092E000E83D60FE69843B00214CC701BDB082FFB0
:1092F000096819FE4BC666FFE90170006CDC14FFBB
:1093000072E646008CC285FF399EA4FE920650FF8D
:10931000A9C4610155B78200469EDE013BEDEAFF1C
:1093200060191AFFE8AF61FF0B79F8FE5823C200FD
:10933000DBB4FCFE4A08E300C3E34901B86EA1FFB9
:1093400031E9A40180352F00520E79FFC1BE3A00E9
:1093500030AE75FF84172000280A8601163319FFE6
:10936000F00BB0FF6E399200758FEF019D6576FFAF
:1093700036544C00CDB812FF2F0448FF4E7055FFF5
:10938000C13242015D1034FF086986000C6D48FF50
:109390003A9CFB009023CC002CA075FE326BC200DF
:1093A0000144A5FF6F6EA2009E5328FE4CD6EA0032
:1093B0003AD8CDFFAB6093FF28E37201B0E3F10030
:1093C00046F9B70188548BFF3C7AF7FE8F0975FF89
:1093D000B1AE89FE49F78F00ECB97EFF3E19F7FF69
:1093E0002D4038FFA1F406002239380169CA530024
:1093F0008093D00006670AFF4A8A41FF615064FFEC
:10940000D6AE21FF32864AFF6E9782FE6F54AC00C3
:1094100054C74BFEF83B70FF08D8B20109B75F0094
:10942000EE1B08FEAACDDC00C3E58700624CEDFF11
:10943000E25B1A0152DB27FFE1BEC701D9C879FF01
:1094400051B308FF8C41CE00B2CF57FEFAFC2EFF7D
:1094500068596E01FDBD9EFF90D69EFFA0F536FFB8
:1094600035B75C0115C8C2FF92217101D101FF001F
:10947000EB6A2BFFA734E8009DE5DD00331E1900E1
:10948000FADD1B01419357FF4F7BC40041C4DFFF4E
:109490004C2C110155F14400CAB7F9FF41D4D4FF57
:1094A00009219A01473B5000AFC23BFF8D4809009C
:1094B00064A0F400E6D038003B194BFE50C2C20055
:1094C0001203C8FEA09F7300848FF7016F5D39FF00
:1094D0003AED0B0186DE87FF7AA36C017B2BBEFF82
:1094E000FBBDCEFE50B648FFD0F6E001113C0900AE
:1094F000A1CF26008D6D5B00D80FD3FF884E6E0084
:1095000062A368FF155079FFADB2B7017F8F0400E9
:10951000683C52FED6100DFF60EE21019E94E6FFDE
:109520007F813EFF33FFD2FF3E8DECFE9D37E0FF93
:109530007227F400C0BCFAFFE44C3500625451FFBE
:10954000ADCB3DFE933237FFCCEBBF0034C5F4000A
:10955000582BD3FE1BBF7700BCE79A004251A100F5
:109560005CC1A001FAE378007B37E200B811480043
:1095700085A80AFE16879CFF291967FF30CA3A00A2
:10958000BA9551FFBC86EF00EBB5BDFED98BBCFF91
:109590004A3052002EDAE500BDFDFB0032E50CFF3B
:1095A000D38DBF0180F419FFA9E77AFE562FBDFFC6
:1095B00084B717FF25B296FF3389FD00C84E1F0000
:1095C00016693200823C000084A35BFE17E7BB00F3
:1095D000C04FEF009D66A4FFC052140118B567FF8D
:1095E000F009EA00017BA4FF85E900FFCAF2F2005E
:1095F0003CBAF500F110C7FFE0749EFEBF7D5BFF33
:10960000E056CF007925E7FFE309C6FF0F99EFFF8A
:1096100079E8D9FE4B7052005F0C39FE33D669FFF2
:1096200094DC6101C76224009CD10CFE0AD4340092
:10963000D9B437FED4AAE8FFD81454FF9DFA8700A6
:109640009D637FFE01CE29009524460136C4C9FFE3
:10965000577400FEEBAB96001BA3EA00CA87B40068
:10966000D05F00FE7B9C5D00B73E4B0089EBB600EF
:10967000CCE1FFFFD68BD2FF027308FF1D0C6F00F9
:10968000349C0100FD15FBFF25A51FFE0C82D300B5
:109690006A1235FE2A639A000ED93DFED80B5CFF94
:1096A000C8C570FE9326C70024FC78FE6BA94D0048
:1096B000017B9FFFCF4B6600A3AFC4002C01F000DD
:1096C00078BAB0FE0D624CFFED7CF1FFE892BCFF72
:1096D000C860E000CC1F2900D0C80D0015E160FF74
:1096E000AF9CC400F7D07E003EB8F4FE02AB510040
:1096F00055739E0036402DFF138A72008747CD00B8
:10970000E32F9301DAE74200FDD11C00F40FADFF17
:10971000060F76FE1096D0FFB91632FF5670CFFFB7
:109720004B71D7013F922BFF04E113FEE3173EFF7D
:109730000EFFD6FE2D08CDFF57C597FED252D7FF9C
:10974000F5F8F7FF80F84600E1F757005A78460031
:10975000D5F55C000D85E2002FB505015CA369FF1E
:10976000061E85FEE8B23DFFE69518FF12319E0009
:10977000E4643DFE74F3FBFF4D4B5C0151DB93FF52
:109780004CA3FEFE8DD5F600E82598FE612C640002
:10979000C9253201D4F43900AEABB7FFF94A7000E5
:1097A000A69C1E00DEDD61FFF35D49FEFB6564FFE4
:1097B000D8D95DFFFE8ABBFF8EBE34FF3BCBB1FF25
:1097C000C85E340073729EFFA59868017E63E2FF55
:1097D000769DF4016BC81000C15AE5007906580067
:1097E0009C205DFE7DF1D3FF0EED9DFFA59A15FF38
:1097F000B8E016FFFA1898FF714D1F00F7AB17FF7E
:10980000EDB1CCFF348991FFC2B67200E0EA950059
:109810000A6F6701C9810400EE8E4E00340628FFEE
:109820006ED5A5FE3CCFFD003ED74500606100FF30
:10983000312DCA00787916FFEB8B3001C62D22FF3F
:10984000B6321B0183D25BFF2E368000AF7B69FFEF
:10985000C68D4EFE43F4EFFFF53667FE4E26F2FF4F
:10986000025CF9FEFBAE57FF8B3F9000186C1BFFAC
:10987000226612012216980042E576FE328F6300BE
:1098800090A99501761E9800B2087901089F1200F0
:109890005A65E6FF811D770044240B01E8B73700C5
:1098A00017FF60FFA129C1FF3F8BDE000FB3F3005C
:1098B000FF640FFF523587008939950163F0AAFFD5
:1098C00016E6E4FE31B452FF3D522B006EF5D9008E
:1098D000C77D3D002EFD34008DC5DB00D39FC10048
:1098E000377969FEB7148100A977AAFFCBB28BFF45
:1098F0008728B6FFAC0DCAFF41B2940008CF2B00F9
:109900007A357F014AA13000E3D680FE560BF3FF83
:1099100064560701F54486FF3D2B150198545EFF00
:10992000BE3CFAFEEF76E8FFD6882501714C6BFF4E
:109930005D68640190CE17FF6E969A01E467B900E6
:10994000DA3132FE874D8BFFB9014E0000A194FF42
:10995000611DE9FFCF9495FFA0A800005B80ABFFDD
:10996000061C13FE0B6FF70027BB96FF8AE89500D5
:10997000753E44FF3FD8BCFFEBEA20FE1D39A0FF37
:10998000190CF101A93CBF0020838DFFED9F7BFFE7
:109990005EC55EFE74FE03FF5CB361FE79615CFF31
:1099A000AA700E001595F800F8E3030050606D00F2
:1099B0004BC04A010C5AE2FFA16A4401D0727FFFFA
:1099C000722AFFFE4A1A4AFFF7B396FE798C3C00D2
:1099D0009346C8FFD628A1FFA1BCC9FF8D4187FFD0
:1099E000F273FC003E2FCA00B495FFFE8237ED00F3
:1099F000A511BAFF0AA9C2009C6DDAFF708C7BFF2B
:109A00006880DFFEB18E6CFF7925DBFF804D12FF91
:109A10006F6C17015BC04B00AEF516FF04EC3EFF08
:109A20002B409901E3ADFE00ED7A84017F59BAFF26
:109A30008E5280FEFC54AE005AB3B101F3D657FFEC
:109A4000673CA2FFD0820EFF0B828B00CE81DBFF32
:109A50005ED99DFFEFE6E6FF74739FFEA46B5F0087
:109A600033DA0201D87DC6FF8CCA80FE0B5F44FF4B
:109A700037095DFEAE9906FFCCAC600045A06E00D4
:109A8000D52631FE1B50D500767D7200464643FF39
:109A90000F8E49FF837AB9FFF31432FE82ED28005E
:109AA000D29F8C01C59741FF54994200C37E5A0052
:109AB00010EEEC0176BB66FF031885FFBB45E600A0
:109AC00038C55C01D5455EFF508AE501CE07E6004A
:109AD000DE6FE6015BE977FF0959070102620100C9
:109AE000944A85FF33F6B4FFE4B170013ABD6CFFD0
:109AF000C2CBEDFE15D1C300930A2301569DE200AF
:109B00001FA38BFE38074BFF3E5A7400B53CA900DB
:109B10008AA2D4FE51A71F00CD5A70FF2170E30026
:109B200053977501B1E049FFAE90D9FFE6CC4FFFE6
:109B3000164DE8FF724EEA00E0397EFE09318D00D5
:109B4000F293A50168B68CFFA7840C017B447F00CB
:109B5000E1572701FB6C0800C6C18F017987CFFF51
:109B6000AC164600324474FF65AF28FFF869E9007F
:109B7000A6CB07006EC5DA00D7FE1AFEA8E2FD00EC
:109B80001F8F60000B672900B781CBFE64F74AFF87
:109B9000D57E8400D2932C00C7EA1B01942FB50018
:109BA0009B5B9E013669AFFF024E91FE669A5F0095
:109BB00080CF7FFE347CECFF82544700DDF3D3007E
:109BC00098AACF00DE6AC700B7545EFE5CC838FFB3
:109BD0008AB673018E6092008588E4006112960057
:109BE00037FB42008C660400CA6797001E13F8FF1B
:109BF00033B8CF00CAC6590037C5E1FEA95FF9FFE7
:109C0000424144FFBCEA7E00A6DF640170EFF4002D
:109C10009017C2003A27B600F42C18FEAF44B3FFE9
:109C200098769A01B0A28200D972CCFEAD7E4EFF2A
:109C300021DE1EFF24025BFF028FF30009EBD70039
:109C400003AB970118D7F5FFA82FA4FEF192CF0020
:109C50004581B40044F37100903548FEFB2D0E00A1
:109C6000176EA80044444FFF6E465FFEAE5B90FF48
:109C700021CE5FFF892907FF13BB99FE23FF70FFE9
:109C80000991B9FE329D25000B7031016608BEFFB7
:109C9000EAF3A9013C5517004A27BD007431EF00D3
:109CA000ADD5D2002EA16CFF9F962500C478B9FFD8
:109CB000226206FF99C33EFF61E647FF663D4C0006
:109CC0001AD4ECFFA4611000C63B9200A317C40095
:109CD00038183D00B562C100FB93E5FF62BD18FF77
:109CE0002E36CEFFEA52F600B76726016D3ECC0055
:109CF0000AF0E000921675FF8E9A780045D4230092
:109D0000D063760179FF03FF4806C2007511C5FFD5
:109D10007D0F17009A4F9900D65EC5FFB93793FFA4
:109D20003EFE4EFE7F5299006E663FFF6C52A1FFD1
:109D300069BBD401508A27003CFF5DFF480CBA0084
:109D4000D2FB1F01BEA790FFE42C13FE8043E80066
:109D5000D6F96BFE889156FF842EB000BDBBE3FFA1
:109D6000D0168C00D9D374003251BAFE8BFA1F0082
:109D70001E40C601879B6400A0CE17FEBBA2D3FF86
:109D800010BC3F00FED031005554BF00F1C0F2FFBF
:109D9000997E9101EAA2A2FFE661D80140877E0088
:109DA000BE94DF0134002BFF1C27BD014088EE006C
:109DB000AFC4B90062E2D5FF7F9FF401E2AF3C007F
:109DC000A0E98E01B4F3CFFF459859011F65150036
:109DD0009019A4FE8BBFD1005B1979002093050078
:109DE00027BA7BFF3F73E6FF5DA7C6FF8FD5DCFF79
:109DF000B39C13FF19427A00D6A0D9FF022D3EFF73
:109E00006A4F92FE338963FF5764E7FFAF91E8FF23
:109E100065B801FFAE097D005225A10124728DFFB6
:109E200030DE8EFFF5BA9A0005AEDDFE3F729BFF75
:109E30008737A001501F87007EFAB301ECDA2D00AE
:109E4000141C910110934900F9BD840111BDC0FF9C
:109E5000DF8EC6FF48140FFFFA35EDFE0F0B120020
:109E60001BD371FED56B38FFAE9392FF607E30003E
:109E700017C16D0125A25E00C79DF9FE1880BBFFCA
:109E8000CD31B2FE5DA42AFF2B77EB0158B7EDFF71
:109E9000DAD201FF6BFE2A00E60A63FFA200E200AD
:109EA000DBED5B0081B2CB00D0325FFECED05FFF36
:109EB000F7BF59FE6EEA4FFFA53DF300147A70FF1D
:109EC000F6F6B9FE67047B00E963E601DB5BFCFFA5
:109ED000C7DE16FFB3F5E9FFD3F1EA006FFAC0FF62
:109EE00055548800653A32FF83AD9CFE772D33FFD1
:109EF00076E910FEF25AD6005E9FDB010303EAFF0B
:109F0000624C5CFE5036E60005E4E7FE3518DFFFE4
:109F100071387601148401FFABD2EC0038F19EFF5A
:109F2000BA7313FF08E5AE00302C00017272A6FF71
:109F30000649E2FFCD59F40089E34B01F8AD380042
:109F40004A78F6FE77030BFF5178C6FF887A62FFE6
:109F500092F1DD016DC24EFFDFF14601D6C8A9FFC7
:109F600061BE2FFF2F67AEFF635C48FE76E9B4FF4A
:109F7000C123E9FE1AE520FFDEFCC600CC2B47FF1B
:109F8000C754AC008666BE006FEE61FEE628E600B0
:109F9000E3CD40FEC80CE100A619DE00714533FF99
:109FA0008F9F1800A7B84A001DE074FE9ED0E900FC
:109FB000C1747EFFD40B85FF163A8C01CC2433FF8D
:109FC000E81E2B00EB46B5FF403892FEA91254FF65
:109FD000E2010DFFC832B0FF34D5F5FEA8D1610013
:109FE000BF473700224E9C00E8903A01B94ABD00B5
:109FF000BA8E95FE40457FFFA1CB93FFB097BF007F
:10A0000088E7CBFEA3B68900A17EFBFEE9204200D3
:10A0100044CF42001E1C25005D726001FE5CF7FF0C
:10A020002CAB4500CA770BFFBC763201FF5388FF8B
:10A0300047521A0046E3020020EB7901B5299A0045
:10A040004786E5FECAFF2400299805009A3F49FF8C
:10A0500022B67C0079DD96FF1ACCD50129AC5700D9
:10A060005A9D92FF6D821400476BC8FFF366BD00D6
:10A0700001C391FE2E58750008CEE300BF6EFDFFB0
:10A080006D8014FE865533FF89B17001D82216FF0A
:10A090008310D0FF7995AA0072131701A6501FFFF5
:10A0A00071F07A00E8B3FA00446EB4FED2AA7700E9
:10A0B000DF6CA4FFCF4FE9FF1BE5E2FED16251FF49
:10A0C0004F44070083B96400AA1DA2FF11A26BFFD1
:10A0D00039150B0164C8B5FF7F41A601A586CC00E8
:10A0E00068A7A80001A44F0092873B01463280FF79
:10A0F00066770DFEE3068700A28EB3FFA064DE0044
:10A100001BE0DB019E5DC3FFEA8D890010187DFF17
:10A11000EECE2FFF611162FF746E0CFF60734D0075
:10A120005BE3E8FFF8FE4FFF5CE506FE58C68B00D8
:10A13000CE4B8100FA4DCEFF8DF47B018A45DC00C9
:10A140002097060183A716FFED44A7FEC7BD960022
:10A15000A3AB8AFF33BC06FF5F1D89FE94E2B30008
:10A16000B56BD0FF861F52FF97652DFF81CAE100B6
:10A17000E0489300308A97FFC340CEFEEDDA9E00A0
:10A180006A1D89FEFDBDE9FF670F11FFC261FF0077
:10A19000B22DA9FEC6E19B00273075FF876A7300C8
:10A1A0006126B500962F41FF5382E5FEF626810019
:10A1B0005CEF9AFE5B637F00A16F21FFEED9F2FF97
:10A1C00083B9C3FFD5BF9EFF2996DA0084A9830017
:10A1D0005954FC01AB4680FFA3F8CBFE0132B4FF1B
:10A1E0007C4C5501FB6F50006342EFFF9AEDB6FFC8
:10A1F000DD7E85FE4ACC63FF419377FF6338A7FF7E
:10A200004FF895FF749BE4FFED2B0EFE45890BFF85
:10A2100016FAF1015B7A8FFFCDF9F300D41A3CFFF7
:10A2200030B6B0013017BFFFCB7998FE2D4AD5FF6D
:10A230003E5A12FEF5A3E6FFB96A74FF53239F004E
:10A240000C2102FF50223E001057AEFFAD655500B5
:10A25000CA2451FEA045CCFF40E1BB003ACE5E00CF
:10A2600056902F00E556F5003F91BE0125052700C9
:10A270006DFB1A008993EA00A27991FF9074CEFFDA
:10A28000C5E8B9FFB7BE8CFF490CFEFF8B14F2FF87
:10A29000AA5AEFFF6142BBFFF5B587FEDE883400A6
:10A2A000F50533FECB2F4E009865D80049177D0089
:10A2B000FE602101EBD249FF2BD1580107816D00CF
:10A2C0007A68E4FEAAF2CB00F2CC87FFCA1CE9FF51
:10A2D00041067F009F904700648C5F004E960D0002
:10A2E000FB6B7601B63A7DFF01266CFF8DBDD1FF79
:10A2F000089B7D0171A35BFF794FBEFF86EF6CFF6A
:10A300004C2FF800A3E4EF00116F0A0058954BFFA3
:10A31000D7EBEF00A79F18FF2F976CFF6BD1BC0006
:10A32000E9E763FE1CCA94FFAE238AFF6E1844FF60
:10A330000245B5006B66520066ED07005C24EDFF38
:10A34000DDA2530137CA06FF87EA87FF18FADE004D
:10A35000415EA8FEF5F8D2FFA76CC9FEFFA16F0011
:10A36000CD08FE00880D740064B084FF2BD77EFFFB
:10A37000B18582FF9E4F940043E025010CCE15FF6E
:10A380003E226E01ED68AFFF50846FFF8EAE480035
:10A3900054E5B4FE69B38C0040F80FFFE98A100061
:10A3A000F5437BFEDA79D4FF3F5FDA01D58589FF7B
:10A3B0008FB652FF301C0B00F4728D01D1AF4CFFF1
:10A3C0009DB596FFBAE503FFA49D6F01E7BD8B0025
:10A3D00077CABEFFDA6A40FF44EB3FFE601AACFF6B
:10A3E000BB2F0B01D712FBFF51545900443A800098
:10A3F0005E7105015C81D0FF610F53FE091CBC003A
:10A40000EF09A4003CCD9800C0A362FFB8123C0045
:10A41000D9B68B006D3B78FF04C0FB00A9D2F0FFDA
:10A4200025AC5CFE94D3F5FFB3413400FD0D730001
:10A43000B9AECE0172BC95FFED5AAD002BC7C0FF7F
:10A44000586C710034234C00421994FFDD0407FF5F
:10A4500097F172FFBED1E8006232C7009796D5FF30
:10A46000124A240135280700138741FF1AAC450022
:10A47000AEED5500635F29000338100027A0B1FF3F
:10A48000C86ADAFEB94454FF5BBA3DFE438F8DFFC4
:10A490000DF4A6FF6372C600C76EA3FFC112BA0017
:10A4A0007CEFF6016E44160002EB2E01D43C6B00EB
:10A4B000692A69010EE69800070583008D689AFFF6
:10A4C000D503060083E4A2FFB3641C01E77B55FFBC
:10A4D000CE0EDF01FD60E6002698950162897A00C4
:10A4E000D6CD03FFE298B3FF068589009E458CFF19
:10A4F00071A29AFFB4F3ACFF1BBD73FF8F2EDCFF7C
:10A50000D586E1FF7E1D4500BC2B8901F24609007E
:10A510005ACCFFFFE7AA9300173813FE387D9DFF42
:10A5200030B3DAFF4FB6FDFF26D4BF0129EB7C0024
:10A5300060971C008794BE00CDF927FE346088FF29
:10A54000D42C88FF43D183FFFC8217FFDB8014FFEC
:10A55000C68176006C650B00B20592013E0764FF70
:10A56000B5EC5EFE1C1AA4004C1670FF78664F0016
:10A57000CAC0E501C8B0D7002940F4FFCEB84E00EC
:10A58000A72D3F01A02300FF3B0C8EFFCC0990FFBD
:10A59000DB5EE5017A1B7000BD696DFF40D04AFFAC
:10A5A000FB7F370102E2C6002C4CD10097984DFF8B
:10A5B000D2172E01C9AB45FF2CD3E700BE25E0FF23
:10A5C000F5C43EFFA9B5DEFF22D3110077F1C5FF28
:10A5D000E5239801154528FFB2E2A10094B3C1001C
:10A5E000DBC2FE0128CE33FFE75CFA014399AA00E3
:10A5F0001594F100AA4552FF7912E7FF5C7203003F
:10A60000B83EE600E1C957FF9260A2FFB5F2DC0058
:10A61000ADBBDD01E23EAAFF387ED901750DE3FF37
:10A62000B32CEF009D8D9BFF90DD5300EBD1D0004C
:10A630002A11A501FB5185007CF5C9FE61D318FFE5
:10A6400053D6A6009A2409FFF82F7F005ADB8CFF0F
:10A65000A1D926FED4933FFF42549401CF030100B9
:10A66000E68659017F4E7AFFE09B01FF52884A003F
:10A67000B29CD0FFBA1931FFDE03D201E596BEFFCE
:10A6800055A234FF29548DFF497B54FE5D1196007D
:10A6900077131C012016D7FF1C17CCFF8EF134FF57
:10A6A000E4347D001D4CCF00D7A7FAFEAFA4E6002E
:10A6B00037CF69016DBBF5FFA12CDC01296580FF57
:10A6C000A7105E005DD66BFF764800FE503DEAFFA6
:10A6D00079AF7D008BA9FB00612793FEFAC431FF9F
:10A6E000A5B36EFEDF46BBFF168E7D019AB38AFFCF
:10A6F00076B02A010AAE99009C5C6600A80DA1FF05
:10A700008F102000FAC5B4FFCBA32C0157202400E2
:10A71000A19914FF7BFC0F0019E350003C588E00F8
:10A720001116C9019ACD4DFF273F2F00087A8D00E1
:10A730008017B6FECC2713FF04701DFF17248CFF73
:10A74000D2EA74FE35323FFF79AB68FFA0DB5E00D2
:10A7500057520EFEE72A0500A58B7FFE564E2600B7
:10A76000823C42FECB1E2DFF2EC47A01F935A2FF9A
:10A77000888F67FED7D27200E707A0FEA9982AFF4C
:10A780006F2DF6008E8387FF8347CCFF24E20B00FA
:10A79000001CF2FFE18AD5FFF72ED8FEF503B700C3
:10A7A0006CFC4A01CE1A30FFCD36F6FFD3C624FF2B
:10A7B0007923320034D8CAFF268B81FEF2499400F7
:10A7C00043E78DFF2A2FCC004E74190104E1BFFF2F
:10A7D0000693E4003A58B1007AA5E5FFFC53C9FF9F
:10A7E000E0A76001B1B89EFFF269B301F8C6F000BE
:10A7F0008542CB01FE242F002D1873FF773EFE000B
:10A80000C4E1BAFE7B8DAC001A5529FFE26FB70098
:10A81000D5E79700043B07FFEE8A9400429321FF9F
:10A820001FF68DFFD18D74FF68701F0058A1AC001A
:10A8300053D7E6FE2F6F97002D263401842DCC00D0
:10A840008A806DFEE97586FFF3BEADFEF1ECF00087
:10A85000527FECFE28DFA1FF6EB6E1FF7BAEEF007A
:10A8600087F2910133D19A00960373FED9A4FCFFBD
:10A87000379C4501545EFFFFE8492D011413D4FFB6
:10A8800060C53BFE60FB210026C7490140ACF7FFD5
:10A89000757438FFE41112003E8A6701F6E5A4FFE3
:10A8A000F476C9FE56209FFF6D22890155D3BA0068
:10A8B0000AC1C1FE7AC2B1007AEE66FFA2DAAB002D
:10A8C0006CD9A1019EAA2200B02F9B01B5E40BFF19
:10A8D000089C0000104B5D00CE62FF013A9A2300F5
:10A8E0000CF3B8FE437542FFE6E57B00C92A6E0013
:10A8F00086E4B2FEBA6C76FF3A139AFF52A93EFF85
:10A90000728F7301EFC432FFAD30C1FF930254FF69
:10A91000968693FE5FE849006DE334FEBF890A0026
:10A9200028CC1EFE4C3461FFA4EB7E00FE7CBC00F4
:10A930004AB61501791D23FFF11E07FE55DAD6FF31
:10A94000075496FE511B75FFA09F98FE4218DDFF2D
:10A95000E30A3C018D876600D0BD960175B35C00AB
:10A96000841688FF78C71C0015814FFEB609410088
:10A97000DAA3A900F693C6FF6B2690014EAFCDFF78
:10A98000D605FAFE2F581DFFA42FCCFF2B3706FF4C
:10A990008386CFFE7464D600608C4B016ADC900025
:10A9A000C3201C01AC5105FFC7B334FF2554CB00B5
:10A9B000AA70AE000B045B0045F41B0175835C00BC
:10A9C0002198AFFF8C996BFFFB872BFE578A04FF02
:10A9D000C6EA93FE799854FFCD659B019D09190045
:10A9E000486A11FE6C9900FFBDE5BA00C108B0FFCE
:10A9F000AE95D100EE821D00E9D67E013DE26600F3
:10AA000039A30401C66F33FF2D4F4E0173D20AFFE5
:10AA1000DA0919FF9E8BC6FFD352BBFE5085530047
:10AA20009D81E601F38586FF288810004D6B4FFF5E
:10AA3000B7555C01B1CCCA00A34793FF9845BE004F
:10AA4000AC33BC01FAD2ACFFD3F2710159591AFFF1
:10AA500040426FFE74982A00A1271BFF3650FE006B
:10AA60006AD17301677C6100DDE662FF1FE70600C3
:10AA7000B2C078FE0FD9CBFF7C9E4F007091F700DB
:10AA80005CFA3001A3B5C1FF252F8EFE90BDA5FF56
:10AA90002E92F000064B8000299DC8FE5779D50004
:10AAA0000171EC00052DFA00900C52001F6CE700BC
:10AAB000E1EF77FFA707BDFFBBE484FF6EBD220077
:10AAC0005E2CCC01A234C5004EBCF1FE39148D00C1
:10AAD000F4922F01CE6433007D6B94FE1BC34D00B6
:10AAE00098FD5A01078F90FF33251F00227726FF1C
:10AAF00007C5760099BCD300971474FEF54134FF66
:10AB0000B4FD6E012FB1D100A16311FF76DECA0042
:10AB10007DB3FC017B367EFF9139BF0037BA7900E7
:10AB20000AF38A00CDD3E5FF7D9CF1FE949CB9FF2A
:10AB3000E313BCFF7C2920FF1F22CEFE11395300F6
:10AB4000CC1625FF2A6062007766B80103BE1C00A0
:10AB50006E52DAFFC8CCC0FFC991760075CC920066
:10AB600084206201C0C279006AA1F801ED587C001E
:10AB700017D41A00CDAB5AFFF830D8018D25E6FF67
:10AB80007CCB00FE9EA81EFFD6F8150070BB07FF09
:10AB90004B85EFFF4AE3F3FFFA934600D678A20015
:10ABA000A709B3FF169E1200DA4DD101616D51FF66
:10ABB000F421B3FF393439FF41ACD2FFF947D1FF5B
:10ABC0008EA9EE009EBD99FFAEFE67FE62210E00CB
:10ABD0008D4CE6FF718B34FF0F3AD400A8D7C9FF24
:10ABE000F8CCD701DF44A0FF399AB7FE2FE77900F0
:10ABF0006AA6890051888A00A52B3300E78B3D00A7
:10AC0000395F3BFE766219FF973FEC015EBEFAFFAB
:10AC1000A9B9720105FA3AFF4B696101D7DF8600D5
:10AC20007163A301803E7000636A9300A3C30A00AE
:10AC300021CDB600D60EAEFF8126E7FF35B6DF0088
:10AC4000622A9FFFF70D2800BCD2B101061500FF54
:10AC5000FF3D94FE892D81FF591A74FE7E267200F5
:10AC6000FB32F2FE798680FFCCF9A7FEA5EBD70078
:10AC7000CAB1F300858D3E00F082BE016EAFFF00C9
:10AC80000014920125D279FF072782008EFA54FF23
:10AC90008DC8CF00095F68FF0BF4AE0086E87E0028
:10ACA000A7017BFE10C195FFE8E9EF01D54670FFD3
:10ACB000FC74A0FEF2DEDCFFCD55E30007B93A00DC
:10ACC00076F73F01744DB1FF3EF5C8FE3F1225FFF8
:10ACD0006B35E8FE32DDD300A2DB07FE025E2B00FF
:10ACE000B63EB6FEA04EC8FF878CAA00EBB8E400C3
:10ACF000AF358AFE503A4DFF98C902013FC4220089
:10AD0000051EB800ABB09A00793BCE002663270041
:10AD1000AC504DFE00869700BA21F1FE5EFDDFFFCC
:10AD20002C72FC006C7E39FFC9280DFF27E51BFF44
:10AD300027EF1701977933FF9996F8000AEAAEFFDB
:10AD400076F604FEC8F5260045A1F20110B2960081
:10AD500071388200AB1F69001A586CFF312A6A00F3
:10AD6000FBA94200455D95001439FE00A4196F004F
:10AD70005ABC5AFFCC04C50028D53201D46084FFE8
:10AD8000588AB4FEE4927CFFB8F6F700417556FF8E
:10AD9000FD66D2FEFE792400897303FF3C18D800BB
:10ADA00086121D003BE26100B08E470007D1A10072
:10ADB000BD5433FE9BFA4800D554EBFF2DDEE00076
:10ADC000EE948FFFAA2A35FF4EA77500BA0028FF20
:10ADD0007DB167FF45E14200E30758014BAC060037
:10ADE000A92DE301102446FF320209FF8BC1160092
:10ADF0008FB7E7FEDA453200EC38A101D5832A008F
:10AE00008A912CFE88E528FF313F23FF3D91F5FF15
:10AE100065C002FEE8A771009868260179B9DA00DA
:10AE2000798BD3FE77F0230041BDD9FEBBB3A2FFDF
:10AE3000A0BBE6003EF80EFF3C4E6100FFF7A3FF0B
:10AE4000E13B5BFF6B473AFFF12F21013275EC00CC
:10AE5000DBB13FFEF45AB30023C2D7FFBD4332FF3C
:10AE60001787810068BD25FFB939C200233EE7FF7F
:10AE7000DCF86C000CE7B2008F505B01835D65FF6E
:10AE800090270201FFFAB2000511ECFE8B202E0084
:10AE9000CCBC26FEF57334FFBF7149FEBF6C45FF85
:10AEA0001645F50117CBB200AA63AA0041F86F005E
:10AEB000256C99FF4025450000583EFE599490FFAF
:10AEC000BF44E001F127350029CBEDFF917EC2FFA1
:10AED000DD2AFDFF1963970061FDDF014A7331FF31
:10AEE00006AF48FF3BB0CB007CB7F901E4E4630058
:10AEF000810CCFFEA8C0C3FFCCB010FE98EAAB0017
:10AF00004D2555FF217887FF8EC2E3011FD63A00F9
:10AF1000D5BB7DFFE82E3CFFBE742AFE97B213FF1F
:10AF2000333EEDFECCECC100C2E83C00AC229DFFFC
:10AF3000BD10B8FE67035FFF8DE924FE29190BFFE2
:10AF400015C3A60076F52D0043D595FF9F0C12FF83
:10AF5000BBA4E301A01905000C4EC3012BC5E10001
:10AF6000308E29FEC49B3CFFDFC7120191889C00F4
:10AF7000FC75A9FE91E2EE00EF176B006DB5BCFF0A
:10AF8000E67031FE49AAEDFFE7B7E3FF50DC14009D
:10AF9000C26B7F017FCD65002E34C501D2AB24FF8B
:10AFA00058035AFF38978D0060BBFFFF2A4EC80038
:10AFB000FE464601F47DA800CC448A017CD74600B9
:10AFC0006642C8FE1134E40075DC8FFECBF87B00CE
:10AFD0003812AEFFBA97A4FF33E8D001A0E42BFFEC
:10AFE000F91D190144BE3F000000001000000000E0
:10AFF000001000000600070008000000000000002C
:10B0000000000000EFCD0108A5CE0108D3CD010856
:10B0100087D00108A9CD01084DD10108B9CD01089B
:10B02000E3D2010805D301080D0A005245454E54EC
:10B03000206D616C6C6F6320737563636565646517
:10B0400064002F5F5F772F61726D2D6E6F6E652DBF
:10B05000656162692D6763632D787061636B2F6131
:10B06000726D2D6E6F6E652D656162692D6763630C
:10B070002D787061636B2F6275696C642F6C696EDB
:10B0800075782D7836342F736F75726365732F6EF4
:10B0900065776C69622D63796777696E2F6E657766
:10B0A0006C69622F6C6962632F7374646C69622FC0
:10B0B00072616E642E63000020202020202020205A
:10B0C0002028282828282020202020202020202058
:10B0D0002020202020202020881010101010101078
:10B0E00010101010101010100404040404040404C0
:10B0F0000404101010101010104141414141410151
:10B10000010101010101010101010101010101012F
:10B11000010101101010101010424242424242023E
:10B1200002020202020202020202020202020202FF
:10B1300002020210101010200000000000000000A9
:10B1400000000000000000000000000000000000FF
:10B1500000000000000000000000000000000000EF
:10B1600000000000000000000000000000000000DF
:10B1700000000000000000000000000000000000CF
:10B1800000000000000000000000000000000000BF
:10B1900000000000000000000000000000000000AF
:10B1A000000000000000000000000000000000009F
:10B1B00000000000000000002C2066756E637469BA
:10B1C0006F6E3A2000617373657274696F6E20222E
:10B1D000257322206661696C65643A2066696C6536
:10B1E00020222573222C206C696E6520256425732E
:10B1F00025730A00232D302B2000686C4C006566F7
:10B2000067454647003031323334353637383941B7
:10B2100042434445460030313233343536373839CD
:08B220006162636465660000D1
:08B22800B45FFD7F010000008E
:10B2300025D60108C512000829610008A9AA00083E
:10B2400069AE0008E9CA000879E90008D5EB0008F2
:10B25000CD1B0108C5310108B93F010899730108E8
:08B260007DD101082DDF01087A
:10B26800A11200080162000825AB000885E9000862
:0CB27800E5EB0008C53F0108C9730108A0
:10B284000100000010000000000000480004004815
:10B2940000080048001C0048FFFFFFFF0030024088
:10B2A400000000000000000000000000000000009A
:10B2B4000000000000000000000000000100000089
:10B2C40000093D0000000000000000000000000034
:10B2D400000000000000000000000000000000006A
:10B2E400000000000000000000000000000000005A
:10B2F400000000000000000000000000000000004A
:10B304000000000000000000000000000000000039
:10B314000000000000000000000000000000000029
:10B324000000000000000000000000000000000019
:10B334000000000000000000000000000000000009
:10B3440000000000000000000000000000000000F9
:10B3540000000000000000000000000000000000E9
:10B3640000000000FFFFFFFFFFFFFFFFFFFFFFFFE5
:10B37400FFFFFFFF000300000000000000000000CA
:10B38400000000000000000000000000E87C002035
:10B39400F41E020800000000C5E8000835E80008B3
:10B3A400B1E70008ABE7000800080000000800004F
:10B3B40000080000100000008000000000000000F1
:10B3C4000000000000000000000000000D0A5261AF
:10B3D40064696F4C696220496E666F0A56657273C0
:10B3E400696F6E3A202022372E372E312E30220DEF
:10B3F4000A506C6174666F726D3A202241726475F2
:10B40400696E6F2053544D333220286F666669632A
:10B4140069616C29220D0A224A756E202036203279
:10B4240030323622202231333A35303A3136220056
:10B43400FFFFFFFF000000000A0000000A000000F8
:10B4440059F3F8C21F6EA501000000000000F03F90
:10B454006042A20D0000803F0000000003000000D5
:10B46400A47B0020E801002000000000A47B002051
:10B474000C7C0020747C0020000000000000000010
:10B4840000000000000000000000000000000000B8
:10B4940000000000000000000000000000000000A8
:10B4A4000000000000000000000000000000000098
:04B4B4000000000094
:040000050801D6C157
:00000001FF
