:020000040800F2
:1000000000000120E1D5010831D6010831D60108F0
:1000100031D6010831D6010831D6010800000000B0
:1000200000000000000000000000000031D60108C0
:1000300031D601080000000031D60108835D0008B8
:1000400031D6010831D6010831D6010831D6010870
:1000500031D6010831D60108C55F0008CB5F000822
:10006000D15F0008D75F0008DD5F000831D60108C6
:1000700031D6010831D6010831D6010831D6010840
:1000800031D6010831D6010831D6010831D6010830
:100090000000000031D60108E35F000831D60108F6
:1000A000BD57000831D60108D1570008D5570008C0
:1000B000E9570008FD570008B9EC0008C5EC000836
:1000C000D1EC0008DDEC000831D6010831D601087A
:1000D000B5670008CD670008E967000831D6010858
:1000E00031D60108F95F000831D6010831D6010880
:1000F00031D60108000000000000000031D60108E0
:10010000E9EC0008F5EC00088171010831D601081E
:1001100031D6010831D6010831D6010831D601089F
:1001200031D6010831D6010831D6010831D601088F
:0801300031D6010831D60108A7
:1001400081F0004102E000BF83F0004330B54FEA88
:1001500041044FEA430594EA050F08BF90EA020FF5
:100160001FBF54EA000C55EA020C7FEA645C7FEA88
:10017000655C00F0E2804FEA5454D4EB5555B8BFAB
:100180006D420CDD2C4480EA020281EA030382EA1C
:10019000000083EA010180EA020281EA0303362DAE
:1001A00088BF30BD11F0004F4FEA01314FF4801C81
:1001B0004CEA113102D0404261EB410113F0004F93
:1001C0004FEA03334CEA133302D0524263EB43034A
:1001D00094EA050F00F0A780A4F10104D5F1200EE8
:1001E0000DDB02FA0EFC22FA05F2801841F1000143
:1001F00003FA0EF2801843FA05F359410EE0A5F117
:1002000020050EF1200E012A03FA0EFC28BF4CF047
:10021000020C43FA05F3C01851EBE37101F00045FD
:1002200007D54FF0000EDCF1000C7EEB00006EEB0A
:100230000101B1F5801F1BD3B1F5001F0CD3490894
:100240005FEA30004FEA3C0C04F101044FEA4452EB
:1002500012F5800F80F09A80BCF1004F08BF5FEA72
:10026000500C50F1000041EB045141EA050130BD52
:100270005FEA4C0C404141EB0101013C28BFB1F564
:10028000801FE9D291F0000F04BF01460020B1FAAF
:1002900081F308BF2033A3F10B03B3F120020CDA82
:1002A0000C3208DD02F1140CC2F10C0201FA0CF060
:1002B00021FA02F10CE002F11402D8BFC2F1200CC5
:1002C00001FA02F120FA0CFCDCBF41EA0C0190407B
:1002D000E41AA2BF01EB0451294330BD6FEA0404C4
:1002E0001F3C1CDA0C340EDC04F11404C4F12002AF
:1002F00020FA04F001FA02F340EA030021FA04F3C1
:1003000045EA030130BDC4F10C04C4F1200220FA17
:1003100002F001FA04F340EA0300294630BD21FA55
:1003200004F0294630BD94F0000F83F4801306BF1B
:1003300081F480110134013D4EE77FEA645C18BF0F
:100340007FEA655C29D094EA050F08BF90EA020FA6
:1003500005D054EA000C04BF1946104630BD91EA9E
:10036000030F1EBF0021002030BD5FEA545C05D1A1
:100370004000494128BF41F0004130BD14F58004E0
:100380003CBF01F5801130BD01F0004545F0FE4154
:1003900041F470014FF0000030BD7FEA645C1ABF89
:1003A000194610467FEA655C1CBF0B46024650EAC0
:1003B000013406BF52EA033591EA030F41F40021EC
:1003C00030BD00BF90F0000F04BF0021704730B572
:1003D0004FF4806404F132044FF000054FF0000147
:1003E00050E700BF90F0000F04BF0021704730B508
:1003F0004FF4806404F1320410F0004548BF4042DD
:100400004FF000013EE700BF42004FEAE2014FEA31
:1004100031014FEA02701FBF12F07F4393F07F4F0C
:1004200081F06051704732F07F4208BF704793F00F
:100430007F4F04BF41F40021704730B54FF4607422
:1004400001F0004521F000411CE700BF50EA010225
:1004500008BF704730B54FF000050AE050EA0102CE
:1004600008BF704730B511F0004502D5404261EB3E
:1004700041014FF4806404F132045FEA915C3FF47F
:10048000D8AE4FF003025FEADC0C18BF03325FEA1C
:10049000DC0C18BF033202EBDC02C2F1200300FACD
:1004A00003FC20FA02F001FA03FE40EA0E0021FAF2
:1004B00002F11444BDE600BF70B54FF0FF0C4CF4E0
:1004C000E06C1CEA11541DBF1CEA135594EA0C0F92
:1004D00095EA0C0F00F0DEF82C4481EA030621EACD
:1004E0004C5123EA4C5350EA013518BF52EA033508
:1004F00041F4801143F4801338D0A0FB02CE4FF0BA
:100500000005E1FB02E506F00042E0FB03E54FF0E9
:100510000006E1FB03569CF0000F18BF4EF0010EE1
:10052000A4F1FF04B6F5007F64F5407404D25FEADD
:100530004E0E6D4146EB060642EAC62141EA555190
:100540004FEAC52040EA5E504FEACE2EB4F1FD0CD2
:1005500088BFBCF5E06F1ED8BEF1004F08BF5FEA50
:10056000500E50F1000041EB045170BD06F0004602
:1005700046EA010140EA020081EA0301B4EB5C04AF
:10058000C2BFD4EB0C0541EA045170BD41F48011A7
:100590004FF0000E013C00F3AB8014F1360FDEBFCC
:1005A000002001F0004170BDC4F10004203C35DAA8
:1005B0000C341BDC04F11404C4F1200500FA05F32B
:1005C00020FA04F001FA05F240EA020001F00042CC
:1005D00021F0004110EBD37021FA04F642EB060142
:1005E0005EEA430E08BF20EAD37070BDC4F10C046C
:1005F000C4F1200500FA04F320FA05F001FA04F230
:1006000040EA020001F0004110EBD37041F100011B
:100610005EEA430E08BF20EAD37070BDC4F1200526
:1006200000FA05F24EEA020E20FA04F301FA05F28E
:1006300043EA020321FA04F001F0004121FA04F236
:1006400020EA020000EBD3705EEA430E08BF20EA06
:10065000D37070BD94F0000F0FD101F00046400040
:1006600041EB010111F4801F08BF013CF7D041EAC2
:10067000060195F0000F18BF704703F000465200C6
:1006800043EB030313F4801F08BF013DF7D043EA97
:100690000603704794EA0C0F0CEA135518BF95EA4D
:1006A0000C0F0CD050EA410618BF52EA4306D1D1D4
:1006B00081EA030101F000414FF0000070BD50EAF3
:1006C000410606BF1046194652EA430619D094EA7D
:1006D0000C0F02D150EA013613D195EA0C0F05D167
:1006E00052EA03361CBF104619460AD181EA0301BB
:1006F00001F0004141F0FE4141F470014FF0000073
:1007000070BD41F0FE4141F4780170BD70B54FF00D
:10071000FF0C4CF4E06C1CEA11541DBF1CEA13558D
:1007200094EA0C0F95EA0C0F00F0A7F8A4EB05046F
:1007300081EA030E52EA03354FEA013100F0888066
:100740004FEA03334FF0805545EA131343EA12632F
:100750004FEA022245EA111545EA10654FEA0026E4
:100760000EF000419D4208BF964244F1FD0404F59D
:10077000407402D25B084FEA3202B61A65EB0305F9
:100780005B084FEA32024FF480104FF4002CB6EBB6
:10079000020E75EB030E22BFB61A754640EA0C0036
:1007A0005B084FEA3202B6EB020E75EB030E22BF76
:1007B000B61A754640EA5C005B084FEA3202B6EBB7
:1007C000020E75EB030E22BFB61A754640EA9C0076
:1007D0005B084FEA3202B6EB020E75EB030E22BF46
:1007E000B61A754640EADC0055EA060E18D04FEA04
:1007F000051545EA16754FEA06164FEAC30343EAA4
:1008000052734FEAC2025FEA1C1CC0D111F4801F70
:100810000BD141EA00014FF000004FF0004CB6E769
:1008200011F4801F04BF01430020B4F1FD0C88BF08
:10083000BCF5E06F3FF6AFAEB5EB030C04BFB6EB13
:10084000020C5FEA500C50F1000041EB045170BD06
:100850000EF0004E4EEA113114EB5C04C2BFD4EB33
:100860000C0541EA045170BD41F480114FF0000EB7
:10087000013C90E645EA060E8DE60CEA135594EA33
:100880000C0F08BF95EA0C0F3FF43BAF94EA0C0F36
:100890000AD150EA01347FF434AF95EA0C0F7FF4AB
:1008A00025AF104619462CE795EA0C0F06D152EAFF
:1008B00003353FF4FDAE1046194622E750EA4106E3
:1008C00018BF52EA43067FF4C5AE50EA41047FF4F4
:1008D0000DAF52EA43057FF4EBAE12E74FF0FF3C59
:1008E00006E000BF4FF0010C02E000BF4FF0010C2A
:1008F0004DF804CD4FEA410C7FEA6C5C4FEA430CA3
:1009000018BF7FEA6C5C1BD001B050EA410C0CBFF1
:1009100052EA430C91EA030F02BF90EA020F002053
:10092000704710F1000F91EA030F58BF994208BFBA
:1009300090422CBFD8176FEAE37040F00100704777
:100940004FEA410C7FEA6C5C02D150EA013C07D1CE
:100950004FEA430C7FEA6C5CD6D152EA033CD3D019
:100960005DF8040B704700BF8446104662468C4613
:100970001946634600E000BF01B5FFF7B7FF002846
:1009800048BF10F1000F01BD4DF808EDFFF7F4FF6F
:100990000CBF012000205DF808FB00BF4DF808EDFA
:1009A000FFF7EAFF34BF012000205DF808FB00BF1D
:1009B0004DF808EDFFF7E0FF94BF012000205DF83F
:1009C00008FB00BF4DF808EDFFF7CEFF94BF0120F4
:1009D00000205DF808FB00BF4DF808EDFFF7C4FFED
:1009E00034BF012000205DF808FB00BF4FEA410C36
:1009F0007FEA6C5C02D150EA013C0AD14FEA430C19
:100A00007FEA6C5C02D152EA033C02D14FF0000055
:100A100070474FF0010070474FEA410212F5001293
:100A200015D211D56FF47873B3EB625212D94FEA35
:100A3000C12343F0004343EA505311F0004F23FA1F
:100A400002F018BF404270474FF00000704750EA74
:100A5000013005D111F0004008BF6FF00040704731
:100A60004FF00000704700BF4FEA4102B2F1E0438F
:100A700024BFB3F5001CDCF1FE5C0DD901F0004C85
:100A80004FEAC0024CEA5070B2F1004F40EB8300D5
:100A900008BF20F00100704711F0804F21D113F101
:100AA0003872BCBF01F00040704741F480114FEA3A
:100AB0005252C2F11802C2F1200C10FA0CF320FAC3
:100AC00002F018BF40F001004FEAC1234FEAD323E0
:100AD00003FA0CFC40EA0C0023FA02F34FEA43034A
:100AE000CCE77FEA625307D150EA01331EBF4FF0D3
:100AF000FE4040F44000704701F0004040F0FE40EE
:100B000040F40000704700BF80F0004002E000BFEA
:100B100081F0004142001FBF5FEA410392EA030FE8
:100B20007FEA226C7FEA236C6AD04FEA1262D2EB32
:100B30001363C1BFD218414048404140B8BF5B4237
:100B4000192B88BF704710F0004F40F4000020F0D0
:100B50007F4018BF404211F0004F41F4000121F0E6
:100B60007F4118BF494292EA030F3FD0A2F1010230
:100B700041FA03FC10EB0C00C3F1200301FA03F16E
:100B800000F0004302D5494260EB4000B0F5000F91
:100B900013D3B0F1807F06D340084FEA310102F150
:100BA0000102FE2A51D2B1F1004F40EBC25008BF02
:100BB00020F0010040EA03007047490040EB0000CC
:100BC000013A28BFB0F5000FEDD2B0FA80FCACF1CD
:100BD000080CB2EB0C0200FA0CF0AABF00EBC250FA
:100BE00052421843BCBFD0401843704792F0000FE8
:100BF00081F4000106BF80F400000132013BB5E73B
:100C00004FEA41037FEA226C18BF7FEA236C21D0B0
:100C100092EA030F04D092F0000F08BF0846704715
:100C200090EA010F1CBF0020704712F07F4F04D1E3
:100C3000400028BF40F00040704712F100723CBFF6
:100C400000F50000704700F0004343F0FE4040F420
:100C5000000070477FEA226216BF08467FEA2363DE
:100C60000146420206BF5FEA412390EA010F40F4C9
:100C7000800070474FF0000304E000BF10F0004315
:100C800048BF40425FEA000C08BF704743F09643FC
:100C900001464FF000001CE050EA010208BF704717
:100CA0004FF000030AE000BF50EA010208BF70479E
:100CB00011F0004302D5404261EB41015FEA010CB3
:100CC00002BF84460146002043F0B64308BFA3F1AB
:100CD0008053A3F50003BCFA8CF2083AA3EBC2538D
:100CE00010DB01FA02FC634400FA02FCC2F12002AC
:100CF000BCF1004F20FA02F243EB020008BF20F0E3
:100D00000100704702F1200201FA02FCC2F1200248
:100D100050EA4C0021FA02F243EB020008BF20EA3D
:100D2000DC7070474FF0FF0C1CEAD0521EBF1CEA6B
:100D3000D15392EA0C0F93EA0C0F6FD01A4480EA59
:100D4000010C400218BF5FEA41211ED04FF0006342
:100D500043EA501043EA5111A0FB01310CF000406E
:100D6000B1F5000F3EBF490041EAD3715B0040EA94
:100D7000010062F17F02FD2A1DD8B3F1004F40EB64
:100D8000C25008BF20F00100704790F0000F0CF037
:100D9000004C08BF49024CEA502040EA51207F3AFB
:100DA000C2BFD2F1FF0340EAC250704740F40000D6
:100DB0004FF00003013A5DDC12F1190FDCBF00F0C7
:100DC00000407047C2F10002410021FA02F1C2F175
:100DD000200200FA02FC5FEA310040F1000053EA11
:100DE0004C0308BF20EADC70704792F0000F00F05F
:100DF000004C02BF400010F4000F013AF9D040EA65
:100E00000C0093F0000F01F0004C02BF490011F4F8
:100E1000000F013BF9D041EA0C018FE70CEAD153F6
:100E200092EA0C0F18BF93EA0C0F0AD030F0004C76
:100E300018BF31F0004CD8D180EA010000F000402A
:100E4000704790F0000F17BF90F0004F084691F0E8
:100E5000000F91F0004F14D092EA0C0F01D1420222
:100E60000FD193EA0C0F03D14B0218BF084608D1EB
:100E700080EA010000F0004040F0FE4040F4000035
:100E8000704740F0FE4040F4400070474FF0FF0CC8
:100E90001CEAD0521EBF1CEAD15392EA0C0F93EA0F
:100EA0000C0F69D0A2EB030280EA010C49024FEA61
:100EB000402037D04FF0805343EA111143EA10131A
:100EC0000CF000408B4238BF5B0042F17D024FF4D2
:100ED000000C8B4224BF5B1A40EA0C00B3EB510FAD
:100EE00024BFA3EB510340EA5C00B3EB910F24BF96
:100EF000A3EB910340EA9C00B3EBD10F24BFA3EB1B
:100F0000D10340EADC001B0118BF5FEA1C1CE0D1E2
:100F1000FD2A3FF650AF8B4240EBC25008BF20F095
:100F2000010070470CF0004C4CEA50207F32C2BFE9
:100F3000D2F1FF0340EAC250704740F400004FF086
:100F40000003013A37E792F0000F00F0004C02BFB7
:100F5000400010F4000F013AF9D040EA0C0093F081
:100F6000000F01F0004C02BF490011F4000F013BDB
:100F7000F9D041EA0C0195E70CEAD15392EA0C0F43
:100F800008D142027FF47DAF93EA0C0F7FF470AF7B
:100F9000084676E793EA0C0F04D14B023FF44CAFBE
:100FA00008466EE730F0004C18BF31F0004CCAD153
:100FB00030F000427FF45CAF31F000437FF43CAF8F
:100FC0005FE700BF4FF0FF3C06E000BF4FF0010CB1
:100FD00002E000BF4FF0010C4DF804CD4FEA400293
:100FE0004FEA41037FEA226C18BF7FEA236C11D0DD
:100FF00001B052EA530C18BF90EA010F58BFB2EB90
:10100000030088BFC81738BF6FEAE17018BF40F00F
:10101000010070477FEA226C02D15FEA402C05D1C3
:101020007FEA236CE4D15FEA412CE1D05DF8040B48
:10103000704700BF844608466146FFE70FB5FFF7DB
:10104000C9FF002848BF10F1000F0FBD4DF808ED93
:10105000FFF7F4FF0CBF012000205DF808FB00BF84
:101060004DF808EDFFF7EAFF34BF012000205DF8DE
:1010700008FB00BF4DF808EDFFF7E0FF94BF01202B
:1010800000205DF808FB00BF4DF808EDFFF7D2FF28
:1010900094BF012000205DF808FB00BF4DF808ED6B
:1010A000FFF7C8FF34BF012000205DF808FB00BF38
:1010B0004FEA40024FEA41037FEA226C02D15FEA25
:1010C000402C08D17FEA236C02D15FEA412C02D187
:1010D0004FF0000070474FF0010070474FEA4002A8
:1010E000B2F1FE4F0FD34FF09E03B3EB12620DD956
:1010F0004FEA002343F0004310F0004F23FA02F0C0
:1011000018BF404270474FF00000704712F1610F66
:1011100001D1420205D110F0004008BF6FF000403D
:1011200070474FF00000704742000ED2B2F1FE4F00
:101130000BD34FF09E03B3EB126209D44FEA0023A6
:1011400043F0004323FA02F070474FF0000070476D
:1011500012F1610F01D1420202D14FF0FF3070470E
:101160004FF00000704700BF53B94AB9002908BFCB
:1011700000281CBF4FF0FF314FF0FF3000F00CB8DB
:10118000ADF1080C6DE904CE1CF0FCFBDDF804E0C9
:10119000DDE9022304B07047704700BF10F8012B4F
:1011A00011F8013B012A28BF9A42F7D0D01A7047A4
:1011B000034613F8012B002AFBD1181A0138704797
:1011C00001F0FF01102A2BDB10F0070F08D010F8F8
:1011D000013B013A8B422DD010F0070F42B3F6D1FC
:1011E000F0B441EA012141EA014122F007047FF015
:1011F00000070023F0E80256083C85EA010586EA6C
:10120000010685FA47F5A3FA87F586FA47F6A5FAA7
:1012100087F68EB9EED1F0BC01F0FF0102F00702B3
:1012200032B110F8013B013A83EA010313B1F8D15E
:101230000020704701387047002D06BF354603383F
:10124000073815F0010F07D1013015F4807F02BF78
:10125000013015F4C03F0130F0BC0138704700BFC9
:1012600010B5054C237833B9044B13B10448AFF3E0
:1012700000800123237010BD380200200000000010
:101280006413020808B5034B1BB103490348AFF3CD
:10129000008008BD000000003C020020641302082A
:1012A00000B59BB04422002109A81FF088F818223D
:1012B000002102A81FF083F8144A136823F4C063C6
:1012C00043F400731360136803F4C0630193019B3C
:1012D0002023089301210023B02208A8CDE9101390
:1012E000CDE9122301F0DEFF00B1FEE74F23CDE987
:1012F0000230CDE90400CDE90600022102A802F087
:101300006DFA00B1FEE71BB05DF804FB0004005865
:101310007047000038B5104C237805460BB9012002
:1013200038BD01F0AFFF22784FF47A73B3FBF2F3CC
:10133000B0FBF3F000F0ECFC04460028EFD10F2DD9
:10134000EDD8024629464FF0FF3000F08FFC034BEA
:1013500020461D60E4E700BF0000002004000020DC
:1013600010B5032000F070FC01F08CFF064B1860F4
:101370000020FFF7CFFF044618B9FFF7C9FF20464A
:1013800010BD0124FBE700BF40000020034A044BCE
:1013900011681B780B441360704700BF5402002093
:1013A00000000020014B1868704700BF5402002065
:1013B0008068C0F380007047F7B5002301930446AE
:1013C000002800F0E780856D25B904F051FBE56544
:1013D00084F8545023689A68D00040F19F809A683E
:1013E000D10000F1B280A26D42F01002A265E26D60
:1013F00042F00102E26501251846FFF7D9FFA26D10
:1014000002F01002024340F0C780A26D206922F46E
:10141000817242F00202A2659A68D2075BD4226B05
:10142000A67E94F82CC0003A18BF01221703D4E915
:1014300002120A43217E42EA8132617E42EAC132CF
:1014400042EA4632002842EA4C02B4BF20F0004192
:101450004FF400113A430A4394F82010012903D1B4
:10146000002E74D142F48032616A21B1A66A01F47F
:10147000E07131430A43DE684A4931401143D96083
:1014800094F83C206168E66C01F0404C012A4CEA7B
:10149000060609D1D4E910273A433243A66C3243F9
:1014A00042EA0C0242F001061F693F4A3A403243C9
:1014B0001A6121F00042B2F1804F0CD0B1F1004F1F
:1014C00009D03A4ED6F8082701F4701122F47012B0
:1014D0000A43C6F808275A69666BA16B22F0070217
:1014E00032435A615A6922F0700242EA01125A618B
:1014F000002835D19A6A62F00F029A625B6903F0A4
:1015000007039E423CD10023E365A36D23F0030350
:1015100043F00103A365284603B0F0BD9A6824494F
:1015200022F0104222F0170242F080529A60214AC3
:101530001268B2FBF1F2013252000192019A002AC4
:101540003FF44DAF019A013AF7E7002554E7A16D4A
:1015500041F02001A165E16D41F00101E16583E702
:10156000B0F5001FCAD19A6AE269013A92006FF0A1
:101570000F0102F01C0201FA02F2216E0A43BCE7DD
:10158000A36D23F0120343F01003A365E36D43F052
:101590000103E3650125BEE7A36D43F01003A365D6
:1015A000F8E700BF0102DEFF02FCFF1F0020014040
:1015B000400D030040000020F8B54569082D0446A1
:1015C0000E460AD00368DB68D80705D5A36D43F043
:1015D0002003A3650120F8BD0425FFF7E3FE0746BD
:1015E00023681A682A4220D0A26D42F40072A265D4
:1015F000DA6812F4406F14D1A27E92B91A68120709
:101600000FD51846FFF7D4FE20BB5A6822F00C0213
:101610005A60A26D22F4807222F0010242F00102AF
:10162000A265227EFAB10020D5E7711CD9D0FFF760
:10163000B9FEC01BB04201D8002ED1D123681B686F
:101640002B40CDD1A26D84F8543042F00402A26543
:101650000320C0E7A26D42F02002A265E26D42F0D5
:101660000102E265DDE70C221A60DCE70368186C12
:1016700070470000F7B50023019390F85430012B18
:10168000044600F0C08005680269012380F85430E8
:101690002846FFF78DFE002840F0AF8048680B68B1
:1016A000022822F004027ED0B2F1004FC3F3110EE3
:1016B00035D1AA6A42EA0E02AA628A68686902EA19
:1016C000032222F07C4222F0FF0220EA03210A4397
:1016D000002B6A611DDA4D4A4D4DD2F80817AB4216
:1016E00001F0E07043D10D0213D4D2F8083723F093
:1016F000E073034343F40003C2F80837454B1A680C
:10170000454BB2FBF3F20C2302FB03330193019B25
:1017100053BB0020002384F8543003B0F0BD226E88
:1017200000F01F074FF00F0C0CFA07FC6FEA0C06D5
:1017300022EA0C0CBEF1000F11D1C3F38462BA404F
:1017400042EA0C0222668008E26901309042B4D875
:10175000A86AC3F38362BA4006403243ACE793FA07
:10176000A3F2B2FA82F2EAE7019B013BCEE72B4DEE
:10177000AB420BD1C901CCD4D2F8083723F0E073C7
:10178000034343F08073C2F80837C2E7244DAB42ED
:10179000BFD14B02BDD4D2F8083723F0E073034326
:1017A00043F48003EFE7B2F1004F01BFAA6AC3F32D
:1017B00011018A43AA62002BABDA15481349834210
:1017C000D1F8082709D1D1F8083702F0A07223F028
:1017D000E0731A43C1F808279BE71048834204D1FD
:1017E000D1F8083702F44002F1E70D48834290D166
:1017F000D1F8083702F0C072E9E7A26D42F020028A
:10180000A265184686E7022087E700BF0020014056
:10181000001000B040000020400D0300004000B860
:10182000002000B4806D7047026838B50446104649
:10183000FFF7BEFD08B9002038BD9368990707D4AB
:10184000936823F0004323F0170343F010039360E1
:10185000FFF7A8FD054623689B685B07EBD5FFF7FC
:10186000A1FD401B0228F6D923689B685A07F2D5D0
:10187000A36D43F01003A365E36D43F00103E3653B
:101880000120D9E773B50023026801939368DD074F
:10189000044602D5002002B070BD9168214B194268
:1018A00009D0A36D43F01003A365E36D43F001037A
:1018B000E3650120EFE7936823F0004323F017036B
:1018C00043F001039360184BD3F8083718021CD477
:1018D000637E012BDED0FFF765FD144E05462268BE
:1018E0001368DB07D6D49368D9075FBF936833408A
:1018F00043F001039360FFF755FD401B0228EED92A
:1019000023681B68DA07EAD4CBE7094B094A1B684E
:10191000B3FBF2F301330193019B002BD8D0019B61
:10192000013BF8E71700008000200140E8FFFF7F3F
:1019300040000020400D030038B504460068FFF762
:1019400037FD054620BB94F85430012B20D00123ED
:1019500084F854302046FFF795FFB0B9A36D226894
:1019600023F4706323F0010343F48073A3651C2305
:10197000E065136084F85400936823F0004323F07B
:10198000170343F00403936038BD84F85450FBE719
:101990000220F9E738B503689A680446900704D432
:1019A0009A68D10703D4002038BD9B68FBE79A688A
:1019B00002F00502012A19D19A6822F0004222F0B1
:1019C000170242F002029A6003221A60FFF7EAFC53
:1019D000054623689B68DB07E5D5FFF7E3FC401B62
:1019E0000228F6D923689B68DA07F2D5A36D43F085
:1019F0001003A365E36D43F00103E3650120D3E722
:101A000070B5044600284BD0836D43F00203836514
:101A1000FFF70AFF054668B92046FFF7BBFF0546FA
:101A200008B90123A3652268936823F0104323F0CB
:101A30001703936023685A6822F4677222F0030246
:101A40005A6040F29F321A60D968164A0A40DA603A
:101A50005A6922F007025A6100269A6A9E621A6A3F
:101A600002F0F0221A625A6A02F0F0225A62DA6A2E
:101A700002F0F022DA621A6922F040421A610A4A40
:101A8000D2F8083723F0FE73C2F80837204604F076
:101A90000FF8E6652666A66584F85460284670BD92
:101AA0000125FBE700021E830020014010B590F8DD
:101AB0005430012B044615D0012380F85430FFF731
:101AC000B3FE58B92046FFF765FF38B9A36D23F47C
:101AD000807323F0010343F00103A365002384F81E
:101AE000543010BD0220FCE7F7B50023009390F8B6
:101AF0005430012B044600F0A080012380F85430BC
:101B0000FFF748FF23689A6812F00102054607D0E4
:101B1000A36D43F01003A365002384F854302DE037
:101B2000A16D474F21F4817141F00201A165DE688A
:101B3000D96826F4FF4626F07C0621F400413604DD
:101B400021F00301360CD96008209968394041F032
:101B5000004199609968002913DA009901310091D8
:101B60000099B1F52E3FF5D3A36D23F0120343F096
:101B70001003A365002384F854300125284603B0E0
:101B8000F0BDD3F8B410013801F07F010A44DCD174
:101B9000D1089A6822F0004222F0170242F00102B6
:101BA0009A601A69B2F1804F1ED3D3F8B42022F0A4
:101BB0007F020A43C3F8B4209A6822F0004222F060
:101BC000170242F002029A60FFF7ECFB0746236817
:101BD0009A68D2071FD4DA683243DA60A36D23F023
:101BE000030343F0010396E7164AD2F8082702F4EC
:101BF0007012B2F5E01FD8D3920C0120033A00FA1C
:101C000002F20192019AC2400192019A002ACCD0BC
:101C1000019A013AF8E7FFF7C5FBC01B0228D6D9A5
:101C200023689B68D907D2D5A36D43F01003A36541
:101C3000E36D43F00103E3659FE702259EE700BFE4
:101C4000E8FFFF7F002001400749CA6822F4E062F4
:101C50000302120403F4E063120C134343F0BF6366
:101C600043F40033CB60704700ED00E0164B30B515
:101C7000DC68C4F30224C4F10703251D042B28BF2C
:101C80000423062D4FF0FF358CBF033C002405FADA
:101C900003F321EA0303A54022EA0502A34000283A
:101CA00043EA0203ACBF00F16040084A4FEA031365
:101CB000B8BF00F00F00DBB2AABF00F561401354BB
:101CC00080F8003330BD00BF00ED00E014ED00E00F
:101CD000002807DB044A4109012300F01F0083406C
:101CE00042F82130704700BF00E100E000280CDB23
:101CF0004309064900F01F0020330122824041F8C9
:101D00002320BFF34F8FBFF36F8F704700E100E0D8
:101D10000138B0F1807F0BD24FF0E023054A5861C3
:101D2000F02182F823100020072298611A61704781
:101D30000120704700ED00E00028A1BF43094033B7
:101D4000054A52F82330A3BF00F01F0023FA00F029
:101D500000F001000020704700E100E0002808DBEF
:101D60004309044900F01F0001226033824041F81A
:101D70002320704700E100E0704708B5FFF7FCFF43
:101D800008BD704710B5044608B9012010BD437F57
:101D900003F0FF0213B90277FFF7F3FF0223637723
:101DA0002379E3B92368134A5A619A6822F018022A
:101DB0009A6062792368D2B94FF0FF321A619A684B
:101DC000616922F060020A439A609A68A16922F070
:101DD00080020A439A60012363770020D6E7D4E9A2
:101DE0000212204600F008F80028E2D0CDE7226970
:101DF000E4E700BFB71DC104CB0710B50CD51F2306
:101E0000013B1CD321FA03F4E407F9D5102A12D0C0
:101E100004D83AB1082A10D001200BE0182AFBD1CF
:101E2000062BF9D800684161836823F01803134337
:101E30008360002010BD072BF3E70F2BF1E7102A7A
:101E4000EAD0E9D8002AE7D1ECE710B5044640B162
:101E50000223037103F0DEFD002020616071207118
:101E600010BD0120FCE710B5012358B1046801F052
:101E70001001226803FA01F122EA010222600371D3
:101E8000002010BD1846FCE7034640B190F825201D
:101E9000022A06D00422C263002280F824200120F6
:101EA00070470268116821F001011160116821F08A
:101EB0000E011160816C0A6822F480720A60D0E918
:101EC000100202F01C0101228A404260D3E9132172
:101ED00051605A6D32B1116821F480711160D3E9FB
:101EE000162151600122002083F8252083F8240068
:101EF000704708B590F82530022B03D00423C36344
:101F0000012008BD03681A6822F001021A601A68ED
:101F100022F00E021A60826C136823F4807313603F
:101F2000D0E9101303F01C02012393404B60D0E969
:101F300013325A60436D33B11A6822F480721A600A
:101F4000D0E916325A60012380F82530002380F84A
:101F50002430836B03B198470020D2E790F8250026
:101F6000704700000A4A536943F4802330B5536137
:101F7000EFF3108472B60023CD58C5500433B3F587
:101F8000807FF9D11369DB03FCD484F3108830BD62
:101F900000400058064B5A69002ABFBF054A9A60A4
:101FA00002F188329A60BABF5869C00F00207047AA
:101FB0000040005823016745044B5A6942F0004233
:101FC0005A615869C043C00F704700BF00400058B5
:101FD00070B50546FFF7E6F9124E04463369D9039A
:101FE00013D43369DA0744BF012232614CF2FA326A
:101FF000134011D10B4E306910F480200BD0FFF745
:10200000D1F9001BA842F6D304E0FFF7CBF9001B7F
:10201000A842E3D3032070BD024A1361024A0120A3
:102020005360F8E700400058580200202DE9F041C5
:10203000184D98462B78012B06460C46174626D09D
:1020400001232B704FF47A7000236B60FFF7C0FF01
:10205000A0B9012E16D1104A536943F00103536110
:102060002760BFF36F8FC4F804804FF47A70FFF7D6
:10207000AFFF094A536923EA0603536100232B701B
:10208000BDE8F08139462046FFF76CFFEDE70220FE
:10209000F6E700BF5802002000400058054A536987
:1020A00023F47E7343EAC00040F4803040F0020025
:1020B00050617047004000582DE9F041364F3B78A1
:1020C000012B0546884665D001233B704FF47A709A
:1020D00000237B60FFF77CFF0446002836D12B6885
:1020E000042B38D12D4A536943F4803343F0040361
:1020F00053614FF47A70FFF76BFF0446274B1A6861
:1021000091050FD51A6822F400721A601A6842F419
:1021100000621A601A6822F400621A601A6842F4B7
:1021200000721A601D4B1A6852050FD51A6822F406
:1021300080621A601A6842F480521A601A6822F4A7
:1021400080521A601A6842F480621A6000233B7061
:102150002046BDE8F0814FF0FF33C8F800306E68CC
:10216000D5E901321344B3420AD93046FFF796FF4E
:102170004FF47A70FFF72CFF50B1C8F800600446A6
:10218000064A536923F47E7323F002035361B5E7D3
:102190000136E5E70224DBE7580200200040005842
:1021A0002DE9F04F564C00234FF00F080A6832FA21
:1021B00003F501D1BDE8F08F012505FA03F919EA0D
:1021C000020275D04E68032706F003054FEA430E5E
:1021D00007FA0EFC6F1E012F6FEA0C0C6AD8876895
:1021E00007EA0C0ACF6807FA0EF747EA0A07876082
:1021F000476827EA0909C6F300179F4047EA09071D
:102200004760C76807EA0C098F6807FA0EF747EAC4
:102210000907022DC76059D0076805FA0EF507EACD
:102220000C073D4316F4403F056041D023F00307FF
:1022300007F1804707F5803703F0030CBD684FEACC
:102240008C0C4FF0070E0EFA0CFEB0F1904F25EA01
:102250000E0E51D02B4DA84250D005F58065A842F6
:1022600014BF0725022505FA0CF545EA0E05BD60E9
:102270002568D74316F4801F0CBF3D4015432560E9
:10228000656816F4001F0CBF3D4015436560D4F827
:10229000805016F4803F0CBF3D401543C4F8805079
:1022A000D4F88450B60354BF3D401543C4F884505D
:1022B00001337BE7032DAFD0C76807EA0C098F68AD
:1022C00007FA0EF747EA0907C760A5E74FEAD309FF
:1022D00000EB890903F0070AD9F820704FEA8A0A4F
:1022E00008FA0AFB27EA0B0B0F6907FA0AF747EA15
:1022F0000B07C9F820708FE70025B4E70125B2E786
:102300000008005800040048044AD168014208B59A
:1023100002D0D06003F040FE08BD00BF00080058A6
:1023200003689A69910744BF00229A629A69D207AA
:102330005EBF9A6942F001029A61704730B5039D11
:1023400004682B4343EA0243064A6068C1F309016B
:102350000B4342EA555223F0004320EA02000343B4
:10236000636030BDFF63FF031E4A436B934270B549
:1023700001F002020DB201F001041DD01A4EB34269
:102380001AD01A4EB34217D0002DACBF0023B82389
:102390000CB143F0F2030AB143F0F403102902D167
:1023A00043F0900303E0202901D143F020030168AA
:1023B0000A6813430B6070BD002DACBF0023B82327
:1023C0000CB143F0F2030AB143F0F4031029E7D053
:1023D000202902D143F06003E9E7402908BF43F018
:1023E0004003E4E7112B00082D2E0008E92900081E
:1023F00011F0010307D090F8413003F02803282B97
:1024000014BFF22342238A0709D590F8412002F035
:102410002802282A0CBF43F0440343F0F4030A04C3
:1024200001680A6848BF43F0B80322EA03030B605F
:102430007047704710B5044698B10268242380F8AD
:102440004130136823F001031360FFF7F2FF00200F
:10245000606484F8400084F84100206384F84200FE
:1024600010BD0120FCE70000F8B51F4690F8413090
:1024700003F02803282B04460E46154601D0012000
:10248000F8BD01B11AB94FF400736364F7E748F27D
:102490000101FFF7ADFF90F84030012B40D0012340
:1024A00080F8403090F841302A2B14D10221FFF7F8
:1024B0009FFF03681A6810040DD51A68E06B22F4B8
:1024C00000421A6038B1174B8363FFF712FD10B159
:1024D000E06B836B9847292384F8413020682023E0
:1024E000002284F842306264436823F4004343606E
:1024F0006585638D2385E7620B4B6363836981691F
:102500006662C90303D51B0744BF0823C361204685
:1025100084F8402048F20101FFF726FF0020AFE7D2
:102520000220ADE735300008232F0008F8B51F461C
:1025300090F8413003F02803282B04460E46154638
:1025400001D00120F8BD01B11AB94FF400736364E2
:10255000F7E748F20201FFF74BFF90F84030012BFC
:102560003FD090F841300121292B80F8401013D141
:10257000FFF73EFF03681A6850040DD51A68A06B78
:1025800022F480421A6038B1174B8363FFF7B1FC25
:1025900010B1A06B836B98472A2384F841302068E0
:1025A0002023002284F842306264436823F400430D
:1025B00043606585638D2385E7620C4B63638369A4
:1025C00081696662C90303D41B0744BF0823C36142
:1025D000204684F8402048F20201FFF7C5FE0020A3
:1025E000B0E70220AEE700BF35300008232F000817
:1025F00008B590F84120202A0AD1282280F84120ED
:10260000044A42634FF40041FFF7AEFE002008BDCC
:102610000220FCE7232F00080268436B91691268CF
:1026200003B1184770477047704738B5002580F8E8
:10263000425090F84130212B4FF0200380F8413078
:102640000AD11123036345630121FFF7D1FE80F80E
:102650004050FFF7E8FF38BD1223036345630221B2
:10266000FFF7C6FE80F84050FFF7DEFFF3E708B53E
:1026700003681A68002180F84210510415D51A68C1
:1026800022F480421A6090F84130292B13D128237C
:1026900080F84130212303630121FFF7A9FE0023C5
:1026A00080F840300CF0FEFA08BD1204EBD51A6831
:1026B00022F40042E6E790F841302A2BF4D1282397
:1026C00080F84130222303630221FFF791FE0023AB
:1026D00080F840300CF0D3FAE6E790F8412002F0A1
:1026E0002802282AF8B5036834D19E69C2689D691A
:1026F0009968DF682D0C022AC6F3004605F0FE0536
:102700001FD185EAD11515F00605C1F309020ED1D6
:10271000816C01318164816C022907D108218564B3
:10272000D96180F8405031460CF05CFAF8BD4FF4A6
:102730000041FFF75DFE002380F8403007F0FE0205
:10274000F1E74FF40041FFF753FE002380F84030DB
:102750002A46E8E70822DA61002380F84030E5E7FE
:1027600008B5164BC362202200230363436380F83D
:10277000412080F842304B0712D503685A6A436AF9
:102780001A70436A01334362038D4BB1013B0385E9
:10279000438D013B9BB24385436C43F00403436488
:1027A00048F20301FFF724FE03681022DA610023D8
:1027B00080F840300CF04EFA08BD00BF0000FFFF6B
:1027C00070477047704790F84120602A08B54FF075
:1027D000000208D1202180F8411080F840200263D7
:1027E000FFF7F0FF08BD026380F840200CF05EFAAE
:1027F000F8E7000070B500223D4D90F8413080F8B8
:102800004220C5624285426C283B0A43022B0446A3
:1028100042642AD80321FFF7EBFD282380F84130DA
:10282000344BA06B6363236B002841D0112B01D084
:10283000212B3DD123681A68510442BF1A6822F443
:1028400080421A60FFF78AFB01282CD0A06B2A4B2C
:102850008363002384F84030FFF74BFB002845D00A
:10286000A06B836BBDE87040184748F20301FFF787
:10287000BFFDFFF755FD90F84130602B11D02023AC
:1028800080F8413003689A6995060AD59A69D0069E
:1028900005D51022DA61626C42F0040262642022E3
:1028A000DA610023BDE72046BDE87040FFF78BBF2B
:1028B000E06B0028F7D0122B01D0222BF3D1236834
:1028C0001A68120442BF1A6822F400421A60FFF725
:1028D00045FB0128E7D0E06B074B8363002384F8B6
:1028E0004030FFF706FB08B1E06BBAE770BD00BFF0
:1028F0000000FFFF232F00083530000873B505687E
:102900002023EB6190F84130212B04460E4635D14F
:102910000121FFF76DFD112323636B6823F0FF7323
:1029200023F48B3323F4FF7323F001036B60002344
:102930006363F206A3F58033E36205D51023EB61F0
:10294000636C43F00403636494F84130602B05D159
:10295000730741BF6B6ADBB20193019B2046FFF70F
:10296000DFFC636C94F84120602A00D07BB1616C7D
:10297000204602B0BDE87040FFF73CBF90F8413000
:10298000222BCAD10221FFF733FD1223C4E794F8AA
:102990004120212A12D1202284F84120236394F877
:1029A000422084F84030402A84F8423003D1FFF7B7
:1029B00007FF02B070BDFFF736FEFAE794F841203A
:1029C000222AF6D1202284F84120236394F8422061
:1029D00084F84030402A84F8423002D1FFF7F1FEFB
:1029E000E7E7FFF721FEE4E713B590F84030012B4D
:1029F000044600F08680012380F84030CB0612D5D3
:102A0000D30610D503681022DA61436C43F0040347
:102A100043642021FFF7A8FCFFF782FC002084F824
:102A2000400002B010BD880708D5930706D523687B
:102A3000226D9A624FF0FF332365EFE7080636D523
:102A4000530634D501212046FFF7D2FC1021FFF7B1
:102A50008BFC638D9BB233B3638D9BB2FF2B18D974
:102A6000FF22E16C2285002300934FF0807389B22E
:102A7000FFF764FC638D228D9B1A9BB2638594F8EB
:102A800041202368222A1A6830D142F400421A6099
:102A9000C4E7628DE16C92B2228500230093D2B22A
:102AA0004FF00073E3E74021FFF7A4FEB6E74806C6
:102AB0001FD553061DD501212046FFF799FC102193
:102AC000FFF752FC94F841100F4A104B222918BF0F
:102AD0001346628D92B2FF2A03D9FF22E16C228550
:102AE000C2E7628DE16C92B22285D7E742F4804260
:102AF000CDE7880692D5930690D52046FFF7FEFED7
:102B00008CE702208DE700BF0020008000240080B9
:102B100073B590F84030012B044678D0012380F83B
:102B20004030CB0612D5D60610D503681022DA61E4
:102B3000436C43F0040343642021FFF715FCFFF7C7
:102B4000EFFB002084F8400002B070BD0D0641D5B7
:102B500050063FD525682B6823F040032B60638D1A
:102B60009BB25BB36968638D9BB2FF2BC1F3090114
:102B70001AD9FF2323854FF080730022268D0092FF
:102B800094F828202046FFF7D9FB638D9B1B9BB24E
:102B9000638594F84130222B2B680CBF43F400432B
:102BA00043F480432B60CCE7638D2385E36A13F500
:102BB000803F14BFE36A4FF00073DEE76B689A0151
:102BC00003D42046FFF731FDBBE740212046FFF745
:102BD00011FEB6E74B0612D5560610D5638D9BB293
:102BE000002BF2D123685A689501AAD4E26A12F543
:102BF000803FE6D15A6842F480425A60A1E78806D5
:102C00009FD593069DD52046FFF778FE99E70220D1
:102C10009AE7036899691A6810B4CC0508D51406B8
:102C200006D5446C44F0010444644FF48074DC61C4
:102C30004C0508D5140606D5446C44F008044464D9
:102C40004FF48064DC61890508D5120606D5426C14
:102C500042F0020242644FF40072DA61416C11F0FA
:102C60000B0F02D010BCFFF7C5BD10BC70470000B1
:102C70002DE9F0410568D5F80080C76A90F8412039
:102C80000E46212A4FF020010446D3B2E96109D053
:102C9000223B082B0DD8DFE803F06C0C0C0C0C0C5D
:102CA00072056C0048F201012046FFF7A1FB2123C9
:102CB00023636B6843F400436B606B6823F0FF731E
:102CC00023F48B3323F4FF7323F001036B6020465E
:102CD000FFF726FB18F4804F57D02B6823F480436E
:102CE0002B60A36B1BB11B685B689BB2638572078B
:102CF0000FD5636A6A6A1A70636A01336362238D4F
:102D00002BB1013B2385638D013B9BB2638526F08C
:102D10000406638D9BB21BB1636C43F004036364D0
:102D2000F30611D518F0100F0ED0638D9BB2002B57
:102D300045D194F84130282B30D1B7F1007F2DD107
:102D400031462046FFF70CFD002384F84230656CC5
:102D50006363002D42D0616C2046FFF74BFD94F871
:102D60004130282B4CD131462046BDE8F041FFF7D9
:102D7000F7BC48F20201FFF73BFB222398E748F239
:102D80000301FFF735FB002392E718F4004FAED0A4
:102D90002B6823F400432B60E36BA3E794F84120F6
:102DA0002368292A4FF01002DA61CDD117F5803F50
:102DB000CAD02046FFF7B4FAFFF759FCC4E72368EE
:102DC0001022DA61636C43F00403636437F08073AC
:102DD000BAD1616C2046FFF70DFDB5E7E36A13F544
:102DE000803F0FD02046FFF742FC0F4BE3622023C9
:102DF00084F8413084F84050256320460BF02AFFC8
:102E0000BDE8F08194F8413084F84050222B4FF017
:102E1000200384F841302046256302D10BF02FFFB8
:102E2000EEE70BF03FFFEBE70000FFFF70B590F817
:102E30004060C56A012E04460B4670D0012680F81A
:102E400040608E0607D5960605D5FFF711FF0020D6
:102E500084F8400070BDD80659D5D10657D512F474
:102E6000404F50D0D4E90E10E0B921B1520402D540
:102E70000A6852680AB323681022DA61636C43F06F
:102E80000403636494F8413035F08072DBB2DED124
:102E9000213B092B30D8DFE803F02D342F2F2F2FC3
:102EA0002F2F2D341604E0D5006840680028DCD1AF
:102EB00019B1500444BF0A68526894F84120282A86
:102EC00007D1B5F1007F04D119462046FFF748FC31
:102ED000BDE794F841202368292A4FF01002DA61F7
:102EE000B5D115F5803FB2D02046FFF719FAFFF7AC
:102EF000BEFBACE721232363616C2046FFF77AFC1D
:102F0000A5E72223F7E723681022DA619FE7190774
:102F10009DD513079BD52046FFF7DFFB97E70220DF
:102F200098E770B590F84060C56A012E04460B46DC
:102F30007ED0012680F840608E0607D5960605D51E
:102F4000FFF796FE002084F8400070BDD90630D50A
:102F5000D6062ED5628D92B2E2B994F84120282A85
:102F600007D1B5F1007F04D119462046FFF7F8FBE1
:102F7000E8E794F841202368292A4FF01002DA612B
:102F8000E0D115F5803FDDD02046FFF7C9F9FFF706
:102F90006EFBD7E723681022DA61636C43F0040309
:102FA000636435F08073CDD1616C2046FFF722FC5D
:102FB000C8E758071BD5510719D5638D9BB26BB174
:102FC00023685A6A636A1A70636A01336362238DE5
:102FD000013B2385638D013B9BB26385638D9BB26F
:102FE000002BAFD115F5803FACD02046CFE71E07B0
:102FF00005D5100703D52046FFF76FFBA2E7990719
:10300000A0D593079ED5638D9BB26BB1636A22688E
:1030100013F8011B91626362638D013B9BB2638570
:10302000238D013B23858DE735F080738AD1DCE762
:1030300002208AE7806A836B0BB100229A63C36B1C
:103040000BB100229A63FFF7BEBB0000024A13686F
:1030500043F480731360704700040058024B1868F3
:1030600000F4C060704700BF00040058024A936833
:1030700023F400439360704700040058054A136826
:1030800043F007031360044A136943F00403136118
:1030900030BF70470004005800ED00E04FF0B0432F
:1030A0001868C0F3404070474FF0B0431868C0F351
:1030B000400070474FF0B042536823F47F4343EA27
:1030C0000023536070474FF0B0431868C0F340606E
:1030D000704700007FB54FF0B0432C4AD3F8083159
:1030E000C0F3031003F00F0352F82040284A52F8AF
:1030F0002330B4FBF3F4FFF7B1FF264B054693E80A
:103100000700B5F5007F04AB03E9070010D0224BA0
:103110009C4218D303F5B70303F67F539C4229D989
:1031200003F5741303F510639C4225D802230BE0CA
:103130001A4B9C4207D91A4B9C421BD903F5370303
:1031400003F5D853F0E7002304AA02EB830353F8F6
:103150000C4C144D2B6823F0070323432B60FEF720
:1031600021F906462B6803F007039C4206D1002094
:1031700004B070BD0123E7E70024EAE7FEF712F987
:10318000801B0228EED90320F2E700BF001B0208D3
:10319000601B020880130208C0CF6A00BFEA210149
:1031A0003F933402004000584FF0B04310B59A6886
:1031B000D96812F00C0205D00C2A4AD101F00303A1
:1031C000012B51D14FF0B0412B480B6813F008038D
:1031D00006D00B6813F0080337D1D1F8941007E03C
:1031E0000C68240756BFD1F894300968C3F3032351
:1031F00050F82330002A0CBF184600204FF0B04191
:103200008A6802F00C020C2A1ED1CA6802F003027E
:10321000022A2ED0032A06D10B68184A13F4801F05
:10322000174B18BF13464FF0B042D068D168D26830
:10323000C0F306205843C1F302130133B0FBF3F08F
:10324000530F0133B0FBF3F010BD0B68C3F303134E
:10325000CEE7042A05D0082A06D11B6813F4801390
:1032600005D006480023C9E700231846C6E70448EE
:10327000C4E7024BD7E700BF001B02080024F4009C
:103280000048E80108B5FFF78FFF4FF0B043044A4C
:103290009B68C3F3031352F82330B0FBF3F008BD6F
:1032A000601B02082DE9F0410446002853D04FF07E
:1032B000B0439D68DE680368990605F00C0506F0CA
:1032C000030668D5026A1DB10C2D46D1012E44D1EA
:1032D000002A40D04FF0B043A16A1A68120756BFC7
:1032E000D3F894301B681B0903F0F00399421FD9EF
:1032F0000846FFF7EFFE00282DD14FF0B0421368CB
:1033000043F0080313601368A16A23F0F0030B4332
:103310001360606AFFF7CEFEFFF7B4FFAC4B186096
:10332000AC4B1868FDF7F6FF002834D0BDE8F081FB
:103330004FF0B042136843F008031360136823F0A2
:10334000F0030B431360606AFFF7B4FE0846FFF713
:10335000C1FE0028E0D00120E8E74FF0B043002A8A
:1033600054D01A6842F001021A60FEF71BF80746B3
:10337000FFF79AFE002842D04FF0B042136843F0A6
:10338000080313601368A16A23F0F0030B43136072
:10339000606AFFF78FFE2368DF0748D42368980729
:1033A00000F1A18023681E0740F1FC80A3694FF063
:1033B000B046002B00F0E380D6F89430E16903F0CA
:1033C0001002914200F0C68003F00302022AC2D02C
:1033D000D80740F1B580D6F8943023F00103C6F841
:1033E0009430FDF7DFFF0746D6F89430990740F197
:1033F000A780FDF7D7FFC31B112BF5D904E0FDF71C
:10340000D1FFC01B0228B3D903208FE71A6822F02E
:1034100001021A60FDF7C6FF0746FFF745FE0028C8
:10342000B9D0FDF7BFFFC01B0228F6D9ECE7082D85
:10343000626803D00C2D1AD1032E18D1002A8AD02D
:103440009907AFD523694FF0B046002B67D033689A
:1034500043F480733360FDF7A5FF074633685A05D0
:1034600055D4FDF79FFFC31B022BF7D9CCE74FF0D4
:10347000B043A068196821F480110143B2F5803F80
:10348000196010D11A6842F480321A60FDF78AFF81
:103490000746FFF703FE002880D1FDF783FFC01B1E
:1034A0006428F6D9B0E7B2F5041F04D11A6842F4D3
:1034B00000121A60E6E7196821F480311960196872
:1034C00021F400111960002AE0D1FDF76BFF0746D7
:1034D000FFF7E4FD00283FF461AFFDF763FFC01B79
:1034E0006428F5D990E7042D03D00C2DAAD1022E23
:1034F000A8D12369002B3FF42EAF4FF0B042616991
:10350000536823F0FE4343EA016353604AE773685C
:10351000626923F0FE4343EA0263736042E7336863
:1035200023F480733360FDF73DFF074633685B0586
:103530007FF538AFFDF736FFC31B022BF6D963E7E3
:103540004FF0B042E169D2F8943023F010030B43FE
:10355000C2F894304FF0B047D7F8943043F00103ED
:10356000C7F89430FDF71EFF0646D7F894309A0747
:1035700018D4FDF717FF831B112BF6D944E7D6F8B3
:10358000943023F00103C6F89430FDF70BFF074693
:10359000D6F894309B0705D5FDF704FFC31B112B0C
:1035A000F6D931E72368580754D50B4F3B68D90546
:1035B00014D4FFF74BFDFDF7F5FE06463B68DA0530
:1035C0000CD4FDF7EFFE831B022BF7D91CE700BFDD
:1035D000400000200400002000040058E3684FF081
:1035E000B046002B58D023F08003052B02BFD6F83D
:1035F000903043F00403C6F890304FF0B046FDF72A
:10360000D1FED6F8903043F001030746C6F890305B
:1036100041F28838D6F890309B0705D4FDF7C2FEFA
:10362000C31B4345F6D9EFE6E36823F00403812B7F
:103630001BD1FDF7B7FED6F8903043F08003C6F8F3
:10364000903007464FF0B04641F28838D6F89030B7
:10365000180504D5E36A002B4AD1002066E6FDF781
:10366000A1FEC01B4045F1D9CEE6FDF79BFED6F882
:10367000903023F08003C6F8903007464FF0B046F4
:1036800041F28838D6F890301905E3D5FDF78AFE67
:10369000C01B4045F6D9B7E6FDF784FED6F890305A
:1036A00023F080030746C6F8903041F28838D6F8F8
:1036B00090301A0516D4FDF775FED6F8903023F039
:1036C0000103C6F8903007464FF0B04841F2883603
:1036D000D8F890309B07BDD5FDF764FEC31BB342FD
:1036E000F6D991E6FDF75EFEC01B4045DFD98BE6BB
:1036F0000C2D4ED0022B4FF0B0431A6822F080728E
:103700001A6033D1FDF74EFE0546FFF7DCFC38BBEF
:10371000D4E90C314FF0B0420B43D0682D49014041
:103720000B43E16B0B43216C0B43616C0B43A16BAF
:1037300043EA0123D360136843F080731360D368B6
:1037400043F08053D360FDF72DFE0446FFF7BBFC2A
:10375000002882D1FDF726FE001B0A28F6D953E681
:10376000FDF720FE401B0A28CFD94DE6FDF71AFED3
:103770000446FFF7A8FC30B94FF0B042164BD168B1
:103780000B40D36069E7FDF70DFE001B0A28F0D956
:103790003AE6012B3FF4DFAD4FF0B043D868236B1E
:1037A00000F003029A427FF4D6AD626B00F0700322
:1037B00093427FF4D0ADA26B00F4FE43B3EB022F33
:1037C0007FF4C9AD636C00F06040C01A18BF0120DF
:1037D000ACE500BF8C80C111FCFFFEEE2DE9F0418D
:1037E0000D46044610B90120BDE8F081684E3368EB
:1037F00003F007038B4216D323689A0727D54FF0AF
:10380000B047A268BB6823F0F0031343BB60FDF729
:10381000C9FD0646BB68DB0319D4FDF7C3FD831B56
:10382000022BF7D911E0336823F007030B43336011
:10383000FDF7B8FD0746336803F00703AB42DBD062
:10384000FDF7B0FDC01B0228F5D90320CCE72368A3
:10385000580617D54FF0B0476269D7F8083123F002
:103860000F0343EA1213C7F80831FDF79BFD064624
:10387000D7F80831D90305D4FDF794FD831B022B3B
:10388000F6D9E2E723685A0713D54FF0B047E2684C
:10389000BB6823F4E0631343BB60FDF783FD06467A
:1038A000BB689B0305D4FDF77DFD831B022BF7D975
:1038B000CBE72368180714D54FF0B0472269BB68DF
:1038C00023F4605343EAC203BB60FDF76BFD064679
:1038D000BB68590305D4FDF765FD831B022BF7D99F
:1038E000B3E72368DA070FD4294C236803F00703F2
:1038F000AB4239D8FFF7C6FC264B1860264BBDE813
:10390000F0411868FDF706BD6268022A1DD1FFF775
:10391000C5FB00283FF467AF4FF0B04641F288384E
:10392000B36823F003031343B360FDF73BFD074681
:10393000B368626803F00C03B3EB820FD4D0FDF7D9
:1039400031FDC01B4045F3D97FE7032A02D1FFF7C1
:10395000BAFBDEE712B9FFF7A7FBDAE74FF0B04397
:103960001B685B05D8D43EE7236823F007032B438D
:103970002360FDF717FD0646236803F00703AB42FB
:10398000B8D0FDF70FFD801B0228F5D95DE700BF19
:1039900000400058400000200400002008B5FFF758
:1039A00003FC4FF0B043054AD3F8083103F00F038E
:1039B00052F82330B0FBF3F008BD00BF601B0208D3
:1039C00008B5FFF75FFC4FF0B043044A9B68C3F3B0
:1039D000022352F82330D84008BD00BF401B020824
:1039E00008B5FFF74FFC4FF0B043044A9B68C3F3A0
:1039F000C22352F82330D84008BD00BF401B020844
:103A000010B5D8B1D1B14F234FF0B04203609368E5
:103A100003F00C04446003F0F004846003F4E064F9
:103A200003F46053C4600361D2F808311B01DBB2B8
:103A30004361034B1B6803F007030B6010BD00BF1D
:103A400000400058704770B50446002866D0436AAD
:103A5000002B5FD14268B2F5827F00D0C3610023A2
:103A6000A36294F85D3003F0FF0223B984F85C2070
:103A70002046FFF7E7FF2268E068A668A1690223F5
:103A800084F85D30136823F040031360B0F5E06FF5
:103A90004FF000038ABF1D464FF48055B0F5706F9C
:103AA00018BFA362636806F4044603F482733343C9
:103AB000266906F002063343666906F001063343C1
:103AC00001F400763343E66906F038063343266A8C
:103AD00006F080063343A66A06F4005633431360AB
:103AE000666B636A06F0080603F0100300F470606A
:103AF0003343090C034301F004010B432B43536090
:103B0000D36923F40063D36100200123206684F885
:103B10005D3070BD0023C0E90433A0E70120F8E761
:103B2000704710B5044680B10268022380F85D300A
:103B3000136823F040031360FFF7F2FF00202066B4
:103B400084F85C0084F85D0010BD0120FCE70223CE
:103B5000026810B580F83D30136A03F0113323F08A
:103B60008853044643B9116A40F24443194202BFE4
:103B7000136823F001031360204602F016FD0020B5
:103B800084F8480084F83C0084F83E0084F83F0044
:103B900084F8400084F8410084F8420084F843002F
:103BA00084F8440084F8450084F8460084F847000F
:103BB00084F83D0010BD000090F83D30012B17D176
:103BC00002230C4A80F83D300368934202D0B3F1DF
:103BD000804F07D19968084A0A40062A06D0B2F5F4
:103BE000803F03D01A6842F001021A60002070473B
:103BF00001207047002C0140070001000268136A91
:103C000003F0113323F0885343B9116A40F244435F
:103C1000194202BF136823F001031360012380F8E7
:103C20003D30002070470368DA6822F00102DA6054
:103C30001A6A02F0113222F0885242B9196A40F22F
:103C40004442114202BF1A6822F001021A600123A5
:103C500080F83D300020704790F83C20012A034650
:103C60004FF0020009D01A6883F83D00516100202E
:103C7000012283F83D2083F83C007047704770476D
:103C8000036870B5DD681E69B20704460DD5A90743
:103C90000BD56FF002021A61012202779B699A0725
:103CA00075D001F052FE00232377730710D5680703
:103CB0000ED523686FF004021A61022222779B69F5
:103CC00013F4407F204668D001F03FFE00232377A5
:103CD00031070FD52A070DD523686FF008021A6146
:103CE00004222277DB699B0720465CD001F02DFE81
:103CF00000232377F10610D5EA060ED523686FF06E
:103D000010021A6108222277DB6913F4407F2046F3
:103D10004FD001F01AFE00232377F30708D5E807F8
:103D200006D523686FF001021A61204601F0EAFD12
:103D300016F4025F08D0290606D523686FF40252F4
:103D40001A61204600F0FDF9F20508D52B0606D5CC
:103D500023686FF480721A61204600F0F3F9700650
:103D600008D5690606D523686FF040021A6120461F
:103D7000FFF785FFB20622D5AB0620D523686FF08A
:103D8000200220461A61BDE8704000F0D9B901F068
:103D9000DAFD2046FFF772FF85E701F0D4FD2046EB
:103DA000FFF76CFF92E701F0CEFD2046FFF766FFBC
:103DB0009EE701F0C8FD2046FFF760FFABE770BD4E
:103DC000194A0368904202D0B0F1804F08D14A6886
:103DD00023F070031343CA6823F44073134306E0CF
:103DE000124A9042F7D002F580629042F3D04A69BD
:103DF00023F0800313438A68C2620A6882620A4A17
:103E0000904207D002F5C052904203D002F5806282
:103E1000904201D10A690263026842F00402026022
:103E20000122426103607047002C014000440140C0
:103E300010B5044650B390F83D3003F0FF021BB9B3
:103E400080F83C2002F08AFB0223206884F83D3091
:103E5000211DFFF7B5FF012384F84830002084F8C6
:103E60003E3084F83F3084F8403084F8413084F8A4
:103E7000423084F8433084F8443084F8453084F884
:103E8000463084F8473084F83D3010BD0120FCE70F
:103E9000036A01F01F0110B501248C4023EA0403DA
:103EA0000362036A8A401A43026210BD082908B5FA
:103EB00025D00AD8A9B1042919D090F84330012B94
:103EC00013D1022380F843302CE00C291FD0102995
:103ED000F3D190F84230012B07D1022380F8423011
:103EE00020E090F83E30012B19D0012043E090F8FB
:103EF0003F30012BF9D1022380F83F3012E090F8D7
:103F00004030012BF1D1022380F840300AE090F8D4
:103F10004130012BE9D1022380F8413002E0022335
:103F200080F83E3000680122FFF7B2FF124B984242
:103F300014D003F5C05398420BD003F58063984228
:103F400007D0B0F1804F0DD0036843F00103036048
:103F500010E0436C43F400434364F5E7436C43F4DF
:103F6000004343648268054B1340062B02D0B3F52F
:103F7000803FE9D1002008BD002C0140070001006E
:103F8000FFF794BF082910B503465AD010D809B3DB
:103F9000042946D093F8434093F84720012CE0B21F
:103FA000D2B26FD1012A3BD1022283F8432065E0CF
:103FB0000C2956D01029EDD190F8424093F84720B3
:103FC000012CE0B2D2B25DD1012A29D1022283F8BC
:103FD000422053E090F83E4093F84420012CE0B298
:103FE000D2B24FD1012A1BD1022283F83E2083F89E
:103FF000442018680122FFF74BFF234B984202D060
:10400000B0F1804F07D18268204B1340062B06D0B9
:10401000B3F5803F03D0036843F001030360002041
:1040200010BD90F83F4093F84520012CE0B2D2B289
:1040300028D1012AF4D1022283F83F2083F84520B9
:10404000D7E790F8404093F84620012CE0B2D2B276
:1040500018D1012AE4D1022283F8402083F84620B7
:10406000C7E790F8414093F84720012CE0B2D2B264
:1040700008D1012AD4D1022283F84120022283F8F8
:104080004720B6E70120CBE7002C014007000100E4
:10409000036A01F00F0110B504248C4023EA0403E5
:1040A0000362036A8A401A43026210BD08B529B947
:1040B00090F84430012B1DD0012039E0042907D1AC
:1040C00090F84530012BF7D1022380F8453014E0F9
:1040D000082907D090F84730012BEDD1022380F852
:1040E00047300AE090F84630012BE5D1022380F8F2
:1040F000463002E0022380F8443000680422FFF7D3
:10410000C7FF436C43F4004343640A4B984202D018
:10411000B0F1804F07D18268074B1340062B06D0C1
:10412000B3F5803F03D0036843F001030360002030
:1041300008BD00BF002C014007000100FFF7B6BF1B
:10414000704770477047000010B5026852E8003FA2
:1041500023F4907342E8003102680029F5D10F4C36
:1041600002F1080353E8003F234002F1080C4CE839
:1041700000310029F4D1C36E012B07D152E8003F72
:1041800023F0100342E800310029F7D12023C0F8C2
:104190008C300023C366436710BD00BFFEFFFFEFF6
:1041A000026852E8003F23F0800342E800310268D1
:1041B0000029F5D152E8003F43F0400342E80031C6
:1041C0000029F7D17047D0F88820212A034611D161
:1041D000B0F8562092B20AB9FFF7E2BF026D01684B
:1041E00012F8010B88621A65B3F85620013A92B2B0
:1041F000A3F856207047D0F88820212A034613D10F
:10420000B0F8562092B20AB9FFF7CABF1A6D00681B
:1042100032F8021BC1F3080181621A65B3F8562017
:10422000013A92B2A3F856207047D0F88830212B7B
:1042300010B51BD1B0F86A20C2B1B0F856100368AF
:1042400089B2A1B903F1080252E8002F22F400025A
:1042500003F1080040E800210029F3D153E8002FC2
:1042600042F0400243E800210029F7D110BDD9698E
:1042700009060AD5016D11F8014B9C62B0F8563061
:104280000165013B9BB2A0F85630013A92B2D3E7E8
:10429000D0F88830212B10B51BD1B0F86A20C2B1FC
:1042A000B0F85610036889B2A1B903F1080252E8C8
:1042B000002F22F4000203F1080040E80021002949
:1042C000F3D153E8002F42F0400243E800210029D7
:1042D000F7D110BDD96909060CD5016D31F8024B33
:1042E000C4F308049C62B0F856300165013B9BB2F0
:1042F000A0F85630013A92B2D1E77047D0F8883032
:10430000202B10B544D1002944D0002A42D0A0F877
:104310005620A0F85420426E01650023C0F890306A
:10432000B2F1005F4FF02103C0F888300268836863
:1043300019D1B3F5805F14D10469174B1749002CCC
:1043400008BF0B46836702F1080353E8003F43F4BC
:10435000000302F1080040E800310029F3D10020F9
:1043600010BD0D4BEEE7B3F5805F0FD104690C4B28
:104370000C49002C08BF0B46836752E8003F43F00E
:10438000800342E800310029F7D1E8E7044BF3E766
:104390000220E5E70120E3E72B42000891420008F4
:1043A000C7410008F741000808B5806A02F0DEF94D
:1043B00008BD70470368D9691A682DE9F04140F6D5
:1043C0000F0631429D68044610D18E0640F1978059
:1043D00002F0200605F080573E4300F09080436FC6
:1043E000002B00F08580BDE8F0411847A84EA94891
:1043F0002E401040304300F08280CF0709D5D00511
:1044000007D501201862D4F8900040F00100C4F8EC
:1044100090008F0709D5E80707D502201862D4F865
:10442000900040F00400C4F890004F0709D5E80759
:1044300007D504201862D4F8900040F00200C4F8B8
:1044400090000F070BD502F02000304307D0082062
:104450001862D4F8900040F00800C4F890000E05EF
:104460000AD5500108D54FF400601862D4F8903096
:1044700043F02003C4F89030D4F89030002B37D0AC
:104480008B0609D502F0200205F080552A4303D09F
:10449000636F0BB1204698472668D4F89020B36824
:1044A00002F0280203F0400353EA0205204621D01F
:1044B000FFF74AFEB3685F0617D5226802F10803CA
:1044C00053E8003F23F04003083242E8003100295E
:1044D000F3D1D4F8800040B16F4B8363FDF709FD41
:1044E00030B1D4F88000836B7DE7204602F03EF9BE
:1044F000BDE8F08102F03AF9C4F89050F8E7E06EB8
:10450000012840F08D80CE0640F18A80D00640F12F
:10451000878010221A629968B4F85C20490651D548
:10452000D4F880100868416889B2002942D09142CD
:1045300040D2A4F85E10026892062FD453E8002FF0
:1045400022F4807243E800210029F7D103F1080228
:1045500052E8002F22F0010203F1080040E8002198
:104560000029F3D103F1080252E8002F22F04002A3
:1045700003F1080040E800210029F3D12022C4F80B
:104580008C20E16653E8002F22F0100243E800215E
:104590000029F7D1D4F88000FDF776FC02232367C9
:1045A000B4F85E30B4F85C10C91A89B22046FFF73F
:1045B00000FF9DE791429BD103689B0698D502239B
:1045C0002367F3E7B4F85E10B4F85E0080B289B2F6
:1045D00000288DD0521A91B2002989D053E8002FBB
:1045E00022F4907243E800200028F7D12B4D03F10C
:1045F000080252E8002F2A4003F1080646E800208E
:104600000028F4D12022C4F88C206067E06653E8CB
:10461000002F22F0100243E800200028F7D1CEE757
:10462000CF0209D56E0207D54FF4801220461A62D8
:10463000BDE8F04102F0E4B808060BD502F08000B6
:1046400005F40005284305D0A36F002B3FF450AFBD
:104650002046C8E64F0611D556060FD553E8002F61
:1046600022F0400243E800210029F7D12023C4F8BA
:104670008830A167204602F075F839E70D020FD5A2
:1046800050000DD52046BDE8F04100F038BE00BF17
:104690000100001020010004A9430008FEFFFFEF05
:1046A000CB017FF525AF002ABFF622AF2046BDE83B
:1046B000F04100F023BE00BFD0F88C20B0F86010AD
:1046C000222A08B5036855D15B6A826D0B401370CE
:1046D000836D01338365B0F85E30013B9BB2A0F877
:1046E0005E30B0F85E309BB2002B42D1026852E8D7
:1046F000003F23F4907342E8003103680029F5D1AC
:1047000003F1080252E8002F22F0010203F1080C25
:104710004CE800210029F3D12022C0F88C20184A4F
:1047200041679342016705D1C26E012A0ED002F0A3
:1047300015F81EE05A681102F6D553E8002F22F052
:10474000806243E800210029F7D1EDE70022C2662C
:1047500053E8002F22F0100243E800210029F7D18E
:10476000DA69B0F85C10D20644BF10221A62FFF773
:1047700020FE08BD9A6942F008029A61F9E700BF7D
:1047800000800040D0F88C20B0F86010222A08B5D4
:10479000036852D15A6A1140826D22F8021B826569
:1047A000B0F85E20013A92B2A0F85E20B0F85E2028
:1047B00092B2002A40D153E8002F22F4907243E8CD
:1047C00000210029F7D103F1080252E8002F22F05E
:1047D000010203F1080C4CE800210029F3D120224A
:1047E000C0F88C20174A41679342016705D1C26E19
:1047F000012A0ED001F0B2FF1EE05A681102F6D570
:1048000053E8002F22F0806243E800210029F7D10D
:10481000EDE70022C26653E8002F22F0100243E8C1
:1048200000210029F7D1DA69B0F85C10D20644BF44
:1048300010221A62FFF7BDFD08BD9A6942F0080216
:104840009A61F9E70080004003682DE9F047DD69CF
:10485000D3F800809E68D0F88C20B0F86070222ACF
:10486000044640F0B580B0F86830002B00F08B8033
:104870004FF0000906F001064FF0040AAB0640F1C4
:1048800082802368A26D5B6A3B401370A36D013385
:10489000A365B4F85E30013B9BB2A4F85E30236898
:1048A000DD6968072AD0E9070AD518F4807F07D0A8
:1048B00001221A62D4F8902042F00102C4F890203C
:1048C000AA0708D53EB102221A62D4F8902042F01D
:1048D0000402C4F89020680708D53EB1C3F820A0B0
:1048E000D4F8903043F00203C4F89030D4F89030FC
:1048F00023B1204601F03AFFC4F89090B4F85E303E
:104900009BB2002BBAD1226852E8003F23F4807397
:1049100042E8003123680029F5D1304803F108024C
:1049200052E8002F024003F1080545E80021002964
:10493000F4D12022C4F88C20294A61679342216770
:104940000AD05A68110207D553E8002F22F080627E
:1049500043E800210029F7D1E26E012A34D1002278
:10496000E26653E8002F22F0100243E800210029FC
:10497000F7D1DA69B4F85C10D20644BF10221A628B
:104980002046FFF716FDB4F85E309BB2D3B1B4F801
:1049900068209A4216D9226802F1080353E8003FC2
:1049A00023F08053083242E8003122680029F2D116
:1049B0000C4B636752E8003F43F0200342E80031AC
:1049C0000029F7D1BDE8F087204601F0C7FEDAE7FD
:1049D0009A6942F008029A61F4E700BFFEFFFFEF18
:1049E00000800040B946000803682DE9F047DD6902
:1049F000D3F800809E68D0F88C20B0F86070222A2E
:104A0000044640F0B280B0F86830002B00F0888097
:104A10004FF0000906F001064FF0040AAB067FD5FF
:104A20002368A26D596A394022F8021BA265B4F8C6
:104A30005E20013A92B2A4F85E20DD6968072AD0B0
:104A4000E9070AD518F4807F07D001221A62D4F84A
:104A5000902042F00102C4F89020AA0708D53EB188
:104A600002221A62D4F8902042F00402C4F8902086
:104A7000680708D53EB1C3F820A0D4F8903043F0C1
:104A80000203C4F89030D4F8903023B1204601F0EE
:104A90006DFEC4F89090B4F85E309BB2002BBDD18F
:104AA000226852E8003F23F4807342E80031236813
:104AB0000029F5D12F4803F1080252E8002F0240E7
:104AC00003F1080545E800210029F4D12022C4F8AB
:104AD0008C20294A6167934221670AD05A681102E3
:104AE00007D553E8002F22F0806243E80021002917
:104AF000F7D1E26E012A34D10022E26653E8002F9A
:104B000022F0100243E800210029F7D1DA69B4F855
:104B10005C10D20644BF10221A622046FFF749FCFF
:104B2000B4F85E309BB2D3B1B4F868209A4216D97B
:104B3000226802F1080353E8003F23F08053083253
:104B400042E8003122680029F2D10C4B636752E839
:104B5000003F43F0200342E800310029F7D1BDE8CF
:104B6000F087204601F0FAFDDAE79A6942F0080280
:104B70009A61F4E7FEFFFFEF0080004085470008E0
:104B800010B590F88430012B1ED0012380F88430BA
:104B90002423C0F88830026852E8003F23F00C0359
:104BA00042E800340168002CF5D151E8002F42F0B2
:104BB000080241E80023002BF7D12022C0F888200A
:104BC00080F88430184610BD0220FCE710B590F83C
:104BD0008430012B1ED0012380F884302423C0F8B8
:104BE0008830026852E8003F23F00C0342E80034AA
:104BF0000168002CF5D151E8002F42F0040241E891
:104C00000023002BF7D12022C0F8882080F88430C0
:104C1000184610BD0220FCE7D0F88820D0F88C00A0
:104C20001043704738B5044603682169A2681D68BF
:104C3000C0690A4361690A437549024329400A432E
:104C40001A605A68E16822F440520A435A60714A75
:104C5000A16993421CBF226A11439A6822F06E42F6
:104C600022F430620A439A60DA6A616A22F00F0223
:104C70000A43DA62684A934217D14FF0B043674A59
:104C8000D3F8883003F0030343F4403393425BD0FE
:104C9000B3F1031F21D0013A934274D0B0F5004F15
:104CA00040F0B080FEF79CFE31E05D4A934231D186
:104CB0004FF0B0435B49D3F8883003F00C0343F462
:104CC00040228A4240D005D8E3B1574B9A425AD08D
:104CD000012062E0B2F10C1FFAD1B0F5004F37D0DD
:104CE0004FF400406368616A504A32F81120B0FB0B
:104CF000F2F000EB5300B0FBF3F04FF6EF73A0F1CE
:104D0000100274E0B0F5004F77D1FEF759FE00288D
:104D100042D01DE03F4A9342DAD14FF0B043D3F87E
:104D2000883003F44063B3F5006F3DD006D883B3F9
:104D3000B3F5806FCCD1FEF737FA2CE0B3F5406FB6
:104D4000C6D14FF4004030E0B0F5004F3848C9D12B
:104D50006268616A354B33F81130B0FBF3F05308E9
:104D600003EB4003B3FBF2F34FF6EF72A3F1100134
:104D70009142ADD823F00F02216892B2C3F34203EF
:104D80001343CB6008E0B0F5004F3ED1FEF70CFABC
:104D9000BDE7FEF715FE40B900204FF00113A366F2
:104DA0000023C4E91D3338BD214865681F4B626A82
:104DB00005EB450133F81220B0FBF2F3994287D896
:104DC000B3EB053F84D800231946FCF7CDF909025F
:104DD00041EA10616B080002C0182A464FF0000338
:104DE00041F10001FCF7C0F9124BA0F540729A4264
:104DF0003FF66EAF2368D860CEE7FEF7E1FD0028EE
:104E0000CAD06FE7FEF7ECFDF9E7FEF7CDF9F6E75C
:104E1000F369FFCF0080004000380140020003002A
:104E20000044004008000C0004000C00041A0208B2
:104E30000024F400FFFC0F00836A1A0710B506D5A2
:104E40000168846B4A6822F4004222434A60DC070E
:104E500006D50168C46A4A6822F4003222434A60D7
:104E6000990706D50168046B4A6822F48032224310
:104E70004A605A0706D50168446B4A6822F48022CA
:104E800022434A60DC0606D50168C46B8A6822F4B6
:104E9000805222438A60990606D50168046C8A68AC
:104EA00022F4005222438A605A060FD50168446CEE
:104EB0004A6822F480122243B4F5801F4A6005D16B
:104EC0004A68846C22F4C00222434A601B0606D55D
:104ED0000268C16C536823F400230B43536010BD78
:104EE0002DE9F843DDF8209004460D461746984614
:104EF0002268D36935EA03030CBF01230023BB42B8
:104F000001D0002022E0B9F1FF3FF2D0FCF74AFACD
:104F1000A0EB0800484529D8B9F1000F26D0216838
:104F20000B685A07E4D5802DE2D0402DE0D0CE6941
:104F300016F008060CD0082520460D62FFF704F98C
:104F40000023C4F8905084F884300120BDE8F88331
:104F5000CB691B05CCD54FF400630B622046FFF7ED
:104F6000F3F82023C4F8903084F884600320EDE740
:104F70002DE9F7439846D0F88830202B04460E469A
:104F800017464ED119B9012003B0BDE8F083002ABD
:104F9000F9D021230025C0F89050C0F88830FCF7E4
:104FA00001FAA368A4F85470B3F5805F8146A4F8B1
:104FB000567003D123690BB935461E46B4F8562006
:104FC000CDF8008092B24B464AB940212046FFF707
:104FD00087FF2023C4F888300028D5D008E00022BD
:104FE00080212046FFF77CFF20B12023C4F88830C1
:104FF0000320C9E722688EB935F8023BC3F30803E2
:105000009362D4F8883003F02103212BBBD1B4F88C
:105010005620013A92B2A4F85620CFE716F8013B89
:10502000EEE70220B0E773B504460026C0F89060B2
:10503000FCF7B8F923681B681A0705461CD56FF002
:105040007E430093324603464FF400112046FFF79B
:1050500047FF88B1226852E8003F23F0800342E80E
:1050600000310029F6D12023C4F888300320002322
:1050700084F8843002B070BD23681B685B0724D5B8
:105080006FF07E43009300222B464FF480012046B0
:10509000FFF726FFC8B1226852E8003F23F490735F
:1050A00042E8003122680029F5D102F1080353E8F3
:1050B000003F23F0010302F1080040E8003100291D
:1050C000F3D12023C4F88C30D0E720230020C4F88B
:1050D0008830C4F88C30E0662067C8E710B5044615
:1050E00050B3D0F888301BB980F88430FFF705F949
:1050F00022682423C4F88830136823F00103136066
:10510000A36A13B12046FFF797FE2046FFF78AFDFA
:10511000012811D023685A6822F490425A609A6894
:1051200022F02A029A601A6842F0010220461A60B0
:10513000BDE81040FFF777BF012010BD10B5044651
:1051400070B3D0F888301BB980F88430FFF7D5F8F9
:1051500022682423C4F88830136823F00103136005
:10516000A36A13B12046FFF767FE2046FFF75AFDFA
:10517000012815D023685A6822F490425A609A6830
:1051800022F022029A609A6842F008029A601A6835
:1051900042F0010220461A60BDE81040FFF743BF0D
:1051A000012010BD30B581658168A0F85C20002326
:1051B000B1F5805FA0F85E20436731D10369002B11
:1051C00040F2FF1318BFFF23A0F860300023C0F89F
:1051D00090302223C0F88C30016801F1080353E8B5
:1051E000003F43F00103083141E800340368002C1C
:1051F000F2D1456E84680169B5F1005F35D1B0F830
:105200006850954231D8B4F5805F29D1C1B1264AA2
:10521000426753E8002F42F4807243E8002121E006
:1052200029B90369002B14BF7F23FF23CCE7B1F119
:10523000805FC9D10369002B14BF3F237F23C3E7DD
:105240001A4A426703F1080252E8002F42F08052E6
:1052500003F1080040E800210029F3D1002030BD0F
:10526000114A42670029D4D1ECE7B4F5805F16D12A
:1052700051B10F4A426753E8002F42F4907243E85D
:1052800000210029F7D1E9E70A4A426753E8002FD5
:1052900042F0200243E800210029F7D1DEE7044A6A
:1052A00042670029F2D0E6E749480008E9490008CA
:1052B000B946000885470008D0F88C30202B30B460
:1052C00015D1B9B1B2B100230468C3660A4B9C4240
:1052D0000AD063681B0207D554E8003F43F080639F
:1052E00044E80035002DF7D130BCFFF75BBF02204A
:1052F00030BC70470120FBE70080004070477047DA
:1053000090F88430012B0FD0012380F8843001689D
:1053100051E8002F42F0020241E80023002BF6D1B1
:1053200080F88430184670470220704790F8843027
:10533000012B0FD0012380F88430016851E8002F41
:1053400022F0020241E80023002BF6D180F88430DD
:105350001846704702207047836810B504462BB189
:105360000322014698470023C4E9023310BD836835
:1053700010B5044613B1032201469847204610BDDC
:1053800010B5044650F8103FDA6822F00102DA60E6
:10539000DA6822F00202DA60DA6822F00402DA60E7
:1053A000DA6822F00802DA60DA6822F01002DA60C5
:1053B000FEF724FC2269136823F001031360012324
:1053C00084F84E3084F84F3084F8503084F85130EF
:1053D00084F8523084F8533084F8543084F85530CF
:1053E00084F8563084F8573010BD4B1E032B00D97B
:1053F000FEE78900081F70470139435C13F0100075
:1054000004D0022916D80C4A32F81100DB0712D555
:1054100003290FD8DFE801F00205080B40F0010076
:10542000704740F01000704740F48070704740F4BF
:1054300080507047FEE77047241A0208013903299B
:1054400000D9FEE7014B585C704700BF201A0208E4
:105450000139032900D9FEE7014B585C704700BFB2
:105460001C1A02082DE9F04104460E46FFF7BDFF65
:1054700004EB061808F16408054631462046FFF79C
:10548000DDFFD8F808302BB12369C2431A61DA680E
:105490000243DA60771E04EB47039B880B2B49D845
:1054A000DFE803F051181818060618184A4A4A2A65
:1054B000E35DDE0604D5294604F11000FEF73EFE4A
:1054C000E35DD80736D5294604F11000BDE8F04168
:1054D000FEF756BDE35DD90604D5294604F1100058
:1054E000FEF7E4FDE35DDA0724D5294604F1100058
:1054F000BDE8F041FEF7DABC294604F11000FEF7E2
:1055000041FD31462046FFF7A3FF256901460646C7
:105510002046FFF771FF2B6A1843D8F8083028623D
:1055200043B131462046FFF789FFC3432B61EB6847
:105530001843E860BDE8F081294604F11000BDE899
:10554000F041FEF71FBD23691B68DB07F2D404F1AD
:105550001000BDE8F041FEF72FBB70B501250446F1
:10556000861C294636F8023F23B129462046FFF71C
:1055700079FF00210135052DF4D1E36E3BB123699C
:105580006FF001021A61DA6842F00102DA6049B193
:1055900023691B68DB0705D404F11000BDE87040E7
:1055A000FEF70ABB70BD01211030FEF755BB036941
:1055B000186800F00100704710B502460C46FFF76E
:1055C000F6FF80B9CB68DB070ED5CB6823F001036B
:1055D000CB601046FFF7E7FF6FF001032361E3683C
:1055E00043F00103E36010BDBDE810401046FFF733
:1055F000DABF00000B4B98420BD0B0F1804F0AD0BD
:1056000003F5C053984208D003F58063984206D052
:10561000FEE70020704701207047022070470320FA
:10562000704700BF002C0140024670B5044652F896
:10563000100FFFF7DFFF0546104600F021FF094A73
:10564000002342F8253004F16406E36004F1B40558
:10565000B54204D0103D2846FFF789FEF8E7204602
:1056600070BD00BF7002002070B504460846FFF709
:10567000C1FF256905B1FEE7204B216104F10C0251
:1056800043F8202004F110060E23C4E917353046F4
:10569000C4E90C55C4E90E55C4E9105584F82C50E2
:1056A000A56484F84C5084F84D50E46000F0BCFED2
:1056B00004F16400FFF750FE04F17400FFF74CFEA4
:1056C00004F18400FFF748FE04F19400FFF744FE64
:1056D00004F1A400FFF740FEC4E900554FF6FF7344
:1056E000C4E906538023C4E90855A5606561A36237
:1056F0003046BDE87040FEF79BBB00BF7002002043
:1057000010B588B018220446002102A81AF057FEEE
:10571000002301A902A80193FEF772F9206900F0A5
:1057200055FF012802D002280FD0FEE7059CFEF7A6
:1057300047F9B4F5C06F05D00BD824F48074B4F5E4
:10574000806F00D1400008B010BD069CFEF748F9FC
:10575000EFE7B4F5E06FF4E7012A38B505460C46EB
:105760000BD0022A16D004B1013C29692846CC622C
:10577000EC61BDE83840FFF71FBFFFF7C1FF084BE2
:10578000B0FBF3F044432A69230C93620133B4FB6A
:10579000F3F4E8E7FFF7B4FFB0FBF4F4F3E700BF7E
:1057A00040420F0010B500F110042046FEF73BFA0E
:1057B0002046BDE81040FEF7CAB90000034B186848
:1057C00010B10430FEF75CBA704700BF70020020D1
:1057D000FFF7F4BF034B586810B10430FEF750BA1E
:1057E000704700BF70020020034B986810B104306E
:1057F000FEF746BA704700BF70020020034BD8681E
:1058000010B10430FEF73CBA704700BF70020020B0
:105810000022C0E90022C0E902227047F8B5044620
:105820000E4600F1640500F1B40728461035FFF775
:10583000EFFFBD42F9D10023204623613146FFF737
:1058400013FF2046F8BD38B50023C0E90033C0E996
:1058500002338B6804460D462BB102229847EB6851
:10586000E360AB68A360204638BD30B587B002ADB9
:1058700004462846FFF7E7FF95E803006B4683E8F8
:10588000030094E8030085E8030093E80300049B09
:10589000A268A360059B049284E80300E268E360C9
:1058A00028460592FFF763FD07B030BD38B50446C2
:1058B0000D46E36E64301BB1BDE83840FFF7D5BF3D
:1058C000FFF7D3FFAB683BB123696FF001021A61A8
:1058D000DA6842F00102DA6038BD826810B50AB9B0
:1058E00018F0AEF9BDE81040C368184708B500B914
:1058F000FEE700F097FD0068C36E13B16430FFF758
:10590000ECFF08BDFFF7F2BF10B500B9FEE7037F5B
:10591000013B072B10D8DFE803F004140F100F0F22
:105920000F12012400F07EFD24010068643420443D
:1059300083680BB1FFF7D1FF10BD0324F2E7042405
:10594000F0E70224EEE7FFF7DFBFFFF7DDBF1AF055
:10595000A1B91AF09FB91AF0A5B94FF0B04382B0BF
:10596000DA6C0243DA64DB6C03400193019B02B002
:105970007047000008B5032818D8DFE800F00208D7
:105980000D120120FFF7E9FF4FF0904008BD022003
:10599000FFF7E3FF0648F9E70420FFF7DEFF0548BD
:1059A000F4E78020FFF7D9FF0348EFE70020EDE799
:1059B0000004004800080048001C004808B50649DB
:1059C00000F0F8FCC0F3C430112800D9FEE7034B07
:1059D00053F8200008BD00BF8C180208381A0208CE
:1059E000A0F580500138022800D9FEE7014B53F89A
:1059F000200070472C1A020808B5054900F0DAFCAF
:105A0000C0F3C430012800D0FEE7002008BD00BF6D
:105A1000741802080268094B9A420DD14FF0B04346
:105A20009A6B42F000529A639A6B22F000529A638A
:105A30009A6D22F000529A65704700BF00740040D2
:105A400010B50A4986B0044600F092FC019050B1AE
:105A50002046FFF7D1FF014628B901A8FCF703FA59
:105A600001A8FCF7F2F906B010BD00BF74180208D7
:105A70004FF0B04382B01A6E42F400721A661A6E8A
:105A800002F400720192019AD3F8882042F0405249
:105A9000C3F88820044B1868C30403D4034902B038
:105AA00000F04EBC02B07047180000208C180208AD
:105AB0004FF0B0431A6C42F400721A641A6C22F46C
:105AC00000721A641A6C42F400721A641A6C22F49E
:105AD00000721A641A6E22F400721A66704700008F
:105AE000F0B59FB0054664220E4605A800211AF0C5
:105AF00066FC0023EA04CDE902330493ADF80230DA
:105B0000019340F1AC8041F203039D4200F2A78073
:105B10005D4B05932846FFF763FF07270446082ED1
:105B200000F0AE800A2E00F0AD80062E0CBF1823C8
:105B300000234FF00042CDE906230023CDE90832CF
:105B40000422CDE90E330A92ADF82C3001228DF8F3
:105B50002E308DF834308DF840308DF85030189359
:105B60001B9319938DF86830484B0C9205A84FF49D
:105B70008052CDE9112713971D60FBF71DFC00280B
:105B800079D1012C029435D0414B9C4232D0414B0B
:105B90009C422FD0404B9C422CD0404B9C4229D061
:105BA0003F4B9C4226D03F4B9C4223D03E4B9C42D5
:105BB00020D03E4B9C421DD03D4B9C421AD03D4BC9
:105BC0009C4217D003F104239C4213D03A4A24F09C
:105BD000004393420ED0394A93420BD0384A934245
:105BE00008D0384A944205D0374A944202D0374A06
:105BF000934240D1012302A905A8CDE90337FBF761
:105C000039FD002837D105A8FBF76EFF002832D1F7
:105C100005A8FBF791FE70BB0A2105A8FBF7CCFC99
:105C200048BB05A8FBF7FEFD830505D505A8FBF7D6
:105C30001DFD80B2ADF8020005A8FBF737FFD0B913
:105C400005A8FBF7DDFEB0B9214AD2F8083723F0EA
:105C5000E073C2F80837BDF8020080B20CE01D49BD
:105C6000284600F085FB01A905902846FFF7A6FE0F
:105C7000059B044613B900201FB0F0BD03274EE773
:105C8000102356E7082354E70024014018000020A1
:105C900002000004040000080800000C10000010BE
:105CA00020000014400000188000001C00010020AB
:105CB00000020024000400280010003000200034FE
:105CC000004000380080003C000001400000024419
:105CD000002001408C180208F8B51449144E0746FC
:105CE00000F046FBFFF786FC56F82030044673B9F7
:105CF000B420FFF72CFE0D490546384600F038FB6E
:105D000001462846FFF78AFD56F824301D6056F8F4
:105D100024301C6844B12046FFF786FC2046B4219D
:105D2000BDE8F840FFF717BEF8BD00BF3C170208FA
:105D30007002002037B5FBF735FB4FF0E025044635
:105D4000AB690093FBF72EFBAB6901936969844251
:105D500001F101014FF47A7308D0019A8A1A5A436B
:105D6000B2FBF1F203FB002003B030BD009A8A1AA7
:105D70005A43B2FBF1F203FB0420F5E7FBF712BB39
:105D8000704708B5FBF702FBFBF7F7FFFFF7F8FFDB
:105D900008BD10B594B048220021044602A81AF0AC
:105DA0000EFBFDF753F94FF0B0439A6D42F4806259
:105DB0009A659A6D02F480620192019A032C11D8BF
:105DC000DFE804F00219283DD3F8942042F00102E4
:105DD000C3F89420D3F894309C0703D4082302938B
:105DE00001230893029B002B36D002A8FDF75AFA34
:105DF000002831D0FEE71A6842F480721A601B68EE
:105E00005905EFD4022302934FF480724023CDE969
:105E10000623E7E7D3F8902042F08102C3F89020F0
:105E2000D3F890209407DDD4D3F8902022F0180204
:105E3000C3F890200423029381230593D2E71A68C4
:105E400042F480321A601B6899035EBF01224FF44E
:105E50008033CDE90223C5E714B010BD70474FF081
:105E6000B04382B01A6D42F400221A651A6D02F432
:105E700000220192019A9A6C42F480529A649B6CBF
:105E800003F480530093009B02B070470C4BD3F88F
:105E9000FC20D2015EBFD3F8FC2042F08072C3F830
:105EA000FC20084B00225A601A6842F001021A6076
:105EB00000BF00BF00BF5868B0FA80F040097047CB
:105EC00000ED00E0001000E008B5FFF7C8FFFFF7A5
:105ED000DDFFFBF745FAFFF7C1FFFBF7E1F9BDE88E
:105EE00008400148FBF74EBF1C000020012A02D1E8
:105EF000016000207047022A05D0032AF9D0002A49
:105F0000F7D10260F5E70B680360F2E70368184712
:105F10000023C0E90033C0E90233704770B50024A4
:105F2000012904F101032CD1184DE4B2142161437D
:105F30006E18F3683BB104312944032208469847A0
:105F40000023C6E90333142363430022E8560F4BB2
:105F500093F90010814201D1D968A9B90132102A00
:105F600003F11403F4D10A4A0A49D2F8803051F8F7
:105F7000241023EA0103BDE87040C2F88030FBF72B
:105F8000B5BE49081C46CBE770BD00BF80020020AB
:105F900000080058801A02080023012803F10102BA
:105FA0000AD11422DBB25343054A181D10448168FC
:105FB00029B11A441369184740081346EDE77047A2
:105FC000800200200120FCF79FB90220FCF79CB959
:105FD0000420FCF799B90820FCF796B91020FCF7CB
:105FE00093B938B505242025A8B2FCF78DF9013CFA
:105FF0004FEA4505F8D138BD38B506244FF4806521
:10600000A8B2FCF781F9013C4FEA4505F8D138BD4B
:106010002DE9F04100F00F08012606FA08F68CB0D1
:106020000D461746B3B20024012B04F1010253D1EF
:10603000C0F30310FFF79EFCD0B1294B53F8283072
:1060400093FAA3F1B1FA81F14900CDE9076793FA18
:10605000A3F3C66803228A40B3FA83F332405B009D
:1060600022FA03F3099307A902230A93FCF798F88D
:1060700003AEDFF87080142329463046E4B25C4357
:10608000FFF7E1FB96E8030008EB040301AA0433E1
:1060900082E8030093E8030086E8030092E8030027
:1060A000271D83E803004744059BBA68BB60069B35
:1060B00005923046FA68FB600692FFF758F918F926
:1060C0000440002206212046FBF7D0FD2046FBF7C6
:1060D000FFFD0CB0BDE8F0815B081446A4E700BFEB
:1060E000C01A020880020020344A104608B5062370
:1060F00000F8043BFFF70CFF072302F118001375AB
:10610000FFF706FF082302F12C0082F82830FFF782
:10611000FFFE092302F1400082F83C30FFF7F8FE51
:106120000A2302F1540082F850301621FFF7F0FEE6
:1061300002F1680082F86410FFF7EAFE02F17C00C9
:1061400082F87810FFF7E4FE02F1900082F88C10DC
:10615000FFF7DEFE02F1A40082F8A010FFF7D8FEE0
:1061600002F1B80082F8B4102921FFF7D1FE02F144
:10617000CC0082F8C810FFF7CBFE02F1E00082F8F5
:10618000DC10FFF7C5FE02F1F40082F8F010FFF713
:10619000BFFE02F5847082F80411FFF7B9FE02F524
:1061A0008E7082F81811FFF7B3FEBDE8084002F5C3
:1061B000987082F82C11FFF7ABBE00BF8002002060
:1061C00038B5054CA4F5A075143C201DFFF7CFF899
:1061D000AC42F9D138BD00BFC003002030B591FA00
:1061E000A1F391FAA1F1B3FA83F3C4685B0003252C
:1061F000B1FA81F105FA03F3490024EA03038A4066
:106200001A43C26030BD431C04D00C3151F80C3C21
:106210005A1C01D100207047834201F10C01F5D1D5
:1062200001207047F8B5471C06460D4600D1FEE731
:1062300000F00F02414BC0F3031053F82240FFF768
:1062400099FB94FAA4F3B3FA83F3876803225B0003
:1062500002FA03F394FAA4F2B2FA82F227EA0307ED
:106260005200032393403B4305F007018360032959
:1062700003D8DFE801F05F032C61FEE7012394FA05
:10628000A4F2B2FA82F206685200032707FA02F279
:1062900026EA020694FAA4F2B2FA82F2520093407D
:1062A000013933430129036005D843682A074CBFED
:1062B0002343A3434360C5F30112012A02D0022AFB
:1062C00018BF00222146BDE8F840FFF787BFC5F39D
:1062D00006227F2A01D10223D1E7360716D5230AE9
:1062E00093FAA3F6B6FA86F6476A93FAA3F3B600D2
:1062F0004FF00F0CB3FA83F30CFA06F69B0027EA73
:10630000060602FA03F333434362E4E794FAA4F384
:10631000B3FA83F3066A9B000F2707FA03F326EA12
:10632000030694FAA4F3B3FA83F39B009A40324332
:106330000262D0E70023A2E70323A0E7C01A020805
:10634000431C06D17047834202D18968FFF76ABFB8
:106350000C310B685A1CF6D1FEE70B685A1C01D1B0
:1063600000207047834201D1486870470C31F4E740
:10637000431C01D0FFF7F1BF002070474B6813B9F1
:106380004FF0FF307047834201D1086870470C31ED
:10639000F4E708B1FFF7F2BF4FF0FF307047034654
:1063A0000868421C00D17047984201D18868704744
:1063B0000C31F5E7431C01D0FFF7F1BF70470346EE
:1063C0008B42084604D01BB100290CBF18460020A0
:1063D000704700004FF0B0431A6842F061021A6043
:1063E0004FF4E0229A6061221A60064ADA600022C5
:1063F0009A6140F23F321A62034B4FF000629A609A
:10640000704700BF0001042200ED00E04FF0B043F0
:1064100082B01A6E02431A661B6E03400193019B01
:1064200002B07047043870470368124A934282B042
:1064300004D14FF4006002B0FFF7E8BFB3F1804F22
:106440000CD14FF0B0439A6D42F001029A659B6DFA
:1064500003F001030193019B02B07047064A934287
:1064600002D14FF40030E6E7044A9342F4D14FF4EE
:106470008020E0E7002C014000440140004801403A
:106480000368134A934206D14FF0B042136E23F4CF
:10649000006313667047B3F1804F06D14FF0B042EE
:1064A000936D23F00103936570470A4A934205D127
:1064B0004FF0B042136E23F40033EAE7064A9342EA
:1064C000E8D14FF0B042136E23F48023E1E700BF20
:1064D000002C01400044014000480140431C10D002
:1064E0000C4B984210D007D8B0F1804F0ED0A3F5D6
:1064F000C05398420CD0FEE7074B9842FBD11D20B9
:1065000070476FF00D0070471C2070471B207047CC
:10651000182070470044014000480140431C10D03F
:106520000C4B984210D007D8B0F1804F0ED0A3F595
:10653000C05398420CD0FEE7074B9842FBD11D2078
:1065400070476FF00D0070471C2070471B2070478C
:106550001A207047004401400048014038B5044605
:10656000FFF762FF2068FFF7B9FFD4E91312FBF7CA
:106570007DFB2068FFF7B2FFFBF7AAFB22681046FD
:10658000FFF7CCFF05461046FFF7A8FF85420BD06A
:106590002846D4E91312FBF769FB2068FFF7BEFF1A
:1065A000BDE83840FBF794BB38BD10B5FFF768FF76
:1065B00004460068FFF792FFFBF798FB2068FFF79F
:1065C000ADFFBDE81040FBF791BB0000431C10D0AD
:1065D0000A4B98420BD003D8B0F1804F0BD0FEE7A6
:1065E000074B984203D003F580639842F7D102200D
:1065F0007047002070470120704700BF002C014009
:10660000004401404FF0B042D2F8883023F4406398
:106610000343C2F88830704708B5074B90F8B120A3
:1066200053F82200FEF7F8FA00F02200A0F122034E
:106630005842584108BD00BFC003002008B5074BB1
:1066400090F8B12053F82200FEF7E6FA00F021009E
:10665000A0F121035842584108BD00BFC0030020EB
:1066600070B50E46054610B94FF0FF3070BDFFF70C
:10667000D3FF04460028F7D12946012211F8B23F82
:10668000337095F8B100034B53F82000FEF714FE69
:106690002046EBE7C003002038B50D460446C0B1E4
:1066A000FFF7BAFFA8B994F9B000C4F89850FBF707
:1066B0001DFB94F8B100074B04F1B20153F8200020
:1066C0000122FEF7F9FD94F9B000BDE83840FBF770
:1066D000FFBA38BDC003002038B515460446C8B11E
:1066E000C0F89C1090F9B000FBF700FBD4F8B8306C
:1066F000B4F8C21094F8B10013FA81F1064BAAB2B3
:1067000053F82000FDF7FAFD94F9B000BDE83840D9
:10671000FBF7DEBA38BD00BFC003002050B1D0F88F
:10672000A430013306D190F8B120034B53F8220076
:10673000FEF726BA704700BFC003002050B1D0F862
:10674000A430013306D190F8B120034B53F8220056
:10675000FEF73CBA704700BFC0030020D0F8943069
:1067600004381847D0F898300438184710B5044654
:1067700050F80439DA69D1070CD501221A62FFF703
:106780004BFFB0B904F1AE0120460122BDE8104034
:10679000FEF792BDDA69920701D50222EEE7DA69C7
:1067A000510701D50422E9E7DA691207E7D5082283
:1067B000E4E710BD08B52420FBF7D0FA024B1868B7
:1067C000BDE80840FDF7F6BDC003002008B5252050
:1067D000FBF7C4FA034B586818B1BDE80840FDF751
:1067E000E9BD08BDC003002008B52620FBF7B6FAB6
:1067F000024B9868BDE80840FDF7DCBDC0030020EF
:10680000012200F1AE01FEF757BD000003681C4AEB
:10681000934211D14FF0B043D3F88800194B00F0E8
:10682000030040F44030984228D0B0F1031F14BF59
:1068300000200120C0037047134A93420DD14FF04E
:10684000B043D3F88800114B00F00C0040F4402016
:10685000984213D0B0F10C1FE9E70D4A93420BD1D7
:106860004FF0B043D3F8880000F44060B0F5006FFB
:1068700004D0B0F5406FDAE7002070470548704754
:1068800000380140020003000044004008000C00F2
:10689000008000400024F40001462DE9F047FFF796
:1068A000B5FF0A68234B4D68234F9A42064626D10E
:1068B000DFF88880DFF888A04FEA5509002438F80F
:1068C000023B37F81320002319463046FAF74CFCF8
:1068D000090241EA1061000210EB090041F10001D8
:1068E0002A460023FAF740FCA0F54070504503D932
:1068F00001340C2CE3D100242046BDE8F0870F4A78
:10690000C869002469084FF6EF7C32F8023BB0F505
:10691000004F37F81330B6FBF3F30CBF01EB430322
:106920005B18B3FBF5F3103B6345E5D901340C2C40
:10693000EBD1E0E700800040041A0208A01B020827
:10694000FFFC0F002DE9F04F8BB0CDE901239DF83E
:10695000543003939DF8583004939DF85C300593B0
:106960008B46044618B900200BB0BDE8F08FB24941
:10697000D0F8A000FFF7FCFCB0498246D4F8A40090
:10698000FFF7F6FCAE490646D4F8A800FFF7F0FC86
:10699000AC490746D4F8AC00FFF7EAFCA7498046AB
:1069A000D4F8A000FFF7E4FCA3498146D4F8A40082
:1069B000FFF7DEFC0546BAF1000F02D1B9F1000F76
:1069C000D1D0D4F8A430013302D00EB9002DCAD0F2
:1069D000D4F8A830013301D0002FC4D0D4F8AC30A3
:1069E000013302D0B8F1000FBDD031465046FFF759
:1069F000E6FC206020B929464846FFF7E0FC20600D
:106A000039462068FFF7DBFC41462060FFF7D7FCE2
:106A100020600028A7D08C4B984240F0C1804FF0F6
:106A2000B0431A6C42F480421A641A6C22F4804219
:106A30001A641A6E42F480421A661B6E03F4804395
:106A40000793079B0022242384F8B12084F8B030F8
:106A5000BAF1000F00F0DD807749D4F8A000FFF70D
:106A60006FFC002E40F0CF804FF00009002F00F0A7
:106A7000F3807349D4F8A800FFF762FC4FF4807AE2
:106A8000B8F1000F06D06F49D4F8AC004AF4007A90
:106A9000FFF756FC94F8B1206C4B271D43F8227089
:106AA0002368C4E9013B019BE360149B2361029BC3
:106AB00063610C23C4E9063A002323623846FFF7DA
:106AC000EBFE08230C28E362039BC4F83C9028BF2C
:106AD0000020A06223B10A23E3624FF48033636392
:106AE000049B33B1E36A43F00103E3624FF40033E4
:106AF0002363059B33B1E36A43F00403E3624FF47D
:106B00008023A363002294F9B00062620121FBF7A5
:106B1000ADF8D4F800804E4B984539D1BBF5165FDF
:106B2000384600F29B80FEF7EBFB3846002E00F063
:106B3000AA80FEF7D3FA002800F0B3800220FFF706
:106B400028F94FF0B043D3F890309B0700F1AB80A9
:106B50004FF0B04322681B68590500F1DD802268C0
:106B60003B4B9A4202D10020FFF74CFD16B9002D95
:106B700000F0BE803846FEF7B1FA002800F09180A0
:106B80002268334B9A4203D14FF48060FFF73AFDFD
:106B900016B9002D00F0B5803846FEF79FFAB3E035
:106BA0002C4B984215D14FF0B0439A6B42F400320F
:106BB0009A639A6B22F400329A639A6D42F400321F
:106BC0009A659B6D03F400330893089B01222523EB
:106BD0003AE71F4B98427FF4C6AE4FF0B043DA6BF2
:106BE00042F00102DA63DA6B22F00102DA63DA6D55
:106BF00042F00102DA65DB6D03F001030993099BA2
:106C00000222262320E70D49D4F8A400FFF798FBC1
:106C10002AE7B9F1000F3FF427AF0849D4F8A000E4
:106C2000FFF78EFB15B94FF400491FE70249D4F86E
:106C3000A400FFF785FBF6E7E816020894160208A1
:106C400040160208F815020800380140C003002071
:106C50000080004000440040BA4611E7FEF766FBA2
:106C6000BEB13846FEF73AFAD8B14FF0B0431A68D1
:106C7000236850057FF573AF434553D14FF400604F
:106C8000FFF7C0FC4BE0002D7FF453AFFEF756FA40
:106C900051E7002D3CD13846FEF750FA00287FF42A
:106CA00057AF012060E62268244B9A4203D14FF48B
:106CB0004060FFF7A7FC5EBB55BB3846FEF73EFAC7
:106CC0000028EED04FF0B04322681B685B057FF5CB
:106CD00046AF1A4B9A42D1D03846FEF72FFA002819
:106CE000DFD02268154B9A4202D10020FFF78AFCC0
:106CF0003846FEF723FA0028D3D022680F4B9A4279
:106D000017D03846FEF71AFAB0FA80F040092BE6A1
:106D10003846FEF7E3F9C1E7084B9A42AED00EB908
:106D2000002DD9D03846FEF7D9F900287FF417AFE7
:106D3000B7E74FF48060FFF765FCE2E700800040B2
:106D40001FB50B4B0B499C6D2046FFF711FB002331
:106D500058B109481A46C0F8A0404FF41651CDE981
:106D60000233CDE90033FFF7EDFD04B010BD00BFE5
:106D700058190208E8160208440000202DE9F047DF
:106D80002A4D06460C46FAF70DFB95F8B130022B5A
:106D9000074613D895F8B120254B53F82250A5F19A
:106DA00004084046FFF74AFCC0BB4FF47A73A2B216
:106DB00031462846FEF7DCF840B908E01D4B1E4975
:106DC000D3F858804046FFF7D3FA08BB002420468A
:106DD000BDE8F0875AF8233043B995F8B130013354
:106DE000DBB2022B85F8B130F4D90CE049464046BD
:106DF000FFF7BEFA95F8B1205AF822301B6883429B
:106E0000EBD1022AC6D9FFF79BFF0028C2D1DDE7EC
:106E1000DFF81CA0DFF820900023E2E7FAF7C2FABF
:106E2000C01BB0F57A7FBCD3D0E700BF4400002080
:106E3000C003002058190208E81602080A49034650
:106E4000086810B50344EFF30882934205D9074B55
:106E50000C221A604FF0FF3010BD054A054C121B82
:106E60009342F4D20B60F7E70C010020E07C002095
:106E700000000120000400004FF0FF3070474FF485
:106E800000534B600020704701207047002070477E
:106E900000207047FEE70000024B16221A604FF0F8
:106EA000FF307047E07C002001207047054B1B68D5
:106EB0008B4221BF036801330360002038BF6FF0AD
:106EC00033007047CC03002070B50D4604461646CB
:106ED000114628460EF0A3F92046012332462946E2
:106EE0000EF087F9204670BD10B50024C0E90142BC
:106EF000024A0160C160026110BD00BFC7290208DB
:106F000013B500240549019401AA0C300FF003F9D0
:106F100010B9019802B010BD2046FBE7AD6E000825
:106F20000346406810B500B91868C468FFF7E8FF69
:106F3000E369584348BF00F2FF30801210BD436838
:106F400003B90368DA68D2E90730584348BF00F252
:106F5000FF308012704710B50968044600230EF018
:106F600048F9204610BD10B5114604461A460023C4
:106F70000EF03FF9204610BD00680EF050B90846EB
:106F800011460EF04CB910B50446D0E900031BB908
:106F9000BDE810400EF009B90EF007F908B16068BD
:106FA000F6E710BD0A460C30014907F043B800BFB0
:106FB000B81B02080A460C30014907F063B800BF4D
:106FC000B81B020830B5CBB014461D460A46002354
:106FD000016802A80EF00DF902A80EF08BFA002845
:106FE00000F0AD800422214602A80EF0E8F920222C
:106FF000211D02A80EF0E3F90422694602A80EF052
:10700000DEF9082229460DEB02000EF0D8F908221D
:107010004E990DEB02000EF0D2F9042204F1240186
:1070200002A80EF0CCF9012204F1280102A80EF00A
:10703000C6F9012204F1290102A80EF0C0F90122CB
:1070400004F1460102A80EF0BAF9012204F12B0165
:1070500002A80EF0B4F9042204F12C0102A80EF0EB
:10706000AEF9012204F1300102A80EF0A8F90122C4
:1070700004F1310102A80EF0A2F9012204F132015B
:1070800002A80EF09CF9012204F1330102A80EF0CF
:1070900096F9042204F1340102A80EF090F90122BD
:1070A00004F13C0102A80EF08AF9012204F12A0140
:1070B00002A80EF084F9012204F1470102A80EF0A3
:1070C0007EF90122694602A80EF079F9042204F142
:1070D000380102A80EF073F9012204F13D0102A863
:1070E0000EF06DF9012204F13E0102A80EF067F9DD
:1070F000042204F1400102A80EF061F9012204F11A
:10710000440102A80EF05BF9012204F1480102A833
:107110000EF055F9012204F1450102A80EF04FF9D5
:107120001F2204F1490102A80EF049F9102204F1CE
:10713000680102A80EF043F902A80EF093F94BB0D3
:1071400030BD0000F0B50F464168ADF5097D01B9CD
:107150000168424A40A800230EF04BF840A80EF008
:10716000C9F9002876D012A804F00FFA202202A94B
:1071700040A80EF024F92028024668D11AA940A898
:107180000EF01DF9202862D1012222A940A80EF09C
:1071900016F9012802465AD10DF1890140A80EF0D6
:1071A0000EF90128024652D10DF1070140A80EF058
:1071B00006F9012805464AD1042237A940A80EF055
:1071C000FEF80428044642D12A460DF18A0140A85F
:1071D0000EF0F5F801283AD1224633A940A80EF066
:1071E000EEF80428044632D1402223A940A80EF02C
:1071F000E6F840282BD1224634A940A80EF0DFF84B
:10720000042824D1042235A940A80EF0D8F8042877
:1072100002461CD136A940A80EF0D1F8042816D198
:1072200002AD0FCD0AAC0FC495E80F0084E80F0043
:107230000AAE0FCE12AD0FC594E80F0085E80F001F
:107240003B6812A91B683846984700288BD140A894
:107250000EF008F90DF5097DF0BD00BFBE1B020858
:1072600070B50C464168DAB001B90168184A12A835
:1072700000230DF0BEFF12A80EF03CF9D8B1002596
:107280000422694612A80EF09AF80428EEB20FD133
:1072900020220DF1250112A80EF091F820280246B7
:1072A00006D10DF1050112A80EF089F8202804D0AE
:1072B00012A80EF0D7F85AB070BD236801AA9B68D7
:1072C0003146204698470028F2D00135D8E700BF64
:1072D000C91B020870B50D464168F6B01E4601B9DB
:1072E0000168134A00232EA80DF083FF2EA80EF08C
:1072F00001F9044698B9204676B070BD072202A96C
:10730000284619F032F850B99DF80F4004A92246DA
:10731000304619F0A4F92EA80EF0A4F8EBE7B42239
:1073200001A92EA80EF04BF8B428E7D00024F2E70C
:10733000D41B02080120704710B5CCB0CDE9002362
:107340000C465E4A016804A8FFF7BEFD04A80EF0D3
:10735000D1F8002800F0AF8000230422214604A8C1
:10736000CDE902330DF06FFF2022211D04A80DF09E
:107370006AFF042202A904A80DF065FF08226946ED
:1073800004A80DF060FF08224EA904A80DF05BFFD1
:10739000042204F1240104A80DF055FF012204F198
:1073A000280104A80DF04FFF012204F1290104A8CF
:1073B0000DF049FF012204F1460104A80DF043FF3E
:1073C000012204F12B0104A80DF03DFF042204F179
:1073D0002C0104A80DF037FF012204F1300104A8AC
:1073E0000DF031FF012204F1310104A80DF02BFF53
:1073F000012204F1320104A80DF025FF012204F15D
:10740000330104A80DF01FFF042204F1340104A885
:107410000DF019FF012204F13C0104A80DF013FF47
:10742000012204F12A0104A80DF00DFF012204F14C
:10743000470104A80DF007FF012202A904A80DF0DE
:1074400002FF042204F1380104A80DF0FCFE012221
:1074500004F13D0104A80DF0F6FE012204F13E0105
:1074600004A80DF0F0FE042204F1400104A80DF080
:10747000EAFE012204F1440104A80DF0E4FE012219
:1074800004F1480104A80DF0DEFE012204F14501DB
:1074900004A80DF0D8FE1F2204F1490104A80DF044
:1074A000D2FE102204F168010DEB02000DF0CBFEBC
:1074B00004A80DF0D7FF4CB010BD00BFDF1B0208C1
:1074C000F7B504460D460068164916461F460DF0EE
:1074D0009AFE40B11349009733462A462046FFF7EB
:1074E00071FD03B0F0BD104920680DF08CFE00283E
:1074F000F7D033462A4620460B490097FFF762FD36
:10750000D7E90023CDE9002329462046D6E9002308
:10751000FFF712FF0449206803B0BDE8F0400DF00A
:107520007EBE00BFDF1B0208EA1B02082DE9F04106
:107530000C464168F8B0154601B901683E4A30A8CA
:10754000FFF7C2FC30A80DF0D5FFE8B102A804F0A7
:107550001CF800238DF807300127236802AA5B6816
:10756000791E2046984760B11DB102A8A84700289F
:107570005FD0202202A930A80DF065FE2028024627
:1075800005D030A80DF06EFF78B0BDE8F0810AA9F3
:1075900030A80DF058FE2028F3D1012212A930A8FE
:1075A0000DF051FE01280246EBD10DF1490130A842
:1075B0000DF049FE01280246E3D10DF1070130A884
:1075C0000DF041FE01288046DBD1042227A930A816
:1075D0000DF039FE04280646D3D142460DF14A018A
:1075E00030A80DF030FE0128CBD1324623A930A8B7
:1075F0000DF029FE04280646C3D1402213A930A865
:107600000DF021FE4028BCD1324624A930A80DF04F
:107610001AFE0428B5D1042225A930A80DF013FEC6
:1076200004280246ADD126A930A80DF00CFE04288E
:10763000A7D1013791E700BFBE1B020830B50D4648
:107640004168DBB001B90168174A12A8FFF73CFC9A
:1076500012A80DF04FFF90B1002400942B6801AAEE
:10766000DB68E1B22846984730B10422694612A887
:107670000DF0E9FD042804D012A80DF0F3FE5BB074
:1076800030BD20220DF1250112A80DF0DCFD2028CF
:107690000246F1D10DF1050112A80DF0D4FD20280C
:1076A00004F10104DAD0E7E7C91B020810B541680C
:1076B000F6B001B901680D4A2EA8FFF705FC2EA807
:1076C0000DF018FF78B1B422002101A818F077FE60
:1076D0001424B42201A92EA80DF0B5FD013CF8D167
:1076E0002EA80DF0BFFE76B010BD00BFD41B02085F
:1076F00010B50446406800B9206805490DF083FDC7
:1077000020B92046BDE81040FFF7D0BF10BD00BF34
:10771000D41B0208436803B90368DB681A6A024B8A
:107720001A60FFF7E5BF00BFCC0300202DE9F04F42
:10773000F7B09A469DF80092A9F16403422B0646E1
:107740000C4604D90025284677B0BDE8F08FFFF736
:10775000CFFF716801B93168254A01232EA80DF0C9
:1077600048FD2EA80DF0C6FE05460028EAD00021EF
:107770002EA80DF042FE00274FF0FF3BB846B42282
:1077800001A92EA80DF01BFEB42820D02068A288E5
:10779000A37902905146ADF80C2004A84A468DF812
:1077A0000E3018F05CFFB0688DF80F9003681B680E
:1077B0009847394601902EA80DF01FFEB42201A96A
:1077C0002EA80DF040FD2EA80DF04CFEBBE70722C1
:1077D00002A9204618F0C9FD38B1019B5B453CBFAA
:1077E00047469B4608F1B408C9E74746CEE700BFC5
:1077F000D41B0208BFF34F8F0549064BCA6802F439
:10780000E0621343CB60BFF34F8F00BFFDE700BFC3
:1078100000ED00E00400FA05704770477047000073
:1078200000487047C7290208002070470048704789
:1078300080EE36007047704700F5A040D0F858063B
:1078400070470020704700F5A04090F8820670470E
:1078500000F5A04090F88306C04300F00100704797
:1078600000F5A04090F89C0600F00100704700F57C
:10787000A04090F8A00670470020704700F5A04097
:1078800090F89E06003818BF0120704708B50846DA
:10789000F9F7F0F94FF08341F9F744FA0249F9F7A3
:1078A00039F9F9F741FC08BD0000FA4338B508463C
:1078B0001446F9F7DFF90B49F9F734FA0A49F9F7F1
:1078C00029F904F03F040546601CF9F7D7F9014691
:1078D0002846F9F727FA0549F9F71CF9F9F724FCC6
:1078E00038BD00BF0000C04000007A430000FA43EA
:1078F000704790F84000003818BF012070472DE90C
:10790000F74F05469DF830009DF83C6000F0030BF2
:1079100046FA0BFB06F10C075F4407F101098846A4
:10792000B9F1B10F0D9901910E9941DC05F5A04413
:107930004FF0890C84F81DC845F6290A4FF0000C59
:10794000C4F8253884F81EC884F81F6884F8200815
:10795000C4F8212805EB0A00324618F080FE06EB39
:107960000A005A460199284418F079FE98F9020154
:10797000F9F784F94FF07A51F9F7D4F94FF08141D2
:10798000F9F7D0F9F9F7AAFB2F4445F61D06B855CB
:10799000D4F8E4060368DB68984748B1D4F8E406F5
:1079A00003685B694A46A91903B0BDE8F04F184760
:1079B00003B0BDE8F08F000000F5A04070B5D0F82E
:1079C0008C560C46284600211646F9F753FBD8B9C9
:1079D00021460E48F9F79CF80146284616F078FC37
:1079E000F8F712FD0A4B0022F8F7AEFB04463046CA
:1079F0000D46F8F7E7FC02460B4620462946F8F705
:107A00005BFDF9F709F870BD0020FCE79A99593F32
:107A10000000F03F38B500F5A045812385F81D38FA
:107A200000F5B04304461E3301F1200251F8040B67
:107A300043F8040B9142F9D1D5F8E406036804F544
:107A4000B0415B6921221D31984741F288312046BF
:107A500003F0ECFAC5F8580738BD2DE9F04100F500
:107A6000C74604460D467036002704223146284694
:107A700018F07BFC804650B10137082F06F10C0648
:107A8000F3D129462046BDE8F04106F0DFB804F501
:107A9000A046822386F81D382B68C6F81E38606D14
:107AA00003681B6898470C2303FB074746F2EC3337
:107AB00004F5B041FB58C01AC6F82208D6F8E4060F
:107AC000036809225B691D31984746F2F03347F895
:107AD000038046F2F433F858BDE8F08115F01CBF7E
:107AE0002DE9F14F00F5A0449846D4F8D036D2F8ED
:107AF000009005460E461746002B50D000F5AD40CD
:107B00000422503018F031FC8246002847D1C4F8D6
:107B1000D0064F490222381D18F027FC45F61F08F1
:107B200005EB080B60B9852384F81D3884F81E081E
:107B3000336845F80830B388ABF8043008221DE0FC
:107B40003B7933BB7B791A011BB13146284605F0DE
:107B5000B6FF852384F81D38BB7984F81E38336856
:107B600045F80830B388ABF80430C4F82598FB79A1
:107B700084F829383B7B84F82A380E22D4F8E406AE
:107B800003685B6905F5B0411D3101B0BDE8F04FF8
:107B90001847862384F81D3884F81EA8C8E7B8F172
:107BA000040F51D9D4F8D43623B305F5AD400422DF
:107BB0003146543018F0D9FBE0B98723C4F8D40615
:107BC00084F81D3884F81E0845F61F033168E95013
:107BD000EA1805F5B040B3889380391DA8F1040276
:107BE000253018F03CFDD4F8E406036808F10402DF
:107BF0005B69C7E7D4F8D8364B4508D100238B2200
:107C0000C4F8D83684F81D2884F81E38DCE7D4F888
:107C1000E0364B4518D100238C2205F5B040C4F85E
:107C2000E03684F81D2884F81E38A8F10402C4F850
:107C30001F98391D233018F012FDD4F8E4060368AC
:107C400008F102025B699DE701B0BDE8F08F00BF5B
:107C5000F61B02082DE9F14F90469DF83020DDF823
:107C600028A09DF82C90012A04460D469DF8380066
:107C70000D991E4646D1042844D904F5A047D1F8F1
:107C800000C0D7F8DC3663453CD14FF0000BC7F895
:107C9000DCB6304604F0C7FB80B3484604F0C3FBB3
:107CA00060B38D2387F81D3887F81EB845F61F038B
:107CB0002968E150E21845F6260BAB8893805146BF
:107CC0004A4687F8259804EB0B0004F0BCFB231808
:107CD000054600F5B040273003F80B6032464146B8
:107CE000204404F0B0FBD7F8E43619682A184D692F
:107CF00004F5B0410A321D311846A847002001B0F2
:107D0000BDE8F08FCDE90D10CDE90B923346424628
:107D100029462046CDF828A001B0BDE8F04F04F078
:107D200030BF06F0EAB8A0F5AC40A0F15000F8E78B
:107D300005F0C3BFA0F5AC40A0F15000F8E706F095
:107D4000EFB8A0F5AC40A0F15000F8E706F023B979
:107D5000A0F5AC40A0F15000F8E710B400F5A04049
:107D60009DF804400194D0F8540610BCFFF7DEBC27
:107D700008B500F5A040D0F85406FFF7ABFA08BDEF
:107D800000F5A04090F88336DB070CD50139C9B265
:107D900003290AD8064B5A5C90F89C361A4214BF45
:107DA000012000207047012070470020704700BF6D
:107DB0000F1E020870B500F5A0450446D5F8E4068C
:107DC0000368DB68984768B1D5F8E406902385F826
:107DD0001D38036804F5B0415B69BDE870400122BD
:107DE0001D31184770BD2DE9F04700F5A045044648
:107DF000D5F8E406089E1F460368DB68894690466E
:107E0000984720B3AD2E22DC882385F81D384FF02B
:107E100081414846F8F786FFF9F760F985F81E08B2
:107E20004046F9F75BF985F81F0804F5B040324683
:107E30003946203018F013FCD5F8E406036804F541
:107E4000B041F21C5B69BDE8F0471D311847BDE841
:107E5000F0874B88AD2B70B504460D4635D800F53C
:107E6000A0468E2386F81D38006D03689B6B9847EB
:107E70004FF08141F8F756FFF9F730F986F81E0800
:107E8000206D03685B6B9847F9F728F986F81F089F
:107E9000AB8886F8203804F5B0406A8805F14A01BD
:107EA000213018F0DCFBD6F8E4066D880368DB6847
:107EB000984750B1D6F8E406036804F5B0412A1D8E
:107EC0005B69BDE870401D31184770BD4B88AD2B14
:107ED00070B504460E4635D800F5A045842385F8D4
:107EE0001D38006D03689B6B98474FF08141F8F790
:107EF00019FFF9F7F3F885F81E08206D03685B6B2E
:107F00009847F9F7EBF8FF2385F81F0885F8203824
:107F100004F5B040728806F14A01213018F09FFB49
:107F2000D5F8E40676880368DB68984750B1D5F841
:107F3000E406036804F5B041321D5B69BDE870409A
:107F40001D31184770BD70B500F5A04605462022CA
:107F5000D6F854060C46FFF7EDF9D6F8E4060368A8
:107F6000DB689847C8B18F2386F81D3805F5B04304
:107F700021461E3304F1200251F8040B43F8040B90
:107F80009142F9D1D6F8E406036805F5B0415B6982
:107F9000BDE8704021221D31184770BD70B51446F0
:107FA0001A78032A054655D105F5A04291F84100FB
:107FB00092F8891602294FEA50003BD001293BD1A3
:107FC00000F0010192F88A66022E37D141F00201D9
:107FD00092F88B26022A37D141F004015B7821EA1E
:107FE000030111F0010024D005F5B14550352846B4
:107FF0000DF001F8C32015F02FFB80B2F8F73AFE20
:108000001549F8F743FF0121024628460DF09AF87A
:10801000059E284646F8044B0CF0F0FF044628461F
:108020000CF0EEFF22460146304618F018FB201DEA
:10803000C0B270BD0121C5E70021C3E7012E04BF16
:1080400000F002063143C3E7012A04BF00F0040038
:108050000143C3E70020ECE700007A444B6843602B
:108060008B688360CB68C3600B6903610B7D03750C
:108070008B698361CB69C3611F3100F1200300F577
:10808000907011F8012F03F8012B8342F9D170474A
:108090008B889A0903F03F0310B502FB03330446B3
:1080A0004A88006D52FA83F1036802319B68984751
:1080B000F8F7E0FD0649F8F735FEF9F735F800EB7B
:1080C0008000421C0021206EBDE8104004F083BAFD
:1080D000CDCC4C3E8B889A0903F03F0310B502FBD0
:1080E000033304464A88006D52FA83F10368023173
:1080F0009B689847F8F7BEFD4FF07C51F8F712FEE9
:10810000F9F712F800EB8000421C0021206EBDE858
:10811000104004F060BA2DE9F041044640689DF833
:1081200018701D460368DB6B164698476068036845
:108130002946D3F8E8309847606803683146D3F899
:10814000E43098473946606800220AF074F86068A5
:1081500084F824500368082D1B6EBDE8F0418CBFE5
:1081600010212021184700F5A0400023C0F8E03678
:10817000C0F8DC36C0F8D836C0F8D436C0F8D036EF
:108180007047000073B5094BD3E90445CDE90045BC
:1081900000F5A04600F5AC41D3E90223D6F8540619
:1081A0005831FFF7C9F802B070BD00BFC874002095
:1081B00007B500F5A0400023D0F8E4068DF80430A0
:1081C000036801225B6901A9984703B05DF804FBCD
:1081D00007B500F5A0400123D0F8E4068DF804307F
:1081E00003688DF805105B69022201A9984703B066
:1081F0005DF804FB2DE9F04100F5A04500F5B04322
:1082000085F81D18064614461E3302F1200152F867
:10821000040B43F8040B8A42F9D194F8403085F8F6
:108220003E3894F8413085F83F3894F8423085F86C
:10823000403806F5B04304F14402413304F18400B0
:1082400052F8047B43F8047B8242F9D106F5B14031
:108250002022013006F097F8D4F88430C5F8A13810
:10826000D4F88C30C5F8A538D4F89030C5F8A938C2
:10827000D4F88830D5F8E406C5F8AD38036806F5BB
:10828000B0415B69BDE8F04194221D3118472DE9EA
:10829000F74F00F5A0490546D9F8E406984603686B
:1082A000DB680E4692469847002870D0BAF1000F5E
:1082B0000AD032468A212846FFF79CFF0C9B002BF0
:1082C0005FD103B0BDE8F08F802389F81D3805F534
:1082D000B04332461E3306F1200152F8040B43F836
:1082E000040B8A42F9D1D9F8E406036805F5B041D8
:1082F0005B6921221D3198470C9B3BB941F28831C3
:10830000284602F093FEC9F85807DAE7404604F021
:108310008AF80028F2D005F5C844503405F5D64B4C
:1083200027460BF1100B4FF0FF330722314638463A
:10833000019318F01AF8002834D0BA6A019B9A42C7
:1083400038BF3C4607F16C0738BF13465F45ECD198
:1083500033682360B388A380B379A37106F1200149
:1083600004F1080018F073F9E86D03681B6898477A
:108370000C99A062424604F12C0004F073F8E071FD
:108380000CE0404604F04FF80028C4D199E70C9B5C
:1083900023B1404604F047F80028BCD1BAF1000FE1
:1083A0008FD1ABE73C46D3E7F0B5059C581C0D4692
:1083B00003F1210650F8047B45F8047BB042F9D163
:1083C00093F8210081F8400093F8220081F84100E1
:1083D00093F8230081F8420001F1440503F12400E1
:1083E00003F1640650F8047B45F8047BB042F9D1F0
:1083F00001F1200503F1840650F8047B45F8047B65
:10840000B042F9D1D3F88400C1F884008F2C0CDD80
:10841000D3F88800C1F88C00D3F88C00C1F8900024
:10842000932CC4BFD3F890301360F0BD43781B2B5E
:108430009DBF0448184100F00100012080F00100B8
:10844000704700BFFFFEFDF72DE9F04700F5A0499A
:108450000546D9F8D8480F2C8846174645F6DC065D
:1084600033DD06444FF000093046FFF7DFFF20B34D
:108470004FF0B10AA4EB09020AFB09F00AFB02F271
:1084800045F6DC0600F5B341B13A4C45D8BF0022B1
:1084900030440D31013C29440AFB04F4284417F010
:1084A00074FF2B1904F5B1449F555D343A4641469B
:1084B0002819BDE8F04718F0D2B809F101094C4578
:1084C00006F1B106D0D1BDE8F087B1235C430319B2
:1084D00004F5B1445D349A55204418F0C0F8D9F839
:1084E000D8380133C9F8D838EDE72DE9F34700F55E
:1084F000A046994696F84F37DDF82880022B0446AF
:108500008A46174660D9112386F81D3892F9020170
:10851000F8F7B4FB4FF07A51F8F704FC4FF08141C3
:10852000F8F700FCF8F7DAFD002386F81E0886F855
:108530001F3886F8203804255146204605F016FDE0
:10854000621945F61D016B1C50543878234480078E
:1085500054BF3879FF20585445F61F030021D154E9
:1085600045F62003404642F80390F8F721FE05F156
:10857000070909EB0003B02B05F5B045074605F1E7
:108580002405C8BFC9F1B0073A464146601918F042
:1085900066F804F5B041204607EB09021D31FFF7EC
:1085A00053FFD6F8E4060368DB68984748B1D6F86D
:1085B000E40683238DF80430036801225B6901A976
:1085C000984702B0BDE8F087082386F81D380125DA
:1085D000B2E72DE9F7430B9DA72D06468946904645
:1085E0001F4650D800F5A0441B2384F81D3892F98B
:1085F0000201F8F743FB4FF07A51F8F793FB4FF085
:108600008141F8F78FFBF8F769FD002384F81E0815
:1086100084F81F3884F820384946304605F0A6FC17
:1086200084F8210898F800309B0758BF98F8043068
:1086300084F8237848BFFF233F0A84F8223884F85F
:10864000247884F825580DB306F5B0402A460A99D7
:10865000263018F004F805F1090206F5B04130465D
:108660001D31FFF7F1FED4F8E4060368DB68984794
:1086700048B1D4F8E40683238DF80430036801225E
:108680005B6901A9984703B0BDE8F0830922E4E7DC
:1086900070B5044604F5A0460846D6F8D838002B35
:1086A0001CDD96F8DC5804F5B1412A465D3117F01F
:1086B000D6FFD6F8D838B1215A1EC6F8D828002BD4
:1086C00001FB02F204F5B14004F5B341D8BF00222A
:1086D0000D315C3017F059FE284670BD0020FCE7D4
:1086E0002DE9F34700F5A0451E4695F84F37022BBC
:1086F000DDE90C9804468A4617466CD9102385F8A4
:108700001D3896F90201F8F7B9FA4FF07A51F8F7E7
:1087100009FB4FF08141F8F705FBF8F7DFFC002378
:1087200085F81E0885F81F3885F82038042045F69E
:108730001D028318DAF800C044F803C0E118BAF843
:1087400004308B803178831D8907234454BF3179ED
:10875000FF219954231845F624020A999F5445F69F
:108760002502B9F1000F995000F10C0708DD00F562
:10877000B04029300B994A46204417F070FF4F440F
:108780004046F8F715FD3B18B02B45F61D09064687
:10879000C8BFC7F1B00607EB090032464146204486
:1087A00017F05DFF2046BA1904EB0901FFF74CFEF4
:1087B000D5F8E4060368DB68984748B1D5F8E406C5
:1087C00083238DF80430036801225B6901A998476F
:1087D00002B0BDE8F087072385F81D380120A6E721
:1087E000F0B585B016461F4604460D4605F0E9F97A
:1087F0000A9B03930022CDE90122009733462946C4
:108800002046FFF76DFF05B0F0BDF0B585B0164608
:108810001F4604460D4605F0D4F90A9B0393002336
:10882000CDE9013300973346012229462046FFF760
:1088300057FF05B0F0BDF0B5044685B016461F469B
:108840000D4605F0BEF941F28831204602F0EEFBFC
:1088500004F5A0430222C3F858070B9B039304239B
:1088600002930A9B2946CDE9007320463346FFF761
:1088700037FF05B0F0BD2DE9F043044685B008464A
:10888000884615461E4605F027FD04F5A049074613
:1088900058B199F89F360133DBB23246294620465B
:1088A00005B0BDE8F04303F038BA2946404605F06C
:1088B0001EFD99F89F16ADF80C000131C9B2009168
:1088C000334603AA29462046ADF80E7003F052FA4B
:1088D00005B0BDE8F0832DE9F04300F5A0449846CB
:1088E00094F8FE3685B00546174653B194F89F3686
:1088F0000133DBB24246394605B0BDE8F04303F030
:108900000CBA6B4604F5D866994604F5DA6430680B
:1089100071681A4603C20836A6421346F7D105F518
:10892000AE445C34204605F0D7FC434600280CBF1B
:10893000214649463A462846FFF79DFF05B0BDE867
:10894000F08300002DE9F8430446042017460D4645
:108950009846FCF7FCFF5E4B036006464020FCF7A0
:10896000F6FF1021814605F08BFC5A4B23603368DB
:108970006665C4E913950025C4E904551B68656064
:1089800030469847012384F82C30534BA364534B53
:108990002360089BA4F85850C4E90605C4E90955AA
:1089A000C4E9105525626366C4E9178704F16800BD
:1089B000254602F0F9FD4A4B45F8C83B04F59C46B4
:1089C00068362846B83502F0E0FDB542F9D104F525
:1089D000A647503704F5AC463D465036284630355C
:1089E00002F0D3FDB542F9D104F5804304F5A0456A
:1089F000002604F5A040C3F8686E31464FF40272B9
:108A0000403017F0DCFC4FF440723146C5F8486244
:108A1000EE63C5F84C62384617F0D1FC314B236049
:108A2000F833C5F85036099BC5F8543604F5B14003
:108A30000A9BC5F8E836B421C5F8E466C5F8EC66CB
:108A400050300CF0C5FA2046A5F8FC66C5F8D86889
:108A500085F84F67FFF787FB04F5C04304F5C8406E
:108A6000C3F84C643146C5F85067C5F858674FF4F1
:108A7000D862503017F0A3FC04F5AE403146102206
:108A80005C3017F09CFC04F5AC435C33314618466F
:108A900085F8FE66742217F092FC4FF07E52124960
:108AA000C5F8582617F0D3FD104BC5F88436104B87
:108AB000C5F87C364FF4A163A5F88036162385F8F7
:108AC000883685F89666C5F898662046BDE8F8832E
:108AD0001C1E02083822020880EE3600D822020846
:108AE0009C230208281E0208F91B020800007A4293
:108AF0008D675944F0B5054605F5A0449FB005F1D2
:108B0000680602F082FED4F854063146FEF74AFAAF
:108B1000E8B902A802F028F9602202A9304617F04D
:108B20009EFD0A2795F86830013BDBB2FD2B09D981
:108B300002A802F019F9602202A9304617F08FFD51
:108B4000013FEFD1D4F854063146FEF733FA042240
:108B500031461BA803F052FD05F5AC401BA95C3063
:108B600017F075FD594BD4F8540605F5AC41583152
:108B7000A3F10802FEF7A4FCD4F88C66002130466D
:108B8000F8F76EFA002840F0988051493046F8F71F
:108B900085FA00B14E4EC4F88C66D4F858660021B0
:108BA0003046F8F75DFA002840F0898049493046A0
:108BB000F8F774FA00B1474EC4F85866D4F87C66EA
:108BC00045493046F8F74CFA00287AD143493046F7
:108BD000F8F764FA00B1414EC4F87C66D4F88466B4
:108BE0003F493046F8F73CFA00286CD13D49304601
:108BF000F8F754FA00B13B4E94F88036C4F8846616
:108C00000C2B28BF0C23052B38BF052384F8803696
:108C100094F88136D4F85406082B28BF0823052B76
:108C200038BF052384F8813694F98836162BA8BFFF
:108C300016236FF008029342B8BF134684F88836B3
:108C400094F89636D4F89826012B28BF012384F88F
:108C50009636254B9A4294BFC4F89826C4F89836A5
:108C600005F5AC4605F5804200235036C4F8F836C9
:108C70003146C2F8683EFEF765FA284604F035FA38
:108C80001A4A1B49284605F0FAF8D4F8540631462A
:108C9000FEF7E6FA94F88136009394F88036D4F81B
:108CA0008426D4F87C161348FFF735FA94F9881611
:108CB000104805F0B6FC1FB0F0BD00266BE700269B
:108CC0007AE7054E88E7064E96E700BFD874002085
:108CD0000000A041000010410000164300401C4568
:108CE0009A99F9400000FA4380510100001C0208E3
:108CF000191C020808750020084B002218688842D9
:108D000002D85868884206D20132032A03F10803C8
:108D1000F4D1002070470120704700BF301F0208C7
:108D200000F5A0400B68C0F8E4161B680846184719
:108D300000F5A04300F5AC41024AD3F85406503187
:108D4000FEF7F4BBF37800082DE9F04F00F5A045DD
:108D5000C5B095F86C77162F04460E4653D10129FD
:108D600013D8B5F86C87B8F13D0F40F0AD863A3FA7
:108D7000072F00F25C81DFE817F0280938094A095B
:108D80005A015A015A015A01630995F86D3785F85D
:108D90004F370D2385F81D3843F20D23A5F81E38F3
:108DA00045F62502082385F820381044D5F890367A
:108DB000C5F821380023A350B9494360836017F0F8
:108DC00046FC04F5B040B7492822313005F0DBFA03
:108DD00004F5B04014225930B34905F0D4FA95F89F
:108DE0009E3685F86D38D5F8E40695F89F3685F8F7
:108DF0006E3803685B69522204F5B0411D3145B0FD
:108E0000BDE8F04F1847012F40F08280072940F25B
:108E1000EA8445F26C7206440023B35485F8FC36AC
:108E2000052385F81D3895F8883685F81F381623F0
:108E300085F8203800F5B04385F81E7800F1680207
:108E4000213300F1880152F8040B43F8040B8A42E5
:108E5000F9D1964F90A3D3E90023D7E90401F7F79E
:108E60002BFBF7F7D9FD8CA3D3E900230646D7E9FE
:108E70000201F7F721FBF7F7CFFD95F8823685F869
:108E8000493895F8943685F84A3895F88A3695F831
:108E90008B268749C5F841089B0043EA021395F8E1
:108EA0008926D5F87C06C5F84568134385F84B3804
:108EB00095F8833685F84C38F7F734FFF8F734F92E
:108EC0007B49C5F84D08D5F88406F7F72BFFF8F76E
:108ED0002BF904F5AC4795F8803685F855385C37A2
:108EE00095F8813685F85638C5F851083846F8F7B0
:108EF0005FF90246064604F5B0403946573017F090
:108F0000AEFBD5F8E406036806F13A025B6973E745
:108F1000022F40F087800D2940F2658400F5AE41B4
:108F20000622733195F86DB795F86E97D5F86FA74F
:108F300004F06FFE804600286DD0BBF1010F69D8A8
:108F400004F5AE4707F179073E444FF0000306F8F9
:108F50000D3C06AE1CD1D4F85CA0DAF800305046C7
:108F60001B689847DAF804309842024698BF5A1CAA
:108F7000CAF804204B46CDE900764146204604F06D
:108F8000C6FA002316930646002835D1032173E064
:108F900016ABCDE90073029601464B465246204679
:108FA00004F064FA06460028F0D0169B23B3606DE7
:108FB00004F5C0470368D7F84C941B6898470C2207
:108FC00002FB094946F2EC33169949F80300D7F839
:108FD0004C3446F2F03002FB03420133115046F2AA
:108FE000F43142F801805A4202F0070203F007030D
:108FF00058BF5342C7F84C34771E06237E4285F88B
:109000001D387E41169B85F81E68C5F81F38069BE3
:1090100000F018BD01273946204645B0BDE8F04FA5
:10902000FFF7D6B8032F22D195F86D370BB1012188
:10903000F2E795F86E17D5F86F7716AA04F05DFF82
:1090400008B9022118E004F5AE437333073E0093DC
:1090500004F5AC4301965C3316AA3946204604F069
:10906000CBFA0028EDD02046FFF7A2F881E03E2F92
:1090700055D1032904D806212046FFF7A9F878E046
:1090800095F86E7795F86D87384603F0CCF988B976
:10909000FF2FF0D1032517E00000000080842E414F
:1090A000201C02082C1C0208431C0208C874002063
:1090B00000007A44FF2FEDD004F5AE413A466F31FF
:1090C00006A803F0C0F9C51C631945F26C7241464D
:1090D00013F8029045F26D72204613F802A0AB1C03
:1090E000B34216AA34BFF61A002604F006FF002881
:1090F000A7D059EA0A23BED0A72EBCDC05F5AE45A1
:109100006E352544CDE9003502963B4606AA16A9E0
:10911000204604F0B1FA00283FF438AFA3E7042F4B
:109120002AD195F8FC360BB1042175E7042986BFD6
:10913000D5F86D37C5F8F036C5F8F03602238DF84E
:10914000583000F58043D5F8E406D3F8683ECDF8F2
:109150005930036805225B6916A99847204604F038
:109160002DFF012385F8FC360023C5F8EC06C5F871
:10917000F43645B0BDE8F08F082F28D1012912D868
:10918000B5F86C87B8F13D0F40F09E844FF03D0874
:10919000192F40F02384052E00F2F583B8F1340F27
:1091A0007FF445AFE3E54E1E1F2E28BF1F2645F274
:1091B0005C6500F5AE4132466D312844264417F017
:1091C0004EFA002373552046FEF7DCFF38E00E2FE1
:1091D00001F04E80052F10D1C06D09238DF8583055
:1091E00003681B689847CDF85900D5F8E406036872
:1091F0005B693A4616A99847BBE7062F26D1042992
:1092000010D8B5F86C87B8F13D0F40F05D84022EA0
:109210007FF6ADAD95F86E37022B00F2F98185F837
:109220009F36D0E7C06DD5F86D5703681B68984727
:109230008542C0F0ED81E06D036829465B68984780
:10924000204645B0BDE8F04FFEF7B2BF072F37D13B
:1092500095F8943600F5AC415C3103BB03F052FD48
:109260000746002800F0CC80012E23D995F86D37F1
:10927000012B1FD116AA05F5D863944605F5DA65CA
:1092800018685968164603C60833AB423246F7D110
:1092900000233A4661462046FFF7EDFAD0E7AD4895
:1092A000D0E90423CDE90023D0E90223204603F0CE
:1092B0003FFDD5E700223946204603F079F8BFE7A5
:1092C0000D2F15D120299CD900F5AE4120226D31FA
:1092D00004F09FFC002800F0C887FF2380F842308C
:1092E00041F28831204601F0A1FEC5F85807A7E7F2
:1092F000092F38D1232984D900F5AE4120226D31C0
:1093000004F087FC0746E06D03681B68984704F586
:10931000AE48069008F16C0857B14346009606AA7D
:1093200039462046FFF740F8069BC7F88830D7E754
:1093300016A802F02AF943462046009606AA16A966
:10934000FFF732F8069B389320463B9704F0B5FCB4
:1093500000283FF41BAE41F28831204601F066FE42
:10936000C5F858077FE6122F0BD80E2F40F2558113
:10937000A7F10F03032B00F24D81DFE803F0193151
:1093800054A01E2F3ED0152F40F24A81262F00F008
:1093900006822B2F00F0E681B5F86C87B8F13D0FFF
:1093A00040F07B82022E3FF635AF4FF03D0860E281
:1093B00000F5AE466D363146202204F02AFC014607
:1093C000002800F05287204604F08BFC002800F0B3
:1093D0004C87D5F8540620223146FDF7ABFF7FE7D6
:1093E00000F5AE416D31202204F013FC0146002847
:1093F00000F03B87204604F079F900287FF420AF85
:10940000032109E600F5AE4120226D3104F001FC94
:109410000246002800F029870321204645B0BDE818
:10942000F04FFEF7E7BE20292CD895F8943600F5CA
:10943000AC415C31DBB903F065FC06460028DFD0A7
:10944000037843F00103037004F5B0410B2385F862
:109450001D381E3103F022F831460746204601F040
:10946000D5FDD5F8E40603687A1C5B69C4E4394885
:10947000D0E90423CDE90023D0E90223204603F0FC
:1094800057FCDAE700F5AE416D31202204F0C1FB54
:109490000146002800F0E98604F5B0421E3220465D
:1094A00004F047F90246002800F0DF860B23D5F8C8
:1094B000E40685F81D38036801325B699CE4622983
:1094C00000F29C80B5F86C87B8F13D0F44D0B8F13C
:1094D000340F40F05983212E00F21B82272F00F019
:1094E0007B86322F3FF4A3AD1C2F00F0B2861D2FD8
:1094F00000F0A4861F2F40F07083012E7FF637AC5A
:1095000095F86D6716AA3146204604F0F6FC00284F
:109510003FF497AD122304F5B04085F81D380DF1E6
:10952000790185F81E681F3017F091F804F5B043F3
:109530000DF159023F330DF1690152F8040B43F864
:10954000040B8A42F9D1D5F8E406036832225B693C
:109550007FE200BFC874002002293FF65BAE392FBE
:1095600040F08082212E7FF662AD04F5AE412022CC
:109570006D31204604F04DFB074616A802F005F8B1
:10958000002F40F06B82394698221EA816F017FF74
:1095900016AF05F26D7305F28D7C186859683A466E
:1095A00003C2083363451746F7D116A9204604F0D5
:1095B00084FB00283FF4EAAC04F5AF420D3216AF4D
:1095C00006A9A6F12103019105A90091DBB2394654
:1095D000204604F054F9064600283FF4D7AC204654
:1095E000FEF7C1FD059BC5F8E036062285F81D286B
:1095F000721E5642564185F81E6806E54A1E00F561
:10960000AE41D2B26D3104F09DF800287FF418AE5F
:10961000062101E5152F3FF6B9AE092F40F2E38090
:10962000A7F10A030B2B00F21E81DFE813F00C00F8
:10963000250074001C011C011C011C011C011C01E3
:109640001C011C01870004F5B0461D36314620463A
:10965000FFF71EF8021E06DDD5F8E40603685B6915
:109660003146FFF7CCBB0A23D5F8E40685F81D3850
:10967000036801225B69F3E70B2ED5F86D17D5F867
:10968000717795F8759795F8768742D995F8776749
:1096900026B12046FFF730FB0028B9D0CA4AA1F511
:1096A0001233A3F5F8739342B2D8A9F10503072B3F
:1096B000AED8A8F10503032BAAD8C44AA7F5DA53FC
:1096C000183B9342A4D885F8809685F88186084691
:1096D000F7F7D0FABE49F7F7D9FBC5F87C0638464C
:1096E000F7F7C8FABA49F7F7D1FB85F89E66C5F8CF
:1096F00084062046FEF746FD95F88136009395F8DE
:109700008036D5F88426D5F87C16B248FEF703FDDE
:1097100096E50026C2E795F86D2702F10903DBB252
:109720001F2B3FF675AF204685F88826FEF72AFDE9
:1097300095F98816A74804F074FF81E5D5F86D0700
:10974000D5F87167F7F796FAA149F7F79FFBC5F8C7
:109750008C063046F7F78EFA9D49F7F797FBC5F868
:10976000580630E59A49D5F88C06F7F7DBFAF7F793
:10977000DBFC97490646D5F85806F7F7D3FAF7F712
:10978000D3FC1723C5F82208D5F8E40685F81D3860
:10979000C5F81E68036809225B69FFF72DBB95F8C1
:1097A0006D3785F88336022E7FF60DAD95F86E374E
:1097B00003F0030285F88926032EC3F38102C3F365
:1097C000011385F88A2685F88B363FF4FCAC95F8B2
:1097D0006F3785F89436042E3FF4F5AC95F8703762
:1097E00085F88236EFE4B5F86C87B8F13D0F40F0AC
:1097F0008480022E3FF60EAD172F6ED0182F7FF407
:10980000C5AC402E7FF6B3AA04F5AE466D363046A1
:1098100001F0ECFE00283FF4FBAE16A801F0C4FEF8
:10982000314616A8402201F07DFFD5F8540616A94E
:10983000FDF7C0FB002800F0A38016A9602204F108
:10984000680016F00CFF2046FEF7B2FC04F58043DA
:10985000002204F5AC41D5F85406C3F8682E503107
:10986000FDF770FC85E4B5F86C87B8F13D0F3FF467
:1098700099AD132F11D104F5AE40574906226D3032
:1098800016F073FD002840F01F81D5F8583713B14A
:109890002046FFF74DFAFDF7ADFF142F1BD10C2327
:1098A000C3208DF8583013F0D7FE0646D5F854067D
:1098B000FDF736FB0446D5F85406FDF740FBCDF81E
:1098C0005F00D5F8E406ADF85960CDF85B40036859
:1098D0000B225B698EE4172F0FD10E2340220DF16E
:1098E000590104F168008DF8583001F0F7FED5F801
:1098F000E406036841225B697CE4182F7FF448ACDE
:10990000402E81D8B8F1340F7FF431AA212E7FF692
:109910008EAB04F5AE4120226E31204604F079F979
:109920000646002800F0A1844FF60363ADF85830D6
:10993000206E0023ADF85A308DF85C3003680422A5
:109940001B680DF15D019847FF2396F8427086F879
:10995000423006AB019305AB00933146092316AAAA
:10996000204603F0E9FF86F84270064600283FF4DF
:109970000DAB2046FEF7F7FB059BC5F8DC3634E659
:109980000521FFF779BB95F96D3795F86D77002BB9
:10999000FFF64DABBB1DB3423FF649AB45F26E75CA
:1099A000BA1C79192144B21A204602F07AF901460C
:1099B00000283FF425AD0023009362193B46204662
:1099C00002F009FA3CE400BFB0DB2300C8850700C1
:1099D00000007A4408750020531C02081A2F7FF4F7
:1099E000BEAD202E7FF623AB04F5AE4120226D31B3
:1099F000204604F00EF9264445F26C730022F2541E
:109A00000746002800F0318404F5AF42014616AB4A
:109A10000D32204603F0BEFE064600283FF4B6AAEB
:109A20002046FEF7A0FB3B68C5F8D036701E4642C4
:109A30004FF00602464185F81D2885F81E68C5F8D6
:109A40001F38169BD5F8E406C5F8233803685B6910
:109A50000A2204F5B0411D31FFF7CDBB04F5AF423A
:109A60000D32ADE51B2F2FD1202E05D8B8F1340FC4
:109A70007FF47DA9FFF7DBBA04F5AE4120226D31FA
:109A8000204604F0C6F80746002800F0EE8316AB27
:109A90000093014606AB0122204603F0AEFF0646C6
:109AA00000283FF473AA2046FEF75DFB711E3B6859
:109AB000C5F8D4364E424FF006034E4185F81D38A6
:109AC00085F81E68069BBAE7B8F1340F3FF403AD82
:109AD000272F59D1232E3AD8042E7FF448A904F514
:109AE000B146503630460BF086FAC32013F0B4FD71
:109AF00080B2F7F7BFF8B149F7F7C8F9012102467C
:109B000030460BF01FFB8B2385F81D38002385F8AA
:109B10001E3845F61F03A16EE150E218B4F86C3010
:109B2000938030460BF06AFA074630460BF068FA2D
:109B3000014604F5B0403A46253016F090FDD5F8C0
:109B4000E406036807F108025B69FFF755B904F5FD
:109B5000AE4170312022204604F05BF80146002817
:109B600000F0838316AB0093032206AB204603F07C
:109B700044FF064600283FF409AA2046FEF7F3FA00
:109B8000069BC5F8D83651E7322F7FF4ADAC212EB5
:109B90007FF6EDA804F5AE416D312022204604F099
:109BA00038F80146002800F0608316AA019206AA40
:109BB000A6F12103009204F5AF42DBB20D3220463C
:109BC00003F0BAFE064600283FF4E0A92046FEF75F
:109BD000CAFA069BC5F8E03628E7202F33D1412E7C
:109BE0003FF625AA312E7FF622AA04F5AE413A4669
:109BF0006E310DF1790095F86D6704F0B5FB102218
:109C000000210DF1690016F0DAFB04F5AF430E33C5
:109C10000DF1590203F1100153F8040B42F8040B43
:109C20008B42F9D116AA3146204604F079F9002872
:109C30003FF407AA04F5AC41D5F854065031FDF7BE
:109C4000FDFCFFF710BA212F22D1132385F81D3810
:109C5000002385F81E38D5F8E4064FF40053C5F804
:109C60001F38036804F5B0415B6906221D3198472F
:109C7000D5F8500708B116F015F84FF4005016F05B
:109C800009F80023C5F85007C5F85437FFF771BA33
:109C9000222F00F03382232F1ED1D5F85027002A1F
:109CA0003FF442AA04F5B041D5F854371E3104F10F
:109CB000680001F05FFDD5F8500715F0F3FF0023B1
:109CC000D5F8E406C5F85037142385F81D38036825
:109CD00041225B69FFF790B8242F00F02D82252FD9
:109CE00000F07F82282F09D11523D5F8E40685F8E6
:109CF0001D38036801225B69FFF77EB8292F12D156
:109D0000032E7FF694A9264445F26C73002504F5D2
:109D1000AE40F5543A216D3016F068FB00283FF450
:109D200077AC057074E42A2F18D1212E7FF67FA915
:109D300004F5AE4804F5C84604F5D64708F16E08A8
:109D40005036103707224146304616F00EFB0028E9
:109D500000F058826C36B742F4D186E2382F40F0DA
:109D60008F80012E7FF663A995F86D3743BB1822CB
:109D700085F81D2885F81E38C32013F06DFC0746B2
:109D8000606D03681B6898470646E06C03685B6972
:109D90009847A5F81F784FF47A73B6FBF3F6C5F829
:109DA0002168B4F8583085F82708D5F8E406A5F8F6
:109DB000253803680B225B69FFF71EB800007A4460
:109DC000012B37D1182285F81D2885F81E38206D03
:109DD000C54E03681B6A98478246706803681B6F0C
:109DE00098478146706803685B6F98476369276985
:109DF000A5F81FA8804648464FF47A72B3FBF2F6E6
:109E0000B7FBF2F7F7F76AF94FF0814185F82108BF
:109E10004046F6F787FFF7F761F985F82208D5F88D
:109E2000E406C5F82378C5F8276803680E225B6945
:109E3000FEF7E2BF022B7FF4EBAB182285F81D285A
:109E400085F81E38D4E90E01D4E90C76A64BC5F886
:109E50002F085A69D3F810C0D5F8E406DB68C5F8B6
:109E60003728C5F81F38C5F823C8C5F82778C5F8BE
:109E70002B68C5F8331803681E225B69FEF7BCBF68
:109E8000332F1FD104F5AE40984905226D3016F0EE
:109E90006CFA00287FF4CBA8D5F8E40610B103686B
:109EA0005B689847D5F85406FDF76DF838B1204641
:109EB000FEF77EF94FF47A7013F032FDEBE40521E2
:109EC000FFF7AAB8362F00F0DA803F2F00F0E680C7
:109ED000402F61D11C2385F81D3895F8A13604F573
:109EE000B0411D31002B50D004F5AD43213304F5B2
:109EF000B0421E3203F11C0053F8046B42F8046BAD
:109F00008342F9D1188810809B78937004F5AD4393
:109F1000403304F5B0443D3403F1100253F8040B10
:109F200044F8040B9342F9D1D5F8E40603683022D3
:109F30005B69FEF764BF04F5AE40112E00F15C00D2
:109F40000FD904F5AE436E3303F1100253F8041B2E
:109F500040F8041B9342F9D1002385F8FE36FFF741
:109F60006FB9102216F02BFAF6E704F5AD401F2268
:109F70000021213016F023FA04F5AD401022002113
:109F8000403016F01CFAFFF71EB9D5F8E406036856
:109F900001225B69FEF733BF372F7EF4E8AE012E56
:109FA0007FF645A895F96D37002BBFF640A804F55C
:109FB000AE416D31721E204601F09AFE0146002826
:109FC0003FF41EAA0022FFF777B995F86D3785F8A0
:109FD0009C36022E7FF6F7A895F86E37402B28BFE7
:109FE000402385F8A036FFF7EEB8192385F81D3811
:109FF00095F89C3685F81E38D5F8E40695F8A03615
:10A0000085F81F38036803225B69FEF7F5BE1A2343
:10A0100085F81D38364BC5F81E38C5F82238354B43
:10A02000C5F82638C5F82A38D5F8E406324BC5F805
:10A030002E38C5F83238036819225B69FEF7DCBE9A
:10A04000032E7EF6F4AF204600F0CCFF0746002832
:10A050003FF4D6A904F5AE420146B31E6E32204647
:10A0600095F86D5700F081FF00283FF4D1AA002336
:10A070002A463946204601F061FAFFF7E1B8012E81
:10A080007EF6D5AF95F86D1700293FF454AF01293E
:10A090007EF4CDAF85F8FE16FFF7D2B8002E3EF461
:10A0A000C6AF2F2E7FF661AF04F5AE456D3528465D
:10A0B000F7F77EF801381D283FF6AAAA04F5AD404F
:10A0C0002946213016F0C3FA04F5AF430C3304F5EA
:10A0D000AD42403203F1100153F8040B42F8040B77
:10A0E0008B42F9D1FFF76FB8087500205A1C02089F
:10A0F000689B060077440D00F0010E00012E7EF6ED
:10A1000096AFD5F8500700283FF40EA8D5F854377D
:10A11000013E9A19B2F5005F3FF672A904F5AE410F
:10A12000184432466D3116F09AFAD5F85437334454
:10A13000C5F85437FFF784B80A2E7EF678AFA6F13B
:10A140000A03B22B3EF613AEDFB295F8753703F073
:10A15000030147FA01F8B8F1400F3FF759AA01226D
:10A160008A40013A12EA07097FF452AAD5F86DA78E
:10A17000D5F871275146204601F0A8FD0646002873
:10A180003FF43EA904F5AE42763201463B462046F6
:10A19000CDF8009001F01FFEB388206D718819443E
:10A1A000036802319B68984723680146D3F8B430AE
:10A1B0005FFA88F2204698470623C5F82308D5F8A9
:10A1C000E40685F81D3885F81E98C5F81FA80368B1
:10A1D0000A225B69FEF710BE042E3FF480ACFEF746
:10A1E00026BF042E7EF623AFD5F86D3733B138493C
:10A1F000A3F5C332A03A8A423FF60AAAC5F89036C0
:10A20000FEF7E1BF162385F81D38B36AC5F81E387E
:10A21000F27985F8222804F5B04006F12C012330AC
:10A2200002F011F9D5F8E4361A68556904F5B04121
:10A23000821D1D3118462B46FEF7E1BD202E7EF60D
:10A24000F6AE04F5AE416D31204603F080FCFEF71A
:10A25000F7BF202E7EF6EBAE04F5AE416D31204601
:10A2600003F098FC00287EF4EBAF0221FEF7D4BE89
:10A2700008297EF6C6AFD5F86D07164B164AD5F8F5
:10A280007157034493423FF6C3A995423FF7C0A9D3
:10A29000124B9D42FFF6BCA9F6F7A4F80AA3D3E936
:10A2A0000023F6F733FA0E4EC6E902012846F6F708
:10A2B00099F805A3D3E90023F6F728FAC6E90401C3
:10A2C000FEF781BFAFF300800000000080842E41C4
:10A2D0009FBB0D00804A5D050095BA0A006B45F5ED
:10A2E000C8740020F0B500F5A0440546D4F8E40693
:10A2F000036805F5AE416C319B69AFB098470146E4
:10A3000028B128462FB0BDE8F040FEF71DBD94F8F7
:10A31000FC36002B3AD0D4F8E40603681B69984752
:10A32000A0BB684601F031F905F5AD476C376A46C8
:10A330002946384603F044FE064690B9042384F8C3
:10A340001D38D4F8E406D4F8F436C4F81E3803688F
:10A3500005F5B0415B6905221D31984784F8FC661C
:10A3600014E09DF84030002BE1D0D4F8F036229A6A
:10A370009A420BD96A4603212846FDF73BFF229BF0
:10A38000D4F8F426934201D9C4F8F4362FB0F0BDC6
:10A3900010B50446C06C03685B699847002807DC69
:10A3A00004F5A044D4F85807003818BF012010BDA8
:10A3B0000120FCE72DE9F04745F2FF66ADF5916D10
:10A3C00000EB0609044602AF4846F6F7F1FEDFF857
:10A3D000BC8205464FF0000A404612F075FC00288A
:10A3E00048D04E2D10DC404612F040FEC1B20A2982
:10A3F00006D06B1CE2182544A95502F806A01D469C
:10A40000404612F069FEE7E74F2D05D104F5A04361
:10A410000D2283F84E274F25013D254445F2FF6369
:10A42000EA5C0D2A2AD10022EA54994904224846BE
:10A4300015F09BFF04F5A04640BB04F5AE4503357F
:10A4400094490422284615F090FFE0B904F5AE4087
:10A45000073015F01AFCC6F890062046FDF792FE6C
:10A46000D6F890268C49894812F05FFE002386F8C2
:10A47000FF3603E04F2DC9D0002DCDD107F59067F1
:10A48000BD46BDE8F08785492A46ECE78449484641
:10A49000F6F784FEF0B9D6F85406FCF774FDB8B1AF
:10A4A00004F16801D6F85406FCF784FD2046FDF758
:10A4B00069FE2046FEF73CFC04F5AC415031D6F86D
:10A4C0005406FDF7BBF87749704812F01BFECDE744
:10A4D0007549F9E775494846F6F760FE38B9D6F888
:10A4E0005406FCF750FD0028F2D07149ECE77149A1
:10A4F0000222484615F039FF8046002840F0EC80E3
:10A5000004F5AE4502356C490922284615F02DFFA9
:10A5100088BB04F5AE450A35044668495B482A46BF
:10A5200012F003FED6F854162A463846FCF713FDFF
:10A5300074B3D6F854164A68002A97D02B4607F50C
:10A540009070FCF710FD002207F5907107F5107070
:10A550000AF0DAFFDFF86891DFF83081DFF864A1F4
:10A5600007F510700AF0C6FF002860D107F590705B
:10A570000AF078FF7AE754490822284615F0F5FEDC
:10A5800020B904F5AE4509350124C6E74446C4E7C1
:10A5900038460AF0AFFF98B12246394607F51070E9
:10A5A0000AF0B2FFDFF82491DFF8E080DFF820A1A5
:10A5B00007F510700AF09EFF60B938460AF052FFA6
:10A5C0002B78002BB5D043492846F6F7E7FD002845
:10A5D000AFD04BE707F510700AF093FFB0B107F565
:10A5E00010700AF08CFF2A4603465146404612F08E
:10A5F0009CFD394607F5587000220AF085FF07F5E3
:10A60000587107F51070FDF729FDD1E707F51070B7
:10A610000AF075FF044607F510700AF0FDFE2346A8
:10A6200000902A464946404612F07FFDE1E707F5D3
:10A6300010700AF066FFB8B107F510700AF05FFFFE
:10A640002A4603465146404612F06FFD07F59071C9
:10A6500007F5587000220AF057FF07F5587107F503
:10A660001070FDF7FBFC7BE707F510700AF047FF61
:10A67000044607F510700AF0CFFE234600902A46E4
:10A680004946404612F051FDE0E700BFA4790020A2
:10A69000601C0208651C02086A1C02087F1C020874
:10A6A0009C1C0208A41C0208BF1C0208D51C02083E
:10A6B000DB1C0208EA1C0208ED1C0208F71C020859
:10A6C000581D0208431D0208B01D0208221D020881
:10A6D0000C1D0208B71D020853490322484615F015
:10A6E00044FE804600285ED104F5AE4909F1030915
:10A6F0004E490922484615F038FE0546002840D14B
:10A7000004F5AE440B34D6F85416224607F5107003
:10A71000FCF721FC6DB1D6F8541607F558704A685D
:10A720002346FCF720FC07F5587107F51070FDF77C
:10A7300095FC07F510700AF0DDFE00283FF496AE98
:10A7400007F510700AF0B9FDC31D23F00703E846B2
:10A75000ADEB030D02AD82B20446294607F5107039
:10A760000AF02DFE22463248294601F061FF3149A8
:10A770002F4812F0ADFC07F510700AF073FEC546C5
:10A7800074E62D490822484615F0EFFD20B904F57E
:10A79000AE440A340125B6E72849254812F0B2FC38
:10A7A00086F8FF866AE626490322484615F0DDFD55
:10A7B00080BB96F802373BB104F5AE45023521491E
:10A7C0002846F6F7EBFC08B91F497DE61749092230
:10A7D000284615F0CAFDD6F8548638B904F5AE45BA
:10A7E0000A3529464046FCF7C7FB0EE0124908220D
:10A7F000284615F0BAFD0028F3D104F5AE42D8F88A
:10A80000041009324046FCF7BAFB08B10F495BE679
:10A810000F4959E60F494846F6F7C0FC08B9FCF75E
:10A82000E9FF0D4950E600BF781D0208ED1C020843
:10A83000A479002069B00208B01D02087C1D02083E
:10A84000B91D0208B71D0208BD1D0208D31D02086C
:10A85000E01D0208531C0208F61D020838B5044624
:10A8600004F5A04503F0C2FB95F8FD3620467BB108
:10A87000FFF7A0FDD5F8581749B1204600F0CAFBF4
:10A8800028B12046FEF754FA0023C5F8583738BDE2
:10A89000FFF728FDEEE738B50C468D18AC4200D125
:10A8A00038BD4FF48071002012F041FE04F8010B16
:10A8B000F4E737B504460846694601F060FE251DF9
:10A8C00004F2045408222946684615F04EFD18B9D2
:10A8D0002860686003B030BD0835A542F2D1F9E7C1
:10A8E000F7B50E4604466946304601F048FE251D80
:10A8F00004F2045708222946684615F036FD98B937
:10A90000337803F00303023B012B07D9D4F80C354D
:10A910000133C4F80C35012003B0F0BDD4F808357C
:10A920000133C4F80835F6E70835AF42E2D1D4F870
:10A9300004256B4603CB04EBC20250609160D4F84F
:10A940000435A022013393FBF2F102FB1133C4F86A
:10A9500004350020E0E7000038B5124C06224FF421
:10A96000E131204612F038FB0F4B00251D7100F03D
:10A97000B3F900B9FEE70D4803F04EFE12F0C8FD32
:10A980000B4803F06FFF0B48FCF7C4FE29460A484A
:10A99000FEF7B0F809490848CC60BDE83840FEF73A
:10A9A000BFB900BFA4790020F87600200875002008
:10A9B00018770020B0740020D0030020F07300202E
:10A9C00038B50B4D2846FFF749FF12F0A5FF094B9C
:10A9D000D3E9042499699861411A521844F100049A
:10A9E000C3E904242846BDE83840FFF7D1BC00BFC6
:10A9F000D0030020E8740020F0B5144E144F154D1C
:10AA0000154985B032463846FCF76EFA134B144AA6
:10AA10001A60002428469C80124B40F8043B2146D3
:10AA20004FF4A06215F0CBFCC5F80445C5F80C4501
:10AA3000C5F808450C4A0D490095CDE90174334627
:10AA40000B48FDF77FFF05B0F0BD00BFE8740020A4
:10AA5000B0740020E06E002018770020F073002012
:10AA6000702302085C1F02081001002008750020F6
:10AA7000D0030020054B064A1A6003F5A043F832C4
:10AA800003F50D60C3F850260AF0AEBAD0030020DB
:10AA9000281E0208004870470000C07F0020704751
:10AAA000002070477047704770474FF0FF30704785
:10AAB00070470020704770470020704700207047A3
:10AAC000002070470020704700487047641F02084C
:10AAD0000020704700487047641F02084068036800
:10AAE000DB681847B0F918007047704700207047BE
:10AAF000002303717047007970470000BFF34F8F48
:10AB00000549064BCA6802F4E0621343CB60BFF309
:10AB10004F8F00BFFDE700BF00ED00E00400FA0525
:10AB200000207047406808B50368D3F88430984720
:10AB300010F0140F14BF0120002008BD4068036806
:10AB40001B6F1847406803685B6F1847436893F8AA
:10AB50006C01704710B54FF47A7204460023D0E9B7
:10AB60000401F6F701FBA368184410BD00207047EC
:10AB70000020704770470020704700207047002079
:10AB80007047002070470020704700000048704761
:10AB90002C1C02087047F8B507460C468E18B442C4
:10ABA00000D1F8BD78680368D3F8A43098474FF413
:10ABB00080710546002012F0BAFC454004F8015BA4
:10ABC000EDE708B5F8F752FA72B6BDE80840F8F7B5
:10ABD00055BA08B5C32012F03FFD80B208BD10B5CC
:10ABE0004FF4E4710446FAF7B6FE204610BD406803
:10ABF000002105F02FBE10B5044612F08DFED4E9F9
:10AC00000431A269A061821A9B1841F10001C4E9D4
:10AC1000043110BD10B500220023C0E90423816077
:10AC2000044612F079FEA06110BD036810B5DB6B1D
:10AC30000446984720B92046BDE8104003F022BDE5
:10AC400010BD10B44468134694F86C2110BC03F096
:10AC500033BD30B5012185B0044606F04DFF012219
:10AC60000021204606F06DFF7F238DF80F30002273
:10AC70000123CDE9003289210DF10F02D4F86801DA
:10AC800004F045FBD4F86831186803680521DB69D6
:10AC9000984712F041FE0546D4F868311868D96A21
:10ACA00002681269904720B112F036FE401B32282C
:10ACB00006D9D4F86011204605F0A1FE05B030BDDC
:10ACC000D4F86831186803685B6D9847E4E708B505
:10ACD0004068FFF7BEFF08BD30B51B4A1B491C4842
:10ACE00087B007F0DAFE1B4B049310221623CDE940
:10ACF0000232122105230024CDE90031164A1749FA
:10AD000013480594082304F013FE054658B114496E
:10AD1000144812F0DDF913480A22294612F052FABB
:10AD2000204607B030BD012211460124084807F033
:10AD300029FD009441F2210341F60F5221460448B7
:10AD400007F0D0FDECE700BFBC2102081C2202087E
:10AD5000307500209A99D93F00007A428D67594496
:10AD6000721F0208A479002013B5054B00936946B1
:10AD7000044B0193044600F023FC204602B010BDB2
:10AD8000981F02083075002070B5194E194B3360BA
:10AD90004820FAF7DCFD184C054604F097FC2946DC
:10ADA000204604F0E9FD154B2360154B1549196049
:10ADB0000022C3E90146144C83F82420C3E903228E
:10ADC000124B2360124B6260A36000220023C4E98F
:10ADD000042312F0A1FD0F4B0F4AA06100210020B7
:10ADE000C3E90201C3E90401C3E906011A6070BDA9
:10ADF000F87600205C21020830750020A41F0208AC
:10AE000008750020BC200208E874002020210208F8
:10AE1000EF934466C8740020342102087047002074
:10AE200070474FF07E507047C82070474FF47A60EB
:10AE30007047000070B50F481646F5F769FEF5F744
:10AE4000E3FA02460B4600200B4913F0D3F90B4BF3
:10AE50000022F5F779F9044630460D46F5F7B2FAC7
:10AE600002460B4620462946F5F726FBF5F7D4FDAA
:10AE700070BD00BF9A99593F000024400000F03F88
:10AE8000002370B50446C0E90C33C0E90E33A0F8C6
:10AE90005830406D03681B689847236820621B6B1D
:10AEA000204698472368A0649B6920469847064639
:10AEB000A06CF5F7DFFE4FF07E5105463046F5F702
:10AEC00029FE01464FF07E50F5F7E0FF0146284687
:10AED000F5F728FFF6F728F92064606D03681B6812
:10AEE00098476064206D03681B689847206D03686D
:10AEF000DB6A984784F82C0070BD2DE9F0410446C8
:10AF0000406D03681B689847656C2368451B9B6907
:10AF10000646204698474FF07E51F5F7FBFD014667
:10AF20004FF07E50F5F7B2FF236807461B6B2046B3
:10AF3000984780462846F5F79DFE3946F5F7F2FE1C
:10AF4000F6F7F2F8054670B14046F5F793FE39463C
:10AF5000F5F7E8FEF6F7E8F8236C66641D44A842AE
:10AF600094BF20642564BDE8F081F8B51E461378CF
:10AF70000B7017469A090D4601D00020F8BD03F06A
:10AF800003020923D34013F0010319BFB7F80130BE
:10AF9000EB800B81CB801BBFB7F803302B810121E5
:10AFA00005217C5CAC80A209032AE6D004F03F04B2
:10AFB00002FB0444E2B2402ADFD801315418B44203
:10AFC000DBDC394405F10A0015F049FB321B92B273
:10AFD000B82A6A80D1D8391905F14A0015F03FFB2B
:10AFE0000120CBE710B50446C06C03681B68984786
:10AFF00030B9B4F8583043F00103A4F8583010BD0C
:10B0000000238380438080F80231F8E7C06C036836
:10B010005B681847406D036810B51B680C4698477D
:10B02000001B0028D4BF0020012010BD406D036824
:10B0300010B51B680C469847204410BD03682DE9E5
:10B04000F0411B6805460E469847044630B9E86C47
:10B05000036831465B68BDE8F0411847012812D00B
:10B06000EF6C3B6820F07F412846D3F80880FFF75B
:10B07000DDFF220E013A034631463846C446D2B2BD
:10B08000BDE8F0416047BDE8F0812DE9F04104469C
:10B09000006D0368C2B05B68FF2202A99847061ED4
:10B0A00072DD2368206D5F6803689B6B98470546D7
:10B0B000206D03685B6B98472946024602AB204629
:10B0C0000096B847E06C03681B689847054600285F
:10B0D0005AD00146334602AA2046FFF746FF002811
:10B0E0004DD0206D03689B6B98474FF08141F5F779
:10B0F00019FEF5F7F3FF85F80201276D3B68384626
:10B10000D3F80C809B6B9847324601463846C047BF
:10B110000746206D036831469B689847636903447E
:10B120006361236806462846D3F8088001F0A0F939
:10B130003B46024629462046C0472B789B0726D42B
:10B14000A36B0133A36323683946DB69324620468B
:10B150009847312801461DDDE66CB0F5FA4F33689B
:10B16000A8BF4FF4FA4120465F6AFFF75FFF294608
:10B1700002463B46304642B0BDE8F0411847E06C1D
:10B18000036829465B68984742B0BDE8F081E36BED
:10B190000133E3632946204642B0BDE8F041FFF7A2
:10B1A0004DBFF0B5C56C04462B68406D1E69036841
:10B1B000C1B01B68984701462846B04760B3204697
:10B1C000FFF79BFE206D0368FF219B689847236C67
:10B1D000B3EB500F4FEA500520D2236820469B69FD
:10B1E00098470646206C281AF5F744FD4FF07E512B
:10B1F00005463046F5F78EFC01464FF07E50F5F7D8
:10B2000045FE01462846F5F741FEF5F78DFF01465C
:10B210002046FFF70BFFA06141B0F0BDA1692046B9
:10B22000FFF7F8FE0028F7D0206D03681B6B9847E6
:10B23000C0B1E36923B9606D03681B689847E0619A
:10B24000606D03681B689847E369C51A2368204648
:10B250005B6A9847854240D9B4F8583043F00203FE
:10B26000A4F85830E56C606D0023E3612B68DE685C
:10B2700003681B68984701462846B047606000286D
:10B28000CAD003788DF80030092203F0030322FAB4
:10B2900003F3DB0741BFC388ADF801300389ADF884
:10B2A000033054BF0123052382880DF803205D1C61
:10B2B000027900F10A010DEB050001F0C4F866689F
:10B2C000728805445319FF2B0CDDE06C036831468E
:10B2D0005B689847002363609EE7236820461B6AEB
:10B2E000984794E706F14A010DEB050015F0B7F910
:10B2F000206D768803682E4431469B689847054642
:10B30000606D03681B689847E060206D03683246F3
:10B310001B6969469847064678B9656823682846D8
:10B320001F6901F0A5F8294602462046B847616822
:10B330002046FFF76BFE66606EE705EB4505690882
:10B340002046FFF773FEA06066E7F8B5416A044641
:10B35000FFF760FE78B1256D2B685E6A2368204692
:10B360009B6A984701462846B0474FF4FA61204649
:10B37000FFF75CFE6062206D0368DB699847206D13
:10B380000368DB6A984794F82C30834217D084F81E
:10B390002C00B0B9606D03681B6898472062606D2F
:10B3A00003681B689847236AC01AB0F5FA5F82BF2A
:10B3B000B4F8583043F00403A4F8583001E0002BEF
:10B3C000EDD06368002B64D0206D03685B699847FB
:10B3D000002800F09880606D03681B689847E56856
:10B3E0002369471B3B44236106462046FFF785FD42
:10B3F000236C9F427CD900232364236820469B69E9
:10B4000098470646206CC0F16400F5F733FC4FF016
:10B410007E5105463046F5F77DFB01464FF07E50E4
:10B42000F5F734FD01462846F5F730FDF5F77CFECB
:10B4300001462046FFF7FAFDA061206D03689B6975
:10B44000984761688A884888930902F03F0203FBA5
:10B450000222D2B223680232DB68024420469847B7
:10B4600061680B789B0755BF236B636B0133013316
:10B4700054BF236363632046FFF7C8FD0023636066
:10B4800023682046DB6A984701462046FFF7CEFD39
:10B49000A06223682046DB6A9847002811DDA16A74
:10B4A0002046FFF7B7FD60B1206D03689B6A98479F
:10B4B00023682046DB6A984701462046FFF7B6FD21
:10B4C000A062E56C606D2B689E6A03681B689847F4
:10B4D00001462846B047014610B12046FFF7AEFDB1
:10B4E0002046FFF7D2FD2046BDE8F840FFF759BEE1
:10B4F0001D44AD1B632D25647FF67FAF606D03682F
:10B500001B68984798E7A1682046FFF783FDA0B124
:10B51000206D03689B69984761688A884888930909
:10B5200002F03F0203FB0222D2B22368023202443D
:10B530001B692046984761689DE7F8BD2DE9F047F3
:10B54000064608790C461746984600F06CFFF56CE5
:10B5500088B16388B82B0ED82B6841463046D3F8A3
:10B560000890FFF763FD3A46034621462846CC463D
:10B57000BDE8F04760472B68214628465B68BDE878
:10B58000F04718470368DB69184710B520220446C6
:10B59000002114F014FF204610BD10B404460846E4
:10B5A000214610BC08F01EBC10B50446FFF7EDFFA5
:10B5B0004022002104F1200014F001FF204610BDBC
:10B5C00030B50D4689B00446FFF7DFFF2B686946AA
:10B5D0001B6828462022984720466A4604F120012D
:10B5E0000BF054FF204609B030BD0000F0B5B1B0FB
:10B5F0000146044668460BF066FF9DF80030013BAB
:10B60000DBB2FD2B30D81B4B20AA03F140071646B6
:10B6100018685968154603C50833BB422A46F7D156
:10B62000154B08AA03F1200C1746186859681546EF
:10B6300003C5083363452A46F7D12246394610A888
:10B640000BF05AFE3246694618A80BF055FE202230
:10B6500018A910A814F089FE30B910AB13F8012B0B
:10B660002AB901302028F9D1002031B0F0BD0120E5
:10B67000FBE700BF6C220208AD22020838B50C4679
:10B680000546014620222046FFF77CFF20280AD1EC
:10B69000402205F120012046FFF774FFA0F140038E
:10B6A0005842584138BD0020FCE738B50B680C46BD
:10B6B0005B680146054620222046984720280BD18A
:10B6C000236840225B6805F1200120469847A0F1DD
:10B6D00040035842584138BD0020FCE73F2A70B56E
:10B6E0001ED95F2A00F1200300F1600407D853F847
:10B6F000042B41F8042BA342F9D1402070BD1A4617
:10B700000D4652F8046B45F8046BA242F9D1403162
:10B7100050F8042B41F8042B9842F9D16020EDE752
:10B720000020EBE7602A30B40B4613D10A4603F140
:10B73000400400F1200152F8045B41F8045BA2428E
:10B74000F9D1603352F8041B40F8041B9A42F9D136
:10B7500030BC7047402AFBD100F120010A4603F1BA
:10B76000400453F8045B42F8045BA342F9D130BCB7
:10B770000BF0A9BE13B50446084611461A4604F15B
:10B780002003009323460CF0ADFC02B010BD0B4625
:10B79000114600F1200218460BF0AEBD00207047A4
:10B7A0007047704770470020704770477047704778
:10B7B0007047704700207047002070470020704796
:10B7C000002070470020704770B5046D236805465F
:10B7D00008469E6800F04CFE01462046B047052210
:10B7E00004460021286E00F0F6FE34235C436423F7
:10B7F000B4FBF3F4604370BD08B504220121006E70
:10B8000000F0E9FE7823584308BDFFF739BBFFF786
:10B810009CBDF8B58B8803F03F04013CE4B223F0F3
:10B820003F031C438C80A40901340D46E4B201F1AE
:10B830000A060027AB8803F03F0313FB04F3BB4267
:10B8400000DCF8BD3046264422463146274414F039
:10B8500006FFEFE7F8B50A788B88920706460C4694
:10B8600001D50020F8BD03F03F079B090133DBB28F
:10B8700007FB0333402B07F10105F2DC03689B6BE8
:10B8800098470028EDD0A28892090132D2B207FB76
:10B89000024006F168010A3014F0E1FEA38823F0AB
:10B8A0003F031D433368A580DB6B21463046984734
:10B8B000A38803F03F03013340EA0360D2E72DE998
:10B8C000F043202B93B080460E4617461D4603D802
:10B8D000FFF788FB044620B90024204613B0BDE8DA
:10B8E000F0830346102203F84A2B06F12009324662
:10B8F00052F8041B43F8041B4A45F9D1D8F85C0000
:10B9000003681B6898472A46C4F86A00804639468F
:10B9100004F1AE0014F0A3FE05F1640363800DF1A1
:10B92000040C334618685968624603C208334B4515
:10B930009446F7D12A4639460AA8CDF8248014F057
:10B940008EFE05F1240301AA04F16E013046FFF7D3
:10B9500011FFC2E72DE9F04FAFB099469DF8E0A086
:10B96000DDF8EC804FEA9A130AF03F0403FB04442D
:10B9700008F105032344A62B06468B46174604D937
:10B98000002528462FB0BDE8F08FFFF72BFB0546BA
:10B990000028F5D0202303709BF8003080F84A304F
:10B9A00096F8683080F84B30494622460DF1010088
:10B9B0008DF800A004F1020914F051FE04F1B9035E
:10B9C0000DEB09006B44B8F1000F12D09DF8E42094
:10B9D00003F8B82C3A99424614F041FE08EB0903EB
:10B9E0006A4605F14C01384600F0D1FE023068800D
:10B9F000C7E7FF2203F8B82C336E1A6801461668B1
:10BA000018460422B047A31DEAE77FB509788DF8F0
:10BA100014100B9903910A9902919DF82410019139
:10BA20009DF82010009105A9FFF794FF07B05DF87D
:10BA300004FB2DE9F8430229DDF8249007460D4662
:10BA400090461E4603D809F11103B82B03D90024F0
:10BA50002046BDE8F883FFF7C5FA04460028F6D073
:10BA6000AD00057098F8003080F84A3097F86830DB
:10BA700080F84B3000F14C01089A4B46304600F0FC
:10BA800086FE02306080E3E7F8B50729089F154677
:10BA90001E4603D107F13003B82B02D900242046FB
:10BAA000F8BDFFF79FFA04460028F7D01C23037067
:10BAB000337880F84A302A4600F14B0305F1200123
:10BAC00052F8040B43F8040B8A42F9D1079A0698FE
:10BAD0003B4604F16B0100F05AFE21306080DEE746
:10BAE0002DE9F0411F464B1F012BDDF818800E4653
:10BAF000154607D808F11003B82B03D8FFF772FAE0
:10BB0000044618B900242046BDE8F081B60006704E
:10BB100028463A4610F8013B84F84A3004F14B01BC
:10BB2000434600F034FE01306080ECE770B50E460D
:10BB30001546FFF757FA044638B10C2300F84A3B84
:10BB40002A46314614F08BFD6580204670BDF8B55D
:10BB50000F4616461D46FFF745FA044668B12D010B
:10BB6000282345F00305037080F84A5032463946D1
:10BB70004B30013614F073FD66802046F8BD2DE988
:10BB8000F0470B78FF2B05460C4690464AD00368D9
:10BB90005B6C984704F14A09064604F10A0AE6B9C3
:10BBA000A27849462846FFF7C1FF0746002839D04A
:10BBB000227904F10A010A3000F054FC3B78B88085
:10BBC00023F0030343F002033B70324643463946F9
:10BBD0002846BDE8F047FFF7B1BC2B6821461B6C37
:10BBE0002846984700F59670A27880443346494627
:10BBF0002846FFF7ACFF074688B1227951460A3044
:10BC000000F030FC3B78B88023F0030343F00203DC
:10BC10003B700022434639462846FFF78FFC013E21
:10BC2000F6B2BCE7BDE8F08770B591F84A6006F05F
:10BC30000F03032BC2B005460C462FD14B88042BB3
:10BC40002CD901A800F0EAFB237822798DF8043082
:10BC500004F10A010DF10E0000F004FC6288ADF859
:10BC60000800013A92B204F14B010DF14E00ADF81B
:10BC7000062014F0F4FC686E036801A91B6898475D
:10BC800060B901A92846FFF7C4FD36094FF4967242
:10BC900006FB022201A92846FFF771FF002042B0EF
:10BCA00070BDB82A70B50E46154603D8FFF79AF94D
:10BCB000044610B90024204670BD3C2300F84A3BDE
:10BCC0002A46314614F0CBFC6580F4E770B50E4689
:10BCD00015461C46FFF786F948B124230370092353
:10BCE000C0F84A60C0F84E5080F85240438070BDA2
:10BCF000B82A70B50E46154603D8FFF773F9044607
:10BD000010B90024204670BD2C2300F84A3B2A4677
:10BD1000314614F0A4FC6580F4E72DE9F0410D787C
:10BD20001746C5F38302092A06460C4620D0013B7C
:10BD3000DAB2022A1CD825F0030545F001050D7082
:10BD4000406E9B018B8003681B6898472378C3F380
:10BD50008303082B0AD0042B14BF012203223B4685
:10BD600021463046BDE8F041FFF7E8BB0222F6E786
:10BD7000BDE8F0812DE9F0411F460B789DF8185081
:10BD80000646C3F3830009280C4622D0013DE8B2E1
:10BD900002281ED823F003030B701388706ECB802B
:10BDA00053880B810368AD011B688D80984722780A
:10BDB000C2F38302082A0AD0042A14BF01220322F4
:10BDC0003B4621463046BDE8F041FFF7B7BB0222B3
:10BDD000F6E7BDE8F0812DE9F0410C46069F257895
:10BDE00025F0030545F002052570C5F38305092DEF
:10BDF00006461146984618D160884A301A462044B3
:10BE000014F02DFC6388434463800023A380052540
:10BE1000706E036821461B6898473B462A462146B8
:10BE20003046BDE8F041FFF789BB1A4604F10A002D
:10BE300000F018FB2578A080C5F38305A5F1080361
:10BE40005D425D41E4E700002DE9F04F0A7802F021
:10BE50000303023B012BF1B005460C4665D8C2F343
:10BE60008303092B8E8854D13F2E1AD891F852E0C3
:10BE70004F88D1F84A20D1F84E300EF0030C093F1C
:10BE800006FA0CF6FFB21FFA86F847450BD80A34BB
:10BE900005680397CDE900E401F1530602966C6D45
:10BEA000A047002032E05336012200F1680102FA77
:10BEB0000CF2A01914F059FA0028F2D12B6821468F
:10BEC0009B6B284698470028EBD0686E0368214694
:10BED0001B6898470028E4D194F90201F4F7CEFEDC
:10BEE0004FF07A51F4F71EFF4FF08141F4F71AFF3B
:10BEF000F5F7F4F8A3885A1C2344A28098722B68A3
:10BF000021461B6C2846984740F0C06071B0BDE8E0
:10BF1000F08F0B2B06F03F063CD191F94A30002BF5
:10BF200032DB002E42D1930706D42B6821465B6B8F
:10BF3000284698470028B4D12378C3F383020F2AF8
:10BF4000AFD801A151F822F06FC000086FC00008FF
:10BF50006FC0000839C000086DC20008F3C10008B6
:10BF6000F3C1000879C100086FC00008A3BE000833
:10BF70003FC30008A3BE0008A3BE0008A3BE00087C
:10BF8000A3BE000819C30008002E8AD103689B6E67
:10BF9000984786E7002EC6D0032B07D14B88032B8A
:10BFA00004D90368D1F84A209B6F9847A288920968
:10BFB0000132D2B205F1680104F10A0014F0D5F99A
:10BFC00000287FF46EAF2B6821469B6B284698476C
:10BFD00000283FF466AF2378C3F383030A2B06D10E
:10BFE0002146284671B0BDE8F04FFFF71DBE686ED0
:10BFF0000268032B126821460ED19047064600289E
:10C000007FF44FAF21462846FFF703FC3246214616
:10C010002846FFF7B4FD44E7904700287FF441AF7E
:10C0200021462846FFF7F5FB2B6821461B6C284666
:10C03000984740F0807069E76388D4F84A60032B22
:10C040007FF62FAF686E036821461B68984700286B
:10C050007FF427AF2B6832469B6F214628469847CE
:10C060002146284671B0BDE8F04FFFF7F3BB94F8C6
:10C070004B308DF81830638894F84A60042B7FF6B3
:10C0800010AF686E036821461B68984781460028F8
:10C090007FF407AF95F86830B3425CD12B6806A9EE
:10C0A0009B6C2846984704F14C0806460EAF0DF1EC
:10C0B000BC0AB1454FDA2B684A46DB6C3946284644
:10C0C000984763884246023B5146384600F083FB5E
:10C0D000031E4EDD22782968C2F38302082A3FD16D
:10C0E0009AF800804FEA981208F03F0602FB0666B5
:10C0F000B21C9B1A56445244DBB2039204937378E9
:10C1000003F00F03CDE901830DF1BD060096D1F8D0
:10C1100058A03B464A4621462846D047C8B1237816
:10C1200013F0020315D1CDE9023301932379009373
:10C1300006A904F10A033A462846FFF70BFC01461C
:10C1400038B14FF4FA730093324643462846FFF75E
:10C1500042FEFF23237021462846FFF77BFBD5E6EE
:10C16000CDE901A300970E6D4B4621462846B04706
:10C17000EFE709F101099CE7638894F84A60232BF3
:10C180007FF68FAE686E036821461B6898470028CB
:10C190007FF487AE95F86830B3427FF461AF04F165
:10C1A0004B0606AA04F16B0730687168134603C397
:10C1B0000836BE421A46F7D106AA0EA905F1680054
:10C1C000FFF7E5FA63882FAF213B324639460EA8C8
:10C1D00000F001FB00287FF743AF2B68CDE900702A
:10C1E0000EAA1E6E214606AB2846B047FF232370D9
:10C1F00036E794F84A308DF818306388032B7FF6C1
:10C2000050AE686E036821461B68984706460028B2
:10C210007FF447AE2B680EAA1F6F06A90423284699
:10C22000B84704F14B0A80460DF139090DF1BC0BFA
:10C23000464590DA63884846013B5246594600F02D
:10C24000CAFA002809F121090EDD2B682278CDE910
:10C2500000B006EB46165F6F0EAB3344C2F38302A9
:10C2600021462846B84776E70136E1E70EA8FFF7F2
:10C270008CF90EAE04F14A0304F16A071868596894
:10C28000324603C20833BB421646F7D16388D4F85E
:10C290006A90632B7FF605AE20220EA905F1680097
:10C2A00014F063F800283FF4FCAD686E0368214683
:10C2B0001B68984700287FF4F4AD0EAF0FCF2FAE68
:10C2C0000FC6B4F8028097E80F00A8F16408B8F12F
:10C2D000200FA8BF4FF0200804F1AE0A86E80F0037
:10C2E0004246514638A8CDF8DC9014F0B8F908F170
:10C2F00024032FAA04F16E010EA8FFF74EF90028BF
:10C300003FF4CFAD2B68CDE900A80EAADE6D214623
:10C310004B462846B0471EE703F00303023B012BC0
:10C320003FF6BFAD686E036821461B68984700283A
:10C330007FF4B7AD2B682146DB6E284628E662887D
:10C34000022A7FF6AEAD94F84A3003F00F03032BB8
:10C350007FF4A7AD042A7FF6A4AD2FA800F05EF805
:10C36000237822798DF8BC3004F10A010DF1C60062
:10C3700000F078F86288ADF8C000013A92B204F19A
:10C380004B010DF58370ADF8BE2014F068F9686EAE
:10C3900003682FA91B68984700287FF482AD2B689B
:10C3A000DDF806219B6F2FA92846984779E500BF45
:10C3B0002DE9F0410D7825F0030545F002050D70DB
:10C3C0000646406E0368002517460C468D801B68A4
:10C3D00098473B462A4621463046BDE8F041FFF7E4
:10C3E000ADB82DE9F0410D7825F0030545F00305C2
:10C3F0000D701F461388CB800646406E53880B8114
:10C40000036800250C468D801B6898473B462A46EA
:10C4100021463046BDE8F041FFF790B80022027097
:10C4200082804280704700F03F038009032800F1BA
:10C43000010206D013FB02F04028CCBF00200120EF
:10C4400070470020704710B5930902F03F0403FBCA
:10C450000444402C04DC224614F001F9204610BDAF
:10C460000024FBE710B51446FFF7EDFF204610BD92
:10C4700083889A0903F03F0302FB03334288007864
:10C48000DBB2023310F00300134405D0C21E504249
:10C4900050418000184470470420FBE770B50378D2
:10C4A0000B70092203F0030322FA03F3DB0741BFF9
:10C4B000C388A1F801300389A1F8033054BF0123D8
:10C4C00005238288CA545E1C0D460446027900F199
:10C4D0000A01A819FFF7B7FF3044C6B2628804F119
:10C4E0004A0155FA80F014F0BAF86388F018C0B227
:10C4F00070BD2DE9F8430B780370164603F0030274
:10C500000923D34013F001031DBFB1F80130C380EC
:10C51000B1F8033003810BBF4FF001094FF005095B
:10C52000C380038111F80940848005462046FFF747
:10C530007AFF8846074618B900273846BDE8F883D1
:10C54000A30904F03F0403FB044409F10109E4B228
:10C550002246494405F10A0014F081F809EB04036E
:10C56000DBB2B342E8D2F21A92B2B82A6A80E3D8B8
:10C5700008EB030105F14A0014F071F8DDE730B56E
:10C580000446A1B002A80D4607F008FD2378012259
:10C59000C3F383030DF1070102A88DF8073007F0FC
:10C5A000E5FD9DF80730092B04D10222211D02A8C8
:10C5B00007F0DCFD628804F14A0102A807F0D6FD0D
:10C5C00008220DEB0200294607F002FE02A807F040
:10C5D000CBFC21B030BD37B50368144604220D46AC
:10C5E0001B680DEB020198470198621BB0FBF2F348
:10C5F00002FB1300284403B030BD0000F0B50B4D22
:10C6000003468E18B14203F1020303D1002300F860
:10C610001230F0BD11F8014B270904F00F04EF5D53
:10C620002C5D03F8027C03F8014CEBE7542302086D
:10C630002DE9F041DFF8308005460C468F18BC42EA
:10C6400001D1BDE8F08114F8016B330906F00F0643
:10C6500018F80310284610F03FFD18F80610284679
:10C6600010F03AFDEBE700BF54230208F0B59FB08D
:10C670001F461646044668460D4607F08FFC3A46AC
:10C680003146684607F072FD2A462146684607F0A3
:10C690009FFD684607F068FC1FB0F0BDF0B59FB085
:10C6A0001F461646044668460D4607F077FC3A4694
:10C6B0003146684607F05AFDDDE92412684607F066
:10C6C00055FD2A462146684607F082FD684607F078
:10C6D0004BFC1FB0F0BD2DE9F041B0B0064601A8FB
:10C6E00015460C461F4606F023FE3146102201A8CF
:10C6F00006F0CEFD2E46A6EB0508B84506DB01A8E0
:10C7000006F0ACFD404630B0BDE8F081324621462F
:10C7100001A806F0FDFF10341036ECE72DE9F043D8
:10C72000B5B0064605A81C460F46154606F000FEA5
:10C730003146102205A806F0ABFD07EB04092E19BF
:10C740000F2CA9EB0405A6EB040819DC002C0FDD67
:10C750001022002101A813F032FE2246414601A812
:10C7600013F07DFF294601AA05A806F0BDFE10358D
:10C7700005A806F073FDED1B284635B0BDE8F08333
:10C780004246294605A806F0AFFE103CD8E7F0B5B2
:10C790008F1CA1B00E4639460546FFF7BFFF044681
:10C7A00002A807F0FBFB294602A8202207F05DFD46
:10C7B0002246394602A807F0D9FC02230093202222
:10C7C0003346294602A807F068FD02A807F0CCFB13
:10C7D000A01C21B0F0BD2DE9F043022BA3B005460B
:10C7E0000F4616461C4603DC002023B0BDE8F0834C
:10C7F00004A807F0D3FB06F102082022294604A86A
:10C80000023C07F032FD4FF002092246414604A8DF
:10C8100007F0ACFC2022294603AB04A8CDF8009019
:10C8200007F03BFD04A807F09FFB4A46314603A8EA
:10C8300013F09BFD0028D7D12346424639462846AF
:10C84000FFF749FFD1E703780B70427862B343F0FA
:10C8500010030B708368C1F80130C368C1F805305C
:10C860000923028A32B10A7842F020020A70028A51
:10C87000CA520233428A32B10A7842F040020A7048
:10C88000428ACA520233426862B1127852B10A78BF
:10C8900062F07F020A704268013A12F8010F08B193
:10C8A000202B03D1D8B270470123DAE7C8540133F3
:10C8B000F3E738B50023837004460878E362C4E9DF
:10C8C00009336370C30641BFD1F801306362D1F808
:10C8D0000530A3624CBF09230123850642BFCD5A10
:10C8E000A5850233450642BFCD5AE58502339A42FB
:10C8F00020700DDB000609D5D51A07D02A46194449
:10C90000A01C13F0ACFE6219002393700123637026
:10C91000204638BD0079704701238380704700238B
:10C920000371704701207047002070472DE9F041E6
:10C93000254F04460D4602264FF00008E0680368C4
:10C940001B69984728B1E06803685B699847031E34
:10C9500002DA0020BDE8F0816279012A07D0022ABC
:10C9600009D0AAB93C2BE9D101236371E6E7DBB218
:10C97000E3806671E2E7E288A4F8088007EA03230F
:10C9800013439BB2002BE3800CBF00230323ECE78F
:10C990002289AF2A98BFA11802F1010298BF0B7437
:10C9A000E38892B29A422281C8D3B02B84BFB023CD
:10C9B000E380E28804F11001284613F050FE0023C2
:10C9C000E0886371C6E700BF00FFFF00B02A73B5BF
:10C9D00005460E4614464FF0000012D88DF80600AA
:10C9E000E8688DF805203E238DF8043003680322A3
:10C9F0005B6801A99847E868036822465B6831468E
:10CA0000984702B070BD0000014808F0E0BA00BFCE
:10CA100000770020012070470120704770470020F8
:10CA20007047002070477047704700207047002013
:10CA3000704700F58043F0B50246D3F8685E0023E6
:10CA4000184602F1C806B82741F2064C9D4201DDA6
:10CA5000082800D1F0BD07FB03F491F800E0345D35
:10CA6000A64501BF00EB0C0402EB840401306360B7
:10CA70000133EBE702F5A0520632F0B500EB82027B
:10CA8000059D54689DF818609DF81C70DDF820C065
:10CA90009DF824E0002C19DB00F58042D2F8682EC6
:10CAA000A24213DD03680595CDE908CECDE90667FE
:10CAB000B822D3F8A0500B7902FB0404AC4601F174
:10CAC0000A0204F1C801BDE8F04060470020F0BD53
:10CAD000002BF0B522DD00F5A04500F5A446403559
:10CAE000073600202F780C78A74210D100F1010CF6
:10CAF00000EB401014182F4605F1200057F804EB06
:10CB000044F804EB8742F9D1387820706046B5428A
:10CB100003D0984205F14105E4DBF0BD0020FCE7BD
:10CB2000F0B4052A0E46DDE9044519460FD1042D5F
:10CB300020D923799A081DD12368625505340268EB
:10CB40000494D2F8BC403246A446F0BC6047062AA2
:10CB500010D1022D0ED9A278033DAA420AD834F88A
:10CB6000033B0568CDE90442D5F8C0403246A446EF
:10CB7000F0BC6047F0BC704711461A460123FFF72E
:10CB8000CCB82DE9F0410D4604469DF81C200699CD
:10CB90009DF82080099F9DF8286005F14400FFF76B
:10CBA00061FC85F84200E06D03681B6898472368C4
:10CBB000C5F88800D3F89C30294620469847B8F13C
:10CBC000030F0FD1032E0AD923683946D3F89830C2
:10CBD0002046984718B104F5A0440023E3630120E0
:10CBE000BDE8F081B8F1010FF9D1002EF7D023682C
:10CBF0003A46D3F8C880294633462046C047EEE778
:10CC000080F00200C0F34000704737B5036801921E
:10CC10000D46D3F8983001A90446984728B104F589
:10CC2000A0440023E363FF232B7003B030BD0368EF
:10CC300010B51B68044698476368834228BF581C98
:10CC4000606010BD08B5202213F08FFBB0FA80F0B1
:10CC5000400908BD38B5044604F1980594F84330FE
:10CC6000084633B922462946FEF791FD012384F890
:10CC70004330284638BD02F5A052063200EB82024E
:10CC800010B55368002B0C4617DB00F58042D2F834
:10CC9000682E9A4211DDB82202FB030300F16801FD
:10CCA00003F1C800FFF7D6FF214600F1200350F83A
:10CCB000042B41F8042B9842F9D110BDF0B50C4675
:10CCC00085B000F168010546204616461F46FFF76D
:10CCD000C1FF0023CDE90233CDE9007302462146AE
:10CCE00033462846FEF791FE014648B140F6B83378
:10CCF000009394F8423004F144022846FFF76BF8A1
:10CD000005B0F0BD10B501238EB0CDE90131044668
:10CD1000002306A901A80593FFF795FD06AA03467F
:10CD200004F168012046FEF7CAFD0EB010BD0000F8
:10CD300030B50D468FB0194640F201130446CDE9D7
:10CD40000135104610A3D3E90023F3F7B5FBF3F741
:10CD500063FE0DA3D3E900230390DDE91201F3F78D
:10CD6000ABFBF3F759FE0023049006A901A8059335
:10CD7000FFF769FD06AA034604F168012046FEF7A5
:10CD80009EFD0FB030BD00BF0000000080842E412A
:10CD90002DE9F3411F4691F84230FF2B04460D4622
:10CDA000164610D13A463146FEF7C0FE024640B361
:10CDB0002368D3F8D0602946C8232046B44602B081
:10CDC000BDE8F041604703685B6C984730B331467B
:10CDD00001233A462046FEF7BAFE0146A0B94FF4B9
:10CDE000FA7831463A462046FEF7A0FE014640B1A9
:10CDF000CDF8008095F8423005F144022046FEF758
:10CE0000EAFF02B0BDE8F081C823009395F84230F4
:10CE100005F144022046FEF7DEFFE0E74FF0C808C8
:10CE2000DFE72DE9F04F03F5A053063300EB830352
:10CE300089B0D3F804B0BBF1000F0E46DDE91297BC
:10CE40001499044663DB00F58043D3F8683E5B45E4
:10CE50005DDD4FF0B80808FB0BF808F1C805022AA1
:10CE6000054440F0C380052951D93A793B684FF019
:10CE7000000A920807F801A052D1C06D059302681C
:10CE800012689047A044059BC8F85001226807F13A
:10CE90000508CDF80080D2F8A4A0294632462046E5
:10CEA000D0474046F4F784F9804620230DF1180A54
:10CEB000B844CDE900533A46431D04215046FFF7DC
:10CEC000EDFB98F80630206E8DF81C3003680122C7
:10CED0001B680DF11D0198473078FFF791FE06237E
:10CEE000C0B1CDE902A303230193337900934A46ED
:10CEF00006F10A0329462046FEF787FD024630B1B7
:10CF000023682946D3F8D0602046C823B04709B02B
:10CF1000BDE8F08F524629462046FFF739FFF6E775
:10CF2000012A27D1026805370097D2F8A870294650
:10CF30003246B8473078FFF763FE0028E7D0CDE9E6
:10CF400002AACDF804A0337900934A4606F10A03F9
:10CF500029462046FEF759FD02460028D7D023680F
:10CF6000D3F8D060534629462046B44609B0BDE800
:10CF7000F04F6047022ACAD180440593D8F85C215B
:10CF80009A4238BFC8F85C31C06D02681268904799
:10CF9000B82202FB0B4B07F10908CBF850012268BD
:10CFA000CDF80480791D0091059BD2F8ACA02946EC
:10CFB00032462046D0474046F4F7FAF82023019342
:10CFC0000DF1180804F1680300933A4600F10903D3
:10CFD00004214046FFF762FB3078FFF711FE04237F
:10CFE00010B1CDE902837EE7424694E7002A56D18C
:10CFF00004298CD93B4600F5A44A0439076853F844
:10D00000042BC9B20AF1500A0091CDF804A0D7F858
:10D01000C4702946B847034600283FF478AF3078FB
:10D02000FFF7EEFDB0B1CDE902A3012301933379FF
:10D0300000934A4606F10A0329462046FEF7E5FC1E
:10D04000024600283FF463AF2368D3F8D0604FF462
:10D05000967388E7CDE900A301214B462A46204676
:10D06000FEF7E7FC014600283FF451AF04EB08034C
:10D0700093F80A31FF2B0BD008F586724FF49670A7
:10D0800012902244204609B0BDE8F04FFEF7A3BE3F
:10D0900023680246D3F8D0604FF4967363E7012A01
:10D0A0007FF435AF00293FF432AF03683A46D3F836
:10D0B000C890CBB22946C8473078FFF7A1FD0028B9
:10D0C0003FF425AFA04498F80A31FF2B3FF41FAF7F
:10D0D0002368D3F8CC70337906F10A02294620463A
:10D0E000BC4609B0BDE8F04F604700F5804370B41E
:10D0F000D3F8682E0023194600F5A874B8259A4283
:10D1000006DC69B1C06D036870BC5B68013118470B
:10D1100005FB03F60133A659B14238BF3146EEE7AD
:10D1200070BC7047F8B500F580470546D7F8684EE3
:10D13000632C0E4608DC631CC7F8683EB82303FB6B
:10D140000404C8342046F8BDB1B14FF0FF30D7F821
:10D15000687E2A4600240346BC4215DB002B11DB07
:10D16000B82202FB035303F1C8042B682146D3F80D
:10D17000903028469847E5E70368D3F88830984709
:10D180000028E2D10024DDE75EB192F8081129B948
:10D19000D2F85011814201D2084623460134B832F8
:10D1A000DAE792F80911C907F8D4D2F85011884289
:10D1B000F4D992F808C1BCF1000F1CBF0846234601
:10D1C000ECE7F8B50C4615460746B8220021204684
:10D1D0001E4613F0F4F82A4602F1200C254610688A
:10D1E00051682B4603C3083262451D46F7D1FF2321
:10D1F0002022A01884F84230B11C01F0B5F8337831
:10D2000003F00F0384F840303378F86DDB0641BF3C
:10D21000736AC4F88C30B36AC4F89030069BC4F8C3
:10D22000843003681B689847C4F88800F8BD2DE96E
:10D23000F04FBFB004460E46904648999DF8242111
:10D2400004A81F46FFF735FB9DF81130002B51D085
:10D250009DF81230002B4DD004F580434FF00009AB
:10D26000D3F868AE04F1C803CA4534DC002596F84B
:10D2700000B004F5A44A2BF0030343F001030AF1C4
:10D28000500A337051463046FFF708F9B146039013
:10D2900009F80ABB002D6AD19DF81010236801F02F
:10D2A0000F01D3F880302046984748BB10A8FEF7FE
:10D2B0006CF904AB424610A920460097FFF781FFA6
:10D2C0002368CDF80090D3F894503379012210A947
:10D2D0002046A8470EE0194640461D46FFF7B2FC1F
:10D2E00005F1B80348B1B82303FB0949D9F84C311B
:10D2F000BB42BCD33FB0BDE8F08F09F10109B3E7F1
:10D3000023682046D3F88C30984720B1B38803F0C7
:10D310003F038342CAD200212046FFF703FF0546A0
:10D32000C8B910A8FEF731F904AB424610A920464F
:10D330000097FFF746FF2368CDF80090D3F894508C
:10D3400033792046012210A9A84723682046D3F844
:10D3500084309847CEE704AB01460097424620460A
:10D36000FFF72FFF0023C5F8943085F8433023687A
:10D37000039A0092D3F8DCB041465346202220465F
:10D38000D84720220DF11201A81800F0EDFF9DF8FA
:10D390001030C5F8847003F00F0285F84020DB06DA
:10D3A00048BF0D9BE06D42BFC5F88C300E9BC5F8A1
:10D3B000903003681B6898472368C5F88800CDF84B
:10D3C0000090D3F894703379002229462046B8475C
:10D3D00090E72DE9F047ACB00746DDF8D0A0504605
:10D3E000884615461E46F3F7E3FEA02804463BD8C0
:10D3F000032E01D99E2837D806F003035146621C3C
:10D400000DF10D0002958DF80C300DF1080913F0A7
:10D4100026F9651D202307F1680ACDE900A3359898
:10D420002B464A460421FFF739F9032E0DD905F1A1
:10D43000B0030DEB0305002305F8A83C04F1B0038D
:10D44000E51D0DEB030404F8A26C51464046FFF7BE
:10D4500001FCCDE900950346424602213846FEF71D
:10D46000E8FA2CB0BDE8F0870020FAE72DE9F34791
:10D47000DDE90B5901950A9D009504460E46FFF71C
:10D48000A8FF054630B3276D3B68D3F80880FEF748
:10D49000EFFF01463846C04796F84230FF2B07465B
:10D4A00004F5A04819D123682A46D3F8D0A0314604
:10D4B00000232046D04723683946D3F8B0302046B1
:10D4C00098470146C9F800002046FDF7AFFDC8F8AF
:10D4D0003C00012002B0BDE8F087002200922946FE
:10D4E00006F144022046FEF776FC236896F84220B7
:10D4F000D3F8B4303946204698470146C9F80000B1
:10D500002046FDF793FDC8F83C000220E2E72DE934
:10D51000F047ACB0DDE93498044648460D469246E3
:10D520001F46F3F745FEA028064603D900202CB07D
:10D53000BDE8F08707F00307421C494647F004079F
:10D540000DF10D00CDF808A08DF80C7013F087F8E0
:10D5500004F168012846FFF77DFB053602AA034661
:10D560000196009202212A462046FEF762FA0646FC
:10D570000028DBD0276D3B68D3F80890FEF778FFD2
:10D5800001463846C84795F84230FF2B074604F558
:10D59000A04917D123683246D3F8D0A029460023EA
:10D5A0002046D04723683946D3F8B0302046984704
:10D5B0000146C8F800002046FDF738FDC9F83C00D8
:10D5C0000120B4E700220092314605F144022046D2
:10D5D000FEF701FC236895F84220D3F8B4303946B1
:10D5E000204698470146C8F800002046FDF71EFD7A
:10D5F000C9F83C0002209AE72DE9F041B4B0164684
:10D600000022054602918DF80C201A49DDF8EC80C5
:10D610001A460DF10D0012F0E7FD0DF10D00F3F7C4
:10D62000C7FD00EB0802A02A0DF10D03C8BFC0F131
:10D63000A00803443A9904464246184613F00FF8EE
:10D6400005340027444400F808703246009402ABC9
:10D6500005212846FEF744FA024638B12B682846D1
:10D66000D3F8D44031463B46A047012034B0BDE852
:10D67000F08100BF8C2302082DE9F041ACB00546D3
:10D68000349CA52C0F4690461E4603D900202CB092
:10D69000BDE8F081BDF8C830ADF808308DF80A401B
:10D6A0002CB1339922460DF10B0012F0D8FF033450
:10D6B0000621009402AB3A462846FEF711FA0146CD
:10D6C0000028E3D0FF2E09D12B680246D3F8D440BE
:10D6D000394600232846A0470120D8E700230093BD
:10D6E000424633462846FEF776FBF5E7F7B5036872
:10D6F00000F5A4465036D3F8D850202233460446CD
:10D70000A847074610B9002003B0F0BD2046FDF73A
:10D7100069FC05460028F6D0FAB23146FEF7E9FE6C
:10D720000023204601AA29460193FEF75AFE012054
:10D73000EAE71346026810B5D2F8D8402022A04785
:10D74000C0B210BDF8B505460E461746FDF74AFCB7
:10D75000044610B900263046F8BD31463A46FEF779
:10D76000C8FE064688B12378C3F38302042A0CD18D
:10D7700043F001032370686E036805F5A0455B68FC
:10D7800021469847C5F84C42E5E721462846FDF773
:10D790003DFCDFE72DE9F0430E468BB00446C06D3B
:10D7A0001F469046FFF743FA96F840300490032B4B
:10D7B00044D1D6F8943005934046F3F7F9FC0F288E
:10D7C00028BF0F2005460246414606A812F047FF33
:10D7D000083504F1680841463046FFF73BFA04ABD0
:10D7E000CDE9000302953346424607212046FEF765
:10D7F0004BF90546F8B1D4F85080D8F80030D3F88A
:10D800000890FEF735FE01464046C84796F842307C
:10D81000FF2B804620D123682A46D3F8D09031468A
:10D8200000232046C84723684146D3F8B03020463D
:10D830009847386001200BB0BDE8F0834046F3F70D
:10D84000B7FC0F2828BF0F2005460246414605A811
:10D8500012F005FF0435BCE700220092294606F1CC
:10D8600044022046FEF7B7FA236896F84220D3F820
:10D87000B43041462046984738600220DBE72DE966
:10D88000F043B3B00446C06DDDF8EC800E46174699
:10D890001D46FFF7CCF93A9B049018602A4639469A
:10D8A00005A804F1680712F0DAFE39463046FFF7A2
:10D8B000D1F9043504ABCDE90003029533463A466D
:10D8C00007212046FEF7E0F80546F0B1276D3B68DA
:10D8D000D3F80890FEF7CCFD01463846C84796F8C5
:10D8E0004230FF2B074613D123682A46D3F8D09045
:10D8F000314600232046C84723683946D3F8B03064
:10D9000020469847C8F80000012033B0BDE8F083F6
:10D9100000220092294606F144022046FEF75BFAF7
:10D92000236896F84220D3F8B43039462046984709
:10D93000C8F800000220E8E72DE9F043B1B0A82BB9
:10D94000DDF8E48004460E4617461D4603D9002044
:10D9500031B0BDE8F083C06DFFF769F9389B0290E4
:10D9600018602A46394603A812F079FE04F16801CE
:10D970003046FFF76FF90435EDB202AA0346019570
:10D980000092002132462046FEF753F80546002853
:10D99000DDD0276D3B68D3F80890FEF769FD01469E
:10D9A0003846C84796F84230FF2B074611D1236806
:10D9B0002A46D3F8D090314600232046C847236832
:10D9C0003946D3F8B03020469847C8F80000012007
:10D9D000BEE700220092294606F144022046FEF7E7
:10D9E000FAF9236896F84220D3F8B4303946204635
:10D9F0009847C8F800000220AAE72DE9F04786B052
:10DA00000446C06DDDF838900E4615461F46FFF7F8
:10DA10000EF94FF0000802903860206E8DF80C501F
:10DA2000CDF80D80036804221B680DF111019847A1
:10DA300004F168013046FFF70DF90D22019202AAA8
:10DA400003460092414632462046FDF7F2FF054666
:10DA5000F0B1276D3B68D3F808A0FEF709FD014639
:10DA60003846D04796F84230FF2B074613D123683B
:10DA70002A46D3F8D0A0314643462046D0472368F3
:10DA80003946D3F8B03020469847C9F80000012045
:10DA900006B0BDE8F08706F1440229462046CDF8DD
:10DAA0000080FEF798F9236896F84220D3F8B43046
:10DAB000394620469847C9F800000220E8E72DE9DA
:10DAC000F84300F5A64507460C46914650354FF001
:10DAD00000084FF0FF36AB6A33B121462846FFF706
:10DAE000B1F810B1464609E0464608F10108B8F120
:10DAF000100F05F13005EED1731C26D0302303FB47
:10DB000006760FCC06F5A64550350FC594E80F00F4
:10DB100085E80F004FF47A7303FB09F145F278337F
:10DB20003846F150FDF782FA45F270330022F0508A
:10DB3000F86D45F27C33F25003681B68984745F254
:10DB40007433F0500120BDE8F8830020FBE7F8B5FE
:10DB500000F5A64504460F465035002620223946DA
:10DB6000284612F002FC78B9302303FB064345F245
:10DB70007832985045F27032985045F27C32985085
:10DB800045F274329850F8BD0136102E05F130057B
:10DB9000E4D1F8E770B500F5A64500F5AC440E46B3
:10DBA00050355034AB6A2BB120223146284612F052
:10DBB000DCFB20B13035A542F4D1002070BD01203E
:10DBC000FCE7F8B500F5A64405460F46503400269C
:10DBD000A36AC3B139462046FFF734F898B1E86D1F
:10DBE00003681B689847302404FB065445F27433DD
:10DBF000E05045F278332846E158FDF717FA45F230
:10DC00007033E050F8BD0136102E04F13004DFD13E
:10DC1000F8E72DE9F84300F580430E46D3F8689EF7
:10DC2000174600F1C8040025A94504DC4FF00008A0
:10DC30004046BDE8F88320463A46314612F095FB4F
:10DC4000A046B8340028F3D00135EDE7F8B500F56B
:10DC5000A64605460F467C36002456F8043C2BB3F6
:10DC600004223946304612F080FBF8B930235C4379
:10DC70002E1945F27C33F050E86D03681B68984715
:10DC800045F27433F05045F278332846F158FDF7E9
:10DC9000CDF945F2703304F5A6415031F0502944D6
:10DCA00028462022BDE8F840FFF7B3BF0134102C0E
:10DCB00006F13006D1D10020F8BD38B50D4691F8F7
:10DCC0004010B1FA81F14909FFF72CFA044638B146
:10DCD000B822294612F0C3FC002384F84330012007
:10DCE00038BD2DE9F04700F5804A0546DAF8684E60
:10DCF000894600F1C8080027BC421CDD4046494661
:10DD0000FEF7A0FF08F1B808064608B90137F3E7A7
:10DD1000631ECAF8683EB82303FB07F0E21B00F558
:10DD2000C0715A43C830B83A2944284412F02DFB38
:10DD30003046BDE8F0870026FAE703464138C0B216
:10DD4000192814D9A3F16102192A02D8473BD8B285
:10DD50007047A3F13002092A01D80433F7E72B2BCF
:10DD600004D02F2B14BFFF203F2070473E20704768
:10DD700070B5054606463078FFF7DFFF34463F288A
:10DD800006F10106A4EB050301D89942F3D89808DF
:10DD900013F0030318BF03F1FF3300EB40001844F6
:10DDA00070BD2DE9F04104461746FFF7E1FF3E46FE
:10DDB0000546214606F10308A8EB0703013B9D42F7
:10DDC00001F104040CD80323B5FBF3F303EB430385
:10DDD000EB1A012B30D0022B3AD02846BDE8F08157
:10DDE00014F8040CFFF7A9FF014614F8030CFFF721
:10DDF000A4FF890041EA101108F8031C14F8030C71
:10DE0000FFF79BFF014614F8020CFFF796FF09018C
:10DE100041EA900108F8021C14F8020CFFF78DFF8C
:10DE2000014614F8010CFFF788FF40EA811008F85A
:10DE3000010C46462146BDE70878FFF77EFF044601
:10DE40004878FFF77AFFA40044EA10143470C4E75E
:10DE50000878FFF772FF04464878FFF76EFFA400CA
:10DE600044EA101434704878FFF767FF0446887856
:10DE7000FFF763FF240144EA90047470ADE72DE9D5
:10DE8000F84300F5A0480746D8F84842072C8946D1
:10DE9000154603DD00252846BDE8F88304EB84140D
:10DEA00004F5A0464136064420220021304612F0F7
:10DEB00086FA2846F3F77CF9324601462846FFF7F2
:10DEC00070FF2028034601D01028E3D104F5A045B7
:10DED00040353D4404F5A0443246012128466134D2
:10DEE000FEF7C4FB20224946381900F03DFAD8F865
:10DEF00048320133C8F84832CDE7072908B5034650
:10DF000010460AD801EB8111194401F5A0414122C4
:10DF1000403112F0A4FB012008BD0020FCE7000006
:10DF20000729F8B5064615461CD801EB811445F2C1
:10DF30004007204441222946384412F090FB0A4908
:10DF4000102205F1110012F010FAE11903466A1CC3
:10DF500070182BB910230121FEF788FB0120F8BDB2
:10DF60002023F8E70020FAE70477002070B500F5D9
:10DF7000A044413400254E1C20222146304612F098
:10DF8000F4F930B10135082D04F14104F4D14FF01A
:10DF9000FF35284670BD08B50346104603F580429C
:10DFA000D2F8682E8A4207D9B82202FB0131C83163
:10DFB00012F055FB012008BD0020FCE7002070474F
:10DFC0000346104601F5804210B5D2F8682E1C6851
:10DFD000944209DA621C1A60B82202FB0411C831AB
:10DFE00012F03DFB012010BD0020FCE738B50446CF
:10DFF00004F5A045FDF70BFCE96B51B12046FDF798
:10E0000009F830B123682046D3F8B8309847002388
:10E01000EB63D5F84C1259B1236820461B6898472A
:10E02000D5F84C122046FCF7F1FF0023C5F84C321E
:10E0300038BD000070B50546D2B00B4616461049F3
:10E040004268684612F0D0F82868694607F0DBF8A5
:10E05000044690B1296800236A460AA807F0C9F867
:10E060000AA807F047FA044638B10AA93046FDF776
:10E0700005FB04460AA807F0F5F9204652B070BD2A
:10E080007C24020830B50446D3B00B4615460F4930
:10E090004268684612F0A8F82068694607F0BFF8A1
:10E0A000216801236A460AA807F0A3F80AA807F026
:10E0B00021FA044630B10AA92846FDF7F6FA0AA863
:10E0C00007F0D0F9204653B030BD00BF7C240208D1
:10E0D00000207047806A704740697047836953F831
:10E0E000210070476FF06043994270B534BF8E00D5
:10E0F0004FF0FF36044630460D46F7F72AFC206005
:10E100002846F7F726FC60603046F7F722FC00232C
:10E11000C4E902052361204670BD4B1C30B50246A0
:10E1200005690DD000231846AB4200DB30BD946872
:10E1300054F82340641A002CD8BF01300133F3E7B0
:10E140002846F3E71830FFF7E8BF70B502460469C8
:10E150004FF0FF330020FF2584420ADC002B26DB32
:10E160001168013C51F823001461116999420EDCD9
:10E1700070BD966856F82060761A002E05DC566849
:10E18000365CAE423CBF034635460130E4E79900B9
:10E1900014680431655844F823505468E5186D78C4
:10E1A000E5549468615844F823100133DDE70020FA
:10E1B000DEE71830FFF7C9BF2C30FFF7C6BF026992
:10E1C0008A4230B5034618DD0068013A50F8210054
:10E1D0001A611A698A4200DC30BD8A001C68043268
:10E1E000A55844F821505C6865186D7865549C68A2
:10E1F000A25844F821200131EBE70020ECE7002190
:10E200000430FFF7DCBF1830FFF7D9BF30B5D0E9D5
:10E210000354AC420CD0056845F8241041680A55F7
:10E220000269816841F8223001320261012030BD6B
:10E230000020FCE700231A460430FFF7E7BF70B563
:10E24000044618300D46FFF7E1FF30B92368294630
:10E2500020465B68BDE87040184770BD70B5134636
:10E26000044600222C300D46FFF7D0FF30B923685A
:10E27000294620465B68BDE87040184770BD000025
:10E280002DE9F0410646134B46F8043B04460D4683
:10E290003046FFF727FF294604F11800FFF722FF59
:10E2A000294604F12C00FFF71DFF0027AF4202DBD7
:10E2B0002046BDE8F0814FF48270F7F748FB8046B6
:10E2C000FEF7ACF800231A4641463046FFF79EFFA2
:10E2D0000137EBE790240208431E0F3013F8012F9B
:10E2E0001AB98342FAD1012070470020704730B537
:10E2F000A3B0054604A80C4605F050FE10220DEB15
:10E300000200294605F0B1FF23780122C3F38303FD
:10E310000DF10D0104A88DF80D3005F027FF62887E
:10E3200004F14A0104A805F021FF02231022009302
:10E3300029460DF10E030DEB020005F0AEFFBDF80E
:10E340000E3053B90123ADF80E3004A8BDF80E40CD
:10E3500005F00AFE204623B030BD4FF6FF7293420F
:10E36000F3D14FF6FE73EEE701390244131A012B85
:10E3700002D800230370704711F8013F002BF8D03A
:10E3800000F8013BF2E70139012A02D8002112F01E
:10E3900016B811F8013F002BF8D000F8013B013A04
:10E3A000F2E70000024A137843F01003137070473D
:10E3B0001477002038B50446406811490368D3F843
:10E3C000B0309847236820461B6D9847034684F871
:10E3D000240060680268082B8CBF10212021126E77
:10E3E0009047084BA06800251D7003689B6B9847F9
:10E3F000012801D1FFF7D6FFA561A583256238BDAD
:10E40000A5E3000814770020838B41833F2B82BF54
:10E410000023838303627047034B187800F0EF00FA
:10E42000431E584258417047147700202DE9F041AF
:10E43000174E347814F0100405460F46904616D057
:10E44000406803680121DB6E9847041E0DDD686893
:10E4500044450368A8BF44461B6B2246394698478B
:10E4600090B16B6901336B61002400233370337802
:10E47000012B06D0686803689B69984708B9012397
:10E4800033702046BDE8F081EB680133EB60ECE7C8
:10E4900014770020406808B50368DB6F98474FF495
:10E4A0007A73B0FBF3F008BD10B50446406803680A
:10E4B0009B6A9847A06803689B699847014B0022B4
:10E4C0001A7010BD1477002070B5094E3378DB0642
:10E4D00004460CD40368DB6B9847054638B92368BB
:10E4E00020461B6C984735702583A583256270BD37
:10E4F0001477002010B5174B1A78838B012A044635
:10E5000017D13F2B17D80368DB6B984780B9236876
:10E510002046DB6C9847F2F7E1FDB4F918300D3373
:10E52000984205DCA38B0133A383236A034423624F
:10E5300010BD3F2BFCD9236A002BF9D0B8BF3F3365
:10E5400043F38F136FF077029342B8BF13462383D0
:10E550000023ECE71477002006490B78024613F0FD
:10E56000100005D000230B701369013313610120E3
:10E57000704700BF147700200739234B2DE9F04185
:10E5800053F821800446014640461546F2F786FDC1
:10E59000C0BB2846F1F726FF1C4B0022F1F78CFF89
:10E5A00002460B4600201A49F1F7CEFD06460F46FB
:10E5B00020464146F2F7ACFAF1F726FF154B002250
:10E5C000F2F7A4F802460B4630463946F1F774FFDD
:10E5D0000F4B002204460D46F2F7E0F960B100222D
:10E5E000002320462946F2F7F7F940B12046294694
:10E5F000F2F73AFABDE8F081054D0024F6E7002471
:10E600000025F3E70020F5E7BC2402080000703F76
:10E610000000F03F0000244040686FF0004104F02B
:10E62000C4BC406803685B6D18470000406808B5CB
:10E6300003681B699847024B00221A7008BD00BF8F
:10E6400014770020F8B50446806803685B690D46BE
:10E65000164698476068036832465F6A2946002379
:10E66000B84720B9064B03221A700120F8BD204696
:10E67000FFF7DCFFA06803689B6998470020F5E777
:10E680001477002038B5B0F91A30044693B1036806
:10E69000DB6C9847B4F91A300546B4F918001844F1
:10E6A000F2F7ECFA01462846F2F7F8FC003818BFFA
:10E6B000012038BD1846FCE70846114606291A46CF
:10E6C00001DDFFF759BF00207047002070470000B0
:10E6D000F0B51D4F1D4CD7F8E03585B000220092F3
:10E6E0001B4A04EA832303EBC12307CA01AD85E873
:10E6F0000700D7F8E02504EA822203F1FF6602F161
:10E70000FF6106F5F02601F5F021B14218D802F1BB
:10E710000062013AB24213D3A3F50043DB0A02932D
:10E72000F3F738FC69462846F3F7C6FC0446F3F7CE
:10E7300043FC002C14BF6FF00400002005B0F0BDB6
:10E740006FF01500FAE700BF0070FF1F00FCFF0329
:10E750008C1302082DE9F047204E214FD6F8E045F2
:10E7600007EA842404F1FF6404F5F02414441D46F0
:10E7700004EBC124F3F70EFC804678B9089B23F024
:10E78000070303EB04096FF0784AA1450AD1F3F7B8
:10E7900013FC40EA080010F0FF0001D06FF0040005
:10E7A000BDE8F087D6F8E03507EA832303F1FF627E
:10E7B00002F5F022A24202D85344A34204D2F3F756
:10E7C000FBFB6FF01500EBE72146F5E80223012083
:10E7D000F3F72CFC08348046D7E700BF0070FF1F1A
:10E7E00000FCFF0338B518461546049A8BB182B178
:10E7F000094B0A4CD3F8E03504EA83242C4404F195
:10E80000FF6404F5F02404EBC12111F028FF00207F
:10E8100038BD6FF01500FBE70070FF1F00FCFF0321
:10E8200010B5034B0360044606F093FC204610BD70
:10E83000DC24020810B50446FFF7F2FF2046502101
:10E84000F7F789F8204610BD10B50449044606F0D4
:10E8500089FC034B2360204610BD00BF140100203B
:10E86000DC24020813B500238DF807309DF807302B
:10E87000044603F0FF014BB1204606F096FC002150
:10E88000204602B0BDE8104006F07EBC06F07CFCDD
:10E890000028F1D002B010BD0148FFF7D5BF00BF7E
:10E8A0001877002008B50248FFF7BAFF08BD00BF7F
:10E8B00018770020028BC08A101A7047C28A018B19
:10E8C000914288BF0169034683BF885C0132DA82C6
:10E8D0004FF0FF307047028BC38A9A4286BF0269AD
:10E8E000D05C4FF0FF30704770B54FF47A730E462E
:10E8F0000021C0E90113034615462B4A43F8C42BF7
:10E900000446C0F8C4109C22C3E90111C0E93411C7
:10E91000C0E93611C0F8E010283011F050FDF3B214
:10E920002A2B19D8214A52F8233006F4E0661E43F8
:10E93000EBB22A2BC4F8846022D81C4A52F8233048
:10E9400005F4E0651D430023C4F88850E361238487
:10E950002361A382204670BD06F0C002C02A0CD1FC
:10E96000CB2B0AD8124B06F03F0206F4E06653F8B0
:10E9700022200E4B53F82230D9E74FF0FF36D7E76D
:10E9800005F0C002C02A0CD1CB2B0AD8084B05F0E9
:10E990003F0205F4E06553F82220044B53F822307F
:10E9A000D0E74FF0FF35CEE7EC24020858190208F3
:10E9B0002819020838B50446283000F0A9F8E069A3
:10E9C00018B111F06FF90023E36120690025258457
:10E9D00010B111F067F92561A58238BD38B505463B
:10E9E000074B45F8D43B0446FFF7E4FF2846F6F70B
:10E9F000BEFC04F1C400F6F7BAFC204638BD00BFE7
:10EA0000EC240208B1F5806F70B505460C4610D8AD
:10EA1000038C99420AD920290E4638BF2026C069A6
:10EA2000314611F061FA18B1E8612E84204670BDBC
:10EA3000FEE70024FAE713B590F824308DF80710AC
:10EA400004467BB1418C0131FFF7DCFF40B1638CA0
:10EA5000E2699DF80710D154638C0133638401206F
:10EA600002B010BD01220DF10701283000F0A0F81E
:10EA7000B0FA80F04009F3E770B590F8243004460E
:10EA80000E46154693B1418C1144FFF7BBFF10B9F8
:10EA90000025284670BD638CE0692A46184431463B
:10EAA00011F0DDFD638C2B446384F2E792B22830D1
:10EAB00000F07EF80028EBD1EBE70346006918B1BF
:10EAC0009A8A002111F07BBC70470346C06918B1D7
:10EAD0001A8C002111F073BC704738B5044600252C
:10EAE000C5820583FFF7E9FF65842046FFF7EDFF48
:10EAF00038BD000002480922C021FFF7F5BE00BF63
:10EB0000687700200148FFF769BF00BF68770020E1
:10EB100010B5044690F96400F3F7E8F894F965003D
:10EB2000F3F7E4F8201DF3F785FC206E0321F7F7D7
:10EB300079FBE06D0321F7F775FB2368194A9342CF
:10EB40000ED14FF0B0439A6B42F400129A639A6B65
:10EB500022F400129A639A6D22F400129A6510BD95
:10EB6000114A93420DD14FF0B0439A6B42F48002A8
:10EB70009A639A6B22F480029A639A6D22F480025F
:10EB8000ECE70A4A9342EAD14FF0B0439A6B42F461
:10EB900000029A639A6B22F400029A639A6D22F43F
:10EBA0000002DBE70054004000580040005C0040D9
:10EBB000202A30B514D800239CB2A24207D890F87E
:10EBC00094301344DBB280F89430002030BD90F8CC
:10EBD0009440CD5C1C440444013384F87450EBE74A
:10EBE0000120F3E770B590F89130012B04460E46F2
:10EBF000A0F1040509D1436E3BB1836E28469847C6
:10EC0000022384F8913000236366012E4FF0000345
:10EC100012D1E26E84F891301AB184F8903028460F
:10EC2000904794F8902004F1700120464FF0007353
:10EC3000BDE87040F3F718BC0122636684F89120A8
:10EC4000616E7431294420464FF08073BDE87040F6
:10EC5000F3F76CBC10B590F89130012B044604D149
:10EC6000436E13B1836E04389847022384F89130C1
:10EC7000002363662046BDE81040F3F7B9BC436E3D
:10EC80001F2BDEBF436E0133436690F89130012B9A
:10EC9000DAB206D1416E70314FF080730144F3F760
:10ECA00045BC7047002380F89030704790F8923050
:10ECB0000BB9F3F79DBC7047014B1868F3F7ACBC78
:10ECC0004C780020014B1868F3F7A3BF4C78002064
:10ECD000014B5868F3F7A0BC4C780020014B5868F2
:10ECE000F3F797BF4C780020014B9868F3F794BC7A
:10ECF0004C780020014B9868F3F78BBF4C780020CC
:10ED00002DE9F041104D2F4604468C4690469E4614
:10ED1000061D0FCF0FC697E80700069B86E8070081
:10ED20001C35A362079BE3620FCD04F13006C4E9F2
:10ED3000088E0FC62B683360002363642046C4F836
:10ED400000C0BDE8F08100BF9813020810B504466A
:10ED5000006803685B6C98472068216A03688268D2
:10ED60009B6898472068216A03680269DB689847B6
:10ED7000004B10BD4C010020006803689B6C1847D5
:10ED80002DE9F0410D461946037C0446407CADF563
:10ED9000067DDE08082B5FFA85FC06EBD00663894A
:10EDA0008D9FD0B295BF40EA0C004CEA122C8DF832
:10EDB00000008DF8010092BF0DF101008DF800C038
:10EDC0000DF10200AB423E443A462CD111F047FC13
:10EDD000206803685B6B98472068216A0368C268F3
:10EDE000DB689847206803683246D3F83880694664
:10EDF00043ABC0472068216A03680269DB68984713
:10EE000020680368DB6B98472389AB4207D1217CDC
:10EE10008C9843AB3A4603EBD10111F020FC0DF581
:10EE2000067DBDE8F081A18911F0C9FAD0E72DE98E
:10EE3000F04FADF5077D0446929F9DF84CA2164613
:10EE4000D5199946002B55D0684611F008FC9099C9
:10EE50003A460DEB060011F002FC20680368BAF197
:10EE6000000F05D0E26A013254D1DB6932219847A4
:10EE7000206803685B6B98472068216A0368C26852
:10EE8000DB689847206803680DF58678D3F838B0BA
:10EE90002A4643466946D8472068216A03680269C2
:10EEA000DB68984720680368DB6B9847BAF1000F6E
:10EEB00007D0E26A20680132036845D1DB6901218D
:10EEC0009847656935B1002F5CD0E37C18F80300E2
:10EED000A8470546B9F1000F07D1A37C919806EB2E
:10EEE000D3013A46414411F0BAFB28460DF5077D9F
:10EEF000BDE8F08F837C68464FEAD30805EBD30565
:10EF000011F0ADFBA18908EB07020DEB060011F033
:10EF100056FAA2E75B6A984780462068E16A036870
:10EF20001B6998470028A3D0206803685B6D984749
:10EF3000206803685B6A9847E369A0EB0800984281
:10EF4000EBD36FF43075D0E71B6A01219847206836
:10EF500003685B6A984705462068E16A03681B6995
:10EF600098470028ADD0206803685B6D98472068FB
:10EF700003685B6A9847E369401B9842ECD36FF4DF
:10EF80003075A7E73D46A5E7F0B51E46037987B083
:10EF900005460F463BB9CDE900620A460189FFF7F5
:10EFA000EFFE07B0F0BD90F9114090F811C0002CB1
:10EFB000B8BF0734E410013C64B204ABE00019466A
:10EFC000002C12DA2C7CE408601E40B2B0F1FF3F46
:10EFD00015D10123CDE9022300230196009304EB10
:10EFE000DC022846FFF723FFDBE7B5F808E0013C29
:10EFF0004EFA00FE03F801EB64B20838E0E74FEA8E
:10F00000C00E27FA0EFE03F801EB0138DDE7F0B57C
:10F0100089B000238DF81730037904460A465BB99E
:10F02000012101910DF1170100910189FFF7A8FE5F
:10F030009DF8170009B0F0BD90F91130467C002B07
:10F04000B8BF0733DB10013B5BB206A8DD00014609
:10F05000002B13DA257CED086B1E5BB25F1C15D10B
:10F060000123CDE902330DF117030193002300932F
:10F0700005EBD6022046FFF7DAFED9E72789013BE8
:10F080002F4100F8017B5BB2083DE1E7DF0022FA87
:10F0900007F700F8017B013BDFE7F0B516461A469B
:10F0A000037987B005460F4643B9CDE900320A46D9
:10F0B00033464189FFF764FE07B0F0BD90F9114077
:10F0C00090F811C0002CB8BF0734E410013C64B2C2
:10F0D00004ABE0001946002C12DA2C7CE408601E18
:10F0E00040B2B0F1FF3F15D10123CDE90223002248
:10F0F000CDE90062284604EBDC02FFF798FEDBE76F
:10F10000B5F80AE0013C4EFA00FE03F801EB64B2E8
:10F110000838E0E74FEAC00E27FA0EFE03F801EBCD
:10F120000138DDE7F0B5037989B004460D468DF866
:10F13000172053B90122CDE900320A460DF1170319
:10F140004189FFF71DFE09B0F0BD90F91130467CF2
:10F15000002BB8BF0733DB10013B5BB206A8DA0017
:10F160000146002B13DA227CD208531E5BB25F1CCF
:10F1700015D10020012301900DF117000090CDE979
:10F18000023302EBD6022046FFF751FEDBE7678928
:10F19000013B174100F8017B5BB2083AE1E7DF0071
:10F1A00025FA07F700F8017B013BDFE72DE9F0477F
:10F1B0009DF820A09DF828709DF82C901C4643EAED
:10F1C0000A03072B05460E46904642D8544540D3C5
:10F1D000FFF71DFF631CFF22DBB2CAF1080A02FA27
:10F1E00003F342FA0AF21343DB43DBB280EA08027C
:10F1F000134205D1B9F1000F02D10020BDE8F0871C
:10F2000020EA030403EA08031C43E4B22246314621
:10F210002846FFF787FF286803689B6A98479DF890
:10F2200024804FF47A73814603FB08F8286803684A
:10F230009B6A9847A0EB0903434502D36FF00F0088
:10F24000DCE731462846FFF7E2FE60400742EDD199
:10F25000D3E76FF00A00D1E77FB59DF824600396ED
:10F26000089E9DF82850CDE90136002300930446FE
:10F27000FFF7DDFD38B935B1A36923B1204604B0ED
:10F28000BDE87040184704B070BDF0B590F911406A
:10F2900090F811C0002CB8BF0734E41087B0013CCF
:10F2A00064B205AD0F46E6002946002C0DDA9DF844
:10F2B000344002949DF83040CDE9003413464FEAC3
:10F2C000DC02FFF7C9FF07B0F0BD47FA06FE013CBC
:10F2D00005F801EB64B2083EE7E77FB59DF82460CE
:10F2E0000396089E02960026CDE9003601239DF87C
:10F2F00028500446FFF79BFD38B935B1A36923B107
:10F30000204604B0BDE87040184704B070BDF0B5A9
:10F3100090F9114090F811C0002CB8BF0734E410E8
:10F3200087B0013C64B205AD0F46E6002946002CCB
:10F330000DDA9DF8344002949DF83040CDE9003458
:10F3400013464FEADC02FFF7C8FF07B0F0BD47FAEB
:10F3500006FE013C05F801EB64B2083EE7E770B534
:10F3600086B000238DF8133090F91130427C002BC9
:10F37000B8BF0733DB10013B04465BB205A8DD00D4
:10F380000146002B16DA0123CDE902330DF11303F8
:10F39000019300230093D2082046FFF748FD05465D
:10F3A00028B963691BB19DF813009847E08028468F
:10F3B00006B070BDE689013B2E4100F8016B5BB2DF
:10F3C000083DDEE770B50B46054601F11404303008
:10F3D00053F8046B40F8046BA342F9D16A640E1F22
:10F3E00001F11004286856F8041F036882689B68BE
:10F3F0009847A642F6D170BD406C18B970478B4251
:10F4000004D018300378002BF9D118467047F8B5AE
:10F410000546FFF7F1FF88B1041D05F12C0605F143
:10F42000400756F8041F002904DB28682268036897
:10F43000DB689847BE4204F10404F2D1F8BD000035
:10F440000648074B074A1B68B3FBF2F310B5446844
:10F450004B434268121B9342FBDC10BD001000E0DE
:10F460004000002040420F00CBB22A2B09D80F4A9F
:10F4700052F8233001F4E0601843431C18BF0846DB
:10F48000704701F0C002C02A0CD1CB2B0AD8084B20
:10F4900001F03F0201F4E06053F82220034B53F8DF
:10F4A0002230E9E74FF0FF30704700BF58190208DB
:10F4B00028190208704790F82C2008B512B103688B
:10F4C0001B6B9847BDE80840F6F7E0BC006A0021D6
:10F4D0000EF050BC006A0EF086BCF8B507460C462C
:10F4E0005D1E8E18B44200D1F8BD14F8011B386AB5
:10F4F00000220EF07AFC05F8010FF3E70EF021B8B8
:10F500004B1C084603D00021C0B20DF04DBF704720
:10F51000084611461A46431C02D0C0B20DF0C4BEC4
:10F520007047006A0EF05EBCD0E90912006A0EF066
:10F5300037BC084611461A46431C01D00EF084B968
:10F54000002070470EF0EAB90EF0E6B908460EF05A
:10F55000E7B94B1C084601D00DF068BF70470000AA
:10F560001FB5084611461A46431C13D00024CDE9A6
:10F570000044CDE9024421B1074B0393074B0091AE
:10F58000029369460DF084FF029B1BB1694603227A
:10F590000846984704B010BD0D5F0008ED5E0008F6
:10F5A0004B1C084601D00EF011B9002070470846E8
:10F5B000431C114601D00EF0CFB870470846431CDB
:10F5C000114601D00EF05EB8704710B530210446E8
:10F5D000F6F7C1F9204610BD90F82C2012B103684F
:10F5E0001B6C18477047000070B586B004AD85E805
:10F5F0000C0004230322CDE90132012200230E4630
:10F6000000921946044603F00FFE95E80300064BEE
:10F61000236004F12403266283E8030000232046CC
:10F6200084F82C3006B070BD182502087047000021
:10F6300008B5A1F12B030846032B16D8DFE803F029
:10F640000A0206110B4807F02FFE08BD094807F013
:10F65000F7FDFAE7074807F009FE80F00100C0B2A5
:10F66000F3E7044807F019FEF7E7BDE808400EF09D
:10F67000ADB800BF147900200846A0F12B03032B7E
:10F68000114601D90DF0FEBF704710B53021044678
:10F69000F6F761F9204610BD08462D28114604D81A
:10F6A0002B2810D809D00EF057B82E28FBD1B2FA6B
:10F6B00082F10548490907F0E3BDB2FA82F1024838
:10F6C000490907F0C5BD70471479002037B50446D5
:10F6D0003020F6F73CF90A4B0A4905460CCBFFF7F8
:10F6E00083FF094B2B602C222E23CDE900322946C3
:10F6F0002D232B222046FFF703FB204603B030BD0D
:10F70000E025020814790020802502080368D3F858
:10F71000DC3018470368D3F8E030184770472DE90C
:10F72000F04385B00F464FF0000801230DF10F02A2
:10F7300040F6E70106468DF80F8002F0C4FA044651
:10F74000002855D133683046D3F8D8309847042183
:10F750008146FFF751FE032105464846FFF74CFE60
:10F7600028B165B90E2F47DD6FF00C0440E017F1AA
:10F77000090FF9DB002DF7D007F1090303E00E2F85
:10F78000FBB20EDD0933DBB21F2BEDD801250723B9
:10F79000224600950421304602F076FA04230446FE
:10F7A0000DE01133DBB21F2BDED80122234600927D
:10F7B0000421304602F068FA45460446032386F8E1
:10F7C0006431ACB92946304601F001FB044678B9F2
:10F7D0000422F9B2304602F00CFB044640B9012382
:10F7E0000DF10F0240F6E701304602F065FA0446DB
:10F7F000204605B0BDE8F08307F11103DBB21F2BF3
:10F80000B2D80122234600920421304602F03CFA8D
:10F8100003230446D3E7000010B502F0A8FA04461B
:10F82000054807F00AFD044807F0FBFC10B1024848
:10F8300007F0FDFC204610BD1479002010B50446E9
:10F84000034807F0F7FC2368BDE81040184700BFE5
:10F8500014790020014807F0D3BC00BF14790020C0
:10F8600010B54FF4E4710446F6F775F8204610BD64
:10F8700010B5044600F0B2F9014620B92046BDE8B3
:10F88000104003F0E3B910BD012A02D1016000204D
:10F890007047022A05D0032AF9D0002AF7D1026066
:10F8A000F5E70B680360F2E71FB50023CDE900130D
:10F8B000084B03930848094B0293694607F066FC1E
:10F8C000029B1BB1694603220846984705B05DF8C4
:10F8D00004FB00BF3DF800081479002089F80008F7
:10F8E00010B5044600F04FF9014620B92046BDE8A6
:10F8F000104003F0ABB910BDF0B587B004469DF9D8
:10F900003450BDF838609DF840700497CDE9015639
:10F910000F9F0C9D0397009500F06AF8014628B9E7
:10F92000204607B0BDE8F04003F090B907B0F0BD45
:10F93000F0B587B004469DF844E09DF830509DF83E
:10F9400034609DF93870BDF83CC0CDF814E0DDF8A6
:10F9500040E0CDF810E0CDE9027CCDE9005600F0A2
:10F9600015F8014628B9204607B0BDE8F04003F07D
:10F970006DB907B0F0BD000010B5044600F090F975
:10F98000014B2360204610BDF0250208F0B51E464D
:10F99000164B04468C4617460FCB85B06D4685E85E
:10F9A0000F009DF828308DF809309DF82C308DF827
:10F9B0000A309DF930308DF80B30BDF83430ADF899
:10F9C0000C300E9BC4F850319DF83C3084F8543113
:10F9D0002368CDF800C0D3F8F03001978DF80860A7
:10F9E00029462046984705B0F0BD00BFC81302085D
:10F9F000F0B5144D06468E4694461F460FCD87B08F
:10FA000001AC0FC42B6823600C9B04939DF9343028
:10FA10008DF81430BDF83830ADF816300F9BC6F8AD
:10FA200050319DF8403086F854313368CDF804E009
:10FA3000D3F8F830CDF808C0039701A930469847AD
:10FA400007B0F0BDD8130208F0B516460D4A0446BB
:10FA50000F4607CA85B001AD85E807008DF80C3068
:10FA60000A9BC4F850319DF82C3084F85431236837
:10FA70000197D3F80031029629462046984705B0F1
:10FA8000F0BD00BFEC13020813B58DF805309DF8EA
:10FA900010308DF806309DF914308DF80730069B34
:10FAA000C0F850319DF81C3080F854310368009143
:10FAB000D3F808318DF804206946984702B010BD8C
:10FAC0004AB116290B466FF00800A8BF16238342DF
:10FAD000B8BF034613700931C9B21F298CBF6FF03C
:10FAE0000C0000207047000010B5012986B006D038
:10FAF00002292BD0C9B16FF0130006B010BD00224F
:10FB000003680592194A04924FF0080C0A22CDE9C5
:10FB1000022C4FF0120E0722CDE9002E1449D3F823
:10FB2000F440144A0923A047E7E7104A0368039208
:10FB300010240A22CDE901240F4A04910092D3F83F
:10FB4000FC400E4A0E4B0A49A047D6E70023026844
:10FB50000393064B02930A210123CDE900310449A6
:10FB6000D2F80C410622A047C7E700BFCDCCCC3F5E
:10FB70000000D9430000FA4233331C439A9999405C
:10FB80000000A040704770B58B898A7A0D46497A8B
:10FB9000044601F0DDFA00BB2368297AD3F8E83087
:10FBA00020469847C8B923686968D3F8E4302046EE
:10FBB000984790B923682968DB6B2046984760B95D
:10FBC0000121204601F003F938B9236895F90B109B
:10FBD0005B6D2046BDE87040184770BD37B54B8A55
:10FBE0000093CB688A680C464968054601F004FB1F
:10FBF00098B92B682168DB6B2846984768B90121C2
:10FC0000284601F0E4F840B92B6894F910105B6DB8
:10FC1000284603B0BDE83040184703B030BD70B58A
:10FC20000C464968054601F057FB90B92B682168DE
:10FC3000DB6B2846984760B90121284601F0C7F8D8
:10FC400038B92B6894F908105B6D2846BDE8704000
:10FC5000184770BD70B58B794A790D46097904460D
:10FC600001F04EFB90B923682968DB6B204698476A
:10FC700060B90121204601F0AAF838B9236895F946
:10FC800007105B6D2046BDE87040184770BD10B589
:10FC90004FF4E4710446F5F75EFE204610BD000007
:10FCA00010B5044600F068FC034B2360034BC4F816
:10FCB0005831204610BD00BF102702080027020857
:10FCC00070B50C460546144920461646F1F7DCF996
:10FCD000F0B112492046F1F7CDF9C8B12EB1214655
:10FCE0002846BDE8704003F019B8D5F860112046E9
:10FCF000F0F70EFF0A4920F00040F1F7C5F900289F
:10FD0000EDD02146284600F07AFE0028E7D070BDED
:10FD10006FF00B00FBE700BF0000164300007044CB
:10FD20000000A0410022FFF7CBBF0000036873B5BD
:10FD30009B6D1646002205460C46984790B99EB129
:10FD40000B4B04F1090203EB420113F8123091F955
:10FD5000014003F00F021B090021009128462146B3
:10FD600002F086FF02B070BD04220723F4E700BF53
:10FD7000202802080122FFF7D9BF000030B5074B49
:10FD800005460FCB85B06C4684E80F002B682146F2
:10FD9000D3F8A0302846984705B030BDF8130208C4
:10FDA00013B5036800220092DC6940F2722202233C
:10FDB0006FF07F41A04702B010BD000030B5074B87
:10FDC00005460FCB85B06C4684E80F002B682146B2
:10FDD000D3F894302846984705B030BDF813020890
:10FDE00082B02DE9F041012906A880E80C000B9CA7
:10FDF0009DF826609DF8277009D0022975D000294A
:10FE00004BD06FF01300BDE8F04102B070479DF891
:10FE1000188042F2107000FA08F0F0F72BFF5149F9
:10FE200005460798F0F77EFF01462846F1F72EF8C1
:10FE3000F1F77AF9A8F10503DBB2012B9DF8283020
:10FE400005468BBF08210021112019200BBB4FEA6A
:10FE5000880304EB4707002EC8EB47020CBF1426AB
:10FE6000002601EB8201DBB2314409B25A1E00299F
:10FE7000A8BF521892FBF3F3BDF824209DF8201080
:10FE80009BB2083201FB032300EB83006843800828
:10FE9000B9E7A8F102039B00DBE7F800F0F7EEFEFC
:10FEA00005463046F0F7EAFE01462846F0F732FEF6
:10FEB0000546BDF82400F0F7E1FE01462846F0F7BC
:10FEC00029FE0546E000F0F7D5FE01462846F0F78A
:10FED00021FE254904460698F0F7D8FF0146204642
:10FEE000F0F7D4FFF1F720F98DE79DF81930032BD7
:10FEF00034D8DFE803F002282D30062363430433AF
:10FF00000522B3FBF2F39CB23022B4FBF2F303EB15
:10FF1000830000EB800002FB13444000A4B280B2D7
:10FF200014B10234204480B29DF82430C3EBC302E4
:10FF300003EBC20300EB43000C4B80B25843F0F7D5
:10FF400099FE0B49CCE704EB4404C4F34F04DBE710
:10FF50006400A4B2D8E704EB4404FAE76FF00900A8
:10FF600051E700BF0000204100007A4400127A00EF
:10FF70001D24F44308B50846F0F77CFE0249F0F76B
:10FF800085FFF1F7D1F808BD00007A41036889B216
:10FF9000D3F8EC3018470368D3F8DC301847D0F8B2
:10FFA0006801704700F00E03062B0BD0082B0CD015
:10FFB0000A2B0CD00138C0B2FD288CBF6FF00100B5
:10FFC000002070476FF43070704702487047024855
:10FFD000704700BF3EFDFFFF3DFDFFFF7047000083
:10FFE0002DE9F0428AB004460F4601F0EFFE05AE5F
:10FFF00000230DF11C090128C9E9013305460793C7
:020000040801F1
:100000000593B3803DD194F86D31042B35D804337A
:10001000DBB28DF8243094F86C318DF81C30D4F8B4
:1000200074310893B4F87231ADF8143094F86F312C
:10003000003B18BF01238DF8173094F87031591E1A
:100040004B424B418DF8163094F86E31003B18BF8F
:1000500001238DF81830039796E80300099B01905F
:10006000ADF808100093216899E80C008E6F2046C7
:100070002946B0470AB0BDE8F082072B08BF082325
:10008000C7E730BBD4F87C01F0F7F4FD0146214806
:10009000F0F7FCFE0790D4F88001F0F7EBFD94F840
:1000A0008731089013F0FB0F11D0022B03D09A1F59
:1000B000534253415B00B4F88C21ADF8142094F8FE
:1000C00088218DF816208DF817300025C3E701230D
:1000D000F1E703280ED1B4F8A8315BBAADF81C30B3
:1000E00094F8AF318DF81E3094F8AA318DF81430A1
:1000F0000225B0E7022809D1D4F87C01F0F7BAFD57
:1001000001460448F0F7C2FE0790DEE76FF01300E7
:10011000B0E700BF00007A4910B50C4659B101F0B4
:1001200055FE012802D0032803D038B920700020E2
:1001300010BD0220FAE76FF00200F9E76FF013003C
:10014000F6E708B5D0F868010221FFF760F94FF033
:10015000FF3008BD37B50D46044690F86411D0F85D
:100160006801FFF754F95DB90123CDE9003300239D
:10017000D4F868011A46D121FFF7C9F803B030BDA1
:100180002946204601F004FE0028EDD0F6E707B529
:1001900000238AB20093114601F0CCFD03B05DF854
:1001A00004FB1FB50023ADF80C300123CDE900336B
:1001B00003AA02231221D0F86801FFF766F8BDF800
:1001C0000C0040BA80B205B05DF804FB2DE9F041A7
:1001D000002486B0FF270226CDE90274CDE900464F
:1001E00005462346224640F6E201D0F86801FEF7B4
:1001F000DDFFCDE90274CDE900462346224640F6F4
:10020000E501D5F86801FEF7D1FF6FF07F41284680
:1002100001F0D5FCD5F86831186803680A21DB695C
:1002200098472746264601230DF1170240F619018B
:1002300028468DF8176001F046FD9DF8170000F084
:100240000100A04001343843082CC7B2EBD12B6821
:1002500002244FF0FF081B6928469847CDE9014862
:1002600003960096D5F868010023012240F6E201CA
:10027000FEF79CFFCDE90286CDE900640023D5F8A6
:100280006801012240F6E501FEF790FF384606B00E
:10029000BDE8F08190F83810022938B5044605D041
:1002A000032911D06FF01805284638BDD0F8680131
:1002B000FFF7ADF8D4F8A411204601F080FC054604
:1002C000002384F83830EFE790F86411D0F8680123
:1002D000FFF79DF80021204601F05BFC0546002851
:1002E000E2D1D4F868311868D96A02681269904777
:1002F0000028E5D0D4F86831186803685B6D98472A
:10030000EFE7D0F8683110B50446186803681B6938
:100310009847C1B22046BDE8104002F063BE10B558
:100320004FF4E4710446F5F716FB204610BD036850
:1003300010B5D3F8EC3044F2FF310446984728B9A1
:10034000236820461B69BDE81040184710BD000017
:1003500010B5044601F03AFD01280ED1236820466D
:10036000D3F884309847C3050AD410F0800F14BF27
:100370006FF00E004FF0FF3010BD6FF01300FBE781
:100380000048F9E742FDFFFFF7B505460E4601F0CC
:100390001DFD012833D12B6828461B699847044668
:1003A00050BBD5F868010221FFF731F8B168284643
:1003B00002F0E8FDF1680746284602F0E3FD0094EC
:1003C000234682B2B9B2284601F0B4FC044698B97B
:1003D0002B6844F2FF31D3F8EC30284698470446A6
:1003E00050B973680193F3780093B37872783178D9
:1003F000284601F0FBFB0446204603B0F0BD6FF039
:100400001304F9E710B5044601F0E0FC012812D10D
:10041000204601F013FE10F4004FC0F3072018BF70
:10042000A0F58070EFF7DEFF044B0022F0F744F8F0
:10043000F0F71AFB10BD0248FCE700BF0000D03FF8
:100440000000A0C12DE9F3411D4603681B69044665
:100450000F4616469847002846D16DB92368002EEE
:10046000DB6F14BF3146FF21204698474FF47A7363
:1004700000EB8000B0FBF3F52846F0F7FBFB2D49BD
:10048000F0F750FC2C49F0F701FDF0F74DFE236822
:1004900000220092D3F81C800146022340F272220F
:1004A0002046C04700BBD4F86831186803685B6A0F
:1004B00098478046D4F868311868596A026812690A
:1004C0009047A0B10025236820461B69984718B1C2
:1004D0006FF43073984207D12368D5B12368204662
:1004E000DB6A98476FF0050002B0BDE8F081D4F8F0
:1004F0006831186803685B6D9847D4F868311868EC
:1005000003685B6A9847A0EB08008542D2D20125B8
:10051000D9E7D3F8843020469847636B1842DDD181
:1005200023681B6B32463946204602B0BDE8F041D5
:10053000184700BF00007A4400007A41036810B5F4
:10054000D3F894300446984730B110BDD4F86831E0
:10055000186803685B6D9847D4F868311868596A61
:100560000268126990470028F0D023682046D3F82B
:100570009830BDE81040184738B504460D4602F0E3
:10058000DDFC344AC4F850210022C4F86021C4F8CC
:100590007421C4F8902140F20162A4F8A8212E4AE7
:1005A0002E4B12692360032000230121C4E95F332D
:1005B00084F84D3184F85431C4F8583184F85C31F2
:1005C00084F86401C4F86C3184F87031A4F8723195
:1005D00084F87811C4F88431A4F8883184F88A3119
:1005E000A4F88C31C4F89431A4F8983184F89A3185
:1005F000C4F89C3184F8A031C4F8A43184F8AA016D
:10060000C4F8AB2184F8AF31C4E96C33C4E96F336B
:10061000A4F8B831C4F8C431114B6360FF23A36060
:1006200002220423C4E90523216110230821C4E91F
:10063000071320204023C4E90903C4F868514FF48C
:1006400080738025C4E90B534FF400736363204625
:1006500038BD00BFCDCCCC3FF81302086828020893
:100660000024743F10B5032ABDF8084011D80929A9
:1006700080F8A82110D85A1E032A80F8A9110ED894
:10068000B4F5007F80F8AA310CD2A0F8B841002060
:1006900010BD6FF00900FBE76FF00700F8E76FF09F
:1006A0000A00F5E76FF06900F2E7D0F8683170B53D
:1006B0000446186802680D469668996A8268B047D1
:1006C000D4F868311868996A0268D668C268B04779
:1006D000D4F86831186803680121DB699847D4F8B9
:1006E00068311868996A0268D6680269B047F5B13E
:1006F000D4F86831186803685B6A9847064623682F
:1007000020461B699847054688B1D4F868311868B7
:1007100003685B6A9847801BB0F57A7F08D2D4F8EB
:100720006831186803680A21DB699847E7E7002504
:10073000284670BD036810B5D3F884300446984746
:10074000430410D5D4F8C411204601F00F0101F084
:100750004FF950B923682046D3F8EC30BDE810407B
:1007600044F2FF3118476FF0040010BD2DE9F04747
:10077000984603681B6904460F46164698470028AA
:1007800041D194F86D31042B3FD9072E5BD994F8F1
:100790006F31012B39D1FD2E58D823683146DB6FDC
:1007A0002046984723680546D3F8249032464346AE
:1007B00039462046C84730BB20464FF47A7305EBD4
:1007C0008505B5FBF3F501F001FBD4F86831064669
:1007D000186803685B6A984705350746D4F868319E
:1007E000186803685B6D9847D4F868311868036827
:1007F0005B6A9847C01B854209D2236820469B6AE2
:1008000098476FF00400BDE8F087FF2EC4E7D4F8E6
:1008100068311868596A0268126990470028DDD06B
:10082000032E236809D1D3F8843020469847C307A4
:1008300003D42046FFF77EFFD0E7236820469B6A5B
:10084000BDE8F04718476FF01D00DCE76FF00300CC
:10085000D9E700001FB571B101F0F0FBC0B2EFF7AE
:10086000C1FD0F4B002201F10041EFF725FEF0F72B
:10087000FBF804B010BD0123CDE900338DF80F1053
:100880000DF10F021521D0F86801FEF7FEFC9DF86E
:100890000F00F0F7EFF94FF03F41F0F743FAE8E7C8
:1008A0000000E03F0121FFF7D5BF30B585B0054618
:1008B000144601F08BFA012808D195F87031012B0C
:1008C00004D11CB9D5F89C0105B030BD0023ADF8AA
:1008D0000C300123CDE9003303AAD5F868010223C7
:1008E0001321FEF7D2FC14B19DF80D3023709DF852
:1008F0000C00E9E72DE9F3410546D0F868010F4601
:100900001646FEF72CFD2B680446D3F884302846A3
:1009100098476FF430739C4208D110F4007F18BFE1
:100920006FF00504204602B0BDE8F081002CF9D13B
:1009300043062CD400F03000202814BF4FF00008EC
:100940006FF0060800230DF10702012128468DF8FB
:100950000730FFF7AAFF16B1B04228BF3046C2B237
:100960009DF807303946284601F0D0F904460028A2
:10097000D8D12B6844F2FF31D3F8EC3028469847A1
:10098000B8F1000F0CBF04466FF00604CAE76FF021
:100990000608D7E70022FFF788BF73B5054608466B
:1009A0004FF07E511646F0F7B3F84FF07A51F0F75A
:1009B000B9F90DF031FDF0F7B7FB4FF07E51C4B23D
:1009C0003046F0F7A7F84FF07A51F0F7ABF90DF099
:1009D000E1FCF0F7A9FBE107C3B25CBF04F1FF340F
:1009E000E4B2DA075CBF0133DBB201A928468DF817
:1009F00004408DF8053001F0DBF902B070BD73B52D
:100A0000002305460846ADF804300C46F0F766FBB7
:100A1000A0F286331A2B21D9A0F25F33072B28D9F5
:100A2000A0F20B33082B27D9A0F5EB73282B26D97E
:100A3000A0F5D7730A2B25D94FF081412046F0F756
:100A400069F84FF0814106462046F0F761F83246DA
:100A500001462846FFF7A1FF02B070BDE122E9235D
:100A600001A928468DF804208DF8053001F0A0F981
:100A7000F2E7D722DB23F3E7C122C523F0E7752293
:100A80008123EDE76B226F23EAE7000037B50023EF
:100A90008DF807300DF10702012340F68901044665
:100AA00001F011F9E8B9204601F090F901289DF80C
:100AB000075018D10D49D4F87401F0F729F80C4902
:100AC00020F00040F0F7D6FA68B105F0FB050123ED
:100AD0000DF1070240F6890120468DF8075001F01C
:100AE000EBF803B030BD45F00405F0E70000FA4331
:100AF0006F12833A2DE9F0410229C8B005460E462F
:100B0000174606D003297DD06FF0180048B0BDE825
:100B1000F08190F87031012B03D1D3680BB1C0F88C
:100B20009C312B6828461B6998470028EED13A680B
:100B300079686FF07F439A421EBFBB6843F400732D
:100B4000BB60284602F01EFAB9680446284602F047
:100B500019FA002382B20093A1B2284601F0EAF804
:100B60000028D3D102460146284601F046FA002863
:100B7000CCD12B6844F2FF31D3F8EC3028469847AB
:100B80000028C3D1284601F021F901281AD195F88F
:100B9000A031019395F87031009395F89C3195F848
:100BA0006F21B5F87211284601F0ACF93B680133AA
:100BB00004BF6FF07F433B603B68C5F8A43185F804
:100BC0003860A3E710B14FF0FF309FE795F88A0136
:100BD000B5F88C1195F8842195F8873195F888C17E
:100BE00095F889E160B995F89C41CDF808E0CDE928
:100BF00003040020CDE900C0284601F0A9F9D5E79B
:100C0000FF24F2E75368FF2B00F2DE8001F0DEF8EC
:100C10000128044616D195F8A031019395F870315A
:100C200000933B7995F86F21B5F87211284601F0D1
:100C300069F900287FF46AAF00230093012240F293
:100C4000012138E0A8B93B79049395F88A310393E0
:100C500095F88931CDE9010395F88831009395F82D
:100C6000873195F88421B5F88C11284601F070F988
:100C7000DFE7022818D1D5F87C317968642B4FEA78
:100C8000C1039BB241F6705243F20F700093C9B298
:100C900040F2E14308BF134640F62F1208BF024658
:100CA000284601F07EF9C4E703288CD1002344F2E2
:100CB000010200931146284601F03CF800287FF419
:100CC00025AF02460146284601F097F900287FF437
:100CD0001DAF032C19D003463A793968284601F034
:100CE00001F800287FF412AF2B6844F2FF31D3F8EB
:100CF000EC302846984700287FF408AF2846FFF7D5
:100D0000C5FE00283FF45BAF00E7284600F0C0FDB9
:100D100000287FF4FBAE044695F8AA31C3F1040322
:100D2000A3424CDC0024FB22214609A808940FF0C2
:100D300046FB05F5E073C5E96F44C5F8C4410DF104
:100D40001C08029305F5DE73CDE900832846D7E938
:100D5000001208AB079400F01DFB00287FF4D6AE0C
:100D600003469DF81C2008A9284600F0BBFF002878
:100D70007FF4CCAE01238DF81830079B8DF8193025
:100D8000D5F8C0318DF81A3006AA032340F2853118
:100D9000284600F091FF00287FF4B8AE95F8C071A6
:100DA000102F28BF10270446A7429DD9E1B228463C
:100DB00000F01EFE00287FF4A9AE0134F4E72846B7
:100DC00000F0FCFD0134A7E76FF003009EE637B5A5
:100DD00000230D468DF807300DF10702012340F680
:100DE000D801044600F06FFF70B99DF807306DB16F
:100DF00043F01E038DF807300DF10702012340F682
:100E0000D801204600F058FF03B030BD23F01E0388
:100E100043F00803EEE737B590F87031012B044634
:100E200002D0002003B030BD00F0D0FF01280546FD
:100E3000F7D100238DF806300DF10602034640F687
:100E40000211204600F038FF0028EBD18DF8070092
:100E50002B460DF1070240F64411204600F033FF07
:100E60000028DFD19DF8073043F002038DF80730EA
:100E70000DF107022B4640F64411204600F01CFFFE
:100E8000D0E7036810B51B690446984760B920464F
:100E9000FFF7C1FF40B923682046D3F8EC30BDE826
:100EA000104044F2FF31184710BD37B500230D46FE
:100EB0008DF807300DF10702012340F23671044628
:100EC00000F001FF88B99DF80730012D0CBF03F039
:100ED000FB0343F004038DF807300DF107020123F3
:100EE00040F23671204600F0E7FE03B030BDF0B5A9
:100EF00085B0044600F06AFF0246002878D1D4F895
:100F00007C31D4F868010392FF26B3F5966F029600
:100F100009D102210423CDE9003140F6B801FEF7E2
:100F200045F905B0F0BDB3F5167F4FF002054FF05F
:100F30000303CDE900354FF004032ED1182240F20F
:100F4000D161FEF733F90028EBD1CDE90260CDE99C
:100F500000550423D4F868011A4640F69B01FEF7B9
:100F600025F90028DDD1CDE902600427019500971D
:100F700002463B46D4F8680140F6B801FEF716F980
:100F80000028CED1CDE90260CDE9007506235022BC
:100F9000D4F8680140F2AC61C1E7082240F2D161A7
:100FA000FEF704F90028BCD1CDE90260CDE9005577
:100FB00002460423D4F8680140F69B01FEF7F6F8D8
:100FC0000028AED1CDE90260042701950097D4F83E
:100FD00068013B46102240F6B801FEF7E7F800280A
:100FE0009FD1CDE90260CDE9007506230246CFE727
:100FF000002096E7F0B5054685B00F460A24002686
:101000002B7B1BB101212846FFF74FFBD5F8680168
:1010100010224FF448716B46CDE90066CDE90266B7
:10102000FDF7B2FF0622694638460FF0FDF910B908
:10103000012005B0F0BDD5F86831186803680A21B1
:10104000DB69013C984714F0FF04D9D12046F0E752
:1010500070B50446D0F868010E46FDF777FED4F867
:1010600068311868596A026895684268A847D4F8D8
:1010700068311868D96A026895684268A847D4F848
:10108000683130484FF401621A820122DA74D4F8D0
:1010900068314FF440011A712B4A5A61C3E90201C9
:1010A000D4F858112046FFF7A5FF38B9D4F86801E5
:1010B000FDF762FE6FF00105284670BDD4F850516F
:1010C00000212846EFF7EAFF68B93146204601F0D3
:1010D0003AFE054688B994F854316BBB2046BDE80A
:1010E000704001F0D0BC294641F28832204601F020
:1010F000F3FC05460028E8D0DEE7236820461B699C
:101100009847204600F0BCFF104B9D42D4D1830687
:10111000D2D50021C4F8501141F28832204601F0A6
:10112000DBFC05460028C7D13146204601F00BFE06
:1011300005460028CFD0BFE72046BDE8704001F04B
:101140009FBC00BF1D000D00A5FF00083DFDFFFF77
:10115000F7B51D46254BC0F87431062380F85C3185
:1011600000231646C0F89431214A80F87031FF23DD
:101170000F46A0F87251C0F86C21C0F89C310121D3
:101180000446FFF765FF70BB02463946204601F072
:1011900052F840BB44223146204601F079F810BB9A
:1011A000236829461B6E20469847E0B9114920461E
:1011B00001F08EF8B8B90121204601F047FD90B941
:1011C0000123009341F60F5241F2210302212046F0
:1011D00001F088FB38B923681B6D0146204603B037
:1011E000BDE8F040184703B0F0BD00BF0000FA436F
:1011F00009030001000070422DE9FF4117461E4619
:1012000045F255324CF6CC43C0E95F23304BC0F871
:1012100090311A23BDF8285080F8853140F20963D7
:101220008846A0F88631A0F88C5100210446FFF7CB
:101230000FFF002849D1236841461B6C2046984780
:10124000002842D1236839465B6C20469847002825
:101250003BD13146204601F05DFA002835D11D49C9
:10126000204601F035F880BB236829461B6E2046D6
:10127000984750BB4AF61253ADF80C30236802224F
:10128000DB6D03A920469847F8B9236801469B6C9B
:1012900020469847C8B923680146DB6C204698472A
:1012A00098B9FF21204601F035FD70B90125009560
:1012B00041F2210341F60F520221204601F012FBB8
:1012C00018B92946204601F0C1FC04B0BDE8F08100
:1012D00033331C430000704238B50D4602210446EA
:1012E000FFF7B6FE58B9236829461B6C204698477D
:1012F00028B920460121BDE8384001F0A7BC38BD1F
:1013000070B50D4686B080F8AF310321044616460D
:10131000FFF79EFE88BB1D49204600F0D9FF60BB49
:101320000121204601F092FC38BBCDE90300CDE954
:1013300001000090034602460146204600F008FEE8
:10134000D8B90B2384F88631236884F88501C4F862
:1013500080011B6C0E492046984770B9032E0ED8A9
:10136000092D84F8A8610DD8032384F8AA314FF41D
:10137000807384F8A951A4F8B83106B070BD6FF03D
:101380000900FAE76FF00700F7E700BF00007042BE
:101390000000FA3E2DE9F04F83469146ADF5297DD8
:1013A0001C460020FF22484540F0CA80B048102368
:1013B0000026037047F25B574FF6FF734A462146FB
:1013C000C0E90173C66001F053FEC0F3072304F8BF
:1013D000093004EB09034FF41772587009F1020346
:1013E0003146E65409AD11A8059310960EF0E7FFBB
:1013F000A0482E60032101F07FFE09F10203DA000C
:10140000063210AB21469B48009501F079FEFF2281
:10141000314620460EF0D3FF9BF8A871032F2ED043
:10142000954B0CAA03F1080C18685968164603C6B8
:10143000083363453246F7D1186899889B79B371B0
:10144000022F98BF8D4B3060B18098BF13F807C052
:101450002B6802934FF0000388BF4FF0000C1A4630
:1014600018460DF130084FF0010A029999427BD1DC
:1014700009920732D208214610A80FF0F0F8099B14
:101480000293002293B202985B438342114602F119
:101490000102F7D38BB25B009BB204939BF8AA3195
:1014A000BDF90850C1F34E020692C3EBC30203EB31
:1014B000C20300215B009BB28A460A46002D74DC01
:1014C0009BF8AA216A4F8DF828906FF0710101FBFB
:1014D000023309939BF8AF319BF8A8219BF8A9111F
:1014E0009B0043EAC20343EAD10343F002038DF8B1
:1014F0002930BBF8B8311A091B0142EA41128DF8B4
:101500002B3008238DF82A203B702F22FF23C7E9B8
:1015100001230026FE6035469BF8AA11B14200F275
:10152000AF80059B9BF8A821DB0006339BB2032A02
:1015300000F27B81DFE812F06D017501A001A201CC
:101540000B5C53401D0145EA13132354130983EA2E
:10155000521383EAD20303F0010383EAD213520049
:10156000D2B21A4301301EE718F80010B9B110AF1B
:10157000DE084FEAD20EBE5D14F80E10DF43D543ED
:1015800007F0070705F007053E41F6070AFA05F5DB
:1015900046BF2943C9B2A94304F80E1001320130F5
:1015A000844508BF002001335FE7302D28464FEA0D
:1015B000D306A8BF30200390D843A75D4FF0010C9D
:1015C00000F007000CFA00F027EA000703EB0C001C
:1015D000A755C710C043E65D00F007000CFA00F005
:1015E00026EA0006E6554FF0000C9F1CFE434FF024
:1015F000010E06F007060EFA06F60DF140084FEA56
:10160000D20EF81018F80EE007906FEA020808F002
:101610000708205C4EFA08FE1EF0010F14BF30438D
:10162000B0434FEAE70618BFC0B2A0550498024481
:10163000029892B290420BD8069A0498524492B201
:1016400090429FBF013189B20A468A4688BF9246BE
:10165000039E0CF1010C0FFA8CF0864207F1010792
:10166000C4DC30460230303D18442DB283B225E749
:101670005C78002058780020101402085F290208C6
:101680009DF82B300139891B23F00C0343EA8103B9
:1016900004220AA938468DF82B3001F0E9FC0DF13F
:1016A00030084FF00009C8F800908DF82C00022196
:1016B0007448CDF83490ADF8389001F01DFD282223
:1016C0000DEB020143466F48CDF8009001F018FD84
:1016D00028220DEB020143466A48CDF8009001F044
:1016E0000FFDEA08EB43A15C4FF0010E03F0070386
:1016F0000EFA03F321EA0303A35405EB0E03DA10F9
:10170000DB43A15C03F007030EFA03F321EA0303B2
:10171000A3545D4B029305F1020C05F12A00029BD4
:1017200013F8011B02934FEAD1094FEADC0A18F8BB
:10173000099014F80A30C9436FEA0C0201F007015E
:1017400002F0070249FA01F919F0010F0EFA02F24C
:1017500018BF13430CF1010C14BFDBB29343604577
:1017600004F80A30DBD105F17203DFF8209102930F
:1017700005F14A0C0DF1300A19F8011F6FEA0C024D
:101780004FF0010E02F007020EFA02F24FEAD10EFC
:101790004FEADC081AF80EE014F80830C94301F0EB
:1017A00007014EFA01FE1EF0010F1ABF1343DBB210
:1017B000934304F80830029B0CF1010C6345DBD124
:1017C00000214FF001090BEBD10C4FEAD0089CF837
:1017D000ABC114F808306FEA010EC2430EF0070ED9
:1017E00002F007024CFA0EFC1CF0010F09FA02F29B
:1017F00018BF134301F1010114BFDBB29343202949
:1018000004F8083000F10100DDD17235ADB20136C7
:1018100082E60622534304330522B3FBF2F39BB264
:1018200003E003EB4303C3F34F03302003F12F0224
:10183000B2FBF0F20A44B4990A60B3FBF0F101EB99
:10184000810202EB820200FB113352009BB292B282
:1018500013B102331A4492B29BF8AA11722313FBFC
:101860000123B39A1360B29A0733DB080020136098
:101870000DF5297DBDE8F08F5B00D0E703EB430356
:10188000CDE700BF587800206229020889290208A4
:1018900070B5464A8AB0034605AC02F110061068DE
:1018A0005168254603C50832B2422C46F7D110686C
:1018B0003F4A286010689288ADF810203D4A029295
:1018C00049F28E52ADF8042093F8AF210390002A1C
:1018D00093F8A9210AA800EB42020CBF3421082189
:1018E00032F8142CB2FBF1F20621632AA3F8B021DE
:1018F000A3F8B2112AD037D83C2A53D022D81E2AB6
:1019000019D8092A1BD92C4921FA02F2D20716D577
:10191000B3F8B8210AA901EB9211B2F5C07F11F812
:101920001C1CA3F8B41102F03F01A3F8B61106D2B3
:1019300000200AB070BD232AEAD02F2AE8D06FF029
:101940006900F6E73E2A2DD0562AF8D1B3F8B8211F
:101950000AA901EBD21102F07F0211F8201CA3F8B2
:10196000B411A3F8B621E3E7B2F5C37F13D00ED8C4
:10197000B92A01D0C62AE2D1B3F8B8210AA901EBED
:101980001221D2B211F8241CA3F8B411E9E740F2F5
:1019900093118A42D3D14FF48472A3F8B421B3F8DF
:1019A000B821DEE73822A3F8B221B1E720140208FB
:1019B00058290208414447480004405010B5B0F887
:1019C000B231B0F8B611B0F8B041024603F00100F0
:1019D0005B0818B1B2F8B40143409BB2994214BFFE
:1019E00081EA030008468442F0D3A2F8B23110BD68
:1019F000D0F8C0312DE9F34104460E46002B66D0E5
:101A0000FFF7DCFFB4F8B031471EBAB23FB2B7EB14
:101A1000530FA8BFD21A03F0010594F8AF31A8BF45
:101A200017B20135002B56D0AD004FF480584FF05F
:101A30009841D4F86001EFF775F94FF07451EFF762
:101A400071F9EFF771FBD4F8C42194F8AA316D0253
:101A500008FB07559A42A0EB050004D29B1ADB074E
:101A600058BF00F5807006EB460700BA7F000423DC
:101A700001900DEB030207F28A31204600F01CF9B9
:101A800030BB6EB394F8AA31B3422BD8D4F8BC5112
:101A9000312D29D8ADB200238DF800306A460223DB
:101AA00007F5627120468DF8015000F005F978B90C
:101AB000D4F8BC315B1BC4F8BC31D4F8C031013B55
:101AC000C4F8C031D4F8C4310133C4F8C4310020A3
:101AD00002B0BDE8F0811A235D434FF4D048A6E779
:101AE0007325D8E77225D6E73225D4E7014801F0FF
:101AF000FFBA00BF5878002030B5044685B0D0F852
:101B000068010D460121FDF782FC0023CDE9003379
:101B10000DF10F02D4F86801AD00012384218DF886
:101B20000F50FDF7F4FBD4F86831054618680368D8
:101B30000121DB699847284605B030BD0121FFF738
:101B4000DBBF7FB504460D461646D0F8680101217B
:101B5000FDF75DFC46B10023CDE900331A46D4F809
:101B600068011946FDF7D3FB0123CDE9003303AA31
:101B7000D4F868018DF80C508021FDF7C8FB04B043
:101B800070BD90F84D110122FFF7DBBF0122FFF776
:101B9000D8BF1FB50B0C8DF80C300B0A8DF80D302B
:101BA0000123CDE900338DF80E10032303AA83210E
:101BB000D0F86801FDF7ABFB05B05DF804FB1FB57D
:101BC0000B0C8DF80C300B0A8DF80D300022012320
:101BD000CDE900328DF80E10032303AA8221D0F83C
:101BE0006801FDF794FB05B05DF804FB2DE9F043B7
:101BF00085B090F86C919DF8308006460D981C4693
:101C000017460D46EFF736F81E49EFF73FF9EFF7A5
:101C10008BFAFF2D08BF0225FF2F04BF09F10D0924
:101C20005FFA89F7FF2C08BF0A248DF80A400124C7
:101C3000CDE90044030CB8F1FF0F8DF80C304FEAEA
:101C4000102308BF4FF000088DF80D308DF80E00FE
:101C50000723D6F868018DF8085002AA88218DF86C
:101C600009708DF80B80FDF752FB40B9CDE90044B7
:101C700003460246C521D6F86801FDF748FB05B0CA
:101C8000BDE8F08300007A411FB58DF80D309DF856
:101C900018308DF80F300123CDE900338DF80C108A
:101CA0008DF80E20042303AA9521D0F86801FDF7D2
:101CB0002EFB05B05DF804FB08B5D0F86801FDF710
:101CC000ECF9002008BD10B5044610461A4603463C
:101CD000D4F86801FDF758F9D4F86801BDE8104060
:101CE000FDF73DBB10B586B00E248DF815300123ED
:101CF000CDE9013300920B46022205A9D0F8680114
:101D00008DF81440FDF7E9FA06B010BD10B586B0A5
:101D10001E248DF815300123CDE9013300920B46C6
:101D2000022205A9D0F868018DF81440FDF794FA55
:101D300006B010BD1FB55BBAADF80C30BDF8183059
:101D40005BBAADF80E300123CDE9003349BA082360
:101D500052BAADF80810ADF80A2019460DEB03028F
:101D6000D0F86801FDF7D3FA05B05DF804FB1FB5A4
:101D70000123CDE9003349BA0223ADF80C1003AAC0
:101D80001946D0F86801FDF7C2FA05B05DF804FB0A
:101D90001FB50123CDE9003309BA0391042303AA37
:101DA0008621D0F86801FDF7B2FA05B05DF804FBB2
:101DB00007B50123CDE900330A4602239821D0F864
:101DC0006801FDF7A4FA03B05DF804FB1FB5FF231B
:101DD0008DF80F300123CDE900330DF10F021121F1
:101DE000D0F86801FDF751FA9DF80F0005B05DF8D5
:101DF00004FB30B5012385B0CDE9003304460D4620
:101E00008DF80C108DF80D20D0F86801022303AA7C
:101E10008E21FDF77CFA08B984F8985105B030BDE1
:101E20002DE9F0431E4685B090F878319DF830409A
:101E3000054688461746A3B190F86C014FF001099A
:101E400009FA00F0EEF716FFD5F87411EFF71EF857
:101E50004FF08341EFF718F90028044618BF4C46AD
:101E6000E4B2012385F86E41CDE9003303AAD5F829
:101E700068018DF80C8004238B218DF80D708DF88E
:101E80000E608DF80F40FDF742FA05B0BDE8F08313
:101E900030B585B00D0C089C8DF80C30230C8DF8F6
:101EA0000D300123CDE9003308238DF808508DF85B
:101EB0000A100D0A8DF80B2064BA0DEB03028B217A
:101EC000D0F868018DF80950ADF80E40FDF71FFA03
:101ED00005B030BD1FB50B0C8DF80C300B0A8DF81A
:101EE0000D300123CDE900338DF80E108DF80F2051
:101EF000042303AA8B21D0F86801FDF708FA05B086
:101F00005DF804FB2DE9FF419DF82C800C4641460D
:101F1000064617461D46FEF7C8FFB0B99DF82830A3
:101F20008DF80A300123CDE9003364BAD6F8680190
:101F3000ADF80840062302AA8C218DF80B508DF8CD
:101F40000C708DF80D80FDF7E2F904B0BDE8F0816A
:101F50007FB58DF813309DF828308DF80E208DF860
:101F600014309DF820208DF80F200123CDE9003397
:101F70009DF824208DF810209DF82C208DF811203C
:101F800049BA9DF83020ADF80C108DF812200923C5
:101F900003AA8C21D0F86801FDF7B9F907B05DF804
:101FA00004FB30B585B00546BDF820008DF808105B
:101FB0008DF80A20110A8DF80C301A0A030A8DF8E0
:101FC0000D300123CDE900338DF809108DF80B2079
:101FD0008DF80E0002AAD5F868018C21FDF797F95B
:101FE000044638B9D5F8680106230DF10902F0213D
:101FF000FDF753F8204605B030BD1FB50123CDE9EC
:1020000000338DF80C108DF80D20022303AA8F21C8
:10201000D0F86801FDF77BF905B05DF804FB1FB54A
:102020000123CDE900338DF80C1003AA9621D0F8D6
:102030006801FDF76CF905B05DF804FB1FB50F4BA7
:102040001A889B788DF80E300123CDE90033ADF866
:102050000C20032303AA1421D0F86801FDF715F919
:102060009DF80D309DF80C209DF80E001B0243EAF0
:102070000243184305B05DF804FB00BF34140208A6
:102080001FB50023ADF80C300123CDE9003303AABE
:1020900002231721D0F86801FDF7F7F8BDF80C000E
:1020A00040BA80B205B05DF804FB1FB50023ADF85F
:1020B0000C300123CDE9003303AA02230721D0F815
:1020C0006801FDF724F905B05DF804FBD0F868312C
:1020D0002DE9F0411D682A6804465769926D0E4645
:1020E0002846596A9047D4F868311B680146324641
:1020F0002846BC465B69BDE8F0416047D0F86831CE
:1021000070B51C68596A226820469569926D90479F
:102110002B4601462046BDE8704018470368D3F8B7
:10212000DC3018470368D3F8E030184773B505462C
:102130000E46FFF74BFE0128044656D100213046DB
:10214000EEF7A2FF00283BD029493046EEF792FF78
:10215000002835D04FF07C513046EEF7E3FD25499D
:10216000EEF7D8FCEEF7E0FFC3B2142B21D8022B18
:1021700026D9033B112B23D8DFE803F02F220922B5
:102180000A222229222222222B222222222D082444
:1021900095F86E3185F85C41C5F87461009395F847
:1021A0006D3195F86C1122462846FFF739FE02B0D2
:1021B00070BD7D2B13D006D81F2B12D03E2B12D012
:1021C0006FF00700F3E7FA2BFAD10624E0E70924C1
:1021D000DEE70224DCE70A24DAE70024D8E7052456
:1021E000D6E70324D4E70424D2E76FF01300DEE738
:1021F0000000FF430AD7233C37B504460D46FFF7DE
:10220000E5FD012811D16B1F072B11D894F86E3111
:1022100084F86C51009394F86D3194F85C21294650
:102220002046FFF7FDFD03B030BD6FF01300FAE765
:102230006FF00800F7E773B505460C461646FFF742
:10224000C5FD01281ED1231FDBB2042B1DD8BEB152
:10225000062C11D8042C08BF002495F86E3185F89F
:102260006D41009395F85C2195F86C112346284642
:10227000FFF7D6FD02B070BD082C06D10724ECE7AD
:102280001C46EAE76FF01300F4E76FF00900F1E78E
:1022900073B506460D461446FFF798FD012814D184
:1022A00025F00F0343EA141304F00F0444EA051168
:1022B0008DF804308DF80510022301AA4FF4E8616F
:1022C0003046FFF7F9FC02B070BD6FF01300FAE77B
:1022D00037B50C46054600212046EEF7D5FEB0B1D5
:1022E0000C492046EEF7C6FE88B10B492046EEF7B2
:1022F000CDFDEEF719FF01238DF807000DF1070260
:1023000040F6E7012846FFF7D7FC03B030BD6FF079
:102310001000FAE700000C4300002040F0B587B041
:1023200005460C46FFF752FD012811D195F8A03162
:10233000A1B2A5F87211019395F87031009395F848
:102340009C3195F86F212846FFF7DCFD07B0F0BD02
:1023500078BB95F88801A1B281420A46A8BF02461F
:102360001F2AA5F88C111CDC172A1CDC0F2A1CDC88
:10237000003A18BF0122920095F88A4195F88731FA
:1023800095F8897185F884218CB995F89C6102973C
:10239000CDE903460024CDE900042846FFF7D8FD27
:1023A000D4E70722E8E70622E6E70522E4E7FF266E
:1023B000EDE74FF0FF30C9E737B504460D46FFF7AC
:1023C00005FD68BB00212846EEF74AFE60B91649B4
:1023D0002846EEF759FE20B114492846EEF74AFE8A
:1023E00018B96FF0650019E00F4D11492846EEF756
:1023F00099FC4FF09841EEF795FC0E49EEF746FD3B
:10240000EEF792FEC4F88001009094F8853194F8BC
:102410008621D4F87C112046FFF73AFD03B030BD89
:102420006FF01300FAE700BF9A99193F0000484384
:1024300000007A440024F44B37B504460D46FFF7FC
:10244000C5FC002839D0032805D0022810D06FF031
:10245000130003B030BD25492846EEF715FE20B124
:1024600023492846EEF706FE38BB6FF06400F0E71C
:1024700020492846EEF708FE0028F6D01E492846D7
:10248000EEF7F8FD0028F0D01C492846EEF74AFC8C
:1024900001461B48EEF7FAFCEEF746FE162201460F
:1024A000C4F87C012046FFF715FD0028D1D1204655
:1024B00003B0BDE83040FEF71ABD10492846EEF7DC
:1024C00031FC01460E48EEF7E1FCEEF72DFED4F8A4
:1024D0008031C4F87C010093014694F8853194F86A
:1024E00086212046FFF7D4FCDFE700BF23DBF93E5F
:1024F000355EFA3ECDCCCC3D9A99193F00007A4426
:102500000024744EF0B589B003AC84E80E00036873
:102510009DF83860D3F8CC30049F0DF11F010546BB
:1025200098470446002851D1032E9DF81F3002D051
:102530009E420FD13346E3B92B6803991B6C2846A2
:1025400098470446002841D12B6839465B6C2846E1
:1025500098470CE02B6828461B69984738B92B68C8
:102560003146D3F8C830284698470028E2D00446C0
:102570002CE0012B17D12B689DF80C10D3F8E83014
:1025800028469847044608BB2B683946D3F8E43000
:10259000284698470446C8B902469DF814102846B4
:1025A000FFF749FEE3E7022B10D14FF4807300934D
:1025B0009DF80D209DF80C1003232846FEF752F8D5
:1025C0000028D4D19DF80E3085F8AF31204609B0EF
:1025D000F0BD000030B585B004AC04E90E009DF8F4
:1025E0002030029C032B07D1036808A9D3F8CC3014
:1025F000984718B105B030BD4FF0FF309DF820303E
:10260000CBB9019D1F492846EEF73EFD68B31E4930
:102610002846EEF72FFD40B31A492046EEF734FD69
:1026200030B31A492046EEF725FD002814BF0020DC
:102630006FF06500DEE7012BDCD19DF80430053B2F
:10264000072B18D800212046EEF71EFDB0B1104927
:102650002046EEF70FFD88B19DF80C30043B042BAB
:1026600094BF00206FF00900C4E76FF06400C1E779
:102670006FF06500BEE76FF00800BBE76FF0070082
:10268000B8E700BF9A99193F0000964300004843FD
:102690000000FF43F0B51D4C8BB01D466B468C46C9
:1026A000164604F1280E1F46206861681A4603C2C8
:1026B000083474451346F7D115496046EEF732FBEE
:1026C000EEF732FD6C1E80B23A4600239C420DD8D4
:1026D000EEF7D4FA0E4905461098EEF723FB0146B3
:1026E0002846EEF7C7FC68B1335D04E032F8021B00
:1026F000814205D9F35C119A002013700BB0F0BD34
:102700000133E3E76FF06700F8E700BF3814020811
:1027100000002041F0B589B004460F46FFF756FB94
:1027200048BB164B02AD03F1100C2A4618685968D5
:102730002E4603C6083363453546F7D118681B7922
:10274000337104F28513306001930D4B00933946C9
:1027500015232046FFF79EFF58B9D4F88031009327
:1027600094F8853194F88621D4F87C112046FFF73F
:102770008FFB09B0F0BD6FF01300FAE7B229020831
:102780000080E94337B500290CBF942396231546F2
:1027900080F89A118DF803300DF10302012340F601
:1027A000AC010446FFF788FA70B96DB1074B1A887F
:1027B0009B78ADF804208DF8063001AA032340F27F
:1027C0009F212046FFF778FA03B030BDC8290208E0
:1027D00037B505460C46FFF7F9FA08B103281CD1B6
:1027E000042C1DD8DFE804F0040313151700082497
:1027F000D5F8803185F88641009395F88531D5F874
:102800007C1122462846FFF743FB03B030BD092464
:10281000EEE70A24ECE70B24EAE76FF01300F4E795
:102820006FF06900F1E7F0B587B005460E46144633
:10283000FFF7CCFA00283CD1082C50D8E4B223464C
:1028400032464FF4D8612846FFF736FA38BBB5F860
:102850008C11E400E4B2A1420A46A8BF22461F2A16
:1028600085F888411DDC172A1DDC0F2A1DDC003A83
:1028700018BF0122920095F88A0195F8873195F8E2
:10288000897185F8842190B995F89C610297CDE90A
:1028900003060020CDE900402846FFF759FB07B0AA
:1028A000F0BD0722E7E70622E5E70522E3E7FF267A
:1028B000ECE7012809D1012C11D8317844222846AF
:1028C00007B0BDE8F040FFF7E3BC032804D1042CB7
:1028D00005D13368C5F8AB316FF01300DFE76FF057
:1028E0006800DCE72DE9F04188B004469DF83880A7
:1028F0000D4617461E46FFF769FA00284AD1012DFA
:1029000008D0022D3DD0002D40D06FF42F7008B0BC
:10291000BDE8F0814FEA88085FFA88F594F88A31BB
:10292000B4F88C1194F8842194F888C194F889E162
:1029300084F8875163BB94F89C01CDF808E0CDE999
:1029400003300023CDE900C320462B46FFF700FBF0
:102950000028DCD17FBA022307AA40F2BC612046DE
:10296000ADF81C70FFF7A8F90028D0D176BA022381
:1029700007AA40F2BE612046ADF81C60FFF79CF943
:10298000C5E7B8F1000F18BF0625C7E70125C5E761
:10299000FF20D2E7012812D12A1E94F8A03118BFD7
:1029A000012284F86F21019394F87031009394F818
:1029B0009C31B4F872112046FFF7A4FAA7E74FF054
:1029C000FF30A4E7F0B589B004460E461546FFF780
:1029D000FDF9002851D1DEB994F88A0184F88961A3
:1029E000B4F88C1194F8842194F8873194F88861B4
:1029F00060B994F89C51CDE9030500200290CDE91F
:102A000000602046FFF7A4FA09B0F0BDFF25F2E709
:102A1000012384F8893107AA4FF4D7612046FFF7D4
:102A200052F90028F0D19DF81C308DF81D50C5F3E7
:102A3000002223F0010313438DF81C3007AA022360
:102A40004FF4D7612046FFF737F90028DCD194F81E
:102A50008A01B4F88C1194F8842194F8873194F8A1
:102A6000886194F8897130B994F89C510297CDE946
:102A700003050020C3E7FF25F8E76FF01300C3E765
:102A80000021FFF7CCBA0121FFF7C9BA003940F2A3
:102A9000FF1218BF0121FFF795BFD0F86801FCF7BE
:102AA00091BC37B504460D46FFF790F9012810D1C7
:102AB00084F8A051019594F87031009394F89C31FA
:102AC00094F86F21B4F872112046FFF71BFA03B097
:102AD00030BD6FF01300FAE7F0B5036885B01B69ED
:102AE00006460D46174698473046FFF7C9FA830653
:102AF00002D53046FFF7D9FA494925F00040EEF7F4
:102B0000B9FA044630B10121304605B0BDE8F040C5
:102B1000FDF7CBBD43492846EDF7FAFF404920F0C9
:102B20000040EEF7A7FA002869D13F492846EDF7A3
:102B3000EFFF3B4920F00040EEF79CFA002860D1FF
:102B40003A492846EDF7E4FF354920F00040EEF71A
:102B500091FA002857D136492846EDF7D9FF304978
:102B600020F00040EEF786FA00284ED13149284681
:102B7000EDF7CEFF2A4920F00040EEF77BFA00285F
:102B800045D12D492846EDF7C3FF254920F00040E7
:102B9000EEF770FA00283CD128492846EDF7B8FF37
:102BA0001F4920F00040EEF765FAA0BB24492846F3
:102BB000EDF7AEFF1A4920F00040EEF75BFA60B384
:102BC000072338468DF80C30EEF754F81D49EEF720
:102BD0005DF9EEF7A9FA030C8DF80D300123C6F864
:102BE0009471CDE9003340BAADF80E000423D6F855
:102BF000680103AA9721FCF78AFB05B0F0BD2346C4
:102C0000DFE70123DDE70223DBE70323D9E7042322
:102C1000D7E70523D5E70623D3E70B48EDE700BF49
:102C20006F12833ACDCCCC3F9A99D93F6666E63F86
:102C3000CDCC0C409A991940CDCC2C40000040409E
:102C40003333534000007A4141FDFFFF1FB501239C
:102C500080F89911CDE900338DF80F100DF10F02B6
:102C60009D21D0F86801FCF752FB05B05DF804FB2C
:102C70002DE9FF411F4600230D4616468DF80F3003
:102C80000DF10F02012340F6E7010446FFF71BF8A0
:102C9000C8B94FF001089DF82820CDF800803B46C8
:102CA00031462046FEF7F0FF68B90422E9B220461B
:102CB000FFF79FF838B943460DF10F0240F6E701E0
:102CC0002046FEF7F9FF04B0BDE8F08170B586B08C
:102CD00004460E461546FFF779F8C0B9CDE90365FD
:102CE00094F88931CDE9010394F88831009394F880
:102CF000873194F88421B4F88C112046FFF728F925
:102D000018B984F88A61C4F89C5106B070BD6FF0A0
:102D10001300FAE70A460121FFF7D8BF10B50446B1
:102D20000846C4F860114FF09841EDF7FBFF4FF0F3
:102D30007451EDF7F7FFEEF7F7F901462046BDE8CD
:102D40001040FFF725B8F0B5037B85B005460C466B
:102D500073B90126CDE900663346D5F868018DF8D0
:102D6000084002AA8A21FCF7D2FA40B105B0F0BDB2
:102D700000221146FFF741F90028EAD0F6E795F85E
:102D80004D31CDE90066002B0CBF202330238DF898
:102D90000830D5F86801334602AA9321FCF7B7FA48
:102DA0000028E3D103228DF8082095F86C21ADF8B6
:102DB0000C00CDE900660D328DF809200A22ADF82D
:102DC0000A208DF80E000723D5F8680102AA882191
:102DD000FCF79DFA07460028C8D12B6844F2FF3162
:102DE000D3F8EC3028469847009704463B463A46CD
:102DF00039462846FEF79EFF204300B20028B5D191
:102E0000CDE900607F238DF80830D5F8680133469E
:102E100002AA8921FCF77BFA0028A7D1D5F86831EE
:102E2000186803680521DB699847D5F86831186888
:102E3000D96A02681269904720B9D5F86801FCF791
:102E40008EFA93E7D5F86831186803685B6D984788
:102E5000EBE76FF0180070476FF0180070476FF0E5
:102E600018007047036800215B6918476FF018006D
:102E700070476FF0180070476FF0180070476FF0E0
:102E8000180070476FF0180070476FF01800704717
:102E90006FF01800704784B004A800E90E006FF0CE
:102EA000180004B0704700207047000000487047C9
:102EB0000000C8C182B08DE80C00002002B070474D
:102EC000002070476FF0180070476FF018007047CF
:102ED000002070477047704770476FF018007047C8
:102EE00030B585B00025CDE902558DF8083003686E
:102EF000CDE90012D3F8D0306A4603210446984742
:102F000020B923682046D3F8D430984705B030BDA7
:102F10001FB50293069B03930368CDE90012D3F813
:102F2000D0306A4602210446984720B923682046DB
:102F3000D3F8D430984704B010BD000070B5104BE2
:102F40000360044601260025067328220021103064
:102F50000DF035FAA5634FF48072294604F13C0068
:102F60000DF02DFA4FF07E5384F84451C4E94F55CB
:102F7000C4F8485184F84C516360A660204670BD87
:102F8000D4290208002330B51A460125103005FA6D
:102F900003F40C4204D050F823401F2C18BF2243E6
:102FA0000133202BF3D1104630BDF7B506460C4651
:102FB000A9B101AF002533683046D3F8A430984753
:102FC0000135EDB2042D07F8010BF4D1019B1BBABA
:102FD000002BB8BF5B4293FBF4F204FB1234204693
:102FE00003B0F0BD38B590F84C3104469BB9D0F829
:102FF0003C2141EA4201D0F84821C0F83C1111407F
:10300000D0F84021914205D1012280F84C2180F86E
:103010003930438738BD90F83A2094F8393002446B
:10302000012592F83C009D40B9B12843C0B2591C1B
:10303000C9B2082982F83C0084F83910EAD100F0BE
:10304000D9F894F83A30E218013382F83C0084F859
:103050003A30002384F83930DCE720EA0500E6E75F
:10306000082202700022C0E90122C2600282704779
:103070002DE9F843002684684FEAC20805460F464A
:103080003246B04510D1EB6884EA03006B7C13B183
:10309000297800F0AFF82A784FF0FF33C2F1200210
:1030A000D3401840BDE8F88373070CD12B7CB85C83
:1030B00002F1010913B1082100F09CF82B78083BBC
:1030C000984044404A462B78013B24FA03F313F01E
:1030D000010F18BF6B684FEA440418BF5C4001360B
:1030E000CFE700000148FFF7BBBF00BF5C780020BE
:1030F00000220270427070470023037041707047D5
:103100002DE9F74F019200296CD0002B6AD00022E4
:1031100096461546019CA54212D1690708D0417810
:10312000032904BF110C03F8011B110A19705A700E
:103130000C9B0BB1C3F800E0002003B0BDE8F08F9A
:10314000EC0890F8018011F804C0284C284EEF4399
:1031500007F00707B8F1020F4CFA07FC08BFA246B8
:103160000CF0010C047818BFB246CCF101064FEA0E
:10317000940B6FEA04094FEA860609F00309F6B2D8
:1031800006EBC9065AF82B904FF0020A29FA06F608
:103190001AFB04C40CBF4FF010094FF04009B4FBF8
:1031A000F9FC09FB1C4406F00F06047007FB08F746
:1031B00005F00704BE40072C42EA06020CD1B8F124
:1031C000030F04BF140C03F8014B1C46160A04F845
:1031D000026B5A7023460022447874441FFA84FE1E
:1031E000013597E74FF0FF30A7E700BFB02A02088C
:1031F000C02A02080023F0B50446012518464E1ED9
:10320000DAB2914200D8F0BD05FA03F22240DA406A
:10321000F71ABA4010430133F2E77047704770471E
:10322000084670477047000010B5C0E90223029BB2
:103230000361039B4361049B83610023C361044BCF
:10324000044C1A68C0E9004102B9186010BD00BF03
:1032500070780020082B02081020704710B5064B2C
:103260000446B02140F80C3B00F0CFFA204600F0B5
:1032700085F8204610BD00BF702B020810B504462B
:10328000FFF7ECFF2046BC21F2F765FB204610BD9E
:10329000102AF8B54AD100F10C0301F1100251F8DF
:1032A000044B43F8044B9142F9D100F1180400F1AA
:1032B000B80601250423042B04F1040722D12A4671
:1032C0002146384600F084FA237914F80C2CE17971
:1032D0005340237114F80B2C63795340637114F835
:1032E0000A2CA3795340A37114F8093C01355940C5
:1032F000EDB200230133B742E171DBB23C46DAD1D3
:103300000120F8BD14F80C1C22784A40227114F8F0
:103310000B1C62784A40627114F80A1CA2784A4079
:10332000A271E17814F8092C5140E3E70020E8E7A6
:1033300010B5044600F014F8044B23600A232371EF
:1033400004F10C03A360204610BD00BF702B0208DF
:1033500010207047017980680131090100F055BAE9
:1033600010B5044600F04AFA034B23600023237192
:10337000A360204610BD00BF982B020810B5034B78
:103380000360044600F040FA204610BD982B020866
:10339000184B0A789A5C02704A799A5C42708A7A71
:1033A0009A5C8270CA7B9A5CC2700A799A5C0271DC
:1033B0004A7A9A5C42718A7B9A5C8271CA789A5C7A
:1033C000C2710A7A9A5C02724A7B9A5C42728A786B
:1033D0009A5C8272CA799A5CC2720A7B9A5C0273A6
:1033E0004A789A5C42738A799A5C8273CA7A9B5C47
:1033F000C3737047CB2C0208184B0A789A5C027092
:103400004A7B9A5C42708A7A9A5C8270CA799A5C2A
:10341000C2700A799A5C02714A789A5C42718A7B1E
:103420009A5C8271CA7A9A5CC2710A7A9A5C027258
:103430004A799A5C42728A789A5C8272CA7B9A5CF8
:10344000C2720A7B9A5C02734A7A9A5C42738A79E6
:103450009A5C8273CA789B5CC3737047CB2B02085B
:10346000F0B50E7891F801C08D78CF78F40904EBAF
:1034700044044FEADC1104EBC40401EB410184EA8B
:1034800046048CEA050E01EBC101E4B287EA0E0E98
:1034900081EA4C01C9B2EB0984EA0E0E81EA0E0EF4
:1034A000FA0903EB430303EBC30302EB420280F888
:1034B00000E086EA050E83EA450387EA0E0E86EAF7
:1034C0000C0602EBC202DBB282EA470281EA0E017D
:1034D00077407540D2B259406C407B4053406240C7
:1034E00041708370C270F0BD2DE9F041846888B0EE
:1034F000531E0D46671E0F326E4613F8011F17F854
:1035000001CF934281EA0C0106F8011BF5D107793E
:1035100010343E46A046012E1BD87B1E002FDBB286
:103520004FEA031308BF00231C44694604A8FFF7B1
:103530002FFF013D631E0F3413F8011F10F8012BFC
:10354000A34282EA010205F8012FF5D108B0BDE8D7
:10355000F08104A86946FFF71BFF01466846FFF7A4
:103560007FFF05A901A8FFF77BFF06A902A8FFF7C7
:1035700077FF03A807A9FFF773FF08F1FF336A4637
:1035800008F10F00117813F801CF81EA0C01834292
:1035900002F8011BF6D1013E08F11008F6B2BAE7B5
:1035A0002DE9F04F91F800B04E78CF788D784FEA42
:1035B000DB1303EB430303EBC30387B083EA4B0343
:1035C000DBB20193F309FA0903EB430303EBC303F3
:1035D00002EB420283EA460302EBC20282EA47029E
:1035E000DBB20293B409D3B2484A03934FEA971C63
:1035F000145D12F80CC084EA8604E3B28CEA870CEE
:1036000004935FFA8CF34FEA5B1CAC0912F80CA030
:1036100005934FEA561C4FEA9B1912F80C80145D73
:1036200012F80990019B4FEA551C84EA850412F8B0
:103630000CE04FEA571CE4B212F80CC086EA05020F
:103640007A405A40029B88EAC6085A405FFA88F8D6
:103650008AEACB0A8EEAC50E62405FFA8EFE5FFAF6
:103660008AFA8CEAC70C89EA8B0988EA02025FFAB7
:103670008CFC8AEA09098EEA0202E9095FFA89F9F3
:103680008CEA020289EA020201EB4101027001EBBD
:10369000C1018BEA05027A4081EA4501C9B2534073
:1036A000049A4B405340059A53408AEA030388EA40
:1036B00003038EEA03038CEA03038BEA06064370D6
:1036C0007740039B039A79405940019B75406B40BA
:1036D0005340049A5340059A4C40534088EA0404EE
:1036E0008AEA030A8EEA040488EA0A088CEA0404D7
:1036F0008EEA080E89EA04098CEA0E0C80F8029022
:1037000080F803C007B0BDE8F08F00BFC32B0208EC
:103710002DE9F0438468077989B00D4604EB07145E
:103720006946531E661E0F32894613F8010F16F8BC
:1037300001CF934280EA0C0001F8010BF5D1494614
:1037400004A8FFF759FE3E46A046012EA8F1100836
:1037500019D87B1E6FF00F02DBB2002F02FB03F3C0
:1037600008BF00231C44A21804AB013D12F8010B52
:1037700013F8011BA24281EA000105F8011FF5D1EF
:1037800009B0BDE8F08304AA434608F1100011789F
:1037900013F801CB81EA0C01834202F8011BF6D138
:1037A00004A94846FFF7FCFE05A901A8FFF7F8FEAB
:1037B00006A902A8FFF7F4FE07A903A8FFF7F0FE89
:1037C000013E494604A8FFF717FEF6B2BDE7000028
:1037D00030B5084B4C78084D1C5DAA5C5440047011
:1037E0008A789A5C4270CA789A5C82700A789B5C8C
:1037F000C37030BDCB2C0208B82B0208014B03600C
:10380000704700BFD42D020870470144002388424E
:1038100000D1704700F8013BF9E730B502440023BE
:10382000904204D1C3F58070C0F3002030BD10F881
:10383000014B11F8015B6C402343F1E72DE9F041A6
:103840009CB0164F164B4FF009080546082603A8F2
:10385000CDF8008010220C4601F05EF93B4642464E
:1038600013A903A8009601F057F9334603AA21468D
:10387000204601F0E7F833463A462146284601F053
:103880004DF933463A462946284601F047F9642166
:1038900003A8FFF7BAFF1CB0BDE8F081182E02089C
:1038A000F42D020838B514460546402320460A4642
:1038B000102101F0AEF80023236421462846BDE81C
:1038C0003840FFF7BBBF2021FFF79FBF2DE9F04134
:1038D0000D46A0B000F12008044605F1200602467E
:1038E0004146684601F044FA2A46314610A801F0E4
:1038F0003FFA10AA6946684601F0D6F922464146C9
:1039000008A801F01EFA2A46314610A801F019FA5B
:1039100008A904F1600610AA084601F0C5F905F1EE
:103920006002314610A801F0BFF910A904F1400768
:103930000846224A01F0C8F905F14002394618A8A4
:1039400001F0B2F918AA1146104601F0FAF96A46D8
:1039500008A9304601F00CFA10AA18A9384601F05F
:1039600007FA18A910AA084601F0EBF908A96A4657
:10397000084601F0E6F93A463146204601F094F94E
:1039800008AA18A9404601F08FF918AA3946384606
:1039900001F08AF908AA3146304601F085F96846F7
:1039A000FFF791FF08A8FFF78EFF10A8FFF78BFF26
:1039B00018A8FFF788FF20B0BDE8F081B82E0208F4
:1039C0002DE9F041064690B001F140080D4642460F
:1039D000014606F14007684601F066F93A46294675
:1039E00008A801F061F920220DEB02016846FFF7FB
:1039F00014FF424606F120010446684601F054F9DE
:103A00003A4605F1200108A801F04EF920220DEBFD
:103A100002016846FFF701FF04406846FFF753FFC5
:103A200008A8FFF750FFE4B2204610B0BDE8F081CF
:103A30002DE9F041044600F120060A46202388B013
:103A40000821304600F0E5FFE36B334DDF0F04F152
:103A5000400823F00043E363424605F1200C2B4667
:103A600003CB6345106051601D4602F10802F6D198
:103A700004F1600532463146284601F015F9424608
:103A80002946204601F074F9244A2946284601F0C7
:103A90001BF942462946284601F053F92946684653
:103AA00001F0EBF96A462146284601F0FDF8684628
:103AB000FFF709FF236E2A4604F17C0152F8040F38
:103AC0008A4243EA0003F9D15BB91FB1002008B074
:103AD000BDE8F0812022394620460CF070FC012020
:103AE000F5E72946204601F0F3F90028EED02368D7
:103AF00003F00103BB4209D02022002128460CF02C
:103B00005EFC22462946204601F032F93246214623
:103B1000284601F0C9F8E2E7582E0208D82E02081C
:103B20008021FFF772BE00002DE9F04FC5B00546B9
:103B30000291144600218022019301260CF03FFCE3
:103B4000FF232E622E6400934FF0000A04F1200838
:103B5000029B53F82A70019B37400BB9002F7BD092
:103B600005F120092A46494604A801F001F9224638
:103B7000414614A801F0FCF804A9084614AA01F073
:103B800093F82A4649460CA801F0DBF82246414644
:103B900014A801F0D6F80CA9084614AA01F084F87C
:103BA00005F16003194604F1600214A8039301F0C3
:103BB0007BF814A908466E4A05F1400B01F084F821
:103BC00004F1400259461CA801F06EF81CAA1146E7
:103BD000104601F0B6F804AA0CA93CA801F0C8F8F8
:103BE00014AA1CA934A801F0C3F81CA9084614AAF9
:103BF00001F0A7F80CA904AA084601F0A2F8019B5D
:103C000034AA3CA9002B00F09F8024A801F04CF8B6
:103C10000CAA1CA92CA801F047F834A908461CAA34
:103C200001F042F83CA908460CAA01F03DF824AA8C
:103C30002946384601F0CAF82CAA4946384601F010
:103C4000C5F834AA5946384601F0C0F83CAA05F137
:103C50006001384601F0BAF82246414604A801F056
:103C600087F804AA1146104601F01EF82246414684
:103C70000CA801F066F80CAA04F160071146104682
:103C800001F012F83A46394614A801F00DF814A9CB
:103C900004F140090846364A01F016F84A464946FA
:103CA0001CA801F001F81CAA1146104601F049F8C1
:103CB00004AA0CA9384601F05BF814AA1CA94846CE
:103CC00001F056F81CA9084614AA01F03AF80CA90C
:103CD000084604AA01F035F84A463946204600F065
:103CE000E3FF0CAA1CA9404600F0DEFF1CAA4946CF
:103CF000484600F0D9FF0CAA3946384600F0D4FFF8
:103D0000B6F1004F04BF0AF101035FFA83FA009B8A
:103D100003F1FF3314BF7600012613F0FF03009375
:103D20007FF416AF24A8FFF7FBFE04A8FFF7CBFD36
:103D30000CA8FFF7C8FD14A8FFF7C5FD1CA8FFF7E6
:103D4000C2FD45B0BDE8F08F284600F0ADFF0CAADB
:103D50001CA9484600F0A8FF1CAA34A9584600F048
:103D6000A3FF0CAA3CA905F1600000F09DFF73E7DA
:103D7000B82E0208F0B5174D944606460F460FCDF3
:103D8000A1B06C460FC495E80F00134D84E80F00F6
:103D90000FCD08AC0FC495E80F00104D84E80F005C
:103DA0000FCD10AC0FC495E80F000D4D84E80F0047
:103DB0000FCD18AC0FC495E80F0084E80F006346E0
:103DC0006A4639463046FFF7AFFE6846FFF7A8FE61
:103DD00021B0F0BD982E0208782E0208582E020855
:103DE000382E0208F0B5ADF5397D0D46044680A8A1
:103DF00016461F4600F0CEFA29466846FFF718FE21
:103E000098B900246846FFF78BFE20A8FFF788FECC
:103E100040A8FFF785FE60A8FFF782FE80A800F0AB
:103E20009FFA20460DF5397DF0BD214620A8FFF709
:103E3000FFFD0028E5D080A800F076FA2146202278
:103E400080A800F009FD2022294680A800F004FD8A
:103E50003A46314680A800F0FFFC002292A980A8D3
:103E600000F039FD2023E218082178A800F0D1FDE8
:103E7000002278A940A8FFF77DFF60AA92A958A860
:103E8000FFF710FD00236A4658A960A8FFF74CFE13
:103E900060A920A8FFF71AFD20A940A8FFF790FD10
:103EA0000446AFE705494FF40052A0F880200022F5
:103EB000C0E92121A0F89C20704700BF80EE3600A9
:103EC00010B540210446FFF7A0FC40216018FFF721
:103ED0009CFC204610BD00000148FFF7E3BF00BF77
:103EE000747800200148FFF7EBBF00BF7478002012
:103EF00020207047402070470E4A0F4B0F49DFF8D3
:103F000040C0C0E902230F4BC0E904130E4BC0E9C7
:103F100006C30E4B036203F17453A3F52303A3F608
:103F200092434362002380F8703000220023C0E9EE
:103F30001A23704767E6096A85AE67BB72F36E3C69
:103F40007F520E513AF54FA58C68059BABD9831F64
:103F500010B5044670210830FFF757FC236820464F
:103F60001B69BDE81040184710B5064B0446702188
:103F700040F8083BFFF749FC204600F0E9FF2046E7
:103F800010BD00BF002F020810B50446FFF7ECFF7C
:103F900020467821F1F7DFFC204610BD10B504461D
:103FA00000F0D0FF024B23602046FFF7A5FF10BDB5
:103FB000002F02082DE9F04F00F124058BB000F12D
:103FC00064072B4653F8042F12BA9F421A60F9D1A6
:103FD00083680293C3680393036904934369059359
:103FE00083690693C3690793036A0893436A099335
:103FF000DDE908B8DDE9061CDDE904E9DDE9024692
:10400000594B0193019B55F804AF53F8042B0193CE
:104010004FEAF12383EAB113524483EA71631344F4
:1040200001EA0C0A2BEA010282EA0A02134486EA38
:104030000E024344224006EA0E0882EA08024FEAD2
:10404000743888EAB40888EAB4589844AF424B44BC
:104050004244F146D84678D110250195019D0F3D87
:1040600005F00F050A3550F825A0019D023D05F029
:104070000F050A3550F82590019D05F00F08073D02
:1040800005F00F0500EB88080A35D8F8287050F8BD
:1040900025503D442F464FEABA4585EAFA1585EA90
:1040A000DA054FEAF94A8AEA794A8AEA992A3D44C6
:1040B00055444FEAF329C8F8285003EA010A89EA6F
:1040C000B3192CEA030889EA736988EA0A08C84424
:1040D000254FDDF8049057F82970B844A84408EB40
:1040E0000B054FEA723984EA060889EAB20908EA40
:1040F000020804EA060A89EAB25988EA0A08C844AA
:10410000A84405EB0E09019D0135402D0195B646E9
:10411000E34621D1029D45448560039D1544049AE0
:10412000C56022440261059A32444261069A4A44BB
:104130008261079A1A44089BC2610B440362099B7F
:10414000634443620BB0BDE8F08FE346B6468C464D
:1041500026461946144655E78C4626461946144607
:104160004B4642467AE700BF282F02082DE9F84364
:1041700015468946D100D0E91A325B1842EB5572D8
:10418000C0E91A32044600F128074FF000080DB9C3
:10419000BDE8F88394F87000C0F14006F6B2AE4274
:1041A00088BFEEB24946324638440CF058FA94F8CB
:1041B00070303344DBB2402B84F87030A5EB060539
:1041C000B144E4D12046FFF7F5FE84F87080DEE7C5
:1041D000F8B500F1280590F8703017468022EA54AF
:1041E00090F87020372B04460E4602F101002FD8BC
:1041F000C2F13702002128440CF0E1F8A36E19BA8D
:10420000E36E1A06180A42EA136200F47F401B02AA
:10421000024303F47F031343C4E918312046FFF738
:10422000C9FE231D04F1240153F8042F12BA8B4256
:104230001A62F9D1236820469B689847B842024623
:10424000294628BF3A463046BDE8F8400CF007BA88
:10425000C2F13F02002128440CF0B1F82046FFF7DC
:10426000A9FE382200212846C6E713B51346362298
:10427000044600920A4600F1280100F06AFED4E9E3
:104280001A3213F5007342F100022046C4E91A32D3
:1042900002B0BDE81040FFF78DBE2DE9F0410646A3
:1042A0001D4656F8283B8AB00F46904602A99B69E6
:1042B0002022044698475C23314600933A46434601
:1042C000204600F046FED4E91A2312F5007243F1AD
:1042D0000003C4E91A232046FFF76CFE23685E69D9
:1042E0009B68984702A902462046B0472368109A67
:1042F0009B69294620469847202102A8FFF785FAA6
:104300000AB0BDE8F081402070478020704710B5AA
:104310000446D8210830FFF778FA236820461B6945
:10432000BDE810401847000070B50C4D034600F181
:10433000080405F140062A4603CAB24220606160C3
:10434000154604F10804F6D1002000210022C3E93B
:104350003201C3E9340183F8D82070BDD832020895
:1043600010B5064B0446D82140F8083BFFF74DFA3C
:10437000204600F0EDFD204610BD00BF30300208A1
:1043800010B50446FFF7ECFF2046E021F1F7E3FA11
:10439000204610BD10B5044600F0D4FD034B236049
:1043A0002046FFF7C1FF204610BD00BF3030020895
:1043B0002DE9F04FA1B000F1C00300F140010493DA
:1043C0000B4653F8082F5C6812BA24BAC3E90042BE
:1043D000049A9A42F5D183680E93C3680F930369D8
:1043E00010934369119383691293C3691393036A0A
:1043F0001493436A1593836A1693C36A1793036BE6
:104400001893436B1993836B1A93C36B1B93036CC1
:104410001C93436C1D931D461C9E1A9B0B931B9B68
:104420000C93189B0793199B0893149B0D93159B52
:104430001E93129B0993139B0A93109B0593DDE92E
:1044400016AB119B0693DFF83C830E9BDDF83C9086
:1044500001934FEA9A324FEA9A4747EA8B3742EA8A
:104460008B427A404FEA9B344FEA9B434FEACA574C
:1044700043EA8A3347EA5B2744EA8A44D8E900ECF6
:104480005C407A404FEACB5351F8087F43EA5A2305
:104490005C404B681EEB07074CEB030C0B9B23EABD
:1044A0000A0E0C9BD21923EA0B07079B44EB0C0462
:1044B000DDF820C00AEA03030BEA0C0C8EEA0303C2
:1044C00087EA0C07D31844EB07049B1945EB040457
:1044D000059A099DDDF828C0DDF804E082EA0507A9
:1044E000069A0A9D82EA0506019A099D1740059AD7
:1044F0001540069A06EA090602EA0C025640019A9D
:104500006F404FEA19754FEA127C45EA02154FEAEF
:10451000897242EA9E024FEA8E7E4EEA990E55401B
:104520004CEA091C019A8CEA0E0C4FEA496E4EEADD
:10453000D21E520642EAD9128CEA020212EB030C96
:104540000D9A85EA0E0544EB05059B181E9A44EB6F
:1045500002041CEB0702029245EB06020392099A41
:104560000D920A9A1E92049A8A42DDE90B6508F1BF
:10457000080840F04C8110220492049AA2F10F0125
:1045800001F00F01093100EBC10250F83110D2F8EF
:1045900004E0049A023A02F00F02093200EBC2056D
:1045A00050F832200D92049AD5F804C0D61F02F0BC
:1045B0000F0706F00F0600EBC7070936BA6C00EBD1
:1045C000C60550F836606D68B618FA6C45EB020205
:1045D0004FEA5E051E924FEA510845EAC1720D0A84
:1045E0001F9248EACE7845EA0E624FEA1E2588EA15
:1045F000020845EA01651F9AC90941EA4E61554022
:1046000088EA01011E9A711885EADE1542EB05055C
:104610000D9A4FEADC484FEACC0646EA52764FEA5A
:10462000D24E48EA4238D20042EA5C724EEA4C3E30
:104630008EEA020E0D9A920942EA8C628EEA02021A
:1046400088EA060888EA9C188E1845EB0802C7E934
:104650001262A50BA70C47EA833745EA83457D40E4
:10466000990B4FEA934CE7054CEA843C47EA532701
:1046700041EA844185EA070E81EA0C01049F414D1D
:104680004FEAC35C4CEA542C81EA0C0105EBC70CE1
:1046900055F83750DCF8047049194EEB0705079FB1
:1046A00027EA0308089F27EA040C03EA0A0788EAB6
:1046B000070704EA0B0E8CEA0E0CC91945EB0C0532
:1046C000891942EB05060B9A029DDDF808C08A188D
:1046D0000C994FEA1577039D41EB0601029E47EACC
:1046E00005172D0F45EA0615039EDDF80CE0B60709
:1046F00046EA9C064FEA8C7C4CEA9E0C87EA0C0743
:104700007540DDF808C07646760646EADC164FEAC4
:104710004C6C4CEADE1C87EA0C077540DDF814C0CF
:10472000019E86EA0C08069E89EA060E029E08EAA9
:104730000608039E0EEA060E019E06EA0C06DDF848
:1047400018C088EA060609EA0C0CBE198EEA0C0CA1
:10475000099F45EB0C05DDF828C0D71941EB0C0C7F
:10476000921941EB0501049D01350495059D0995BC
:10477000069D0A95079D0B95089D0C95049D502D4F
:1047800059D101E0583002080E9DAA180F9D45EB43
:104790000101C0E902210299109A039D5218119952
:1047A00041EB0501C0E904210199129A069D5218B6
:1047B000139941EB0901C0E906210599149A521891
:1047C000159941EB0501C0E90821169AD719179AE6
:1047D00042EB0C01189AD318199A42EB0404C0E971
:1047E0000C341A9B1B9A13EB0A0342EB0B02C0E931
:1047F0000A71C0E90E32079A1C9B08999B181D9AF2
:1048000042EB0102C0E9103221B0BDE8F08F079AF7
:104810000B92089A0C92CDE907AB9A46059B099337
:10482000069B0A93019BCDE90539029BDDF80C90AC
:104830000193A3460DE6019DCDE90559029DDDF8E2
:104840000C900195CDE907ABCDE902219A46A3462C
:104850003B46644691E600BF2DE9F8430446D0E9A3
:1048600032601546EB009B194FEA5272424189466D
:104870004FF0000128BF0121C4E9323231B1D4E93F
:104880003432013342F10002C4E9343204F1480702
:104890004FF000080DB9BDE8F88394F8D800C0F1D6
:1048A0008006F6B2AE4288BFEEB249463246384480
:1048B0000BF0D5FE94F8D8303344DBB2802B84F86B
:1048C000D830A5EB0605B144E4D12046FFF770FDD2
:1048D00084F8D880DEE7F8B500F1480590F8D830C4
:1048E00017468022EA5490F8D8206F2B04460E46D3
:1048F00002F1010032D8C2F16F02002128440BF00E
:104900005EFDD4F8D030D4F8D4201BBA12BAC4E972
:104910002E23D4F8C830D4F8CC201BBA12BAC4E97C
:1049200030232046FFF744FD234604F1400053F8AE
:10493000082F596812BA09BA9842C3E91012F6D181
:10494000236820469B689847B8420246294628BFFC
:104950003A463046BDE8F8400BF081BEC2F17F0216
:10496000002128440BF02BFD2046FFF721FD70228B
:1049700000212846C3E713B51346362204460092A9
:104980000A4600F1480100F0E4FAD4E9323213F5A6
:10499000806342F100022046C4E9323202B0BDE831
:1049A0001040FFF705BD2DE9F04106461D4656F8BB
:1049B000483B92B00F46904602A99B6940220446AC
:1049C00098475C23314600933A464346204600F020
:1049D000C0FAD4E9322312F5806243F10003C4E93E
:1049E00032232046FFF7E4FC23685E699B68984702
:1049F00002A902462046B0472368189A9B692946B7
:104A000020469847402102A8FEF7FFFE12B0BDE8FD
:104A1000F081F8B50F46B3EB870F054611461C46EB
:104A20004FEA870609D21A460BF019FE321B2819E5
:104A30000021BDE8F8400BF0C2BC3246BDE8F840AA
:104A40000BF00DBEF0B5002507462C46AB4204F036
:104A5000010000D1F0BD51F82540261A52F825007A
:104A600064EB0404361A47F8256064F1000401354C
:104A7000ECE72DE9F04700241D68A446264696423F
:104A80000BD140F8224000EB820901264FF0000ACA
:104A9000089CA6420CD3BDE8F08751F82670E7FBCE
:104AA000054C40F82640644601364FF0000CE6E71E
:104AB000002453F8267000EB860EA446944503D1DB
:104AC00049F826400136E3E7DEF8005051F82C8023
:104AD0002D194AF10004E8FB07544EF8045B0CF171
:104AE000010CEBE7F8B50446FFF7ACFF1D460023C9
:104AF00016464042043C1A4605B9F8BD56F8041B58
:104B000054F8047F0140C91942EB0207C91821601B
:104B100047F10003013DEFE7FFF7ABBFFFF7E2BF4F
:104B20002DE9F041CC691326E30F24F00044A3FBE8
:104B30000636CC6101EB82078C464FF0260E6745A6
:104B400049D1072A0CD83C4625680132ED18D2B26B
:104B500046F10003082A44F8045B4FF00006F3D145
:104B60002622A3FB023402FB0644CA691325D60F92
:104B700022F00042E6FB0534CA610A1FA44601F197
:104B80001C05164656F8044FE4184CF10003B542D4
:104B900034604FF0000CF5D116461327634656F8E3
:104BA000044FE41943F10007B54234624FF00003AB
:104BB000F5D1CB6BDC1723F00043CB63043852F8FC
:104BC000041F136A4B4023404B40954240F8043F7A
:104BD000F5D1BDE8F081DCF80050EC18DCF820508D
:104BE00046F10003E5FB0E434CF8044B0026A6E714
:104BF000F0B589B06D46034600F120070146002656
:104C000013202C4651F8042B121846F100008F4255
:104C100045F8042B4FF00006F4D1079AD61722F07E
:104C20000042191FF04307921C3351F8045F54F8F7
:104C3000042B6A4032406A408B420A60F5D109B0C9
:104C4000F0BD0023D1F800C02DE9F04702F12006A5
:104C5000074615461C4655F804EBEEFB0C34B542EE
:104C600047F8043B23464FF00004F4D140F8203FBE
:104C700001F11C0851F804EFA0F11C0C17460025A7
:104C800057F8049BDCF80030A246E9FB0E3A5B19AA
:104C90004AF10005B7424CF8043BF1D1884540F891
:104CA000045FE7D1BDE8F08710B590B004466846D0
:104CB000FFF7C7FF082269462046FFF731FF10B013
:104CC00010BD0A46FFF7F0BF2DE9F04F93B002AFD9
:104CD0000023D2F800C00D4601F120080E461C4604
:104CE000394656F804EBEEFB0C34464547F8043BD6
:104CF00023464FF00004F4D10A930AAF02F11C09D5
:104D0000019452F8043FA7F11C0E1C46AC46002645
:104D1000DEF800305CF804ABDDF804B0EAFB043BDD
:104D20009B194BF10006C4454EF8043BF0D1914568
:104D300047F8046FE5D10822FFF7F2FE13B0BDE893
:104D4000F08FF0B4002401F1200C0546264651F8FE
:104D5000043B52F8047BDB1946EB06071B1947F1AD
:104D60000004614545F8043BF1D1F0BCFFF740BFBA
:104D7000F0B5002301F12007054651F8044B52F825
:104D8000046B03F00103E41A63EB0303A41B63F158
:104D90000003B94245F8044BEFD1014603F013027A
:104DA00051F8043B04469B1A44F8203B62EB020294
:104DB0000B6802F001029B1A41F8043B62EB02020D
:104DC000A142F5D123F00043C361F0BD404230B5AC
:104DD000A1F1040065EB0505043A1C3150F8044FBD
:104DE00052F8043F63402B40634088420360F5D192
:104DF00030BD70B588B0044668460E46FFF761FFC7
:104E0000092569466846013DFFF75BFF15F0FF0580
:104E1000F7D1324669462046FFF746FF17260A2596
:104E200069466846013DFFF74CFF15F0FF05F7D1D5
:104E30006A4621462046013EFFF736FF16F0FF0680
:104E4000EDD121466846FFF73CFF6A4621462046E1
:104E5000FFF72AFF082569466846FFF732FF013D44
:104E60006A4621462046FFF71FFF15F0FF05F2D1E5
:104E70006846FEF728FD08B070BD38B504460D46FB
:104E8000FFF7B7FF21462046FFF71BFF21462046CC
:104E9000FFF717FF2A4621462046FFF705FF214668
:104EA0002046FFF70EFF21462046FFF70AFF2A465D
:104EB00021462046FFF7F8FE21462046FFF701FF76
:104EC0002A4621462046BDE83840FFF7EDBE0000E7
:104ED00030B5044689B00D46FFF78BFF21462046CA
:104EE000FFF7EFFE2A4621462046FFF7DDFE21466A
:104EF0002046FFF7E6FE21466846FFF7E2FE202245
:104F0000694628460BF031FA28B96846FEF7DBFC03
:104F1000012009B030BD0A4A21462046FFF7D4FEE1
:104F200021466846FFF7CDFE2022694628460BF051
:104F30001CFA0028E9D06846FEF7C5FC0020E8E727
:104F400018330208014B0360704700BF403302086A
:104F500070472DE9F8431D4603689DF82090DB68F3
:104F600004460E4690469847236807461B6920462C
:104F70009847AF420ED32A46414630460BF06FFBAE
:104F800074197A1B494620460BF019FAB44217D11E
:104F9000BDE8F88323682A46414620465B69984766
:104FA000236820469B689847236802469B6905460C
:104FB000314620469847236820461B699847DFE71B
:104FC00016F8013B89EA030306F8013CDEE7704767
:104FD00038B50446002508462171A5710AF05AFE2D
:104FE00065712060204638BD10B5044600680AF09F
:104FF00059FE204610BD0023437170474079704729
:10500000006870478E2912D8702903D8032908D860
:1050100001207047074B7139C9B2CB4003F0010042
:105020007047643904298CBF00200120704700209C
:10503000704700BFBD91FE20882914D8702906D87A
:1050400003290BD8012994BF002001207047074B8A
:105050007139C9B2CB4003F001007047A1F1670379
:105060005842584170470020704700BF1901A00006
:105070002DE9F84F04460E4690461D46FFF7C2FF45
:10508000C8B18E2E98BF2D4B94F805909CBF9F5DA4
:105090002B4B227994BF33F816B0002709EB070396
:1050A00003F1010388BFBB46934206DB0123A371D2
:1050B0000020BDE8F88F0223F9E700212846EBF72E
:1050C000CFFF0021B0F1000A284618BF4FF0010AB7
:1050D000EBF7C6FF08B105F100455846EBF7CAFDEE
:1050E0002946EBF71FFEECF71FF831460546204630
:1050F000FFF7A2FF40B1BAF1000F05D0FA0001237B
:1051000093405A1E2A409D1A236809F101026271D8
:1051100003F8098063792268591C6171D654002212
:1051200001326379D1B28F423B4402D2D8B260716E
:10513000BFE721689B1ACD542D0AF1E78634020897
:105140006833020808B513460A467421FFF790FF3A
:1051500008BD704710B550210446F0F7FCFB20460F
:1051600010BD000038B5074B04460D4640F80C3B17
:10517000442200210BF023F90023A560237120466F
:1051800038BD00BF2035020810B50446007958B973
:1051900001B1A160A16839B104F10C0000F074FF05
:1051A000B0FA80F04009207110BD38B5037904468B
:1051B00000F10C053BB98168284601F04BFEB0FABE
:1051C00080F0400938BD00230371284600F09EFF9F
:1051D0000028F4D1A168284601F03CFE0028EED159
:1051E000A168284600F050FF0028E8D10123237170
:1051F000E5E738B50D46044611461A462B4600F041
:105200006BF9204638BD00B5C3B06A460C3000F0DB
:10521000FFFEB0FA80F0400943B05DF804FB08B52A
:105220000C3001F049FFB0FA80F0400908BD07B525
:1052300003688DF807105B6801220DF1070198479C
:1052400003B05DF804FB1346027D10B54AB904694A
:105250000A46816904F10C0001F0CBF820EAE07005
:1052600010BD0020FCE773B504460069257D0DBB29
:10527000A1690C3000F0C0FE06462069A1698DF8D6
:10528000075001230DF107020C3001F04CFA002801
:105290002069A169C8BF9DF807504FF0000332464E
:1052A00000F10C00D8BF4FF0FF3501F0A0FA2846FE
:1052B00002B070BD4FF0FF35F9E738B5037D044605
:1052C00063B90069A1690C3000F098FE05462069B9
:1052D000A1690C3000F090FE281A38BD0020FCE7D0
:1052E000037D2BB90369816903F10C0001F075BCE2
:1052F0007047000010B500224FF47A74C0E9012411
:10530000054C0460C0E906220161027580F8202086
:1053100080F81F2110BD00BF34350208F8B50446DF
:105320000E4615461AB1012A17D00120F8BD0127F3
:1053300038200AF0AFFC0146A06160B12069324616
:105340003B460C3001F0B1FE024648B1A0690AF0BC
:10535000A9FC0023A3610020E8E740F20317E7E778
:10536000012D05D12069A16902230C3001F03FFA1B
:1053700000232375D9E770B504462C200E460AF0A9
:1053800089FC0146A06150B1206932460C3000F022
:105390009AFD30B1A0690AF085FC0023A3610020CA
:1053A00070BD012525753046EBF702FF28440AF051
:1053B00071FC3146E0610BF04AF92846F0E71346EC
:1053C000027D10B43AB904690A46816904F10C00FF
:1053D00010BC01F0A8B9002010BC704707B501222D
:1053E0000DF10701FFF7EBFF0028CCBF9DF8070088
:1053F0004FF0FF3003B05DF804FB037D10B50A46A3
:1054000043B90469816904F10C0001F0F0F9C0436B
:10541000C00F10BD0020FCE7037D2BB90369816933
:1054200003F10C0000F0EABD00207047816938B537
:10543000044679B10069257D0C3065B100F06BFD43
:10544000A0690AF02FFCE0690025A56108B10AF007
:1054500029FCE56138BD01F0F9FBA0690AF022FCE6
:10546000A561F7E7FFF7E2BF70B58369C2B00546F3
:105470000E4614460BB1FFF7D9FF28696A4631463C
:105480000C3000F0C5FDE0B99DF80030112B05D1BE
:10549000224631462846FFF741FF03E031462846C1
:1054A000FFF769FF044670B12F2130460AF0E1FF93
:1054B000203500B1461CFF22314628460AF0C6FFBF
:1054C00002E0023003D00024204642B070BD012C1F
:1054D000F9D1DDE7FFF7C8BF70B504460D461646A3
:1054E0001946FFF707FF324629462046FFF7F2FF2D
:1054F000204670BD8069003818BF012070472030F9
:105500007047007D704700002DE9F043C3B00C46A2
:1055100000AF096905461646FFF7ECFE237D002B18
:1055200045D0DFF89890DFF898802069A1693A4665
:105530000C3000F0FDFC012839D107F10801484684
:10554000EBF72CFE0028F0D007F108014046EBF7FE
:1055500025FE0028E9D0D4F81C904846EBF728FE39
:10556000044607F10800EBF723FE0444093424F055
:105570000704E846ADEB040D494668460BF067F8B2
:1055800099F800302F2B6C4602D199F801301BB1ED
:105590000C4920460AF01BFF07F1080120460AF0DB
:1055A00016FF324621462846FFF75EFFC5462846CD
:1055B00007F58677BD46BDE8F08300BF29350208B0
:1055C00028350208B71D020803681A6AC36AD31A8D
:1055D0001944B1FBF2F302FB1311036B8B4210B5BC
:1055E0000AD94C09C06B01F01F0150F82430012288
:1055F0008A40134340F82430002010BD0368013373
:1056000004D04068431C58425841704701207047FD
:1056100010B50B6804689C4209D04068496888420C
:1056200005D08C4203D0181A18BF012010BD0020ED
:10563000FCE72DE9F74FDDE90C470E9D83468846D0
:10564000924699460DB9002064E0DBF80000BAF1FB
:10565000000F1ED0DAF800304B451AD1DAF80410EA
:10566000A14216D886690E44A64212D9361BAE4214
:10567000DAF8083028BF2E46611A384632461944F7
:105680000AF0EDFFAD1B37443444DCD0DBF80000FA
:10569000E0E7D8F8002043694A4517D1D8F804104C
:1056A000A14213D8CE18A64210D9361BAE42D8F864
:1056B000083028BF2E46611A3246384619440AF08F
:1056C000CEFF37443444AE1B3546BBE74168B4FBDC
:1056D000F3F203FB12428C467AB9AB420DD8B5FB0C
:1056E000F3F603FB1656AD1B00953B462246494692
:1056F000E04778B92F442C44E6E7A21AC8F8009096
:10570000C8F804200093D8F8083049466646B047E8
:1057100000289AD003B0BDE8F08F1FB5069C009218
:10572000CDE9013400220B4600F11401FFF781FF9F
:1057300004B010BD2DE9F04786B005460F4614466B
:1057400000F11409D6184FF0010A0DF11708A6420E
:1057500003D1002006B0BDE8F0870094CDE9018AAE
:105760003B46002249462846FFF763FF01340028E4
:10577000F0D10E980122414601F0DCFCE7E72DE96B
:10578000F04F8BB0136804930026536805930746C7
:105790000C46B0460DF1100A06AD4FF0100B5AF84A
:1057A0002690CDF800B02B46002249463846FFF738
:1057B000B4FF70B110F1340F06D146B1B8F1000F4B
:1057C0000CBF6FF0330000200BB0BDE8F08F012656
:1057D000E5E7B8F1000F04D0E269069B9B1A002BA5
:1057E000EBDB079B23F00043132BE6D93A68D26921
:1057F0009342E2D84FF0FF3303A8102229460393C7
:1058000001F098FC079B03A823F000430090103B95
:10581000102249463846FFF78DFF0028CAD1039B66
:10582000002BCAD10AAA86F0010302EB830304F11C
:105830001C0C53F8183CA3601023E36095E80F009C
:10584000C4F804904FF001088CE80F00B5E7F7B5F5
:10585000044604300E461546FFF7D0FE10B1002076
:1058600003B0F0BD009001236A462946204601930B
:10587000FFF785FF0028F3D105F124073846FFF72D
:10588000BDFE0028EBD131463846FFF7C1FE38B1E6
:105890003A4629462046FFF772FF0028EED0DFE7A0
:1058A0000120DDE72DE9F04F87B0DDE91045064620
:1058B0008B46174625444FF001090DF1170AA3EB5B
:1058C0000408AC4201D1012011E008EB040300936D
:1058D000CDE901A93B46002259463046FFF7A9FE13
:1058E00028B914F8013B9DF817209A42E9D007B077
:1058F000BDE8F08F03689B6A10B5044613B9C06910
:105900000AF0D0F92368DB6A13B9A06A0AF0CAF971
:1059100023681B6B23B9E06BBDE810400AF0C2B9E5
:1059200010BDF8B5C6690D68083EB5420F4613D3E1
:10593000B5FBF6F0013808F011F8841CA5EB8404DF
:10594000B4FBF6F4204608F009F8A5EB800504FB4B
:1059500016553D602046F8BD0020FCE72DE9F04FCC
:1059600089B00646DDF84C8005920F464BB94FF0E2
:10597000FF32C8F80020149A0020136009B0BDE877
:10598000F08F0468013B07A920460793FFF7C9FF82
:1059900012A905462046FFF7C4FF4FF0040A8146CE
:1059A0000DF1140BA945059B03D3C8F80030129BD9
:1059B000E1E7A5EB0904B4FA84F495FAA5F2B2FA8A
:1059C00082F2C4F11F04944228BF1446A200009240
:1059D000CDE901BA002239463046FFF72AFE0028F9
:1059E000CCD10123A340ED1ADCE72DE9F04F89B0BB
:1059F00006461298DDF850A00F4690469946E8B149
:105A00000138059005A93068FFF78BFF0DF1180BE1
:105A10000446139B49465046984778B974B104F040
:105A20000105C5F102029200CDE901B200904B469A
:105A3000424639463046FFF7FCFD10B109B0BDE8DB
:105A4000F08F06992DB9139B504698470028F5D141
:105A5000012008AB03EB8000023D50F8089C2C4469
:105A6000D7E704300844104470472DE9F341064657
:105A70000C46154601F124074FF01008216AE26830
:105A800021F0004302F10C00043B984215D80C238E
:105A9000009361682B1D3046FFF73FFE034688B92F
:105AA000E668EA79A97968792E60FFF7DAFFA269DA
:105AB00006440244E660A26104E0002906DB2A6095
:105AC0006FF00103184602B0BDE8F0813A46214666
:105AD0003046FFF754FE03460028F3D1A369C4F80B
:105AE0000C801433A361C9E730B5044693B0043089
:105AF0000D46FFF783FD10B1002013B030BD0190BB
:105B0000012301AA07A920460293FFF738FE0028C7
:105B1000F3D110A8FFF772FD0028EDD110AA07A954
:105B20002046FFF72CFE0028E7D103AA07A920464C
:105B3000FFF79BFF10B1831CEBD0DEE79DF910301F
:105B4000002BF2DB0822294605A80AF00EFC0028EB
:105B5000EBD10120D1E72DE9F843054604300F468B
:105B600014461E46FFF74AFD10B10020BDE8F88339
:105B700001235062936202F1240806F108094046AD
:105B8000FFF73CFD0028F0D1424621462846FFF7AA
:105B9000F6FD0028EAD1324621462846FFF765FF88
:105BA00010B1831CEBD0E1E7337903F07003202BB5
:105BB000F1D139464846FFF72BFD0028EBD10120F3
:105BC000D4E700002DE9F04F87B01F68049340F63A
:105BD0002203536043689360DFF82C91836803913C
:105BE00005461446D360494638460AF058FC07EB90
:105BF00000088346494640460AF005FC012806464F
:105C000008EB000A05D117F80B302E2B0AD15746A6
:105C1000E9E7022806D102463C4940460AF0A5FBC6
:105C20000028F4D057464FF0010B494650460AF081
:105C300036FC8244494650460AF0E5FB024690B1E4
:105C400002280CD10590314950460AF08EFB059A86
:105C500028B9BBF1010B04D10AF10207C3E70BF12C
:105C6000010B9244E1E798F80000002841D0049B22
:105C7000C3F800802379222B43D104F1080A039949
:105C800052462846FFF77BFD98BB05F1140B03999C
:105C900022462846FFF7E9FE58BB237903F07F032D
:105CA000112B01D0222BF2D1E379B342EFD123683B
:105CB000627904331344A279CDE900861344039A30
:105CC000594652682846FFF7EDFD002811DBDED06B
:105CD00095F84130002B86D194F90430002B82DAFC
:105CE00051462846FFF700FF002805D001DB6FF082
:105CF000010007B0BDE8F08F237903F07F03237123
:105D000071E76FF01300F4E7B71D020828350208A9
:105D1000C368184710B50C468269A068FF210AF0D5
:105D20004EFB4FF0FF33236010BD38B58B6A016026
:105D300004460D46CBB1C361EB6A13B3A36204F111
:105D400020012846FFF7E6FF4FF0FF336361236829
:105D50001A6BEAB1E26300204FF0FF33C4E901336C
:105D6000C4E90300A4F8400038BD486909F092FF77
:105D7000E0610028E0D12046FFF7BCFD6FF00B008A
:105D8000F2E7A86909F086FFA0620028D7D1F2E700
:105D9000586AC00809F07EFFE0630028DBD1EAE71B
:105DA000F7B50C4609684B1C0546164602D1002083
:105DB00003B0F0BD006883690093D4E901238768CC
:105DC000B8470028F4D12B6826B928682146FFF788
:105DD000A1FFECE79B690193A3680093D4E900233A
:105DE00031462846FFF75EFD0028E1DBEDD16FF07C
:105DF0003300DDE72DE9F74FDDE90C480E9E8146C3
:105E00000F4693469A46002E38D1304606E05A4651
:105E100039464846FFF7C4FF002850D003B0BDE81C
:105E2000F08FB4FBF2F302FB13431BBB964221D36A
:105E3000B6FBF2F502FB1565761B009683682246D9
:105E40009C4651464346E0470028E7D1BBF1000F8E
:105E500002D1B044344434E0CDE9008623465246B2
:105E600059464846FFF71EFD0028D7DBF1D16FF0F9
:105E70003300D3E7E31AC7F800A07B603B68D9F88A
:105E8000000053458269CCD17B68A342C9D89D18D4
:105E9000A542C6D92D1BE01AB542BB6828BF3546BE
:105EA0002A46184441460AF0DAFBD9F800309A69CC
:105EB0002C44B4FBF2F302FB1343002BA7D0A844FD
:105EC000751B2E469FE730B543684B6087B08368EB
:105ED00001928B6002AA01AB05460C46FFF772FEE9
:105EE000A0B99DF80C30222B12D104AA21462846D5
:105EF000FFF745FC50B963682361A36863610E2313
:105F0000A3611023E3602B6923602C6107B030BDCF
:105F10006FF01300FAE7036900F110021BB18B4226
:105F200003D11B681360002070471A461B68F5E711
:105F300070B50D46144686B006464FF484720021B3
:105F400020460AF03CFAAB690E2B0CD120462223E6
:105F500000F8083B26490AF07AFBAB690133AB61D4
:105F6000012006B070BD0F2B05D12046222300F87A
:105F7000083B2049EFE702AA29463046FFF775FDA6
:105F800018B1821C08BF0020EBE79DF80C3003F02D
:105F90007F02112A01D0222AEDD11B060CD504A9BB
:105FA0003046FFF7A1FD0028DBDBE4D19DF80C3083
:105FB00003F07F038DF80C309DF80C302370112B0B
:105FC00008BF059B029A08BF63609DF80D309DF8DD
:105FD0000E1004321A449DF80F3000930A4404F165
:105FE000080369683046FFF798FB0028B8D0B8E787
:105FF0002935020828350208086A7047CB694869C4
:106000009B0303D50B6A984238BF184670470000BF
:1060100070B594B01546039103AB05AA09A90646CD
:10602000FFF7D0FD0446C0B901464FF484722846FC
:106030000AF0C5F99DF818302B70112B04BF089B8E
:106040006B60311D07A8FFF7E3FA05F1080304466A
:1060500030B90C4918460AF0FAFA204614B070BD5F
:10606000059A9DF819109DF81B00009004320A440F
:106070009DF81A1030460A440A99FFF74EFB044671
:10608000EBE700BFB71D020830B599B00546FFF732
:106090004CFE044658BB2B6868631B6AAB63C5E9BA
:1060A0000B000290012302AA0DA928460393FFF7D3
:1060B00066FB044600BB202300930E9905AB10221B
:1060C0002846FFF72AFB0446B0B9069B6B60079B86
:1060D0000D49AB6008220BA80AF047F9044648B9FD
:1060E0000A9B1A0C012A0BD19BB2012B08D820461F
:1060F00019B030BD6FF033042846FFF7FBFBF6E71D
:106100006FF01504F8E700BF5835020808B5FFF72F
:10611000F1FB002008BD2DE9F043064697B004309E
:106120000F469046FFF76AFA20B10024204617B0C8
:10613000BDE8F08301230590069305994046B847D2
:1061400004460028F2D106994046B8470446002884
:10615000ECD105AA0BA93046FFF711FB0446002835
:10616000E4D14FF00C09139B0E9D23F0004305F181
:106170000C02043B9A4223D9149B059305A8159B56
:106180000693FFF73BFA0028D7D0F56806F114090B
:10619000002DCAD0EB69DA033CD4EB699B030DD523
:1061A000CDE901782B6A00936B6A05F12C02494610
:1061B0003046FFF71AFC04460028B7D12D68E7E700
:1061C0000C99CDF8009008AB2A463046FFF7A5FAA7
:1061D00004460028AAD19DF823209DF822109DF89E
:1061E0002100FFF73EFC9DF8203003F070032844A7
:1061F000102B0E90B7D10A9B00932246CDE901786F
:10620000099B06F114013046FFF7EFFB0446002816
:10621000A9D08BE7CDE901786B6900932B6905F173
:106220002C0249463046FFF7E0FB04460028B4D074
:106230007CE70000F8B504460D460126236BD4E93F
:106240000D219A421DD1002949D0E06A22680344F9
:10625000106A526A8A4294BF22632163B3FBF0F74B
:10626000002100FB17336163D208E06BE3620AF0A0
:10627000A6F81C4922462046FFF74DFF0028DDD036
:1062800024E00139501CA1635709E16B606351F8A8
:10629000277002F01F0006FA00F03842CFD1E36AFF
:1062A00013442268126AB3FBF2F002FB10332B6036
:1062B000266B0125636BB3420FD05A0903F01F0010
:1062C00051F8222005FA00F0104000D1F8BD01334A
:1062D0006363A36B013BA363ECE70020F6E76FF079
:1062E0001B00F3E7C955010873B50C460431064697
:1062F000FFF7A0FF0546F0B904F108013046FFF7AB
:1063000099FF0546B8B9042300930246616804F179
:106310001C033046FFF701FA10B110F1340F0DD114
:10632000E3690133E36114224FF0FF33C4E908232A
:10633000A3621023E360284602B070BD0546FAE769
:106340002DE9F04F044689B00E4600F1140B07A961
:106350002046FFF76FFF054658B9DDF81C9020680E
:106360004946FFF7D5FC054600283BD010F1340F15
:10637000EDD0284609B0BDE8F08F0DF11B07CDE93F
:106380000087CDF808A0736A059A59462046FFF7A2
:1063900050F970B9CDE9017ACDF800804B465A46E4
:1063A00004F120012046FFF725FD20B110F1340F44
:1063B000CDD00546DDE708F10108B36A4345DCD8D6
:1063C0002368A16A9A69706B0AF049F9236AF3623B
:1063D000636A2068336304F12001FFF79BFCC6F871
:1063E0002490C6E706F12C03804605934FF0010A7E
:1063F000E3E72DE9F04F8FB0CDE90623CB6903F039
:106400000302012A05460C4600F01F815E031AD4E0
:10641000E669320520D4276A079BDF4200F1188124
:1064200016F400361ED005F11403DDF81CA0099304
:1064300004F12C08E369BAF1000F25D123F40023FD
:10644000079AE36104E000F006F902460028DFD075
:1064500010460FB0BDE8F08F6269216A8A4288BF9A
:106460002262D8E763699F42DDD92362236A9F4293
:10647000D9D90DAA0123214628468DF83460FFF7AB
:10648000B8FF021EF2DAE3E79B0324D52B68A26A69
:10649000DB699A4240F098802B681B6AAB6305F178
:1064A00014030493D4E90832CDE90B230DA928463F
:1064B000FFF7C0FE024608BB0D9B286805931946EE
:1064C000FFF726FC024618B312F1340F16D14FF035
:1064D000FF332B62EAE7236A002BDDD004F12802A8
:1064E0000292013B04F1240201920093D4E90423B7
:1064F00041462846FFF732FA024620B1E36943F4E9
:106500000023E361A4E728684146FFF703FCC3E7E3
:106510000C9F2E680890002F4FD0013F0CA93046E9
:106520000C97FFF7FEF90C9FF369089A01379F4219
:106530000C9768D1461C96FAA6F6B6FA86F606F1CE
:10654000010B91460BAF4FEA890308930423CDE971
:1065500001734FEA890300934146DDE9042328468D
:10656000FFF748FC0B9B02460028ADD14E4550D1A9
:1065700009F10109CB45E6D84FEA8B071DE000225F
:10658000CDE9016B0B9B0499CDF800902846FFF7ED
:1065900050F802460028B1D1DDE90423CDE9016BB2
:1065A000CDF8009041462846FFF724FC024600281B
:1065B0008AD109F101094F45E1D8059BC4E90937A2
:1065C000E36943F40033E3612B68DE69A36AF61ADA
:1065D000564528BF5646069B02960193A36A009330
:1065E000099A636A41462846FFF704FC0246E8B16F
:1065F00010F1340F82D121462846FFF7A1FE024652
:106600000028E8D07AE791464FF0010B0DF12B06F8
:10661000D1E70421CDE90171089900912846049938
:10662000FFF707F802460028A2D067E7236A334441
:106630002362A36A3344A362069B334406932B6808
:106640001B6AAB63AAEB060AF4E66FF00802FFE6EA
:106650006FF01A02FCE6CB695A032DE9F04144BF02
:1066600023F48023CB61CB6944BF4FF0FF32CA6271
:106670009B0390B005460C4603D4002010B0BDE843
:10668000F0810F6A2C22002102A805F1140609F0FE
:1066900096FE2369069396E8070063690793012332
:1066A000CDE9093710AB03E907004FF0FF38C5F813
:1066B0001480226A63699A4211D304F12C0832468D
:1066C00041462846FFF76CFB08B310F1340FD5D1D3
:1066D00021462846FFF734FE0028F0D0CEE70123FC
:1066E0000DF1070202A9284600F01DF80028C5DBBD
:1066F00001230DF1070221462846FFF77AFE002804
:10670000BCDB6B690133D4D0CDF83480CFE7636A4A
:106710002361236A6361E36923F4003343F4803324
:10672000C4E90737A9E72DE9F04F1D46CB6990462C
:1067300003F00302022A87B007460C4654D09A039E
:1067400005D4236A6669B34208D3002003E0FFF74B
:1067500082FF0028F5D007B0BDE8F08FF61AAE42F0
:1067600028BF2E4604F12803B14604F12C0A0593F4
:1067700004F1240BB9F1000F01D13046EBE7E369D6
:106780005B0304D53B68A26ADB699A4210D1059B82
:10679000CDE901B3236A0093D4E904235146384676
:1067A000FFF7DCF80028D6D1E36943F48023E361E6
:1067B0003A68A36AD5690093ED1A4D4528BF4D4646
:1067C000CDE901850022636A51463846FEF731FF64
:1067D0000028C0D1236A2B442362A36A2B44A362FE
:1067E000A844A9EB0509C5E76FF00800B3E770B549
:1067F0000D4614461E46FFF72EFF70B92B6A36B1C0
:10680000012E01D11C4402E0022E07D01C46002CB0
:10681000A6BF2C6220466FF0150070BD6B69F1E7D2
:10682000F0B5012680F84060A7B004460430FEF7BA
:10683000E5FE0546002879D101462C2205A809F07D
:10684000BEFD4FF000432822294610A80D9309F001
:10685000B6FD1A9623681B6A9D4202D36FF033007F
:1068600020E019A8FEF7CAFE00285FD119AA10A9D6
:106870002046FEF784FFA8B90D9B002B34DB01AB4B
:106880001BAA0EA92046FFF766F900280ADB0BD1E8
:10689000199B0E931A9B0F9300231A4605A92046B5
:1068A00000F046F827B0F0BD039A0E99049B0F98AC
:1068B0008A4201D1984217D0904201D1994213D017
:1068C0000E92E8E79DF97030002B0DDA1DA92046E5
:1068D000FFF70AF90028E5DB1BD01BAA10A9204608
:1068E00000F03DFA0028DDD11BAA10A92046FFF7D1
:1068F000BCF80028E6D0831CD4D110AF0FCF05AE72
:106900000FC60FCF0FC697E80700013586E80700CE
:10691000A0E79DF8703003F07F038DF870301BAA5C
:10692000034610A9204600F03FF9DBE70020B9E755
:106930002DE9F04F9DB00D460993CB6905920133C7
:10694000CB610B1D0646079309984B68896806932F
:10695000C5E9011302EB001413469C4212D1069BB9
:106960000C9300230B91089369683068FFF7D0F906
:10697000044678B114F1340F00F0DF8020461DB0DA
:10698000BDE8F08FD8682A6A02445868121A2A6251
:106990001033E2E705F11C084FF0FF3310224146A7
:1069A0000DA810270D9300F0C5FBCDE901870094D9
:1069B00006F1200A22466B6851463046FFF71AFA64
:1069C00004460028D6D18346B84629E0099B9B455A
:1069D00080F28D80059A4FEA0B1302EB0B19D35806
:1069E000434540F08480D9E902120DA800F0A2FBD3
:1069F000D9F80C300293D9F80830CDE900730022A1
:106A00006B6851463046FFF7F5F904460028B1D1CE
:106A1000D9F804309844D9F80C300BF1010B1F441D
:106A20002B6A23F00043043BBB42CFD80DF134085E
:106A3000CDE90078042302936B680022514630466A
:106A4000FFF7D8F90446002894D14FF0FF370246EB
:106A5000776151463046FFF7A3F90446002889D1F3
:106A60003068036998470446002883D12B6A119740
:106A700011AF009723F0004302466968043B30469B
:106A8000FEF758FE044600287FF478AF119A0D9B5C
:106A90009A4252D1089B2BB343463A460BA9304643
:106AA000FFF759F80028FFF66AAF5ED06B680F93C6
:106AB000AB681093424623463946304600F074F8DE
:106AC00000287FF45CAF311D0BA8FEF7A1FD18B9BB
:106AD0006B687360AB68B3603046FFF7A1FE0028B7
:106AE0007FF44DAF3269002A53D1104647E74FF08B
:106AF00001090699CDF8009011AB42463046FEF7E9
:106B00000CFE044600287FF439AF4A4611A90DA8AF
:106B100000F010FB11ABCDE90073CDF808902246D0
:106B20006B6851463046FFF765F9044600287FF44C
:106B300021AF08F10108013772E74FF0FF333362EC
:106B40000124002311A90BA8CDE91134FEF760FD43
:106B500010B96FF0330012E707993046FFF76AFB70
:106B6000089400283FF400AF09E73A460BA93046E5
:106B7000FEF76DFE0028FFF602AFB3D06B681A93E4
:106B8000AB681B9300231A4639463046FFF7D0FE08
:106B9000A5E70799101DFEF73BFD18B96B68536018
:106BA000AB68936012689EE770B5154688B055F8DB
:106BB000044BD27900940C26002BCDE905230792D3
:106BC00034440CBF012302236A46CDE901650396D4
:106BD0000494FFF7ADFE08B070BD70B592B00646E4
:106BE0000D46FFF738FD044658BBEB6903F410234C
:106BF000B3F5803F25D12A1D1046FEF7FFFC00BBF0
:106C000007A93046FEF7BBFDF0B90C23EA680899E6
:106C10000093304604ABCDE9044406940392FEF79A
:106C20007CFD88B92B6905936B69069303AA2346FB
:106C300007A93046FFF7B8FF30B9EB6923F480337A
:106C4000EB61204612B070BD0446FAE770B5054608
:106C50000C46FFF7C2FFEB68064605F10C021BB1BC
:106C6000A3420DD123681360A3690BB11B682BB934
:106C70002B685B6B13B9606B09F014F8304670BD7C
:106C80001A461B68EBE72DE9F043804695B00E46A7
:106C90001746994601F12405FA79B9797879346A69
:106CA000FEF7DFFED8F80030DB692044984215D8A3
:106CB000043C47F8044B00230C21CDE90A37CDE909
:106CC0000C14CDE90E3910920994022309AA314619
:106CD0004046FFF72DFE15B0BDE8F083002C36DBF3
:106CE00035460FCD09AC0FC40FCD0FC495E8070092
:106CF00084E8070031464046FFF7F6FA0028EAD15B
:106D0000129B7362139BB362336A3A46043B42F8A8
:106D1000043B03920C22CDE90130CDE90423FB7939
:106D20000893CDE90609022301AA31464046FFF740
:106D3000FFFD0028CFD1119B43F0004311937368EE
:106D40001293B36813930246034609A9C0E72A4683
:106D500031464046FEF713FD00289DD0BBE72DE9E4
:106D6000F04714460D46D279A1798CB080466079FF
:106D7000FEF777FE2B6A143023F0004383421DD1C7
:106D800001AA291D4046FEF762FD061E12DB099A84
:106D9000002A13DA2B6A63F00043134009936B6AED
:106DA0000A93AB6A0B9300231A4601A94046FFF7EA
:106DB000BFFD064630460CB0BDE8F0872368E27997
:106DC000A17960790193FEF74CFE0023CDE90333EE
:106DD0000290012301AA29464046FFF7A9FD064675
:106DE0000028E7D1D8F80C7005F1040A4FF0FF39FC
:106DF000CFB9D8F810700435002FDBD02946381DE4
:106E0000FEF706FC68B9FB682268934209D9E2796B
:106E1000A1796079FEF725FE1B1AFB60BB691B1A7E
:106E2000BB613F68E8E75146381DFEF7F1FB28B922
:106E3000FB682268934203D1C7E901993F68D7E70D
:106E4000FCD9E279A1796079FEF70BFE1B1AFB6091
:106E5000F4E70000F0B5A5B00546FEF766FF04466E
:106E6000002877D12B685A6A0146D208E86B09F0EE
:106E7000A6FA2A68EC62D2E908320EA9C5E90D43E8
:106E80009A4294BF2A632B632846FFF72DFA0446E3
:106E900000285CD119A92846FFF726FA04460028E5
:106EA00055D10346024619A92846FFF741FD04467D
:106EB00000284CD1294B1A9E1B9A6E601027CDE9F1
:106EC00005732B68AA60D969099125491B6A08686E
:106ED0000A93496801974FF001130B930CAB03C35E
:106EE0003423CDE90762CDE91762169306AE20235D
:106EF000CDE90363029301AA01230EA92846FFF7F7
:106F000017FD20B110F1340F02D004461FE0012418
:106F10002023CDE90236049301AA01230EA92846B5
:106F20000197FFF705FD20B110F1340FEDD1002CD2
:106F3000EBD000220123CDE901230EA901AA2846A6
:106F4000FEF71DFC044610B92B681B6AAB6328468C
:106F5000FEF7D0FC204625B0F0BD00BF2E1400087F
:106F6000583502082DE9F0471F4692B003F003039D
:106F7000012BDDF86880019206460C4611D101AB69
:106F800003AA07A93046FEF71DFE0546B0B99DF8D5
:106F90001030222B00F08680B90534D56FF0100533
:106FA00008E090F84030002BE9D1FFF739FC0546A6
:106FB0000028E4D0284612B0BDE8F087821CF9D141
:106FC000DDF804A02F21504609F010FA8146002870
:106FD000F0D1FB05EED540F611038DF812005046B6
:106FE000ADF81030EAF7E4F84FF0FF33CDE905399A
:106FF0008DF81300534603AA07A93046FFF743FE56
:1070000005460028D6D1089B6360099BA360039BBB
:10701000E360059B23610022069BC4F81880780575
:107020006361E761226210D44FF0FF33E362B8F18D
:10703000000F02D0D8F800306BBB3268536B73B1CD
:10704000F26842B36FF00B05B4E713B147F4803731
:10705000E7614FF0FF320023C4E90423E4E7E3696A
:1070600003F00303012B0AD1506908F013FE60639B
:107070000028E7D0F36823600025F4609AE7906960
:1070800008F008FE60630028DCD0306804F12C01B1
:10709000FEF740FEEEE76363E36903F00303012BB1
:1070A000E8D0F2E76FF0140584E713B500240094EC
:1070B000FFF758FF02B010BD10B590F840309CB0FB
:1070C0000446019143B101AB02AA06A92046FEF78E
:1070D00079FD30B11CB010BDFFF7A2FB0028F2D043
:1070E000F8E79DF80C30222B1CD002AA06A92046F6
:1070F000FFF735FE0028EDD19DF80C30222BE9D1A9
:1071000006AA12A92046FEF7A2FB0028E2DB1A9B82
:107110000F931B9B109300231A4606A92046FFF7E6
:1071200007FCD7E704AA11A92046FEF728FB002890
:10713000DBD0CFE770B50D4D0A44914200D170BD50
:10714000066811F8013B83EA060404F00F0455F8C1
:10715000244084EA161484EA131303F00F0355F84D
:10716000233083EA14130360E7E700BF64350208A5
:10717000D0F888301BB1D0F88C3080301847704779
:107180000148FFF7F5BF00BF1479002070B586B045
:10719000002302AC02930593C4E901338B680546D2
:1071A0000E4633B1022220469847F3680593B36830
:1071B000049394E803006A4605F1800382E8030023
:1071C00093E8030084E8030092E8030083E80300E7
:1071D000049BD5F88820C5F88830059B049220468A
:1071E000D5F88C20C5F88C300592EEF7C0F8322027
:1071F000EAF7B4FD322006B0BDE87040EAF768BD9A
:1072000010B504463220EAF771FDD4F888303BB15E
:1072100004F180010322084698470023C4E9223381
:1072200010BDD0F88800003818BF01207047322008
:10723000EAF74EBD3220EAF759BD3220EAF78EBD9B
:1072400008B53220EAF778FD003818BF012008BDE4
:10725000054BD3F8902021B122F40042C3F89020CE
:10726000704742F40042F9E700040058034BD3F89A
:10727000900080F40040C0F3C03070470004005814
:107280004FF0B043D3F8942021B142F40042C3F848
:107290009420704722F40042F9E74FF0B043D3F84E
:1072A0009400C0F3C0307047024B5869C0F34000EF
:1072B000704700BF0004005813B5094C4FF0FF336E
:1072C00000931A461946204606F0BEFC054B63663D
:1072D0000023C4E92033C4E9223302B010BD00BF4B
:1072E000147900200000015808B50248EEF73FF875
:1072F00008BD00BF94790020F0B5CFB006460C461B
:107300006D4602F12007106851682B4603C308320E
:10731000BA421D46F7D19DF8003023F007038DF8DF
:1073200000309DF81F3003F03F0343F04003214637
:1073300008A88DF81F3001F093F844A800F031FF41
:1073400044AA08A93AA800F039FF44A908AA0846A7
:1073500002F0D2F944A9084601F018FF44AA3AA95C
:1073600008A801F084F912A800F01BFF1CA800F087
:107370000CFF08A926A801F05BF830A800F011FF67
:107380000024FE25EB1027461DF8034005F00703F7
:107390001C4104F0010467403A4626A912A800F0F7
:1073A00097FF3A4630A91CA800F092FF30AA26A900
:1073B0003AA802F0A1F91CAA12A944A802F09CF96B
:1073C00012A908461CAA00F0F9FE30AA26A91CA89A
:1073D00000F0F4FE12AA3AA930A801F048F91CA95D
:1073E00044AA084601F043F944A93AA801F0F1FC87
:1073F00012A944A801F0EDFC1CAA30A926A800F0AF
:10740000DDFE1CAA104630A902F076F93AAA44A97A
:1074100012A801F02CF944A93AAA084602F06CF926
:107420001CA9084601F0D5FC44A930A801F0CEFB08
:1074300026A9084601F0CDFC3AA9084630AA00F07A
:10744000BDFE1CAA08A930A801F011F93AAA44A966
:107450001CA801F00CF9013D94D2224626A912A8DD
:1074600000F036FF224630A91CA800F031FF1CA90D
:10747000084601F08BFE12A91CAA084601F0F7F895
:1074800012A9304602F069F94FB0F0BD30B50C4694
:10749000A9B0054610460A46202100F00FFE2378C9
:1074A00023F007032370E37F03F03F0343F040031F
:1074B000E3772146684602F0C2FB6946284602F09F
:1074C0009EFB29B030BD10B5A8B00446684602F056
:1074D000B6FB6946204602F092FB28B010BD0000C2
:1074E0002DE9F04FADF53D7D03460B900C4608337A
:1074F0000CAD00F14806186859682A4603C20833E3
:10750000B3421546F7D11CA8214604F18005044674
:107510004B780A780F798E781B0443EA0263CA79A4
:1075200042EA07624F7943EA062342EA0742CE78ED
:107530008F79083142EA072233438D42C4E90023A0
:1075400004F10804E4D104461026D4E91C19CB0C3C
:107550004FEAD9424FEAC90ECF004EEA517E47EAC0
:10756000597743EA493342EA41328909A04641EA60
:1075700089617B4082EA0E024B40D8E91217D8E9B4
:1075800000E8D4E9025C11EB0E0147EB080782EA40
:1075900099125B1842EB070E4FEA15296A0842EA76
:1075A000CC7249EA0C6982EA09014FEA5C074FEAAA
:1075B0001C28EA0947EAC57748EA056842EA4C62AE
:1075C0004A4087EA08079B1887EADC1106F10106A2
:1075D0004EEB01010834502EC4E91E31B5D11A9B7F
:1075E00003931B9B0493149B0593159B0693189B75
:1075F0000793199B0893169B0993179B0A930C9B5F
:1076000001930D9B0293DDE90E89DDE910ECDDE9C4
:1076100012320149009101E0A835020805994FEAAC
:10762000913A06994AEA814A4FEA913B05994BEA19
:10763000814B8D0C069945EA81358C0C059944EAFD
:1076400081348BEA040B069CE40544EA51248AEA5F
:10765000050ACD05069945EA512500998AEA050AE9
:107660008BEA040BD1E90057D0E900640799AD1902
:10767000099E47EB04044E400A9F08994F40059924
:107680000E4006990F4007994E4008991AEB0505E0
:1076900087EA010703994BEB0404AD1944EB070497
:1076A0006D18049941EB04045B19039342EB040346
:1076B0000493019B01991E0F029B46EA03161A0FC1
:1076C000019B42EA0312029B9B0743EA91038F0747
:1076D00002995A4047EA9107019B7E404F0647EACC
:1076E000D3175B0643EAD113734001995B1982EA11
:1076F000070244EB020241EA0804029941EA090543
:10770000019901EA0807029904EA0E0401EA090650
:107710003C4305EA0C0513EB040A45EA060542EB77
:10772000050B009A009BD5689B680799D0E9024237
:107730001B1945EB02025B180899099C41EB0202F8
:10774000059981EA040506990A9C4C4003990D406D
:1077500004990C4009994D400A994C4003995B19D2
:1077600042EB04028C0B049944EA81448E0B03998A
:1077700046EA81468F0C049947EA81378D0C0399BC
:1077800045EA813504996E40CD0503997C4045EA70
:107790005125CF05049947EA51277C401C1985EAF9
:1077A000060542EB05051EEB040307934CEB0503AE
:1077B00008934FEA1B724FEA8B7343EA9A034FEA2E
:1077C0001A7642EA0A124FEA8A7747EA9B0746EAA4
:1077D0000B165A404FEA4A637E4043EADB134FEAF6
:1077E0004B67029947EADA1773401C1982EA0702CD
:1077F00045EB0202019B41EA0B05019943EA0A03AA
:1078000001EA0A07029903EA080301EA0B063B436F
:1078100005EA090514EB030C45EA060542EB050EE3
:10782000009A009B55691B690999D0E904421B190C
:1078300045EB02025B180A99039C41EB0202059991
:1078400081EA04050699049C4C4007990D4008996B
:107850000C4005994D4006994C4007995B1942EB45
:1078600004028C0B089944EA81448E0B079946EA7E
:1078700081468F0C089947EA81378D0C079945EAB4
:10788000813508996E40CD0507997C4045EA512520
:10789000CF05089947EA51277C401C1985EA06055F
:1078A00042EB050518EB04030A934FEA1E724FEAF8
:1078B0008E7343EA9C034FEA1C7642EA0C124FEAAD
:1078C0008C7747EA9E0746EA0E1682EA03024FEAE1
:1078D0004C6386EA070643EADE13019983EA06034E
:1078E0004FEA4E6749EB050947EADC171C194AEADB
:1078F0000C0382EA070203EA0103029945EB020244
:107900000AEA0C074BEA0E050BEA0E060D403B4354
:10791000E31845EA060542EB05080993009A009B27
:107920009B69D5690599D0E906421B1945EB02020E
:107930005B180699079C41EB0202039981EA040552
:107940000499089C4C400A990D4003994D400499B4
:1079500004EA09044C400A995B1942EB04028F0CBB
:107960008C0B47EA893744EA89444FEA99364FEA53
:1079700099457C40CF0545EA813547EA592746EAD3
:1079800081466E407C404FEAC9551C1945EA512595
:10799000019B099985EA060542EB05051B1905932C
:1079A000029B43EB05030693099B4FEA18721E0FD7
:1079B00042EA03124FEA887343EA91038F0747EACA
:1079C000980746EA08165A404B067E4043EAD81309
:1079D0004FEA486747EAD11773401C194CEA010681
:1079E00082EA070245EB02024EEA080306EA0A06AB
:1079F0000CEA01050EEA0807354303EA0B03611997
:107A000043EA070342EB0303009A0293009B556A83
:107A10001B6A0191D0E9084203991B1945EB020248
:107A20005B1804990A9C41EB0202079981EA04055C
:107A3000089981EA090405990D4006990C400799B7
:107A40004D4008994C4005995B1942EB04028C0BA0
:107A5000069944EA81448E0B059946EA81468F0CCB
:107A6000069947EA81378D0C059945EA81350699D3
:107A70006E40CD0505997C4045EA5125CF05069914
:107A800047EA51277C401C1985EA060542EB0505AB
:107A90001AEB040303934BEB05030493019B019939
:107AA0001E0F029B46EA03161A0F019B42EA0312BD
:107AB000029B9B0743EA91038F0702995A4047EACA
:107AC0009107019B7E404F0647EAD3175B0643EAC6
:107AD000D113734009991B19019C41EA04060299CC
:107AE00082EA070245EB020248EA0104019D099976
:107AF0000D40029906EA0C0608EA01073543009991
:107B000004EA0E045B1944EA070442EB0402D0E9DC
:107B10000A67D1E90A450799A41945EB07056418D6
:107B20000899059E41EB05050A9981EA0607069921
:107B300089EA010603990F4004990E400A994F40C3
:107B4000039986EA0906E41945EB06058E0B0499AC
:107B500046EA814A8E0B03998F0C46EA81460499C6
:107B600047EA813B8F0C039947EA813704997E40AD
:107B7000CF0503998AEA0B0B47EA512ACF050499EE
:107B800047EA51278BEA0707E41986EA0A0645EB1C
:107B90000605170F1CEB04014FEA8276079146EAAF
:107BA00093064EEB05014FEA137C47EA03174FEAB1
:107BB000837E08914EEA920E019977404CEA021CAE
:107BC0005E068CEA0E0C46EAD2164FEA426E8CEA4A
:107BD00006064EEAD31E41EA030C0299341987EADD
:107BE0000E0745EB070741EA020509990CEA010C6B
:107BF000019901EA030602994CEA060601EA020E1F
:107C000005EA0805009945EA0E0514EB060E47EB58
:107C1000050CD0E90C67D1E90C450A99A41945EB8C
:107C20000705039E6418059981EA06070699049ED4
:107C300081EA0606079907EA0107089906EA01069C
:107C4000059987EA0107069986EA0106079949EB33
:107C50000505E41945EB06058E0B089946EA814AAD
:107C60008E0B079946EA81464FEA9149089949EAFD
:107C700081398F0C079947EA813708998AEA090AFE
:107C80004FEAC15907997E4049EA5129CF05089921
:107C900047EA51278AEA07070999E41986EA09069B
:107CA00045EB06054FEA1C7709194FEA8C760991D6
:107CB00046EA9E0648EB050147EA0E174FEA1E7892
:107CC0004FEA8E7949EA9C09774048EA0C184FEA56
:107CD0004E660A9188EA090801994FEA4C6946EA1A
:107CE000DC1688EA060649EADE1943EA0E0834196A
:107CF00008EA010887EA0907029945EB070703EA42
:107D00000E0642EA0C050D4002EA0C09009948EA09
:107D1000060614EB060845EA090547EB0509D0E914
:107D20000E67D1E90E450599A41945EB07056418BE
:107D30000699079E41EB0505039981EA0607049918
:107D4000089E4E4009990F400A990E4003994F40F2
:107D500004994E4009994FEA913A0A99E41945EB82
:107D600006054AEA814A8E0B099946EA81464FEA9E
:107D7000914B0A994BEA813B8F0C099947EA81376D
:107D80000A998AEA0B0A4FEAC15B09997E404BEADD
:107D9000512BCF050A9947EA51278AEA0707E419C8
:107DA00086EA0B0645EB060501994FEA19774FEA7B
:107DB000897646EA98064FEA187A47EA08174FEAA2
:107DC000887B09194BEA990B87EA06074AEA091AE0
:107DD0004FEA48668AEA0B0A05914FEA496B029915
:107DE00046EAD9168AEA06064BEAD81B41EB05019A
:107DF00087EA0B0734194EEA080A45EB07070AEA37
:107E0000030A4CEA09050EEA080615400CEA090BBC
:107E10004AEA0606069145EA0B05A119019147EBCE
:107E200005010291009940310091009C1B49A1423B
:107E300000F140007FF4F2ABCDE91232079B1893BA
:107E4000089B1993099B16930A9B1793059B149300
:107E5000069B03990B9A1593CDE910EC019B1A919F
:107E6000CDE90E8904990C93029B0D931B910CABE9
:107E700002F1400552F8081FD3E90040566809197D
:107E800040EB0600AA42C2E9001003F10803F1D159
:107E900000200DF53D7DBDE8F08F00BF28380208B9
:107EA00030B5034600282ED000240025C3E9004544
:107EB00017A5D5E90045C3E9024517A5D5E9004551
:107EC000C3E9044516A5D5E90045C3E9064516A54D
:107ED000D5E90045C3E9084515A5D5E90045C3E93D
:107EE0000A4515A5D5E90045C3E90C4514A5D5E912
:107EF0000045C3E90E4514A5D5E90045C3E9104581
:107F00000020986430BD0120FCE700BFAFF3008083
:107F100008C9BCF367E6096A3BA7CA8485AE67BB9C
:107F20002BF894FE72F36E3CF1361D5F3AF54FA5C7
:107F3000D182E6AD7F520E511F6C3E2B8C68059BA3
:107F40006BBD41FBABD9831F79217E1319CDE05B5B
:107F50002DE9F8430D4616460446002847D000296F
:107F600045D0836C802B42D800F14C0716B93046BF
:107F7000BDE8F883A36C93B97F2E10D9294620461B
:107F8000FFF7AEFA0028F3D1D4E9003213F580638D
:107F900042F10002C4E900328035803EE6E7C3F1D9
:107FA0008008B04528BFB04603F14B02224405EBE0
:107FB00008094D4516D14344802BA3640ED13946A0
:107FC0002046FFF78DFA0028D2D1D4E9003213F50C
:107FD000806342F10002C4E90032A0644D46A6EB82
:107FE0000806C3E715F8011B02F8011FE1E70120AD
:107FF000BEE7F8B50D46044600285DD000295BD0E9
:10800000836C7F2B58D8D0E900670822E3FB026716
:108010005A1C03448021702AC0E90067826483F8F7
:108020004C100AD90022A36C7F2B39D904F14C01E2
:108030002046FFF755FA0023A3640022A36C772B98
:1080400034D93B0E84F8C4303B0C84F8C53036BAC2
:108050003B0A04F14C0184F8C63084F8C770C4F8B8
:10806000C8602046FFF73CFA294604F14002E37B52
:108070000B70E3894B70E3681B0A8B70E368CB706D
:10808000E37A0B7163894B71A3681B0A08348B7107
:108090002368CB71944201F10801E8D10020F8BDBA
:1080A000591C2344A16483F84C20BCE7591C234489
:1080B000A16483F84C20C1E70120F0E730B5B5B0EA
:1080C000054668461446FFF7EBFE48B90A4668467F
:1080D0002946FFF73DFF18B921466846FFF789FF9B
:1080E00035B030BD2DE9F041FCB00446DDF8088222
:1080F00048A81F460D461646FFF7D2FE202208EB81
:10810000020148A8FFF724FF3246294648A8FFF796
:108110001FFF10A948A8FFF76CFF10A801F010FE80
:1081200010A920A801F08BFD20A9204601F067FDD1
:1081300048A8FFF7B5FE2146202248A8FFF708FF10
:108140003946202248A8FFF703FF3246294648A8AF
:10815000FFF7FEFE694648A8FFF74BFF684601F0AF
:10816000EFFD10AB4246694604F1200002F02AFE02
:108170007CB0BDE8F0818378417802781B0443EA43
:10818000012343EA0200002170470023C0E90033C5
:10819000C0E90233C0E90433C0E90633C0E908335B
:1081A000704700230122C0E90023C0E90233C0E97F
:1081B0000433C0E90633C0E9083370472DE9F047BE
:1081C00053684E688D68CC680F69D1F824A01E44AE
:1081D00093681D44D3681C44136907EB030C4F6973
:1081E000536907EB030E8F69936907EB0308CF69A7
:1081F000D36907EB0309136A0F6A09681F44536ABE
:10820000126853440A44C0E90026C0E90254C0E998
:1082100004CEC0E90689C0E90873BDE8F0872DE9FE
:10822000F74F83688D68CC684E685D40C3685242E2
:108230005C4004EA0203019304690B69634003EAAA
:10824000020E44694B69634003EA020884698B6942
:10825000634003EA0209C469CB69634003EA020A86
:10826000046A0B6AD0E900C7634003EA020B446A60
:108270004B6A09687E4063408CEA01011640154054
:10828000134011408268019C5540C268856054408B
:108290000269C46082EA0E020261426981EA0C014D
:1082A00082EA08027740016047604261826982EA9F
:1082B00009028261C26982EA0A02C261026A82EA32
:1082C0000B020262426A5340436203B0BDE8F08F82
:1082D0002DE9F04F8BB00B68019304684B68019D4A
:1082E000029384EA050A8B684468029D039384EA3A
:1082F0000509CB688468039D049384EA05080B692B
:10830000C468049D059384EA050E4B690469059DC4
:1083100006938B69079384EA050CCB69069D446933
:1083200008930B6A099384EA05074B6A8469079DE1
:10833000DDF824B084EA0506C469089D6540046A36
:1083400084EA0B04D0F824B052428BEA030B0AEA09
:10835000020A09EA020908EA02080EEA020E0CEA19
:10836000020C17401640154014400BEA0202D0F8E8
:1083700000B08BEA0A0BC0F800B0D0F804B08BEA6A
:10838000090BC0F804B0D0F808B08BEA080BC0F8AD
:1083900008B0D0F80CB08BEA0E0BC0F80CB0D0F8D7
:1083A00010B08BEA0C0BC0F810B0D0F814B08BEA08
:1083B000070BC0F814B0D0F818B08BEA060BC0F861
:1083C00018B0D0F81CB08BEA050BC0F81CB0D0F880
:1083D00020B08BEA040BC0F820B0D0F824B08BEAB0
:1083E000020BC0F824B0019880EA0A0008600298E5
:1083F00080EA09004860039880EA080088600498D1
:1084000080EA0E00C860059880EA0C0008610698B2
:10841000474007984F61464008988E61454009984B
:10842000CD61444053400C624B620BB0BDE8F08F0D
:108430002DE9F043D1E90098D1E902E3D1E90476CE
:10844000D1E90654D1E90821C0E90098C0E902E366
:10845000C0E90476C0E90654C0E90821BDE8F0830C
:108460002DE9F04F044608468DB050F8042B0592D4
:108470000D46FFF780FE8B0143EA90630B93830167
:10848000E81D0293FFF777FE4FEA4118430148EADF
:10849000D06805F10A000693FFF76DFE4FEAC10BA5
:1084A000C3004BEA507B05F10D000393FFF763FE19
:1084B00083004FEA810A4AEA907A079305F1140093
:1084C0002B690193FFF757FECF01C30147EA5067BD
:1084D00005F117000893FFF74EFE4FEA41194301DB
:1084E00049EAD06905F11A000493FFF744FE0E0132
:1084F000030146EA107605F11D000993FFF73BFEE4
:10850000810021F07E4121F0030101F18075059A7F
:10851000680E4FF0130CA0FB0C0C831805F07E4581
:1085200005932CBF012000204B1B0A93029B069D44
:1085300013F180720B9B4FEA526143F1000341EA51
:10854000C311491948EB6368029B069102F07E4211
:108550009B1A0B93039B079913F180734BF1000B4C
:108560005A0E42EACB1252180292039A03F07E434B
:108570004AEB6B61D31A0393019B13F180732CBFF9
:10858000012500255A0E42EAC512089D5219019D87
:1085900003F07E4347F1000EEB1A0793049B099FFB
:1085A00013F1807549F100096B0E43EAC913DB1919
:1085B00046EB6969049E05F07E45751B0495059D93
:1085C00015F1007C40F1000B069810F1007702983D
:1085D00048F1000810F1007641F10001019112F11B
:1085E000007505994EF1000E0CF07C4A13F10070F5
:1085F00049F100094FEA9C6CB1EB0A0A0B99C4F8E7
:1086000000A04CEA8B1C1CEB010C0699C4F804C0BA
:1086100007F07C4CB1EB0C0CBF0E0399C4F808C0FA
:1086200047EA88177F180299E76006F07C47CF1B5E
:1086300001992761B60E46EA81160799761805F06A
:108640007C41521AA261AD0E049A666145EA8E150C
:10865000AD1800F07C429B1A2362800E0A9BE561F4
:1086600040EA8910C01860620DB0BDE8F08F2DE9B6
:10867000F04F8246D1E90003A5B0D2E90058089333
:108680008B680193CB6809930B6902934B690A933A
:10869000D1E906930B93D1E908630C939368039394
:1086A000D36805931369069353690D9393690F93E8
:1086B000D3691693136A1893536A1993039B019C09
:1086C0004FF0130B0BFB03FC059B0BFB03F7069B07
:1086D0000BFB03F317930D9B0BFB03F310930F9B03
:1086E0000BFB03F30E93169B0BFB03F30793189BF3
:1086F000DDF81CE00BFB03F2199B0BFB03F3049367
:10870000089B04995B001193099B5B0012930A9BE1
:108710005B0013930B9B5B0014930C9B5B00159306
:10872000119B83FB0131C0FB0531C4FB0231129C5C
:10873000C4FB0E31029CDDF838E0C4FB0E31139C03
:10874000DDF840E0C4FB0E31179CC9FB0431149CDA
:10875000C4FB0731159C0BFB08FEC6FB0C31C4FBA8
:108760000E31CDE91A31089B019C049985FB033E2B
:10877000C0FB083EC1FB043E099C0299C2FB043EBB
:10878000079CC4FB013E0E990A9CC1FB043E109954
:108790000B9CC1FB093E1799C1FB043E0C99049C3C
:1087A000C7FB063ECCFB013ECDE91C3E119B039965
:1087B00088FB033CC0FB013C0199C5FB013C1299BD
:1087C000C4FB013C0299139CC2FB013C0799C1FB0D
:1087D000043C0E99C1FB093C1099149CC1FB043C5C
:1087E0001799049CC1FB063C1599C7FB013CCDE9D8
:1087F0001E3C0899039B83FB01370599C0FB013799
:108800000199C8FB01370999C5FB01370299C4FBDF
:1088100001370A990B9CC2FB01370799C1FB093745
:108820000E99C1FB043710990C9CC1FB06371799B0
:10883000C1FB043717931199059B209783FB0173A4
:108840000699019CC0FB01730399C1FB0473129943
:10885000049CC8FB01730299C5FB01731399C4FB07
:1088600001730799149CC2FB0973C1FB04730E9931
:10887000159CC1FB06731099C1FB04730699089CF3
:10888000109781FB047C0D99019CC0FB017C05992C
:10889000C1FB047C0399099CC1FB047C02990C9CDC
:1088A000C8FB017C0A99C5FB017C0499C1FB097CCA
:1088B0000B99C2FB017C0799C1FB067C0E99C1FB99
:1088C000047C0D99119C0E9781FB047E0F99019CED
:1088D000C0FB017E0699C1FB047E0599129CC1FB79
:1088E000047EDDE90241C1FB047E1399049CC8FBB0
:1088F000017E1499C5FB097EC4FB017E0799159C76
:10890000C2FB067EC1FB047E0F99089CCDF884E073
:10891000079781FB047E1699019CC0FB017E0D998F
:10892000C1FB047E0699099CC1FB047E0599029C4B
:10893000C1FB047E03990A9CC1FB047E0B99019C38
:10894000C8FB097EC5FB017E0499C1FB067E0C991C
:10895000C2FB017E1199169ACDE9227E82FB012786
:108960001899C0FB01270F99C1FB04270D99129C90
:10897000C1FB04270699029CC1FB04270599139C9F
:10898000C1FB04270399C1FB09271499049CC8FB68
:1089900001271599C5FB0627C4FB012711920899E9
:1089A000189A82FB01241999C0FB01241699019899
:1089B000C1FB0024104609990F9AC2FB01040D9ACD
:1089C0000299C2FB01040A99069AC2FB0104059AA6
:1089D0000B99C2FB0904039AC2FB01040C9A1A9971
:1089E000C8FB0604C5FB02041A9A0E9D12F100761C
:1089F0001B9ACDE9080442F10000B40E1C9A44EA27
:108A00008014A4181D9A06F07C4642EBA062891BD4
:108A10000A911B9961EB00010B91109911F1007102
:108A200043F10006880E40EA86104019109D01F0BF
:108A30007C414CEBA66C691A63EB060314F180765B
:108A40001E9D42F100024FEA566E4EEAC21E1EEB18
:108A5000050504951F9D06F07E4645EB6262A41B4A
:108A60000C9410F18074079D4CF1000C660E46EAE0
:108A7000CC1675190595219D04F07E4445EB6C6C70
:108A8000001B0D900498179C089D10F10070019038
:108A900042F10002800E40EA8210001906902098F0
:108AA000229C40EBA262059810F1007002904CF1FC
:108AB000000C800E40EA8C100019239C44EBAC6C37
:108AC000069C14F18074039442F10002640E44EA9F
:108AD000C214641843EB626310F18079119A4CF16F
:108AE000000C4FEA596141EACC11891847EB6C6CD4
:108AF00014F1007743F1000311F100784CF1000C00
:108B00004FEA9862079342EA8C12099B521943EB91
:108B1000AC6C12F1807E4CF1000C4FEA5E650A9B52
:108B200045EACC15A5FB0B65F6184FEA6C6C0B9B60
:108B30000BFB0C5545EB030516F1007C0C9B45F136
:108B400000050CF07C4B4FEA9C6C4CEA851CB6EBA4
:108B50000B061CEB0305019BCAF8045003F07C458F
:108B6000049BCAF800605D1B039BCAF8085003F021
:108B70007E45069B5D1B079BCAF80C5007F07C45A1
:108B8000BF0E47EA83170D9B641BFF18029BCAF8B0
:108B90001040059CCAF8147009F07E4908F07C4822
:108BA0000EF07E4E03F07C43E31AB0EB0900B1EB0C
:108BB0000801B2EB0E02CAF81830CAF81C00CAF855
:108BC0002010CAF8242025B0BDE8F08F2DE9F04F21
:108BD0006C4B0A68CC684D688BB082FB03820392B1
:108BE00084FB034204924A6982FB03E20592CA694C
:108BF00082FB032601924A6A069682FB039219F1D0
:108C0000807C42F100024FEA5C664FF0130B46EAAB
:108C1000C216A6FB0B6A52160BFB02AA16EB080241
:108C20000292039A85FB03570CF07E4C4AEB020A32
:108C3000B9EB0C0215F18076079247F100078A68BC
:108C40004FEA566C4CEAC71C06F07E467F16C2FB04
:108C500003C7AA1B0892049ACDF80CC014F18075C2
:108C600042F10006B9460A696F0E47EAC61705F0D9
:108C70007E457616C2FB0376621B0992059A04971D
:108C80001EF1807842F100044FEA58658A69096A4A
:108C900045EAC4156416C2FB0354019A059508F011
:108CA0007E48BEEB080812F1807E069A4FEA5E65A8
:108CB00042F1000245EAC2155216C1FB0352019B64
:108CC0000EF07E4EB3EB0E0E029B13F1007C039B65
:108CD0004AF1000A13F1007749F100030193049B64
:108CE000AB4613F10075059B46F1000613F10071C8
:108CF00044F100041BF1007342F100020692029A53
:108D00000CF07C49B2EB09094FEA9C6C089AC0F858
:108D100000904CEA8A1C1CEB020C039AC0F804C0B9
:108D200007F07C4CB2EB0C0C019AC0F808C0BF0EE7
:108D300047EA8217099ABF18C760049A05F07C4772
:108D4000AD0E45EA8615D71B15EB0805059A45615A
:108D500001F07C45890E41EA8411551B11EB0E018F
:108D6000069AC16103F07C419B0E43EA8213079A85
:108D70000761BBEB01019B188561016243620BB087
:108D8000BDE8F08F42DB01004B682DE9F041C3F1F3
:108D9000000E8B68CF680E694D698C69C3F1000CB9
:108DA000CB69C3F100080B6A5A424B6A09687F42DB
:108DB00076426D4264425B424942C0E9001EC0E90E
:108DC00002C7C0E90465C0E90648C0E90823BDE858
:108DD000F0812DE9F04F0A468246D2E9024097B071
:108DE0004FF0260C0690D2E904B00190D2E906E0DB
:108DF0000390106A526A089262000592069A039ED6
:108E00000490520000924FEA4B020C92019A5200D9
:108E10000292039A0CFB06F75200049E0992D1E9D4
:108E20000013132202FB06F8089E079302FB0EF0C4
:108E3000019A5D000CFB06F60CFB02F385FB062C89
:108E4000C1FB012C4FEA410961464FEA440CCCFBBF
:108E50000821DDF800C0CCFB07214FEA4B0CCCFB0E
:108E600000219446019AC2FB03C1CDE90AC1079BC8
:108E7000009984FB06C2C9FB03C2C1FB08C2029968
:108E8000CBFB07C2C1FB00C2CDF834C0009983FB05
:108E9000053CC9FB043CC1FB063C4FEA4B01C8FB47
:108EA000013C0299C1FB073C1946CEFB001CCDE9F1
:108EB0000E1C069984FB0530C9FB01300299CBFBDF
:108EC0000630C1FB08301946CEFB0710CDE9101063
:108ED000009985FB0103C9FB0B030299C4FB040342
:108EE0004FEA4E0CC1FB06030399C8FB0C03C1FB00
:108EF0000703019907908BFB0540C9FB0140DDE9A1
:108F00000571C1FB07400999CEFB0640C1FB084033
:108F10000299129485FB014CC9FB0E4C0699CBFBC0
:108F2000074C009FC1FB074C0999C1FB064C0499F3
:108F3000C1FB084C039906948EFB0547DDF81480AD
:108F4000C9FB01470199C1FB08470099CBFB0147C9
:108F50000499C1FB0647CDE913470999029C85FB9B
:108F600001780499C9FB01780599CEFB0178009935
:108F7000C1FB04780899059CCBFB0B78C1FB0678F4
:108F80000499099781FB05650899CDF85480C9FBC0
:108F900001650399C1FB046500990C9CCEFB01653A
:108FA0000199C1FB04650A99089611F100770B99A4
:108FB000129CAE464FEA976641F100050D9946EACC
:108FC000851676180A9907F07C4742EBA562B1EB4B
:108FD000070B0B9961EB05010A91079911F10071DB
:108FE00043F100078D0E45EA87152D19079C01F006
:108FF0007C4140EBA760611A63EB070316F18077B1
:109000000E9C42F100024FEA576848EAC21818EB7A
:10901000040403940F9C07F07E4744EB6262F41B48
:1090200015F1807640F100000794770E069C47EA20
:10903000C0173C1906F07E464CEB606CA81B0494EC
:109040000B900398109C159D10F10070009042F158
:109050000002800E40EA8210001905901198139CBE
:1090600040EBA262049810F1007001904CF1000CEA
:10907000800E40EA8C100019149C44EBAC6C059CEB
:1090800014F18074029442F10002640E44EAC214A6
:10909000641843EB626310F18079099A4CF1000C7B
:1090A0004FEA596141EACC11891845EB6C6C14F117
:1090B000007743F1000311F10078089D06934CF10D
:1090C000000C4FEA986242EA8C1252194EEBAC6CDB
:1090D00012F1807E4CF1000C4FEA5E65132345EAE5
:1090E000CC15A5FB03654FEA6C6C03FB0C550A9B82
:1090F00016EB0B0645EB030516F1007C079B45F1CB
:1091000000050CF07C4B4FEA9C6C4CEA851CB6EBDE
:109110000B061CEB0305009BCAF8045003F07C45CA
:10912000039BCAF800605D1B029BCAF8085003F05D
:109130007E45059B5D1B069BCAF80C5007F07C45DD
:10914000BF0E47EA83170B9B641BFF18019BCAF8ED
:109150001040049CCAF8147009F07E4908F07C485D
:109160000EF07E4E03F07C43E31AB0EB0900B1EB46
:109170000801B2EB0E02CAF81830CAF81C00CAF88F
:109180002010CAF8242017B0BDE8F08F30B5A9B080
:10919000044668460D46FFF71CFE69460AA8FFF71D
:1091A00018FE0AA90846FFF714FE0AAA2946104627
:1091B000FFF75DFA0AAA69466846FFF758FA69465A
:1091C00014A8FFF706FE0AA9084614AAFFF74FFAEB
:1091D0000AA914A8FFF7FDFD042514A90846FFF706
:1091E000F8FD013DF9D10AAA104614A9FFF73FFA8C
:1091F0000AA914A8FFF7EDFD092514A90846FFF7F1
:10920000E8FD013DF9D114A908460AAAFFF72FFA93
:1092100014A91EA8FFF7DDFD13251EA90846FFF7B8
:10922000D8FD013DF9D114AA10461EA9FFF71FFA77
:1092300014A90846FFF7CDFD092514A90846FFF734
:10924000C8FD013DF9D10AAA104614A9FFF70FFA8B
:109250000AA914A8FFF7BDFD312514A90846FFF798
:10926000B8FD013DF9D114A908460AAAFFF7FFF994
:1092700014A91EA8FFF7ADFD63251EA90846FFF738
:10928000A8FD013DF9D114AA10461EA9FFF7EFF978
:1092900014A90846FFF79DFD312514A90846FFF7DC
:1092A00098FD013DF9D10AAA104614A9FFF7DFF98C
:1092B0000AA90846FFF78DFD04250AA90846FFF70D
:1092C00088FD013DF9D16A460AA92046FFF7CFF98A
:1092D00029B030BD2DE9F04F97B00A6902924A6972
:1092E0000392D1E906A2D1E9026705920A6A0692C1
:1092F0004A6A0892720007927A000992029ADDF88F
:1093000014C0019052000A92039A52000492059AE6
:10931000262000FB0CF85200DDF818C00B92D1E9B2
:109320000053132202FB0CF9DDF820C002FB0AF403
:10933000039A00FB0CFB4FEA430E50438EFB0B2CB1
:10934000C5FB052C690065464FEA460CCCFB092598
:109350004FEA470CCCFB0825DDF828C0CCFB0425E0
:109360009446039AC2FB00C586FB0B20CDF838C09B
:10937000C1FB03204FEA470CCCFB0920DDF808C0F5
:10938000CCFB08209446049AC2FB04C083FB0E3237
:10939000CDF83CC0C1FB06324FEA470CCCFB0B3288
:1093A000DDF828C00C90C9FB0C32DDF810C0029823
:1093B000CCFB08329C46CAFB04C2CDF840C0029CDC
:1093C00086FB0E3CC1FB073CC4FB0B3C049CC4FB6E
:1093D000093C1C46CAFB084C11947C008EFB0434EB
:1093E000C1FB00340498C6FB0634C0FB0B344FEAC3
:1093F0004A00C9FB003405981E46C0FB0864029869
:10940000129680FB0E630398C1FB00630798C7FBAD
:1094100000630B98CAFB0B63C0FB096304980D93B0
:109420001396079B8EFB00680298C1FB0A68C0FB7D
:1094300003687800C7FB00680B984746C0FB0B67C2
:109440000698C0FB0967059814968AFB0E68C1FB55
:1094500000680398DDF82490C0FB03680298C0FB05
:1094600009680698C0FB0B6815960B988EFB009652
:109470000698C1FB0096CAFB03960998049BC0FBA3
:1094800003960298109BC0FB00960898C0FB0B96B1
:109490000698CDF8089080FB0EE90898C1FB00E91A
:1094A00049460598DDF81C90C0FB09E10998DDF8F4
:1094B0002890CAFB00E10398DDF84CA0C0FB09E14D
:1094C0000E98F14610EB000E0F986D4110EB000B5B
:1094D0000C984041DB180393119B5241DB184CEB75
:1094E0000C0CCDF81CC0DDF848C006931CEB0C0C2E
:1094F0000D9B64411AEB0A0A5B410493149BDB1831
:109500000593159B7F41DB180B93029B0A9748EB51
:109510000808DB1876410C930D9619EB09060E9698
:1095200049411EF1007645F100070F91B10E41EA65
:10953000871111EB0B0106F07C4640EBA760BEEBF8
:10954000060B65EB070508951CF1007544F1000654
:10955000AF0E049BDDF80CE047EA861717EB0A070D
:1095600005F07C4543EBA663BCEB050564EB060602
:1095700011F1807440F100004FEA546C4CEAC01CB9
:109580001CEB0E0C04F07E4442EB6062091B099157
:1095900017F18071059CCDF810C043F10003480E0F
:1095A00040EAC310001905900A9801F07E4140EB93
:1095B000636C791A0A91049911F10071029142F1D8
:1095C00000028B0E069943EA82135B1807990693F3
:1095D00041EBA26205990B9B11F100714CF1000C5B
:1095E000880E039140EA8C100699C01848EBAC6CC9
:1095F00011F1807A42F100034FEA5A6444EAC3143D
:10960000641946EB636310F180790C9A0D9D4CF15F
:10961000000C4FEA596141EACC11891845EB6C6C9A
:1096200014F1007743F1000311F100780E9D0793C8
:109630004CF1000C4FEA986242EA8C1252190F9DCD
:1096400045EBAC6C12F1807E4CF1000C4FEA5E658C
:10965000132345EACC15A5FB03654FEA6C6C03FBAD
:109660000C55089B16EB0B0645EB030516F1007C29
:10967000019B0CF07C4B45F10005B6EB0B061E6020
:109680004FEA9C6C099B4CEA851C1CEB0305019B73
:109690005D60029B03F07C45049B5D1B019B9D600C
:1096A000069B0AF07E4AB3EB0A05019BDD6007F0DA
:1096B0007C45641B1C61079B059CBF0E47EA831712
:1096C0000A9BFF18019B5F61039B03F07C43E31A35
:1096D00009F07E49019C08F07C480EF07E4EB0EB0C
:1096E0000900B1EB0801B2EB0E02A361E061216257
:1096F000626217B0BDE8F08F2DE9F04753684E68FD
:109700008D68CC680F69F61A9368ED1AD368A4EBDC
:10971000030A13694C6AA7EB030C4F695369A7EB63
:10972000030E8F699369A7EB0308CF69D369A7EB91
:109730000309136A0F6A0968FF1A536A1268E31A69
:109740008A1AC0E90026C0E9025AC0E904CEC0E97D
:109750000689C0E90873BDE8F0870B462DE9F0479C
:10976000D3E90892D1E9008E4FF0130AD3E90476C9
:10977000D3E906540AFB02F3D1E902C103F1807375
:1097800008EB63630EEBA3630CEB636301EBA36372
:1097900007EB636306EBA36305EB636304EBA3636F
:1097A00009EB636302EBA3635B160AFB03880EEB12
:1097B000A86E0CEB6E6C01EBAC6107EB616706EB1E
:1097C000A76605EB666504EBA56428F07C4809EB09
:1097D000646929F07C4302EBA9624FEA28292EF044
:1097E0007E4E80F801904FEA284980F802904FEAB7
:1097F0008E0980F8008049EA186880F803804FEAF3
:10980000AE182CF07C4C80F804804FEAAE3880F81B
:1098100005804FEACC0848EA9E5E80F806E04FEAF1
:109820006C1E21F07E4180F807E04FEA6C3E80F824
:1098300008E04FEA411E4EEA5C5C80F809C04FEA3E
:10984000E10C80F80AC04FEAE12C80F80BC04FEA27
:10985000871C4CEAD1410173C7F3970126F07E467D
:109860004173C7F38F218173311225F07C45417418
:1098700031148174690041EA1661C174E91124F060
:109880007E440175C7F38747E913C77306744175B2
:10989000E10041EAD55181756111C175611301760D
:1098A000190141EA54514176191122F07E42817624
:1098B0001913C176910141EA13530377931043774B
:1098C000931292148377C277BDE8F08700B589B010
:1098D00001466846FFF741FF9DF8000000F00100D7
:1098E00009B05DF804FB70B504460D461646FEF758
:1098F00096FC324605F1280104F12800FEF78FFCA2
:10990000324605F1500104F15000BDE87040FEF709
:1099100086BC00002DE9F0470646D4B29EB0D70FB2
:1099200006F1280A04EAE2728846A4EB420406F132
:109930005009FEF736FC5046E4B2FEF732FC4FF415
:109940007075484605FB08F5FEF71FFCDFF8D88068
:1099500084F00102B2FA82F208EB050130465209A6
:10996000FFF7C1FF84F0020205F17801B2FA82F23A
:10997000414430465209FFF7B6FF84F0030205F177
:10998000F001B2FA82F2414430465209FFF7ABFFD0
:1099900084F0040205F5B471B2FA82F24144304613
:1099A0005209FFF7A0FF84F0050205F5F071B2FA45
:1099B00082F2414430465209FFF795FF84F00602D7
:1099C00005F51671B2FA82F2414430465209FFF7AA
:1099D0008AFF84F0070205F53471B2FA82F241443D
:1099E00030465209FFF77FFF84F0080205F55271F7
:1099F000B2FA82F2520941443046FFF774FF5146F1
:109A00006846FEF715FD31460AA8FEF711FD4946E6
:109A100014A8FFF7B9F93A4669463046FFF763FFE5
:109A20001EB0BDE8F08700BF283802082DE9F043DA
:109A3000054601F128088BB005F128060C461746AB
:109A40000A464146FEF7BAFB22464146304605F13A
:109A50005008FFF751FE3A4629464046FEF707FEFA
:109A600005F1780907F1280231463046FEF7FFFD7F
:109A700004F1780207F150014846FEF7F8FD04F1C1
:109A8000500211466846FEF799FB32464146284689
:109A9000FFF732FE324641463046FEF78FFB4A461C
:109AA00069464046FEF78AFB4A4669464846FFF744
:109AB00023FE0BB0BDE8F083F8B501F178070C4642
:109AC00005463A4604F15006FEF7D1FD324604F150
:109AD000280105F12800FEF7CAFD3A46314605F196
:109AE0005000BDE8F840FEF7C2BD2DE9F0410C463C
:109AF00001F178080546424604F1280604F15007B2
:109B0000FEF7B5FD3A46314605F12800FEF7AFFDF8
:109B10004246394605F15000FEF7A9FD324621467E
:109B200005F17800BDE8F041FEF7A1BD2DE9F04355
:109B300004460E468BB004F1500506F12809FFF7E4
:109B400048F904F1780849462846FFF742F904F13C
:109B5000280706F150014046FFF7BCFB4A46314654
:109B60003846FEF72BFB39466846FFF732F92246A6
:109B700029463846FEF722FB224629462846FFF7AB
:109B8000BBFD3A4669462046FFF7B6FD2A464146E8
:109B90004046FFF7B1FD0BB0BDE8F08310B50446B9
:109BA000FEF7F3FA04F12800FEF7FBFA04F1500087
:109BB000FEF7F7FA04F17800BDE81040FEF7E5BAC9
:109BC00038B504460D46FEF733FC05F1280104F1D3
:109BD0002800FEF72DFC05F1500104F15000BDE80E
:109BE0003840FEF725BC10B59EB004466846FFF726
:109BF000E7FF69462046FFF799FF1EB010BD30B55C
:109C00009FB004460D4668465031FFF7BFFA6A46DA
:109C100029460AA8FEF72BFD6A4605F1280114A87B
:109C2000FEF725FD14A92046FFF797FD0AA8FFF7C8
:109C30004DFEE37F83EAC013E3771FB030BDF0B57C
:109C4000F5B06A464D1E04461F311346164615F8F8
:109C5000010F00F00F078D424FEA10101F7058706F
:109C600003F10203F3D10025294692F900300B4499
:109C7000DBB203F1080141F30311C8B20135A3EBD4
:109C800000133F2D02F8013BEFD196F83F30184406
:109C900086F83F002046FFF781FF012572576910C3
:109CA0002EA8FFF737FE2EAA21464CA8FFF7BEFECE
:109CB00002354CA92046FFF718FF412DEED1214671
:109CC0004CA8FFF790FF4CA910A8FFF7F5FE10A9CC
:109CD0004CA8FFF72BFF4CA910A8FFF7EDFE10A929
:109CE0004CA8FFF723FF4CA910A8FFF7E5FE10A929
:109CF0004CA8FFF71BFF4CA92046FFF7F6FE0025F6
:109D0000725769102EA8FFF705FE2EAA21464CA80F
:109D1000FFF78CFE02354CA92046FFF7E6FE402DEA
:109D2000EED175B0F0BD8378417802781B0443EA28
:109D3000012343EA020000217047006800217047B8
:109D40002DE9F04F9DB08346FFF7EDFFC0F31403FC
:109D50000BF102000B93FFF7F0FFC0F354130BF16C
:109D600005000C93FFF7DFFFC0F394030BF107002E
:109D70000D93FFF7E2FFC0F3D4130BF10A00099330
:109D8000FFF7DBFFC0F314130BF10D000A93FFF78D
:109D9000CAFFC0F354030BF10F000E93FFF7CDFF82
:109DA000C0F394130BF112000893FFF7BCFFC0F34C
:109DB000D4030BF115000793FFF7B5FFC0F31403AD
:109DC0000BF117000F93FFF7B8FFC0F354130BF11B
:109DD0001A000593FFF7A7FFC0F394030BF11C00D3
:109DE0000693FFF7AAFFC0F3D4160BF11F00FFF78D
:109DF000A4FFC0F314170BF12200FFF794FFC0F388
:109E000054080BF12400FFF798FFC0F394190BF1ED
:109E10002700FFF788FFC0F3D40A0BF12A00FFF7F1
:109E200082FFC0F314030BF12C000393FFF785FFAF
:109E3000C0F354130BF12F001093FFF774FFC0F31E
:109E400094030BF131000193FFF777FFC0F3D413B4
:109E50000BF134000293FFF770FFC0F314140BF101
:109E60003700FFF760FFC0F354030BF13900FFF731
:109E700064FFC0F394120BF13C00FFF75EFFDFF8C4
:109E800048E3C00840EA4170CD08A0FB0EC11CEBBE
:109E9000060C0EFB051141F100011191CB498E46D4
:109EA000A0FB0161F6190EFB0511C94F129641F195
:109EB00000011391A0FB076116EB0806DFF814837D
:109EC0001496C0F1000608FB056E07FB0511A0FB08
:109ED000088741F1000118EB0909CDF854904EEBC9
:109EE0000709CDF85890DFF8F092A0FB09E709FBCD
:109EF00005771EEB0A0ACDF85CA047F1000ACDF801
:109F000060A0DFF8D8A2039FDFF8BCE20AFB056679
:109F1000A0FB0A05C019039046EB050004900698C3
:109F2000119DA2FB0E7A3F18A848A2FB00694AF1D6
:109F3000000A16EB0C06DFF898C2129845EB0909E7
:109F4000A2FB0C582818139D0690A24845EB080860
:109F5000149DA2FB000E4019AEEB020E4EEB010E5B
:109F60009D49159DA2FB01C11CEB05051195169D90
:109F700045EB010112919949944DA2FB01C1891A47
:109F8000179A1CEB02021392189A41EB02021492E8
:109F90008D4AA3FB021C059A8918A3FB05254CF1E9
:109FA000000CD2194AEB0507DFF824A2A3FB0AA58F
:109FB0001AEB060A49EB0505864E1595069DA3FB8F
:109FC000069619EB0505A6EB030646EB0806DFF837
:109FD0000882A3FB088918EB00084EEB09001690D5
:109FE0007E48A3FB00E0C01A119B1EEB0303059300
:109FF000129BDFF8D4E140EB030306930F9BA4FB15
:10A000000E0EC018714BA4FB03934EF1000E19EB1A
:10A010000101DFF8BC914CEB030CA4FB09399B1840
:10A0200047EB09070F976B4FA4FB077917EB0A075C
:10A03000DDF854A0A9EB040949EB0A09DFF898A15F
:10A04000A4FB0A2A5219654D119246EB0A0AA4FB99
:10A0500005652D1B16EB08041294169C5A4A45EB15
:10A0600004041594029C079EDDF80880A4FB0245B9
:10A07000A419564E029AA8FB068645F1000518EB76
:10A0800000004EEB0606DFF84881DDF808E0AEFB85
:10A0900008E81EEB010E4CEB080C4E49DDF8088079
:10A0A000A8FB0118C9180F9BA8EB020848EB03088E
:10A0B000494BA2FB0323D71949EB0309474A029BEB
:10A0C000A3FB02230F92029A9B1A07930F9A119BEC
:10A0D000D218079B029243EB0A0ACDF81CA03A4A19
:10A0E000DDF804A0AAFB02A3089A1AEB020A43F1C6
:10A0F00000030893019A354BA2FB0323121945EB89
:10A100000305334C019B0F92A3FB0423121846EB6B
:10A1100003063048019B019CA3FB000310EB0E00DB
:10A12000DFF8B4E0A3EB040343EB0C0CA4FB0E3EFE
:10A130005B1848EB0E01A046284CA8FB048E019C3E
:10A1400018EB0707AEEB040EDDF8208011974EEBFD
:10A1500009091AF580170F9C48F100084FEA575E6D
:10A160004EEAC82E1EEB040E4FEA575745F1000584
:10A170007F050195BAEB07050F95089D65EB08056E
:10A1800012F5801446F100071695650D45EAC725BE
:10A19000640D2D184FEA44544CF1000C101B17901D
:10A1A00066EB070613F5801041F100041896420D86
:10A1B000119E42EAC422400D92194FEA405049EBE9
:10A1C00064571E1A0CE000BF132C0A00182D07005C
:10A1D00067FB090053C6F0FFD11502008390F5FF1D
:10A1E00061EB040119910299119611F580100799FC
:10A1F000029E41F10004430D129943EAC4235B1807
:10A200004FEA5050159908934FEA405041EB645182
:10A21000361A0296079E139B66EB04061296059E5D
:10A2200016F58010069E46F10004460D46EAC42647
:10A2300016EB030A149E109B46EB64560796400DDE
:10A24000059E4005361A0596069E66EB04060696A0
:10A25000039E16F58014049E4FEA545046F1000800
:10A2600040EAC820C0184FEA5454039B4FEA68568E
:10A270004FEA445446F100061B1B1093049B63EB0A
:10A2800008031393019B1EF5801443F100094FEA64
:10A290005458179B48EAC92818EB03031493189BDA
:10A2A0004FEA545443F1000364051593BEEB0403D5
:10A2B0001793019B63EB090915F580144CF1000815
:10A2C000119B4FEA545E4EEAC82E1EEB0303119316
:10A2D0004FEA5454199B4FEA445443EB68532D1BE7
:10A2E00019956CEB080512F5801418931A95029BCA
:10A2F00047F100054FEA545C4CEAC52C1CEB030304
:10A300000193129B4FEA545443EB65536405049345
:10A31000131B1293089B67EB05051B9513F580151E
:10A3200041F10004059B069F6A0D42EAC422D3183E
:10A3300002934FEA5555089BD14A4FEA455547EBE2
:10A3400064575D1B61EB04010691079903951AF5AB
:10A35000801341F10004109D0597590D41EAC42175
:10A3600049194FEA5353139D079F4FEA435345EB57
:10A370006455BAEB0303DFF80CA367EB0404A0FBFE
:10A38000027EA0FB0A8C02FB06EE0E9A0AFB06CCAC
:10A39000DDF83CA0BF184EF1000E18EB0A08CDF80E
:10A3A0003880DDF858804CEB080CCDF83CC0DFF865
:10A3B000D8C2E246A0FB0C8C0AFB06CCDDF85CA000
:10A3C00018EB0A084CEB090CDFF8C092CDF84CC032
:10A3D000C0F1000CCDF8408009FB06C8A0FB099A2B
:10A3E000D044DDF850A019EB0A0ADDF8549048EB90
:10A3F0000908CDF85080DFF898824246A0FB089803
:10A4000002FB0688199A19EB02091A9A48EB02080E
:10A41000A04A02FB06CCA0FB0206119A82181898EB
:10A420000792B4444CEB000C954ACDF820C0DDF8FF
:10A4300028C0A1FB026016EB0C0C02FB050040F1EA
:10A4400000000A908F480246A1FB006002FB050055
:10A45000F21940EB0E00DFF830E211920E9A1590DF
:10A46000A1FB0E60B2180E92884E0F9A0EFB0500EB
:10A4700040EB020237464842A1FB077E06FB050679
:10A480007644DDF840E00F92139A17EB0E0E46EB80
:10A4900002027F4E10923246A1FB067602FB056651
:10A4A000149A17EB0A0A46EB02027A4E139206FB45
:10A4B0000500734A734FA1FB0615284411EB0905EB
:10A4C0001495A3FB025602FB0466099A40EB0800B0
:10A4D0001690AD18A3FB0701DFF8AC81119A46F185
:10A4E000000610EB0C00DDF828C007FB041141EB5F
:10A4F0000C0CA3FB0871BA181192159A08FB0411F1
:10A5000041EB0202614915925F420E9A01FB047908
:10A51000A3FB0118C844DDF83C90891848EB0909F1
:10A52000CDF83890DFF868914A46A3FB099819EBFB
:10A530000E09DDF840E002FB048848EB0E0ECDF872
:10A540003CE0DFF850E1029ADFF83C810EFB047733
:10A55000A3FB0E34274413EB0A04139B099447EB27
:10A5600003030A93464B059CDDF814A0A2FB037E6F
:10A5700003FB04EE0D9B434AFF18029BA3FB02431F
:10A580004EF1000E02FB0A33641943EB06030D93F0
:10A59000029B029EA3FB08532A1808FB0A3343EBD5
:10A5A0000C0A029B05981092DFF8E0C0029ADDF8D1
:10A5B00054805B420CFB0035A2FB0C0C119AAC449E
:10A5C000334D80184CEB080C2A46A6FB0585059EEA
:10A5D00002FB06550E9E029A18EB010145EB060898
:10A5E000059E2C4D05FB0633A2FB052512EB090643
:10A5F0000F9A05962B4443EB0203039E0E93204BC8
:10A60000A6FB0392069E03FB06220C9E19EB06098D
:10A6100042F100030C931B4A039EA6FB0235069EE3
:10A62000DB1902FB0655184F039E45EB0E053A4613
:10A63000A6FB07E7069E02FB06770D9A1EEB0406B3
:10A6400047EB02040D94039C039F0F96DDF818E07E
:10A65000109A66420D4C04FB0E6EA7FB0447A4182B
:10A66000774447EB0A02DFF828E0039FDDF818A0E3
:10A6700010927246A7FB0EE702FB0A770CE000BFC0
:10A68000132C0A00182D070067FB090053C6F0FFC2
:10A69000D11502008390F5FF1EEB000ECDF844E0CB
:10A6A00047EB0C0ECDF84CE0DFF824C3DDF80CE0EE
:10A6B0000CFB0A66AEFB0C0742183E4446EB080151
:10A6C00002920391C34A0199049EC348C34FA1FB60
:10A6D000021C02FB06CC019E0B9AA6FB00E8049E1E
:10A6E000891800FB06880C9A019E4CF1000C1EEBA9
:10A6F000090EDDF8109048EB0208A6FB0726D218D9
:10A7000007FB0966DDF80490049F46EB0506B44D8F
:10A71000C9F1000905FB0793019FA7FB05701844C9
:10A720000F9BFF180D9B40EB03030693019DAD4B60
:10A73000DDF810A01846A5FB03351B1900FB0A55D0
:10A740005446DFF88CA210980AFB0499019CA4FBE4
:10A750000AA44C44DDF8449045EB000513981AEB2D
:10A76000090944EB0004049411F58014CDF8049019
:10A770004CF1000A4FEA545949EACA29640D19EB11
:10A780000E0E4FEA445448EB6A58B1EB04096CEBE7
:10A790000A0C12F58014CDF830C04FEA545146F13E
:10A7A000000C0698CDF82C9041EACC21640DC91913
:10A7B0004FEA445440EB6C50B2EB040966EB0C06D4
:10A7C00013F58012019F0D964FEA525445F1000691
:10A7D000DDF810C0CDF8189044EAC624520DE419F3
:10A7E0004FEA42524CEB665CB3EB020965EB06069E
:10A7F0000F96029ECDF8109016F58013039E149FBD
:10A8000046F100055A0D059E42EAC52292190E9E98
:10A810004FEA535346EB6559029E5B05F61A0596BF
:10A82000039E66EB05060E96099E16F580130A9E9A
:10A8300046F100055E0D46EAC526F6190196169EFC
:10A8400046EB655602965B0D099E5B05F61A099666
:10A850000A9E129FDDF81CA066EB05060A96079E6D
:10A8600016F58015089E4FEA555346F1000643EA57
:10A87000C623DB194FEA55551B9F03934FEA4555F5
:10A8800047EB6657BAEB05050795089D069B65EBF8
:10A8900006061EF5801548F1000A08966E0D46EA78
:10A8A000CA26F61806960D9E049B4FEA555546EBB0
:10A8B0006A566D050D96BEEB050668EB0A0811F5A4
:10A8C000801540F1000E10966E0D46EACE26F31864
:10A8D0000F9E04934FEA555546EB6E566D050F9645
:10A8E0004E1B119660EB0E0614F580114CF100051D
:10A8F000059B1296480D0E9E40EAC520C3184FEAEC
:10A90000515146EB655649050E96661A13966CEB47
:10A91000050612F5801149F100040593480D099BC5
:10A92000149640EAC4200A9EC3184FEA515146EBE0
:10A93000645649050A96561A1593169669EB04064D
:10A940001796019E079BDDF84090254C16F5801266
:10A95000029E4FEA525146F1000041EAC021089E92
:10A96000CB1846EB60561996520D019E189352056E
:10A97000B61A039B0196029E66EB000613F5801142
:10A980004FEA51524FEA51514FEA415147F100000D
:10A9900002965E1A0F4B1A9642EAC02267EB000637
:10A9A0004FEA605E1B96A2FB036703FB0E770B9BCF
:10A9B00009490A48F6180C9B47EB0307A2FB01C3A1
:10A9C0001CEB090C01FB0E33069943EB08030BE06B
:10A9D0008390F5FF132C0A00182D070067FB090070
:10A9E00053C6F0FFD1150200A2FB0059DDF83480F8
:10A9F00003936D1800FB0E99C2F1000A04FB0EA12F
:10AA000049EB0809A2FB044888441199E74B6418F4
:10AA1000129948EB0108A2FB030103FB0E11049BF2
:10AA2000C0180F9B41EB0301E14B03FB0EAAA2FBF5
:10AA300003E25244DDF84CA0149B1EEB0A0E4FEAD1
:10AA4000565A42EB03024AEAC72A039B1AEB0C0A46
:10AA5000C6F3140643EB675309964FEA5A5646EA83
:10AA6000C326761949EB6353750D45EAC3252D19A5
:10AA700048EB63536C0D44EAC324241841EB635143
:10AA8000600D40EAC12010EB0E0042EB6153C4F3AD
:10AA9000140C059ACDF820C0440DDDF838C044EA06
:10AAA000C324A4184CEB6353C0F3140CCDF81CC0A2
:10AAB000600D169ADDF85CC040EAC32080184CEBAC
:10AAC0006353159AC4F3140C410DCDF818C041EA34
:10AAD000C321DDF828C089184CEB6353019AC0F3F9
:10AAE000140C480DCDF814C040EAC320DDF808C0AE
:10AAF00080184CEB6353189AC1F3140C410DCDF838
:10AB000010C041EAC321DDF864C089184CEB6353DF
:10AB10004A0DC0F3140C1A98CDF80CC042EAC322B7
:10AB2000DDF86CC012184CEB6353C1F3140CCDF874
:10AB300008C0510DC2F3140C9E4ACDF804C041EA7E
:10AB4000C321A1FB024C5B1502FB03CC099AA4189C
:10AB5000994AA1FB02E002FB0300984ACAF31407DA
:10AB60004CF1000C1EEB070EA1FB027802FB0388E0
:10AB7000934AC1F10009C6F3140602FB039AC5F318
:10AB8000140540F10000BF19A1FB022648F100089E
:10AB900052190992854A4AEB060AA1FB026502FB9B
:10ABA0000355089AB618824A02FB0399A1FB0213C7
:10ABB000079A45F10005891849EB03034FEA5459F8
:10ABC00049EACC2919EB0E0940EB6C504FEA595C6D
:10ABD0004CEAC02C1CEB070C099A48EB60504FEA7A
:10ABE0005C5E4EEAC02E1EEB020E4AEB60504FEA4E
:10ABF0005E5242EAC022961945EB6055720D42EA58
:10AC0000C522521843EB655306990598550D45EA40
:10AC1000C3256D184FEA635343F10003690D41EA00
:10AC2000C32109184FEA6353049843F100034FEA24
:10AC3000515A4AEAC32A1AEB000A4FEA635343F116
:10AC400000034FEA5A504FEA635840EAC320039B7F
:10AC5000C018C9F3140748F100034FEA5059DDF852
:10AC6000088049EAC32919EB08094FEA635343F105
:10AC700000034FEA595848EAC328019BC4F314045F
:10AC800018EB0308C9F314034FEA14298BF8019059
:10AC90004FEA47198BF8004049EA14448BF8024008
:10ACA000FC08CCF3140C8BF80340FC0A8BF804402E
:10ACB0004FEA8C0444EAD7448BF80540CEF3140ED7
:10ACC0004FEA9C148BF806404FEACE1444EA9C34B9
:10ACD0008BF807404FEA5E04C6F314068BF8084071
:10ACE0004FEA5E248BF80940340144EA5E448BF855
:10ACF0000A403409C2F314028BF80B40340B8BF872
:10AD00000C40941844EA1654C5F314058BF80D4012
:10AD1000D4098BF80E40AC0144EAD2328BF80F20F4
:10AD2000AA08C1F314018BF81020AA0A8BF811208D
:10AD3000CA0042EA9542CAF3140A8BF812204A0963
:10AD4000C0F314008BF813204FEA1A228BF8162058
:10AD5000420142EA1A428BF81720C2088BF81820E9
:10AD6000C20A8BF819209A0042EAD0424FEAC81969
:10AD700049EA93398BF81A209A094FEA5803490B8C
:10AD80008BF81D304FEA58234FEA58488BF81410BF
:10AD90008BF815A08BF81B208BF81C908BF81E30BD
:10ADA0008BF81F801DB0BDE8F08F00BFD1150200E9
:10ADB0008390F5FF132C0A00182D070067FB09008C
:10ADC00053C6F0FF2DE9F04FB9B091460190084607
:10ADD0009B460D46FEF7A7FFC0F31408A81CFEF71C
:10ADE000ACFFC0F35416681DFEF79DFFC0F394043A
:10ADF000E81DFEF7A2FFC0F3D41305F10A00029389
:10AE0000FEF79BFFC0F3141305F10D000393FEF74B
:10AE10008AFFC0F3540305F10F000493FEF78DFF82
:10AE2000C0F3941305F112000593FEF77CFFC0F305
:10AE3000D40305F115000693FEF775FFC0F3140364
:10AE400005F117000793FEF778FFC0F3541305F1DF
:10AE50001A000893FEF767FFC0F3940305F11C0086
:10AE60000993FEF76AFFCB094FEAD01A48464AEA2F
:10AE7000416A1393FEF757FFC0F3140709F102006C
:10AE8000FEF75BFFC0F3541509F10500FEF74BFF19
:10AE9000C0F3940309F107000A93FEF74EFFC0F3D5
:10AEA000D41309F10A000B93FEF747FFC0F3141304
:10AEB00009F10D000C93FEF736FFC0F3540309F1BE
:10AEC0000F000D93FEF739FFC0F3941309F1120040
:10AED0000E93FEF728FFC0F3D40309F115000F937A
:10AEE000FEF721FFC0F3140309F117001093FEF7DA
:10AEF00024FFC0F3541309F11A001193FEF713FF56
:10AF0000C0F3940309F11C001293FEF716FFCB095E
:10AF10004FEAD019584649EA41691493FEF703FFF6
:10AF200015900BF10200FEF708FF18900BF10500D9
:10AF3000FEF7F9FE17900BF10700FEF7FEFE1990E1
:10AF40000BF10A00FEF7F9FE1A900BF10D00FEF767
:10AF5000EAFE1B900BF10F00FEF7EFFE1C900BF1C9
:10AF60001200FEF7E0FE1D900BF11500FEF7DBFE70
:10AF70001E900BF11700FEF7E0FE1F900BF11A0078
:10AF8000FEF7D1FE20900BF11C00FEF7D6FE159ABD
:10AF90008C468646C2F31402A8FB07108B18159343
:10AFA00040F100031693189BA8FB0512C3F354133A
:10AFB0005B18A6FB071042F100025B18239342EBDB
:10AFC00000032493179BC3F394010A9BA8FB03235C
:10AFD0008818A6FB051243F10003401843EB020357
:10AFE000A4FB0721821843EB01031893199B1792C6
:10AFF000C3F3D4110B9BA8FB032388180A9AA6FB62
:10B00000021243F10003401843EB0203A4FB0512B4
:10B01000401843EB0203029AA2FB0721821843EB7C
:10B020000103259226930C9A1A9BA8FB0212C3F3E4
:10B0300014135B180B99A6FB010142F100021B18C7
:10B0400042EB01020A99A4FB01011B1842EB010229
:10B050000299A1FB05011B1842EB01020399A1FB18
:10B06000071013EB010B42EB000319930D9A1B9B86
:10B07000A8FB0212C3F354035B180C99A6FB010151
:10B0800042F100021B1842EB01020B99A4FB0101E3
:10B090001B1842EB010202990A98A1FB00011B1840
:10B0A00042EB01020399A1FB05011B1842EB0102CF
:10B0B0000499A1FB07105B18279342EB0003289328
:10B0C0000E9A1C9BA8FB0212C3F394135B180D99F4
:10B0D000A6FB010142F100021B1842EB01020C9990
:10B0E000A4FB01011B1842EB01020B980299A1FB82
:10B0F00000011B1842EB01020A980399A1FB000111
:10B100001B1842EB01020499A1FB05011B1842EB3D
:10B1100001020599A1FB07105B181A9342EB00038B
:10B120001B930F9A1D9BA8FB0212C3F3D4035B1859
:10B130000E99A6FB010142F100021B1842EB01022D
:10B140000D99A4FB01011B1842EB01020C98029916
:10B15000A1FB00011B1842EB01020B980399A1FB14
:10B1600000011B1842EB01020A980499A1FB00019F
:10B170001B1842EB01020599A1FB05011B1842EBCC
:10B1800001020699A1FB07105B18299342EB00030B
:10B190002A93109B1E99A8FB0332C1F314015B187C
:10B1A0000F99A6FB010142F100021B1842EB0102BC
:10B1B0000E99A4FB01011B1842EB01020D980299A4
:10B1C000A1FB00011B1842EB01020C980399A1FBA3
:10B1D00000011B1842EB01020B980499A1FB00012E
:10B1E0001B1842EB01020A980599A1FB00011B18EC
:10B1F00042EB01020699A1FB05011B1842EB01027B
:10B200000799A1FB07105B181C9342EB00031D93E9
:10B21000119A1F9BA8FB0212C3F354135B181099D9
:10B22000A6FB010142F100021B1842EB01020F993B
:10B23000A4FB01011B1842EB01020E980299A1FB2D
:10B2400000011B1842EB01020D980399A1FB0001BC
:10B250001B1842EB01020C980499A1FB00011B187A
:10B2600042EB01020B980599A1FB00011B1842EB70
:10B2700001020A980699A1FB00011B1842EB01028A
:10B280000799A1FB05011B1842EB01020899A1FBDC
:10B2900007105B182B9342EB00032C93129A209B10
:10B2A000A8FB0212C3F394035B181199A6FB0101DA
:10B2B00042F100021B1842EB01021099A4FB0101AC
:10B2C0001B1842EB01020F980299A1FB00011B1809
:10B2D00042EB01020E980399A1FB00011B1842EBFF
:10B2E00001020D980499A1FB00011B1842EB010219
:10B2F0000C980599A1FB00011B1842EB01020B9869
:10B300000699A1FB00011B1842EB01020A9807995C
:10B31000A1FB00011B1842EB01020899A1FB0501EA
:10B320001B1842EB01020999A1FB07105B181E9341
:10B33000149942EB00034FEADE1E1F934EEA4C6E57
:10B34000A8FB092308FB013312EB0E0E43EBDC12C2
:10B35000129BA6FB03311EEB030342EB0102119982
:10B36000A4FB01011B1842EB010210980299A1FBFA
:10B3700000011B1842EB01020F980399A1FB000189
:10B380001B1842EB01020E980499A1FB00011B1847
:10B3900042EB01020D980599A1FB00011B1842EB3D
:10B3A000010206990C98DDF84CC0A1FB00011B18A6
:10B3B00042EB01020B980799A1FB00011B1842EB1D
:10B3C00001020A980899A1FB00011B1842EB010237
:10B3D0000999A1FB05011B1842EB0102AAFB070119
:10B3E0001B1807FB0C1141EB020C14992D93A6FBC3
:10B3F000093206FB01221299139EA4FB01011B18BE
:10B4000042EB010211980299A1FB00011B1842EBCB
:10B41000010210980399A1FB00011B1842EB0102E5
:10B420000F980499A1FB00011B1842EB01020E9832
:10B430000599A1FB00011B1842EB01020D9806992A
:10B44000A1FB00011B1842EB01020C980799A1FB1C
:10B4500000011B1842EB01020B980899A1FB0001A7
:10B460001B1842EB0102DDE90910A1FB00011B18CA
:10B4700042EB0102AAFB050105FB06111B182093F4
:10B4800041EB020314992193A4FB093204FB01222E
:10B49000029912980A9DA1FB00011B1842EB0102C0
:10B4A00011980399A1FB00011B1842EB01021098AF
:10B4B0000499A1FB00011B1842EB01020F980599AA
:10B4C000A1FB00011B1842EB01020E980699A1FB9B
:10B4D00000011B1842EB01020D980799A1FB000126
:10B4E0001B1842EB01020C980899A1FB00011B18E4
:10B4F00042EB01020B980999A1FB00011B1842EBDA
:10B5000001020A99AAFB010105FB06111B182E93E3
:10B5100041EB02032F93029B14990298A3FB09327B
:10B5200000FB012203991298A1FB00011B1842EBBA
:10B53000010211980499A1FB00011B1842EB0102C2
:10B5400010980599A1FB00011B1842EB01020F980E
:10B550000699A1FB00011B1842EB01020E98079906
:10B56000A1FB00011B1842EB010208990D980B9DED
:10B57000A1FB00011B1842EB01020C980999A1FBE9
:10B5800000011B1842EB01020B99AAFB010105FB0C
:10B5900006111B18029341EB02030A93039B1499B3
:10B5A00003980C9DA3FB093200FB01220499129819
:10B5B000A1FB00011B1842EB010211980599A1FBA8
:10B5C00000011B1842EB010210980699A1FB000133
:10B5D0001B1842EB01020F980799A1FB00011B18F1
:10B5E00042EB01020E980899A1FB00011B1842EBE7
:10B5F00001020D980999A1FB00011B1842EB010201
:10B600000C99AAFB010105FB06111B18309341EBB5
:10B6100002033193049B14990498A3FB093200FBA5
:10B62000012205991298A1FB00011B1842EB0102AF
:10B63000069911980D9DA1FB00011B1842EB010218
:10B6400010980799A1FB00011B1842EB01020F980B
:10B650000899A1FB00011B1842EB01020E98099901
:10B66000A1FB00011B1842EB01020D99AAFB01018D
:10B6700005FB06111B18039341EB02030493059B82
:10B68000149905980E9DA3FB093200FB012206992F
:10B690001298A1FB00011B1842EB010211980799B7
:10B6A000A1FB00011B1842EB010210980899A1FBB5
:10B6B00000011B1842EB01020F980999A1FB000140
:10B6C0001B1842EB01020E99AAFB010105FB0611B2
:10B6D0001B18329341EB02033393069B149906988F
:10B6E000A3FB093200FB012207991298A1FB00017C
:10B6F0001B1842EB0102089911980F9DA1FB000154
:10B700001B1842EB010210980999A1FB00011B18BC
:10B7100042EB01020F99AAFB010105FB06111B1860
:10B72000059341EB02030693079B149A0798109D1B
:10B73000A3FB091300FB0233089A1298A2FB000234
:10B74000091843EB02031198099AA2FB0002091899
:10B7500043EB0203109AAAFB0202091805FB06221A
:10B7600042EB03033593089B089834911499A3FB8B
:10B77000092300FB013309991298A1FB000112185B
:10B7800043EB0103344611992046119CAAFB011694
:10B79000521804FB006646EB0306099B099CA3FBB9
:10B7A0000901149BDDE9127504FB0311129BAAFB2E
:10B7B0000343001907FB053341EB0303369037932E
:10B7C000149B16980AFB03F3AAFB097E09FB0533B9
:10B7D00003EB0E0122911599239D11F5801140F183
:10B7E00000004C0D44EAC02464190794249C4FEADD
:10B7F000515144EB6059159C4905611A23911699E2
:10B80000259C61EB000116911799189811F580118C
:10B8100040F10005480D40EAC5200019269C4FEA7A
:10B82000515144EB6558179C4905611A17911899B5
:10B83000279C61EB0501189119991BF5801541F1C1
:10B84000000A690D41EACA210919289C4FEA555599
:10B8500044EB6A546D050894BBEB05042494199CD1
:10B8600064EB0A0419941A9C14F580151B9C4FEA8A
:10B87000555B44F1000A299C4BEACA2B1BEB0404DC
:10B8800009942A9C44EB6A540B946D0D1A9C6D0527
:10B89000641B1A941B9C64EB0A041B941C9C14F5F7
:10B8A00080151D9C4FEA555A44F1000B2B9C4AEA27
:10B8B000CB2A1AEB04040C942C9C44EB6B540D948F
:10B8C0006D0D1C9C6D05641B1C941D9C64EB0B048E
:10B8D0001D941E9C14F580151F9C4FEA555A44F187
:10B8E000000B2D9C4AEACB2A1AEB04040E944FEA73
:10B8F00055551E9C4FEA45554CEB6B5C641B1E94E2
:10B900001F9C64EB0B041F94209C14F58015219C54
:10B910004FEA555A44F1000B2E9C4AEACB2A1AEB07
:10B9200004040F942F9C44EB6B5410946D0D209CD9
:10B930006D05641B2094219C64EB0B042194029CF4
:10B9400014F580150A9C4FEA555A44F1000B309CBF
:10B950004AEACB2A1AEB04041194319C44EB6B5451
:10B9600012946D0D029C6D05641B02940A9C64EB9D
:10B970000B042594039C14F58015049C4FEA555A3A
:10B9800044F1000B329C4AEACB2A1AEB04040A94D5
:10B99000339C44EB6B5413946D0D039C6D05641B39
:10B9A0000394049C64EB0B042694059C14F5801509
:10B9B000069C4FEA555A44F1000B349C4AEACB2AC4
:10B9C0001AEB04040494359C44EB6B5414946D0DF1
:10B9D000059C6D05641B0594069C64EB0B0412F535
:10B9E000801546F1000B06944FEA555A369C4AEAF8
:10B9F000CB2A1AEB040A4FEA5555379C4FEA4555B6
:10BA000044EB6B54521B159466EB0B06279217F50B
:10BA100080124FEA525B4FEA52524FEA425243EBD6
:10BA20000E03BF1A229A179C4BEAC32B4FEA635EA0
:10BA300062EB03032293079B13F5801349F1000582
:10BA40005A0D42EAC52212191792189A42EB655212
:10BA500018925B0D079A5B05D31A289369EB0503CF
:10BA6000299310F5801348F10004249D5A0D42EAF1
:10BA7000C422521924924FEA5353199A4FEA43535E
:10BA800042EB6452C31A19922A93089A68EB040392
:10BA90002B9311F5801342F100001A9C5A0D42EAD3
:10BAA000C02212191A924FEA53531B9A4FEA43537A
:10BAB00042EB6052CB1A2C93089B1B9263EB000362
:10BAC0002D93099B0B9A1C9813F5801342F10001EA
:10BAD0005A0D42EAC12212181C921D9A42EB615281
:10BAE0001D925B0D099A5B05D31A2E930B9B0D9A41
:10BAF0001E9863EB01032F930C9B13F5801342F107
:10BB000000015A0D42EAC12212180B921F9A209886
:10BB100042EB61521E925B0D0C9A5B05D31A0C939B
:10BB20000D9B63EB01030D930E9B13F580124CF1FB
:10BB30000003510D41EAC32111EB0009219902983C
:10BB400041EB63510891520D0E9952058A1A6CEB24
:10BB5000030C0F9B099213F58012109B4FEA525170
:10BB600043F1000341EAC32109180E912599039876
:10BB700041EB63511F91520D0F9952058A1A0F9292
:10BB8000109A62EB03031093119B13F58012129B22
:10BB90004FEA525143F1000341EAC32109182091B1
:10BBA0002699059841EB63512191520D1199520547
:10BBB0008A1A1192129A62EB030312930A9B139A48
:10BBC00013F5801342F10002590D41EAC221091810
:10BBD00002910699279841EB625105915B0D0A99F4
:10BBE0005B05CB1A2593139B63EB02031393049B12
:10BBF00013F58011149B4FEA515243F1000342EABE
:10BC0000C3221218039246EB63520692490D049A1E
:10BC1000099E4905521A0492149A62EB0303159A7D
:10BC200007931AF5801342F100015C0D229A44EA51
:10BC3000C124E4194FEA535342EB61585B05159A4E
:10BC4000BAEB030362EB0101D34AABFB0250AF191D
:10BC500002FB0E00D14E40EB0C000A90DDF820C034
:10BC6000ABFB065015EB090906FB0E0040EB0C0A76
:10BC7000DFF82CC30F9EABFB0C50AD190F95109D38
:10BC80000E9A0CFB0E0040EB05001090C548CBF15E
:10BC9000000500FB0E5CABFB0060B6181F9A0E9609
:10BCA000604440EB0202DFF800C31492119AABFB30
:10BCB0000C60B2181192129ABC4E0CFB0E0040EBB5
:10BCC00002021292209A06FB0E55ABFB0606821862
:10BCD0000892219ADFF8C8B2354445EB0202099276
:10BCE000AD4A1E9DA4FB026E02FB08EE0B9AB6182D
:10BCF0004EEB050EA94D0F9AA4FB050C05FB08CCD5
:10BD00000A9DC0194CEB050CA4FB0B7517EB09073A
:10BD10000BFB08550A97A34FDDF840B045EB0A0A24
:10BD2000654207FB0859CDF82CA0A4FB077ACA444A
:10BD3000DFF87492BF184AEB0B0A4A46A4FB09B914
:10BD400002FB08990E9A1BEB020B149A49EB0209AD
:10BD5000CDF83890DFF85492119A09FB0855A4FBEE
:10BD60000948A2180F92129A8C4C454445EB0202E6
:10BD70001092894ADDF83480A3FB025902FB019935
:10BD80000C9AAD1849EB08092246A3FB0448A419F4
:10BD9000834E02FB018848EB0E083246A3FB06E601
:10BDA0001EEB000E02FB016646EB0C067D480D966D
:10BDB0005E4200FB016CCDF830E00A9AA3FB000E56
:10BDC000E644DDF82CC080184EEB0C02DFF8D8C139
:10BDD00011926246A3FB0CEC02FB01CC7246D71910
:10BDE0004CEB0A0CDFF8C4A1039A0AFB0166A3FB23
:10BDF0000A3113EB0B0E0E9BCDF828E00E4446EBF8
:10BE000003030B93644BDDF818E0DFF894B1A2FB59
:10BE1000036A03FB0EAA1C9BDDF874E05F4AF61868
:10BE2000039B4AEB0E0ADDF818E0A3FB021302FBAA
:10BE30000E334D1943EB0909039BA3FB0B130A199E
:10BE40000BFB0E3343EB080E039B0E92CDF848E03C
:10BE5000039ADDF818E053495B4201FB0E34A2FB64
:10BE600001180C9ADDF834E08918A0444E4A039C6E
:10BE700048EB0E08DDF818E0A4FB02B402FB0E4408
:10BE8000119A1BEB000B44EB020E4848069C039AE8
:10BE900000FB0433A2FB0020D219034443EB0C0740
:10BEA0000C973D4B049F07980692A7FB037203FB78
:10BEB00000222E9B0498394CFF182F9BDDF81CC0E4
:10BEC00042EB0302A0FB04309B1904FB0C00049E10
:10BED000DFF8CCC00D9340EB0A00DDF81CA00E9BF0
:10BEE000A6FB0C6475190CFB0A4444EB0909049C7D
:10BEF0002C4E1195654206FB0A5CCDF85090A14688
:10BF0000A4FB0646E418129BDFF89CA0664446EBAF
:10BF10000306079BA9FB0A9C0AFB03CC19EB010350
:10BF20004CEB0808CDF848802049DDF81C800E93C2
:10BF300001FB0855DDF81080174BA8FB011C11EB25
:10BF40000B08654445EB0E0ECDF810E0DDF808E077
:10BF5000CDF80C80DDF81480104DDDF814B0DFF85A
:10BF600040C0AEFB031E03FB08EE1A9BDDF86C809D
:10BF7000C9184EEB080EDDF808800D9BA8FB05895B
:10BF800018EB0708029F05FB0B9949EB0209A7FB79
:10BF90000C27D2180CE000BF132C0A00182D070044
:10BFA00067FB090053C6F0FFD11502008390F5FF2F
:10BFB0000CFB0B77DDF808B0029D059B47EB0007F3
:10BFC000DF48CBF1000B00FB03B3A5FB00C0184416
:10BFD000119B1CEB030C149B40EB0303079350468F
:10BFE000A5FB0A35DDF814A01B1900FB0A5545EB2B
:10BFF0000605D44E06FB0ABBDDF808A00E98AAFB86
:10C000000664361812985C4444EB0004029411F55F
:10C0100080144EF1000B4FEA545A4AEACB2A640DC1
:10C020001AEB08084FEA445449EB6B59091B0D9170
:10C030006EEB0B010E9112F5801147F100044FEAEF
:10C04000515E0798DDF80CB04EEAC42E490D1EEB88
:10C050000C0C4FEA415140EB6450511A059167EBCB
:10C060000401079113F5801145F100044A0D029F68
:10C0700042EAC422490D92194FEA415147EB645EEE
:10C08000591A119165EB040112910399069D0C9FB9
:10C090000F9E11F58013049941F10004590D41EAF6
:10C0A000C4215B0D49194FEA435347EB6457BBEB7F
:10C0B000030BCDF80CB0DDF810B06BEB040BCDF832
:10C0C00010B0DDF828B01BF58014DDF82CB04FEA75
:10C0D00054534BF1000543EAC523DDF840B09B19EA
:10C0E0004BEB655BCDF830B0640DDDF828B0259ED4
:10C0F0006405BBEB040BCDF828B0DDF82CB06BEB7E
:10C10000050BCDF82CB0DDF820B01BF58015DDF85F
:10C1100024B04FEA55544BF1000A44EACA24A4194A
:10C120000294DDF84CB0059C4BEB6A566D0DDDF8C2
:10C1300020B06D05BBEB050BCDF83CB0DDF824B0AD
:10C140006BEB0A0B18F58015CDF824B04FEA555A61
:10C1500049F1000B4AEACB2A1AEB040ACDF840A0B9
:10C16000DDF81CA0119C4FEA55554AEB6B5A6D0542
:10C17000CDF84CA0B8EB050A69EB0B0B1CF580154C
:10C1800040F100094FEA555848EAC92818EB04085D
:10C19000CDF84480DDF84880039C4FEA555548EBC4
:10C1A00069586D05CDF84880BCEB0508CDF8508086
:10C1B00060EB090812F580104EF1000C450DCDF82A
:10C1C000548045EACC25DDF810802D194FEA5050F7
:10C1D00048EB6C584005CDF81880B2EB0008039589
:10C1E000CDF868806EEB0C0811F5801547F1000062
:10C1F0000A9CCDF86C806A0DDDF82C8042EAC022E2
:10C200006D0D12194FEA455548EB6058491B0591D1
:10C2100067EB000108910C990F9CCDF81C8013F579
:10C22000801741F10000790DDDF82480049241EA85
:10C23000C0217F0D09194FEA475748EB6055DB1BBA
:10C240000C9F414A029C67EB00002C9FDDF8389060
:10C25000A4FB02C81CEB070C2D9F3C4C02FB06887C
:10C2600048EB0708029FA7FB047E04FB06EE0D9C2B
:10C270003F194EEB090ECDF828E0DDF80890DFF805
:10C28000D0E07446A9FB0E9E19EB0A0904FB06EEEA
:10C29000029CDFF8ACA0CDF82C904EEB0B0ECDF845
:10C2A00030E0C4F1000E0AFB06E9A4FB0AABD94456
:10C2B000DDF840B01AEB0B0BDDF84CA049EB0A0996
:10C2C000CDF83490DDF808A0DFF888904C46AAFB42
:10C2D00009A904FB0699149C1AEB040A159C49EB66
:10C2E0000409184C04FB06EE2646029CA4FB0646F5
:10C2F000B644119EA419129E02944EEB06060996AE
:10C30000A1FB026402FB0544249AB618199A44EB77
:10C3100002020E4C0E922246A1FB044E14EB0C04BA
:10C3200002FB05EE4EEB080EDFF82480CDF83CE072
:10C33000A1FB08EC1EEB070710970A9F0CE000BF5B
:10C3400053C6F0FF8390F5FF132C0A00182D070049
:10C3500067FB0900D1150200DFF850E308FB05CCAC
:10C360004CEB07070A974F420EFB057CA1FB0EE83A
:10C37000C444DDF82C801EEB0808DDF830E04CEBFF
:10C380000E0EDFF82CC3CDF82CE06246A1FB0CECBE
:10C390001EEB0B0BDDF834E002FB05CC4CEB0E0C76
:10C3A000CDF830C0DFF80CC3C34A0CFB0577A1FB06
:10C3B0000C152F4411EB0A050D9547EB0905A3FB5E
:10C3C000027C02FB00CC2A9ABC4911952B9DDFF818
:10C3D000F092DFF8D8A2BF184CEB050CA3FB015E6E
:10C3E000AD190E9E01FB00EE4EEB060EA3FB09619C
:10C3F00032190E920F9A09FB001141EB02025C42C6
:10C400000AFB00460F92A3FB0A19109AB1440A9E38
:10C41000891849EB0602A64E10923246A3FB06A6E7
:10C420001AEB0808DFF88CA2914602FB00660B9A13
:10C430000AFB0044A3FB0A3046EB020613EB0B0396
:10C440000A930C9B9C4ADFF874B2044444EB030348
:10C450000B93049BA3FB024A079B02FB03AA179BB7
:10C46000079AE418189B4AEB030A049BA3FB0B30C2
:10C470000BFB0200DB1940EB0C07049A9048834643
:10C48000A2FB00C0079A1CEB05050BFB02000C95F4
:10C49000049A40EB0E0512958448079DC2F1000CEA
:10C4A00000FB05CEA2FB00050E9A80180F9A75447A
:10C4B00045EB0205CE464A46DDF81090A9FB0EEB8F
:10C4C000DDF81C9002FB09BB109A1EEB010E4BEB32
:10C4D00002097849DDF81CB0049A01FB0BCCA2FBE1
:10C4E00001218C4412EB08014CEB0606724A0E96B1
:10C4F000059E0791A6FB02C1089EDFF8C081DDF80A
:10C5000020B002FB0611289E299A1CEB060C059E02
:10C5100041EB0201A6FB082608FB0B66121946EB4D
:10C520000A04059EDFF898A10F92A6FB0A860AFB73
:10C530000B6618EB0303109346EB07031393059B5D
:10C54000059E0C9A5F42594B03FB0B78A6FB033602
:10C550009B18129ADFF858B10C934644DDF814800A
:10C5600046EB0206089AA8FB0BA80BFB02881AEB05
:10C57000000248EB050514954E48089D129200FBF9
:10C580000577059D4C4AA5FB00052F4410EB0E05D1
:10C59000049547EB09050595039D484FA5FB020946
:10C5A000069D02FB0599239A169D801849EB050903
:10C5B000039DDDF818E0DDF818800F9AA5FB07A5AC
:10C5C0001AEB0C0A07FB0E55DFF8F4C0DDF80CE09F
:10C5D00045EB0105AEFB0C1E0CFB08EEDDF80C80F4
:10C5E00089184EEB040EC8F1000C304CDDF81880B1
:10C5F00004FB08C2DDF80C805B46A8FB0484DDF870
:10C6000040B01444139A18EB0B0844EB0204039A4D
:10C610009B46A2FB0327069B0BFB03770C9BD218C0
:10C6200047EB0607069B234E06FB03CC039BA3FBAD
:10C6300006636344DDF848C016EB0C0C149E43EB14
:10C64000060310F58016039349F1000B730D43EABE
:10C65000CB23760D13EB0A034FEA465645EB6B5599
:10C66000B0EB060A69EB0B0911F580104EF10006DC
:10C67000CDF820904FEA505949EAC629400D19EBF0
:10C6800008084FEA405044EB6654B1EB00096EEBEA
:10C69000060E12F5801147F100004E0DCDF83CE07A
:10C6A00046EAC026DDF80CE00CE000BF53C6F0FF00
:10C6B000D11502008390F5FF132C0A00182D0700F6
:10C6C00067FB0900CDF83090490D16EB0C064FEAD8
:10C6D00041514EEB6059B2EB010ECDF840E067EBF3
:10C6E000000ECDF848E0DDF810E0079FCDF818A067
:10C6F0001EF58012DDF814E04FEA52504EF10001B1
:10C7000040EAC120DDF838E0C0194EEB615A520D05
:10C71000DDF810E003905205BEEB020ECDF81CE0F0
:10C72000DDF814E06EEB010ECDF814E0DDF828E042
:10C730000D981EF58012DDF82CE04FEA52514EF1B3
:10C74000000741EAC721DDF844E009184EEB675EB7
:10C75000CDF810E0520DDDF828E01A985205BEEB36
:10C76000020ECDF828E0DDF82CE06EEB070ECDF8D8
:10C770002CE0DDF808E01EF58017DDF824E04FEA34
:10C7800057524EF1000C42EACC221218DDF86CE050
:10C7900002984FEA57574FEA47574EEB6C5EC01B63
:10C7A0000290099860EB0C0013F5801745F1000B1F
:10C7B00009904FEA575C0C984CEACB2C1CEB00001C
:10C7C0000C904FEA57570F984FEA475740EB6B5082
:10C7D000DB1B65EB0B0B0E9318F5801344F1000780
:10C7E0000D905D0D109845EAC7252818129D0F90F1
:10C7F0004FEA535345EB67555B051095B8EB0305BE
:10C80000119564EB070516F58013079812954FEA0A
:10C81000535449F10005DDF8148044EAC52420187A
:10C820004FEA535348EB65585B05CDF81480B6EBDF
:10C8300003080790CDF84C80039B0A98DDF82C8004
:10C8400069EB050513F5801314954FEA53544AF12B
:10C85000000544EAC524201815904FEA5353039865
:10C8600048EB65585B05CDF82C80B0EB03086AEB0C
:10C8700005051695049DCDF80C8011F5801345F142
:10C880000004580D029D40EAC4204019099D029001
:10C890004FEA535345EB64555B051795CD1A189530
:10C8A000049D65EB040512F580114FEA51534FEAE0
:10C8B00051514FEA41514EF100000495551AE44A96
:10C8C000E449199543EAC0234FEA6058A3FB026785
:10C8D00002FB0877069AE04C6EEB0005B618089A42
:10C8E000DE481A9547EB02070E9DDDF834E0A3FB06
:10C8F00001C201FB08220C991CEB050CA3FB00599B
:10C9000042EB0B0200FB08996D18C3F1000A04FB0F
:10C9100008A149EB0E09A3FB044E8E441199DFF8E0
:10C9200040B30692641812990F9A4EEB010EA3FBC6
:10C930000B018018109A0BFB081141EB0201C94A48
:10C9400002FB08AAA3FB02835344DDF84CA0149A0F
:10C9500018EB0A084FEA565A43EB02034AEAC72A81
:10C96000069A1AEB0C0AC6F314060A9642EB6752B3
:10C970004FEA5A5646EAC226761949EB6252750DBD
:10C9800045EAC2252D194EEB62526C0D44EAC224D1
:10C990002018C5F3140541EB62510995450D45EA90
:10C9A000C12515EB080543EB6152C0F3140C079B3E
:10C9B000CDF820C06C0DDDF814C044EAC224E418A0
:10C9C0004CEB6252039B600DC5F3140B40EAC2208E
:10C9D000169DC01845EB6252159BC4F31405410D1A
:10C9E000079541EAC2210B9DC91845EB6252189B7D
:10C9F000C0F31405480D069540EAC220049DC018F6
:10CA000045EB6252029BC1F31405410D059541EAC5
:10CA1000C221179DC91845EB62524B0DC0F3140596
:10CA20001998049543EAC2231A9D1B1845EB6252DC
:10CA3000C1F314050395580DC3F31405844B0295F7
:10CA400040EAC220A0FB034C521503FB02CC0A9B18
:10CA5000E418804BCAF31407A0FB03E14CF1000C6F
:10CA600003FB02111EEB070E41F100030A937B4BFF
:10CA70000999A0FB037903FB0299774B4542C6F362
:10CA80001406BF1903FB025AA0FB033649F1000943
:10CA90005B1873494AEB060AA0FB016801FB028898
:10CAA000089976186F4901FB0255A0FB010248F175
:10CAB000000810EB0B0045EB0205620D0A9942EAF3
:10CAC000CC2212EB0E0241EB6C514FEA525C4CEA65
:10CAD000C12C1CEB070C49EB61514FEA5C5747EA4C
:10CAE000C127FF184AEB61517B0D43EAC1239B1913
:10CAF00048EB61515E0D46EAC126361845EB61519F
:10CB0000700D079DDDF81480DDF81090DDF80CA0A5
:10CB100040EAC12040194FEA615141F10001450D41
:10CB20004FEA615E45EAC12506996D184EF1000194
:10CB30004FEA555E4EEAC12E1EEB08084FEA6151DE
:10CB400041F100014FEA585E4EEAC12E1EEB090981
:10CB50004FEA615141F100014FEA595E4EEAC12EA0
:10CB60001EEB0A0A4FEA6151C9F3140E41F10001AC
:10CB70004FEA5A5949EAC129029919EB0109019969
:10CB8000C4F314040C70DDF804B0C2F31402210ADB
:10CB90008BF80110510141EA14418BF80210D108C1
:10CBA000CCF3140C8BF80310D10A8BF804104FEA65
:10CBB0008C0141EAD242C7F314078BF805204FEAF3
:10CBC0009C128BF80620FA0142EA9C328BF807206F
:10CBD0007A08C3F314038BF808207A0A8BF809202B
:10CBE0001A0142EA57428BF80A201A09C6F31406C2
:10CBF0008BF80B201A0B8BF80C20B21942EA135356
:10CC0000C0F314008BF80D30F3098BF80E3083015C
:10CC100043EAD6338BF80F308308C5F314058BF83D
:10CC20001030830A8BF81130EB0043EA9043C8F3CD
:10CC300014088BF812306B098BF813304FEA182365
:10CC40008BF816304FEA4E1343EA18430CE000BF4E
:10CC5000132C0A00182D070053C6F0FF67FB0900CC
:10CC6000D11502008390F5FF8BF817304FEADE03F1
:10CC7000CAF3140A8BF818304FEADE238BF8193008
:10CC80004FEA8A0343EADE438BF81A304FEA9A13DD
:10CC90008BF81B304FEAC91E4FEA59036D0B4EEA61
:10CCA0009A3E8BF81D304FEA59234FEA59498BF8C9
:10CCB00014508BF815808BF81CE08BF81E308BF825
:10CCC0001F9039B0BDE8F08FB0F85431B0F8502162
:10CCD000981A00F03F007047B0F85431B0F8502176
:10CCE0009BB293421ABFD0F84831985C4FF0FF30A6
:10CCF000704790F85231B0F85601C0B2834227BF56
:10CD0000C3F13F03C018C01A00F1FF30704707B5E8
:10CD100003688DF807105B6801220DF10701984741
:10CD200003B05DF804FB13B50DF107010446E9F704
:10CD300097FC90B9B4F8C030B4F8BC20013303F0CC
:10CD40003F03934209D0B4F8C020D4F8B4109DF842
:10CD5000070092B28854A4F8C03002B010BD0000A1
:10CD6000B0F8C220D0F8C41011FA82F202F03F02EB
:10CD700010B5A0F8C220B0F8C210B0F8BE2089B239
:10CD80008A421BD0B0F8C240B0F8C210A4B2403200
:10CD9000121B544289B204F03F0402F03F02C1F179
:10CDA000400158BF62428A4228BF0A46C0F8C420E8
:10CDB0000349E9F791FC4FF0FF3010BD0020FCE77C
:10CDC00061CD010803682DE9F0479B680446884659
:10CDD0001646984701232374D4F83831B4F8529199
:10CDE00001338246C9F1400904F1940708D194F84F
:10CDF0005D312BB1002384F85D313846E9F78EFCB4
:10CE0000236820469B6898470028F9D035464D4551
:10CE100023D8554521D8B4F85221D4F84C015319E0
:10CE2000402B10442FD82A46414603F018FCA9464F
:10CE3000B4F852311D4405F03F05A4F8525138466C
:10CE4000E9F7FCFB30B91749C4F858914A4638460F
:10CE5000E9F742FC3046BDE8F087D145236828BF9A
:10CE6000D1464A4641465B6820469847236820469B
:10CE70009B689847A5EB0905C844B4F852918246CF
:10CE8000C9F14009C3E7C2F140094A46414603F0EF
:10CE9000E6FBD4F84C01A5EB090208EB090103F00D
:10CEA000DEFBC5E761CD0108C0F83C31009BC0F84E
:10CEB0004031914208BF4FF0FF3100F11403C0E947
:10CEC0004D21C0F8483100F154020023A0F854313C
:10CED000C0E95323A0F8563170470000F7B54FF46E
:10CEE0007A7317460022C0E901231C4B03604FF000
:10CEF000FF33C0F838311A4B1A4E04469C42B06DCD
:10CF00000D4605D1F36DC4F83831C4F834010AE098
:10CF10001549E9F72DFA854215D1F36DC4F838317A
:10CF2000B36DC4F83431012F4FF0FF3308BFC4F89C
:10CF3000383100932046D4E94D214FF0FF33FFF7FD
:10CF4000B3FF03B0F0BD09492846E9F722FA0649C4
:10CF5000C4F838012846E9F71CFAD6E744B00208BD
:10CF6000A479002058190208E8160208941602084D
:10CF7000037C70B504460D46A3B1E4F713FA0646E8
:10CF8000B4F85221B4F856319BB29A420AD0002D1F
:10CF9000F8D0E4F707FA801B8542F1D8B4F856318F
:10CFA000A4F8523170BD0021FFF7E2BFD0F838314C
:10CFB000013310B504460ED10368DB68984794F836
:10CFC0005D3143B9012384F85D3104F19400BDE87B
:10CFD0001040E9F7B3BB10BD7FB502F00703023B79
:10CFE000DBB2042B0446C0F8601180F85E219CBFC0
:10CFF0001B48C05C02F0300388BF0020302B24D1D6
:10D0000001304FF4C0630738022825D8E67C039628
:10D01000A67C0296C2F3C0025203667C0092114ABB
:10D02000019604F1940552F820202846E9F78AFC7D
:10D0300084F85C0188B12046FFF7B8FF0A4928460A
:10D0400004B0BDE87040E9F727BB12F020031CBF15
:10D0500001304FF48063D6E7FEE704B070BD00BF37
:10D0600034B0020828B0020827CD010810B50446E4
:10D07000FFF79CFFB4F85421B4F8503192B29A42B1
:10D080001FBFD4F84821D05C013303F03F0314BF25
:10D09000A4F850314FF0FF3010BD000002490348A2
:10D0A0000022FFF71BBF00BF00800040A4790020D2
:10D0B00070B505460C46084649B1E4F779F82B6887
:10D0C0000246214628465B68BDE87040184770BD9F
:10D0D00008B5FFF7EDFF08BD03681B68184700009F
:10D0E00008B50249FFF7E4FF08BD00BF68B00208B9
:10D0F00038B50546FFF7DCFF04462846FFF7F0FF8A
:10D10000204438BDFFF7F4BF70B50D46144630B16A
:10D11000461E012E05D811462846E9F72FFE204667
:10D1200070BD03685B689847F9E70EB403B503AABE
:10D1300052F8041B019203F0DFF802B05DF804EB33
:10D1400003B0704730B58BB00023012A0C468DF830
:10D15000243098BF0A2209A92546B4FBF2F404FB47
:10D16000125303F0FF03092B94BF30333733DBB284
:10D17000AA4201F8013DEFD9FFF79AFF0BB030BD8D
:10D180002DE9F04107460E4614462AB90368BDE86A
:10D19000F0411B68C9B218470A2A05D1002905DBEE
:10D1A000BDE8F041FFF7CEBFD2B2F9E72D21FFF77E
:10D1B00093FF2246054671423846FFF7C3FF2844D5
:10D1C000BDE8F08138B50546FFF7DAFF044628468A
:10D1D000FFF786FF204438BD10B5044600F09CFBE5
:10D1E000E060236820465B699847002808DA00F071
:10D1F00093FBE368C01AA3689842F2D34FF0FF3064
:10D2000010BDF8B507460D468E180C46B44201D144
:10D21000601BF8BD3846FFF7DFFF031EF8DB04F89C
:10D22000013BF3E72DE9F0410746884616461D46C7
:10D2300073B100243846FFF7CFFF031E05DB4345DB
:10D2400003D033550134A542F4D12046BDE8F08126
:10D250001C46FAE7114803681A0912F00C0F10B5C2
:10D2600019D10F4902F00F0251F822209AB14168FA
:10D270000C4C03F00F03002954F823300CD0C4BF2A
:10D2800001F1FF314160516901EA030023EA010322
:10D2900043EA0043936110BD9362FCE7B0010020B4
:10D2A00008000020C01A02082DE9FF41364D2A2847
:10D2B0002B680E4614461FD8344A52F8207043B9E2
:10D2C000B420E8F744FB32498046E8F7A7FAC5F8EE
:10D2D0000080781C1DD02F4B1A68511C01D0BA4217
:10D2E00017D1B6F5803F14D20EBB286888B104B0C0
:10D2F000BDE8F041E8F744B800F0C002C02A0BD006
:10D300003BB9B420E8F723FB21490446E8F786FA45
:10D310002C6004B0BDE8F081CB28F1D81E4A00F0A3
:10D320003F0052F82010194A52F82170C7E77600E2
:10D330001F6034B374434FF47A72B4FBF2F40121EA
:10D3400038465C60E8F76EFF286802223146E8F74D
:10D3500003FA00230193114B0093114B03932868A8
:10D36000104B02936946E8F7A1FA029B1BB169468C
:10D37000032208469847286804B0BDE8F041E8F762
:10D38000ECB84FF0FF34DAE7087B002058190208A8
:10D3900000440140B00100202819020855D20108BC
:10D3A0000D5F0008ED5E00082A2838B523D81B4B16
:10D3B00053F820305A1C1DD0194D2A689A4219D1B1
:10D3C000184C2068B0B129B3E8F7ECF92868431C81
:10D3D00005D00021E8F726FF4FF0FF332B602568CA
:10D3E00035B12846E8F720F9B4212846E8F7B3FA22
:10D3F0000023236038BD00F0C003C02BFAD1CB2836
:10D40000F8D8094B00F03F0053F82020034B53F8A5
:10D410002230CFE7BDE83840E7F7B2BF581902081D
:10D42000B0010020087B002028190208C3B22A2B73
:10D4300016D8144A52F8233000F4E06003431A0966
:10D4400012F00C0F1DD1104902F00F0251F822000A
:10D45000B8B103F00F030121994089B2E8F75EBD2E
:10D4600000F0C002C02A0CD1CB2B0AD8074B00F029
:10D470003F0200F4E06053F82220024B53F82230C0
:10D48000DCE7704758190208080000202819020834
:10D4900030B5C3B22A2B85B01CD81B4C54F823409E
:10D4A00000F4E0600443022A28D0032A29D0002A8D
:10D4B0000CBF4FF404154FF488156846E8F7C3F91C
:10D4C0002A4669462046E8F7A3FD6846E7F74FFF7E
:10D4D00005B030BD00F0C004C02C0CD1CB2B0AD855
:10D4E0000A4B00F03F0400F4E06053F82440064B80
:10D4F00053F82440D6E74FF0FF34D4E74FF44415F7
:10D50000DBE74FF40415D8E7581902082819020878
:10D5100008B102F07DBC704710B5044628B102F096
:10D52000A5FC90FBF4F303FB1404204610BD8842D5
:10D5300010B5044603DA081AFFF7EEFF044420464C
:10D5400010BD704708B50320E4F77EFBBDE8084036
:10D5500000F002BA08B5AFF30080EDF7FDF9EDF782
:10D560002FFA00F0EBF9FAE7C1B20B2910B5024629
:10D5700011D8194850F8211002F4E0630B43C9B2E6
:10D580002A2912D8154850F8210003F4E063184303
:10D59000431C10D010BD00F0C003C02B0BD1CB2911
:10D5A00009D80D4802F03F01E4E703F0C004C02CA5
:10D5B00001D1CB2908D9A2F1CC03022B94BF02F6EA
:10D5C00035704FF0FF30E5E703F03F0150F82100E0
:10D5D000024951F82000D8E7281902085819020812
:10D5E0000D488546E8F7F6FE0C480D490D4A002324
:10D5F00002E0D458C4500433C4188C42F9D30A4A08
:10D600000A4C002301E013600432A242FBD302F073
:10D61000F7FFFFF79FFFFEE700000120000000205A
:10D6200034020020C4B2020838020020E87C002046
:10D63000FEE791420FD008D9891A01238B40984206
:10D6400008D30130C8400138704720B10130521A68
:10D650009040F8E70020704710B5FFF785FF431CA6
:10D660000AD0064C2168E8F73BFA054B21681A6896
:10D67000BDE81040FFF7DDBF002010BDB80100205D
:10D68000BC010020C3B22A2B2DE9F0410D462AD857
:10D690002C4A52F8233000F4E0641C43621C4ED044
:10D6A000294EC4F3031704F00F0856F8273023FA65
:10D6B00008F3DB0710D525492046E8F7A4FD18B389
:10D6C0002046E8F7BDF956F82730012202FA08F2A1
:10D6D00023EA020346F82730052D1FD8DFE805F0BE
:10D6E0001F2B2527292D00F0C002C02A27D1CB2BC4
:10D6F00025D8174B00F03F0200F4E06453F82220D5
:10D70000104B53F82230C8E712492046E8F77BFD5A
:10D710000028D8D02046E8F7DFFAD4E7FEE700215A
:10D720002046BDE8F041E8F77DBD1021F8E7202153
:10D73000F6E70321F4E70121F2E70921F0E7BDE86C
:10D74000F08100BF581902080C7B002074180208F1
:10D75000281902083C170208C3B22A2B1BD8174A03
:10D7600052F8233000F4E0601843431C25D003092D
:10D7700013F00C0F04BF124A03F00F0300F00F0068
:10D7800008BF52F823300F4A18BF002352F8202058
:10D7900091B19A61704700F0C002C02A0DD1CB2B25
:10D7A0000BD8094B00F03F0200F4E06053F8222050
:10D7B000024B53F82230D7E79A6270475819020893
:10D7C00008000020C01A020828190208C3B22A2B38
:10D7D0001BD8194A52F8233000F4E0601843431C68
:10D7E00024D0030913F00C0F22D103F00F03134AC6
:10D7F00000F00F0052F82320114B126953F820302B
:10D8000093430CBF01200020704700F0C002C02AE3
:10D810000CD1CB2B0AD80B4B00F03F0200F4E06098
:10D8200053F82220044B53F82230D7E700207047EA
:10D8300000231B69FFDE00BF581902080800002002
:10D84000C01A0208281902082DE9F843C3B22A2B8E
:10D850000C46154610D82D4A52F8233000F4E060EB
:10D860001843000903F00F03012610F00C0F06FA0D
:10D8700003F612D0002715E000F0C002C02A2BD119
:10D88000CB2B29D8224B00F03F0200F4E06053F884
:10D8900022201E4B53F82230E2E71E4B00F00F000F
:10D8A00053F82070002C18BF344600F037F880463B
:10D8B0003B693340A34212D03B693340A34217D1A6
:10D8C00000F02CF881463B693340A34217D000F0AA
:10D8D00025F8A0EB090009E04FF40046CAE700F084
:10D8E0001DF8A0EB0800A842E2D90020BDE8F883AB
:10D8F00000F014F8A0EB0800A842DDD9F5E700F02D
:10D900000DF8A0EB0800A842DDD9EEE7581902088F
:10D910002819020808000020E8F730BAE8F70ABA28
:10D9200038B5044648B1E8F729FA0546FFF709FE7D
:10D93000E8F724FA431BA342F8D338BD08B5044BDB
:10D940002BB10448FFF7C0F908B1AFF3008008BD60
:10D9500000000000A4790020E8F7B6BA430803F0FD
:10D960005533C01A830803F0333300F033301844C2
:10D9700000EB101000F00F3000EB002000EB004037
:10D98000000E70472DE9F047089D0C46002B4ED144
:10D9900094468C458646B2FA82F262D94AB1C2F107
:10D9A0002003914020FA03F30CFA02FC194300FA19
:10D9B00002FE4FEA1C471FFA8CF6B1FBF7F44FEA60
:10D9C0001E4307FB141143EA014304FB06F199428D
:10D9D0000AD91CEB030304F1FF3080F01281994255
:10D9E00040F20F81023C6344591A1FFA8EF3B1FBD7
:10D9F000F7F007FB101143EA014300FB06F69E42D5
:10DA00000AD91CEB030300F1FF3180F0FC809E4239
:10DA100040F2F980634402389B1B40EA0440002135
:10DA20001DB1D3400022C5E90032BDE8F0878B422A
:10DA300005D90DB1C5E9000100210846F5E7B3FAA3
:10DA400083F1002946D1A34202D39042C0F0F08076
:10DA5000861A64EB03030120002DE6D0C5E90063BC
:10DA6000E3E7002A40F09080A1EB0C044FEA1C4849
:10DA70001FFA8CF70121B4FBF8F64FEA1E4308FBAE
:10DA8000164443EA044307FB06F0984208D91CEB0E
:10DA9000030306F1FF3402D2984200F2CD802646FD
:10DAA0001C1A1FFA8EF3B4FBF8F008FB104443EA8B
:10DAB000044300FB07F79F4208D91CEB030300F166
:10DAC000FF3402D29F4200F2B0802046DB1B40EAC6
:10DAD0000640A5E7C1F120068B4022FA06F71F4356
:10DAE00020FA06FC04FA01F343EA0C03F44000FABE
:10DAF00001F8380C4FEA1349B4FBF0FE1FFA87FC1B
:10DB000000FB1E4449EA04440EFB0CF9A14502FA4D
:10DB100001F20AD93C190EF1FF3A80F08480A14548
:10DB200040F28180AEF1020E3C44A4EB09041FFADE
:10DB300083F9B4FBF0F300FB134449EA044403FB0C
:10DB40000CFCA44507D93C1903F1FF3067D2A4456A
:10DB500065D9023B3C4443EA0E40A0FB0293A4EB90
:10DB60000C049C42CE469C4651D34ED055B1B8EBE6
:10DB70000E0364EB0C0404FA06F6CB401E43CC40C3
:10DB8000C5E90064002150E7C2F1200320FA03F147
:10DB90000CFA02FC24FA03F394400C434FEA1C48AD
:10DBA00000FA02FE1FFA8CF7B3FBF8F008FB103105
:10DBB000230C43EA014300FB07F1994208D91CEB0F
:10DBC000030300F1FF362CD299422AD9023863446C
:10DBD0005B1AA4B2B3FBF8F108FB113344EA034427
:10DBE00001FB07F3A34208D91CEB040401F1FF3643
:10DBF00013D2A34211D902396444E41A41EA004124
:10DC000039E70446F0E6084606E7C845AED2B9EB68
:10DC1000020E63EB070C0138A8E73146EDE7034637
:10DC200099E73046D4E7D6467FE7634402384DE7AC
:10DC30000646234608460FE7023E634430E700BF2E
:10DC400008B502F01BF800002DE9F0411C46464BD8
:10DC500083670D46012300211646A0F87C3080F82A
:10DC60007E106822DDF81880074602F0A8FBF3B2A8
:10DC70002A2B28D83D4A52F8233006F4E0661E438A
:10DC8000EBB22A2BBE6632D8384A52F8233005F45C
:10DC9000E0651D43E3B22A2BFD663CD8334A52F8B7
:10DCA000233004F4E0641C435FFA88F22A2A3C67BC
:10DCB00045D82E4951F8222008F4E06313437B67CE
:10DCC0003846BDE8F08106F0C002C02A0CD1CB2B4B
:10DCD0000AD8274B06F03F0206F4E06653F82220EC
:10DCE000224B53F82230CAE74FF0FF36C8E705F061
:10DCF000C002C02A0CD1CB2B0AD81D4B05F03F0225
:10DD000005F4E06553F82220184B53F82230C0E7A1
:10DD10004FF0FF35BEE704F0C002C02A0CD1CB2B78
:10DD20000AD8134B04F03F0204F4E06453F82220B5
:10DD30000E4B53F82230B6E74FF0FF34B4E708F04B
:10DD4000C003C02B0CD1CB2A0AD8094B08F03F02E4
:10DD500053F82210054A08F4E06352F82120ADE799
:10DD60004FF0FF33ABE700BF00093D005819020830
:10DD70002819020837B501230D460022074980F80B
:10DD80005D20816780F87C3080F87D2080F87E50AF
:10DD9000009500F07DF803B030BD00BF00093D00E4
:10DDA0001FB502AB83E80600816F029A91420446D8
:10DDB00005D1C26F03994A4032F07F4210D09A8851
:10DDC00002989B79A067A4F87C2084F87E300093A9
:10DDD00094F87C3094F87D20A16F204600F058F82C
:10DDE00004B010BD704700F093B907B5002A8DF854
:10DDF00007100DF107014FF001030CBF0A46002286
:10DE000000F0C8F99DF8070003B05DF804FB0000BE
:10DE100007B52B2300930622012307210248FFF7B1
:10DE200013FF03B05DF804FB1C7B002030B591FAB2
:10DE3000A1F391FAA1F1B3FA83F3C4685B0003255F
:10DE4000B1FA81F105FA03F3490024EA03038A4099
:10DE50001A43C26030BD0000094A0346106873B11E
:10DE6000084A934201D1E5F7BBBD074A934201D16D
:10DE7000E5F7A6BD054A934201D1E5F78FBD70478E
:10DE800040000020003001400038004000000158F0
:10DE90002DE9F04F0E4685B015461F460446002872
:10DEA00038D0626E914BC06E9A4236D09049E8F7F6
:10DEB0005FFA90498146A06EE8F75AFA8E49834688
:10DEC000206FE8F755FA8D498046606FE8F750FA01
:10DED0008246B9F1000F1DD0BBF1000F1AD0B8F186
:10DEE000000F17D059464846E8F769FA514681466F
:10DEF0004046E8F764FA014680464846E8F75FFA8C
:10DF00006066B9F1000F05D0B8F1000F02D000280B
:10DF100040F0A68005B0BDE8F08F0130FAD1A36EC5
:10DF20000133F7D1236F0133F4D1636F0133F1D1A2
:10DF30004FF40073A3619DF83830606E2060002BB1
:10DF400014BF00234FF482736360FFF785FFB6EBC5
:10DF5000500F80F08C80B6EB900F80F08A80B6EB8B
:10DF6000D00F80F08880B6EB101F80F08680B6EB73
:10DF7000501F80F08480B6EB901F80F08280B6EB5B
:10DF8000D01F2CBF30233823E361002D7BD0022D1E
:10DF90007BD0013D18BF01256D000123C4E9045366
:10DFA0000723E3624FF4E0632268E360B7FA87F780
:10DFB0004E4B7F090026FF019A42C4E90876A6600D
:10DFC000A66266632CD04A49E06EE8F7B9F9494980
:10DFD000A06EE8F7B5F9206F4749E8F7B1F9236972
:10DFE000B342236F4FEA131114BF0122022211F032
:10DFF0000C0F04BF424801F00F0103F00F0308BFEC
:10E0000050F821003F4918BF3046022A51F823102A
:10E0100018BF0122FFF70AFF3849606FE8F790F94F
:10E020002368394A934232D14FF0B0431A6E42F41A
:10E0300080521A661A6E02F480520192019A1A6C8A
:10E0400042F480521A641A6C22F480521A642046F8
:10E05000E5F7F9FC2268136843F04003136059E7C1
:10E06000636F01333FF464AF4FF4802362E7002312
:10E070008AE7082388E7102386E7182384E720230C
:10E0800082E7282380E72B4688E7002386E71F4A9C
:10E09000934213D14FF0B0439A6D42F480429A6597
:10E0A0009A6D02F480420292029A9A6B42F4804284
:10E0B0009A639A6B22F480429A63C8E70B4A9342B0
:10E0C000C5D14FF0B0435A6E42F001025A665A6E03
:10E0D00002F001020392039A5A6C42F001025A6460
:10E0E0005A6C22F001025A64B1E700BF00000158E7
:10E0F0008C1502082C150208C014020860140208CE
:10E1000008000020C01A020800300140003800401A
:10E1100010B5044698B1E5F704FD23681A4A934206
:10E120000ED14FF0B0431A6C42F480521A641A6C4C
:10E1300022F480521A641A6E22F480521A6610BDBC
:10E14000124A93420ED14FF0B0439A6B42F4804290
:10E150009A639A6B22F480429A639A6D22F4804209
:10E160009A65ECE70A4A9342E9D14FF0B0435A6C02
:10E1700042F001025A645A6C22F001025A645A6E4B
:10E1800022F001025A66DAE7003001400038004010
:10E19000000001582DE9F0410D4616461C4633B3E8
:10E1A0000768E3F7FFF88046BB689907FCD5D5B14F
:10E1B00015F8013B3B73BB68DA07FCD53B7B0EB11E
:10E1C00006F8013BE3F7EEF8A0EB0800B0F57A7F24
:10E1D00004F1FF3409D2002CE6D12046BB681B06AF
:10E1E000FCD4BDE8F081FF23E4E70120F6E702203C
:10E1F000F7E700002DE9F84314461D46804689469E
:10E2000000F04EF9224606460F462B462046294688
:10E21000E2F7ECFB78B90022002340464946E2F7DA
:10E22000B3FBD8B10022002320462946E2F7ACFB1D
:10E2300028B1264F002630463946BDE8F8832046EF
:10E24000294600F099F80028F5D0204629460022FA
:10E250000023E2F7A3FB0028EDD02CE0304639463E
:10E2600000F08AF8A0B10022002330463946E2F7D8
:10E270008BFB0028DFD04046494600F07DF800289F
:10E28000D9D02046294600F077F80028D3D012E0F4
:10E290004046494600F070F80028E4D02046294660
:10E2A00000F06AF80028DED032463B463046394658
:10E2B000E2F79CFB20B902F09DF922230360BAE744
:10E2C00002F098F921230360B5E700BF0000F03F9A
:10E2D00070B50C46064600F08FFE214605462046E6
:10E2E000E2F7E6FE58B900213046E2F7AFFEA0B1F2
:10E2F00000212046E2F7AAFE18B14FF07E552846CD
:10E3000070BD204600F03EF80028F8D000212046DD
:10E31000E2F7A6FE0028F2D023E0284600F032F80B
:10E3200080B100212846E2F791FE0028E7D0304670
:10E3300000F028F80028E2D0204600F023F800285A
:10E34000DDD00EE0304600F01DF80028E9D0204670
:10E3500000F018F80028E4D029462846E2F7A8FE85
:10E3600020B902F047F922230360C8E702F042F91E
:10E3700021230360C3E700BF41F0004000F5801097
:10E38000C00F704720F00040B0F1FF4FACBF00203D
:10E39000012070472DE9F041C0F3C7557F3D162D90
:10E3A000044620F0004724DC002D804614DB184F83
:10E3B0002F4138421AD01749E2F7ACFB0021E2F7AF
:10E3C0006DFE98B1002C03DD4FF400032B419844FF
:10E3D00028EA0700BDE8F0810E49E2F79BFB002127
:10E3E000E2F75CFE10B1002C0EDB57B92046BDE809
:10E3F000F081B7F1FF4FF9D30146E2F78BFBBDE89F
:10E40000F0814FF07E50F2E74FF00040EFE700BFA1
:10E41000FFFF7F00CAF249712DE9F041C0F3C755F3
:10E420007F3D162D044620F0004725DC002D804658
:10E4300014DB184F2F4138421BD01749E2F76AFB13
:10E440000021E2F72BFEA0B1002C03DA4FF4000309
:10E450002B41984428EA0700BDE8F0810E49E2F715
:10E4600059FB0021E2F71AFE18B1002C0CDB00204A
:10E4700000E02046BDE8F081B7F1FF4FF9D3014637
:10E48000E2F748FBBDE8F08117B94FF00040F1E733
:10E490000248EFE7FFFF7F00CAF24971000080BF2A
:10E4A0002DE9F04F23F00047044657EA020093B0ED
:10E4B00092469B460D4610D12319824985F40022CD
:10E4C00052419842914121D252465B46204629460C
:10E4D000E1F73CFE13B0BDE8F08F98467A4B0E464C
:10E4E00021F0004199420091A14614D906F140461D
:10E4F00006F5801656EA0906E6D15346DB1871493F
:10E500008BF4002252419E429141DDD36F4900209D
:10E5100013B0BDE8F08F14D09F42E7D8009B00F005
:10E52000B780002E15DB002A40F0A48067498F4297
:10E5300040F0CA83B8F1000FC0F2BF8420462946DC
:10E54000C8E7002CC0D18F42BED800F0F283009BF8
:10E55000E7E75F498F4200F2C6835E498F420DD9DB
:10E560003915A1F2FF31142940F38E84C1F1340131
:10E5700022FA01F000FA01F1914236D0002A45D189
:10E58000B8F1804F3BD0029220462946049300F018
:10E590002FFD049BB9F1000F43D0DDF808C0F20F46
:10E5A000013A52EA0C0C00F08A80029C013C2243A2
:10E5B00014BF464D484D0024B7F1844FCDE90645C0
:10E5C00040F28E80454B009A9F42424B40F2E883D6
:10E5D0009A4200F29484B8F1000FC0F294840020B3
:10E5E00013B0BDE8F04F01F059B900F00100C0F1DF
:10E5F00002010291002A3FD1B8F1804FC4D12246D6
:10E600002B4620462946E1F757FF63E72046294677
:10E61000029300F0EDFC029BB9F1000F4FD1CDF851
:10E6200008902A4A26F0404C944502D0009A002ACD
:10E63000B3D1B8F1000F05DA02460B46002023499A
:10E64000E2F764F8002EBFF645AF009B03F1404AA5
:10E65000029B0AF5801A5AEA030A40F03684024601
:10E660000B4610461946E1F76FFD02460B46E2F7EE
:10E670004DF82FE70022029220462946049300F02D
:10E68000B7FC049BB9F1000FCBD0F20F013A8CE735
:10E69000002A7FF42BAF009B03F1404303F5801366
:10E6A00023433FF433AF0B4B009A9A4240F2DF838F
:10E6B000B8F1000FC0F24984504659460AE7224695
:10E6C0002B46CEE70000F0FF0000F07F0000F03F97
:10E6D000FFFF3F43FFFFEF3F0000F0BF0000F043AC
:10E6E000D74A3240002A40F02883D64B0022E1F777
:10E6F000E3FE6FF034040B461A15A2F2FF3215192F
:10E70000D14A0B95C3F3130343F07F54934244F46F
:10E71000401407DDCD4A934240F3E08301350B9569
:10E72000A4F5801400220023CDE90823CDE91023AD
:10E73000C74B0022CDE904230025DDE9042321464F
:10E740008046E1F701FDA146DDE9042306460F46B8
:10E7500040462146CDE90C89E1F7F8FC02460B461C
:10E760000020BB49E1F7D2FF0A460146CDE90E126F
:10E770001346394602463046E1F79EFE0A460146F8
:10E780004FF0000CCDE902121146CDE900016410F2
:10E79000CDF800C0DDE9008944F0005404F5002301
:10E7A0000020591904460D4602460B46404649468C
:10E7B000E1F782FE02460B4630463946E1F7C4FCDB
:10E7C000DDE9042306460F4620462946E1F7BCFC56
:10E7D00002460B46DDE90C01E1F7B6FC42464B462A
:10E7E000E1F76AFE02460B4630463946E1F7ACFCDB
:10E7F000DDE90E23E1F760FEDDE90245CDE9040124
:10E8000022462B4620462946E1F756FE7AA3D3E955
:10E81000002304460D46E1F74FFE79A3D3E9002318
:10E82000E1F794FC22462B46E1F746FE76A3D3E9B6
:10E830000023E1F78BFC22462B46E1F73DFE74A353
:10E84000D3E90023E1F782FC22462B46E1F734FEB0
:10E8500071A3D3E90023E1F779FC22462B46E1F7C7
:10E860002BFE6FA3D3E90023E1F770FC2246064696
:10E870000F462B4620462946E1F71EFE02460B4670
:10E8800030463946E1F718FE424604460D464B46EF
:10E89000DDE90201E1F75AFCDDE90423E1F70CFEB2
:10E8A00022462B46E1F752FC424604460D464B46B3
:10E8B00040464946E1F700FE664B002206460F46F9
:10E8C000E1F744FC22462B46CDE90C45E1F73EFC3E
:10E8D00000240D4622462B4640464946E1F7ECFD12
:10E8E0005C4B80468946002220462946E1F72CFCF5
:10E8F00032463B46E1F728FC02460B46DDE90C01B7
:10E90000E1F722FCDDE90223E1F7D6FD22460646C7
:10E910000F462B46DDE90401E1F7CEFD02460B462A
:10E9200030463946E1F712FC06460F4602460B46D2
:10E9300040464946E1F70AFC00243BA3D3E9002303
:10E9400020460D46E1F7B8FD42464B4680468946D3
:10E9500020462946E1F7F8FB02460B463046394689
:10E96000E1F7F2FB32A3D3E90023E1F7A5FD32A3DF
:10E97000D3E9002306460F4620462946E1F79CFDD1
:10E9800002460B4630463946E1F7E0FBDDE910234D
:10E99000E1F7DCFB06460B980F46E1F723FD324614
:10E9A00004460D463B4640464946CDE90289E1F71B
:10E9B000CDFBDDE90823E1F7C9FB22462B46E1F751
:10E9C000C5FB002022462B4680468946E1F7BCFB6A
:10E9D000DDE90823E1F7B8FBDDE90223E1F7B4FB49
:10E9E00002460B4630463946E1F7AEFBCDE902015F
:10E9F00032E000BFAFF30080EF4E454A287ECA3FA9
:10EA000065DBC9934A86CD3F01411DA96074D13FA2
:10EA10004D268F515555D53FFFAB6FDBB66DDB3FB4
:10EA2000033333333333E33F000000E009C7EE3FE5
:10EA3000FD033ADC09C7EE3FF5015B14E02F3EBE53
:10EA40000000F07F000040438E98030079B60B0071
:10EA50000000F03F000008400023CDE900AB009328
:10EA6000DDE90067594632463B465046E1F76CFB0C
:10EA700042464B46E1F720FD5B4604460D465246B2
:10EA8000DDE90201E1F718FD02460B462046294662
:10EA9000E1F75CFB324604460D463B46404649469C
:10EAA000E1F70AFD0B46024606460F462046294678
:10EAB000E1F74CFBB44B9942A046A94604460D46EB
:10EAC0008B4640F3168101F13F4303F5E003034316
:10EAD00040F01F829AA3D3E9002340464946E1F75C
:10EAE00035FB3246CDE900013B4620462946E1F799
:10EAF0002BFB02460B46DDE90001E1F76DFF002824
:10EB000040F007824FF400735B44C3F30A529F4CFA
:10EB1000A2F2FF32C3F31301144141F48011C2F198
:10EB2000140241FA02FA002004EA0301BBF1000FCB
:10EB300002460B4630463946B8BFCAF1000AE1F733
:10EB400003FB02460B4606460F4640464946E1F7A0
:10EB5000FDFA4FEA0A5B0D4600247BA3D3E90023AC
:10EB600020462946E1F7A8FC3246CDE900013B46A4
:10EB700020462946E1F7E8FA02460B464046494658
:10EB8000E1F7E2FA72A3D3E90023E1F795FC72A35F
:10EB9000D3E9002306460F4620462946E1F78CFCC0
:10EBA00002460B4630463946E1F7D0FADDE90089E6
:10EBB00006460F4602460B4640464946E1F7C6FA6E
:10EBC00042464B4604460D46E1F7BEFA02460B4666
:10EBD00030463946E1F7B8FA2246804689462B4648
:10EBE00020462946E1F768FC5DA3D3E900230646E9
:10EBF0000F46E1F761FC5CA3D3E90023E1F7A4FA37
:10EC000032463B46E1F758FC59A3D3E90023E1F72C
:10EC10009DFA32463B46E1F74FFC57A3D3E9002368
:10EC2000E1F792FA32463B46E1F746FC54A3D3E9BA
:10EC30000023E1F78BFA32463B46E1F73DFC024602
:10EC40000B4620462946E1F77FFA06460F46024664
:10EC50000B4620462946E1F72FFC0022CDE90001B2
:10EC60004FF0804330463946E1F76EFA02460B46D4
:10EC7000DDE90001E1F74AFD424606460F464B46F4
:10EC800020462946E1F718FC42464B46E1F75EFA7A
:10EC900002460B4630463946E1F756FA22462B46E5
:10ECA000E1F752FA02460B4600203949E1F74CFAE7
:10ECB0000C465C44B4F5801FC0F235812146DDE985
:10ECC0000623E1F7F9FB05E4B8F1804F3FF497AC78
:10ECD000304988457FF457AC2046294613B0BDE83B
:10ECE000F04F00F065BE002A00F03381022202924C
:10ECF000C2E4DFF8A4C021F00043634540F2D580B0
:10ED0000264B0B4403430AD132463B46E1F71CFA3B
:10ED100042464B46E1F756FE00283FF4F3AEDDE9EC
:10ED2000060100220023E1F739FE003818BF012058
:10ED300056E4002A7FF4C8ABB5E40024DCE400BF4D
:10ED4000FE822B654715973C00000000432EE63FEE
:10ED5000EF39FAFE422EE63F396CA80C615C20BE0A
:10ED6000D0A4BE726937663EF16BD2C541BDBB3ED1
:10ED70002CDE25AF6A56113F93BDBE166CC1663FAF
:10ED80003E5555555555C53FFFFF8F400000F0FFDC
:10ED90000000F03F0000E03FFFCB904000346F3FA9
:10EDA0009A42C0F0C480009A8D4B9A424FF0000204
:10EDB00000F2D7808A4BE1F7C7F97DA3D3E900239E
:10EDC00004460D46E1F778FB7BA3D3E90023064612
:10EDD0000F4620462946E1F76FFB824B8046894665
:10EDE000002220462946E1F767FB02460B4674A144
:10EDF000D1E90001E1F7A8F922462B46E1F75CFBD7
:10EE000002460B4600207849E1F79EF92246CDE9FB
:10EE100000012B4620462946E1F74EFB02460B46F1
:10EE2000DDE90001E1F748FB67A3D3E90023E1F73F
:10EE300043FB02460B4640464946E1F785F9024648
:10EE40000B4604460D4630463946E1F77FF900206F
:10EE500032463B4680468946E1F776F902460B4644
:10EE600020462946E1F770F9CDE90201F4E5B8F151
:10EE7000000F4FF000004FF00001BFF62BAB5046E3
:10EE80000BF10041FFF726BB002A7FF4BFABC1F1B5
:10EE9000140147FA01F000FA01F1B9426ED050496D
:10EEA0008F423FF447ABFFF76BBB4F4A934274D896
:10EEB000DDE90023934692464EE622462B4648491A
:10EEC0000020E1F723FCFFF705BB029B012B7FF439
:10EED00001AB01F100431946FFF7FCBA3CA3D3E9AB
:10EEE0000023CDE908233CA3D3E90023CDE9102377
:10EEF0003E4B0022CDE904234FF480251DE4B8F1F8
:10EF0000000F7FF76CAB002013B0BDE8F04F00F0AE
:10EF1000CBBCDDE9060100220023E1F73FFD00380C
:10EF200018BF0120F0E7524600F026FCC7E6DDE9F5
:10EF3000060100220023E1F731FD003818BF01204F
:10EF4000B8F1000FBFF64CABDEE700200021FFF761
:10EF5000C1BAB8F1804F3FF452AB02220292FFF7E0
:10EF600013BBDDE906010023E1F718FD003818BFE7
:10EF70000120B8F1000FC7DCFFF732BB184A9742F7
:10EF80003FF4D8AAB8F1804F3FF439AB00F001004C
:10EF9000C0F102020292FFF7F7BA1B15A3F2FE338B
:10EFA0004FF4801242FA03F3AEE500BFAFF30080E6
:10EFB000000000604715F73F44DF5DF80BAE543E9C
:10EFC000555555555555D53FFE822B654715F73F8D
:10EFD0000000004003B8E23F06D0CF43EBFD4C3EBB
:10EFE0000000F03F0000D03F0000E03F0000F83F8D
:10EFF00021F00043194670472DE9F04F31F0004AE7
:10F0000087B00C46804681460DD180F480094FEAD6
:10F01000490919F5000F18D921464046E1F77AFD54
:10F0200007B0BDE8F08F20F0004BBBF1FF4F0D465D
:10F0300002D8BAF1FF4F0DD9B9F17E5FECD185F45A
:10F0400080056D0015F5000FE6D84FF07E5007B033
:10F05000BDE8F08F00285F46C0F23081BAF1FF4F63
:10F0600000F04081BAF17E5F00F07E81B1F1804F07
:10F0700000F0AA810026B5F17C5F40F05381B9F120
:10F08000000F404680F2A58100F072FBBBF1FF4FFC
:10F0900000F05D81BBF1000F00F05981BBF17E5F94
:10F0A00000F04A814FEAD973013B56EA030200930C
:10F0B00000F09481BAF19A4F40F29881B04B9B4591
:10F0C00040F2E482AF4B9B4500F2EC824FF07E5160
:10F0D000E1F71EFDAC498046E1F724FEAB498146CD
:10F0E0004046E1F71FFE4FF07A5182464046E1F775
:10F0F00019FE0146A648E1F70BFD4146E1F712FE75
:10F1000001464FF07C50E1F703FD414683464046FF
:10F11000E1F708FE01465846E1F704FE9D49E1F794
:10F1200001FE01465046E1F7F3FC014680464846A1
:10F13000E1F7F0FC20F47F6B2BF00F0B49465846AB
:10F14000E1F7E6FC01464046E1F7E2FC25F47F6783
:10F15000009B013E27F00F071E438046394620469C
:10F160000CBF8D4E4FF07E56E1F7D2FC5946E1F7C9
:10F17000D9FD214605464046E1F7D4FD0146284623
:10F18000E1F7C8FC394605465846E1F7CBFD014694
:10F1900004462846E1F7BEFC0028074680460146A3
:10F1A00020F0004240F33D82B2F1864F00F2CA8265
:10F1B00000F0AA82B2F17C5F00F2CC824FF000082E
:10F1C000474621F47F6A2AF00F0A74495046E1F756
:10F1D000A9FD214681465046E1F79AFC01462846A2
:10F1E000E1F796FC6E49E1F79DFD6E4904465046F5
:10F1F000E1F798FD01462046E1F78CFC0446014604
:10F200004846E1F787FC49460546E1F781FC01469F
:10F210002046E1F77DFC294681462846E1F782FD3C
:10F2200061490446E1F77EFD6049E1F771FC214642
:10F23000E1F778FD5E49E1F76DFC2146E1F772FDEB
:10F240005C49E1F765FC2146E1F76CFD5A49E1F7BD
:10F2500061FC2146E1F766FD01462846E1F758FCCE
:10F26000044601462846E1F75DFD4FF080418246A5
:10F270002046E1F74DFC01465046E1F707FE4946BE
:10F2800004462846E1F74EFD4946E1F743FC0146B6
:10F290002046E1F73DFC2946E1F73AFC01464FF0F4
:10F2A0007E50E1F735FC03464344B3F5000FC0F24E
:10F2B000F58118463146E1F735FDB1E6BAF1974FD1
:10F2C00019D2BAF17E5F1BD2B1F1804F7CD0B1F17F
:10F2D0007C5F26D100F04CFABBF1FF4F3FF4A0AEAB
:10F2E0000026D7E6BBF17E5F3FF4AFAE42D9002DDA
:10F2F0003EDB204694E6BAF1FF4FF3D00226BAE691
:10F300004FEAEA52C2F196024AFA02F101FA02F217
:10F31000524500F07381BAF17E5F25D0B4F1804F81
:10F3200052D00026404600F023FABBF1FF4F03D035
:10F33000BBF1000F7FF4B2AE002D04DA01464FF0AE
:10F340007E50E1F7A3FDB9F1000FBFF669AEABF156
:10F350007E5B5BEA060B40F05E810146E1F7D8FB7D
:10F360000146E1F793FD5BE6002D27DB404657E6BB
:10F37000002055E6002DFBDA04F1004050E600BF06
:10F38000F3FF7F3F0700803F00AAB83F70A5EC362F
:10F39000ABAAAA3E3BAAB83F000080BF0072313F33
:10F3A0001872313F8CBEBF354CBB31330EEADD35B0
:10F3B00055B38A38610B363BABAA2A3E41464FF023
:10F3C0007E50E1F763FD2BE641464046E1F7AAFC9B
:10F3D00026E607B0BDE8F04F00F0D8BB41464046F6
:10F3E000E1F796FB0146E1F751FD19E619F0FF4FF1
:10F3F00040F04A814FF09741E1F794FC6FF017011C
:10F400000746FA157F3A0A44AF490192C7F316033B
:10F410008B4243F07E5707DDAC498B4240F34A8173
:10F4200001320192A7F50007002305934FF07E5BA0
:10F4300004934FF0000859463846E1F769FB5946F6
:10F4400081463846E1F766FB01464FF07E50E1F712
:10F450001DFD014603904846E1F764FC7A1042F036
:10F46000005202F58022424420F47F6828F00F0801
:10F470001146BA46074640460292E1F753FC014660
:10F480004846E1F745FB029A814659461046E1F7A6
:10F490003FFB01465046E1F73BFB4146E1F742FCAA
:10F4A00001464846E1F734FB039B1946E1F73AFC75
:10F4B000394683463846E1F735FC85498146E1F710
:10F4C00031FC8449E1F726FB4946E1F72BFC8249F0
:10F4D000E1F720FB4946E1F725FC8049E1F71AFBFB
:10F4E0004946E1F71FFC7E49E1F714FB4946E1F785
:10F4F00019FC7C49E1F70EFB494682464846E1F794
:10F5000011FC01465046E1F70DFC41468146384664
:10F51000E1F700FB5946E1F705FC4946E1F7FAFA45
:10F52000414682464046E1F7FDFB6F490290E1F714
:10F53000F1FA5146E1F7EEFA20F47F6929F00F095C
:10F5400049464046E1F7EEFB674980464846E1F709
:10F55000DFFA0299E1F7DCFA01465046E1F7D8FA02
:10F560003946E1F7DFFB494682465846E1F7DAFBC8
:10F5700001465046E1F7CEFA834601464046E1F7A0
:10F58000C9FA20F47F6A2AF00F0A58495046E1F779
:10F59000C9FB414681465046E1F7BAFA0146584652
:10F5A000E1F7B6FA5249E1F7BDFB524980465046B1
:10F5B000E1F7B8FB01464046E1F7ACFA0499E1F700
:10F5C000A9FA80460198E1F759FB41468246484630
:10F5D000E1F7A0FA059F3946E1F79CFA5146E1F7B9
:10F5E00099FA20F47F6B2BF00F0B51465846E1F748
:10F5F0008FFA3946E1F78CFA4946A1E5BAF17E5F08
:10F600003FF4B2AEB4F1804F3FF4DEAE01F0010141
:10F61000C1F1020686E6012E7FF402AD00F1004042
:10F62000FEE4354B9A4200F297807FF4C3AD214649
:10F63000E1F76EFA2946E1F727FD002840F08C80BB
:10F6400086227E3A4FF40003134143442B49C3F30F
:10F65000C7527F3AC3F31607114147F40007C2F1BE
:10F6600017021741B8F1000F01EA0301B8BF7F424A
:10F670002046E1F74DFA014604462846E1F74AFAEA
:10F680004FEAC75801469CE50021BAE6002D0BDB86
:10F69000002007B0BDE8F04F00F082B9394600F015
:10F6A00009F907E6002DF3DD002007B0BDE8F04FB3
:10F6B00000F07AB9124B0593124B04934FF07F5B25
:10F6C0004FF40018B7E600BF71C41C00D6B35D004C
:10F6D00042F1533E55326C3E05A38B3EABAAAA3E87
:10F6E000B76DDB3E9A99193F000040400038763FE5
:10F6F0004F38763FA0C39D3600001643000080FFC0
:10F7000000C0153FDCCFD13517492846E1F702FA92
:10F71000214681463846E1F7FBF901464846E1F7C4
:10F72000BDFC78B907F50043DA1510497F3A11415D
:10F730001940C3F31603C2F1170243F4000343FA5E
:10F7400002F795E700213046E1F78AFC003818BF40
:10F750000120AAE7D21574E700213046E1F780FCCA
:10F76000003818BF012094E73CAA3833000080FF1E
:10F7700020F00040704700BF70B51646C1F30A5232
:10F7800004460D460B465ABB21F00043034326D0E6
:10F790002D4B0022E0F790FE2C4B9E4204460D4676
:10F7A00043DBC1F30A520B46363A4CF250318E42DB
:10F7B0001EDC164440F2FE72964219DC002E23DC59
:10F7C00016F1350F28DB23F0FF4323F4E003363630
:10F7D00043EA065120461E4B0022E0F76DFE70BD45
:10F7E00040F2FF7C6245E0D10246E0F7AFFC70BD1D
:10F7F00011A3D3E90023ED0F1C4665F3DF74214606
:10F800001448E0F759FE70BD23F0FF4323F4E003F2
:10F81000204643EA065170BD05F0004343F0D27123
:10F8200041F4B7310C4841F01F0105A3D3E900238F
:10F83000E0F742FE70BD00BF9C7500883CE4377E57
:10F8400059F3F8C21F6EA50100005043B03CFFFF02
:10F850000000903C9C75008859F3F8C2D0B506466C
:10F860000F46144600F0C6FE0346394630461C607B
:10F87000D0BD00BF10B5044682B0104619460CB189
:10F8800003F10043CDE90023DDE90023E0F714FE96
:10F89000222202B0BDE81040FFF7E0BF00224FF087
:10F8A0008053FFF7E7BF00BF00224FF0E043FFF7B0
:10F8B000E1BF00BF10B50C4630F0004103461DD03B
:10F8C000B1F1FF4F1BD210F0FF4F02461BD14FF09A
:10F8D0009841E1F727FA204A944203462CDBC0F313
:10F8E000C75102464CF250308442A1F1190110DD9B
:10F8F0001A49184661F31E00E1F714FA10BD0146DB
:10F90000E1F708F910BD4CF2503084424FEAD15172
:10F91000EEDC2144FE29EBDC002911DC11F1160F8D
:10F9200013DB01F1190022F0FF424FF04C5142EA83
:10F93000C050E1F7F7F910BD0949E1F7F3F910BD3F
:10F9400022F0FF4242EAC15010BD0549184661F35A
:10F950001E00E1F7E7F910BDB03CFFFFCAF24971A4
:10F960006042A20D38B505460C4600F043FE034642
:10F9700028461C6038BD00BF08B540B101F1004009
:10F98000E1F7D0F9BDE808402221FFF7EBBF0846B8
:10F99000E1F7C8F9BDE808402221FFF7E3BF00BF47
:10F9A0004FF08051FFF7E8BF4FF0E041FFF7E4BFB1
:10F9B0002DE9F84F724F8F4304460D4600F0B28098
:10F9C00000290B460646024655DD081500F09B80CF
:10F9D000C3F31303C107A0F2FF3743F4801303D42A
:10F9E000D10F01EB430352005B00002603EBD273FF
:10F9F0007F1052001624B4464FF400110CEB0100A6
:10FA0000984203DC1B1A01EB000C0E445B00013C26
:10FA100003EBD2734FEA51014FEA4202EED1A04606
:10FA200020254FF000400AE039D0590001EBD27197
:10FA3000013D0B464FEA42024FEA50003BD09C4545
:10FA400008EB000EF0DABEF1000F0EEB00080CDB45
:10FA5000E146A3EB0C01964588BF01F1FF31490057
:10FA6000CC46A2EB0E020444E0E7B8F1000FEFDB56
:10FA70000CF10109EDE721F0004707433DD00029D3
:10FA800073D1D10A153B52050029FAD0CD02184690
:10FA900016460B4637D520244FF0FF313EE0964501
:10FAA00002D94FEA4C01C1E7BEF1000F0EEB00088E
:10FAB00025DB0021D5E7114312D0DFF8C8A0DFF81D
:10FAC000C8B0DAE90001DBE90023E0F73DFBDAE941
:10FAD000008902460B4640464946E0F769FF58BB9D
:10FAE0006508731003F17F53F20703F5001348BF55
:10FAF00045F0004503EB07512846BDE8F88FB8F103
:10FB0000000FB5DAD5E700225B00DC02114602F1F6
:10FB10000102F9D5C2F1200406FA02F2E640401AC9
:10FB2000334355E702460B46E0F7C6FC22462B4618
:10FB3000E0F70CFBBDE8F88FB4F1FF3FDAE9000114
:10FB4000DBE9002318D0E0F701FBDAE9008902467F
:10FB50000B4640464946E0F721FF78B1A11C04F16D
:10FB6000020508BF01366D08BBE7E0F7EDFA024673
:10FB70000B46E0F7CBFDC0E70136B2E70134AFE753
:10FB80000000F07FC8010020C001002020F00042EA
:10FB9000B2F1FF4F2DE9F041044654D2002A50D073
:10FBA0000028034657DB14F0FF4F4FEAE05009D11D
:10FBB00014F400025BD15B001C02114602F1010249
:10FBC000F9D5401AC3F3160242F40002C307A0F1AC
:10FBD0007F0558BF520000246D1052004FF0190EDF
:10FBE00021464FF0807C01EB0C039342DDBF03EB19
:10FBF0000C016444D31A1346BEF1010E4FEA4302CE
:10FC00004FEA5C0CEFD1BBB11A4E1B4F306839681C
:10FC1000D6F80080E0F77CFF01464046E1F72AFA7B
:10FC200050B1306839683668E0F774FF01463046F5
:10FC3000E1F716FAB8B10234601000F17C5000EB25
:10FC4000C550BDE8F0810146E1F76CF82146E0F7C8
:10FC500061FFBDE8F0810146E0F75AFF0146E1F798
:10FC600015F9BDE8F081013424F00104E4E74FF018
:10FC7000FF31A6E7D4010020D001002008B50620FE
:10FC800000F046FC0120E7F705F90A22002100F008
:10FC9000DFB90000024B0146186800F02DB800BF24
:10FCA000E4010020024B0146186800F005BD00BFCA
:10FCB000E401002070B50F4E0C463168054611B9BD
:10FCC00000F076FC30602146284600F071FC431CB1
:10FCD00003D14FF0FF34204670BDC41C24F0030450
:10FCE000A042F8D0211A284600F062FC0130F2D17F
:10FCF000EFE700BF9C7B00202DE9F843CD1C25F0E9
:10FD0000030508350C2D38BF0C25002D064601DBF8
:10FD1000A94204D90C2333600020BDE8F883DFF842
:10FD2000D48000F069F8D8F800301C4644BB29465E
:10FD30003046FFF7BFFF431C044658D1D8F80040B7
:10FD40002746002F43D1002C4BD02368394630463C
:10FD500004EB030900F02CFC814542D121686D1AA7
:10FD600029463046FFF7A6FF01303AD023682B44DE
:10FD70002360D8F800305A6862BBC8F800700FE002
:10FD80002268521B20D40B2A17D96119A34225607F
:10FD900018BF5960636808BFC8F8001062514B6013
:10FDA000304600F02FF804F10B00231D20F007006F
:10FDB000C21A1CBF1B1AA350AFE76268A3420CBF54
:10FDC000C8F800205A60EBE723466468AEE73C467B
:10FDD0007F68B6E71A465B68A342FBD100235360F5
:10FDE000DEE70C233360304600F00CF894E7056042
:10FDF000D6E700BFA07B0020014800F026BC00BF72
:10FE0000E47C0020014800F021BC00BFE47C00201D
:10FE100038B5104B1D682B6B0446B3B91820FFF79B
:10FE200039FF0246286320B90B4B0C48462100F0ED
:10FE300025FC0B490B4BC0E900130B4B83600B23D4
:10FE4000838100210120C2E904012B6B00221C6187
:10FE50005A6138BDE40100206BB0020882B002088C
:10FE60000E33CDAB34126DE6ECDE0500164B10B54B
:10FE70001C68236BB3B91820FFF70CFF0246206300
:10FE800020B9124B1248522100F0F8FB1149124BD5
:10FE9000C0E90013114B83600B23838100210120F3
:10FEA000C2E90401216B0E480B694C690D4A5843A5
:10FEB00002FB0400A3FB0232013340EB0200C1E964
:10FEC000043020F0004010BDE40100206BB00208B7
:10FED00082B002080E33CDAB34126DE6ECDE0500C5
:10FEE0002DF451582D7F954C024B0A460146186857
:10FEF00000F002B8E40100202DE9F04180461546EB
:10FF00000C4621B9BDE8F0411146FFF7F5BE2AB90C
:10FF100000F0D2FB00242046BDE8F08100F016FC82
:10FF20008542064602D8B5EB500FF4D82946404624
:10FF3000FFF7E2FE07460028ECD0B5422A462146EC
:10FF400028BF324600F08BFB2146404600F0B4FB50
:10FF50003C46E0E7242B2DE9F0478646904601D841
:10FF6000012B06D100F046FB162303600020BDE8FC
:10FF7000F08736480D462A4615F8014B065D16F007
:10FF80000806F8D12D2C24D12C780126951C2BBBEA
:10FF9000302C30D00A2306F1004C0CF1FF3C00223B
:10FFA000BCFBF3F9104603FB19CAA4F13007092F73
:10FFB00028D83C46A34234DD571C07D081452DD3B9
:10FFC00001D1A2452ADB00FB0340012215F8014BB9
:10FFD000EBE72B2C04BF2C78951CD8E7102BDAD13B
:10FFE000302CD8D12A7802F0DF02582AD3D16C788D
:10FFF00010230235CFE72B7803F0DF03582BF6D020
:020000040802F0
:100000000823C8E7A4F14107192F01D8373CD1E7ED
:10001000A4F16107192F04D8573CCBE74FF0FF320A
:10002000D4E7531C08D12223CEF800306046B8F143
:10003000000F9CD0691E06E006B14042B8F1000FE7
:1000400095D0002AF6D1C8F8001090E7F8B0020861
:1000500013460A46014602480068FFF77BBF00BF0F
:10006000E4010020002310B50446C0E90033C0E9D4
:100070000433836081814366C2818361194608220B
:100080005C3000F09CF90D4B63620D4BA3620D4B8D
:10009000E3620D4B23630D4B24629C4206D003F1B7
:1000A0006802944202D0D0339C4205D104F158003A
:1000B000BDE8104000F0C8BA10BD00BF2902020818
:1000C0004B02020883020208A7020208A47B002058
:1000D000024A0349034800F069B800BFD801002074
:1000E000410E0208E801002041680C4B994210B50E
:1000F000044601D000F0A4FEA168094B994202D049
:10010000204600F09DFEE168064B994204D020464F
:10011000BDE8104000F094BE10BD00BFA47B0020DD
:100120000C7C0020747C002010B50B4B0B4C0C4A4F
:100130001A60204600220421FFF794FF04F16800B2
:1001400001220921FFF78EFF04F1D0000222BDE851
:1001500010401221FFF786BFDC7C0020A47B00202A
:10016000D1000208014800F070BA00BFE57C002011
:10017000014800F06BBA00BFE57C002010B50446D2
:10018000FFF7F0FF236A1BB1BDE81040FFF7F0BF97
:10019000044B2362044B1B68002BF5D1FFF7C4FF0F
:1001A000F2E700BFE9000208DC7C00202DE9F843FB
:1001B0000746884614460026D4E90195B9F101099D
:1001C00005D52468002CF7D13046BDE8F883AB890B
:1001D000012B07D9B5F90E30013303D02946384633
:1001E000C04706436835E9E70EB400B59CB01DABC7
:1001F000029006906FF00041094807910491094967
:1002000053F8042B05910068019302A900F002FB4A
:10021000029B00221A701CB05DF804EB03B070471B
:10022000E40100200802FFFF10B50C46B1F90E10E2
:1002300000F098F90028ABBF636DA3891B1823F465
:100240008053ACBF6365A38110BD2DE9F0411F460B
:100250008B89DB0505460C46164605D5B1F90E100F
:100260000223002200F06CF9A389B4F90E1023F4E4
:100270008053A38132463B462846BDE8F04100F05A
:10028000A7B910B50C46B1F90E1000F059F9431C8E
:10029000A38915BF606523F4805343F48053A38181
:1002A00018BFA38110BDB1F90E1000F039B9F0B537
:1002B000ADF5057D0E4604AF4FF400710391009338
:1002C0003946134603AA054600F020F8044680B1DB
:1002D0000246039B3146284600F07AF9BC4203905F
:1002E00003D02146284600F0E7F903980DF5057D77
:1002F000F0BD4FF0FF30F9E713460A4601460248C9
:100300000068FFF7D4BF00BFE401002030B51546F8
:100310009BB02C681A46D9B1002C19D04FF4C16398
:1003200000910491ADF80C30214619DB4FF6FF73B4
:1003300002910591ADF80E3069461E9B00F06AFAF5
:1003400000280FDB009B286000221A7004980AE046
:1003500000214FF42273ADF80C3000910491E5E7D1
:100360008B23036000201BB030BD10B5013902445F
:10037000904201D1002005E0037811F8014FA3421B
:1003800001D0181B10BD0130F2E7884210B501EB17
:10039000020402D98442234607D8431EA14208D052
:1003A00011F8012B03F8012FF8E7024401468A42B5
:1003B00000D110BD13F8014D02F8014DF7E70244DA
:1003C0000346934200D1704703F8011BF9E710B5CB
:1003D0000246147813460132002CFAD1013B11F881
:1003E000012B03F8012F002AF9D110BDC9B2034631
:1003F000184613F8012B12B18A42F9D1704700292F
:1004000018BF0020704770B503461E4613F8014B15
:1004100044B14A1E01E0A54204D012F8015F002D4C
:10042000F9D1F2E7301A70BD10B56AB101398418FC
:1004300010F8012B11F8013F9A4203D1A04201D0DC
:10044000002AF5D1D01A10BD1046FCE710B50139CD
:10045000034632B111F8014F03F8014B013A002C69
:10046000F7D11A440021934200D110BD03F8011BBB
:10047000F9E738B511F0FF0403460ED12146BDE877
:100480003840FFF7B3BF431C054621461846FFF727
:10049000ADFF0028F7D1284638BD0025F5E770B537
:1004A00003461E4613F8014B3CB14A1E01E0A5422B
:1004B000F7D012F8015F002DF9D1301A70BD1F2955
:1004C00038B505460C4604D9162303604FF0FF30BB
:1004D00038BDC26B12B152F821304BB9284600F03A
:1004E00065F8224601462846BDE8384000F04CB881
:1004F000012B0AD0591C03D1162303600120E7E722
:10050000002142F82410204698470020E0E7000030
:10051000024B01461868FFF7D2BF00BFE40100207C
:1005200038B5064D0023044608462B60E6F7A4FCC8
:10053000431C02D12B6803B1236038BDE07C00204E
:1005400038B5074D04460846114600222A601A466F
:10055000E6F79CFC431C02D12B6803B1236038BD35
:10056000E07C002038B5074D0446084611460022BD
:100570002A601A46E6F78CFC431C02D12B6803B1B3
:10058000236038BDE07C002038B5074D00230446C9
:10059000084611462B60E6F77FFC431C02D12B680E
:1005A00003B1236038BD00BFE07C0020E6F77CBCCF
:1005B00038B5064D0023044608462B60E6F73EFC9E
:1005C000431C02D12B6803B1236038BDE07C0020BE
:1005D00038B5074D04460846114600222A601A46DF
:1005E000FCF792FD431C02D12B6803B1236038BD98
:1005F000E07C0020014B1868704700BFE401002038
:1006000070B50D4D0D4C641BA4100026A64209D1F7
:100610000B4D0C4C00F0A6FE641BA4100026A64255
:1006200005D170BD55F8043B98470136EEE755F803
:10063000043B98470136F2E770B2020870B2020834
:1006400070B20208A8B202087047704770470346AC
:1006500011F8012B03F8012B002AF9D170470A4445
:10066000914200F1FF3300D1704710B511F8014BF2
:1006700003F8014F9142F9D110BD00001FB5144697
:100680001A46094B1B680546D86854B9074B1C46E7
:10069000CDE9013400912B46054900F0F9FBFFF745
:1006A000EDFA044BF4E700BFE4010020C72902087B
:1006B00005B20208F8B1020838B50546002941D054
:1006C00051F8043C0C1F002BB8BFE418FFF794FB53
:1006D0001D4A136833B9636014602846BDE838408A
:1006E000FFF790BBA34208D9206821188B4201BFB5
:1006F00019685B6809182160EDE71A465B680BB161
:10070000A342FAD911685018A0420BD120680144C5
:10071000501883421160E0D118685B685360084448
:100720001060DAE702D90C232B60D6E72068211885
:100730008B4204BF19685B68636004BF09182160BD
:100740005460CAE738BD00BFA07B002051F8043CCC
:10075000181F002BBCBF0B58C01870472DE9F0477D
:100760008E681F46BE420B6882460C4690462DD8C6
:10077000B1F90C2012F4906F26D06569096905EB78
:100780004505A3EB010905EBD5757B1C4B446D10AA
:100790009D4238BF1D46530527D52946FFF7ACFAC1
:1007A000064660B321694A46FFF759FFA38923F43F
:1007B000906343F08003A381266165614E44A5EBFD
:1007C00009052660A5603E46BE4200D93E46206827
:1007D00032464146FFF7D9FDA3689B1BA3602368FF
:1007E000334423600020BDE8F0872A46FFF784FBEE
:1007F00006460028E0D121695046FFF75DFF0C2333
:10080000CAF80030A38943F04003A3814FF0FF30C2
:10081000E9E700002DE9F04F98468B891B069DB053
:1008200007460D46144610D50B6973B94021FFF7F2
:1008300063FA2860286130B90C233B604FF0FF3029
:100840001DB0BDE8F08F40236B6100230993202386
:100850008DF82930CDF80C803023DFF89C818DF89D
:100860002A304FF0010923469A4613F8012B0AB1AA
:10087000252AF9D1BAEB040B0BD05B462246294658
:100880003846FFF76BFF013000F0A780099A5A4401
:1008900009929AF80030002B00F09F8000234FF05F
:1008A000FF32CDE905230AF1010A049307938DF87D
:1008B00053301A935446052214F8011B4E48E0F7B2
:1008C0007FFC049AD8B9D00644BF20238DF853305A
:1008D000110744BF2B238DF853309AF800302A2B90
:1008E00015D0079A544600204FF00A0C214611F803
:1008F000013B303B092B4BD9B0B1079214E0A0EB80
:10090000080309FA03F313430493A246D2E7039BB7
:10091000191D1B680391002BBBBF5B4242F0020212
:1009200007930793B8BF049223782E2B0AD16378DC
:100930002A2B32D1039B1A1D1B68039243EAE373EF
:1009400002340593DFF8B4A0217803225046E0F783
:1009500037FC38B1049BA0EB0A00402282401343CD
:100960000134049314F8011B25488DF82810062241
:10097000E0F726FC002836D0224B1BBB039B073335
:1009800023F0070308330393099B334409936AE771
:100990000CFB02320C460120A8E70023013405932A
:1009A00019464FF00A0C204610F8012B303A092A5C
:1009B00003D9002BC6D00591C4E70CFB01210446E6
:1009C0000123F0E703AB00932A460F4B04A93846F6
:1009D000AFF30080421C0646D6D1AB895B063FF5DB
:1009E0002DAF09982CE703AB00932A46064B04A9C8
:1009F000384600F079F8EDE734B202083AB202085E
:100A00003EB20208000000005D0702082DE9F04731
:100A1000164698468A680B69DDF820909342B8BF65
:100A20001346336091F8432007460C460AB1013360
:100A300033602368990642BF336802333360256808
:100A400015F0060506D104F1190AE36832689B1A0D
:100A5000AB4226DC94F843302268003B18BF0123E8
:100A600092062BD404F1430241463846C847013070
:100A70001ED02368226903F00603042B02BFE56839
:100A80003368ED1AA3680CBF25EAE575002593428B
:100A9000C4BF9B1AED1800261A34B5421AD10020A3
:100AA00008E00123524641463846C847013003D189
:100AB0004FF0FF30BDE8F0870135C6E7E1185A1C5A
:100AC000302081F84300224494F8451082F8431006
:100AD0000233C7E70123224641463846C847013062
:100AE000E6D00136D9E700002DE9FF470F7E0C9EC6
:100AF000782F914680460C469A4601F1430207D86A
:100B0000622F0AD8002F00F0DD80582F00F0C3803C
:100B100004F1420684F842703AE0A7F16303152B12
:100B2000F6D801A151F823F0810B0208950B0208B9
:100B3000110B0208110B0208110B0208110B02081D
:100B4000950B0208110B0208110B0208110B020889
:100B5000110B0208AB0C0208230C0208630C0208FC
:100B6000110B0208110B0208CD0C0208110B020830
:100B7000230C0208110B0208110B02086B0C02086F
:100B800033681A1D1B68326004F1420684F8423053
:100B90000123A8E031682368081D30601E0601D5D6
:100BA0000D6803E05D06FBD5B1F900506168002DCA
:100BB00078DA2D20002984F84300A1602DDA5E4800
:100BC0006D420A231646B5FBF3F103FB1157C75DCF
:100BD00006F8017D2F46BB420D46F4D9082B0BD1F8
:100BE0002368DF0708D5236961689942DEBF302397
:100BF00006F8013C06F1FF36921B2261CDF800A0F9
:100C00004B4603AA21464046FFF700FF01306FD153
:100C10004FF0FF3004B0BDE8F08723F004032360F9
:100C2000CDE721683368080653F8045B02D449060F
:100C300048BFADB26F2F4048336014BF0A2308236A
:100C4000002184F843106668A660002EBADB216894
:100C500021F004012160002DB4D1002EB2D116463E
:100C6000BCE7236843F0200323603448782784F8E6
:100C70004570236831681F0651F8045B02D45F0693
:100C800048BFADB23160D90744BF43F020032360B1
:100C90001DB11023D4E72848E9E7236823F0200397
:100CA0002360F6E724480A23CDE7336825686169A5
:100CB000181D30602E061B6801D5196002E0680619
:100CC000FBD5198000232361164697E733681A1D68
:100CD00032601E68626800213046E0F771FA08B1A0
:100CE000801B606063682361002384F8433085E7DC
:100CF0002369324649464046D047013088D02368B0
:100D00009B0714D4E068039B9842B8BF184681E75C
:100D10000123324649464046D04701303FF478AF80
:100D20000135E36803995B1AAB42F1DCEAE7002581
:100D300004F11906F5E700BF45B2020856B20208F1
:100D4000B1F90C20F8B5170705460C4656D44B6888
:100D5000002B02DC0B6C002B3DDDE66A002E3AD046
:100D6000002312F480522F68216A2B6025D0626D17
:100D7000A389580705D56368D21A636B0BB1236C3E
:100D8000D21A216AE66A00232846B047411C24D0C3
:100D90000023636023692360A389DA0400D56065BA
:100DA000616B2F60B9B104F14403994202D0284627
:100DB000FFF782FC002363630DE001232846B04760
:100DC000461C0246D4D12B68002BD1D01D2B01D05C
:100DD000162B2AD12F6000202EE02A68B4F90C309F
:100DE00042B11D2A01D0162A21D100236360236954
:100DF0002360D5E7626022692260CEE70F69002F89
:100E0000E9D093070E6808BF4B690F6018BF002335
:100E1000F61B8B60002EDEDD216AD4F828C0334635
:100E20003A462846E047002807DCB4F90C3043F086
:100E30004003A3814FF0FF30F8BD0744361AE9E7BD
:100E400038B50B6905460C4613B90025284638BD50
:100E500018B1036A0BB9FFF791F9B4F90C30002B04
:100E6000F3D0626ED00704D4990502D4A06DFFF7C9
:100E7000ECFB28462146FFF763FF636EDA07054661
:100E8000E4D4A3899B05E1D4A06DFFF7DFFBDDE788
:100E90000EB403B5014603AB054853F8042B0068B4
:100EA000019300F02FF802B05DF804EB03B0704737
:100EB000E40100209368013B002B10B4936007DA33
:100EC0009469A34201DB0A2902D110BC00F032B9B7
:100ED0001368581C10601970084610BC7047F8B5AC
:100EE00006460F461446D518AC4201D1002007E053
:100EF00014F8011B3A463046FFF7DCFF431CF3D1E0
:100F0000F8BD00002DE9F04F0D469DB014469846FF
:100F1000064618B1036A0BB9FFF730F96B6ED907B3
:100F200005D4AB899A0502D4A86DFFF78EFBAB8977
:100F30001B0701D52B699BB92946304600F038F9CB
:100F400070B16B6EDC0704D54FF0FF301DB0BDE80B
:100F5000F08FAB899805F7D4A86DFFF777FBF3E71F
:100F60000023099320238DF82930CDF80C803023FD
:100F7000DFF8AC818DF82A304FF0010923469A46FC
:100F800013F8012B0AB1252AF9D1BAEB040B0BD0C7
:100F90005B46224629463046FFF7A1FF013000F0AC
:100FA000A780099A5A4409929AF80030002B00F061
:100FB0009F8000234FF0FF32CDE905230AF1010A9B
:100FC000049307938DF853301A935446052214F86E
:100FD000011B5348E0F7F4F8049AD8B9D10644BF8E
:100FE00020238DF85330130744BF2B238DF8533043
:100FF0009AF800302A2B15D0079A544600204FF05B
:101000000A0C214611F8013B303B092B4BD9B0B1FA
:10101000079214E0A0EB080309FA03F313430493C7
:10102000A246D2E7039B191D1B680391002BBBBF8F
:101030005B4242F0020207930793B8BF0492237801
:101040002E2B0AD163782A2B32D1039B1A1D1B68E1
:10105000039243EAE37302340593DFF8C8A02178D2
:1010600003225046E0F7ACF838B1049BA0EB0A002D
:101070004022824013430134049314F8011B2A4890
:101080008DF828100622E0F79BF800283FD0274B68
:101090001BBB039B073323F0070308330393099B10
:1010A0003B4409936AE70CFB02320C460120A8E797
:1010B00000230134059319464FF00A0C204610F81E
:1010C000012B303A092A03D9002BC6D00591C4E779
:1010D0000CFB012104460123F0E703AB00932A46F1
:1010E000134B04A93046AFF300800746781CD6D1D5
:1010F0006B6ED90705D4AB899A0502D4A86DFFF7AA
:10110000A5FAAB895B063FF51FAF09981EE703AB55
:1011100000932A46064B04A93046FFF7E5FCE4E7B6
:1011200034B202083AB202083EB2020800000000DF
:10113000DF0E0208F8B50E461446054618B1036ADC
:101140000BB9FFF71BF8A369A360A3891A0701D5A0
:10115000236943B92146284600F02AF818B14FF018
:10116000FF373846F8BD23682269981A6369F6B2DA
:101170008342374605DC21462846FFF761FE0028FA
:10118000EDD1A368013BA36023685A1C22601E7046
:101190006269431C9A4204D0A389DB07E1D50A2E79
:1011A000DFD121462846FFF74BFE0028D9D0D6E7ED
:1011B00038B5294B054618680C4618B1036A0BB9B7
:1011C000FEF7DCFFB4F90C30190722D4DA0607D495
:1011D00009222A6043F04003A3814FF0FF3033E03F
:1011E000580712D5616B41B104F14403994202D012
:1011F0002846FFF761FA00236363A38923F02403E1
:10120000A3810023636023692360A38943F008035B
:10121000A38123694BB9A38903F42073B3F5007F3D
:1012200003D02146284600F03FF8B4F90C3013F003
:1012300001020AD00022A26062695242A2612269C0
:1012400042B913F08000C5D138BD990758BF626913
:10125000A260F4E70020F7E7E401002070B50C4637
:10126000B1F90E10002996B015461E460DDAA38975
:1012700013F0800F4FF0000114BF40234FF4806340
:10128000002031602B6016B070BD6A4600F048F84F
:101290000028ECDB019901F47041A1F5005359429B
:1012A00059414FF48063EBE78B89F7B59D070646FC
:1012B0000C4607D504F147032360236101236361D2
:1012C00003B0F0BD01AB6A46FFF7C8FF009F0546BB
:1012D00039463046FEF710FD48B9B4F90C309A058E
:1012E000EED423F0030343F00203A381E2E7A389D2
:1012F000206043F08003A381019BC4E904075BB134
:10130000B4F90E10304600F01DF828B1A38923F07F
:10131000030343F00103A381A3891D43A581CFE704
:1013200038B5074D00230446084611462B60E5F703
:10133000A6FD431C02D12B6803B1236038BD00BF5A
:10134000E07C002038B5064D0023044608462B609B
:10135000E5F79AFD431C02D12B6803B1236038BD29
:10136000E07C0020F8B500BFF8BC08BC9E46704782
:0C137000F8B500BFF8BC08BC9E467047F2
:101380000000000001000000020000000200000058
:1013900000000000010000000000FFFF00008000CE
:1013A000000000000800080000000000000000002D
:1013B000E8030000FFFFFFFFFFFFFFFFFFFFFFFF4E
:1013C000FFFFFFFFFFFFFFFF0000D9430000FA42CD
:1013D0000907120A080000000000D9439A999940B1
:1013E0000000A0400000FA420A0010000000D943AB
:1013F0009A9999400A000000FFFFFFFF00000000DB
:10140000800100008001000012AD101B00000000F0
:1014100001010000010001000000010001000000C6
:101420005000B00018017801B0021803C80530065A
:10143000300C980C000000003500420055006B0095
:101440008400AB00D70008015601AE011002AC02C7
:101450005C0320045805B5063C08AC0A640D6B100B
:1014600004000000003001401205000004010000EB
:1014700000000158020D0000090000000038004083
:10148000120300000F0000000030014012050000B0
:101490001200000000300140120500001900000099
:1014A00000380040120500001C0000000038004019
:1014B00012050000FFFFFFFF000000000000000019
:1014C000010000000030014012050000050000008E
:1014D0000030014012050000050100000000015825
:1014E000020D000008000000003800401205000056
:1014F0000900000000380040120500001300000041
:1015000000300140120500001A00000000380040C1
:10151000120500001D000000003800401205000008
:10152000FFFFFFFF000000000000000005000000BA
:1015300000380040120300000600000000300140A7
:10154000120500000601000000000158020D000015
:101550000B000000003001401205000014000000E4
:1015600000300140120500001E000000003800405D
:1015700012050000220000000038004012050000A3
:10158000FFFFFFFF00000000000000000700000058
:101590000030014012050000070100000000015862
:1015A000020D00000A000000003800401205000093
:1015B0000C00000000300140120500001500000082
:1015C00000300140120500001F00000000380040FC
:1015D0001205000021000000003800401203000046
:1015E000230000000038004012050000FFFFFFFF4D
:1015F0000000000000000000000000000044004067
:1016000012070000060000000080004012080000E1
:101610000B00000000380140120700001400000019
:1016200000380140120700001D000000008000404B
:1016300012080000FFFFFFFF000000000000000094
:1016400001000000008000401208000001010000BD
:1016500000440040120700000C0000000038014068
:101660001207000011000000008000401208000076
:101670001300000000380140120700001C000000A9
:101680000080004012080000FFFFFFFF0000000084
:10169000000000000300000000800040120800006D
:1016A0000301000000440040120700000A0000008F
:1016B0000038014012070000170000000038014008
:1016C000120700001A00000000800040120800000D
:1016D000200000000080004012080000FFFFFFFF14
:1016E0000000000000000000020000000080004038
:1016F0001208000002010000004400401207000030
:101700000900000000380140120700001600000028
:1017100000380140120700001B000000008000405C
:1017200012080000210000000080004012080000A4
:10173000FFFFFFFF000000000000000000000000AD
:101740000000004012810000010000000000004085
:10175000120101000200000000000040128101009F
:10176000030000000000004012010200050000001C
:10177000000000401281000006000000004401400B
:10178000128E000007000000002C014012811000A2
:101790000701000000480140128E00000800000010
:1017A000002C01401281000009000000002C0140C3
:1017B000120101000A000000002C0140128101000A
:1017C0000B000000002C0140120102000F0000007D
:1017D00000000040128100001300000000000040E3
:1017E000120101001600000000440140128E10009A
:1017F0001700000000480140128E10001800000081
:10180000002C0140120111001801000000440140A9
:10181000128E000019000000002C014012811100FE
:101820001901000000480140128E00001A0000005B
:1018300000000040128101001B0000000000004079
:10184000120102001D000000002C01401281100056
:101850001E000000002C0140120111001F000000BA
:10186000002C014012811100FFFFFFFF000000006B
:10187000000000000A000000007400400380000027
:10188000FFFFFFFF00000000000000000A00000052
:1018900000240140030003000B000000002401406D
:1018A000038003000C00000000240140030004003A
:1018B0000D00000000240140038004000E00000021
:1018C00000240140030005000F0000000024014037
:1018D0000380050011000000002401400380020085
:1018E0001200000000240140030002001300000069
:1018F0000024014003000100140000000024014006
:10190000038001001D0000000024014003000000CE
:101910001E0000000024014003800000FFFFFFFFC5
:1019200000000000000000000A0000000B000000A2
:101930000C0000000D0000000E0000000F00000071
:10194000110000001200000013000000140000004D
:101950001D0000001E00000000000000010000004B
:101960000200000003000000040000000500000069
:101970000600000007000000080000000900000049
:101980000A0000000B0000000C0000000D00000029
:101990000E0000000F000000100000001100000009
:1019A00012000000130000001400000015000000E9
:1019B00016000000170000001800000019000000C9
:1019C0001A0000001B0000001C0000001D000000A9
:1019D0001E0000001F000000200000002100000089
:1019E0002200000023000000240000002500000069
:1019F000260000002D0000002E0000002F00000037
:101A000033000000010002000400060008000A0084
:101A10000C001000200040008000000102010403BF
:101A2000020408100400400000040000001000B090
:101A3000002000B4004000B80100000002000004D3
:101A4000040000080800000C100000102000001422
:101A5000400000188000001C00010020000200244B
:101A6000000400280008002C001000300020003482
:101A7000004000380080003C0000014000000244AB
:101A80000100000002000000040000000800000047
:101A90001000000020000000400000008000000056
:101AA0000001000000020000000400000008000027
:101AB0000010000000200000004000000080000036
:101AC0000100000002000000040000000800000007
:101AD0001000000020000000400000008000000016
:101AE00000010000000200000004000000080000E7
:101AF00000100000002000000040000000800000F6
:101B0000A0860100400D0300801A060000350C007D
:101B100040420F0080841E0000093D0000127A0040
:101B20000024F40000366E010048E801006CDC027D
:101B300000000000000000000000000000000000A5
:101B40000000000000000000000000000000000095
:101B5000010000000200000003000000040000007B
:101B6000010000000300000005000000010000006B
:101B700001000000060000000A0000002000000034
:101B80000200000004000000080000001000000037
:101B90004000000080000000000100000002000082
:101BA000010002000400060008000A000C001000FA
:101BB00020004000800000015F6D61696E002F63AE
:101BC0006F6E746163747333002F6368616E6E654A
:101BD0006C7332002F6164765F626C6F6273002FEA
:101BE0006E65775F7072656673002F6E6F64655FF8
:101BF0007072656673004F4B004E4F4E414D45006D
:101C0000697A4F483663584E366D724A35653236BA
:101C10006F52584E63673D3D005075626C696300BA
:101C200030362D4A756E2D3230323600536565657B
:101C3000642057696F2045352044657620426F61E6
:101C400072640076312E31362E302D303761336399
:101C50006139007265626F6F74007265736574003C
:101C6000736574200070696E200020203E2070692A
:101C70006E206973206E6F7720253036640A00204D
:101C8000204572726F723A20756E6B6E6F776E20A0
:101C9000636F6E6669673A2025730A007265627524
:101CA000696C640020203E20657261736520616E5E
:101CB000642072656275696C6420646F6E650020D3
:101CC000204572726F723A20657261736520666199
:101CD000696C65640065726173650020203E206553
:101CE0007261736520646F6E65006C730055736577
:101CF00072446174612F004C697374696E67206669
:101D0000696C657320696E2025730A005B646972D3
:101D10005D2020557365724461746125732F2573AE
:101D20000A005B66696C655D205573657244617479
:101D30006125732F257320282564206279746573CB
:101D4000290A005B6469725D2020457874726146DF
:101D50005325732F25730A005B66696C655D20450A
:101D600078747261465325732F25732028256420CB
:101D70006279746573290A0063617400496E766143
:101D80006C696420706174682070726F7669646534
:101D9000642C206D7573742073746172742077697C
:101DA00074682055736572446174612F206F7220CE
:101DB000457874726146532F00726D2000496E762B
:101DC000616C696420706174682070726F766964F8
:101DD00065640046696C652072656D6F76656400A8
:101DE0004661696C656420746F2072656D6F7665FD
:101DF0002066696C650020204572726F723A20750A
:101E00006E6B6E6F776E20636F6D6D616E64000236
:101E1000040810000000000000000000DD7A000847
:101E2000000000000000000049BE0008E77D000837
:101E3000197800081B7800081D7800082178000830
:101E400039780008B9790008F9B700082DAE000804
:101E500043780008297800082D7800087978000870
:101E60007D780008D5800008918000084778000838
:101E700033CA000877CC000823CE0008FF7800089A
:101E800075CA00082FD20008357800083778000896
:101E9000537E0008CD7E0008D1CA000821CB00087F
:101EA0000BCC000851780008817D0008B57D000842
:101EB000617800086F780008477F00088F8200086B
:101EC0005B7A0008157A0008557C0008E187000855
:101ED0000B880008378800088D780008AD78000866
:101EE000F1780008EB840008D38500089D7F000886
:101EF000E17A0008BDCC0008D7880008D788000820
:101F0000717D00085B7D0008317D00084D7D000873
:101F10003F7D0008237D0008B0A9FFFF00000000FE
:101F2000357D0008517D0008437D0008277D0008AD
:101F3000689B0600689B060077440D0077440D00FF
:101F4000F0010E00F0010E00000000000000000093
:101F500097A800080000000000000000E1A80008A9
:101F6000B3A800084E6F7420617661696C61626C81
:101F700065004552524F523A20726164696F206980
:101F80006E6974206661696C65643A200000000027
:101F9000000000000000000097AB000800000000F7
:101FA0000000000095AB0008DFAB00086D070108DA
:101FB0003D1B0108831B01088D1B0108A1FD0008C2
:101FC000112F010845040108E12E01082F03010823
:101FD000830E0108F50801085501010843010108B5
:101FE00025FD000839240108B9230108D12701087B
:101FF0008D2A0108A32A01081FF70008C1FA00086A
:10200000272801081D23010805250108D5250108F9
:1020100095090108A508010805040108E1FD00086B
:10202000E1FF000875FF0008A30101088F01010806
:102030008DFF0008BDFD0008890301085103010858
:102040007DFD00083D050108CD01010897FF00084E
:10205000030301080DF7000815F700080DF7000845
:1020600015F700080DF7000815F70008E9FA000851
:1020700019010108F50A0108950201089FFF0008EF
:10208000A9F8000855F800082D210108F9210108D8
:1020900019F80008E1F8000831F9000871F80008A3
:1020A000F9F800081FFC000849FA000855FC000870
:1020B00089FA00080000000000000000B5E30008F5
:1020C0002DE4000895E4000843AC000845E600084C
:1020D00059E50008A9E40008F5E40008E5AA0008AD
:1020E00009E40008C9E4000819E400082BAC000862
:1020F0003DAB000845AB000825AB0008CFAC00089D
:10210000DDAA000817810008EFAB00084DAB0008FE
:10211000EBAA0008EDAA0008000000000000000083
:1021200055AB000815AC0008F7AB00080000000034
:10213000000000006DAB000871AB000875AB000833
:1021400077AB00087BAB00087FAB000883AB0008CF
:1021500087AB00080000000000000000D3AB0008BF
:1021600095AA00089DAA0008A1AA00088DAB000846
:10217000A5AA0008A7AA0008FDAA0008C3AB00088A
:10218000A9AA0008ABAA0008B1AA0008B3AA0008CF
:10219000B7AA0008F7AA0008B9AA000821AB0008EE
:1021A000BDAA0008C1AA0008C5AA0008C9AA00085B
:1021B000D1AA0008D5AA0008F1AA00080100000071
:1021C000000000000000000000000000000000000F
:1021D00000000000020000000100000000000000FC
:1021E00000000000000000000000000004000000EB
:1021F00000000000010000000000000000000000DE
:1022000000000000000000000000000000000000CE
:1022100000000000000000000000000004000000BA
:1022200005000000FFFFFFFFFFFFFFFFFFFFFFFFB5
:102230000000000000000000000000001DAE0008CB
:10224000197800081B7800081D780008217800081C
:1022500023AE000835AE000829AE00082DAE0008F8
:102260001FAE0008297800082D7800087065E18FFE
:10227000D9FABB70C1ED90DCA19907DE698C88B7F3
:1022800009EA146EAFD93D9B830C7B60C46811933F
:10229000C79BBC39945BA8064104BB618F8FD7A84C
:1022A0004A0AF6F57033D6E8DDCD6471001EC771B9
:1022B00075B0918ED206F9AE04EC136D6D5D4315C9
:1022C000BB26305427F645B492E9350C10000000C7
:1022D000000000000000000049BE00081DAE00081C
:1022E000197800081B7800081D780008217800087C
:1022F00023AE000835AE0008F9B700082DAE00087F
:102300001FAE0008297800082D7800089DB7000846
:10231000B5B70008C9B70008B9B70008BDB70008CD
:10232000C1B70008A1B70008A3B70008A5B7000807
:10233000A7B70008ABB70008357800083778000861
:10234000ADB70008AFB70008C5B70008B1B70008BF
:10235000B3B700083031323334353637383941427B
:10236000434445460000000000000000000000005B
:1023700019C900081FC9000815C9000825C90008A7
:1023800029C90008CDC900082DC9000825733A20C5
:1023900000000000000000000000000049BE00082E
:1023A0001DAE0008197800081B7800081D78000889
:1023B0002178000823AE000835AE0008F9B7000800
:1023C0002DAE00081FAE0008297800082D780008FF
:1023D0009DB70008B5B70008C9B70008B9B700082D
:1023E000BDB7000833CA000877CC000823CE000828
:1023F000A5B7000875CA00082FD200083578000874
:1024000037780008ADB70008AFB70008D1CA000898
:1024100021CB00080BCC000815CA000819CA000817
:102420001DCA00081FCA000823CA000827CA0008DE
:1024300000000000000000000000000083CB000846
:10244000000000000000000000000000000000008C
:1024500000000000000000000000000029CA000881
:102460000000000000000000BDCC000879CB00088F
:1024700079CB00082BCA00082FCA000825732F2526
:10248000732E6964000000000000000000000000DE
:10249000FFE1000835E200083FE20008B3E1000870
:1024A00045E10008D5E00008D9E00008DDE00008BB
:1024B00007E200085DE20008B9E100080000F0C092
:1024C000000020C1000048C1000070C100008CC1A4
:1024D0000000A0C1000000000000000021E800088A
:1024E00035E80008000000000000000037EA00089E
:1024F00079EA0008D1E00008DBEA0008B5E8000846
:10250000BDE80008D7E8000803D2010825D2010879
:102510000000000000000000B5F40008CBF5000842
:10252000BDF50008AFF50008A1F5000861F5000849
:1025300053F500084DF5000841F4000849F500087E
:1025400045F5000833F50008CDF4000829F500082A
:10255000DBF4000823F50008D5F40008B7F4000800
:10256000D9F5000811F5000801F50008FDF4000890
:1025700069F4000825320108000000000000000096
:102580002DF600088BF6000879F6000899F6000889
:1025900031F6000861F5000853F500084DF5000814
:1025A00041F4000849F5000845F5000833F5000836
:1025B000CDF4000829F50008DBF4000823F5000835
:1025C000D5F40008B7F40008D9F5000811F50008A3
:1025D00001F50008FDF4000869F40008253201083F
:1025E0000024F400010000000000000000000000D2
:1025F0001DF7000861F800086D0701083D1B010880
:10260000831B01088D1B0108A1FD0008112F010883
:1026100045040108E12E01082F030108830E01087B
:10262000F5080108550101084301010825FD0008CE
:1026300039240108B9230108D12701088D2A01088E
:10264000A32A01081FF70008C1FA0008272801087B
:102650001D23010805250108D52501089509010854
:10266000A508010805040108E1FD0008E1FF0008D4
:1026700075FF0008A30101088F0101088DFF000804
:10268000BDFD000889030108510301087DFD000814
:102690003D050108CD01010897FF0008030301086B
:1026A0000DF7000815F700080DF7000815F70008EA
:1026B0000DF7000815F70008E9FA000819010108EC
:1026C000F50A0108950201089FFF0008A9F8000813
:1026D00055F800082D210108F921010819F8000812
:1026E000E1F8000831F9000871F80008F9F800086D
:1026F0001FFC000849FA000855FC000889FA000888
:102700005358313236310000000000000000000054
:1027100085FB00088FFC00086D0701083D1B0108C0
:10272000831B01088D1B0108A1FD0008112F010862
:1027300045040108E12E01082F030108830E01085A
:10274000F5080108550101084301010825FD0008AD
:1027500039240108B9230108D12701088D2A01086D
:10276000A32A010875FD0008C1FA000827280108FE
:102770001D23010805250108D52501089509010833
:10278000A508010805040108E1FD0008E1FF0008B3
:1027900075FF0008A30101088F0101088DFF0008E3
:1027A000BDFD000889030108510301087DFD0008F3
:1027B0003D050108CD01010897FF0008030301084A
:1027C0001D210108252101081D21010825210108DD
:1027D0001D21010825210108E9FA00081901010855
:1027E000F50A0108950201089FFF0008CD200108A5
:1027F000FD2001082D210108F92101086F1D0108A4
:1028000087FB00088DF90008DDFB0008F1F90008DE
:102810001FFC000849FA000855FC000889FA000866
:1028200022FB1200110321001106210322021406CB
:10283000110B120B110E120E11141116220B13157F
:102840002111240D211421162215231541134114A1
:102850003314521361165216531663166416741607
:102860000000000000000000DDFF00081F03010859
:102870006D0701083D1B0108831B01088D1B010822
:10288000A1FD0008112F010845040108E12E0108EF
:102890002F030108830E0108F508010855010108FE
:1028A000430101087F2E010839240108B9230108DA
:1028B000D12701088D2A0108A32A01088B2E0108BF
:1028C000912E0108272801081D230108052501086C
:1028D000D525010895090108A50801080504010886
:1028E000E1FD0008E1FF000875FF0008A3010108F1
:1028F0008F0101088DFF0008BDFD00088903010854
:10290000510301087DFD00083D050108CD010108C6
:1029100097FF0008030301081D2101082521010874
:102920001D210108252101081D210108252101087B
:102930006D2E010819010108F50A01089502010828
:102940009FFF0008CD200108FD2001082D2101086E
:10295000F92101086F1D0108212D30333639000F90
:10296000060300122436480416283A4C081A2C3E56
:102970000C1E304210223446011325374905172911
:102980003B4D091B2D3F0D1F3143112335470214C9
:1029900026384A06182A3C4E0A1C2E400E20324485
:1029A000031527394B07192B3D4F0B1D2F410F21C5
:1029B00033451F170F1E160E1D150D1C140C1B136F
:1029C0000B1A120A191109000108AC0000000000DE
:1029D000000000000000000000000000532E01086D
:1029E0005F2E0108652E01086D2E01085F2E01087B
:1029F000112F0108592E0108E12E01085F2E010850
:102A00005F2E0108732E0108792E01085F2E010840
:102A10007F2E01087F2E01087F2E01086D2E0108F0
:102A20006D2E0108852E01088B2E0108912E0108BC
:102A3000732E0108792E0108972E0108972E0108A0
:102A4000A72E0108AD2E0108AD2E0108B52E0108F4
:102A5000C12E0108C12E0108C52E0108792E0108DA
:102A6000792E01085F2E0108CB2E01085F2E010888
:102A70005F2E0108CB2E0108D12E0108D52E0108AA
:102A8000D72E0108D52E0108D92E0108D52E010810
:102A9000D92E0108D52E0108D92E01086D2E010866
:102AA000CB2E0108DB2E01085F2E0108000000007C
:102AB000302112031203302103122130213003127E
:102AC000437034072516526152612516340743704E
:102AD000073470436152162516256152704307343E
:102AE000340743705261251625165261437034072E
:102AF000704307341625615261521625073470431E
:102B000000000000000000000000000000000000C5
:102B100000000000000000000000000000000000B5
:102B200000000000000000000000000000000000A5
:102B30000000000000000000000000000000000095
:102B40000000000000000000000000001B3201082F
:102B50001B3201081D3201081F3201081B32010817
:102B600021320108253201080000000000000000A9
:102B70005D3201087D3201085133010859320108E4
:102B800091320108E9340108113701085533010871
:102B90000000000000000000000000000000000035
:102BA000513301080000000000000000E934010872
:102BB00011370108553301080001020408102040B4
:102BC000801B36001B362D6C775A4152096AD5306E
:102BD00036A538BF40A39E81F3D7FB7CE339829BA7
:102BE0002FFF87348E4344C4DEE9CB547B9432A656
:102BF000C2233DEE4C950B42FAC34E082EA1662827
:102C0000D924B2765BA2496D8BD12572F8F6648621
:102C1000689816D4A45CCC5D65B6926C704850FD83
:102C2000EDB9DA5E154657A78D9D8490D8AB008C20
:102C3000BCD30AF7E45805B8B34506D02C1E8FCA9A
:102C40003F0F02C1AFBD0301138A6B3A9111414F8F
:102C500067DCEA97F2CFCEF0B4E67396AC7422E765
:102C6000AD3585E2F937E81C75DF6E47F11A711D45
:102C700029C5896FB7620EAA18BE1BFC563E4BC60B
:102C8000D279209ADBC0FE78CD5AF41FDDA83388B4
:102C900007C731B11210592780EC5F60517FA91925
:102CA000B54A0D2DE57A9F93C99CEFA0E03B4DAE50
:102CB0002AF5B0C8EBBB3C83539961172B047EBA4D
:102CC00077D626E169146355210C7D637C777BF20E
:102CD0006B6FC53001672BFED7AB76CA82C97DFA10
:102CE0005947F0ADD4A2AF9CA472C0B7FD9326366D
:102CF0003FF7CC34A5E5F171D8311504C723C318CB
:102D000096059A071280E2EB27B27509832C1A1BED
:102D10006E5AA0523BD6B329E32F8453D100ED2045
:102D2000FCB15B6ACBBE394A4C58CFD0EFAAFB430B
:102D30004D338545F9027F503C9FA851A3408F92A7
:102D40009D38F5BCB6DA2110FFF3D2CD0C13EC5F41
:102D5000974417C4A77E3D645D197360814FDC22E0
:102D60002A908846EEB814DE5E0BDBE0323A0A4960
:102D700006245CC2D3AC629195E479E7C8376D8DC7
:102D8000D54EA96C56F4EA657AAE08BA78252E1CA1
:102D9000A6B4C6E8DD741F4BBD8B8A703EB566488D
:102DA00003F60E613557B986C11D9EE1F898116989
:102DB000D98E949B1E87E9CE5528DF8CA1890DBF43
:102DC000E6426841992D0FB054BB16000000000088
:102DD00000000000000000000000000000000000F3
:102DE00000000000000000000000000000000000E3
:102DF000000000001B132C0AA3E59CEDA729630823
:102E00005D210621EBFFFFFFFFFFFFFFFFFFFFFF3D
:102E1000FFFFFFFF0F000000EDD3F55C1A631258AF
:102E2000D69CF7A2DEF9DE140000000000000000CE
:102E30000000000000000010A3DDB7A5B38ADE6D1E
:102E4000F5525177809FF0207DE3AB648E4EEA66A9
:102E500065768BD70F5F87670100000000000000D8
:102E60000000000000000000000000000000000062
:102E70000000000000000000586666666666666630
:102E800066666666666666666666666666666666E2
:102E900066666666666666661AD5258F602D56C9B3
:102EA000B2A7259560C72C695CDCD6FD31E2A4C0D1
:102EB000FE536ECDD336692159F1B226949BD6EBE1
:102EC00056B183829A14E00030D1F3EEF2808E196D
:102ED000E7FCDF56DCD90624A3785913CA4DEB75FD
:102EE000ABD841414D0A700098E879777940C78C9A
:102EF00073FE6F2BEE6C0352000000000000000018
:102F0000693F0108893F0108F13E0108F53E0108CB
:102F1000F93E01086D410108D1410108513F010806
:102F20006B4201089B420108982F8A4291443771F5
:102F3000CFFBC0B5A5DBB5E95BC25639F111F1593C
:102F4000A4823F92D55E1CAB98AA07D8015B83127E
:102F5000BE853124C37D0C55745DBE72FEB1DE802A
:102F6000A706DC9B74F19BC1C1699BE48647BEEF59
:102F7000C69DC10FCCA10C246F2CE92DAA84744AE4
:102F8000DCA9B05CDA88F97652513E986DC631A85A
:102F9000C82703B0C77F59BFF30BE0C64791A7D539
:102FA0005163CA0667292914850AB72738211B2EC1
:102FB000FC6D2C4D130D385354730A65BB0A6A76A9
:102FC0002EC9C281852C7292A1E8BFA24B661AA8B5
:102FD000708B4BC2A3516CC719E892D1240699D6C5
:102FE00085350EF470A06A1016C1A419086C371E3E
:102FF0004C774827B5BCB034B30C1C394AAAD84E1C
:103000004FCA9C5BF36F2E68EE828F746F63A57856
:103010001478C8840802C78CFAFFBE90EB6C50A4E9
:10302000F7A3F9BEF27871C60000000000000000AE
:103030006143010881430108074301080B4301086C
:103040002943010859480108D74801080F430108DE
:1030500077490108A749010822AE28D7982F8A424C
:10306000CD65EF23914437712F3B4DECCFFBC0B5BD
:10307000BCDB8981A5DBB5E938B548F35BC25639BD
:1030800019D005B6F111F1599B4F19AFA4823F92A7
:1030900018816DDAD55E1CAB420203A398AA07D84B
:1030A000BE6F7045015B83128CB2E44EBE85312445
:1030B000E2B4FFD5C37D0C556F897BF2745DBE729F
:1030C000B196163BFEB1DE803512C725A706DC9B04
:1030D000942669CF74F19BC1D24AF19EC1699BE4E9
:1030E000E3254F388647BEEFB5D58C8BC69DC10F03
:1030F000659CAC77CCA10C2475022B596F2CE92D63
:1031000083E4A66EAA84744AD4FB41BDDCA9B05CFA
:10311000B5531183DA88F976ABDF66EE52513E98EB
:103120001032B42D6DC631A83F21FB98C82703B0DB
:10313000E40EEFBEC77F59BFC28FA83DF30BE0C6B8
:1031400025A70A934791A7D56F8203E05163CA066A
:10315000706E0E0A67292914FC2FD246850AB727FC
:1031600026C9265C38211B2EED2AC45AFC6D2C4D35
:10317000DFB3959D130D3853DE63AF8B54730A652F
:10318000A8B2773CBB0A6A76E6AEED472EC9C2818B
:103190003B358214852C72926403F14CA1E8BFA2E6
:1031A000013042BC4B661AA89197F8D0708B4BC285
:1031B00030BE5406A3516CC71852EFD619E892D10D
:1031C00010A96555240699D62A20715785350EF425
:1031D000B8D1BB3270A06A10C8D0D2B816C1A41939
:1031E00053AB4151086C371E99EB8EDF4C77482763
:1031F000A8489BE1B5BCB034635AC9C5B30C1C39AF
:10320000CB8A41E34AAAD84E73E363774FCA9C5BEB
:10321000A3B8B2D6F36F2E68FCB2EF5DEE828F7466
:10322000602F17436F63A57872ABF0A11478C88440
:10323000EC39641A0802C78C281E6323FAFFBE907B
:10324000E9BD82DEEB6C50A41579C6B2F7A3F9BED6
:103250002B5372E3F27871C69C6126EACE3E27CAF0
:1032600007C2C021C7B886D11EEBE0CDD67DDAEA11
:1032700078D16EEE7F4F7DF5BA6F1772AA67F006B0
:10328000A698C8A2C57D630AAE0DF9BE04983F1189
:103290001B471C13350B711B847D0423F577DB283A
:1032A0009324C7407BABCA32BCBEC9150ABE9E3C44
:1032B0004C0D109CC4671D43B6423ECBBED4C54CDA
:1032C0002A7E65FC9C297F59ECFAD63AAB6FCB5F1E
:1032D0001758474A8C19446C08C9BCF367E6096A59
:1032E0003BA7CA8485AE67BB2BF894FE72F36E3C95
:1032F000F1361D5F3AF54FA5D182E6AD7F520E51F2
:103300001F6C3E2B8C68059B6BBD41FBABD9831FAB
:1033100079217E1319CDE05BB0A00E4A271BEEC4C5
:1033200078E42FAD0618432FA7D7FB3D99004D2B0E
:103330000BDFC14F8024832B000000000000000041
:10334000000000000000000000000000000000007D
:10335000000000000000000000000000000000006D
:103360000000000000000000010001006400640093
:10337000000000000000000000000000000000004D
:10338000000000000000000000000000000000003D
:10339000000000000000000000000000000000002D
:1033A000000000000000000000000000000000001D
:1033B000000000000000000000000000000000000D
:1033C00000000000000000000000000000000000FD
:1033D00000000000000000000000000000000000ED
:1033E00000000000000000000000000000000000DD
:1033F00000000000000000000000000000000000CD
:1034000000000000000000000000000000000000BC
:1034100000000000000000000000000000000000AC
:10342000000000000000000000000000000000009C
:103430000100010001000A0002000000000000007D
:1034400000000000000000000000E80300000A0087
:103450006400E8030100000001000100000000001A
:10346000000001000000000001000000E803E80384
:1034700001000100640001000000000000000000E5
:103480000000000001000101020200000000000035
:10349000000000000000000000000000000000002C
:1034A000000000000000000000000000000000001C
:1034B000000000000000000000000000000000000C
:1034C00000000000000000000000000000000000FC
:1034D00000000000000000000000000000000000EC
:1034E00000000000000000000000040201020100D2
:1034F00000000000000000060002020204000102B9
:103500000000000200000200040402040603090097
:1035100000000000010000000000000000000000AA
:1035200053510108555101082E2E000000000000E3
:10353000000000002F52010847520108D1E00008A6
:10354000E1520108BB520108DD530108675201082E
:1035500003D2010825D201086C6974746C65667326
:1035600000000000000000006410B71DC8206E3B82
:10357000AC30D9269041DC76F4516B6B5861B24D7A
:103580003C7105502083B8ED44930FF0E8A3D6D6E4
:103590008CB361CBB0C2649BD4D2D38678E20AA04C
:1035A0001CF2BDBD0000000022AE28D7982F8A4231
:1035B000CD65EF23914437712F3B4DECCFFBC0B568
:1035C000BCDB8981A5DBB5E938B548F35BC2563968
:1035D00019D005B6F111F1599B4F19AFA4823F9252
:1035E00018816DDAD55E1CAB420203A398AA07D8F6
:1035F000BE6F7045015B83128CB2E44EBE853124F0
:10360000E2B4FFD5C37D0C556F897BF2745DBE7249
:10361000B196163BFEB1DE803512C725A706DC9BAE
:10362000942669CF74F19BC1D24AF19EC1699BE493
:10363000E3254F388647BEEFB5D58C8BC69DC10FAD
:10364000659CAC77CCA10C2475022B596F2CE92D0D
:1036500083E4A66EAA84744AD4FB41BDDCA9B05CA5
:10366000B5531183DA88F976ABDF66EE52513E9896
:103670001032B42D6DC631A83F21FB98C82703B086
:10368000E40EEFBEC77F59BFC28FA83DF30BE0C663
:1036900025A70A934791A7D56F8203E05163CA0615
:1036A000706E0E0A67292914FC2FD246850AB727A7
:1036B00026C9265C38211B2EED2AC45AFC6D2C4DE0
:1036C000DFB3959D130D3853DE63AF8B54730A65DA
:1036D000A8B2773CBB0A6A76E6AEED472EC9C28136
:1036E0003B358214852C72926403F14CA1E8BFA291
:1036F000013042BC4B661AA89197F8D0708B4BC230
:1037000030BE5406A3516CC71852EFD619E892D1B7
:1037100010A96555240699D62A20715785350EF4CF
:10372000B8D1BB3270A06A10C8D0D2B816C1A419E3
:1037300053AB4151086C371E99EB8EDF4C7748270D
:10374000A8489BE1B5BCB034635AC9C5B30C1C3959
:10375000CB8A41E34AAAD84E73E363774FCA9C5B96
:10376000A3B8B2D6F36F2E68FCB2EF5DEE828F7411
:10377000602F17436F63A57872ABF0A11478C884EB
:10378000EC39641A0802C78C281E6323FAFFBE9026
:10379000E9BD82DEEB6C50A41579C6B2F7A3F9BE81
:1037A0002B5372E3F27871C69C6126EACE3E27CA9B
:1037B00007C2C021C7B886D11EEBE0CDD67DDAEABC
:1037C00078D16EEE7F4F7DF5BA6F1772AA67F0065B
:1037D000A698C8A2C57D630AAE0DF9BE04983F1134
:1037E0001B471C13350B711B847D0423F577DB28E5
:1037F0009324C7407BABCA32BCBEC9150ABE9E3CEF
:103800004C0D109CC4671D43B6423ECBBED4C54C84
:103810002A7E65FC9C297F59ECFAD63AAB6FCB5FC8
:103820001758474A8C19446C853B8C01BDF124FF25
:10383000F825C30160DC3700B74C3EFFC3423D00B2
:10384000324CA401E1A44CFF4C3DA3FF753E1F0088
:10385000519140FF76410E00A273D6FF068A2E00DA
:103860007CE6F4FF0A8A8F00341AC200B8F44C00D8
:10387000818F2901BEF413FF7BAA7AFF6281440085
:1038800079D5930056651EFFA1679B008C5943FFB5
:10389000EFE5BE01430BB500C6F089FEEE45BCFF67
:1038A000EA713CFF25FF39FF45B2B6FE80D0B30078
:1038B000761A7DFE0307D6FFF1324DFF55CBC5FFCB
:1038C000D387FAFF193064FFBBD5B4FE11586900E5
:1038D00053D19E010573620004AE3CFEAB376EFF10
:1038E000D9B511FF14BCAA00929C66FE57D6AEFF54
:1038F000727A9B01E92CAA007F08EF01D6ECEA005E
:10390000AF05DB00316A3DFF0642D0FF026A6EFF61
:1039100051EA13FFD76BC0FF4397EE00132A6CFFE9
:10392000E5557101324487FF116A0900326701FFD2
:103930005001A80123981EFF10A8B9013859E8FFCB
:1039400065D2FC0029FA4700CCAA4FFF0E2EEFFFEC
:10395000504DEF00BDD64BFF118DF90026504CFFA6
:10396000BE55750056E4AA009CD8D001C3CFA4FF71
:1039700096424CFFAFE110FF8D5062014CDBF2002C
:10398000C6A272002EDA98009B2BF1FE9BA068FF66
:10399000B209FCFE646ED4000E05A700E9EFA3FF98
:1039A0001C979D0165920AFFFE9E46FE47F9E400C2
:1039B000581E3200443AA0FFBF186801814281FFBF
:1039C000C03255FF08B38AFF26FAC9007350A00021
:1039D00083E671007D5893005A44C700FD4C9E0059
:1039E0001CFF760071FAFE00424B2E00E6DA2B0037
:1039F000E578BA0194442B00887CEE01BB6BC5FFCF
:103A00005435F6FF3374FEFF33BBA5000211AF003F
:103A10004254A001F73A1E00234135FE45ECBF0099
:103A20002D86F501A37BDD00206E14FF3417A50061
:103A3000BAD64700E9B06000F2EF360139598A0082
:103A4000530054FF88A064005C8E78FE687CBE0042
:103A5000B5B13EFFFA29550098822A0160FCF600B4
:103A600097973FFEEF853E0020389C002DA7BDFFB5
:103A70008E85B3018356D300BBB396FEFAAA0EFF20
:103A8000447115FFDEBA3BFF4207F10145064800CD
:103A9000569C6CFE37A759006D34DBFE0DB017FF46
:103AA000C42C6AFFEF9547FFA48C7DFF9FAD0100FA
:103AB0003329E700913E21008A6F5D01B95345002B
:103AC00090732E00619710FF18E41A0031D9E200BC
:103AD000714BEAFEC1990CFFB63060FF0E0D1A0063
:103AE00080C3F9FE45C13B00842551FE7D6A3C0040
:103AF000D6F0A901A4E34200D2A34E0025349700DA
:103B0000634D1A00EE9CD5FFD5C0D101492E54005B
:103B10001441290136CE4F00C98392FEAA6F18FFC7
:103B2000B12132FEAB26CBFF4EF77400D1DD9900F8
:103B30008580B2013A2C1900C9273B01BD13FC0056
:103B400031E5D20175BB7500B5B3B8010072DB0079
:103B5000305E9300F52938007D0DCCFEF4AD770082
:103B60002CDD20FE54EA1400F9A0C601EC7EEAFF29
:103B70008F3EDD008159D6FF378B05FE4414BFFF11
:103B80000ECCB20123C3D9002F33CE0126F6A500F7
:103B9000CE1B06FE9E572400D93492FF7D7BD7FFB3
:103BA000553C1FFFAB0D0700DAF558FEFC233C0027
:103BB00037D6A0FF85653800E02013FE9340EA0069
:103BC0001A91A20172767D00F8FCFA00655EC4FFCE
:103BD000C68DE2FE332AB600870C09FE6DACD2FF1B
:103BE000C5ECC201F1419A00309C2FFF994337FF89
:103BF000DAA522FE4AB4B300DA424701587A6300DC
:103C0000D4B5DBFF5C2AE7FFEF009A00F54DB7FF64
:103C10005E51AA0112D5D800AB5D4700345EF800B2
:103C20001297A1FEC5D142FFAEF40FFEA230B7003D
:103C3000313DF0FEB65DC300C7E40601C80511FFC3
:103C4000892DEDFF6C9404005A4FEDFF273F4DFF87
:103C50003552CF018E1676FF65E812015C1A4300DB
:103C600005C858FF21A88AFF95E1480002D11BFF33
:103C70002CF5A801DCED11FF1ED369FE8DEEDD00F1
:103C80008050F5FE6FFE0E00DE5FBE01DF09F10021
:103C9000924CD4FF6CCD68FF3F7599009045300081
:103CA00023E46F00C021C1FF70D6BEFE7398970059
:103CB00017665800334AF800E2C78FFECCA265FFB2
:103CC000D061BD01F5681200E6F61EFF17944500AD
:103CD0006E5834FEE2B559FFD02F5AFE72A150FF44
:103CE0002174F800B39857FF4590B10158EE1AFFC0
:103CF0003A207101014D45003B7934FF98EE5300A5
:103D00003408C100E727E9FFC7228A00DE44AD007E
:103D10005B39F2FEDCD27FFFC007F6FE9723BB00C3
:103D2000C3ECA5006F5DCE00D4F785019A85D1FF65
:103D30009BE70A00404E26007AF964011E1361FFDA
:103D40003E5BF901F8854D00C53FA8FE740A52009C
:103D5000B8EC71FED4CBC2FF3D64FCFE2405CAFF63
:103D6000775B99FF814F1D006767ABFEEDD76FFF53
:103D7000D8354500EFF01700C295DDFF26E1DE00E3
:103D8000E8FFB4FE765285FF39D1B1018BE885009A
:103D90009EB02EFEC2732E0058F7E5011C67BF00CF
:103DA000DDDEAFFE95EB2C0097E419FEDA696700C3
:103DB0008E55D2009581BEFFD5415EFE7586E0FF2F
:103DC00052C675009DDDDC00A3652400C572250088
:103DD00068ACA6FE0BB600005148BCFF61BC10FFEA
:103DE00045060A00C79391FF0809730141D6AFFF4A
:103DF000D9ADD100507FA600F7E504FEA7B77CFF40
:103E00005A1CCCFEAF3BF0FF0B29F8016C2833FFA6
:103E100090B1C3FE96FA7E008A5B4101783CDEFFDA
:103E2000F5C1EF001DD6BDFF80021900509AA20017
:103E30004DDC6B01EACD4AFF36A667FF74480900E6
:103E4000E45E2FFF1EC819FF23D659FF3DB08CFF3B
:103E500053E2A3FF4B82AC00802611005F8998FFDC
:103E6000D77C9F014F5D000094529DFEC382FBFFF3
:103E700028CA4CFFFB7EE0009D633EFECF07E1FFBA
:103E80006044C3008CBA9DFF8313E7FF2A80FE00C5
:103E900034DB3DFE66CB48008D070BFFBAA4D5008E
:103EA0001F7A770085F29100D0FCE8FF5BD5B6FF62
:103EB0008F04FAFEF9D74A00A51E6F01AB09DF0097
:103EC000E57B22015C821AFF4D9B2D01C38B1CFFF9
:103ED0003BE04E008811F7006C7920004FFABDFFDF
:103EE00060E3FCFE26F13E003EAE7DFF9B6F5DFF72
:103EF0000AE6CE0161C528FF003139FE41FA0D0006
:103F000012FB96FFDC6DD2FF05AEA6FE2C81BD0034
:103F1000EB2393FF25F78DFF488D04FF676BFF00B0
:103F2000F75A0400352C2A00021EF000043B3F0023
:103F3000584E240071A7B400BE47C1FFC79EA4FF1E
:103F40003A08AC004D210C00413F0300994D21FF80
:103F5000ACFE6601E4DD04FF571EFE01922956FF08
:103F60008ACCEFFE6C8D11FFBBF28700D2D07F00B0
:103F7000442D0EFE49603E00513C18FFAA0624FF66
:103F800003F91A0023D56D00168136FF1523E1FFD2
:103F9000EA3D38FF3AD906008F7C5800EC7E42009B
:103FA000D126B7FF22EE06FFAE9166005F16D30062
:103FB000C40F99FE2E54E8FF75229201E7FA4AFFDA
:103FC0001B8664015CBBC3FFAAC67000781C2A0074
:103FD000D14643001D511F001DA86401A9ADA000DA
:103FE0006B2375003E603BFF510C450187EFBEFF20
:103FF000DCFC1200A3DC3AFF8989BCFF53666D002C
:1040000060064C00EADED2FFB9AECD013C9ED5FF82
:104010000DF1D600AC818C005D68F200C09CFB0005
:104020002B751E00E1519E007FE8DA00E21CCB00F8
:10403000E91B97FF752B05FFF20E2FFF21140600D9
:1040400089FB2CFE1B1FF5FFB7D67DFE2879950056
:10405000BA9ED5FF5908E300455800FECB87E10022
:10406000C9AECB009347B800127929FE5E054E0019
:10407000E0D6F0FE2405B400FB87E701A38AD40054
:10408000D2F974FE5881BB00130831FE3E0E90FF3A
:104090009F4CD300D63352006D75E4FE67DFCBFF33
:1040A0004BFC0F019A47DCFF170D5B018DA860FFE9
:1040B000B5B68500FA333700EAEAD4FEAF3F9E007A
:1040C00027F034019EBD24FFD528550120B4F7FF09
:1040D00013661A01541861FF4515DE00948B7AFFB0
:1040E000DCD5EB01E8CBFF0079399300E3079A00B8
:1040F000351693014801E100528630FE533C9DFF86
:104100009148A9002267EF00C6E92F00741304FF4D
:10411000B86A09FFB781530024B0E601226748005E
:10412000DBA28600F52A9E00209560FEA52C90005B
:10413000CAEF48FED79605002A42240184D7AF0073
:1041400056AE56FF1AC59CFF31E887FE67B652008F
:10415000FD80B00199B27A00F5FA0A00EC18B200BD
:10416000896A8400281D2900321E98FF7C69260078
:10417000E6BF4B008F2BAA002C8314FF2C0D17FFDA
:10418000EDFF9B019F6D64FF70B518FF68DC6C004C
:1041900037D38300630CD5FF989791FFEE059F00FE
:1041A000619B0800216C5100010367003E6D22FFF6
:1041B000FA9BB4002047C3FF264691019F5FF5009C
:1041C00045E56501881CF0004FE019004E6E79FF4F
:1041D000F8A87C00BB80F7000293EBFE4F0B840035
:1041E000463A0C01B508A3FF4F8985FF25AA0BFFAE
:1041F0008DF355FFB0E7D7FFCC96A4FFEFD727FF8D
:104200002E579CFE08A358FFAC22E800422C66FF04
:104210001B3629FEEC6357FF297BA90134722B0062
:10422000758628009B861A00E7CF5BFE238426FF55
:1042300013667DFE24E385FF760371FF1D0D7C0070
:1042400098604A015892CEFFA7BFDCFEA21258FF29
:10425000B66417001F753400512E6A010C02070066
:104260004550C901D1F6AC000C308D01E0D35800A7
:1042700074E29F007A62820041ECEA01E1E209FF08
:10428000CFE27B0159D63B00708758015AF4CBFF2F
:10429000310B2601816CBA0059700F01652ECCFFDD
:1042A0007FCC2DFE4FFFDDFF334912FF7F2A65FFD4
:1042B000F115CA00A0E307006932EC004F34C5FFD6
:1042C00068CAD001B40F100065C54EFF624DCB0027
:1042D00029B9F10123C17C00239B17FFCF35C00012
:1042E0000B7DA301F99EB9FF04833000155D6FFFBC
:1042F0003D79E70145C824FFB930B9FF6FEE15FFDE
:10430000273219FF63D7A3FF57D41EFFA49305FFDD
:10431000800623016CDF6EFFC24CB2004A65B40018
:10432000F32F3000AE192BFF52ADFD013672C0FFE6
:1043300028375B00D76CB0FF0B380700E0E94C0072
:10434000D162CAFEF2197D002CC15DFECB08B1001E
:1043500087B013007047D5FFCE3BB00104431A006D
:104360000E8FD5FE2A37D0FF3C437800C115A3003D
:1043700063A473000A1476009CD4DEFEA007D9FF64
:1043800072F54C01753B7B00B0C256FED50FB000F4
:104390004ECECFFED5813B00E9FB1601603798FF7A
:1043A000ECFF0FFFC55954FF5D958500AEA071006D
:1043B000EA63A9FF9874580090A453FF5F1DC6FFDD
:1043C000222F0FFF637886FF05ECC100F9F77EFF0F
:1043D00093BB1E0032E675FF6CD9DBFFA351A6FF2D
:1043E0004819A9FE9B794FFF1C9B59FE077E1100BF
:1043F000934121012FEAFD001A3312006953C7FFD0
:10440000A3C4E60071F8A400E2FEDA00BDD1CBFF40
:10441000A4F7DEFEFF23A50004BCF3017FB3470031
:1044200025EDFEFF64BAF000053947FE674849FFF5
:10443000F41251FEE5D284FFEE06B4FF0BE5AEFFA9
:10444000E3DDC00111311C00A3D7C4FE097604FFCF
:1044500033F0470071816DFF4CF0E700BCB17F0085
:104460007D472C011AAFF3005EA919FE1BE61D0063
:104470000F8B7701A8AABAFFACC54CFFFC4BBC0060
:10448000897CC400481660FF2D97F901DC91640017
:1044900040C09FFF78EFE20081B2920000C07D0033
:1044A000EB8AEA00B79D920053C7C0FFB8AC48FF43
:1044B00049E180004D06FAFFBA41430068F6CF009B
:1044C000BC208AFFDA18F200438A51FEED8179FFA1
:1044D00014CF960129C710FF061480009F760500AF
:1044E000B5108FFFDC260F00174093FE491A0D0010
:1044F00057E43901CC7C80002B18DF00DB63C70058
:10450000164B14FF131B7E009D3ED7006E1DE60068
:10451000B3A7FF0136FCBE00DDCCB6FEB39E41FF63
:10452000519D0300C2DA9F00AADF0000E00B20FFCC
:1045300026C56200A8A4250017580701A4BA6E007A
:1045400060248600EAF2E500FA791300F2FE70FFBB
:10455000032F5E0109EF06FF518699FED6FDA8FFE5
:10456000437CE000F55F4A001C1E2CFE016DDCFF61
:10457000B2595900FC244C0018C62EFF4C4D6F0058
:1045800086EA88FF275E1D00B948EAFF464487FF98
:10459000E76607FE4DE78C00A72F3A01946176FF8E
:1045A000101BE101A6CE8FFF6EB2D6FFB483A2002E
:1045B0008F8DE1010DDA4EFF729921016268CC0006
:1045C000AF727501A7CE4B00CAC453013A404300F5
:1045D0008A2F6F01C4F780FF89E0E0FE9E70CF0054
:1045E0009A64FF0186256B00C6804FFF7FD19BFF39
:1045F000A3FEB9FE3C0EF3001FDB70FE1DD9410087
:10460000C80D74FE7B3CC4FFE03BB8FEF259C40009
:104610007B104BFE9510CE0045FE3001E774DFFFA6
:10462000D1A04101C850620025C2B8FE943F2200CB
:104630008BF041FFD99084FF38262DFEC778D20039
:104640006CB1A6FFA0DE0400DC7E77FEA56BA0FFA8
:1046500052DCF801F1AF8800908D17FFA98A540051
:10466000A0894EFFE27650FF341B84FF3F608BFF32
:1046700098FA2700BC9B0F00E83396FE280FE8FF4E
:10468000F0E509FF89AF1BFF4B496101DAD40B004C
:104690008705A2016BB9D50002F96BFF28F246002D
:1046A000DBC81900199D0D00435250FFC4F917FFD4
:1046B00091149500324892005E4C940118FB410021
:1046C0001FC01700B8D4C9FF7BE9A201F7AD4800AD
:1046D000A257DBFE7E8659009F0B0CFEA6691D00CB
:1046E000491BE4017178B7FF42A36D01D48F0BFF22
:1046F0009FE7A801FF805A00390E3AFE59340AFF9D
:10470000FD08A3010091D2FF0A8155012EB51B00BF
:104710006788A0FE7EBCD1FF22236F00D7DB18FF85
:10472000D40BD6FE65057600E8C585FFDFA76DFFD3
:10473000ED5056FF468B5E009EC1BF019B0F33FFBD
:104740000FBE73004E87CFFFF90A1B01B57DE9004C
:104750005FAC0DFEAAD5A1FF27EC8AFF5F5D57FF76
:10476000BE805F007D0FCE00A6969F00E30F9EFFE8
:10477000CE9E78FF2A8D800065B278019C6D830003
:10478000DA0E2CFEF7A8CEFFD4701C007011E4FFE7
:104790005A102501C5DE6C00FECF53FF095AF3FF06
:1047A000F3F4AC001A5873FFCD747A00BFE6C10071
:1047B000B4640B01D92560FF9A4E9C00EBEA1FFF01
:1047C000CEB2B2FF95C0FB00B6FA8700F6166900BC
:1047D0007CC16DFF02D295FFA911AA0000606EFF97
:1047E00075090801327B28FFC1BD630022E3A000E8
:1047F000305046FED333EC002D7AF5FE2CAE080087
:10480000AD25E9FF9E41AB007A45D7FF5A5002FF24
:10481000836A60FEE3728700CD3177FEB03E40FFD1
:10482000523311FFF114F3FF820D08FE80D9F3FF1C
:10483000A21B01FE5A76F100F6C6F6FF371076FF8E
:10484000C89F9D00A31101008C6B790055A176FFD4
:10485000260095009C2FEE0009A6A6014B62B5FF2D
:10486000324A1900420F2F008BE19F004C038EFF4C
:104870000EEEB8000BCF35FFB7C0BA01AB20AEFFCC
:10488000BF4CDD01F7AADB0019AC32FED909E90003
:10489000CB7E44FFB75C30007FA7B7014131FE00FB
:1048A000103F7F01FE15AAFF3BE07FFE16303FFF61
:1048B0001B4E82FE28C31D00FA8470FE23CB90009D
:1048C00068A9A800CFFD1EFF682826FE5EE45800F8
:1048D000CE1080FFD4377AFFDF16EA00DFC57F00F5
:1048E000FDB5B50191667600EC9924FFD4D948FF57
:1048F000142618FE8A3E3E00988C0400E6DC63FF16
:104900000115D4FF94C9E700F47B09FE00ABD20087
:10491000333A25FF01FF0EFFF4B791FE00F2A60027
:10492000164A840079D829005FC372FE851897FF64
:104930009CE2E7FFF7054DFFF69473FEE15C51FF43
:10494000DE50F6FEAA7B59FF4AC78D001D1408FFF2
:104950008A8846FF5D4B5C00DD9331FE347EE200C9
:10496000E57C17002E09B500CD40340183FE1C0004
:10497000979ED40083404E00CE19AB0000E68B001A
:10498000BFFD6EFE67F7A700402828012AA5F1FFAA
:104990003B4BE4FE7CF3BDFFC45CB2FF828C56FF50
:1049A0008D59380193C605FFCBF89EFE90A28D006D
:1049B0000BACE200822A15FF01A78FFF902424FF91
:1049C0003058A4FEA8AADC006247D6005BD04F0096
:1049D0009F4CC901A62AD6FF45FF00FF06807DFF38
:1049E000BE018C009253DAFFD7EE48017A7F350082
:1049F000BD74A5FF540842FFD603D0FFD56E8500D5
:104A0000C3A82C019EE74500A240C8FE5B3A68009F
:104A1000B63ABBFEF9E48800CB864CFE63DDE900C4
:104A20004BFED6FE50459A004098F8FEEC88CAFF2F
:104A30009D6999FE95AF1400162313FF7C79E90058
:104A4000BAFAC6FE84E58B008950AEFFA57D44000E
:104A500090CA94FEEBEFF80087B87600655E11FF10
:104A60007A4846FE458292007FDEF801457F76FF58
:104A70001E52D7FEBC4A13FFE5A7C2FE751942FFBE
:104A800041EA38FED5169C00973B5DFE2D1C1BFFAE
:104A9000BA7EA4FF2006EF007F726301DB3402FFC1
:104AA0006360A6FE3EBE7EFF6CDEA8014BE2AE0058
:104AB000E6E2C7003C75DAFFFCF81401D6BCCC0076
:104AC0001FC286FE7B45C0FFA9AD24FE37625B0096
:104AD000DF2A66FE890166009D5A1900EF7A40FFC1
:104AE000FC06E900073614FF5274AE00872536FF36
:104AF0000FBA7D00E370AFFF64B4E1FF2AEDF4FF6D
:104B0000F4ADE2FEF8122100AB6396FF4AEB32FFF0
:104B1000755220FE6AA8ED00CF6DD001E409BA00FD
:104B2000873CA9FEB35C8F00F4AA68FFEB2D7CFFE5
:104B30004663BA007589B700E01FD70028096400F2
:104B40001A105F0144D95700089714FF1A643AFFFE
:104B5000B0A5CB01347646000720FEFEF4FEF5FF3B
:104B6000A790C2FF7D7117FFB079B5008854D100BE
:104B70008A061EFF59301C00219B0EFF19F09A0077
:104B80008DCD6D0146733EFF14286BFE8A9AC7FFD8
:104B90005EDFE2FF9DAB2600A3B119FE2D7603FF79
:104BA0000EDE1701D1BE51FF767BE8010DD565FF02
:104BB0007B377BFE1BF6A50032634CFF8CD620FFB3
:104BC000614143FF180C1C00AE564E0140F76000D7
:104BD000A08743004237F3FF93CC60FF1A0621FF02
:104BE0006233530199D5D0FF02B836FF19DA0B00B2
:104BF0003143F6FE129548FF0D1948002A4FD600A2
:104C00002A0426011B8B90FF95BB170012A4840079
:104C1000F554B8FE78C668FF7EDA60003875EAFFA2
:104C20000D1DD6FE442F0AFFA79A84FE9826C600C3
:104C300042B259FFC82EABFF0D6353FFD2BBFDFF3D
:104C4000AA2D2A018AD17C00D6A28D000CE69C00F8
:104C5000662470FE0393430034D77BFFE9AB36FF35
:104C600062893E00F7DA27FFE7DAEC00F7BF7F0042
:104C7000C3925400A5B05CFF13D45EFF114AE30059
:104C800058289901C69301FFCE43F5FEF003DAFFE1
:104C90003D8DD5FF61B76A00C3E8EBFE5F569A0011
:104CA000D130CDFE76D1F1FFF078DF01D51D9F0028
:104CB000A37F93FF0DDA5D00551844FE461450FFA4
:104CC000BD058C015261FEFF6363BFFF845485FF05
:104CD0006BDA74FF707A2E0069112000C2A03FFFCA
:104CE00044DE2701D8FD5C00B169CDFF95C9C30042
:104CF0002AE10BFF28A2730009075100A5DADB00A7
:104D0000B41600FE1D92FCFF92CFE101B487600053
:104D10001FA37000B10BDBFF850CC1FE2B4E3200D0
:104D2000417179013BD906FF6E5E180170AC6F00CE
:104D3000070F600024557B00479615FFD049BC0043
:104D4000C00BA701D5F5220009E65C00A28E27FF63
:104D5000D75A1B00626159005E4FD3005A9DF00084
:104D60005FDC7E0166B0E200241EE0FE231F7F00B0
:104D7000E7E8730155538200D249F5FF2F8F72FF88
:104D80004441C5003B483EFFB785ADFE5D7976FFE7
:104D90003BB151FFEA45ADFFCD80B100DCF43300FB
:104DA0001AF4D10149DE4DFFA30860FE9695D300A9
:104DB0009EFECB01367F8B00A1E03B00046D16FF09
:104DC000DE2A2DFFD09266FFEC8EBB0032CDF5FFC0
:104DD0000A4A59FE304F8E00DE4C82FF1EA63F006D
:104DE000EC0C0DFF31B8F400BB716600DA65FD0014
:104DF0009939B6FE20962A0019C69201EDF13800C5
:104E00008C4405005BA4ACFF4E91BAFE4334CD0048
:104E1000DBCF81016D731100368F3A0115F878FFF1
:104E2000B3FF1E00C1EC42FF01FF07FFFDC030FFD2
:104E30001345D90103D600FF40659201DF7D23FFB2
:104E4000EB49B3FFF9A7E200E1AF0A0161A23A0022
:104E50006A70AB0154AC05FF858CB2FF86F58E00FD
:104E6000615A7DFFBACBB9FFDF4D17FFC05C6A0006
:104E70000FC673FFD998F800ABB278FFE48635000F
:104E8000B036C101FAFB3500D50A640122C76A00B9
:104E9000971FF4FEACE057FF0EED17FFFD551AFF0C
:104EA0007F2774FFAC686400FB0E46FFD4D08AFFF6
:104EB000FDD3FA00B031A5000F4C7BFF25DAA0FF2F
:104EC0005C8710010A7E72FF4605E0FFF7F98D004E
:104ED00044143C01F1D2BDFFC3D9BB01970371005B
:104EE000975CAE00E73EB2FFDBB7E100171721FF8A
:104EF000CDB5500039B8F8FF43B401FF5A7B5DFFD0
:104F00002700A2FF60F834FF54428C00227FE4FFA8
:104F1000C28A0701A66EBC0015119B019ABEC6FF8E
:104F2000D6503BFF12078F00481DE201C7D9F90098
:104F3000E8A1470195BEC900D9AF5FFE719343FF59
:104F40008A8FC7FF7FCC01001DB65301CEE69BFFC1
:104F5000BACC3C000A7D55FFE86019FFFF59F7FF06
:104F6000D5FEAF01E8C151001C2B9CFE0C4508008A
:104F70009318F80012C63100863C230076F612FF23
:104F80003158FEFEE415BAFFB6417001DB1601FF91
:104F9000167E34FFBD3531FF70198F00267F37FF35
:104FA000E265A3FED0853DFF8945AE01BE7691FF47
:104FB0003C62DBFFD90DF5FFFA880A0054FEE200DF
:104FC000C91F7D01F033FBFF1F8382FF028A32FF7E
:104FD000D7D7B101DF0CEEFFFC9538FF7C5B44FFB7
:104FE000487EAAFE77FF64008287E8FF0E4FB2007A
:104FF000FA83C5008AC6D00079D88BFE771224FFC9
:105000001DC17A00102A2DFFD5F0EB01E6BEA9FFE5
:10501000C623E4FE6EAD4800D6DDF1FF389487006C
:10502000C0754EFE8D5DCFFF8F419500151262FF5A
:105030005F2CF4016ABF4D00FE5508FED66EB0FF2E
:1050400049AD13FEA0C4C7FFED5A9000C1AC71FF7B
:10505000C89B88FEE45ADD0089314A01A4DDD7FFF0
:10506000D1BD05FF69EC37FF2A1F8101C1FFEC00AC
:105070002ED93C008A58BBFFE252ECFF514597FF06
:105080008EBE10010D8608007F7A30FF51409C00D3
:10509000ABF38B00ED23F6007A8FC1FED47A920039
:1050A0005F29FF0157844D0004D41F00111F4E00DB
:1050B000272DADFE188ED9FF5F0906FFE3530600CA
:1050C000623B82FE3E1E21000873D301A26180FF75
:1050D00007B817FE741CA8FFF88A97FF62F4F00067
:1050E000BA76820072F8EBFF69ADC801A07C47FF79
:1050F0005E24A401AF4192FFEEF1AAFECAC6C5002C
:10510000E4478AFE2DF66DFFC2349E0085BBB000D9
:1051100053FC9AFE59BDDDFFAA49FC00943A7D007C
:10512000244433FE2A45B1FFA84C56FF2664CCFF29
:1051300026352300AF136100E1EEFDFF51518700DA
:10514000D21BFFFEEB496B0008CF7300527F880033
:10515000546315FECF13880064A4650050D04DFF42
:1051600084CFEDFF0F030FFF21A66E009C5F55FF5C
:1051700025B96F01966A23FFA6974C00725787FFE7
:105180009FC240000C7A1FFFE80765FEAD77620002
:105190009A47DCFEBF3935FFA8E8A0FFE02063FF97
:1051A000DA9CA5009799A300D90D9401C571590007
:1051B000951CA1FECF171E006984E3FF36E65EFF53
:1051C00085ADCCFF5CB79DFF5890FCFE66215A0070
:1051D0009F610300B5DA9BFFF07277006AD635FF56
:1051E000A5BE7301985BE1FF586A2CFFD03D7100AA
:1051F00097347C00BF1B9CFF6E36EC010E1EA6FF91
:10520000277FCF01E5C71C00BCE4BCFE649DEB001A
:10521000F6DAB7016B16C1FFCEA05F004CEF93002A
:10522000CFA1750033A602FF34750AFE4938E3FFAB
:1052300098C1E100845E88FF65BFD100206BE5FF67
:10524000C62BB40164D27600724399FF17581AFF37
:10525000599A5C01DC788CFF9072CFFFFC73FAFFE7
:1052600022CE48008A857FFF08B27C01574B61003F
:105270000FE55CFEF04383FF767BE3FE927868FFE8
:1052800091D5FF0181BB46FFDB7736000113AD00EE
:105290002D969401F8534800CBE9A9018E6B380094
:1052A000F7F926012DF250FF1EE967006052460013
:1052B00017C96F0051271EFFA1B74EFFC2EA21FF99
:1052C00044E38CFED8CE7400461BEBFF68904F0081
:1052D000A4E65DFED6879C009ABBF2FEBC1483FF59
:1052E000246DAE009F70F100056E950124A5DA00D3
:1052F000A61D1301B22E49005D2B20FEF8BDED0066
:10530000669B8D00C95DC3FFF18BFDFF0F6F62FFD0
:105310006C41A3FE9B4FBEFF49AEC1FEF62830FF95
:105320006B580BFECA6155FFFDCC12FF71F24200B3
:105330006EA0C2FED012BA0051153C00BC68A7FF97
:105340007CA661FED2858E0038F289FE296F82002C
:105350006F973A016FD58DFFB7ACF1FF2606C4FFFA
:10536000B9077BFF2E0BF600F56977010F02A1FF4D
:1053700008CE2DFF12CA4AFF537C7301D48D9D00C5
:105380005308D1FE8B0FE8FFAC36ADFE32F7840038
:10539000D6BDD50090B86900DFFEF800FF93F0FF9E
:1053A00017BC480007333600BC19B4FEDCB400FF5C
:1053B00053A01400A3BDF3FF3AD1C2FF57493C00EC
:1053C0006A183100F5F9DC0016ADA700760BC3FFB3
:1053D000137EED006E9F25FF3B522F00B4BB56009D
:1053E000BC94D001642585FF0770C10081BC9CFF7F
:1053F000546A81FF85E1CA000EEC6FFF2814650036
:10540000ACAC31FE33364AFFFBB9B8FF5D9BE0FF21
:10541000B4F9E001E6B29200483936FEB23EB80077
:1054200077CD4800B9EFFDFF3D0FDA00C44338FFE8
:10543000EA20AB012EDBE400D06CEAFF143FE8FF6A
:10544000A535C70185E405FF34CD6B004AEE8CFF1E
:10545000969CDBFEEFACB2FFFBBDDFFE208ED3FFE0
:10546000DA0F8A01F1C450001C2462FE16EAC7005C
:105470003DEDDCFFF63925008E118EFF9D3E1A00B2
:105480002BEE5FFE03D906FFD519F00127DCAEFF36
:105490009ACD30FE130DC0FFF42236FE8C109B0017
:1054A000F0B505FE9BC13C00A68004FF249138FFA7
:1054B00096F0DB007833910052992A018CEC92002F
:1054C0006B5CF801BD0A03003F88F200D327180087
:1054D00013CAA101AD1BBAFFD2CCEFFE29D1A2FFA6
:1054E000B6FE9FFFAC743400C367DEFECD453B00C3
:1054F00035162901DA30C20050D2F200D2BCCF00FA
:10550000BBA1A1FED811010088E17100FAB83F00EB
:10551000DF1E62FE4DA8A2003B35AF0013C90AFF93
:105520008BE0C20093C19AFFD4BD0CFE01C8AEFF50
:10553000328571015EB35A00ADB687005EB171006D
:105540002B59D7FF88FC6AFF7B8653FE05F542FF87
:1055500052312701DC02E0006181B1004D3B59006E
:105560003D1D9B01CBABDCFF5C4E8B009121B5FF59
:10557000A9188D013796B3008B3C50FFDA276100E4
:1055800002936BFF3CF84800ADE62F010653B6FFCF
:105590001069A2FE89D451FFB4B8860127DEA4FFAA
:1055A000DD69FB01EF707D003F0761003F68E3FFAD
:1055B000943A0C005A3CE0FF54D4FC004FD7A800AA
:1055C000F8DDC7017379010024AC780020A2BBFF8D
:1055D000396B31FF932A15006AC62B01394A5700EF
:1055E0007ECB51FF8187C3008C1FB100DD8BC200D1
:1055F00003DED7008344E700B156B2FE7C97B400C7
:10560000B87C260146A31100F9FBB5012A37E30057
:10561000E2A12C0017EC6E0033958E015D05EC00C5
:10562000DAB76AFE43184D0028F5D1FFDE799900FC
:10563000A5391E00537D3C0046265201E506BC00FC
:105640006DDE9DFF37763FFFCD97BA00E32195FFD2
:10565000FEB0F601E3B1E300226AA3FEB02B4F00D7
:105660006A5F4E01B9F17AFFB90E3D002401CA000C
:105670000DB2A2FFF70B8400A1E65C014101B9FF66
:10568000D432A5018D9240FF9EF2DA0015A47D0070
:10569000D58B7A0143475700CB9EB201975C2B0014
:1056A000986F05FF2703EFFFD9FFFAFFB03F47FFD1
:1056B0004AF54D01FAAE12FF2231E3FFF62EFBFF51
:1056C0009A2330017D9D3DFF6A244EFF61EC9900D5
:1056D00088BB78FF7186ABFF13D5D9FED85ED1FFAA
:1056E000FC053D005E03CA00031AB7FF40BF2BFF55
:1056F0001E171500818D4DFF66780701C24C8C0086
:10570000BCAF34FF11519400E8563701E130AC00D2
:10571000862A2AFFEE322F00A912FE00149357FFAB
:105720000EC3EFFF45F71700EEE580FFB1317000C3
:10573000A862FBFF7947F800F30891FEF6E399FFB2
:10574000DBA9B1FEFB8BA5FF0CA3B9FFA428ABFF1F
:10575000999F1BFEF36D5BFFDE18700112D6E70008
:105760006B9DB5FEC39300FFC26368FF598CBEFFFB
:10577000B1427EFE6AB9420031DA1F00FCAE9E00E3
:10578000BC4FE601EE29E000D4EA0801880BB50021
:10579000A67553FF44C35E002E84C900F0985800DC
:1057A000A43945FEA0E02AFF3BD743FF77C38DFF16
:1057B00024B479FECF2F08FFAED2DF0065C544FFC9
:1057C000FF528D01FA89E9006156850110504500AC
:1057D00084839F00745D64002D8D8B0098AC9DFFC9
:1057E0005A2B5B0047992E00271070FFD98861FF64
:1057F000DCC619FEB1353100DE5886FF800F3C0053
:10580000CFC0A9FFC074D1FF6A4ED301C8D5B7FF7E
:10581000070C7AFEDECB3CFF216EC7FEFB6A7500EB
:10582000E4E10401783A07FFDDC154FE70851B00F6
:10583000BDC8C9FF8B879600EA37B0FF3D324100F3
:10584000986CA9FFDC5501FF7087E300A21ABA002B
:10585000CF60B9FEF4886B005D993201C661970094
:105860006E0B56FF8F75AEFF73D4C80005CAB70024
:10587000EDA40AFEB9EF3E00EC7812FE627B63FFF6
:10588000A8C9C2FE2EEAD600BF8531FF63A9770002
:10589000BEBB230173152DFFF983480070067BFF03
:1058A000D631B5FEA6E922005CC566FEFDE4CDFF5B
:1058B000033BC9012A622E00DB2523FFA9C3260072
:1058C0005E7CC1019C2BDF005F4885FE78CEBF0067
:1058D0007AC5EFFFB1BB4FFFFE2E0201FAA7BE0053
:1058E00054811300CB71A6FFF91FBDFE489DCAFF6E
:1058F000D04749FFCF1848000A101201D2514CFF7F
:1059000058D0C0FF7EF36BFFEE8D78FFC779EAFFBA
:10591000890C3BFF24DC7BFF94B33CFEF00C1D00A4
:1059200042006101241E26FF73015DFF6067E7FFEF
:10593000C59E3B01C0A4F000CACA39FF18AE3000B2
:10594000594D9B012A4CD700F497E90017305100BC
:10595000EF7F34FEE38225FFF8745D017C847600DE
:10596000ADFEC00106EB53FF6EAFE701FB1CB600B6
:1059700081F95DFE54B880004CB53E00AF80BA009E
:10598000643588FE6D1DE200DDE93A0114634A00CA
:105990000016A000860D1500093437FF11598C0040
:1059A000AF223B0054A577FFE0E2EAFF0748A6FFDD
:1059B0007B73FF0112D6F600FA074701D9DCB90064
:1059C000D4234CFF267DAF00BD61D20072EE2CFFC8
:1059D00029BCA9FE2DBA9A00515C160084A0C10012
:1059E00079D062FF0D512CFFCB9C5200473A15FF36
:1059F000D072BFFE322693009AD8C30065191200F8
:105A00003CFAD7FFE984EBFF67AF8E01100E5C0014
:105A10008D1F6EFEEEF12DFF99D9EF0161A82FFFCA
:105A2000F95510011CAF3EFF39FE3600DEE77E005F
:105A3000A62D75FE12BD60FFE44C3200C8F45E0076
:105A4000C6987801442245FF0C41A0FE65135A0018
:105A5000A7C578FF4436B9FF29DABC0071A8300029
:105A60005869BD011A5220FFB95DA401E4F0EDFFB1
:105A700042B63500ABC55CFF6B09E901C77890FF02
:105A80004E310AFF6DAA69FF5A041FFF1CF471FF13
:105A90004A3A0B003EDCF6FF799AC8FE90D2B2FF7C
:105AA0007E3981012BFA0EFF656F1C012F56F1FF25
:105AB0003D4696FF354905FF1E1A9E00D11A560035
:105AC0008AED4A00A45FBC008E3C1DFEA274F8FF64
:105AD000BBAFA00097121000D16F41FECB8627FF0D
:105AE000586C31FF831A47FFDD1BD7FE68695DFFE5
:105AF0001FEC1FFE8700D3FF8F7F6E01D449E500A6
:105B0000E943A7FEC301D0FF8411DDFF33D95A005A
:105B100043EB32FFDFD28F00B3358201E96AC60062
:105B2000D9ADDCFF70E518FFAF9A5DFE47CBF6FFFD
:105B3000304285FF0388E6FF17DD71FEEB6FD5006D
:105B4000AA785FFEFBDD02002D829EFE695ED9FF12
:105B5000F234B4FED5442DFF68261C00F49E4C00A0
:105B6000A1C860FFCF350DFFBB439400AA36F800F3
:105B700077A2B2FF53140B002A2AC001929FA3FF01
:105B8000B7E86F004DE515FF47358F001B4C22002D
:105B9000F6882FFFDB27B6FF5CE0C901138E0EFFEE
:105BA00045B6F1FFA376F500096D6A01AAB5F7FFC6
:105BB0004E2FEEFF54D2B0FFD56B8B0027260B0083
:105BC0004815960048824500CD4D9BFE8E851500F8
:105BD000476FACFEE22A3BFFB300D7012180F10002
:105BE000EAFC0D01B84F08006E1E49FFF68DBD009E
:105BF000AACFDA014A9A45FF8AF631FF9B2064005A
:105C00007D4A69FF5A553DFF23E5B1FF3E7DC1FF47
:105C10009956BC014978D400D17BF6FE87D126FF86
:105C2000973A2C015C45D6FF0E0C58FFFC99A6FF55
:105C3000FDCF70FF3C4E53FFE37C6E00B460FCFF71
:105C4000357521FEA4DC52FF29011BFF26A4A6FF07
:105C5000A463A9FE3D9046FFC0A612006BFA420065
:105C6000C541320001B312FFFF6801FF2B9923FFEA
:105C7000506FA8006EAFA80029692DFFDB0ECDFF85
:105C8000A4E98CFE2B017600E943C300B2529FFFCA
:105C90008A577AFFD4EE5AFF90237CFE198CA40019
:105CA000FBD72CFE85466BFF65E350FE5CA93700F1
:105CB000D72A310072B455FF21E81B01ACD5190079
:105CC0003EB07BFE208518FFE1BF3E005D46990097
:105CD000B52A680116BFE0FFC8C88CFFF9EA2500A5
:105CE00095398D00C338D0FFFE8246FF20ADF0FF0E
:105CF0001DDCC7006E6473FF84E5F900E4E9DFFF93
:105D000025D8D1FEB2B1D1FFB72DA5FEE06172005A
:105D10008961A8FFE1DEAC00A50D3101D2EBCCFF1B
:105D2000FC041CFE46A09700E8BE34FE53F85DFF5D
:105D30003ED74D01AFAFB3FFA03242007930D00063
:105D40003FA9D1FF00D2C800E0BB2C0149A25200FC
:105D500009B08FFF134CC1FF1D3BA701182B9A0000
:105D60001CBEBE008DBC8100E8EBCBFFEA006DFFDE
:105D700036419F003C58E8FF79FD96FEFCE983FF21
:105D8000C66E2901534D47FFC8163BFE6AFDF2FF60
:105D9000150CCFFFED42BD005AC6CA01E1AC7F0031
:105DA0003516CA0038E684000156B7006DBE2A00D9
:105DB000F344AE016DE49A00C8B17A0123A0B7FFA5
:105DC000B13055FF5ADAA9FFF8984E00CAFE6E00AE
:105DD00006342B008E6241FF3F911600466A5D003B
:105DE000E88A6B016EB33DFFD381DA01F2D15C002A
:105DF000235AD901B68F6AFF7465D9FF72FADDFFA5
:105E0000ADCC06003C96A30049AC2CFFEF6E50FFD2
:105E1000ED4C99FEA18CF90095E8E500851F28FF5F
:105E2000AEA477007133D60081E402FE4022F30075
:105E30006BE3F4FFAE6AC8FF5499460132231000A9
:105E4000FA4AD8FEECBD42FF99F90D00E6B204FF14
:105E5000DD29EE0076E379FF5E578CFEFE775C006D
:105E600049EFF6FE7557800013D391FFB12EFC0069
:105E7000E55BF6014580F7FFCA4D3601080B09FFC7
:105E80009960A600D9D6ADFF86C0020100CF000000
:105E9000BDAE6B018C8664009EC1F301B666AB009B
:105EA000EB9A33008E057BFF3CA85901D90E5CFFAD
:105EB00013D60501D3A7FE002C06CAFE7812ECFF0C
:105EC0000F71B8FFB8DF8B0028B177FEB67B5AFFA1
:105ED000B0A5B000F74DC2001BEA7800E700D6FF7E
:105EE0003B271E007D6391FF964444018DDEF80040
:105EF000997BD2FF6E7F98FFE521D60187DDC50033
:105F0000896102000C8FCCFF5129BC00734F82FFC6
:105F10005E03840098AFBBFF7C8D0AFF7EC0B3FF99
:105F20000B67C60095062D00DB55BB01E612B2FFDC
:105F300048B6980003C6B8FF8070E00161A1E60092
:105F4000FE6326FF3A9FC5009742DB003B458FFF6B
:105F5000B970F90077882FFF7B828400A8475FFF24
:105F600071B02801E8B9AD00CF5D7501449D6CFFAB
:105F7000660593FE3161210059416FFEF71EA3FFB4
:105F80007CD9DD0166FAD800C6AE4BFE3937120067
:105F9000E305EC01E5D5AD00C96DDA0131E9EF00AB
:105FA0001E379E0119B26A009B6FBC015E7E8C0099
:105FB000D71FEE014DF01000D5F219012647A800B9
:105FC000CDBA5DFE31D38CFFDB00B4FF8676A50031
:105FD000A09386FF6EBA23FFC6F32A00F3927700E0
:105FE00086EBA30104F187FFC12EC1FE67B44FFF0A
:105FF000E104B8FEF27682009287B001EA6F1E00DB
:106000004542D5FE29607B00795E2AFFB2BFC3FFFF
:106010002E822A00755408FFE931D6FEEE7A6D0013
:1060200006475901ECD37B00F40D30FE77940E0047
:10603000721C56FF4BED19FF91E510FE816435FF90
:10604000869678FEA89D3200174868FFE0310E0062
:10605000FF7B16FF97B997FFAA50B80186B61400C8
:1060600029646501992110004C9A6F0156CEEAFF10
:10607000C0A0A4FEA57B5DFF01D8A4FE4311AFFF25
:10608000A90B3BFF9E293DFF49BC0EFFC30689FFBC
:1060900016931DFF146703FFF682E3FF7A28800042
:1060A000E22F18FE2324200098BAB7FF45CA140037
:1060B000C385C300DE33F700A9AB5E01B700A0FFC4
:1060C00040CD12019C530FFFC53AF9FEFB596EFFFC
:1060D000320A58FE332BD80062F2C601F5977100E0
:1060E000ABECC201C51FC7FFE5512601293B1400D7
:1060F000FD68E600985D0EFFF6F292FED6A9F0FF6D
:10610000F0666CFEA0A7EC009ADABC0096E9CAFF24
:106110001B13FA01024785FFAF0C3F0191B7C60080
:10612000687873FF82FBF70011D4A7FF3E7B84FFE2
:10613000F764BD009BDF98008FC521009B3B2CFFBF
:10614000965DF0017F0357FF5F47CF01A75501FF21
:10615000BC9874FF0A17170089C35D01366261009D
:10616000F000A8FF94BC7F00866B97004CFDAB004D
:106170005A84C00092163600E04236FEE6BAE5FFC9
:1061800027B6C40094FB82FF41836CFE8001A0000F
:10619000A931A7FEC7FE94FFFB068300BBFE81FF6B
:1061A00055523E00B2173AFFFE840500A4D52700E1
:1061B00086FC92FE253551FF9B865200CDA7EEFF4F
:1061C0005E2DB4FF8428A100FE6F7001364BD9000C
:1061D000B3E6DD01EB5EBFFF17F33001CA91CBFFE1
:1061E00027762AFF758DFD00FE00DE002BFB3200B6
:1061F00036A9EA015044D00094CBF3FE9107870002
:1062000006FE0000FCB97F00620881FF262348FFDC
:10621000D324DC01281A5900A840C5FE03DEEFFF95
:106220000253D7FEB49F69003A73C200BA746AFF82
:10623000E5F7DBFF8176C100CAAEB701A6A1480031
:10624000C96B93FEED884A00E9E66A01696FA80010
:1062500040E01E0101E503006697AFFFC2EEE4FFD8
:10626000FEFAD400BBED790043FB6001C51E0B00B4
:10627000B75FCC00CD598A0040DD2501FFDF1EFF4E
:10628000B230D3FFF1C85AFFA7D160FF3982DD00D9
:106290002E72C8FF3DB8420037B618FE6EB6210018
:1062A000ABBEE8FF725E1F0012DD08002FE7FE00A4
:1062B000FF705300760FD7FFAD1928FEC0C11FFF36
:1062C000EE1592FFABC176FF65EA35FE83D4700010
:1062D00059C06B0108D01B00B5D90FFFE795E80046
:1062E0008CEC7E009009C7FF0C4FB5FE93B6CAFF39
:1062F000136DB6FF31D4E1004AA3CB00AFE994009F
:106300001A703300C1C109FF0F87F90096E38200BC
:10631000CC00DB0118F2CD00EED075FF16F4700052
:106320001AE522002550BCFF262DCEFEF05AE1FFD3
:106330001D032FFF2AE04C00BAF3A70020840FFFB3
:1063400005337D008B87180006F1DB00ACE585FF87
:10635000F6D63200E70BCFFFBF7E5301B4A3AAFFEE
:10636000F5381801B2A4D3FF0310CA01623976FFD1
:106370008D8359FE21331800F3955BFFFD340E0029
:1063800023A943FE311E58FFB31B24FFA58CB70081
:106390003ABD9700581F00004BA942004265C7FF55
:1063A00018D8C70179C41AFF0E4FCBFEF0E251FF97
:1063B0005E1C0AFF53C1F0FFCCC183FF5E0F560085
:1063C000DA289D0033C1D10000F2B10066B9F700B0
:1063D0009E6D740026875B00DFAF9500DC4201FFF5
:1063E000563CE800196025FFE17AA201D7BBA8FF5F
:1063F0009E9D2E0038ABA200E8F065017A160900D8
:10640000330915FF3519EEFFD91EE8FE7DA994006A
:106410000DE8660094092500A5618D01E48329003B
:10642000DE0FF3FFFE121100063CED016A0371005E
:106430003B84BD005C701E0069D0D5003054B3FFB2
:10644000BB79E7FE1BD86DFFA2DD6BFE49EFC3FFF2
:10645000FA1F39FF958759FFB917730103A39DFFF1
:106460001270FA001939BBFFA160A4002F10F300CD
:106470000C8DFBFE43EAB8FF2912A100AF0660FFB6
:10648000A0AC34FE18B0B7FFC6C155017C7989FFB6
:10649000973272FFDCCB3CFFCFEF050100266BFF8C
:1064A00037EE5EFE46985E00D5DC4D01781145FF63
:1064B00055A4BEFFCBEA5100263125FE3D907C005D
:1064C000894E31FEA8F730005FA4FC0069A987005F
:1064D000FDE4860040A64B00514914FFCFD20A00CC
:1064E000EA6A96FF5E225AFFFE9F39FEDC85630052
:1064F0008B93B4FE1817B90029391EFFBD614C00FB
:1065000041BBDFFFE0AC25FF223E5F01E790F000DA
:106510004D6A7EFE40985B001D629B00E2FB35FFEA
:10652000EAD305FF90CBDEFFA4B0DDFE05E718003F
:10653000B37ACD00240186FF7D4697FE61E4FC001E
:10654000AC8117FE305AD1FF96E0520154861E00EE
:10655000F1C42E006771EAFF2E6579FE287CFAFFF0
:10656000872DF2FE09F9A8FF8C6C83FF8FA3AB0087
:1065700032ADC7FF58DE8EFFC85F9E008EC0A3FFFE
:10658000077587006F7C1600EC0C41FE442641FF26
:10659000E3AEFE00F4F52600F032D0FFA13FFA0092
:1065A0003CD1EF007A2313000E21E6FE029F71001A
:1065B0006A147FFFE4CD600089D2AEFEB4D490FFB0
:1065C00059629A0122588B00A7A27001416EC50042
:1065D000F125A900423883FF0AC953FE85FDBBFFA0
:1065E000B1702DFEC4FB0000C4FA97FFEEE8D6FFA1
:1065F00096D1CD001CF07600474C5301EC635B0054
:106600002AFA8301601240FF76DE230071D6CBFFA9
:106610007A77B8FF42132400CC40F90092598B00DE
:10662000863E870168E96500BC541A0031F9810093
:10663000D0D64BFFCF824DFF73AFEB00AB0289FF8B
:10664000AF91BA0137F587FF9A56B501643AF6FF64
:106650006DC73CFF52CC86FFD731E6018CE5C0FF09
:10666000DEC1FBFF51880FFFB395A2FF17271DFF67
:10667000075F4BFEBF51DE00F1515AFF6B31C9FF7E
:10668000F4D39D00DE8C95FF41DB38FEBDF65AFF4A
:10669000B23B9D0130DB34006222D7001C11BBFFEE
:1066A000AFA918005C4FA1FFECC8C201938FEA00AC
:1066B000E5E10701C5A80E00EB333501FD78AE001A
:1066C000C506A8FFCA75AB00A315CE0072555AFFC8
:1066D0000F290AFFC21363004137D8FEA29274004B
:1066E00032CED4FF40921DFF9E9E830164A582FF9F
:1066F000AC1781FF7D3509FF0FC112011A310BFF65
:10670000B5AEC90187C90EFF64139500DB624F0067
:106710002A638FFE600030FFC5F953FE68954FFF76
:10672000EB6E88FE52802CFF412924FE58D30A00CC
:10673000BB79BB006286C700ABBCB3FED20BEEFFD9
:10674000427B82FE34EA3D00307117FE065678FF28
:1067500077B2F5005781C900F28DD100CA72550099
:106760009416A10067C330001931ABFF8A43820041
:10677000B6497AFE94188200D3E59A00209B9E00C9
:1067800054693D00B1C209FFA65956013653BB00FA
:10679000F92875FF6D03D7FF35922C013F2FB30009
:1067A000C2D803FE0E54880088B10DFF48F3BAFF2B
:1067B00075117DFFD33AD3FF5D4FDF005A58F5FFC7
:1067C0008BD16FFF46DE2F000AF64FFFC6D9B2000D
:1067D000E3E10B014E7EB3FF3E2B7E006794230066
:1067E0008108A5FEF5F094003D338E0051D086005F
:1067F0000F8973FFD377ECFF9FF5F8FF028688FFC0
:10680000E68B3A01A0A4FE0072558DFF31A6B6FFBB
:106810009046540155B607002E355D0009A6A1FF2C
:1068200037A2B2FF2DB8BC00921C2CFEA95A310031
:1068300078B2F1010E7B7FFF07F1C701BD4232FF45
:10684000C68F65FEBDF387FF8D1818FE4B6157009C
:1068500076FB9A01ED369C00AB92CFFF83C4F6FF26
:106860008840710197E83900F0DA7300313D1BFF71
:1068700040814901FCA91BFF28840A015AC9C1FFB4
:10688000FC79F001BACE29002BC661009164B700F3
:10689000CCD850FEAC964100F9E5C4FE687B49FFB8
:1068A0004D6860FE82B40800687B3900DCCAE5FFF1
:1068B00066F9D300560EE8FFB64ED100EFE1A40012
:1068C0006A0D20FF784911FF8643E90053FEB500A9
:1068D000B7EC7001304083FFF1D8F3FF41C1E20013
:1068E000CEF164FE6486A6FFEDCAC500370D5100E7
:1068F000207C66FF28E4B10076B51F01E7A086FF83
:1069000077BBCA00008E3CFF8026BDFFA6C996005B
:10691000CF781A0136B8AC000CF2CCFE8542E60006
:1069200022261F01B87050002033A5FEBFF33700A8
:106930003A4992FE9BA7CDFF646898FFC5FECFFF42
:10694000AD13F700EE0ACA00EF97F2005E3B27FF97
:10695000F01D66FF0A5C9AFFE554DBFFA181500041
:10696000D05ACC01F0DBAEFF9E66910135B24CFFF0
:10697000346CA80153DE6B00D3246D00763A3800E6
:10698000081D1600EDA0C700AAD19D0089472F0061
:106990008F562000C6F20200D43088015CACBA00E9
:1069A000E697690160BFE5008A50BFFEF0D882FF1C
:1069B000622B06FEA8C43100FD125B0190497900EC
:1069C0003D9227013F6818FFB8A570FE7EEB62007C
:1069D00050D562FF7B3C57FF528CF501DF78ADFF4D
:1069E0000FC68601CE3CEF00E7EA5CFF21EE13FF05
:1069F000A5718E01B0772600A02BA6FEEF5B690083
:106A00006B3DC201190444000F8B3300A4846AFF5C
:106A100022742EFEA85FC50089D41700489C3A0056
:106A2000897045FE96699AFFECC99D0017D49AFFBC
:106A30008852E3FEE23BDDFF5F95C000517634FFF4
:106A4000212BD7010E934BFF599C79FE0E124F005C
:106A500093D08B0197DA3EFF9C580801D2B862FFB1
:106A600014AF7BFF6653E500DC41740196FA04FF26
:106A70005C8EDCFF22F742FFCCE1B3FE975197001A
:106A80004728ECFF8A3F3E00064FF0FFB7B9B5003C
:106A900076321B003FE3C0007B633A0132E09BFF8C
:106AA00011E1DFFEDCE04DFF0E2C7B018D80AF009D
:106AB000F8D4C800963BB7FF93611D0096CCB50093
:106AC000FD254700915577009AC8BA000280F9FF6A
:106AD00053187C000E578F00A833F5017C97E7FF11
:106AE000D0F0C5017CBEB900303AF60014E9E800E8
:106AF0007D1262FF0DFE1FFFF5B182FF6C8E230039
:106B0000AB7DF2FE8C0C22FFA5A1A200CECD6500CC
:106B1000F7192201649139002746390076CCCBFF62
:106B2000F200A200A5F41E00C674E200806F99FF77
:106B30008C36B6013C7A0FFF9B3A39013632C600DB
:106B4000ABD31DFF6B8AA7FFAD6BC7FF6DA1C10063
:106B50005948F2FFCE7359FFFAFE8EFEB1CA5EFFAE
:106B600051593200076942FF19FEFFFECB4017FF63
:106B70004FDE6CFF27F94B00F17C3200EF98850067
:106B8000DDF1690093976200D5A179FEF2318900A9
:106B9000E925F9FE2AB71B00B877E6FFD920A3FF45
:106BA000D0FBE401893E83FF4F4009FE5E30710057
:106BB000118A32FEC1FF1600F712C5014337680083
:106BC00010CD5FFF30254200379C3F0140524AFF05
:106BD000C83547FEEF437D001AE0DE00DF895DFF28
:106BE0001EE0CAFF09DC8400C626EB01668D560054
:106BF0003C2B5101881C1A00E92408FECFF29400B6
:106C0000A4A23F00332EE0FF72304FFF09AFE20035
:106C1000DE03C1FF2FA0E8FFFF5D69FE0E2AE6003C
:106C20001A8A5201D02BF4001B2726FF62D07FFF67
:106C30004095B6FF05FAD100BB3C1CFE3119DAFFC6
:106C4000A974CDFF771278009C7493FF84356DFF93
:106C50000D0ACA006E53A7009DDB89FF060382FF61
:106C600032A71EFF3C9F2FFF81809DFE5E03BD006B
:106C700003A6440053DFD700965AC2010FA8410073
:106C8000E35333FFCDAB42FF36BB3C0198662DFF8B
:106C9000779AE100F0F7880064C5B2FF8B47DFFF09
:106CA000CC52100129CE2AFF9CC0DDFFD87BF4FF17
:106CB000DADAB9FFBBBAEFFFFCACA0FFC3341600B1
:106CC00090AEB5FEBB6473FFD34EB0FF1B07C1008F
:106CD00093D568FF5AC90AFF507B42011621BA00BA
:106CE000010763FE1ECE0A00E5EA0500351ED2004C
:106CF0008A08DCFE4737A70048E1560176BEBC0093
:106D0000FEC16501ABF9ACFF5E9EB7FE5D026CFF94
:106D1000B05D4CFF49634FFF4A4081FEF62E4100B3
:106D200063F17FFEF69766FF2C35D0FE3B66EA00E6
:106D30009AAFA4FF58F220006F260100FFB6BEFFF5
:106D400073B00FFEA93C81007AEDF1005A4C3F0070
:106D50003E4A78FF7AC36E007704B200DEF2D200BA
:106D600082212EFE9C282900A792700131A36FFF7B
:106D700079B0EB004CCF0EFF0319C60129EBD5000B
:106D80005524D601315C6DFFC8181EFEA8ECC30067
:106D900091277C01ECC395005A24B8FF4355AAFF04
:106DA00026231AFE837C44FFEF9B23FF36C9A400F1
:106DB000C41675FF310FCD0018E01D017E719000E3
:106DC0007515B600CB9F8D00DF874D00B0E6B0FF94
:106DD000BEE5D7FF6325B5FF33158AFF19BD59FFFF
:106DE0003130A5FE982DF700AA6CDE0050CA0500D0
:106DF0001B4567FECC1681FFB4FC3EFED2015BFF53
:106E0000926EFEFFDBA21C00DFFCD5013B082100D7
:106E1000CE10F40081D330006BA0D000703BD100C5
:106E20006D4DD8FE2215B9FFF66338FFB38B13FF03
:106E3000B91D32FF545913004AFA62FFE12AC8FF14
:106E4000C0D9CDFFD210A70063845F012BE63900C3
:106E5000FE0BCBFF63BC3FFF77C1FBFE50693600E2
:106E6000E8B5BD01B74570FFD0ABA5FF2F6DB4FFEE
:106E70007B53A50092A234FF9A0B04FF97E35AFFBD
:106E8000928961FE3DE929FF5E2A37FF6CA4EC0080
:106E90009844FE000A8C83FF0A6A4FFEF39E890025
:106EA00043B242FEB17BC6FF0F3E2200C5582AFF07
:106EB000955FB1FF9800C6FF95FE71FFE15AA3FFF1
:106EC0007DD9F7001211E000804278FEC01909FF59
:106ED00032DDCD0031D44600E9FFA40002D1090023
:106EE000DD34DBFEACE0F4FF5E38CE01F2B302FF2E
:106EF0001F5BA401E62E8AFFBDE6DC00392F3DFFB3
:106F00006F0B9D00B15B98001CE6620061577E002C
:106F1000C65991FFA74F6B00F94DA0011DE9E6FF8F
:106F2000961556FE3C0BC100972524FEB996F3FF3B
:106F3000E4D45301AC97B400C9A99B00F43CEA0027
:106F40008EEB040143DA3C00C0714B0174F3CFFFB8
:106F500041AC9B00511E9CFF504821FE12E76DFF83
:106F60008E6B15FE7D1A84FFB0103BFF96C93A0068
:106F7000CEA9C900D079E20028AC0EFF963D5EFF95
:106F800038399CFF8D3C91FF2D6C95FFEE919BFF56
:106F9000D1551FFEC00CD20063625DFE98109700B1
:106FA000E1B9DC008DEB2CFFA0AC15FE471A1FFFEA
:106FB0000D405DFE1C38C600B13EF801B608F10078
:106FC000A66594FF4E5185FF81DED701BCA981FFE4
:106FD000E807610031703CFFD9E5FB00776C8A005F
:106FE00027137BFE8331EB008454910082E694FFEB
:106FF000194ABB0005F536FFB9DBF10112C2E4FF07
:10700000F1CA66006971CA009BEB4F001509B2FF17
:107010009C01EF00C8943D0073F7D2FF31DD87007B
:107020003ABD0801232E0900514105FF349EB9FFE6
:107030007D742EFF4A8C0DFFD25CACFE9317470087
:10704000D9E0FDFE736CB4FF913A30FEDBB118FF5E
:107050009CFF3C019A93F200FD865700354BE500FA
:1070600030C3DEFF1FAF32FF9CD278FFD023DEFF9C
:1070700012F8B301020A65FF9DC2F8FF9ECC65FFBE
:1070800068FEC5FF4F3E0400B2AC65016092FBFF95
:10709000410A9C000289A5FF7404E700F2D70100B1
:1070A00013231DFF2BA14F003B95F601FB42B000BF
:1070B000C82103FF506E8EFFC3A11101E43842FFC7
:1070C0007B2F91FE8404A40043AEAC0019FD720036
:1070D00057615701FADC5400605BC8FF257D3B0017
:1070E00013417600A134F1FFEDAC06FFB0BFFFFF06
:1070F000014182FEDFBEE60065FDE7FF92236D00E1
:10710000FA1D4D01310013007B5A9B01165620FFDA
:10711000DAD541006F5D7F003C5DA9FF087FB600B6
:1071200011BA0EFEFD89F6FFD51930FE4CEE00FFB8
:10713000F85C46FF63E08B00B809FF0107A4D000AC
:10714000CD83C60157D6C70082D65F00DD95DE002D
:107150001726ABFEC56ED5002B738CFED7B176001B
:1071600060344201759EED000E40B6FF2E3FAEFF2B
:107170009E5FBEFFE1CDB1FF2B058EFFAC63D4FF58
:10718000F4BB93001D3399FFE47418FE1E65CF0015
:1071900013F696FF86E705007D86E2014D41620009
:1071A000EC8221FF056E3E00456C7FFF07711600E3
:1071B000911453FEC2A1E7FF83B53C00D9D1B1FFC2
:1071C000E594D4FE0383B80075B1BB011C0E1FFF0C
:1071D000B0665000325497FF7D1F36FF159D85FF26
:1071E00013B38B01E0E81A002275AAFFA7FCABFFDE
:1071F000498DCEFE81FA2300484FEC01DCE514FFF7
:1072000029CAADFF634CEEFFC616E0FF6CC6C3FF94
:10721000248D6001EC9E3BFF6A6457006EE2020021
:10722000E3EADE009A5D77FF4A70A4FF435B02FF4A
:10723000159121FF66D689FFAFE667FEA3F6A6008B
:107240005DF774FEA7E01CFFDC023901ABCE5400F1
:107250007BE411FF1B787700770B9301B42FE1FFDC
:1072600068C8B9FEA50272004D4ED4002D9AB1FF38
:1072700018C479FE529DB6005A10BE010C93C50089
:107280005FEF98FF0BEB4700569277FFAC86D60076
:107290003C83C400A1E181001F8278FE5FC83300F7
:1072A00069E7D2FF3A0994FF2BA8DDFF7CED8E0041
:1072B000C6D332FE2EF56700A4F854009846D0FFDE
:1072C000B475B100464FB900F34A2000959CCF0039
:1072D000C5C4A101F535EF000F5DF6FE8BF031FF5F
:1072E000C45824FFA2267B0080C89D01AE4C67FFD6
:1072F000ADA922FED801ABFF7233110088E4C200B1
:107300006E9638FE6AF69F0013B84FFF964DF0FF59
:107310009B50A2000035A9FF1D975600445E100047
:107320005C076EFE627595FFF94DE6FFFD0A8C0065
:10733000D67C5CFE2376EB00593039011635A60069
:10734000B8903DFFB3FFC200D6F83DFE3B6EF6009D
:10735000791551FEA603E4006A401AFF45E886FF4E
:10736000F2DC35FE2EDC55007195F7FF61B367FF47
:10737000BE7F0B0087D1B6005F348101AA90CEFF9B
:107380007AC8CCFFA86492003C9095FE463C280049
:107390007A34B1FFF6D365FFAEED0800073378000D
:1073A000131FAD007EEF9CFF8FBDCB00C48058FF44
:1073B000E985E2FF1E7DADFFC96C32007B643BFFB7
:1073C000FEA30301DD94B5FFD68839FEDEB489FF44
:1073D000CF5836FF1C21FBFF43D63401D2D06400C6
:1073E00051AA5E0091283500E06FE7FE231CF4FFF0
:1073F000E2C7C3FEEE11E600D9D9A4FEA99DDD00C7
:10740000DA2EA201C7CFA3FF6C73A2010E60BBFFEF
:10741000763C4C00B89F9800D1E747FE2AA4BAFFFB
:10742000BA9933FEDDABB6FFA28EAD00EB2FC100E3
:10743000078B10015FA440FF10DDA600DBC5100024
:10744000841D2CFF644575FF3CEB58FE2851AD00B0
:1074500047BE3DFFBB589D00E70B1700ED75A4002C
:10746000E1A8DFFF9A7274FFA398F2011820AA0026
:107470007D6271FEA8134C00119DDCFE9B3405005B
:10748000136FA1FF475AFCFFAD6EF0000AC679FFEB
:10749000FDFFF0FF427BD200DDC2D7FE79A311FFD2
:1074A000E1076300BE31B60073098501E81A8AFF5F
:1074B000D54484002C777AFFB3623300955A6A0072
:1074C0004732E6FF0A9976FFB1461900A557CD006D
:1074D000378AEA00EE1E6100719BCF0062997F003F
:1074E000226BDBFE7572ACFF4CB4FFFEF239B3FFCA
:1074F000DD22ACFE38A231FF5303FFFF71DDBDFF7B
:10750000BC19E4FE105859FF471CC6FE161195FF22
:10751000F379FEFF6BCA63FF09CE0E01DC2F9900E1
:107520006B8927016131C2FF9533C5FEBA3A0BFF63
:107530006B2BE801C8060EFFB58541FEDDE4ABFF0D
:107540007B3EE701E3EAB3FF22BDD4FEF4BBF900C2
:10755000BE0D500182590100DF85AD0009DEC6FF76
:10756000427F4A00A7D85DFF9BA8C6014291000058
:1075700044662E01AC5A9A00D8804BFFA0283300F5
:107580009E111B017CF03100ECCAB0FF977CC0FF5C
:1075900026C1BE005FB63D00A3937CFFFFA533FF6D
:1075A0001C2811FED7604E005691DAFE1F24CAFF38
:1075B000560905006F29C8FFED6C6100393E2C00AB
:1075C00075B80F012DF174009801DCFF9DA5BC007A
:1075D000FA0F83013C2C7DFF41DCFBFF4B32B800EE
:1075E000355A80FFE750C2FF88817F011512BBFF2B
:1075F0002D3AA1FF47932200AEF90BFE238D1D000B
:10760000EF44B1FF736E3A00EEBEB10157F5A6FF2D
:10761000BE31F7FF9253B8FFAD0E27FF92D7680037
:107620008EDF780095C89BFFD4CF910110B5D900AB
:10763000AD2057FFFF23B50077DFA101C8DF5EFF54
:107640004606BAFFC04355FF32A99800901A7BFF47
:1076500038F3B3FE14448800278CBCFEFDD005FF30
:10766000C87387012BACE5FF9C68BB0097FBA700A4
:10767000348717009799480093C56BFE949E05FFC9
:10768000EE8FCE007E9989FF5898C5FE0744A7006B
:10769000FC9FA5FFEF4E36FF183F37FF26DE5E004A
:1076A000EDB70CFFCECCD2001327F6FE1E4AE70042
:1076B000876C1D01B3730000757674018406FCFFAE
:1076C0009181A10169438D005225E2FFEEE2E4FFC2
:1076D000CCD681FEA27B64FFB979EA002D6CE7006D
:1076E000420838FF84888000ACE042FEAF9DBC00B9
:1076F000E6DFE2FEF2DB4500B80E770152A2380069
:10770000727B1400A26755FF31EF63FE9C87D700A0
:107710006FFFA7FE27C4D60090264F01F9A87D0071
:107720009B619CFF1734DBFF961690002C95A5FFFC
:10773000287FB700C44DE9FF7681D2FFAA87E6FF14
:10774000D677C600E9F02300FD3407FF756630FFE9
:1077500015CC9AFFB388B1FF17020301958259FF38
:10776000FC119F01463C1A00906B1100B4BE3CFF17
:1077700038B63BFF6E4736FFC61281FF95E057FFD4
:10778000DF1598FF8A16B6FFFA9CCD00EC2DD0FFCE
:107790004F94F2016546D100674EAE006590ACFF94
:1077A0009888ED01BFC2880071507D0198048D005A
:1077B0009B9635FFC474F500EF7249FE135211FF1A
:1077C0007C7DEAFF2834BF002AD29EFF9B84A5005F
:1077D000B2052A01405C28FF24554DFFB2E4760033
:1077E000894260FE73E242006EF045FE976F5000E2
:1077F000A7AEECFFE36C6BFFBCF241FFB751FF009B
:1078000039CEB5FF2F22B5FFD5F09E01474B5F0063
:107810009C2818FF66D25100ABC7E4FF9A222900CA
:10782000E3AF4B0015EFC3008AE55F014CC03100A8
:10783000757B5701E3E182007D3E3FFF02C6AB004E
:10784000FE240DFE91BACE0094FFF4FF2300A600A3
:107850001E96DB015CE4D4005CC63CFE3E85C8FF9E
:10786000C9293B007DEE6DFFB4A3EE018C7A520076
:10787000091658FFC59D2FFF995E3900581EB600A6
:1078800054A15500B2927C00A6A607FF15D0DF00D8
:107890009CB6F2009B79B900539CAEFE9A1076FF1D
:1078A000BA53E801DF3A79FF1D175800237D7FFFA7
:1078B000AA0595FEA40C82FF9BC41D00A160880050
:1078C00007231D01A225FB00032EF2FF00D9BC00F7
:1078D00039AEE201CEE9020039BB88FE7BBD09FF6B
:1078E000C9757FFFBA24CC00E719D800504E690053
:1078F000138681FF94CB44008D517DFEF8A5C8FF0F
:10790000D69087009737A6FF26EB5B00152E9A00CE
:10791000DFFE96FF2399B4FF7DB01D012B621EFF91
:10792000D87AE6FFE9A00C0039B90CFEF07107FF28
:10793000050910FE1A5B6C006DC6CB000893280089
:107940008186E4FF7CBA28FF726284FEA684170059
:1079500063452C0009F2EEFFB8353B00848166FFD9
:107960003420F3FE93DFC8FF7B53B3FE8790C9FF3B
:107970008D253801973CE3FF5A499C01CBACBB00F5
:1079800050972FFF5E89E7FF24BF3BFFE1D1B5FF92
:107990004AD7D5FE0676B3FF9936C1013200E7001B
:1079A000689D48018CE39AFFB6E210FE60E15CFF3F
:1079B0007314AAFE06FA4E00F84BADFF355906FFC8
:1079C00000B4760048AD01004008CE01AE85DF006E
:1079D000B93E85FFD60B6200C51FD000ABA7F4FFF0
:1079E00016E7B50196DAB900F7A96101A58BF7FF93
:1079F0002F78950167F833003C451CFE19B3C4008D
:107A00007C07DAFE3A6B5100B8E99CFFFC4A24007F
:107A100076BC43008D5F35FFDE5EA5FE2E3D350052
:107A2000CE3B73FF2FECFAFF4A052001819AEEFF4F
:107A30006A20E20079BB3DFF03A6F1FE43AAACFF3A
:107A40001DD8B2FF17C9FC00FD6EF300C87D3900D8
:107A50006DC060FF3473EE002679F3FFC938210052
:107A6000C27682004B6019FFAA1EE6FE273FFD008A
:107A7000242DFAFFFB01EF00A0D45C012DD1ED0015
:107A8000F32157FEED54C9FFD4129DFED4637FFF4E
:107A9000D96210FE8BACEF00A8C982FF8FC1A9FF8D
:107AA000EE97C101D7682900EF3DA5FE0203F20061
:107AB00016CBB1FEB1CC16009581D5FE1F0B29FF68
:107AC000009F79FEA01972FFA250C8009D970B007D
:107AD0009A864E01D836FC003067850069DCC50007
:107AE000FDA84DFE35B317001879F001FF2E60FF99
:107AF0006B3C87FE62CDF9FF3FF977FF783BD3FF00
:107B000072B437FE5B55ED0095D44D013849310014
:107B100056C696005DD1A00045CDB6FFF45A2B00A5
:107B20001424B0007A74DD0033A72701E7013FFF7A
:107B30000DC5860003D122FF873BCA00A7644E0013
:107B40002FDF4C00B93C3E00B2A67B01840CA1FFA4
:107B50003DAE2B00C34590007F2FBF01222C4E006D
:107B600039EA3401FF1628FFF65E920053E48000E4
:107B70003C4EE0FF0060D2FF99AFEC009F1549003A
:107B8000B473C4FE83E16A00FFA786009F0870FFFC
:107B90007844C2FFB0C4C6FF7630A8FF5DA90100DB
:107BA00070C866014A18FE00138D04FE8E3E3F0029
:107BB00083B3BBFF4D9C9BFF7756A400AAD092FFD6
:107BC000D0859AFF949B3AFFA278E8FEFCD59B00F3
:107BD000F10D2A005E328300B3AA70008C5397FF28
:107BE000377754018C23EFFF992D4301ECAF270029
:107BF000369767FF9E2A41FFC4EF87FE5635CB00BC
:107C000095612FFED82311FF4603460167245AFFD2
:107C1000281AAD00B8300D00A3DBD9FF510601FFD3
:107C2000DDAA6CFEE9D05D0064C9F9FE562423FF8D
:107C3000D19A1E01E3C9FBFF02BDA7FE6439030010
:107C40000D802900C5644B0096CCEBFF91AE3B0044
:107C500078F895FF5537E10072D235FEC7CC770032
:107C60000EF74A013FFB810043689701878250006D
:107C70004F5937FF75E69DFF19608F00D5910500BC
:107C800045F1780195F35FFF722A140083480200E2
:107C90009A3514FF493E6D00C4669800290CCCFF4C
:107CA0007A260B01FA0A9100CF7D9400F6F4DEFFEC
:107CB0002920550170D57E00A2F9560147C67FFFE5
:107CC00051091501622704FFCC472D014B6F890034
:107CD000EA3BE70020305FFFCC1F72011DC4B5FFF7
:107CE00033F1A7FE5D6D8E0068902D00EB0CB5FFA3
:107CF0003470A4004CFECAFFAE0EA2003DEB93FF11
:107D00002B40B9FEE97DD900F358A7FE4A3108009F
:107D10009CCC42007CD67B0026DD76019270EC0084
:107D20007262B1009759C70057C57000B995A1009C
:107D30002C60A500F8B314FFBCDBD8FE283E0D0074
:107D4000F38E8D00E5E3CEFFACCA23FF75B0E1FFF3
:107D5000526E26012AF50EFF1453610031AB0A0062
:107D6000F277780019E83D00D4F093FF047338FFF0
:107D70009111EFFECA11FBFFF912F5FF6375EF00D9
:107D8000B804B3FFF6ED33FF25EF89FFA670A6FF19
:107D900051BC21FFB9FA8EFF36BBAD00D070C900CF
:107DA000F62BE40168B858FFD434C4FF33756CFF78
:107DB000FE759B002E5B0FFF570E90FF57E3CC0024
:107DC000531A53019F4CE3009F1BD50118976C0079
:107DD0007590B3FE89D15200269F0A007385C900B1
:107DE000DFB69C016EC45DFF393CE90005A769FF61
:107DF0009AC5A4006022BAFF93852501DC63BE000A
:107E000001A754FF1491AB00C2C5FBFE5F4E85FF76
:107E1000FCF8F3FFE15D83FFBB86C4FFD899AA009D
:107E200014769EFE8C017600569E0F012DD329FFFD
:107E3000930164FE71744CFFD37F6C01670F3000B7
:107E4000C110660145335FFF6B809D0089ABE9007F
:107E50005A7C90016AA1B600AF4CEC01C88DACFF12
:107E6000A33A6800E9B434FFF0FD0EFFA271FEFFF3
:107E700026EF8AFE342EA600F16521FE83BA9C000F
:107E80006FD03EFF7C5EA0FF1FACFE0070AE38FFDF
:107E9000BC631BFF438AFB007D3A80019C98AEFFC8
:107EA000B20CF7FFFC549E0052C50EFEACC853FF47
:107EB00025272E016ACFA70018BD220083B29000AB
:107EC000CED50400A1E2D200483369FF612DBBFF8B
:107ED0004EB8DFFFB01DFB004FA056FF7425B20067
:107EE000524DD50152548DFFE265D401AF58C7FF02
:107EF000F55EF701AC766DFFA6B9BE0083B57800DC
:107F000057FE5DFF86F049FF20F58FFF8BA267FFCC
:107F1000B36212FED9CC700093DF78FF350AF3000C
:107F2000A68C96007D50C8FF0E6DDBFF5BDA01FF6B
:107F3000FCFC2FFE6D9C74FF73317F01CC57D3FF87
:107F400094CAD9FF1A55F9FF0EF586014C59A9FFBD
:107F5000F22DE6003B62ACFF724984FE4E9B31FF7E
:107F60009E7E540031AF2BFF10B654FF9D67230057
:107F700068C16DFF43DD9A00C9AC01FE08A258003C
:107F8000A5011DFF7D9BE5FF1E9ADC0167EF5C00EC
:107F9000DC016DFFCAC601005E028E0124362C0092
:107FA000EBE29EFFAAFBD6FFB94D0900614AF20041
:107FB000DBA395FFF02376FFDF7258FEC0C70300F6
:107FC0006A2518FFC9A176FF61596301E03A67FF8E
:107FD00065C793FEDE3C6300EA193B0134871B0052
:107FE00066035BFEA8D8EB00E5E88800683C8100EA
:107FF0002EA8EE0027BF43004BA32F008F6162FF26
:1080000038D8A801A8E9FCFF236F16FF5C542B00A9
:108010001AC857015BFD9800CA3846008E084D000B
:10802000500AAF01FCC74C00166E52FF8101C2001E
:108030000B803D01570E91FFFDDEBE010F48AE00E3
:1080400055A356FE3A632CFF2D18BCFE1ACD0F0027
:1080500013E5D2FEF843C3006347B8009AC725FF73
:1080600097F379FF26334BFFC95582FE2C41FA0066
:108070003993F3FE922B3BFF591C3500215418FF16
:10808000B33312FEBD4653000B9CB30162867700EA
:108090009E6F6F00779A49FFC83F8CFE2D0D0DFF34
:1080A0009AC002FE51482A002EA0B9FE2C7006008C
:1080B00092D795011AB06800441C5701EC3299FF21
:1080C000B380FAFECEC1BFFFA65C89FE3528EF0063
:1080D000D201CCFEA8AD23008DF32D0124326DFF1B
:1080E0000FF2C2FFE39F7AFFB0AFCAFE46394800E5
:1080F00028DF3800D0A23AFFB7625D000F6F0C0096
:108100001E084CFF847FF6FF2DF2670045B50FFF78
:108110000AD11E0003B37900F1E8DA017BC758FFEA
:1081200002D2CA01BC8251FF5E65D00167242D00D6
:108130004CC118015F1AF1FFA5A2BB0024728C008C
:10814000CA4205FF25389300980BF3017F55E8FFDD
:10815000FA87D401B9B171005ADC4BFF45F892009F
:10816000326F32005C165000F42473FEA36452FF99
:1081700019C106017F3D2400FD431EFE41ECAAFF0C
:10818000A111D7FE3FAF8C00377F04004F70E9008C
:108190006DA028008F5307FF411AEEFFD9A98CFF6D
:1081A0004E5EBDFF0093BEFF9347BAFE6A4D7FFF50
:1081B000E99DE9018757EDFFD00DEC019B6D24FF90
:1081C000B464DA00B4A31200BE6E0901113F7BFF54
:1081D000B388B4FFA57B7BFF90BC51FE47F06CFFDA
:1081E00019700BFFE3DA33FFA732EAFF724F6CFF1F
:1081F0001F1373FFB7F06300E3578FFF48D9F8FFF1
:1082000066A95F0181959500EE850C01E3CC230002
:10821000D0731A016608EA0070588F0190F90E00B9
:10822000F09EACFE64707700C28D99FE283853FF33
:1082300079B02E002A354CFF9EBF9A005BD15C00BE
:10824000AD0D10010548E2FFCCFE950050B8CF00FF
:1082500064097AFE7665ABFFFCCB00FEA0CF36004A
:108260003848F901388C0DFF0A406BFE5B6534FF1E
:10827000E1B5F8018BFF8400E6911100E9381700A1
:108280007701F1FFD5A997FF636309FEB90FBFFF1F
:10829000AD676D01AE0DFBFFB25807FE1B3B44FFFF
:1082A0000A2102FFF8613B001A1E9201B0930A00F6
:1082B0005F79CF01BC581800B95EFEFE7337C90064
:1082C00018324600783506008E429200E4E2F9FF4B
:1082D00068C0DE01AD44DB00A2B824FF8F6689FFD1
:1082E0009D0B17007D2D6200EB5DE1FE3870A0FF55
:1082F0004674F30199F937FF81271101F150F40019
:10830000574515015EE449FF4E4241FFC2E3E700D5
:108310003D9257FFAD9B17FF7074DBFED8260BFF15
:1083200083BA85005ED4BB00642F5B00CCFEAFFF38
:10833000DE12D7FEAD446CFFE3E44FFF26DDD5002F
:10834000A3E396FE1FBE1200A0B30B010A5A5EFF04
:10835000DCAE5800A3D3E5FFC7883400825FDDFFA1
:108360008CBCE7FE8B7180FF75ABECFE31DC14FF3B
:108370003B14ABFFE46DBC0014E120FEC310AE0063
:10838000E3FE880187276900964DCEFFD2EEE2001A
:1083900037D484FEEF397C00AAC25DFFF910F7FFE5
:1083A00018973EFF0A970A004F8BB2FF78F2CA0077
:1083B0001ADBD5003E7D23FF90026CFFE62153FFC0
:1083C000512DD801E03E1100D6D97D00629999FF68
:1083D000B3B06AFE835D8AFF6D3E24FFB27920FF51
:1083E00078FC4600DCF82500CC58670180DCFBFFF8
:1083F000ECE307016A31C6FF3C386B006372EE00A4
:10840000DCCC5E0149BB0100599A22004ED9A5FF80
:108410000EC3F9FF09E6FDFFCD87F5001AFC07FF43
:1084200054CD1B0186027000259E2000E75BEDFF06
:10843000BFAACCFF9807DE006DC03100C1A692FF35
:10844000E813B5FF698E34FF67101B01FDC8A50056
:10845000C3D904FF34BD90FF7B9BA0FE578236FF3B
:108460004E783DFF0E38290019297DFF57A8F500E9
:10847000D6A54600D4A906FFDBD3C2FE485DA4FF03
:10848000C52167FF2B8E8D0083E1AC00F4691C00D1
:108490004444E10088540DFF823928FE8B4D38009A
:1084A00054963500365F9D00900DB1FE5F73BA00A3
:1084B000751776FFF4A6F1FF0BBA8700B26ACBFFFF
:1084C00061DA5D002BFD2D00A49804008B76EF008F
:1084D000600118FEEB99D3FFA86E14FF32EFB000D5
:1084E0007229E800C1FA3500FEA06FFE887A29FFE4
:1084F000616C4300D79817FF8CD1D4002ABDA3002C
:10850000CA2A32FF6A6ABDFFBE44D9FFE93A750044
:10851000E5DCF301C5030400257836FE049C86FFE4
:10852000243DABFEA58864FFD4E80E005AAE0A00D5
:10853000D8C641FF0C034000747173FFF867080050
:10854000E77D12FFA01CC5001EB82301DF49F9FF1B
:108550007B142EFE873825FFAD0DE50177A122FFA4
:10856000F53D4900CD7D700089688600D9F61EFF73
:10857000ED8E8F00419F66FF6CA4BE00DB75ADFFE2
:10858000222578FEC84550001F7CDAFE4A1BA0FF5A
:10859000BA9AC7FF47C7FC0068519F0111C827005E
:1085A000D33DC0011AEE5B0094D90C003B5BD5FFB4
:1085B0000B51B7FF81E67AFF72CB910177B442FF8E
:1085C000488AB400E0956A00775268FFD08C2B008F
:1085D0006209B6FFCD6586FF126526005FC5A6FF5E
:1085E000CBF193003ED091FF85F6FB0002A90E006F
:1085F0000DF7B8008E07FE0024C817FF58CDDF0026
:108600005B8134FF15BA1E008FE4D201F7EAF8FF50
:10861000E6451FFEB0BA87FFEECD34018B4F2B002D
:1086200011B0D9FE20F34300F26FE9002C2309FFBB
:10863000E372510104470CFF2669BF00077532FF42
:10864000514F10003F4441FF9D246EFF4DF103FF49
:10865000E22DFB018E19CE00787BD1011CFEEEFFCE
:1086600005807EFF5BDED7FFA20FBF0056F04900FA
:1086700087B951FE2CF1A300D4DBD2FF70A29B007E
:10868000CF657600A84838FFC405340048ACF2FF37
:108690007E169DFF92603BFFA27998FE8C105F00D2
:1086A000C3FEC8FE5296A200772B91FECCAC4EFFC3
:1086B000A6E09F006813EDFFF57ED0FFE23BD500FA
:1086C00075D9C5009848ED00DC1F17FE0E5AE7FF6C
:1086D000BCD440013C65F6FF5518560001B16D0051
:1086E000925320014BB6C00077F1E000B9ED1BFFBB
:1086F000B8655201EB254DFFFD861300E8F67A00C0
:108700003C6AB300C30B0C006D42EB017D713B0072
:108710003D28A400AF68F000022FBBFF320C8D0093
:10872000C28BB5FF87FA6800615CDEFFD995C9FF8F
:10873000CBF176FF4F9743007A8EDAFF95F5EF0085
:108740008A2AC8FE502561FF7C70A7FF248A57FF44
:10875000821D93FFF1574EFFCC611301B1D116FF7B
:10876000F7E37FFE637753FFD419C60110B3B3005C
:10877000914DACFE59990EFFDABDA7006BE93BFFA6
:108780002321F3FE2C7070FFA17F4F01CCAF0A00B4
:1087900028158AFE6874E400C75F89FF85BEA8FFBC
:1087A00092A5EA01B7632700B7DC36FEFFDE85003D
:1087B000A2DB79FE3FEF0600E16636FFFB12F60012
:1087C0000422810187248300CE323B010F61B70070
:1087D000ABD887FF65982BFF96FB5B0026915F0067
:1087E00022CC26FEB28C53FF1981F3FF4C9025005A
:1087F0006A241AFE7690ACFF44BAE5FF6BA1D5FF60
:108800002EA344FF95AAFD00BB110F00DAA0A5FF1F
:10881000AB23F601600D1300A5CB7500D66BC0FF2E
:10882000F47BB10164036800B2F261FFFB4C82FF8C
:10883000D34D2A01FA4F46FF3FF450016965F60017
:108840003D883A01EE5BD5000E3B62FFA7544D0018
:1088500011842EFE39AFC5FFB93EB8004C40CF00A1
:10886000ACAFD0FEAF4A25008A1BD3FE947DC20078
:108870000A595100A8CB65FF2BD5D101EBF5360085
:108880001E23E2FF097E4600E27D5EFE9C7514FF1A
:1088900039F87001E63040FFA45CA601E0D6E6FF9F
:1088A00024788F0037082BFFFB01F5016A62A500D1
:1088B0004A6B6AFE350436FF5AB2960103787BFF95
:1088C000F405590172FA3DFFFE9952014D0F110056
:1088D00039EE5A015FDFE600EC342FFE6794A4FF07
:1088E00079CF24011210B9FF4B144A00BB0B65006D
:1088F0002E3081FF16EFD2FF4DEC81FF6F4DCCFF84
:108900003D4861FFC7D9FBFF2AD7CC008591C9FF3D
:1089100039E69201EB64C600924923FE6CC614FF4F
:10892000B64FD2FF52678800F66CB00022113CFFB0
:10893000134A72FEA8AA4EFF9DEF14FF9529A800C6
:108940003A791C004FB386FFE77987FFAED162FF0B
:10895000F37ABE00ABA6CD00D47430001D6C42FF8C
:10896000A2DEB6010E771500D527F9FFFEDFE4FF82
:10897000B7A5C60085BE30007CD06DFF77AF55FF30
:1089800009D1790130ABBDFFC347860188DB33FFD6
:10899000B65B8DFE319F48002376F5FF70BAE3FF8A
:1089A0003B891F00892CA30072673CFE08D5960006
:1089B000A20A71FFC2684800DC8374FFB24F5C00FA
:1089C000CBFAD5FE5DC1BDFF82FF22FED4BC97006D
:1089D000881114FF146553FFD4CEA600E5EE49FFBD
:1089E000974A03FFA857D7009BBC85FFA681490083
:1089F000F04F85FFB2D351FFCB48A3FEC1A8A5001D
:108A00000EA4C7FE1EFFCC0041485B01A64A66FFCC
:108A1000C82A00FFC271E3FF4217D000E5D864FF07
:108A200018EF1A000AE93EFF7B0AB2011A24AEFFD2
:108A300077DBC7012DA3BE0010A82A00A639C6FF08
:108A40001C1A1A007EA5E700FB6C64FF3DE579FF68
:108A50003A768A004CCF11000D2270FE5910A80002
:108A600025D069FF23C9D7FF286A65FE06EF72008B
:108A70002867E2FEF67F6EFF3FA73A0084F08E0083
:108A8000059E58FF81499EFF5E599200E63692008E
:108A9000082DAD004FA9010073BAF70054408300C0
:108AA00043E0FDFFCFBD40009A1C51012DB836FFB9
:108AB00057D4E0FF006049FF8121EB01344250FFB1
:108AC000FBAE9BFF04B32500EAA45DFE5DAFFD0095
:108AD000C64557FFE06A2E00631DD2003EBC72FF00
:108AE0002CEA0800A9AFF7FF176D89FFE5B627004C
:108AF000C0A55EFEF565D900BF586000C45E63FF87
:108B00006AEE0BFE357EF3005E0165FF2E930200D8
:108B1000C97C7CFF8D0CDA000DA69D0130FBEDFFBA
:108B20009BFA7CFF6A9492FFB60DCA001C3DA70019
:108B3000D99808FEDC822DFFC8E6FF01374157FFB8
:108B40005DBF61FE72FB0E0020695C011ACF8D00D3
:108B500018CF0DFE153230FFBA9474FFD32BE1000D
:108B60002522A2FEA4D22AFF441760FFB6D608FF32
:108B7000F57589FF42C332004B0C53FE508CA400A4
:108B800009A52401E46EE300F1115A011934D4005F
:108B900006DF0CFF8BF339000C714B01F6B7BFFFFA
:108BA000D5BF45FFE60F8E0001C3C4FF8AAB2FFF80
:108BB000403F6A0110A9D6FFCFAE3801584985FF62
:108BC000B6858C00B10E19FF93B835FF0AE3A1FFFB
:108BD00078D8F4FF494DE9009DEE8B013B41E90057
:108BE00046FBD80129B899FF20CB70009293FD0075
:108BF00057656D012C5285FFF49635FF5E98E8FFAE
:108C00003B5D27FF5893DCFF4E510D01202FFCFFE9
:108C1000A01372FF5D6B27FF7610D301B977D1FFE8
:108C2000E3DB7FFE5869ECFFA26E17FF24A66EFF00
:108C30005BECDDFF42EA74006F13F4FE0AE91A00F0
:108C400020B706FE02BFF200DA9C35FE293C46FF43
:108C5000A8EC6F0079B97EFFEE8ECFFF377E34002F
:108C6000DC81D0FE50CCA4FF431790FEDA286CFFC5
:108C70007FCAA400CB2103FF029E00002560BCFF39
:108C8000C0314A006D0400006FA70AFE5BDA87FF5F
:108C9000CB42ADFF96C2E200C9FD06FFAE66790089
:108CA000CDBF6E0035C2040051282DFE23668FFF14
:108CB0000C6CC6FF101BE8FFFC47BA01B06E7200D7
:108CC0008E037501714D8E00139CC5015C2FFC0055
:108CD00035E816013612EB002E23BDFFECD48100DF
:108CE0000260D0FEC8EEC7FF3BAFA4FF922BE700A7
:108CF000C2D934FF03DF0C008A36B2FE55EBCF0039
:108D0000E8CF2200313432FFA67159FF0A2DD8FF77
:108D10003EAD1C006FA5F60076735BFF80543C00EF
:108D2000A790CB00570DF300161EE401B17192FF1E
:108D300081AAE6FEFC9981FF91E12B0046E705FF41
:108D40007A697EFE56F694FF6E259AFED1035B008B
:108D500044913E00E410A5FF37DDF9FEB2D25B007E
:108D60005392E2FE4592BA005DD268FE1019AD0042
:108D7000E7BA2600BD7A8CFFFB0D70FF696E5D00BF
:108D8000FB48AA00C017DFFF1803CA01E15DE40039
:108D90009993C7FE6DAA1600F865F6FFB27C0CFF2A
:108DA000B2FE66FE370441007DD6B400B760930082
:108DB0002D7517FE84BFF9008FB0CBFE88B736FF44
:108DC00092EAB100926556FF2C7B8F0121D1980069
:108DD000C05A29FE530F7DFFD5AC5200D7A9900091
:108DE000100D220020D164FF5412F901C511ECFFCF
:108DF000D9BAE60031A0B0FF6F7661FFED68EB00F5
:108E00004F3B5CFE45F90BFF23AC4A01137644004F
:108E1000DE7CA5FFB44223FF56AEF6002B4A6FFF5F
:108E20007E9056FFE4EA5B00F2D518FE452CEBFF7E
:108E3000DCB4230008F807FF662F5CFFF0CD66FF67
:108E400071E6AB011FB9C9FFC2F646FF7A11BB003C
:108E50008646C7FF950396FF753F670041687BFF15
:108E6000D4361301068D58005386F3FF883567000A
:108E7000A91BB400B13118006F36A700C33DD7FF5E
:108E80001F016C013C2A4600B903A2FFC29528FFCE
:108E9000F67F26FEBE7726FF3D77080160A1DBFF47
:108EA0002ACBDD01B1F2A4FFF59F0A0074C40000D3
:108EB000055DCDFE807FB3007DEDF6FF95A2D9FF65
:108EC000572514FE8CEEC0000909C1006101E200C3
:108ED0001D260A0000883FFFE548D2FE26865CFF7B
:108EE0004EDAD001682454FF0C05C1FFF2AF3DFFFC
:108EF000BFA92E01B39393FF71BE8BFE7DAC1F0003
:108F0000034BFCFED7240F00C11B1801FF4595FF42
:108F10006E817600CB5DF9008A8940FE2646060008
:108F20009974DE00A14A7B00C1634FFF763B5EFF70
:108F30003D0C2B0192B19D002E93BF0010FF260027
:108F40000B331F013C3A62FF6FC24D019A5BF40084
:108F50008C289001AD0AFB00CBD132FE6C824E0012
:108F6000E4B45A00AE07FA001FAE3C0029AB1E0065
:108F7000746352FF76C18BFFBBADC6FEDA6F38005B
:108F8000B97BD800F99E340034B45DFFC9095BFF9A
:108F9000382DA6FE849BCBFF3AE86E0034D359FFF0
:108FA000FD00A2010957B70091882C015E7AF500F7
:108FB00055BCAB01935CC600000868001E5FAE00A4
:108FC000DDE63401F7F7EBFF89AE35FF2315CCFF63
:108FD00047E3D601E852C2000B30E3FFAA49B8FFCD
:108FE000C6FBFCFE2C702200836583FF48A8BB00F3
:108FF00084877DFF8A6861FFEEB8A8FFF36854FF9D
:1090000087D8E2FF8B90ED00BC89960150388CFF29
:1090100056A9A7FFC24E19FFDC11B4FF110DC10004
:109020007589D4FF8DE0970031F4AF00C163AFFFC5
:1090300013639A01FF413EFF9CD237FFF2F403FF16
:10904000FA0E95009E58D9FF9DCF86FEFBE81C00C6
:109050002E9CFBFFAB38B8FFEF33EA008E8A83FF0C
:1090600019FEF3010AC9C2003F614B00D2EFA20012
:10907000C0C81F0175D6F3001847DEFE3628E8FF8A
:109080004CB76FFE900E57FFD64F88FFD8C4D40060
:10909000841B8CFE8305FD007C6C13FF1CD74B00EA
:1090A0004CDE37FEE9B63F0044ABBFFE346FDEFF57
:1090B0000A694DFF50AAEB008F1858FF2DE7790081
:1090C0009481E0013DF65400FD2EDBFFEF4C2100C2
:1090D000319412FEE6254500438616FE8E9B5E0007
:1090E0001F9DD3FED52A1EFF04E4F7FEFCB00DFF42
:1090F00027001FFEF1F4FFFFAA2D0AFEFDDEF90096
:10910000DE728400FF2F06FFB4A3B301545E97FF05
:1091100059D152FEE534A9FFD5EC0001D638E4FF61
:10912000877797FF70C9C10053A035FE06974200AC
:1091300012A21100E9615B0083054E01B57835FF8D
:10914000755F3FFFED75B900BF7E88FF9077E9003E
:10915000B73961012FC9BBFFA7A577012D647E0038
:10916000156206FE91965FFF78369800D16268001E
:109170008F6F1EFEB894F900EBD82E00F8CA94FF4A
:10918000395F1600F2E1A300E9F7E8FF47AB13FFF0
:1091900067F431FF54675DFF4479F40152E00D003C
:1091A000294F2BFFF9CEA7FFD73415FEC02016FF9D
:1091B000F76F3C00654A26FF165B54FE1D1C0DFF31
:1091C000C6E7D7FEF49AC800DF89ED00D3840E000D
:1091D0005F40CEFF113EF7FFE98379015D174D0037
:1091E000CDCC34FE51BD8800B4DB8A018F125E0005
:1091F000CC2B8CFEBCAFDB006F628FFF973FA2FFD2
:10920000D33247FE13923500922D53FEB252EEFF39
:10921000108554FFE2C65DFFC96114FF787623FF15
:109220007232E7FFA2E59CFFD31A0C00722773FF8E
:10923000CED48600C5D9A0FF74815EFEC7D7DBFF00
:109240004BDFF901FD74B5FFE8D768FFE482F6FF54
:10925000B97556000E050800EF1D3D01ED5785FF5D
:109260007D9289FECCA8DF002EA8F5009A69160031
:10927000DCD4A1FF6B4518FF89DAB5FFF154C6FFB6
:10928000827AD3FF8D0899FFBEB176006059B20093
:10929000FF1030FE7A6069FF7536E8FF227E69FFB5
:1092A000CC43A600E8348AFFD3930C00193607009C
:1092B0002C0FD7FE33EC2D00BE4481016A93E100F0
:1092C0001C5D2DFEEC8D0FFF113DA100DC73C00075
:1092D000EC9118FE6FA8A900E03A3FFF7FA4BC0004
:1092E00052EA4B01E09E8600D1446E01D9A6D90016
:1092F00046E1A601BBC18FFF100758FF0ACD8C00C5
:1093000075C09C01113826001B7C6C01ABD737FF60
:109310005FFDD4009B87A8FFF6B299FE9A444A00ED
:10932000E83D60FE69843B00214CC701BDB082FF6F
:10933000096819FE4BC666FFE90170006CDC14FF7A
:1093400072E646008CC285FF399EA4FE920650FF4D
:10935000A9C4610155B78200469EDE013BEDEAFFDC
:1093600060191AFFE8AF61FF0B79F8FE5823C200BD
:10937000DBB4FCFE4A08E300C3E34901B86EA1FF79
:1093800031E9A40180352F00520E79FFC1BE3A00A9
:1093900030AE75FF84172000280A8601163319FFA6
:1093A000F00BB0FF6E399200758FEF019D6576FF6F
:1093B00036544C00CDB812FF2F0448FF4E7055FFB5
:1093C000C13242015D1034FF086986000C6D48FF10
:1093D0003A9CFB009023CC002CA075FE326BC2009F
:1093E0000144A5FF6F6EA2009E5328FE4CD6EA00F2
:1093F0003AD8CDFFAB6093FF28E37201B0E3F100F0
:1094000046F9B70188548BFF3C7AF7FE8F0975FF48
:10941000B1AE89FE49F78F00ECB97EFF3E19F7FF28
:109420002D4038FFA1F406002239380169CA5300E3
:109430008093D00006670AFF4A8A41FF615064FFAB
:10944000D6AE21FF32864AFF6E9782FE6F54AC0083
:1094500054C74BFEF83B70FF08D8B20109B75F0054
:10946000EE1B08FEAACDDC00C3E58700624CEDFFD1
:10947000E25B1A0152DB27FFE1BEC701D9C879FFC1
:1094800051B308FF8C41CE00B2CF57FEFAFC2EFF3D
:1094900068596E01FDBD9EFF90D69EFFA0F536FF78
:1094A00035B75C0115C8C2FF92217101D101FF00DF
:1094B000EB6A2BFFA734E8009DE5DD00331E1900A1
:1094C000FADD1B01419357FF4F7BC40041C4DFFF0E
:1094D0004C2C110155F14400CAB7F9FF41D4D4FF17
:1094E00009219A01473B5000AFC23BFF8D4809005C
:1094F00064A0F400E6D038003B194BFE50C2C20015
:109500001203C8FEA09F7300848FF7016F5D39FFBF
:109510003AED0B0186DE87FF7AA36C017B2BBEFF41
:10952000FBBDCEFE50B648FFD0F6E001113C09006D
:10953000A1CF26008D6D5B00D80FD3FF884E6E0043
:1095400062A368FF155079FFADB2B7017F8F0400A9
:10955000683C52FED6100DFF60EE21019E94E6FF9E
:109560007F813EFF33FFD2FF3E8DECFE9D37E0FF53
:109570007227F400C0BCFAFFE44C3500625451FF7E
:10958000ADCB3DFE933237FFCCEBBF0034C5F400CA
:10959000582BD3FE1BBF7700BCE79A004251A100B5
:1095A0005CC1A001FAE378007B37E200B811480003
:1095B00085A80AFE16879CFF291967FF30CA3A0062
:1095C000BA9551FFBC86EF00EBB5BDFED98BBCFF51
:1095D0004A3052002EDAE500BDFDFB0032E50CFFFB
:1095E000D38DBF0180F419FFA9E77AFE562FBDFF86
:1095F00084B717FF25B296FF3389FD00C84E1F00C0
:1096000016693200823C000084A35BFE17E7BB00B2
:10961000C04FEF009D66A4FFC052140118B567FF4C
:10962000F009EA00017BA4FF85E900FFCAF2F2001D
:109630003CBAF500F110C7FFE0749EFEBF7D5BFFF2
:10964000E056CF007925E7FFE309C6FF0F99EFFF4A
:1096500079E8D9FE4B7052005F0C39FE33D669FFB2
:1096600094DC6101C76224009CD10CFE0AD4340052
:10967000D9B437FED4AAE8FFD81454FF9DFA870066
:109680009D637FFE01CE29009524460136C4C9FFA3
:10969000577400FEEBAB96001BA3EA00CA87B40028
:1096A000D05F00FE7B9C5D00B73E4B0089EBB600AF
:1096B000CCE1FFFFD68BD2FF027308FF1D0C6F00B9
:1096C000349C0100FD15FBFF25A51FFE0C82D30075
:1096D0006A1235FE2A639A000ED93DFED80B5CFF54
:1096E000C8C570FE9326C70024FC78FE6BA94D0008
:1096F000017B9FFFCF4B6600A3AFC4002C01F0009D
:1097000078BAB0FE0D624CFFED7CF1FFE892BCFF31
:10971000C860E000CC1F2900D0C80D0015E160FF33
:10972000AF9CC400F7D07E003EB8F4FE02AB5100FF
:1097300055739E0036402DFF138A72008747CD0077
:10974000E32F9301DAE74200FDD11C00F40FADFFD7
:10975000060F76FE1096D0FFB91632FF5670CFFF77
:109760004B71D7013F922BFF04E113FEE3173EFF3D
:109770000EFFD6FE2D08CDFF57C597FED252D7FF5C
:10978000F5F8F7FF80F84600E1F757005A784600F1
:10979000D5F55C000D85E2002FB505015CA369FFDE
:1097A000061E85FEE8B23DFFE69518FF12319E00C9
:1097B000E4643DFE74F3FBFF4D4B5C0151DB93FF12
:1097C0004CA3FEFE8DD5F600E82598FE612C6400C2
:1097D000C9253201D4F43900AEABB7FFF94A7000A5
:1097E000A69C1E00DEDD61FFF35D49FEFB6564FFA4
:1097F000D8D95DFFFE8ABBFF8EBE34FF3BCBB1FFE5
:10980000C85E340073729EFFA59868017E63E2FF14
:10981000769DF4016BC81000C15AE5007906580026
:109820009C205DFE7DF1D3FF0EED9DFFA59A15FFF7
:10983000B8E016FFFA1898FF714D1F00F7AB17FF3D
:10984000EDB1CCFF348991FFC2B67200E0EA950019
:109850000A6F6701C9810400EE8E4E00340628FFAE
:109860006ED5A5FE3CCFFD003ED74500606100FFF0
:10987000312DCA00787916FFEB8B3001C62D22FFFF
:10988000B6321B0183D25BFF2E368000AF7B69FFAF
:10989000C68D4EFE43F4EFFFF53667FE4E26F2FF0F
:1098A000025CF9FEFBAE57FF8B3F9000186C1BFF6C
:1098B000226612012216980042E576FE328F63007E
:1098C00090A99501761E9800B2087901089F1200B0
:1098D0005A65E6FF811D770044240B01E8B7370085
:1098E00017FF60FFA129C1FF3F8BDE000FB3F3001C
:1098F000FF640FFF523587008939950163F0AAFF95
:1099000016E6E4FE31B452FF3D522B006EF5D9004D
:10991000C77D3D002EFD34008DC5DB00D39FC10007
:10992000377969FEB7148100A977AAFFCBB28BFF04
:109930008728B6FFAC0DCAFF41B2940008CF2B00B8
:109940007A357F014AA13000E3D680FE560BF3FF43
:1099500064560701F54486FF3D2B150198545EFFC0
:10996000BE3CFAFEEF76E8FFD6882501714C6BFF0E
:109970005D68640190CE17FF6E969A01E467B900A6
:10998000DA3132FE874D8BFFB9014E0000A194FF02
:10999000611DE9FFCF9495FFA0A800005B80ABFF9D
:1099A000061C13FE0B6FF70027BB96FF8AE8950095
:1099B000753E44FF3FD8BCFFEBEA20FE1D39A0FFF7
:1099C000190CF101A93CBF0020838DFFED9F7BFFA7
:1099D0005EC55EFE74FE03FF5CB361FE79615CFFF1
:1099E000AA700E001595F800F8E3030050606D00B2
:1099F0004BC04A010C5AE2FFA16A4401D0727FFFBA
:109A0000722AFFFE4A1A4AFFF7B396FE798C3C0091
:109A10009346C8FFD628A1FFA1BCC9FF8D4187FF8F
:109A2000F273FC003E2FCA00B495FFFE8237ED00B2
:109A3000A511BAFF0AA9C2009C6DDAFF708C7BFFEA
:109A40006880DFFEB18E6CFF7925DBFF804D12FF51
:109A50006F6C17015BC04B00AEF516FF04EC3EFFC8
:109A60002B409901E3ADFE00ED7A84017F59BAFFE6
:109A70008E5280FEFC54AE005AB3B101F3D657FFAC
:109A8000673CA2FFD0820EFF0B828B00CE81DBFFF2
:109A90005ED99DFFEFE6E6FF74739FFEA46B5F0047
:109AA00033DA0201D87DC6FF8CCA80FE0B5F44FF0B
:109AB00037095DFEAE9906FFCCAC600045A06E0094
:109AC000D52631FE1B50D500767D7200464643FFF9
:109AD0000F8E49FF837AB9FFF31432FE82ED28001E
:109AE000D29F8C01C59741FF54994200C37E5A0012
:109AF00010EEEC0176BB66FF031885FFBB45E60060
:109B000038C55C01D5455EFF508AE501CE07E60009
:109B1000DE6FE6015BE977FF095907010262010088
:109B2000944A85FF33F6B4FFE4B170013ABD6CFF8F
:109B3000C2CBEDFE15D1C300930A2301569DE2006E
:109B40001FA38BFE38074BFF3E5A7400B53CA9009B
:109B50008AA2D4FE51A71F00CD5A70FF2170E300E6
:109B600053977501B1E049FFAE90D9FFE6CC4FFFA6
:109B7000164DE8FF724EEA00E0397EFE09318D0095
:109B8000F293A50168B68CFFA7840C017B447F008B
:109B9000E1572701FB6C0800C6C18F017987CFFF11
:109BA000AC164600324474FF65AF28FFF869E9003F
:109BB000A6CB07006EC5DA00D7FE1AFEA8E2FD00AC
:109BC0001F8F60000B672900B781CBFE64F74AFF47
:109BD000D57E8400D2932C00C7EA1B01942FB500D8
:109BE0009B5B9E013669AFFF024E91FE669A5F0055
:109BF00080CF7FFE347CECFF82544700DDF3D3003E
:109C000098AACF00DE6AC700B7545EFE5CC838FF72
:109C10008AB673018E6092008588E4006112960016
:109C200037FB42008C660400CA6797001E13F8FFDA
:109C300033B8CF00CAC6590037C5E1FEA95FF9FFA6
:109C4000424144FFBCEA7E00A6DF640170EFF400ED
:109C50009017C2003A27B600F42C18FEAF44B3FFA9
:109C600098769A01B0A28200D972CCFEAD7E4EFFEA
:109C700021DE1EFF24025BFF028FF30009EBD700F9
:109C800003AB970118D7F5FFA82FA4FEF192CF00E0
:109C90004581B40044F37100903548FEFB2D0E0061
:109CA000176EA80044444FFF6E465FFEAE5B90FF08
:109CB00021CE5FFF892907FF13BB99FE23FF70FFA9
:109CC0000991B9FE329D25000B7031016608BEFF77
:109CD000EAF3A9013C5517004A27BD007431EF0093
:109CE000ADD5D2002EA16CFF9F962500C478B9FF98
:109CF000226206FF99C33EFF61E647FF663D4C00C6
:109D00001AD4ECFFA4611000C63B9200A317C40054
:109D100038183D00B562C100FB93E5FF62BD18FF36
:109D20002E36CEFFEA52F600B76726016D3ECC0014
:109D30000AF0E000921675FF8E9A780045D4230051
:109D4000D063760179FF03FF4806C2007511C5FF95
:109D50007D0F17009A4F9900D65EC5FFB93793FF64
:109D60003EFE4EFE7F5299006E663FFF6C52A1FF91
:109D700069BBD401508A27003CFF5DFF480CBA0044
:109D8000D2FB1F01BEA790FFE42C13FE8043E80026
:109D9000D6F96BFE889156FF842EB000BDBBE3FF61
:109DA000D0168C00D9D374003251BAFE8BFA1F0042
:109DB0001E40C601879B6400A0CE17FEBBA2D3FF46
:109DC00010BC3F00FED031005554BF00F1C0F2FF7F
:109DD000997E9101EAA2A2FFE661D80140877E0048
:109DE000BE94DF0134002BFF1C27BD014088EE002C
:109DF000AFC4B90062E2D5FF7F9FF401E2AF3C003F
:109E0000A0E98E01B4F3CFFF459859011F651500F5
:109E10009019A4FE8BBFD1005B1979002093050037
:109E200027BA7BFF3F73E6FF5DA7C6FF8FD5DCFF38
:109E3000B39C13FF19427A00D6A0D9FF022D3EFF32
:109E40006A4F92FE338963FF5764E7FFAF91E8FFE3
:109E500065B801FFAE097D005225A10124728DFF76
:109E600030DE8EFFF5BA9A0005AEDDFE3F729BFF35
:109E70008737A001501F87007EFAB301ECDA2D006E
:109E8000141C910110934900F9BD840111BDC0FF5C
:109E9000DF8EC6FF48140FFFFA35EDFE0F0B1200E0
:109EA0001BD371FED56B38FFAE9392FF607E3000FE
:109EB00017C16D0125A25E00C79DF9FE1880BBFF8A
:109EC000CD31B2FE5DA42AFF2B77EB0158B7EDFF31
:109ED000DAD201FF6BFE2A00E60A63FFA200E2006D
:109EE000DBED5B0081B2CB00D0325FFECED05FFFF6
:109EF000F7BF59FE6EEA4FFFA53DF300147A70FFDD
:109F0000F6F6B9FE67047B00E963E601DB5BFCFF64
:109F1000C7DE16FFB3F5E9FFD3F1EA006FFAC0FF21
:109F200055548800653A32FF83AD9CFE772D33FF90
:109F300076E910FEF25AD6005E9FDB010303EAFFCA
:109F4000624C5CFE5036E60005E4E7FE3518DFFFA4
:109F500071387601148401FFABD2EC0038F19EFF1A
:109F6000BA7313FF08E5AE00302C00017272A6FF31
:109F70000649E2FFCD59F40089E34B01F8AD380002
:109F80004A78F6FE77030BFF5178C6FF887A62FFA6
:109F900092F1DD016DC24EFFDFF14601D6C8A9FF87
:109FA00061BE2FFF2F67AEFF635C48FE76E9B4FF0A
:109FB000C123E9FE1AE520FFDEFCC600CC2B47FFDB
:109FC000C754AC008666BE006FEE61FEE628E60070
:109FD000E3CD40FEC80CE100A619DE00714533FF59
:109FE0008F9F1800A7B84A001DE074FE9ED0E900BC
:109FF000C1747EFFD40B85FF163A8C01CC2433FF4D
:10A00000E81E2B00EB46B5FF403892FEA91254FF24
:10A01000E2010DFFC832B0FF34D5F5FEA8D16100D2
:10A02000BF473700224E9C00E8903A01B94ABD0074
:10A03000BA8E95FE40457FFFA1CB93FFB097BF003E
:10A0400088E7CBFEA3B68900A17EFBFEE920420093
:10A0500044CF42001E1C25005D726001FE5CF7FFCC
:10A060002CAB4500CA770BFFBC763201FF5388FF4B
:10A0700047521A0046E3020020EB7901B5299A0005
:10A080004786E5FECAFF2400299805009A3F49FF4C
:10A0900022B67C0079DD96FF1ACCD50129AC570099
:10A0A0005A9D92FF6D821400476BC8FFF366BD0096
:10A0B00001C391FE2E58750008CEE300BF6EFDFF70
:10A0C0006D8014FE865533FF89B17001D82216FFCA
:10A0D0008310D0FF7995AA0072131701A6501FFFB5
:10A0E00071F07A00E8B3FA00446EB4FED2AA7700A9
:10A0F000DF6CA4FFCF4FE9FF1BE5E2FED16251FF09
:10A100004F44070083B96400AA1DA2FF11A26BFF90
:10A1100039150B0164C8B5FF7F41A601A586CC00A7
:10A1200068A7A80001A44F0092873B01463280FF38
:10A1300066770DFEE3068700A28EB3FFA064DE0003
:10A140001BE0DB019E5DC3FFEA8D890010187DFFD7
:10A15000EECE2FFF611162FF746E0CFF60734D0035
:10A160005BE3E8FFF8FE4FFF5CE506FE58C68B0098
:10A17000CE4B8100FA4DCEFF8DF47B018A45DC0089
:10A180002097060183A716FFED44A7FEC7BD9600E2
:10A19000A3AB8AFF33BC06FF5F1D89FE94E2B300C8
:10A1A000B56BD0FF861F52FF97652DFF81CAE10076
:10A1B000E0489300308A97FFC340CEFEEDDA9E0060
:10A1C0006A1D89FEFDBDE9FF670F11FFC261FF0037
:10A1D000B22DA9FEC6E19B00273075FF876A730088
:10A1E0006126B500962F41FF5382E5FEF6268100D9
:10A1F0005CEF9AFE5B637F00A16F21FFEED9F2FF57
:10A2000083B9C3FFD5BF9EFF2996DA0084A98300D6
:10A210005954FC01AB4680FFA3F8CBFE0132B4FFDA
:10A220007C4C5501FB6F50006342EFFF9AEDB6FF87
:10A23000DD7E85FE4ACC63FF419377FF6338A7FF3D
:10A240004FF895FF749BE4FFED2B0EFE45890BFF45
:10A2500016FAF1015B7A8FFFCDF9F300D41A3CFFB7
:10A2600030B6B0013017BFFFCB7998FE2D4AD5FF2D
:10A270003E5A12FEF5A3E6FFB96A74FF53239F000E
:10A280000C2102FF50223E001057AEFFAD65550075
:10A29000CA2451FEA045CCFF40E1BB003ACE5E008F
:10A2A00056902F00E556F5003F91BE012505270089
:10A2B0006DFB1A008993EA00A27991FF9074CEFF9A
:10A2C000C5E8B9FFB7BE8CFF490CFEFF8B14F2FF47
:10A2D000AA5AEFFF6142BBFFF5B587FEDE88340066
:10A2E000F50533FECB2F4E009865D80049177D0049
:10A2F000FE602101EBD249FF2BD1580107816D008F
:10A300007A68E4FEAAF2CB00F2CC87FFCA1CE9FF10
:10A3100041067F009F904700648C5F004E960D00C1
:10A32000FB6B7601B63A7DFF01266CFF8DBDD1FF38
:10A33000089B7D0171A35BFF794FBEFF86EF6CFF29
:10A340004C2FF800A3E4EF00116F0A0058954BFF63
:10A35000D7EBEF00A79F18FF2F976CFF6BD1BC00C6
:10A36000E9E763FE1CCA94FFAE238AFF6E1844FF20
:10A370000245B5006B66520066ED07005C24EDFFF8
:10A38000DDA2530137CA06FF87EA87FF18FADE000D
:10A39000415EA8FEF5F8D2FFA76CC9FEFFA16F00D1
:10A3A000CD08FE00880D740064B084FF2BD77EFFBB
:10A3B000B18582FF9E4F940043E025010CCE15FF2E
:10A3C0003E226E01ED68AFFF50846FFF8EAE4800F5
:10A3D00054E5B4FE69B38C0040F80FFFE98A100021
:10A3E000F5437BFEDA79D4FF3F5FDA01D58589FF3B
:10A3F0008FB652FF301C0B00F4728D01D1AF4CFFB1
:10A400009DB596FFBAE503FFA49D6F01E7BD8B00E4
:10A4100077CABEFFDA6A40FF44EB3FFE601AACFF2A
:10A42000BB2F0B01D712FBFF51545900443A800057
:10A430005E7105015C81D0FF610F53FE091CBC00F9
:10A44000EF09A4003CCD9800C0A362FFB8123C0005
:10A45000D9B68B006D3B78FF04C0FB00A9D2F0FF9A
:10A4600025AC5CFE94D3F5FFB3413400FD0D7300C1
:10A47000B9AECE0172BC95FFED5AAD002BC7C0FF3F
:10A48000586C710034234C00421994FFDD0407FF1F
:10A4900097F172FFBED1E8006232C7009796D5FFF0
:10A4A000124A240135280700138741FF1AAC4500E2
:10A4B000AEED5500635F29000338100027A0B1FFFF
:10A4C000C86ADAFEB94454FF5BBA3DFE438F8DFF84
:10A4D0000DF4A6FF6372C600C76EA3FFC112BA00D7
:10A4E0007CEFF6016E44160002EB2E01D43C6B00AB
:10A4F000692A69010EE69800070583008D689AFFB6
:10A50000D503060083E4A2FFB3641C01E77B55FF7B
:10A51000CE0EDF01FD60E6002698950162897A0083
:10A52000D6CD03FFE298B3FF068589009E458CFFD8
:10A5300071A29AFFB4F3ACFF1BBD73FF8F2EDCFF3B
:10A54000D586E1FF7E1D4500BC2B8901F24609003E
:10A550005ACCFFFFE7AA9300173813FE387D9DFF02
:10A5600030B3DAFF4FB6FDFF26D4BF0129EB7C00E4
:10A5700060971C008794BE00CDF927FE346088FFE9
:10A58000D42C88FF43D183FFFC8217FFDB8014FFAC
:10A59000C68176006C650B00B20592013E0764FF30
:10A5A000B5EC5EFE1C1AA4004C1670FF78664F00D6
:10A5B000CAC0E501C8B0D7002940F4FFCEB84E00AC
:10A5C000A72D3F01A02300FF3B0C8EFFCC0990FF7D
:10A5D000DB5EE5017A1B7000BD696DFF40D04AFF6C
:10A5E000FB7F370102E2C6002C4CD10097984DFF4B
:10A5F000D2172E01C9AB45FF2CD3E700BE25E0FFE3
:10A60000F5C43EFFA9B5DEFF22D3110077F1C5FFE7
:10A61000E5239801154528FFB2E2A10094B3C100DB
:10A62000DBC2FE0128CE33FFE75CFA014399AA00A2
:10A630001594F100AA4552FF7912E7FF5C720300FE
:10A64000B83EE600E1C957FF9260A2FFB5F2DC0018
:10A65000ADBBDD01E23EAAFF387ED901750DE3FFF7
:10A66000B32CEF009D8D9BFF90DD5300EBD1D0000C
:10A670002A11A501FB5185007CF5C9FE61D318FFA5
:10A6800053D6A6009A2409FFF82F7F005ADB8CFFCF
:10A69000A1D926FED4933FFF42549401CF03010079
:10A6A000E68659017F4E7AFFE09B01FF52884A00FF
:10A6B000B29CD0FFBA1931FFDE03D201E596BEFF8E
:10A6C00055A234FF29548DFF497B54FE5D1196003D
:10A6D00077131C012016D7FF1C17CCFF8EF134FF17
:10A6E000E4347D001D4CCF00D7A7FAFEAFA4E600EE
:10A6F00037CF69016DBBF5FFA12CDC01296580FF17
:10A70000A7105E005DD66BFF764800FE503DEAFF65
:10A7100079AF7D008BA9FB00612793FEFAC431FF5E
:10A72000A5B36EFEDF46BBFF168E7D019AB38AFF8E
:10A7300076B02A010AAE99009C5C6600A80DA1FFC4
:10A740008F102000FAC5B4FFCBA32C0157202400A2
:10A75000A19914FF7BFC0F0019E350003C588E00B8
:10A760001116C9019ACD4DFF273F2F00087A8D00A1
:10A770008017B6FECC2713FF04701DFF17248CFF33
:10A78000D2EA74FE35323FFF79AB68FFA0DB5E0092
:10A7900057520EFEE72A0500A58B7FFE564E260077
:10A7A000823C42FECB1E2DFF2EC47A01F935A2FF5A
:10A7B000888F67FED7D27200E707A0FEA9982AFF0C
:10A7C0006F2DF6008E8387FF8347CCFF24E20B00BA
:10A7D000001CF2FFE18AD5FFF72ED8FEF503B70083
:10A7E0006CFC4A01CE1A30FFCD36F6FFD3C624FFEB
:10A7F0007923320034D8CAFF268B81FEF2499400B7
:10A8000043E78DFF2A2FCC004E74190104E1BFFFEE
:10A810000693E4003A58B1007AA5E5FFFC53C9FF5E
:10A82000E0A76001B1B89EFFF269B301F8C6F0007D
:10A830008542CB01FE242F002D1873FF773EFE00CA
:10A84000C4E1BAFE7B8DAC001A5529FFE26FB70058
:10A85000D5E79700043B07FFEE8A9400429321FF5F
:10A860001FF68DFFD18D74FF68701F0058A1AC00DA
:10A8700053D7E6FE2F6F97002D263401842DCC0090
:10A880008A806DFEE97586FFF3BEADFEF1ECF00047
:10A89000527FECFE28DFA1FF6EB6E1FF7BAEEF003A
:10A8A00087F2910133D19A00960373FED9A4FCFF7D
:10A8B000379C4501545EFFFFE8492D011413D4FF76
:10A8C00060C53BFE60FB210026C7490140ACF7FF95
:10A8D000757438FFE41112003E8A6701F6E5A4FFA3
:10A8E000F476C9FE56209FFF6D22890155D3BA0028
:10A8F0000AC1C1FE7AC2B1007AEE66FFA2DAAB00ED
:10A900006CD9A1019EAA2200B02F9B01B5E40BFFD8
:10A91000089C0000104B5D00CE62FF013A9A2300B4
:10A920000CF3B8FE437542FFE6E57B00C92A6E00D2
:10A9300086E4B2FEBA6C76FF3A139AFF52A93EFF44
:10A94000728F7301EFC432FFAD30C1FF930254FF29
:10A95000968693FE5FE849006DE334FEBF890A00E6
:10A9600028CC1EFE4C3461FFA4EB7E00FE7CBC00B4
:10A970004AB61501791D23FFF11E07FE55DAD6FFF1
:10A98000075496FE511B75FFA09F98FE4218DDFFED
:10A99000E30A3C018D876600D0BD960175B35C006B
:10A9A000841688FF78C71C0015814FFEB609410048
:10A9B000DAA3A900F693C6FF6B2690014EAFCDFF38
:10A9C000D605FAFE2F581DFFA42FCCFF2B3706FF0C
:10A9D0008386CFFE7464D600608C4B016ADC9000E5
:10A9E000C3201C01AC5105FFC7B334FF2554CB0075
:10A9F000AA70AE000B045B0045F41B0175835C007C
:10AA00002198AFFF8C996BFFFB872BFE578A04FFC1
:10AA1000C6EA93FE799854FFCD659B019D09190004
:10AA2000486A11FE6C9900FFBDE5BA00C108B0FF8D
:10AA3000AE95D100EE821D00E9D67E013DE26600B2
:10AA400039A30401C66F33FF2D4F4E0173D20AFFA5
:10AA5000DA0919FF9E8BC6FFD352BBFE5085530007
:10AA60009D81E601F38586FF288810004D6B4FFF1E
:10AA7000B7555C01B1CCCA00A34793FF9845BE000F
:10AA8000AC33BC01FAD2ACFFD3F2710159591AFFB1
:10AA900040426FFE74982A00A1271BFF3650FE002B
:10AAA0006AD17301677C6100DDE662FF1FE7060083
:10AAB000B2C078FE0FD9CBFF7C9E4F007091F7009B
:10AAC0005CFA3001A3B5C1FF252F8EFE90BDA5FF16
:10AAD0002E92F000064B8000299DC8FE5779D500C4
:10AAE0000171EC00052DFA00900C52001F6CE7007C
:10AAF000E1EF77FFA707BDFFBBE484FF6EBD220037
:10AB00005E2CCC01A234C5004EBCF1FE39148D0080
:10AB1000F4922F01CE6433007D6B94FE1BC34D0075
:10AB200098FD5A01078F90FF33251F00227726FFDB
:10AB300007C5760099BCD300971474FEF54134FF25
:10AB4000B4FD6E012FB1D100A16311FF76DECA0002
:10AB50007DB3FC017B367EFF9139BF0037BA7900A7
:10AB60000AF38A00CDD3E5FF7D9CF1FE949CB9FFEA
:10AB7000E313BCFF7C2920FF1F22CEFE11395300B6
:10AB8000CC1625FF2A6062007766B80103BE1C0060
:10AB90006E52DAFFC8CCC0FFC991760075CC920026
:10ABA00084206201C0C279006AA1F801ED587C00DE
:10ABB00017D41A00CDAB5AFFF830D8018D25E6FF27
:10ABC0007CCB00FE9EA81EFFD6F8150070BB07FFC9
:10ABD0004B85EFFF4AE3F3FFFA934600D678A200D5
:10ABE000A709B3FF169E1200DA4DD101616D51FF26
:10ABF000F421B3FF393439FF41ACD2FFF947D1FF1B
:10AC00008EA9EE009EBD99FFAEFE67FE62210E008A
:10AC10008D4CE6FF718B34FF0F3AD400A8D7C9FFE3
:10AC2000F8CCD701DF44A0FF399AB7FE2FE77900AF
:10AC30006AA6890051888A00A52B3300E78B3D0066
:10AC4000395F3BFE766219FF973FEC015EBEFAFF6B
:10AC5000A9B9720105FA3AFF4B696101D7DF860095
:10AC60007163A301803E7000636A9300A3C30A006E
:10AC700021CDB600D60EAEFF8126E7FF35B6DF0048
:10AC8000622A9FFFF70D2800BCD2B101061500FF14
:10AC9000FF3D94FE892D81FF591A74FE7E267200B5
:10ACA000FB32F2FE798680FFCCF9A7FEA5EBD70038
:10ACB000CAB1F300858D3E00F082BE016EAFFF0089
:10ACC0000014920125D279FF072782008EFA54FFE3
:10ACD0008DC8CF00095F68FF0BF4AE0086E87E00E8
:10ACE000A7017BFE10C195FFE8E9EF01D54670FF93
:10ACF000FC74A0FEF2DEDCFFCD55E30007B93A009C
:10AD000076F73F01744DB1FF3EF5C8FE3F1225FFB7
:10AD10006B35E8FE32DDD300A2DB07FE025E2B00BE
:10AD2000B63EB6FEA04EC8FF878CAA00EBB8E40082
:10AD3000AF358AFE503A4DFF98C902013FC4220048
:10AD4000051EB800ABB09A00793BCE002663270001
:10AD5000AC504DFE00869700BA21F1FE5EFDDFFF8C
:10AD60002C72FC006C7E39FFC9280DFF27E51BFF04
:10AD700027EF1701977933FF9996F8000AEAAEFF9B
:10AD800076F604FEC8F5260045A1F20110B2960041
:10AD900071388200AB1F69001A586CFF312A6A00B3
:10ADA000FBA94200455D95001439FE00A4196F000F
:10ADB0005ABC5AFFCC04C50028D53201D46084FFA8
:10ADC000588AB4FEE4927CFFB8F6F700417556FF4E
:10ADD000FD66D2FEFE792400897303FF3C18D8007B
:10ADE00086121D003BE26100B08E470007D1A10032
:10ADF000BD5433FE9BFA4800D554EBFF2DDEE00036
:10AE0000EE948FFFAA2A35FF4EA77500BA0028FFDF
:10AE10007DB167FF45E14200E30758014BAC0600F6
:10AE2000A92DE301102446FF320209FF8BC1160051
:10AE30008FB7E7FEDA453200EC38A101D5832A004E
:10AE40008A912CFE88E528FF313F23FF3D91F5FFD5
:10AE500065C002FEE8A771009868260179B9DA009A
:10AE6000798BD3FE77F0230041BDD9FEBBB3A2FF9F
:10AE7000A0BBE6003EF80EFF3C4E6100FFF7A3FFCB
:10AE8000E13B5BFF6B473AFFF12F21013275EC008C
:10AE9000DBB13FFEF45AB30023C2D7FFBD4332FFFC
:10AEA0001787810068BD25FFB939C200233EE7FF3F
:10AEB000DCF86C000CE7B2008F505B01835D65FF2E
:10AEC00090270201FFFAB2000511ECFE8B202E0044
:10AED000CCBC26FEF57334FFBF7149FEBF6C45FF45
:10AEE0001645F50117CBB200AA63AA0041F86F001E
:10AEF000256C99FF4025450000583EFE599490FF6F
:10AF0000BF44E001F127350029CBEDFF917EC2FF60
:10AF1000DD2AFDFF1963970061FDDF014A7331FFF0
:10AF200006AF48FF3BB0CB007CB7F901E4E4630017
:10AF3000810CCFFEA8C0C3FFCCB010FE98EAAB00D6
:10AF40004D2555FF217887FF8EC2E3011FD63A00B9
:10AF5000D5BB7DFFE82E3CFFBE742AFE97B213FFDF
:10AF6000333EEDFECCECC100C2E83C00AC229DFFBC
:10AF7000BD10B8FE67035FFF8DE924FE29190BFFA2
:10AF800015C3A60076F52D0043D595FF9F0C12FF43
:10AF9000BBA4E301A01905000C4EC3012BC5E100C1
:10AFA000308E29FEC49B3CFFDFC7120191889C00B4
:10AFB000FC75A9FE91E2EE00EF176B006DB5BCFFCA
:10AFC000E67031FE49AAEDFFE7B7E3FF50DC14005D
:10AFD000C26B7F017FCD65002E34C501D2AB24FF4B
:10AFE00058035AFF38978D0060BBFFFF2A4EC800F8
:10AFF000FE464601F47DA800CC448A017CD7460079
:10B000006642C8FE1134E40075DC8FFECBF87B008D
:10B010003812AEFFBA97A4FF33E8D001A0E42BFFAB
:10B02000F91D190144BE3F0000000010000000009F
:10B0300000100000060007000800000000000000EB
:10B04000000000000FCD0108C5CD0108F3CC0108B8
:10B05000A7CF0108C9CC01086DD00108D9CC0108DF
:10B0600003D2010825D201080D0A005245454E546D
:10B07000206D616C6C6F63207375636365656465D7
:10B0800064002F5F5F772F61726D2D6E6F6E652D7F
:10B09000656162692D6763632D787061636B2F61F1
:10B0A000726D2D6E6F6E652D656162692D676363CC
:10B0B0002D787061636B2F6275696C642F6C696E9B
:10B0C00075782D7836342F736F75726365732F6EB4
:10B0D00065776C69622D63796777696E2F6E657726
:10B0E0006C69622F6C6962632F7374646C69622F80
:10B0F00072616E642E63000020202020202020201A
:10B100002028282828282020202020202020202017
:10B110002020202020202020881010101010101037
:10B12000101010101010101004040404040404047F
:10B130000404101010101010104141414141410110
:10B1400001010101010101010101010101010101EF
:10B1500001010110101010101042424242424202FE
:10B1600002020202020202020202020202020202BF
:10B170000202021010101020000000000000000069
:10B1800000000000000000000000000000000000BF
:10B1900000000000000000000000000000000000AF
:10B1A000000000000000000000000000000000009F
:10B1B000000000000000000000000000000000008F
:10B1C000000000000000000000000000000000007F
:10B1D000000000000000000000000000000000006F
:10B1E000000000000000000000000000000000005F
:10B1F00000000000000000002C2066756E6374697A
:10B200006F6E3A2000617373657274696F6E2022ED
:10B21000257322206661696C65643A2066696C65F5
:10B2200020222573222C206C696E652025642573ED
:10B2300025730A00232D302B2000686C4C006566B6
:10B240006745464700303132333435363738394177
:10B25000424344454600303132333435363738398D
:08B26000616263646566000091
:08B26800345FFD7F01000000CE
:10B2700045D5010885120008E9600008F9A9000811
:10B2800089AD000809CA000899E80008F5EA000835
:10B29000ED1A0108E5300108D93E0108B97201082C
:08B2A0009DD0010811DE010838
:10B2A80061120008C161000875AA0008A5E8000835
:0CB2B80005EB0008E53E0108E972010802
:10B2C40001000000100000000000004800040048D5
:10B2D40000080048001C0048FFFFFFFF0030024048
:10B2E400000000000000000000000000000000005A
:10B2F4000000000000000000000000000100000049
:10B3040000093D00000000000000000000000000F3
:10B314000000000000000000000000000000000029
:10B324000000000000000000000000000000000019
:10B334000000000000000000000000000000000009
:10B3440000000000000000000000000000000000F9
:10B3540000000000000000000000000000000000E9
:10B3640000000000000000000000000000000000D9
:10B3740000000000000000000000000000000000C9
:10B3840000000000000000000000000000000000B9
:10B3940000000000000000000000000000000000A9
:10B3A40000000000FFFFFFFFFFFFFFFFFFFFFFFFA5
:10B3B400FFFFFFFF0003000000000000000000008A
:10B3C400000000000000000000000000E87C0020F5
:10B3D400501F020800000000E5E7000855E70008D8
:10B3E400D1E60008CBE600080008000000080000D1
:10B3F40000080000100000008000000000000000B1
:10B404000000000000000000000000000D0A52616E
:10B4140064696F4C696220496E666F0A566572737F
:10B42400696F6E3A202022372E372E312E30220DAE
:10B434000A506C6174666F726D3A202241726475B1
:10B44400696E6F2053544D333220286F66666963EA
:10B4540069616C29220D0A224A756E202036203239
:10B4640030323622202231333A33303A3037220018
:10B47400FFFFFFFF000000000A0000000A000000B8
:10B4840059F3F8C21F6EA501000000000000F03F50
:10B494006042A20D0000803F000000000300000095
:10B4A400A47B0020E801002000000000A47B002011
:10B4B4000C7C0020747C00200000000000000000D0
:10B4C4000000000000000000000000000000000078
:10B4D4000000000000000000000000000000000068
:10B4E4000000000000000000000000000000000058
:04B4F4000000000054
:040000050801D5E138
:00000001FF
