:020000040800F2
:1000000000000120B50002080501020805010208F0
:1000100005010208050102080501020800000000B0
:1000200000000000000000000000000005010208C0
:1000300005010208000000000501020857690008D8
:100040000501020805010208050102080501020870
:100050000501020805010208A16B0008A76B000852
:10006000AD6B0008B36B0008B96B0008050102080E
:100070000501020805010208050102080501020840
:100080000501020805010208050102080501020830
:100090000000000005010208BF6B0008050102080E
:1000A0009163000805010208A5630008A963000820
:1000B000BD630008D1630008211101082D1101085A
:1000C000391101084511010805010208050102085E
:1000D00091730008A9730008C573000805010208A0
:1000E00005010208D56B0008050102080501020898
:1000F00005010208000000000000000005010208E0
:10010000511101085D11010811960108050102084D
:10011000050102080501020805010208050102089F
:10012000050102080501020805010208050102088F
:080130000501020805010208A7
:1001400081F0004102E000BF83F0004330B54FEA88
:1001500041044FEA430594EA050F08BF90EA020FF5
:100160001FBF54EA000C55EA020C7FEA645C7FEA88
:10017000655C00F0E2804FEA5454D4EB5555B8BFAB
:100180006D420CDD2C4480EA020281EA030382EA1C
:10019000000083EA010180EA020281EA0303362DAE
:1001A00088BF30BD11F0004F4FEA01314FF4801C81
:1001B0004CEA113102D0404261EB410113F0004F93
:1001C0004FEA03334CEA133302D0524263EB43034A
:1001D00094EA050F00F0A780A4F10104D5F1200EE8
:1001E0000DDB02FA0EFC22FA05F2801841F1000143
:1001F00003FA0EF2801843FA05F359410EE0A5F117
:1002000020050EF1200E012A03FA0EFC28BF4CF047
:10021000020C43FA05F3C01851EBE37101F00045FD
:1002200007D54FF0000EDCF1000C7EEB00006EEB0A
:100230000101B1F5801F1BD3B1F5001F0CD3490894
:100240005FEA30004FEA3C0C04F101044FEA4452EB
:1002500012F5800F80F09A80BCF1004F08BF5FEA72
:10026000500C50F1000041EB045141EA050130BD52
:100270005FEA4C0C404141EB0101013C28BFB1F564
:10028000801FE9D291F0000F04BF01460020B1FAAF
:1002900081F308BF2033A3F10B03B3F120020CDA82
:1002A0000C3208DD02F1140CC2F10C0201FA0CF060
:1002B00021FA02F10CE002F11402D8BFC2F1200CC5
:1002C00001FA02F120FA0CFCDCBF41EA0C0190407B
:1002D000E41AA2BF01EB0451294330BD6FEA0404C4
:1002E0001F3C1CDA0C340EDC04F11404C4F12002AF
:1002F00020FA04F001FA02F340EA030021FA04F3C1
:1003000045EA030130BDC4F10C04C4F1200220FA17
:1003100002F001FA04F340EA0300294630BD21FA55
:1003200004F0294630BD94F0000F83F4801306BF1B
:1003300081F480110134013D4EE77FEA645C18BF0F
:100340007FEA655C29D094EA050F08BF90EA020FA6
:1003500005D054EA000C04BF1946104630BD91EA9E
:10036000030F1EBF0021002030BD5FEA545C05D1A1
:100370004000494128BF41F0004130BD14F58004E0
:100380003CBF01F5801130BD01F0004545F0FE4154
:1003900041F470014FF0000030BD7FEA645C1ABF89
:1003A000194610467FEA655C1CBF0B46024650EAC0
:1003B000013406BF52EA033591EA030F41F40021EC
:1003C00030BD00BF90F0000F04BF0021704730B572
:1003D0004FF4806404F132044FF000054FF0000147
:1003E00050E700BF90F0000F04BF0021704730B508
:1003F0004FF4806404F1320410F0004548BF4042DD
:100400004FF000013EE700BF42004FEAE2014FEA31
:1004100031014FEA02701FBF12F07F4393F07F4F0C
:1004200081F06051704732F07F4208BF704793F00F
:100430007F4F04BF41F40021704730B54FF4607422
:1004400001F0004521F000411CE700BF50EA010225
:1004500008BF704730B54FF000050AE050EA0102CE
:1004600008BF704730B511F0004502D5404261EB3E
:1004700041014FF4806404F132045FEA915C3FF47F
:10048000D8AE4FF003025FEADC0C18BF03325FEA1C
:10049000DC0C18BF033202EBDC02C2F1200300FACD
:1004A00003FC20FA02F001FA03FE40EA0E0021FAF2
:1004B00002F11444BDE600BF70B54FF0FF0C4CF4E0
:1004C000E06C1CEA11541DBF1CEA135594EA0C0F92
:1004D00095EA0C0F00F0DEF82C4481EA030621EACD
:1004E0004C5123EA4C5350EA013518BF52EA033508
:1004F00041F4801143F4801338D0A0FB02CE4FF0BA
:100500000005E1FB02E506F00042E0FB03E54FF0E9
:100510000006E1FB03569CF0000F18BF4EF0010EE1
:10052000A4F1FF04B6F5007F64F5407404D25FEADD
:100530004E0E6D4146EB060642EAC62141EA555190
:100540004FEAC52040EA5E504FEACE2EB4F1FD0CD2
:1005500088BFBCF5E06F1ED8BEF1004F08BF5FEA50
:10056000500E50F1000041EB045170BD06F0004602
:1005700046EA010140EA020081EA0301B4EB5C04AF
:10058000C2BFD4EB0C0541EA045170BD41F48011A7
:100590004FF0000E013C00F3AB8014F1360FDEBFCC
:1005A000002001F0004170BDC4F10004203C35DAA8
:1005B0000C341BDC04F11404C4F1200500FA05F32B
:1005C00020FA04F001FA05F240EA020001F00042CC
:1005D00021F0004110EBD37021FA04F642EB060142
:1005E0005EEA430E08BF20EAD37070BDC4F10C046C
:1005F000C4F1200500FA04F320FA05F001FA04F230
:1006000040EA020001F0004110EBD37041F100011B
:100610005EEA430E08BF20EAD37070BDC4F1200526
:1006200000FA05F24EEA020E20FA04F301FA05F28E
:1006300043EA020321FA04F001F0004121FA04F236
:1006400020EA020000EBD3705EEA430E08BF20EA06
:10065000D37070BD94F0000F0FD101F00046400040
:1006600041EB010111F4801F08BF013CF7D041EAC2
:10067000060195F0000F18BF704703F000465200C6
:1006800043EB030313F4801F08BF013DF7D043EA97
:100690000603704794EA0C0F0CEA135518BF95EA4D
:1006A0000C0F0CD050EA410618BF52EA4306D1D1D4
:1006B00081EA030101F000414FF0000070BD50EAF3
:1006C000410606BF1046194652EA430619D094EA7D
:1006D0000C0F02D150EA013613D195EA0C0F05D167
:1006E00052EA03361CBF104619460AD181EA0301BB
:1006F00001F0004141F0FE4141F470014FF0000073
:1007000070BD41F0FE4141F4780170BD70B54FF00D
:10071000FF0C4CF4E06C1CEA11541DBF1CEA13558D
:1007200094EA0C0F95EA0C0F00F0A7F8A4EB05046F
:1007300081EA030E52EA03354FEA013100F0888066
:100740004FEA03334FF0805545EA131343EA12632F
:100750004FEA022245EA111545EA10654FEA0026E4
:100760000EF000419D4208BF964244F1FD0404F59D
:10077000407402D25B084FEA3202B61A65EB0305F9
:100780005B084FEA32024FF480104FF4002CB6EBB6
:10079000020E75EB030E22BFB61A754640EA0C0036
:1007A0005B084FEA3202B6EB020E75EB030E22BF76
:1007B000B61A754640EA5C005B084FEA3202B6EBB7
:1007C000020E75EB030E22BFB61A754640EA9C0076
:1007D0005B084FEA3202B6EB020E75EB030E22BF46
:1007E000B61A754640EADC0055EA060E18D04FEA04
:1007F000051545EA16754FEA06164FEAC30343EAA4
:1008000052734FEAC2025FEA1C1CC0D111F4801F70
:100810000BD141EA00014FF000004FF0004CB6E769
:1008200011F4801F04BF01430020B4F1FD0C88BF08
:10083000BCF5E06F3FF6AFAEB5EB030C04BFB6EB13
:10084000020C5FEA500C50F1000041EB045170BD06
:100850000EF0004E4EEA113114EB5C04C2BFD4EB33
:100860000C0541EA045170BD41F480114FF0000EB7
:10087000013C90E645EA060E8DE60CEA135594EA33
:100880000C0F08BF95EA0C0F3FF43BAF94EA0C0F36
:100890000AD150EA01347FF434AF95EA0C0F7FF4AB
:1008A00025AF104619462CE795EA0C0F06D152EAFF
:1008B00003353FF4FDAE1046194622E750EA4106E3
:1008C00018BF52EA43067FF4C5AE50EA41047FF4F4
:1008D0000DAF52EA43057FF4EBAE12E74FF0FF3C59
:1008E00006E000BF4FF0010C02E000BF4FF0010C2A
:1008F0004DF804CD4FEA410C7FEA6C5C4FEA430CA3
:1009000018BF7FEA6C5C1BD001B050EA410C0CBFF1
:1009100052EA430C91EA030F02BF90EA020F002053
:10092000704710F1000F91EA030F58BF994208BFBA
:1009300090422CBFD8176FEAE37040F00100704777
:100940004FEA410C7FEA6C5C02D150EA013C07D1CE
:100950004FEA430C7FEA6C5CD6D152EA033CD3D019
:100960005DF8040B704700BF8446104662468C4613
:100970001946634600E000BF01B5FFF7B7FF002846
:1009800048BF10F1000F01BD4DF808EDFFF7F4FF6F
:100990000CBF012000205DF808FB00BF4DF808EDFA
:1009A000FFF7EAFF34BF012000205DF808FB00BF1D
:1009B0004DF808EDFFF7E0FF94BF012000205DF83F
:1009C00008FB00BF4DF808EDFFF7CEFF94BF0120F4
:1009D00000205DF808FB00BF4DF808EDFFF7C4FFED
:1009E00034BF012000205DF808FB00BF4FEA410C36
:1009F0007FEA6C5C02D150EA013C0AD14FEA430C19
:100A00007FEA6C5C02D152EA033C02D14FF0000055
:100A100070474FF0010070474FEA410212F5001293
:100A200015D211D56FF47873B3EB625212D94FEA35
:100A3000C12343F0004343EA505311F0004F23FA1F
:100A400002F018BF404270474FF00000704750EA74
:100A5000013005D111F0004008BF6FF00040704731
:100A60004FF00000704700BF4A0011D212F500128B
:100A700011D20DD56FF47873B3EB62520ED44FEAF6
:100A8000C12343F0004343EA505323FA02F0704776
:100A90004FF00000704750EA013002D14FF0FF30B4
:100AA00070474FF0000070474FEA4102B2F1E04357
:100AB00024BFB3F5001CDCF1FE5C0DD901F0004C45
:100AC0004FEAC0024CEA5070B2F1004F40EB830095
:100AD00008BF20F00100704711F0804F21D113F1C1
:100AE0003872BCBF01F00040704741F480114FEAFA
:100AF0005252C2F11802C2F1200C10FA0CF320FA83
:100B000002F018BF40F001004FEAC1234FEAD3239F
:100B100003FA0CFC40EA0C0023FA02F34FEA430309
:100B2000CCE77FEA625307D150EA01331EBF4FF092
:100B3000FE4040F44000704701F0004040F0FE40AD
:100B400040F40000704700BF80F0004002E000BFAA
:100B500081F0004142001FBF5FEA410392EA030FA8
:100B60007FEA226C7FEA236C6AD04FEA1262D2EBF2
:100B70001363C1BFD218414048404140B8BF5B42F7
:100B8000192B88BF704710F0004F40F4000020F090
:100B90007F4018BF404211F0004F41F4000121F0A6
:100BA0007F4118BF494292EA030F3FD0A2F10102F0
:100BB00041FA03FC10EB0C00C3F1200301FA03F12E
:100BC00000F0004302D5494260EB4000B0F5000F51
:100BD00013D3B0F1807F06D340084FEA310102F110
:100BE0000102FE2A51D2B1F1004F40EBC25008BFC2
:100BF00020F0010040EA03007047490040EB00008C
:100C0000013A28BFB0F5000FEDD2B0FA80FCACF18C
:100C1000080CB2EB0C0200FA0CF0AABF00EBC250B9
:100C200052421843BCBFD0401843704792F0000FA7
:100C300081F4000106BF80F400000132013BB5E7FA
:100C40004FEA41037FEA226C18BF7FEA236C21D070
:100C500092EA030F04D092F0000F08BF08467047D5
:100C600090EA010F1CBF0020704712F07F4F04D1A3
:100C7000400028BF40F00040704712F100723CBFB6
:100C800000F50000704700F0004343F0FE4040F4E0
:100C9000000070477FEA226216BF08467FEA23639E
:100CA0000146420206BF5FEA412390EA010F40F489
:100CB000800070474FF0000304E000BF10F00043D5
:100CC00048BF40425FEA000C08BF704743F09643BC
:100CD00001464FF000001CE050EA010208BF7047D7
:100CE0004FF000030AE000BF50EA010208BF70475E
:100CF00011F0004302D5404261EB41015FEA010C73
:100D000002BF84460146002043F0B64308BFA3F16A
:100D10008053A3F50003BCFA8CF2083AA3EBC2534C
:100D200010DB01FA02FC634400FA02FCC2F120026B
:100D3000BCF1004F20FA02F243EB020008BF20F0A2
:100D40000100704702F1200201FA02FCC2F1200208
:100D500050EA4C0021FA02F243EB020008BF20EAFD
:100D6000DC7070474FF0FF0C1CEAD0521EBF1CEA2B
:100D7000D15392EA0C0F93EA0C0F6FD01A4480EA19
:100D8000010C400218BF5FEA41211ED04FF0006302
:100D900043EA501043EA5111A0FB01310CF000402E
:100DA000B1F5000F3EBF490041EAD3715B0040EA54
:100DB000010062F17F02FD2A1DD8B3F1004F40EB24
:100DC000C25008BF20F00100704790F0000F0CF0F7
:100DD000004C08BF49024CEA502040EA51207F3ABB
:100DE000C2BFD2F1FF0340EAC250704740F4000096
:100DF0004FF00003013A5DDC12F1190FDCBF00F087
:100E000000407047C2F10002410021FA02F1C2F134
:100E1000200200FA02FC5FEA310040F1000053EAD0
:100E20004C0308BF20EADC70704792F0000F00F01E
:100E3000004C02BF400010F4000F013AF9D040EA24
:100E40000C0093F0000F01F0004C02BF490011F4B8
:100E5000000F013BF9D041EA0C018FE70CEAD153B6
:100E600092EA0C0F18BF93EA0C0F0AD030F0004C36
:100E700018BF31F0004CD8D180EA010000F00040EA
:100E8000704790F0000F17BF90F0004F084691F0A8
:100E9000000F91F0004F14D092EA0C0F01D14202E2
:100EA0000FD193EA0C0F03D14B0218BF084608D1AB
:100EB00080EA010000F0004040F0FE4040F40000F5
:100EC000704740F0FE4040F4400070474FF0FF0C88
:100ED0001CEAD0521EBF1CEAD15392EA0C0F93EACF
:100EE0000C0F69D0A2EB030280EA010C49024FEA21
:100EF000402037D04FF0805343EA111143EA1013DA
:100F00000CF000408B4238BF5B0042F17D024FF491
:100F1000000C8B4224BF5B1A40EA0C00B3EB510F6C
:100F200024BFA3EB510340EA5C00B3EB910F24BF55
:100F3000A3EB910340EA9C00B3EBD10F24BFA3EBDA
:100F4000D10340EADC001B0118BF5FEA1C1CE0D1A2
:100F5000FD2A3FF650AF8B4240EBC25008BF20F055
:100F6000010070470CF0004C4CEA50207F32C2BFA9
:100F7000D2F1FF0340EAC250704740F400004FF046
:100F80000003013A37E792F0000F00F0004C02BF77
:100F9000400010F4000F013AF9D040EA0C0093F041
:100FA000000F01F0004C02BF490011F4000F013B9B
:100FB000F9D041EA0C0195E70CEAD15392EA0C0F03
:100FC00008D142027FF47DAF93EA0C0F7FF470AF3B
:100FD000084676E793EA0C0F04D14B023FF44CAF7E
:100FE00008466EE730F0004C18BF31F0004CCAD113
:100FF00030F000427FF45CAF31F000437FF43CAF4F
:101000005FE700BF4FF0FF3C06E000BF4FF0010C70
:1010100002E000BF4FF0010C4DF804CD4FEA400252
:101020004FEA41037FEA226C18BF7FEA236C11D09C
:1010300001B052EA530C18BF90EA010F58BFB2EB4F
:10104000030088BFC81738BF6FEAE17018BF40F0CF
:10105000010070477FEA226C02D15FEA402C05D183
:101060007FEA236CE4D15FEA412CE1D05DF8040B08
:10107000704700BF844608466146FFE70FB5FFF79B
:10108000C9FF002848BF10F1000F0FBD4DF808ED53
:10109000FFF7F4FF0CBF012000205DF808FB00BF44
:1010A0004DF808EDFFF7EAFF34BF012000205DF89E
:1010B00008FB00BF4DF808EDFFF7E0FF94BF0120EB
:1010C00000205DF808FB00BF4DF808EDFFF7D2FFE8
:1010D00094BF012000205DF808FB00BF4DF808ED2B
:1010E000FFF7C8FF34BF012000205DF808FB00BFF8
:1010F0004FEA40024FEA41037FEA226C02D15FEAE5
:10110000402C08D17FEA236C02D15FEA412C02D146
:101110004FF0000070474FF0010070474FEA400267
:10112000B2F1FE4F0FD34FF09E03B3EB12620DD915
:101130004FEA002343F0004310F0004F23FA02F07F
:1011400018BF404270474FF00000704712F1610F26
:1011500001D1420205D110F0004008BF6FF00040FD
:1011600070474FF00000704742000ED2B2F1FE4FC0
:101170000BD34FF09E03B3EB126209D44FEA002366
:1011800043F0004323FA02F070474FF0000070472D
:1011900012F1610F01D1420202D14FF0FF307047CE
:1011A0004FF00000704700BF7BB972B90029BEBF85
:1011B00000204FF0004106E008BF00281CBF6FF080
:1011C00000414FF0FF3000F057B8ADF1080C6DE969
:1011D00004CE002909DB002B1ADB1FF05BF9DDF8D8
:1011E00004E0DDE9022304B07047404261EB4101B5
:1011F000002B1BDB1FF04EF9DDF804E0DDE90223D4
:1012000004B0404261EB4101524263EB430370473B
:10121000524263EB43031FF03DF9DDF804E0DDE9E2
:10122000022304B0404261EB41017047524263EB3C
:1012300043031FF02FF9DDF804E0DDE9022304B0D9
:10124000524263EB4303704753B94AB9002908BFC0
:1012500000281CBF4FF0FF314FF0FF3000F00CB8FA
:10126000ADF1080C6DE904CE1FF014F9DDF804E0CF
:10127000DDE9022304B07047704700BF10F8012B6E
:1012800011F8013B012A28BF9A42F7D0D01A7047C3
:10129000034613F8012B002AFBD1181A01387047B6
:1012A00001F0FF01102A2BDB10F0070F08D010F817
:1012B000013B013A8B422DD010F0070F42B3F6D11B
:1012C000F0B441EA012141EA014122F007047FF034
:1012D00000070023F0E80256083C85EA010586EA8B
:1012E000010685FA47F5A3FA87F586FA47F6A5FAC7
:1012F00087F68EB9EED1F0BC01F0FF0102F00702D3
:1013000032B110F8013B013A83EA010313B1F8D17D
:101310000020704701387047002D06BF354603385E
:10132000073815F0010F07D1013015F4807F02BF97
:10133000013015F4C03F0130F0BC0138704700BFE8
:1013400010B5054C237833B9044B13B10448AFF3FF
:1013500000800123237010BD400200200000000027
:10136000A83E020808B5034B1BB103490348AFF37D
:10137000008008BD0000000044020020A83E0208D2
:1013800000B59BB04822002108A821F0A0FD18223A
:10139000002102A821F09BFD02F0E4F94FF0B042D9
:1013A0000120D2F8903023F01803C2F89030D2F820
:1013B000003423F4C06343F40073C2F80034D2F85D
:1013C000003403F4C0630193019B24230893812319
:1013D0000B930023CDE91003B02208A8CDE9122316
:1013E00002F0ECFA00B1FEE74F23CDE90230CDE97F
:1013F0000400CDE90600022102A802F07BFD00B145
:10140000FEE71BB05DF804FB7047000038B5104CD8
:10141000237805460BB9012038BD02F0BFFA2278C7
:101420004FF47A73B3FBF2F3B0FBF3F000F0ECFC93
:1014300004460028EFD10F2DEDD8024629464FF083
:10144000FF3000F08FFC034B20461D60E4E700BF37
:10145000000000200400002010B5032000F070FC04
:1014600002F09CFA064B18600020FFF7CFFF0446FD
:1014700018B9FFF7C9FF204610BD0124FBE700BFE4
:1014800040000020034A044B11681B780B44136092
:10149000704700BF5C02002000000020014B18686C
:1014A000704700BF5C0200208068C0F38000704776
:1014B000F7B5002301930446002800F0E780856D0E
:1014C00025B905F0BFF8E56584F8545023689A689B
:1014D000D00040F19F809A68D10000F1B280A26DE7
:1014E00042F01002A265E26D42F00102E2650125C0
:1014F0001846FFF7D9FFA26D02F01002024340F038
:10150000C780A26D206922F4817242F00202A265B6
:101510009A68D2075BD4226BA67E94F82CC0003A5E
:1015200018BF01221703D4E902120A43217E42EABE
:101530008132617E42EAC13242EA4632002842EA02
:101540004C02B4BF20F000414FF400113A430A436B
:1015500094F82010012903D1002E74D142F4803276
:10156000616A21B1A66A01F4E07131430A43DE6881
:101570004A4931401143D96094F83C206168E66CD7
:1015800001F0404C012A4CEA060609D1D4E91027A3
:101590003A433243A66C324342EA0C0242F001065F
:1015A0001F693F4A3A4032431A6121F00042B2F1CA
:1015B000804F0CD0B1F1004F09D03A4ED6F8082731
:1015C00001F4701122F470120A43C6F808275A6910
:1015D000666BA16B22F0070232435A615A6922F00E
:1015E000700242EA01125A61002835D19A6A62F00B
:1015F0000F029A625B6903F007039E423CD100230D
:10160000E365A36D23F0030343F00103A3652846BC
:1016100003B0F0BD9A68244922F0104222F017026C
:1016200042F080529A60214A1268B2FBF1F2013214
:1016300052000192019A002A3FF44DAF019A013AFB
:10164000F7E7002554E7A16D41F02001A165E16DA8
:1016500041F00101E16583E7B0F5001FCAD19A6A44
:10166000E269013A92006FF00F0102F01C0201FAE8
:1016700002F2216E0A43BCE7A36D23F0120343F08C
:101680001003A365E36D43F00103E3650125BEE7A5
:10169000A36D43F01003A365F8E700BF0102DEFF6E
:1016A00002FCFF1F00200140400D0300400000200D
:1016B000F8B54569082D04460E460AD00368DB6874
:1016C000D80705D5A36D43F02003A3650120F8BD1D
:1016D0000425FFF7E3FE074623681A682A4220D054
:1016E000A26D42F40072A265DA6812F4406F14D160
:1016F000A27E92B91A6812070FD51846FFF7D4FEDA
:1017000020BB5A6822F00C025A60A26D22F480724B
:1017100022F0010242F00102A265227EFAB100200D
:10172000D5E7711CD9D0FFF7B9FEC01BB04201D874
:10173000002ED1D123681B682B40CDD1A26D84F837
:10174000543042F00402A2650320C0E7A26D42F0CB
:101750002002A265E26D42F00102E265DDE70C22A3
:101760001A60DCE70368186C70470000F7B50023C7
:10177000019390F85430012B044600F0C0800568B6
:101780000269012380F854302846FFF78DFE0028B7
:1017900040F0AF8048680B68022822F004027ED037
:1017A000B2F1004FC3F3110E35D1AA6A42EA0E021C
:1017B000AA628A68686902EA032222F07C4222F067
:1017C000FF0220EA03210A43002B6A611DDA4D4A19
:1017D0004D4DD2F80817AB4201F0E07043D10D0235
:1017E00013D4D2F8083723F0E073034343F4000323
:1017F000C2F80837454B1A68454BB2FBF3F20C238D
:1018000002FB03330193019B53BB0020002384F8A8
:10181000543003B0F0BD226E00F01F074FF00F0CE4
:101820000CFA07FC6FEA0C0622EA0C0CBEF1000F62
:1018300011D1C3F38462BA4042EA0C0222668008E6
:10184000E26901309042B4D8A86AC3F38362BA4017
:1018500006403243ACE793FAA3F2B2FA82F2EAE727
:10186000019B013BCEE72B4DAB420BD1C901CCD440
:10187000D2F8083723F0E073034343F08073C2F8D3
:101880000837C2E7244DAB42BFD14B02BDD4D2F8DA
:10189000083723F0E073034343F48003EFE7B2F12A
:1018A000004F01BFAA6AC3F311018A43AA62002B49
:1018B000ABDA154813498342D1F8082709D1D1F88A
:1018C000083702F0A07223F0E0731A43C1F808272A
:1018D0009BE71048834204D1D1F8083702F4400254
:1018E000F1E70D48834290D1D1F8083702F0C07279
:1018F000E9E7A26D42F02002A265184686E70220C1
:1019000087E700BF00200140001000B04000002029
:10191000400D0300004000B8002000B4806D704707
:10192000026838B504461046FFF7BEFD08B900202E
:1019300038BD9368990707D4936823F0004323F0D8
:10194000170343F010039360FFF7A8FD05462368D3
:101950009B685B07EBD5FFF7A1FD401B0228F6D97A
:1019600023689B685A07F2D5A36D43F01003A36563
:10197000E36D43F00103E3650120D9E773B500236C
:10198000026801939368DD07044602D5002002B087
:1019900070BD9168214B194209D0A36D43F010032B
:1019A000A365E36D43F00103E3650120EFE793686E
:1019B00023F0004323F0170343F001039360184B17
:1019C000D3F8083718021CD4637E012BDED0FFF752
:1019D00065FD144E054622681368DB07D6D493686C
:1019E000D9075FBF9368334043F001039360FFF76B
:1019F00055FD401B0228EED923681B68DA07EAD49C
:101A0000CBE7094B094A1B68B3FBF2F3013301939F
:101A1000019B002BD8D0019B013BF8E71700008009
:101A200000200140E8FFFF7F40000020400D030040
:101A300038B504460068FFF737FD054620BB94F82B
:101A40005430012B20D0012384F854302046FFF776
:101A500095FFB0B9A36D226823F4706323F00103EE
:101A600043F48073A3651C23E065136084F854007D
:101A7000936823F0004323F0170343F004039360BB
:101A800038BD84F85450FBE70220F9E738B5036805
:101A90009A680446900704D49A68D10703D40020BA
:101AA00038BD9B68FBE79A6802F00502012A19D14C
:101AB0009A6822F0004222F0170242F002029A6075
:101AC00003221A60FFF7EAFC054623689B68DB07E0
:101AD000E5D5FFF7E3FC401B0228F6D923689B6895
:101AE000DA07F2D5A36D43F01003A365E36D43F06D
:101AF0000103E3650120D3E770B5044600284BD00D
:101B0000836D43F002038365FFF70AFF054668B95A
:101B10002046FFF7BBFF054608B90123A3652268ED
:101B2000936823F0104323F01703936023685A68E7
:101B300022F4677222F003025A6040F29F321A6068
:101B4000D968164A0A40DA605A6922F007025A61D7
:101B500000269A6A9E621A6A02F0F0221A625A6A93
:101B600002F0F0225A62DA6A02F0F022DA621A69AE
:101B700022F040421A610A4AD2F8083723F0FE7375
:101B8000C2F80837204604F07DFDE6652666A665A6
:101B900084F85460284670BD0125FBE700021E83CF
:101BA0000020014010B590F85430012B044615D0A8
:101BB000012380F85430FFF7B3FE58B92046FFF7F1
:101BC00065FF38B9A36D23F4807323F0010343F05C
:101BD0000103A365002384F8543010BD0220FCE704
:101BE000F7B50023009390F85430012B044600F021
:101BF000A080012380F85430FFF748FF23689A68DB
:101C000012F00102054607D0A36D43F01003A3654F
:101C1000002384F854302DE0A16D474F21F48171E9
:101C200041F00201A165DE68D96826F4FF4626F07E
:101C30007C0621F40041360421F00301360CD96002
:101C400008209968394041F000419960996800295D
:101C500013DA0099013100910099B1F52E3FF5D3C7
:101C6000A36D23F0120343F01003A365002384F84F
:101C700054300125284603B0F0BDD3F8B410013824
:101C800001F07F010A44DCD1D1089A6822F00042B9
:101C900022F0170242F001029A601A69B2F1804FF5
:101CA0001ED3D3F8B42022F07F020A43C3F8B42035
:101CB0009A6822F0004222F0170242F002029A6073
:101CC000FFF7ECFB074623689A68D2071FD4DA684F
:101CD0003243DA60A36D23F0030343F0010396E778
:101CE000164AD2F8082702F47012B2F5E01FD8D3D2
:101CF000920C0120033A00FA02F20192019AC240CA
:101D00000192019A002ACCD0019A013AF8E7FFF734
:101D1000C5FBC01B0228D6D923689B68D907D2D53A
:101D2000A36D43F01003A365E36D43F00103E36586
:101D30009FE702259EE700BFE8FFFF7F00200140EC
:101D40000749CA6822F4E0620302120403F4E06364
:101D5000120C134343F0BF6343F40033CB6070476E
:101D600000ED00E0164B30B5DC68C4F30224C4F18A
:101D70000703251D042B28BF0423062D4FF0FF3534
:101D80008CBF033C002405FA03F321EA0303A540BA
:101D900022EA0502A340002843EA0203ACBF00F197
:101DA0006040084A4FEA0313B8BF00F00F00DBB2EF
:101DB000AABF00F56140135480F8003330BD00BF66
:101DC00000ED00E014ED00E0002807DB044A4109C3
:101DD000012300F01F00834042F82130704700BF0C
:101DE00000E100E000280CDB4309064900F01F0079
:101DF00020330122824041F82320BFF34F8FBFF3ED
:101E00006F8F704700E100E00138B0F1807F0BD2A6
:101E10004FF0E023054A5861F02182F8231000209A
:101E2000072298611A6170470120704700ED00E0B9
:101E30000028A1BF43094033054A52F82330A3BF0D
:101E400000F01F0023FA00F000F0010000207047AE
:101E500000E100E0002808DB4309044900F01F000E
:101E600001226033824041F82320704700E100E006
:101E7000704708B5FFF7FCFF08BD704710B5044672
:101E800008B9012010BD437F03F0FF0213B90277A8
:101E9000FFF7F3FF022363772379E3B92368134A3B
:101EA0005A619A6822F018029A6062792368D2B95E
:101EB0004FF0FF321A619A68616922F060020A43AA
:101EC0009A609A68A16922F080020A439A6001230D
:101ED00063770020D6E7D4E90212204600F008F824
:101EE0000028E2D0CDE72269E4E700BFB71DC104B6
:101EF000CB0710B50CD51F23013B1CD321FA03F4EB
:101F0000E407F9D5102A12D004D83AB1082A10D023
:101F100001200BE0182AFBD1062BF9D8006841619B
:101F2000836823F0180313438360002010BD072B40
:101F3000F3E70F2BF1E7102AEAD0E9D8002AE7D11E
:101F4000ECE710B5044640B10223037104F04CFBEA
:101F5000002020616071207110BD0120FCE710B5E8
:101F6000012358B1046801F01001226803FA01F15D
:101F700022EA010222600371002010BD1846FCE72E
:101F8000034640B190F82520022A06D00422C263FD
:101F9000002280F82420012070470268116821F097
:101FA00001011160116821F00E011160816C0A6855
:101FB00022F480720A60D0E9100202F01C010122B2
:101FC0008A404260D3E9132151605A6D32B11168E1
:101FD00021F480711160D3E91621516001220020A3
:101FE00083F8252083F82400704708B590F8253041
:101FF000022B03D00423C363012008BD03681A68C1
:1020000022F001021A601A6822F00E021A60826C35
:10201000136823F480731360D0E9101303F01C02DB
:10202000012393404B60D0E913325A60436D33B1C2
:102030001A6822F480721A60D0E916325A600123BD
:1020400080F82530002380F82430836B03B1984753
:102050000020D2E790F82500704700000A4A536933
:1020600043F4802330B55361EFF3108472B600233C
:10207000CD58C5500433B3F5807FF9D11369DB0324
:10208000FCD484F3108830BD00400058064B5A69D8
:10209000002ABFBF054A9A6002F188329A60BABF2F
:1020A0005869C00F00207047004000582301674561
:1020B000044B5A6942F000425A615869C043C00F4C
:1020C000704700BF0040005870B50546FFF7E6F9BD
:1020D000124E04463369D90313D43369DA0744BF77
:1020E000012232614CF2FA32134011D10B4E3069A9
:1020F00010F480200BD0FFF7D1F9001BA842F6D3D3
:1021000004E0FFF7CBF9001BA842E3D3032070BD26
:10211000024A1361024A01205360F8E70040005868
:10212000600200202DE9F041184D98462B78012BD4
:1021300006460C46174626D001232B704FF47A70C2
:1021400000236B60FFF7C0FFA0B9012E16D1104A23
:10215000536943F0010353612760BFF36F8FC4F8E5
:1021600004804FF47A70FFF7AFFF094A536923EAFE
:102170000603536100232B70BDE8F08139462046E9
:10218000FFF76CFFEDE70220F6E700BF60020020DA
:1021900000400058054A536923F47E7343EAC000A7
:1021A00040F4803040F00200506170470040005819
:1021B0002DE9F041364F3B78012B0546884665D026
:1021C00001233B704FF47A7000237B60FFF77CFFA4
:1021D0000446002836D12B68042B38D12D4A536988
:1021E00043F4803343F0040353614FF47A70FFF7F4
:1021F0006BFF0446274B1A6891050FD51A6822F425
:1022000000721A601A6842F400621A601A6822F4B6
:1022100000621A601A6842F400721A601D4B1A6854
:1022200052050FD51A6822F480621A601A6842F4C7
:1022300080521A601A6822F480521A601A6842F4B6
:1022400080621A6000233B702046BDE8F0814FF0A9
:10225000FF33C8F800306E68D5E901321344B34249
:102260000AD93046FFF796FF4FF47A70FFF72CFF3C
:1022700050B1C8F800600446064A536923F47E73DF
:1022800023F002035361B5E70136E5E70224DBE7FB
:1022900060020020004000582DE9F04F564C00230A
:1022A0004FF00F080A6832FA03F501D1BDE8F08F4C
:1022B000012505FA03F919EA020275D04E680327D1
:1022C00006F003054FEA430E07FA0EFC6F1E012FBE
:1022D0006FEA0C0C6AD8876807EA0C0ACF6807FA1D
:1022E0000EF747EA0A078760476827EA0909C6F335
:1022F00000179F4047EA09074760C76807EA0C09CB
:102300008F6807FA0EF747EA0907022DC76059D010
:10231000076805FA0EF507EA0C073D4316F4403F3F
:10232000056041D023F0030707F1804707F58037A8
:1023300003F0030CBD684FEA8C0C4FF0070E0EFA49
:102340000CFEB0F1904F25EA0E0E51D02B4DA84255
:1023500050D005F58065A84214BF0725022505FA6F
:102360000CF545EA0E05BD602568D74316F4801FBD
:102370000CBF3D4015432560656816F4001F0CBF77
:102380003D4015436560D4F8805016F4803F0CBF83
:102390003D401543C4F88050D4F88450B60354BF70
:1023A0003D401543C4F8845001337BE7032DAFD083
:1023B000C76807EA0C098F6807FA0EF747EA0907AA
:1023C000C760A5E74FEAD30900EB890903F0070AC4
:1023D000D9F820704FEA8A0A08FA0AFB27EA0B0BA1
:1023E0000F6907FA0AF747EA0B07C9F820708FE769
:1023F0000025B4E70125B2E70008005800040048B2
:10240000044AD168014208B502D0D06004F0B2FBA2
:1024100008BD00BF0008005803689A69910744BFCF
:1024200000229A629A69D2075EBF9A6942F001025D
:102430009A61704730B5039D04682B4343EA024319
:10244000064A6068C1F309010B4342EA555223F082
:10245000004320EA02000343636030BDFF63FF03D3
:102460001E4A436B934270B501F002020DB201F0B7
:1024700001041DD01A4EB3421AD01A4EB34217D0DF
:10248000002DACBF0023B8230CB143F0F2030AB116
:1024900043F0F403102902D143F0900303E0202914
:1024A00001D143F0200301680A6813430B6070BD3B
:1024B000002DACBF0023B8230CB143F0F2030AB1E6
:1024C00043F0F4031029E7D0202902D143F0600340
:1024D000E9E7402908BF43F04003E4E72132000860
:1024E0003D350008F930000811F0010307D090F8DD
:1024F000413003F02803282B14BFF22342238A071C
:1025000009D590F8412002F02802282A0CBF43F098
:10251000440343F0F4030A0401680A6848BF43F027
:10252000B80322EA03030B60704703682DE9F0410A
:102530009C6914F0100405460F4616466CD0102214
:102540000024DA61A0462B689A69920660D4B8F13B
:10255000000F2ED044F0040401202E68B36913F458
:10256000807F03F4806203F4007357D04FF48071CE
:1025700044F00104F161002A51D1002B56D12846C4
:10258000FFF74AFF736823F0FF7323F48B3323F4C0
:10259000FF7323F0010373606B6C23436B64202390
:1025A00085F84130002385F8423085F8403001201D
:1025B00044E07A1C05D19A699606FCD52022DA619E
:1025C000C8E7FEF76BFF801BB84201D8002FBAD1D5
:1025D0002B68596895F8422098690004D2B20AD550
:1025E000480408D4202A06D05A6842F480425A602F
:1025F000FEF754FF06462B689B699906A3D4FEF7A5
:102600004DFF801B1928F6D920244FF001089AE7C6
:10261000B8F1000F9ED1D1E720469EE72AB14FF4D2
:10262000806244F00804F261A7E72BB14FF4007315
:1026300044F00204F361A2E70028A0D1BDE8F081D4
:102640002DE9F041DDF8188004460F4616461D4678
:1026500023689B6937EA03030CBF01230023B342BD
:1026600001D0002025E0424629462046FFF75DFFC5
:10267000F0B96B1CECD0FEF711FFA0EB0800A842EC
:1026800001D8002DE4D123689B6937EA03030CBF0E
:1026900001230023B342DBD1636C43F02003636466
:1026A000202384F84130002384F8423084F84030FD
:1026B0000120BDE8F081C36AAA2B02D10023C362C6
:1026C0007047C36AB3F52A4FFAD14FF00073F6E7AB
:1026D000704710B5044600284ED090F8413003F002
:1026E000FF021BB980F84020FFF7F2FF242384F893
:1026F000413023681A6822F001021A60626822F0F1
:1027000070621A619A6822F400429A60D4E9022148
:10271000012906D142F400429A605A6822F400620C
:1027200007E042F4044202299A60F6D15A6842F462
:1027300000625A605A6842F0007242F400425A60E5
:10274000DA6822F40042DA60D4E904210A43A1697C
:1027500042EA0122DA60D4E907210A431A601A68C2
:1027600042F001021A6000202023606484F84130A6
:10277000206384F8420010BD0120FCE7704710B5CB
:10278000044698B10268242380F84130136823F08E
:1027900001031360FFF7F2FF0020606484F840003B
:1027A00084F84100206384F8420010BD0120FCE75A
:1027B0002DE9F04385B01D460023039390F8413086
:1027C000202B0446174672D103689B6913F400431B
:1027D0006DD190F84020012A69D00122C1F3090689
:1027E00080F8402046F00078242280F8412048F408
:1027F00020584364E3682268012B06BF46F000734B
:1028000043F4005343465360FEF748FE8146226876
:1028100093699269C3F34013C2F30012134316D0B5
:1028200023689A69CDF8009012F010022B4624D14B
:1028300020212046FFF704FFE8B922682023D36156
:1028400084F8413084F8400005B0BDE8F0836B1C8B
:10285000DDD0FEF723FEA0EB0900A84201D8002D31
:10286000D5D1202384F84130636C43F020036364A6
:10287000002384F840300120E6E700222021204692
:10288000FFF7DEFE0028F6D123681022DA6120224D
:10289000DA61039B01330393039BBB42AAD384F801
:1028A0004120636C84F8400013436364E3E7022033
:1028B000CAE70000F7B50446104694F84120089E88
:1028C000202A65D194F84020012A61D0012284F8A1
:1028D0004020212284F84120102284F84220002246
:1028E00062646385E6622B4B6363638D60629BB2B7
:1028F000FF2B99BF638D2385FF232385228D94BFF2
:10290000E56A4FF080756AB136F000731DD1236817
:1029100010F8017B9F62638D6062013B9BB263850F
:10292000531E2385236B112B16D1AA2E0FD12046BF
:10293000FFF7C1FE638D9BB2FF2B00D8E56A1648F6
:10294000009094F828202B4615E00022EAE7B6F51F
:102950002A4FECD0002008E02046FFF7ACFE638D44
:102960009BB2FF2B00D8E56A0B4836F00073E7D125
:1029700000902B46D2B220460025FFF75BFD204693
:1029800084F840500121FFF76BFD284603B0F0BDED
:102990000220FBE7C12F00080020008037B5044665
:1029A000069894F84150202D44D194F84050012DC0
:1029B00040D0012584F84050222584F8415010254C
:1029C00084F84250002565646385E0621A4B6363B6
:1029D000638D62629BB2FF2B9BBF638D2385FF23B8
:1029E000E26A88BF2385236B88BF4FF08072122B69
:1029F00004D1AA2802D0B0F52A4F09D12046FFF70A
:102A00005AFE638D9BB2FF2B00D8E26A0B4B00E0AD
:102A10000023009320461346002594F82820FFF752
:102A200009FD204684F840500221FFF719FD284691
:102A300003B030BD0220FBE7C12F00080024008056
:102A4000F8B51F4690F8413003F02803282B0446C0
:102A50000E46154601D00120F8BD01B11AB94FF458
:102A600000736364F7E748F20101FFF73DFD90F85A
:102A70004030012B40D0012380F8403090F84130A5
:102A80002A2B14D10221FFF72FFD03681A681004C6
:102A90000DD51A68E06B22F400421A6038B1174B6A
:102AA0008363FFF7A2FA10B1E06B836B9847292389
:102AB00084F8413020682023002284F84230626488
:102AC000436823F4004343606585638D2385E76293
:102AD0000B4B6363836981696662C90303D51B0776
:102AE00044BF0823C361204684F8402048F2010116
:102AF000FFF7B6FC0020AFE70220ADE7453700083E
:102B000033360008F8B51F4690F8413003F028032B
:102B1000282B04460E46154601D00120F8BD01B110
:102B20001AB94FF400736364F7E748F20201FFF744
:102B3000DBFC90F84030012B3FD090F84130012170
:102B4000292B80F8401013D1FFF7CEFC03681A68D8
:102B500050040DD51A68A06B22F480421A6038B177
:102B6000174B8363FFF741FA10B1A06B836B984753
:102B70002A2384F8413020682023002284F8423040
:102B80006264436823F4004343606585638D238555
:102B9000E7620C4B6363836981696662C90303D48E
:102BA0001B0744BF0823C361204684F8402048F235
:102BB0000201FFF755FC0020B0E70220AEE700BF9E
:102BC000453700083336000808B590F84120202A20
:102BD0000AD1282280F84120044A42634FF4004180
:102BE000FFF73EFC002008BD0220FCE7333600085A
:102BF0000268436B9169126803B1184770477047C8
:102C0000704738B5002580F8425090F84130212BAC
:102C10004FF0200380F841300AD11123036345634C
:102C20000121FFF761FC80F84050FFF7E8FF38BD55
:102C30001223036345630221FFF756FC80F84050DE
:102C4000FFF7DEFFF3E708B503681A68002180F894
:102C50004210510415D51A6822F480421A6090F887
:102C60004130292B13D1282380F8413021230363DD
:102C70000121FFF739FC002380F840300EF046FABE
:102C800008BD1204EBD51A6822F40042E6E790F87A
:102C900041302A2BF4D1282380F8413022230363CA
:102CA0000221FFF721FC002380F840300EF01BFAD0
:102CB000E6E790F8412002F02802282AF8B50368D8
:102CC00034D19E69C2689D699968DF682D0C022A1B
:102CD000C6F3004605F0FE051FD185EAD11515F0B3
:102CE0000605C1F309020ED1816C01318164816C4A
:102CF000022907D108218564D96180F84050314606
:102D00000EF0A4F9F8BD4FF40041FFF7EDFB0023EE
:102D100080F8403007F0FE02F1E74FF40041FFF782
:102D2000E3FB002380F840302A46E8E70822DA6116
:102D3000002380F84030E5E708B5164BC362202237
:102D400000230363436380F8412080F842304B073F
:102D500012D503685A6A436A1A70436A01334362A0
:102D6000038D4BB1013B0385438D013B9BB24385F2
:102D7000436C43F00403436448F20301FFF7B4FBE0
:102D800003681022DA61002380F840300EF096F9D3
:102D900008BD00BF0000FFFF70477047704790F804
:102DA0004120602A08B54FF0000208D1202180F8A8
:102DB000411080F840200263FFF7F0FF08BD026376
:102DC00080F840200EF0A6F9F8E7000070B5002268
:102DD0003D4D90F8413080F84220C5624285426CFA
:102DE000283B0A43022B044642642AD80321FFF7FA
:102DF0007BFB282380F84130344BA06B6363236B4B
:102E0000002841D0112B01D0212B3DD123681A6815
:102E1000510442BF1A6822F480421A60FFF71AF97F
:102E200001282CD0A06B2A4B8363002384F8403008
:102E3000FFF7DBF8002845D0A06B836BBDE870403E
:102E4000184748F20301FFF74FFBFFF7E5FA90F848
:102E50004130602B11D0202380F8413003689A69FB
:102E600095060AD59A69D00605D51022DA61626CFA
:102E700042F0040262642022DA610023BDE72046AA
:102E8000BDE87040FFF78BBFE06B0028F7D0122B36
:102E900001D0222BF3D123681A68120442BF1A68AA
:102EA00022F400421A60FFF7D5F80128E7D0E06B62
:102EB000074B8363002384F84030FFF796F808B18E
:102EC000E06BBAE770BD00BF0000FFFF33360008BB
:102ED0004537000873B505682023EB6190F8413051
:102EE000212B04460E4635D10121FFF7FDFA1123AF
:102EF00023636B6823F0FF7323F48B3323F4FF7396
:102F000023F001036B6000236363F206A3F58033B3
:102F1000E36205D51023EB61636C43F00403636443
:102F200094F84130602B05D1730741BF6B6ADBB267
:102F30000193019B2046FFF76FFA636C94F84120E0
:102F4000602A00D07BB1616C204602B0BDE87040C1
:102F5000FFF73CBF90F84130222BCAD10221FFF786
:102F6000C3FA1223C4E794F84120212A12D1202267
:102F700084F84120236394F8422084F84030402AAA
:102F800084F8423003D1FFF707FF02B070BDFFF7AE
:102F900036FEFAE794F84120222AF6D1202284F85E
:102FA0004120236394F8422084F84030402A84F87A
:102FB000423002D1FFF7F1FEE7E7FFF721FEE4E739
:102FC00073B590F84030012B04460D46164600F0CC
:102FD00091800123CA0680F8403017D5F30615D535
:102FE00003681022DA61436C43F004034364FFF783
:102FF00013FAAA0605D5B30603D529462046FFF7DE
:1030000069FF002084F8400002B070BD680712D547
:10301000710710D523685A6A636A1A70636A25F0CB
:10302000040501336362238D013B2385638D013BDE
:103030009BB26385DDE76A060DD4AB0727D5B007E1
:1030400025D5638D9BB2002BD3D0636A226813F819
:10305000011B9162E6E7290606F0400337D5002BF5
:10306000C7D0638D22689BB22BB3208D18BB5168EB
:10307000638D9BB2FF2BC1F309010DD9FF2222857D
:103080004FF0807300902046FFF7D4F9B1E72A068D
:10309000AFD57306E5D4ACE7628DE36A92B213F55F
:1030A000803F2285D2B202D0E36A0090EBE7009025
:1030B0004FF00073E7E75368980103D42046FFF709
:1030C000A0FD96E740212046FFF780FE91E7002B08
:1030D0008FD0638D9BB2002BF4D123685A68910185
:1030E00087D4E26A12F5803FE8D15A6842F4804200
:1030F0005A607EE7022087E713B590F84030012B35
:10310000044600F08680012380F84030CB0612D5BB
:10311000D30610D503681022DA61436C43F0040330
:1031200043642021FFF79CF9FFF776F9002084F82B
:10313000400002B010BD880708D5930706D5236864
:10314000226D9A624FF0FF332365EFE7080636D50C
:10315000530634D501212046FFF7C6F91021FFF7A9
:103160007FF9638D9BB233B3638D9BB2FF2B18D96C
:10317000FF22E16C2285002300934FF0807389B217
:10318000FFF758F9638D228D9B1A9BB2638594F8E3
:1031900041202368222A1A6830D142F400421A6082
:1031A000C4E7628DE16C92B2228500230093D2B213
:1031B0004FF00073E3E74021FFF708FEB6E748064B
:1031C0001FD553061DD501212046FFF78DF910218B
:1031D000FFF746F994F841100F4A104B222918BF07
:1031E0001346628D92B2FF2A03D9FF22E16C228539
:1031F000C2E7628DE16C92B22285D7E742F4804249
:10320000CDE7880692D5930690D52046FFF762FE5B
:103210008CE702208DE700BF0020008000240080A2
:1032200073B590F84030012B044678D0012380F824
:103230004030CB0612D5D60610D503681022DA61CD
:10324000436C43F0040343642021FFF709F9FFF7BF
:10325000E3F8002084F8400002B070BD0D0641D5AF
:1032600050063FD525682B6823F040032B60638D03
:103270009BB25BB36968638D9BB2FF2BC1F30901FD
:103280001AD9FF2323854FF080730022268D0092E8
:1032900094F828202046FFF7CDF8638D9B1B9BB246
:1032A000638594F84130222B2B680CBF43F4004314
:1032B00043F480432B60CCE7638D2385E36A13F5E9
:1032C000803F14BFE36A4FF00073DEE76B689A013A
:1032D00003D42046FFF795FCBBE740212046FFF7CB
:1032E00075FDB6E74B0612D5560610D5638D9BB219
:1032F000002BF2D123685A689501AAD4E26A12F52C
:10330000803FE6D15A6842F480425A60A1E78806BD
:103310009FD593069DD52046FFF7DCFD99E7022057
:103320009AE7036899691A6810B4CC0508D51406A1
:1033300006D5446C44F0010444644FF48074DC61AD
:103340004C0508D5140606D5446C44F008044464C2
:103350004FF48064DC61890508D5120606D5426CFD
:1033600042F0020242644FF40072DA61416C11F0E3
:103370000B0F02D010BCFFF729BD10BC7047000036
:103380002DE9F0410568D5F80080C76A90F8412022
:103390000E46212A4FF020010446D3B2E96109D03C
:1033A000223B082B0DD8DFE803F06C0C0C0C0C0C46
:1033B00072056C0048F201012046FFF795F82123C1
:1033C00023636B6843F400436B606B6823F0FF7307
:1033D00023F48B3323F4FF7323F001036B60204647
:1033E000FFF71AF818F4804F57D02B6823F4804366
:1033F0002B60A36B1BB11B685B689BB26385720774
:103400000FD5636A6A6A1A70636A01336362238D37
:103410002BB1013B2385638D013B9BB2638526F075
:103420000406638D9BB21BB1636C43F004036364B9
:10343000F30611D518F0100F0ED0638D9BB2002B40
:1034400045D194F84130282B30D1B7F1007F2DD1F0
:1034500031462046FFF770FC002384F84230656C4B
:103460006363002D42D0616C2046FFF7AFFC94F8F7
:103470004130282B4CD131462046BDE8F041FFF7C2
:103480005BBC48F20201FFF72FF8222398E748F2CD
:103490000301FFF729F8002392E718F4004FAED09C
:1034A0002B6823F400432B60E36BA3E794F84120DF
:1034B0002368292A4FF01002DA61CDD117F5803F39
:1034C000CAD02046FEF7A8FFFFF7BDFBC4E723687C
:1034D0001022DA61636C43F00403636437F0807395
:1034E000BAD1616C2046FFF771FCB5E7E36A13F5CA
:1034F000803F0FD02046FFF7A6FB0F4BE36220234F
:1035000084F8413084F84050256320460DF0D6FD04
:10351000BDE8F08194F8413084F84050222B4FF000
:10352000200384F841302046256302D10DF0DBFDF5
:10353000EEE70DF0EBFDEBE70000FFFF70B590F854
:103540004060C56A012E04460B4670D0012680F803
:1035500040608E0607D5960605D5FFF711FF0020BF
:1035600084F8400070BDD80659D5D10657D512F45D
:10357000404F50D0D4E90E10E0B921B1520402D529
:103580000A6852680AB323681022DA61636C43F058
:103590000403636494F8413035F08072DBB2DED10D
:1035A000213B092B30D8DFE803F02D342F2F2F2FAC
:1035B0002F2F2D341604E0D5006840680028DCD198
:1035C00019B1500444BF0A68526894F84120282A6F
:1035D00007D1B5F1007F04D119462046FFF7ACFBB7
:1035E000BDE794F841202368292A4FF01002DA61E0
:1035F000B5D115F5803FB2D02046FEF70DFFFFF79D
:1036000022FBACE721232363616C2046FFF7DEFB3E
:10361000A5E72223F7E723681022DA619FE719075D
:103620009DD513079BD52046FFF743FB97E7022064
:1036300098E770B590F84060C56A012E04460B46C5
:103640007ED0012680F840608E0607D5960605D507
:10365000FFF796FE002084F8400070BDD90630D5F3
:10366000D6062ED5628D92B2E2B994F84120282A6E
:1036700007D1B5F1007F04D119462046FFF75CFB66
:10368000E8E794F841202368292A4FF01002DA6114
:10369000E0D115F5803FDDD02046FEF7BDFEFFF7F7
:1036A000D2FAD7E723681022DA61636C43F004038F
:1036B000636435F08073CDD1616C2046FFF786FBE3
:1036C000C8E758071BD5510719D5638D9BB26BB15D
:1036D00023685A6A636A1A70636A01336362238DCE
:1036E000013B2385638D013B9BB26385638D9BB258
:1036F000002BAFD115F5803FACD02046CFE71E0799
:1037000005D5100703D52046FFF7D3FAA2E799079E
:10371000A0D593079ED5638D9BB26BB1636A226877
:1037200013F8011B91626362638D013B9BB2638559
:10373000238D013B23858DE735F080738AD1DCE74B
:1037400002208AE7806A836B0BB100229A63C36B05
:103750000BB100229A63FFF722BB90F8410070473B
:10376000406C7047024A136843F4807313607047DB
:1037700000040058024B186800F4C060704700BF96
:1037800000040058024A936823F400439360704792
:1037900000040058054A136843F007031360044A05
:1037A000136943F00403136130BF704700040058ED
:1037B00000ED00E04FF0B0431868C0F340407047A0
:1037C0004FF0B0431868C0F3400070474FF0B0426C
:1037D000536823F47F4343EA0023536070474FF05C
:1037E000B0431868C0F34060704700007FB54FF0E9
:1037F000B0432C4AD3F80831C0F3031003F00F0391
:1038000052F82040284A52F82330B4FBF3F4FFF773
:10381000B1FF264B054693E80700B5F5007F04ABE2
:1038200003E9070010D0224B9C4218D303F5B703DD
:1038300003F67F539C4229D903F5741303F51063F3
:103840009C4225D802230BE01A4B9C4207D91A4B05
:103850009C421BD903F5370303F5D853F0E7002347
:1038600004AA02EB830353F80C4C144D2B6823F08D
:10387000070323432B60FDF711FE06462B6803F078
:1038800007039C4206D1002004B070BD0123E7E786
:103890000024EAE7FDF702FE801B0228EED9032090
:1038A000F2E700BFDC4402083C450208C03E0208C3
:1038B000C0CF6A00BFEA21013F93340200400058A4
:1038C0004FF0B04310B59A68D96812F00C0205D0D9
:1038D0000C2A4AD101F00303012B51D14FF0B04122
:1038E0002B480B6813F0080306D00B6813F008038D
:1038F00037D1D1F8941007E00C68240756BFD1F8EF
:1039000094300968C3F3032350F82330002A0CBF16
:10391000184600204FF0B0418A6802F00C020C2AD1
:103920001ED1CA6802F00302022A2ED0032A06D151
:103930000B68184A13F4801F174B18BF13464FF03B
:10394000B042D068D168D268C0F306205843C1F3B2
:1039500002130133B0FBF3F0530F0133B0FBF3F06C
:1039600010BD0B68C3F30313CEE7042A05D0082A61
:1039700006D11B6813F4801305D006480023C9E75D
:1039800000231846C6E70448C4E7024BD7E700BF48
:10399000DC4402080024F4000048E80108B5FFF701
:1039A0008FFF4FF0B043044A9B68C3F3031352F8F0
:1039B0002330B0FBF3F008BD3C4502082DE9F0418F
:1039C0000446002853D04FF0B0439D68DE6803687A
:1039D000990605F00C0506F0030668D5026A1DB1CC
:1039E0000C2D46D1012E44D1002A40D04FF0B043D7
:1039F000A16A1A68120756BFD3F894301B681B09D6
:103A000003F0F00399421FD90846FFF7EFFE0028A4
:103A10002DD14FF0B042136843F0080313601368D0
:103A2000A16A23F0F0030B431360606AFFF7CEFE38
:103A3000FFF7B4FFAC4B1860AC4B1868FDF7E6FC21
:103A4000002834D0BDE8F0814FF0B042136843F055
:103A500008031360136823F0F0030B431360606ADC
:103A6000FFF7B4FE0846FFF7C1FE0028E0D00120B2
:103A7000E8E74FF0B043002A54D01A6842F0010240
:103A80001A60FDF70BFD0746FFF79AFE002842D0AB
:103A90004FF0B042136843F0080313601368A16A43
:103AA00023F0F0030B431360606AFFF78FFE236877
:103AB000DF0748D42368980700F1A18023681E0718
:103AC00040F1FC80A3694FF0B046002B00F0E3808A
:103AD000D6F89430E16903F01002914200F0C680FC
:103AE00003F00302022AC2D0D80740F1B580D6F80D
:103AF000943023F00103C6F89430FDF7CFFC07465D
:103B0000D6F89430990740F1A780FDF7C7FCC31B96
:103B1000112BF5D904E0FDF7C1FCC01B0228B3D975
:103B200003208FE71A6822F001021A60FDF7B6FC45
:103B30000746FFF745FE0028B9D0FDF7AFFCC01BD4
:103B40000228F6D9ECE7082D626803D00C2D1AD1B3
:103B5000032E18D1002A8AD09907AFD523694FF0D8
:103B6000B046002B67D0336843F480733360FDF7B1
:103B700095FC074633685A0555D4FDF78FFCC31BE7
:103B8000022BF7D9CCE74FF0B043A068196821F4B5
:103B900080110143B2F5803F196010D11A6842F4D8
:103BA00080321A60FDF77AFC0746FFF703FE002813
:103BB00080D1FDF773FCC01B6428F6D9B0E7B2F5DD
:103BC000041F04D11A6842F400121A60E6E719686B
:103BD00021F480311960196821F400111960002A5C
:103BE000E0D1FDF75BFC0746FFF7E4FD00283FF45A
:103BF00061AFFDF753FCC01B6428F5D990E7042D95
:103C000003D00C2DAAD1022EA8D12369002B3FF49A
:103C10002EAF4FF0B0426169536823F0FE4343EA90
:103C2000016353604AE77368626923F0FE4343EA25
:103C30000263736042E7336823F480733360FDF7F7
:103C40002DFC074633685B057FF538AFFDF726FC92
:103C5000C31B022BF6D963E74FF0B042E169D2F8FB
:103C6000943023F010030B43C2F894304FF0B04768
:103C7000D7F8943043F00103C7F89430FDF70EFCF9
:103C80000646D7F894309A0718D4FDF707FC831B33
:103C9000112BF6D944E7D6F8943023F00103C6F887
:103CA0009430FDF7FBFB0746D6F894309B0705D50B
:103CB000FDF7F4FBC31B112BF6D931E72368580736
:103CC00054D50B4F3B68D90514D4FFF74BFDFDF7D6
:103CD000E5FB06463B68DA050CD4FDF7DFFB831BEA
:103CE000022BF7D91CE700BF400000200400002091
:103CF00000040058E3684FF0B046002B58D023F082
:103D00008003052B02BFD6F8903043F00403C6F8B9
:103D100090304FF0B046FDF7C1FBD6F8903043F03D
:103D200001030746C6F8903041F28838D6F8903043
:103D30009B0705D4FDF7B2FBC31B4345F6D9EFE65D
:103D4000E36823F00403812B1BD1FDF7A7FBD6F812
:103D5000903043F08003C6F8903007464FF0B046ED
:103D600041F28838D6F89030180504D5E36A002B64
:103D70004AD1002066E6FDF791FBC01B4045F1D912
:103D8000CEE6FDF78BFBD6F8903023F08003C6F823
:103D9000903007464FF0B04641F28838D6F8903060
:103DA0001905E3D5FDF77AFBC01B4045F6D9B7E608
:103DB000FDF774FBD6F8903023F080030746C6F871
:103DC000903041F28838D6F890301A0516D4FDF7B5
:103DD00065FBD6F8903023F00103C6F89030074613
:103DE0004FF0B04841F28836D8F890309B07BDD5E7
:103DF000FDF754FBC31BB342F6D991E6FDF74EFB2A
:103E0000C01B4045DFD98BE60C2D4ED0022B4FF066
:103E1000B0431A6822F080721A6033D1FDF73EFB7E
:103E20000546FFF7DCFC38BBD4E90C314FF0B0425B
:103E30000B43D0682D4901400B43E16B0B43216CD0
:103E40000B43616C0B43A16B43EA0123D3601368FE
:103E500043F080731360D36843F08053D360FDF761
:103E60001DFB0446FFF7BBFC002882D1FDF716FBC3
:103E7000001B0A28F6D953E6FDF710FB401B0A2861
:103E8000CFD94DE6FDF70AFB0446FFF7A8FC30B991
:103E90004FF0B042164BD1680B40D36069E7FDF795
:103EA000FDFA001B0A28F0D93AE6012B3FF4DFADFA
:103EB0004FF0B043D868236B00F003029A427FF4BE
:103EC000D6AD626B00F0700393427FF4D0ADA26B6D
:103ED00000F4FE43B3EB022F7FF4C9AD636C00F036
:103EE0006040C01A18BF0120ACE500BF8C80C11132
:103EF000FCFFFEEE2DE9F0410D46044610B901200D
:103F0000BDE8F081684E336803F007038B4216D397
:103F100023689A0727D54FF0B047A268BB6823F003
:103F2000F0031343BB60FDF7B9FA0646BB68DB0339
:103F300019D4FDF7B3FA831B022BF7D911E03368CC
:103F400023F007030B433360FDF7A8FA07463368F5
:103F500003F00703AB42DBD0FDF7A0FAC01B022839
:103F6000F5D90320CCE72368580617D54FF0B047A2
:103F70006269D7F8083123F00F0343EA1213C7F838
:103F80000831FDF78BFA0646D7F80831D90305D476
:103F9000FDF784FA831B022BF6D9E2E723685A0760
:103FA00013D54FF0B047E268BB6823F4E0631343D6
:103FB000BB60FDF773FA0646BB689B0305D4FDF7AB
:103FC0006DFA831B022BF7D9CBE72368180714D5AA
:103FD0004FF0B0472269BB6823F4605343EAC20341
:103FE000BB60FDF75BFA0646BB68590305D4FDF7D5
:103FF00055FA831B022BF7D9B3E72368DA070FD4EE
:10400000294C236803F00703AB4239D8FFF7C6FCFD
:10401000264B1860264BBDE8F0411868FDF7F6B94D
:104020006268022A1DD1FFF7C5FB00283FF467AF85
:104030004FF0B04641F28838B36823F003031343CE
:10404000B360FDF72BFA0746B368626803F00C0310
:10405000B3EB820FD4D0FDF721FAC01B4045F3D952
:104060007FE7032A02D1FFF7BAFBDEE712B9FFF7B9
:10407000A7FBDAE74FF0B0431B685B05D8D43EE7F7
:10408000236823F007032B432360FDF707FA064656
:10409000236803F00703AB42B8D0FDF7FFF9801B9C
:1040A0000228F5D95DE700BF00400058400000201D
:1040B0000400002008B5FFF703FC4FF0B043054AA9
:1040C000D3F8083103F00F0352F82330B0FBF3F0BC
:1040D00008BD00BF3C45020808B5FFF75FFC4FF084
:1040E000B043044A9B68C3F3022352F82330D840FC
:1040F00008BD00BF1C45020808B5FFF74FFC4FF094
:10410000B043044A9B68C3F3C22352F82330D8401B
:1041100008BD00BF1C45020810B5D8B1D1B14F236E
:104120004FF0B0420360936803F00C04446003F066
:10413000F004846003F4E06403F46053C46003613A
:10414000D2F808311B01DBB24361034B1B6803F05B
:1041500007030B6010BD00BF004000584FF0B04394
:104160001868C0F3802070474FF0B043D3F8900038
:10417000C0F3400070474FF0B043D3F89400C0F351
:10418000400070474FF0B0431868C0F3C00070475C
:104190004FF0B04210B5D36803F00303022B39D0BF
:1041A000032B10D0FFF7EEFF1B4C014628BBFFF797
:1041B000E9FF012816BFD2F894101368C1F3032158
:1041C00054F8213006E01368144A13F4801F144B8E
:1041D00018BF13464FF0B042D068D168D268C0F320
:1041E00006204343C1F30211C2F3426001310130A2
:1041F000B3FBF1F3B3FBF0F010BDFFF7C3FF0128F1
:104200000BBF1368D2F89430C3F30313002354F8A0
:104210002330DFE7014BDDE7DC4402080024F40033
:104220000048E801B0F5807F10B500F08F8123D8F9
:10423000202800F0FA800AD8022800F0D680102842
:1042400000F09481012800F0A780002010BD4028D4
:1042500000F057818028F8D14FF0B044B24AD4F82A
:1042600088301B0903F4406343F44023934200F079
:10427000A48002F5806253E1B0F5804F00F0E58044
:1042800027D8B0F5806F00F08981B0F5006F00F09D
:10429000A281B0F5007FD8D14FF0B043A34AD3F844
:1042A00088301B0C03F00C0343F44023934200F0CE
:1042B000DC80B3F10C1F22D0043A934240F06781B6
:1042C000FFF759FF0128C0D14FF0B043D3F8943025
:1042D00022E0B0F5004F25D0B0F5803FB5D14FF0CA
:1042E000B042D2F8903003F44073B3F5007F0DD0A4
:1042F000B3F5407F00F08581B3F5807FA5D1FFF74E
:1043000033FF441E60426041C0039FE7FFF733FF65
:1043100001289AD1D2F89430D80654BF4FF4FA400D
:10432000FA2093E74FF0B042D2F8883003F04043D0
:10433000B3F1804FEAD0B3F1004FE0D033B9136846
:10434000990182D5BDE81040FFF722BF13689A0794
:104350007FF57BAFFFF716FF7549024668B9FFF797
:1043600011FF4FF0B043012816BFD3F894201B680B
:10437000C2F3032251F8220068E7FFF703FF4FF072
:10438000B04301280BBF1B68D3F89430C3F3031369
:10439000002351F8230059E74FF0B043654AD3F8A2
:1043A000883003F0030343F4403393425DD0B3F10C
:1043B000031FA4D0013A934203D1BDE81040FFF798
:1043C0007FBAFFF77DFA4FF0B0435B499A689B686C
:1043D000C2F30312C3F3C22351F82220B0FBF2F060
:1043E000564A52F82330D84030E74FF0B0444F4A95
:1043F000D4F8883003F00C0343F44023934234D0C4
:10440000B3F10C1F3FF47BAF043A9342D5D0FFF7D2
:1044100057FAA268A3684849C2F30312C3F3022300
:1044200051F82220B0FBF2F0DAE74FF0B044D4F8B4
:10443000883003F44063B3F5006F16D0B3F5406FD6
:104440003FF45DAFB3F5806FE0E74FF0B042D2F8D4
:10445000883003F04053B3F1005F0DD0B3F1405FFB
:10446000ABD0B3F1805F7FF4F0AEFFF777FE0128A9
:104470007FF4EBAE3248E9E613689B017FF5E5AEC9
:10448000D36803F00303022B39D0032B10D0FFF7BE
:1044900079FE274C014628BBFFF774FE012816BFA2
:1044A000D2F894101368C1F3032154F8213006E0C8
:1044B0001368234A13F4801F224B18BF13464FF092
:1044C000B042D068D168D268C0F306205843C1F327
:1044D00002130133B0FBF3F0C2F344430133B0FBEA
:1044E000F3F0B3E6FFF74EFE01280BBF1368D2F8D6
:1044F0009430C3F30313002354F82330DFE7104B49
:10450000DDE74FF0B044104AD4F888301B0903F4BB
:10451000407343F4403393423FF44FAF02F580724F
:104520009342A2D073E700BF00040C0008000C0007
:10453000DC440208020003003C4502081C45020856
:104540000024F4000048E801000103004FF0B044EB
:104550002D4AD4F888301B0903F4405343F4401328
:1045600093423FF42AAF02F58052D9E74FF0B043AF
:10457000D3F8883003F44073B3F5007F3FF475AF90
:10458000B3F5407F7FF4DEAE4BF680305EE6FFF79A
:1045900097F94FF0B0439A689B683CE74FF0B044FE
:1045A0001A4AD4F888301B0C03F0300343F440134C
:1045B00093423FF45AAFB3F1301F3FF4A0AE103A2C
:1045C00093427FF424AFFFF7D6FD01287FF43DAE80
:1045D000D4F89430A0E64FF0B0440D4AD4F88830B7
:1045E0001B0C03F0C00343F4400393423FF43DAF80
:1045F000B3F1C01F3FF483AE403A93427FF407AF5C
:104600005EE6044822E600BF0010300020003000C3
:104610008000C00040420F00704770B5044600287B
:1046200066D0436A002B5FD14268B2F5827F00D02A
:10463000C3610023A36294F85D3003F0FF0223B945
:1046400084F85C202046FFF7E7FF2268E068A66850
:10465000A169022384F85D30136823F040031360DE
:10466000B0F5E06F4FF000038ABF1D464FF4805550
:10467000B0F5706F18BFA362636806F4044603F4D4
:1046800082733343266906F002063343666906F0F7
:104690000106334301F400763343E66906F0380639
:1046A0003343266A06F080063343A66A06F40056B2
:1046B00033431360666B636A06F0080603F0100369
:1046C00000F470603343090C034301F004010B4311
:1046D0002B435360D36923F40063D361002001238B
:1046E000206684F85D3070BD0023C0E90433A0E784
:1046F0000120F8E7704710B5044680B10268022334
:1047000080F85D30136823F040031360FFF7F2FF79
:104710000020206684F85C0084F85D0010BD012054
:10472000FCE70223026810B580F83D30136A03F0FD
:10473000113323F08853044643B9116A40F24443CD
:10474000194202BF136823F001031360204602F0F0
:104750001AFD002084F8480084F83C0084F83E00EC
:1047600084F83F0084F8400084F8410084F8420057
:1047700084F8430084F8440084F8450084F8460037
:1047800084F8470084F83D0010BD000090F83D30EB
:10479000012B17D102230C4A80F83D300368934265
:1047A00002D0B3F1804F07D19968084A0A40062A1F
:1047B00006D0B2F5803F03D01A6842F001021A60B9
:1047C0000020704701207047002C014007000100C5
:1047D0000268136A03F0113323F0885343B9116A56
:1047E00040F24443194202BF136823F001031360EF
:1047F000012380F83D30002070470368DA6822F01A
:104800000102DA601A6A02F0113222F0885242B9CB
:10481000196A40F24442114202BF1A6822F00102B2
:104820001A60012380F83D300020704790F83C204A
:10483000012A03464FF0020009D01A6883F83D00B0
:1048400051610020012283F83D2083F83C0070472D
:1048500070477047036870B5DD681E69B20704468B
:104860000DD5A9070BD56FF002021A61012202775C
:104870009B699A0775D001F052FE002323777307D6
:1048800010D568070ED523686FF004021A61022262
:1048900022779B6913F4407F204668D001F03FFEE9
:1048A0000023237731070FD52A070DD523686FF032
:1048B00008021A6104222277DB699B0720465CD03C
:1048C00001F02DFE00232377F10610D5EA060ED560
:1048D00023686FF010021A6108222277DB6913F453
:1048E000407F20464FD001F01AFE00232377F307C4
:1048F00008D5E80706D523686FF001021A61204643
:1049000001F0EAFD16F4025F08D0290606D52368F7
:104910006FF402521A61204600F0FDF9F20508D545
:104920002B0606D523686FF480721A61204600F0CA
:10493000F3F9700608D5690606D523686FF04002C2
:104940001A612046FFF785FFB20622D5AB0620D5B7
:1049500023686FF0200220461A61BDE8704000F025
:10496000D9B901F0DAFD2046FFF772FF85E701F0C3
:10497000D4FD2046FFF76CFF92E701F0CEFD204604
:10498000FFF766FF9EE701F0C8FD2046FFF760FFD6
:10499000ABE770BD194A0368904202D0B0F1804F76
:1049A00008D14A6823F070031343CA6823F44073A4
:1049B000134306E0124A9042F7D002F5806290421B
:1049C000F3D04A6923F0800313438A68C2620A68FD
:1049D00082620A4A904207D002F5C052904203D048
:1049E00002F58062904201D10A690263026842F0D6
:1049F000040202600122426103607047002C014002
:104A00000044014010B5044650B390F83D3003F027
:104A1000FF021BB980F83C2002F08EFB02232068C5
:104A200084F83D30211DFFF7B5FF012384F848309D
:104A3000002084F83E3084F83F3084F8403084F819
:104A4000413084F8423084F8433084F8443084F8AC
:104A5000453084F8463084F8473084F83D3010BD46
:104A60000120FCE7036A01F01F0110B501248C400E
:104A700023EA04030362036A8A401A43026210BDF8
:104A8000082908B525D00AD8A9B1042919D090F869
:104A90004330012B13D1022380F843302CE00C2942
:104AA0001FD01029F3D190F84230012B07D10223F7
:104AB00080F8423020E090F83E30012B19D00120E0
:104AC00043E090F83F30012BF9D1022380F83F30CA
:104AD00012E090F84030012BF1D1022380F84030F1
:104AE0000AE090F84130012BE9D1022380F84130EF
:104AF00002E0022380F83E3000680122FFF7B2FF97
:104B0000124B984214D003F5C05398420BD003F5D2
:104B10008063984207D0B0F1804F0DD0036843F016
:104B20000103036010E0436C43F400434364F5E782
:104B3000436C43F4004343648268054B1340062BE7
:104B400002D0B3F5803FE9D1002008BD002C014020
:104B500007000100FFF794BF082910B503465AD09B
:104B600010D809B3042946D093F8434093F847205E
:104B7000012CE0B2D2B26FD1012A3BD1022283F8DC
:104B8000432065E00C2956D01029EDD190F8424021
:104B900093F84720012CE0B2D2B25DD1012A29D18D
:104BA000022283F8422053E090F83E4093F84420DC
:104BB000012CE0B2D2B24FD1012A1BD1022283F8DC
:104BC0003E2083F8442018680122FFF74BFF234B57
:104BD000984202D0B0F1804F07D18268204B134039
:104BE000062B06D0B3F5803F03D0036843F00103E2
:104BF0000360002010BD90F83F4093F84520012C41
:104C0000E0B2D2B228D1012AF4D1022283F83F20A7
:104C100083F84520D7E790F8404093F84620012CD0
:104C2000E0B2D2B218D1012AE4D1022283F84020A6
:104C300083F84620C7E790F8414093F84720012CBD
:104C4000E0B2D2B208D1012AD4D1022283F84120A5
:104C5000022283F84720B6E70120CBE7002C014071
:104C600007000100036A01F00F0110B504248C4015
:104C700023EA04030362036A8A401A43026210BDF6
:104C800008B529B990F84430012B1DD0012039E036
:104C9000042907D190F84530012BF7D1022380F881
:104CA000453014E0082907D090F84730012BEDD1AA
:104CB000022380F847300AE090F84630012BE5D116
:104CC000022380F8463002E0022380F84430006876
:104CD0000422FFF7C7FF436C43F4004343640A4BCD
:104CE000984202D0B0F1804F07D18268074B134041
:104CF000062B06D0B3F5803F03D0036843F00103D1
:104D00000360002008BD00BF002C01400700010027
:104D1000FFF7B6BF704770477047000010B50268D4
:104D200052E8003F23F4907342E800310268002902
:104D3000F5D10F4C02F1080353E8003F234002F184
:104D4000080C4CE800310029F4D1C36E012B07D1C7
:104D500052E8003F23F0100342E800310029F7D168
:104D60002023C0F88C300023C366436710BD00BF0A
:104D7000FEFFFFEF026852E8003F23F0800342E8A5
:104D8000003102680029F5D152E8003F43F04003AA
:104D900042E800310029F7D17047D0F88820212A55
:104DA000034611D1B0F8562092B20AB9FFF7E2BF1C
:104DB000026D016812F8010B88621A65B3F856207B
:104DC000013A92B2A3F856207047D0F88820212AE1
:104DD000034613D1B0F8562092B20AB9FFF7CABF02
:104DE0001A6D006832F8021BC1F3080181621A656E
:104DF000B3F85620013A92B2A3F856207047D0F883
:104E00008830212B10B51BD1B0F86A20C2B1B0F8A0
:104E10005610036889B2A1B903F1080252E8002FC5
:104E200022F4000203F1080040E800210029F3D138
:104E300053E8002F42F0400243E800210029F7D157
:104E400010BDD96909060AD5016D11F8014B9C62A4
:104E5000B0F856300165013B9BB2A0F85630013ADC
:104E600092B2D3E7D0F88830212B10B51BD1B0F81F
:104E70006A20C2B1B0F85610036889B2A1B903F133
:104E8000080252E8002F22F4000203F1080040E873
:104E900000210029F3D153E8002F42F0400243E8FB
:104EA00000210029F7D110BDD96909060CD5016D83
:104EB00031F8024BC4F308049C62B0F85630016527
:104EC000013B9BB2A0F85630013A92B2D1E770474D
:104ED000D0F88830202B10B544D1002944D0002AC6
:104EE00042D0A0F85620A0F85420426E016500235D
:104EF000C0F89030B2F1005F4FF02103C0F8883065
:104F00000268836819D1B3F5805F14D10469174B27
:104F10001749002C08BF0B46836702F1080353E8CA
:104F2000003F43F4000302F1080040E8003100298B
:104F3000F3D1002010BD0D4BEEE7B3F5805F0FD12C
:104F400004690C4B0C49002C08BF0B46836752E8E0
:104F5000003F43F0800342E800310029F7D1E8E741
:104F6000044BF3E70220E5E70120E3E7FF4D0008EB
:104F7000654E00089B4D0008CB4D000808B5806ABF
:104F800002F0E2F908BD70470368D9691A682DE993
:104F9000F04140F60F0631429D68044610D18E065E
:104FA00040F1978002F0200605F080573E4300F064
:104FB0009080436F002B00F08580BDE8F0411847DA
:104FC000A84EA9482E401040304300F08280CF0701
:104FD00009D5D00507D501201862D4F8900040F01B
:104FE0000100C4F890008F0709D5E80707D5022013
:104FF0001862D4F8900040F00400C4F890004F0705
:1050000009D5E80707D504201862D4F8900040F0CD
:105010000200C4F890000F070BD502F020003043C7
:1050200007D008201862D4F8900040F00800C4F8B7
:1050300090000E050AD5500108D54FF400601862A3
:10504000D4F8903043F02003C4F89030D4F8903076
:10505000002B37D08B0609D502F0200205F08055D1
:105060002A4303D0636F0BB1204698472668D4F8D3
:105070009020B36802F0280203F0400353EA0205CF
:10508000204621D0FFF74AFEB3685F0617D5226895
:1050900002F1080353E8003F23F04003083242E8DE
:1050A00000310029F3D1D4F8800040B16F4B836305
:1050B000FCF79BFF30B1D4F88000836B7DE720467E
:1050C00002F042F9BDE8F08102F03EF9C4F89050D8
:1050D000F8E7E06E012840F08D80CE0640F18A802E
:1050E000D00640F1878010221A629968B4F85C20DB
:1050F000490651D5D4F880100868416889B2002962
:1051000042D0914240D2A4F85E10026892062FD499
:1051100053E8002F22F4807243E800210029F7D1E0
:1051200003F1080252E8002F22F0010203F1080007
:1051300040E800210029F3D103F1080252E8002FD2
:1051400022F0400203F1080040E800210029F3D1D9
:105150002022C4F88C20E16653E8002F22F01002D0
:1051600043E800210029F7D1D4F88000FCF708FFBC
:1051700002232367B4F85E30B4F85C10C91A89B210
:105180002046FFF700FF9DE791429BD103689B06F5
:1051900098D502232367F3E7B4F85E10B4F85E00F5
:1051A00080B289B200288DD0521A91B2002989D0DC
:1051B00053E8002F22F4907243E800200028F7D132
:1051C0002B4D03F1080252E8002F2A4003F1080694
:1051D00046E800200028F4D12022C4F88C20606723
:1051E000E06653E8002F22F0100243E80020002878
:1051F000F7D1CEE7CF0209D56E0207D54FF4801262
:1052000020461A62BDE8F04102F0E8B808060BD566
:1052100002F0800005F40005284305D0A36F002BA1
:105220003FF450AF2046C8E64F0611D556060FD5BD
:1052300053E8002F22F0400243E800210029F7D173
:105240002023C4F88830A167204602F079F839E7B6
:105250000D020FD550000DD52046BDE8F04100F0FD
:1052600038BE00BF01000010200100047D4F00087F
:10527000FEFFFFEFCB017FF525AF002ABFF622AF7F
:105280002046BDE8F04100F023BE00BFD0F88C20DE
:10529000B0F86010222A08B5036855D15B6A826DA8
:1052A0000B401370836D01338365B0F85E30013BB2
:1052B0009BB2A0F85E30B0F85E309BB2002B42D1BA
:1052C000026852E8003F23F4907342E8003103681B
:1052D0000029F5D103F1080252E8002F22F0010263
:1052E00003F1080C4CE800210029F3D12022C0F87A
:1052F0008C20184A41679342016705D1C26E012A8A
:105300000ED002F019F81EE05A681102F6D553E8E3
:10531000002F22F0806243E800210029F7D1EDE759
:105320000022C26653E8002F22F0100243E8002159
:105330000029F7D1DA69B0F85C10D20644BF102218
:105340001A62FFF720FE08BD9A6942F008029A61CE
:10535000F9E700BF00800040D0F88C20B0F8601062
:10536000222A08B5036852D15A6A1140826D22F888
:10537000021B8265B0F85E20013A92B2A0F85E206E
:10538000B0F85E2092B2002A40D153E8002F22F4F8
:10539000907243E800210029F7D103F1080252E896
:1053A000002F22F0010203F1080C4CE80021002933
:1053B000F3D12022C0F88C20174A4167934201673D
:1053C00005D1C26E012A0ED001F0B6FF1EE05A6868
:1053D0001102F6D553E8002F22F0806243E8002145
:1053E0000029F7D1EDE70022C26653E8002F22F032
:1053F000100243E800210029F7D1DA69B0F85C1007
:10540000D20644BF10221A62FFF7BDFD08BD9A699B
:1054100042F008029A61F9E70080004003682DE934
:10542000F047DD69D3F800809E68D0F88C20B0F892
:105430006070222A044640F0B580B0F86830002B36
:1054400000F08B804FF0000906F001064FF0040ACF
:10545000AB0640F182802368A26D5B6A3B4013700B
:10546000A36D0133A365B4F85E30013B9BB2A4F891
:105470005E302368DD6968072AD0E9070AD518F489
:10548000807F07D001221A62D4F8902042F00102F6
:10549000C4F89020AA0708D53EB102221A62D4F8B7
:1054A000902042F00402C4F89020680708D53EB16D
:1054B000C3F820A0D4F8903043F00203C4F8903031
:1054C000D4F8903023B1204601F03EFFC4F890900C
:1054D000B4F85E309BB2002BBAD1226852E8003F8C
:1054E00023F4807342E8003123680029F5D1304865
:1054F00003F1080252E8002F024003F1080545E8D5
:1055000000210029F4D12022C4F88C20294A6167A7
:10551000934221670AD05A68110207D553E8002F39
:1055200022F0806243E800210029F7D1E26E012ACF
:1055300034D10022E26653E8002F22F0100243E843
:1055400000210029F7D1DA69B4F85C10D20644BF13
:1055500010221A622046FFF716FDB4F85E309BB2A7
:10556000D3B1B4F868209A4216D9226802F1080330
:1055700053E8003F23F08053083242E800312268AC
:105580000029F2D10C4B636752E8003F43F020033F
:1055900042E800310029F7D1BDE8F087204601F04C
:1055A000CBFEDAE79A6942F008029A61F4E700BF9D
:1055B000FEFFFFEF008000408D52000803682DE9D8
:1055C000F047DD69D3F800809E68D0F88C20B0F8F1
:1055D0006070222A044640F0B280B0F86830002B98
:1055E00000F088804FF0000906F001064FF0040A31
:1055F000AB067FD52368A26D596A394022F8021B99
:10560000A265B4F85E20013A92B2A4F85E20DD698A
:1056100068072AD0E9070AD518F4807F07D001224D
:105620001A62D4F8902042F00102C4F89020AA0730
:1056300008D53EB102221A62D4F8902042F004024A
:10564000C4F89020680708D53EB1C3F820A0D4F86C
:10565000903043F00203C4F89030D4F8903023B176
:10566000204601F071FEC4F89090B4F85E309BB211
:10567000002BBDD1226852E8003F23F4807342E83A
:10568000003123680029F5D12F4803F1080252E8C0
:10569000002F024003F1080545E800210029F4D15C
:1056A0002022C4F88C20294A6167934221670AD0DE
:1056B0005A68110207D553E8002F22F0806243E8B0
:1056C00000210029F7D1E26E012A34D10022E266DE
:1056D00053E8002F22F0100243E800210029F7D1FF
:1056E000DA69B4F85C10D20644BF10221A62204670
:1056F000FFF749FCB4F85E309BB2D3B1B4F8682030
:105700009A4216D9226802F1080353E8003F23F0B9
:105710008053083242E8003122680029F2D10C4B54
:10572000636752E8003F43F0200342E8003100295C
:10573000F7D1BDE8F087204601F0FEFDDAE79A696F
:1057400042F008029A61F4E7FEFFFFEF008000409C
:105750005953000810B590F88430012B1ED0012356
:1057600080F884302423C0F88830026852E8003F73
:1057700023F00C0342E800340168002CF5D151E815
:10578000002F42F0080241E80023002BF7D120222D
:10579000C0F8882080F88430184610BD0220FCE74D
:1057A00010B590F88430012B1ED0012380F884308E
:1057B0002423C0F88830026852E8003F23F00C032D
:1057C00042E800340168002CF5D151E8002F42F086
:1057D000040241E80023002BF7D12022C0F88820E2
:1057E00080F88430184610BD0220FCE7D0F88820ED
:1057F000D0F88C001043704738B50446036821691F
:10580000A2681D68C0690A4361690A437549024379
:1058100029400A431A605A68E16822F440520A4358
:105820005A60714AA16993421CBF226A11439A6867
:1058300022F06E4222F430620A439A60DA6A616AA8
:1058400022F00F020A43DA62684A934217D14FF0FE
:10585000B043674AD3F8883003F0030343F440337E
:1058600093425BD0B3F1031F21D0013A934274D02D
:10587000B0F5004F40F0B080FEF73EFC31E05D4AED
:10588000934231D14FF0B0435B49D3F8883003F0F5
:105890000C0343F440228A4240D005D8E3B1574B71
:1058A0009A425AD0012062E0B2F10C1FFAD1B0F551
:1058B000004F37D04FF400406368616A504A32F8B5
:1058C0001120B0FBF2F000EB5300B0FBF3F04FF609
:1058D000EF73A0F1100274E0B0F5004F77D1FEF73E
:1058E000FBFB002842D01DE03F4A9342DAD14FF043
:1058F000B043D3F8883003F44063B3F5006F3DD074
:1059000006D883B3B3F5806FCCD1FDF7D9FF2CE077
:10591000B3F5406FC6D14FF4004030E0B0F5004F12
:105920003848C9D16268616A354B33F81130B0FB31
:10593000F3F0530803EB4003B3FBF2F34FF6EF72BF
:10594000A3F110019142ADD823F00F02216892B269
:10595000C3F342031343CB6008E0B0F5004F3ED1E0
:10596000FDF7AEFFBDE7FEF7B7FB40B900204FF0F3
:105970000113A3660023C4E91D3338BD21486568BF
:105980001F4B626A05EB450133F81220B0FBF2F3BE
:10599000994287D8B3EB053F84D800231946FBF71B
:1059A00053FC090241EA10616B080002C0182A4644
:1059B0004FF0000341F10001FBF746FC124BA0F54C
:1059C00040729A423FF66EAF2368D860CEE7FEF78A
:1059D00083FB0028CAD06FE7FEF78EFBF9E7FDF7DF
:1059E0006FFFF6E7F369FFCF008000400038014009
:1059F000020003000044004008000C0004000C00FA
:105A0000E04302080024F400FFFC0F00836A1A0739
:105A100010B506D50168846B4A6822F4004222431F
:105A20004A60DC0706D50168C46A4A6822F400327D
:105A300022434A60990706D50168046B4A6822F43C
:105A4000803222434A605A0706D50168446B4A688F
:105A500022F4802222434A60DC0606D50168C46B2A
:105A60008A6822F4805222438A60990606D501682A
:105A7000046C8A6822F4005222438A605A060FD5C9
:105A80000168446C4A6822F480122243B4F5801FF6
:105A90004A6005D14A68846C22F4C00222434A60FD
:105AA0001B0606D50268C16C536823F400230B4320
:105AB000536010BD2DE9F843DDF8209004460D46F3
:105AC000174698462268D36935EA03030CBF0123C1
:105AD0000023BB4201D0002022E0B9F1FF3FF2D009
:105AE000FBF7DCFCA0EB0800484529D8B9F1000F12
:105AF00026D021680B685A07E4D5802DE2D0402DCE
:105B0000E0D0CE6916F008060CD0082520460D62BC
:105B1000FFF704F90023C4F8905084F88430012082
:105B2000BDE8F883CB691B05CCD54FF400630B624D
:105B30002046FFF7F3F82023C4F8903084F88460FF
:105B40000320EDE72DE9F7439846D0F88830202B65
:105B500004460E4617464ED119B9012003B0BDE8E0
:105B6000F083002AF9D021230025C0F89050C0F816
:105B70008830FBF793FCA368A4F85470B3F5805FFA
:105B80008146A4F8567003D123690BB935461E46E9
:105B9000B4F85620CDF8008092B24B464AB9402165
:105BA0002046FFF787FF2023C4F888300028D5D08F
:105BB00008E0002280212046FFF77CFF20B120234F
:105BC000C4F888300320C9E722688EB935F8023B53
:105BD000C3F308039362D4F8883003F02103212B28
:105BE000BBD1B4F85620013A92B2A4F85620CFE7C0
:105BF00016F8013BEEE70220B0E773B50446002635
:105C0000C0F89060FBF74AFC23681B681A0705463A
:105C10001CD56FF07E430093324603464FF40011CB
:105C20002046FFF747FF88B1226852E8003F23F083
:105C3000800342E800310029F6D12023C4F88830DF
:105C40000320002384F8843002B070BD23681B68F1
:105C50005B0724D56FF07E43009300222B464FF460
:105C600080012046FFF726FFC8B1226852E8003FB6
:105C700023F4907342E8003122680029F5D102F143
:105C8000080353E8003F23F0010302F1080040E855
:105C900000310029F3D12023C4F88C30D0E7202331
:105CA0000020C4F88830C4F88C30E0662067C8E76C
:105CB00010B5044650B3D0F888301BB980F8843052
:105CC000FFF705F922682423C4F88830136823F00D
:105CD00001031360A36A13B12046FFF797FE204625
:105CE000FFF78AFD012811D023685A6822F49042F8
:105CF0005A609A6822F02A029A601A6842F00102F9
:105D000020461A60BDE81040FFF777BF012010BDA4
:105D100010B5044670B3D0F888301BB980F88430D1
:105D2000FFF7D5F822682423C4F88830136823F0DD
:105D300001031360A36A13B12046FFF767FE2046F4
:105D4000FFF75AFD012815D023685A6822F49042C3
:105D50005A609A6822F022029A609A6842F0080219
:105D60009A601A6842F0010220461A60BDE81040AD
:105D7000FFF743BF012010BD30B581658168A0F8F1
:105D80005C200023B1F5805FA0F85E20436731D12D
:105D90000369002B40F2FF1318BFFF23A0F8603007
:105DA0000023C0F890302223C0F88C30016801F144
:105DB000080353E8003F43F00103083141E8003491
:105DC0000368002CF2D1456E84680169B5F1005F6B
:105DD00035D1B0F86850954231D8B4F5805F29D1FB
:105DE000C1B1264A426753E8002F42F4807243E86B
:105DF000002121E029B90369002B14BF7F23FF2371
:105E0000CCE7B1F1805FC9D10369002B14BF3F23F8
:105E10007F23C3E71A4A426703F1080252E8002FC2
:105E200042F0805203F1080040E800210029F3D13C
:105E3000002030BD114A42670029D4D1ECE7B4F507
:105E4000805F16D151B10F4A426753E8002F42F4E8
:105E5000907243E800210029F7D1E9E70A4A426736
:105E600053E8002F42F0200243E800210029F7D137
:105E7000DEE7044A42670029F2D0E6E71D54000835
:105E8000BD5500088D52000859530008D0F88C30D9
:105E9000202B30B415D1B9B1B2B100230468C36668
:105EA0000A4B9C420AD063681B0207D554E8003FA6
:105EB00043F0806344E80035002DF7D130BCFFF794
:105EC0005BBF022030BC70470120FBE70080004030
:105ED0007047704790F88430012B0FD0012380F871
:105EE0008430016851E8002F42F0020241E80023AB
:105EF000002BF6D180F88430184670470220704796
:105F000090F88430012B0FD0012380F88430016891
:105F100051E8002F22F0020241E80023002BF6D1C5
:105F200080F884301846704702207047836810B5A7
:105F300004462BB10322014698470023C4E90233EB
:105F400010BD836810B5044613B10322014698477B
:105F5000204610BD10B5044650F8103FDA6822F014
:105F60000102DA60DA6822F00202DA60DA6822F00E
:105F70000402DA60DA6822F00802DA60DA6822F0F5
:105F80001002DA60FEF724FC2269136823F0010393
:105F90001360012384F84E3084F84F3084F8503079
:105FA00084F8513084F8523084F8533084F85430F7
:105FB00084F8553084F8563084F8573010BD4B1EA5
:105FC000032B00D9FEE78900081F70470139435CA5
:105FD00013F0100004D0022916D80C4A32F8110030
:105FE000DB0712D503290FD8DFE801F00205080B03
:105FF00040F00100704740F01000704740F480709E
:10600000704740F480507047FEE770470044020834
:106010000139032900D9FEE7014B585C704700BFE6
:10602000FC4302080139032900D9FEE7014B585C03
:10603000704700BFF84302082DE9F04104460E46C0
:10604000FFF7BDFF04EB061808F16408054631466A
:106050002046FFF7DDFFD8F808302BB12369C24393
:106060001A61DA680243DA60771E04EB47039B8803
:106070000B2B49D8DFE803F051181818060618183A
:106080004A4A4A2AE35DDE0604D5294604F1100097
:10609000FEF73EFEE35DD80736D5294604F1100031
:1060A000BDE8F041FEF756BDE35DD90604D52946AB
:1060B00004F11000FEF7E4FDE35DDA0724D529467C
:1060C00004F11000BDE8F041FEF7DABC294604F106
:1060D0001000FEF741FD31462046FFF7A3FF25697A
:1060E000014606462046FFF771FF2B6A1843D8F891
:1060F0000830286243B131462046FFF789FFC34389
:106100002B61EB681843E860BDE8F081294604F193
:106110001000BDE8F041FEF71FBD23691B68DB07D7
:10612000F2D404F11000BDE8F041FEF72FBB70B5CA
:1061300001250446861C294636F8023F23B129462C
:106140002046FFF779FF00210135052DF4D1E36EDC
:106150003BB123696FF001021A61DA6842F0010273
:10616000DA6049B123691B68DB0705D404F110002C
:10617000BDE87040FEF70ABB70BD01211030FEF78C
:1061800055BB0369186800F00100704710B502465E
:106190000C46FFF7F6FF80B9CB68DB070ED5CB685E
:1061A00023F00103CB601046FFF7E7FF6FF0010318
:1061B0002361E36843F00103E36010BDBDE81040D4
:1061C0001046FFF7DABF00000B4B98420BD0B0F13E
:1061D000804F0AD003F5C053984208D003F580637E
:1061E000984206D0FEE70020704701207047022049
:1061F00070470320704700BF002C0140024670B575
:10620000044652F8100FFFF7DFFF0546104600F076
:1062100025FF094A002342F8253004F16406E360B3
:1062200004F1B405B54204D0103D2846FFF789FEBD
:10623000F8E7204670BD00BF7802002070B5044624
:106240000846FFF7C1FF256905B1FEE7204B216134
:1062500004F10C0243F8202004F110060E23C4E9D7
:1062600017353046C4E90C55C4E90E55C4E910553C
:1062700084F82C50A56484F84C5084F84D50E460A8
:1062800000F0C0FE04F16400FFF750FE04F174005A
:10629000FFF74CFE04F18400FFF748FE04F1940080
:1062A000FFF744FE04F1A400FFF740FEC4E90055E7
:1062B0004FF6FF73C4E906538023C4E90855A5606F
:1062C0006561A3623046BDE87040FEF79BBB00BF2E
:1062D0007802002010B588B018220446002102A8D8
:1062E0001CF0F5FD002301A902A80193FDF714FF9E
:1062F000206900F059FF012802D002280FD0FEE7E4
:10630000059CFDF7E9FEB4F5C06F05D00BD824F469
:106310008074B4F5806F00D1400008B010BD069CB9
:10632000FDF7EAFEEFE7B4F5E06FF4E7012A38B5D0
:1063300005460C460BD0022A16D004B1013C29694F
:106340002846CC62EC61BDE83840FFF71FBFFFF77D
:10635000C1FF084BB0FBF3F044432A69230C93625E
:106360000133B4FBF3F4E8E7FFF7B4FFB0FBF4F458
:10637000F3E700BF40420F0010B500F110042046C3
:10638000FEF73BFA2046BDE81040FEF7CAB9000010
:10639000034B186810B10430FEF75CBA704700BFB9
:1063A00078020020FFF7F4BF034B586810B10430A7
:1063B000FEF750BA704700BF78020020034B986880
:1063C00010B10430FEF746BA704700BF78020020D3
:1063D000034BD86810B10430FEF73CBA704700BFD9
:1063E000780200200022C0E90022C0E902227047A2
:1063F000F8B504460E4600F1640500F1B4072846DE
:106400001035FFF7EFFFBD42F9D10023204623618D
:106410003146FFF713FF2046F8BD38B50023C0E929
:106420000033C0E902338B6804460D462BB10222CB
:106430009847EB68E360AB68A360204638BD30B591
:1064400087B002AD04462846FFF7E7FF95E8030052
:106450006B4683E8030094E8030085E8030093E8B3
:106460000300049BA268A360059B049284E80300D8
:10647000E268E36028460592FFF763FD07B030BD90
:1064800038B504460D46E36E64301BB1BDE83840B4
:10649000FFF7D5BFFFF7D3FFAB683BB123696FF0C0
:1064A00001021A61DA6842F00102DA6038BD8268DE
:1064B00010B50AB91AF04CF9BDE81040C368184786
:1064C00008B500B9FEE700F09BFD0068C36E13B18C
:1064D0006430FFF7ECFF08BDFFF7F2BF10B500B95D
:1064E000FEE7037F013B072B10D8DFE803F004141D
:1064F0000F100F0F0F12012400F082FD240100681D
:106500006434204483680BB1FFF7D1FF10BD03242E
:10651000F2E70424F0E70224EEE7FFF7DFBFFFF71E
:10652000DDBF1CF03FB91CF03DB91CF043B94FF082
:10653000B04382B0DA6C0243DA64DB6C034001934F
:10654000019B02B07047000008B5032818D8DFE8A7
:1065500000F002080D120120FFF7E9FF4FF0904014
:1065600008BD0220FFF7E3FF0648F9E70420FFF724
:10657000DEFF0548F4E78020FFF7D9FF0348EFE787
:106580000020EDE70004004800080048001C004817
:1065900008B5064900F0FCFCC0F3C430112800D94E
:1065A000FEE7034B53F8200008BD00BFE842020895
:1065B00014440208A0F580500138022800D9FEE7F3
:1065C000014B53F8200070470844020808B50549FC
:1065D00000F0DEFCC0F3C430012800D0FEE700204C
:1065E00008BD00BFD04202080268094B9A420DD193
:1065F0004FF0B0439A6B42F000529A639A6B22F0CC
:1066000000529A639A6D22F000529A65704700BF5B
:106610000074004010B50A4986B0044600F096FCAC
:10662000019050B12046FFF7D1FF014628B901A8DB
:10663000FBF795FC01A8FBF784FC06B010BD00BF7A
:10664000D04202084FF0B04382B01A6E42F400729A
:106650001A661A6E02F400720192019AD3F8882029
:1066600042F04052C3F88820044B1868C30403D496
:10667000034902B000F052BC02B07047180000207D
:10668000E84202084FF0B0431A6C42F400721A64F8
:106690001A6C22F400721A641A6C42F400721A64C2
:1066A0001A6C22F400721A641A6E22F400721A66CE
:1066B00070470000F0B59FB0054664220E4605A85D
:1066C00000211CF004FC0023EA04CDE9023304930A
:1066D000ADF80230019340F1AC8041F203039D42DA
:1066E00000F2A7805D4B05932846FFF763FF07275D
:1066F0000446082E00F0AE800A2E00F0AD80062E73
:106700000CBF182300234FF00042CDE906230023DD
:10671000CDE908320422CDE90E330A92ADF82C30CF
:1067200001228DF82E308DF834308DF840308DF800
:10673000503018931B9319938DF86830484B0C9286
:1067400005A84FF48052CDE9112713971D60FAF781
:10675000AFFE002879D1012C029435D0414B9C42E8
:1067600032D0414B9C422FD0404B9C422CD0404BCE
:106770009C4229D03F4B9C4226D03F4B9C4223D089
:106780003E4B9C4220D03E4B9C421DD03D4B9C42F8
:106790001AD03D4B9C4217D003F104239C4213D0E6
:1067A0003A4A24F0004393420ED0394A93420BD028
:1067B000384A934208D0384A944205D0374A944226
:1067C00002D0374A934240D1012302A905A8CDE95E
:1067D0000337FAF7CBFF002837D105A8FBF700FAFB
:1067E000002832D105A8FBF723F970BB0A2105A8C0
:1067F000FAF75EFF48BB05A8FBF790F8830505D5BF
:1068000005A8FAF7AFFF80B2ADF8020005A8FBF7C4
:10681000C9F9D0B905A8FBF76FF9B0B9214AD2F888
:10682000083723F0E073C2F80837BDF8020080B2E1
:106830000CE01D49284600F089FB01A90590284677
:10684000FFF7A6FE059B044613B900201FB0F0BD5C
:1068500003274EE7102356E7082354E7002401409E
:106860001800002002000004040000080800000CCA
:106870001000001020000014400000188000001CD0
:106880000001002000020024000400280010003055
:1068900000200034004000380080003C000001402F
:1068A0000000024400200140E8420208F8B5144903
:1068B000144E074600F04AFBFFF786FC56F82030DE
:1068C000044673B9B420FFF72CFE0D49054638463F
:1068D00000F03CFB01462846FFF78AFD56F82430BD
:1068E0001D6056F824301C6844B12046FFF786FC32
:1068F0002046B421BDE8F840FFF717BEF8BD00BF41
:106900005C4102087802002037B5FAF7C7FD4FF066
:10691000E0250446AB690093FAF7C0FDAB6901932B
:106920006969844201F101014FF47A7308D0019A38
:106930008A1A5A43B2FBF1F203FB002003B030BDC8
:10694000009A8A1A5A43B2FBF1F203FB0420F5E7DE
:10695000FAF7A4BD704708B5FAF794FDFBF789FA7A
:10696000FFF7F8FF08BD10B594B048220021044697
:1069700002A81CF0ACFAFCF7F5FE4FF0B0439A6D9C
:1069800042F480629A659A6D02F480620192019AE3
:10699000032C11D8DFE804F00219283DD3F8942025
:1069A00042F00102C3F89420D3F894309C0703D43A
:1069B0000823029301230893029B002B3AD002A8DC
:1069C000FCF7FCFF002835D0FEE71A6842F480721D
:1069D0001A601B685905EFD4022302934FF48072AA
:1069E0004023CDE90623E7E7D3F8902042F0810267
:1069F000C3F89020D3F890209407DDD4D3F89020EA
:106A000022F01802C3F890200423029381230593F7
:106A1000D2E71A6842F400121A601A6842F480320F
:106A20001A601B6899035EBF01224FF40413CDE97D
:106A30000223C1E714B010BD70474FF0B04382B0DD
:106A40001A6D42F400221A651A6D02F400220192B6
:106A5000019A9A6C42F480529A649B6C03F48053BE
:106A60000093009B02B070470C4BD3F8FC20D2017E
:106A70005EBFD3F8FC2042F08072C3F8FC20084BC4
:106A800000225A601A6842F001021A6000BF00BF7B
:106A900000BF5868B0FA80F04009704700ED00E090
:106AA000001000E008B5FFF7C8FFFFF7DDFFFAF7B9
:106AB000D3FCFFF7C1FFFAF763FCBDE808400148CB
:106AC000FBF7DCB91C000020012A02D10160002084
:106AD0007047022A05D0032AF9D0002AF7D10260B4
:106AE000F5E70B680360F2E7036818470023C0E985
:106AF0000033C0E90233704770B50024012904F166
:106B000001032CD1184DE4B2142161436E18F368CF
:106B10003BB1043129440322084698470023C6E9C3
:106B20000333142363430022E8560F4B93F90010FC
:106B3000814201D1D968A9B90132102A03F11403A5
:106B4000F4D10A4A0A49D2F8803051F8241023EAD5
:106B50000103BDE87040C2F88030FBF743B9490833
:106B60001C46CBE770BD00BF88020020000800581B
:106B70005C4402080023012803F101020AD1142217
:106B8000DBB25343054A181D1044816829B11A44E9
:106B90001369184740081346EDE770478802002044
:106BA0000120FBF72DBC0220FBF72ABC0420FBF7D9
:106BB00027BC0820FBF724BC1020FBF721BC38B50C
:106BC00005242025A8B2FBF71BFC013C4FEA450534
:106BD000F8D138BD38B506244FF48065A8B2FBF76C
:106BE0000FFC013C4FEA4505F8D138BD2DE9F041D5
:106BF00000F00F08012606FA08F68CB00D4617467D
:106C0000B3B20024012B04F1010253D1C0F30310ED
:106C1000FFF79AFCD0B1294B53F8283093FAA3F12F
:106C2000B1FA81F14900CDE9076793FAA3F3C66889
:106C300003228A40B3FA83F332405B0022FA03F363
:106C4000099307A902230A93FBF726FB03AEDFF89B
:106C50007080142329463046E4B25C43FFF7DDFB25
:106C600096E8030008EB040301AA043382E803005A
:106C700093E8030086E8030092E80300271D83E8F9
:106C800003004744059BBA68BB60069B05923046EB
:106C9000FA68FB600692FFF754F918F904400022E5
:106CA00006212046FBF75EF82046FBF78DF80CB076
:106CB000BDE8F0815B081446A4E700BF9C440208CD
:106CC00088020020344A104608B5062300F8043B29
:106CD000FFF70CFF072302F118001375FFF706FFFB
:106CE000082302F12C0082F82830FFF7FFFE092369
:106CF00002F1400082F83C30FFF7F8FE0A2302F16F
:106D0000540082F850301621FFF7F0FE02F16800BF
:106D100082F86410FFF7EAFE02F17C0082F8781036
:106D2000FFF7E4FE02F1900082F88C10FFF7DEFE20
:106D300002F1A40082F8A010FFF7D8FE02F1B8001B
:106D400082F8B4102921FFF7D1FE02F1CC0082F8BD
:106D5000C810FFF7CBFE02F1E00082F8DC10FFF76D
:106D6000C5FE02F1F40082F8F010FFF7BFFE02F555
:106D7000847082F80411FFF7B9FE02F58E7082F874
:106D80001811FFF7B3FEBDE8084002F5987082F8CD
:106D90002C11FFF7ABBE00BF8802002038B5054CB0
:106DA000A4F5A075143C201DFFF7CBF8AC42F9D137
:106DB00038BD00BFC803002030B591FAA1F391FAA5
:106DC000A1F1B3FA83F3C4685B000325B1FA81F142
:106DD00005FA03F3490024EA03038A401A43C26018
:106DE00030BD431C04D00C3151F80C3C5A1C01D16D
:106DF00000207047834201F10C01F5D1012070475A
:106E0000F8B5471C06460D4600D1FEE700F00F021C
:106E1000414BC0F3031053F82240FFF795FB94FA5F
:106E2000A4F3B3FA83F3876803225B0002FA03F347
:106E300094FAA4F2B2FA82F227EA0307520003237B
:106E400093403B4305F007018360032903D8DFE843
:106E500001F05F032C61FEE7012394FAA4F2B2FA79
:106E600082F206685200032707FA02F226EA0206B7
:106E700094FAA4F2B2FA82F25200934001393343F9
:106E80000129036005D843682A074CBF2343A34365
:106E90004360C5F30112012A02D0022A18BF002262
:106EA0002146BDE8F840FFF787BFC5F306227F2AD9
:106EB00001D10223D1E7360716D5230A93FAA3F6A8
:106EC000B6FA86F6476A93FAA3F3B6004FF00F0CB2
:106ED000B3FA83F30CFA06F69B0027EA060602FAD9
:106EE00003F333434362E4E794FAA4F3B3FA83F37E
:106EF000066A9B000F2707FA03F326EA030694FAB3
:106F0000A4F3B3FA83F39B009A4032430262D0E7C2
:106F10000023A2E70323A0E79C440208431C06D1F8
:106F20007047834202D18968FFF76ABF0C310B6852
:106F30005A1CF6D1FEE70B685A1C01D1002070479D
:106F4000834201D1486870470C31F4E7431C01D0FB
:106F5000FFF7F1BF002070474B6813B94FF0FF30C7
:106F60007047834201D1086870470C31F4E708B1DB
:106F7000FFF7F2BF4FF0FF30704703460868421C2E
:106F800000D17047984201D1886870470C31F5E70D
:106F9000431C01D0FFF7F1BF704703468B42084600
:106FA00004D01BB100290CBF184600207047000018
:106FB0004FF0B0431A6842F061021A604FF4E022C9
:106FC0009A6061221A60064ADA6000229A6140F2F1
:106FD0003F321A62034B4FF000629A60704700BF65
:106FE0000001042200ED00E04FF0B04382B01A6EC1
:106FF00002431A661B6E03400193019B02B0704767
:10700000043870470368124A934282B004D14FF4A7
:10701000006002B0FFF7E8BFB3F1804F0CD14FF032
:10702000B0439A6D42F001029A659B6D03F0010333
:107030000193019B02B07047064A934202D14FF47C
:107040000030E6E7044A9342F4D14FF48020E0E7B1
:10705000002C014000440140004801400368134AED
:10706000934206D14FF0B042136E23F400631366CF
:107070007047B3F1804F06D14FF0B042936D23F0CB
:107080000103936570470A4A934205D14FF0B0421D
:10709000136E23F40033EAE7064A9342E8D14FF037
:1070A000B042136E23F48023E1E700BF002C0140BF
:1070B0000044014000480140431C10D00C4B984252
:1070C00010D007D8B0F1804F0ED0A3F5C05398422E
:1070D0000CD0FEE7074B9842FBD11D2070476FF0A4
:1070E0000D0070471C2070471B2070471820704708
:1070F0000044014000480140431C10D00C4B984212
:1071000010D007D8B0F1804F0ED0A3F5C0539842ED
:107110000CD0FEE7074B9842FBD11D2070476FF063
:107120000D0070471C2070471B2070471A207047C5
:10713000004401400048014038B50446FFF762FFB3
:107140002068FFF7B9FFD4E91312FAF70BFE2068A5
:10715000FFF7B2FFFAF738FE22681046FFF7CCFFC0
:1071600005461046FFF7A8FF85420BD02846D4E914
:107170001312FAF7F7FD2068FFF7BEFFBDE83840AD
:10718000FAF722BE38BD10B5FFF768FF0446006865
:10719000FFF792FFFAF726FE2068FFF7ADFFBDE884
:1071A0001040FAF71FBE0000431C10D00A4B984253
:1071B0000BD003D8B0F1804F0BD0FEE7074B9842BD
:1071C00003D003F580639842F7D102207047002076
:1071D00070470120704700BF002C0140004401406F
:1071E0004FF0B042D2F8883023F440630343C2F832
:1071F0008830704708B5074B90F8B12053F822004B
:10720000FEF7F4FA00F02200A0F1220358425841A0
:1072100008BD00BFC803002008B5074B90F8B12097
:1072200053F82200FEF7E2FA00F02100A0F121035A
:107230005842584108BD00BFC803002070B50E4633
:10724000054610B94FF0FF3070BDFFF7D3FF04467D
:107250000028F7D12946012211F8B23F337095F882
:10726000B100034B53F82000FEF710FE2046EBE779
:10727000C803002038B50D460446C0B1FFF7BAFF79
:10728000A8B994F9B000C4F89850FAF7ABFD94F897
:10729000B100074B04F1B20153F820000122FEF7C0
:1072A000F5FD94F9B000BDE83840FAF78DBD38BD62
:1072B000C803002038B515460446C8B1C0F89C1074
:1072C00090F9B000FAF78EFDD4F8B830B4F8C210D7
:1072D00094F8B10013FA81F1064BAAB253F82000DA
:1072E000FDF7F6FD94F9B000BDE83840FAF76CBD43
:1072F00038BD00BFC803002050B1D0F8A43001331E
:1073000006D190F8B120034B53F82200FEF722BAC1
:10731000704700BFC803002050B1D0F8A43001333B
:1073200006D190F8B120034B53F82200FEF738BA8B
:10733000704700BFC8030020D0F8943004381847C5
:10734000D0F898300438184710B5044650F804397E
:10735000DA69D1070CD501221A62FFF74BFFB0B9E9
:1073600004F1AE0120460122BDE81040FEF78EBDBB
:10737000DA69920701D50222EEE7DA69510701D5F1
:107380000422E9E7DA691207E7D50822E4E710BD2D
:1073900008B52420FAF75EFD024B1868BDE80840E6
:1073A000FDF7F2BDC803002008B52520FAF752FD0D
:1073B000034B586818B1BDE80840FDF7E5BD08BDAE
:1073C000C803002008B52620FAF744FD024B986850
:1073D000BDE80840FDF7D8BDC8030020012200F138
:1073E000AE01FEF753BD000003681C4A934211D161
:1073F0004FF0B043D3F88800194B00F0030040F47D
:107400004030984228D0B0F1031F14BF0020012063
:10741000C0037047134A93420DD14FF0B043D3F8E5
:107420008800114B00F00C0040F44020984213D02B
:10743000B0F10C1FE9E70D4A93420BD14FF0B04376
:10744000D3F8880000F44060B0F5006F04D0B0F5C8
:10745000406FDAE700207047054870470038014068
:10746000020003000044004008000C0000800040BF
:107470000024F40001462DE9F047FFF7B5FF0A6844
:10748000234B4D68234F9A42064626D1DFF8888069
:10749000DFF888A04FEA5509002438F8023B37F896
:1074A0001320002319463046F9F7CEFE090241EABF
:1074B0001061000210EB090041F100012A4600238F
:1074C000F9F7C2FEA0F54070504503D901340C2CE9
:1074D000E3D100242046BDE8F0870F4AC8690024A4
:1074E00069084FF6EF7C32F8023BB0F5004F37F8F1
:1074F0001330B6FBF3F30CBF01EB43035B18B3FB94
:10750000F5F3103B6345E5D901340C2CEBD1E0E7F2
:1075100000800040E04302087C450208FFFC0F00A9
:107520002DE9F04F8BB0CDE901239DF85430039342
:107530009DF8583004939DF85C3005938B460446C3
:1075400018B900200BB0BDE8F08FB249D0F8A00008
:10755000FFF7FCFCB0498246D4F8A400FFF7F6FC24
:10756000AE490646D4F8A800FFF7F0FCAC49074640
:10757000D4F8AC00FFF7EAFCA7498046D4F8A00095
:10758000FFF7E4FCA3498146D4F8A400FFF7DEFC32
:107590000546BAF1000F02D1B9F1000FD1D0D4F8ED
:1075A000A430013302D00EB9002DCAD0D4F8A830CF
:1075B000013301D0002FC4D0D4F8AC30013302D055
:1075C000B8F1000FBDD031465046FFF7E6FC206011
:1075D00020B929464846FFF7E0FC2060394620687C
:1075E000FFF7DBFC41462060FFF7D7FC2060002856
:1075F000A7D08C4B984240F0C1804FF0B0431A6C3A
:1076000042F480421A641A6C22F480421A641A6EA0
:1076100042F480421A661B6E03F480430793079B73
:107620000022242384F8B12084F8B030BAF1000F8E
:1076300000F0DD807749D4F8A000FFF76FFC002E42
:1076400040F0CF804FF00009002F00F0F380734925
:10765000D4F8A800FFF762FC4FF4807AB8F1000F6D
:1076600006D06F49D4F8AC004AF4007AFFF756FC14
:1076700094F8B1206C4B271D43F822702368C4E9AD
:10768000013B019BE360149B2361029B63610C231C
:10769000C4E9063A002323623846FFF7EBFE0823CD
:1076A0000C28E362039BC4F83C9028BF0020A06232
:1076B00023B10A23E3624FF480336363049B33B145
:1076C000E36A43F00103E3624FF400332363059B55
:1076D00033B1E36A43F00403E3624FF48023A3630E
:1076E000002294F9B00062620121FAF73BFBD4F862
:1076F00000804E4B984539D1BBF5165F384600F2F5
:107700009B80FEF7E7FB3846002E00F0AA80FEF7CC
:10771000CFFA002800F0B3800220FFF724F94FF0E1
:10772000B043D3F890309B0700F1AB804FF0B043EB
:1077300022681B68590500F1DD8022683B4B9A42A4
:1077400002D10020FFF74CFD16B9002D00F0BE80DD
:107750003846FEF7ADFA002800F091802268334BDE
:107760009A4203D14FF48060FFF73AFD16B9002D1D
:1077700000F0B5803846FEF79BFAB3E02C4B9842F8
:1077800015D14FF0B0439A6B42F400329A639A6B72
:1077900022F400329A639A6D42F400329A659B6D2E
:1077A00003F400330893089B012225233AE71F4B7B
:1077B00098427FF4C6AE4FF0B043DA6B42F001025C
:1077C000DA63DA6B22F00102DA63DA6D42F0010269
:1077D000DA65DB6D03F001030993099B022226237E
:1077E00020E70D49D4F8A400FFF798FB2AE7B9F188
:1077F000000F3FF427AF0849D4F8A000FFF78EFB35
:1078000015B94FF400491FE70249D4F8A400FFF767
:1078100085FBF6E714410208C0400208A8400208B0
:107820009040020800380140C8030020008000405A
:1078300000440040BA4611E7FEF762FBBEB138468D
:10784000FEF736FAD8B14FF0B0431A6823685005F6
:107850007FF573AF434553D14FF40060FFF7C0FC91
:107860004BE0002D7FF453AFFEF752FA51E7002DA5
:107870003CD13846FEF74CFA00287FF457AF012080
:1078800060E62268244B9A4203D14FF44060FFF730
:10789000A7FC5EBB55BB3846FEF73AFA0028EED08F
:1078A0004FF0B04322681B685B057FF546AF1A4B6B
:1078B0009A42D1D03846FEF72BFA0028DFD0226852
:1078C000154B9A4202D10020FFF78AFC3846FEF79A
:1078D0001FFA0028D3D022680F4B9A4217D038469F
:1078E000FEF716FAB0FA80F040092BE63846FEF7AC
:1078F000DFF9C1E7084B9A42AED00EB9002DD9D0BE
:107900003846FEF7D5F900287FF417AFB7E74FF4F4
:107910008060FFF765FCE2E7008000401FB50B4B7D
:107920000B495C692046FFF711FB002358B1094859
:107930001A46C0F8A0404FF41651CDE90233CDE904
:107940000033FFF7EDFD04B010BD00BF7443020823
:1079500014410208440000202DE9F0472A4D064654
:107960000C46F9F79BFD95F8B130022B074613D86A
:1079700095F8B120254B53F82250A5F10408404654
:10798000FFF74AFCC0BB4FF47A73A2B231462846D7
:10799000FEF7D8F840B908E01D4B1E49D3F8148013
:1079A0004046FFF7D3FA08BB00242046BDE8F08725
:1079B0005AF8233043B995F8B1300133DBB2022BCA
:1079C00085F8B130F4D90CE049464046FFF7BEFADD
:1079D00095F8B1205AF822301B688342EBD1022A75
:1079E000C6D9FFF79BFF0028C2D1DDE7DFF81CA056
:1079F000DFF820900023E2E7F9F750FDC01BB0F557
:107A00007A7FBCD3D0E700BF44000020C803002029
:107A100074430208144102080A490346086810B575
:107A20000344EFF30882934205D9074B0C221A60F6
:107A30004FF0FF3010BD054A054C121B9342F4D2A3
:107A40000B60F7E70C010020807E00200000012081
:107A5000000400004FF0FF3070474FF400534B60BC
:107A600000207047012070470020704700207047B9
:107A7000FEE70000024B16221A604FF0FF307047FD
:107A8000807E002001207047054B1B688B4221BF80
:107A9000036801330360002038BF6FF03300704784
:107AA000D403002070B50D460446164611462846FC
:107AB0000FF0FDFD20460123324629460FF0E1FD7F
:107AC000204670BD10B50024C0E90142024A0160A1
:107AD000C160026110BD00BFE755020813B5002464
:107AE0000549019401AA0C3010F05DFD10B9019810
:107AF00002B010BD2046FBE7897A000803464068C3
:107B000010B500B91868C468FFF7E8FFE369584387
:107B100048BF00F2FF30801210BD436803B903680C
:107B2000DA68D2E90730584348BF00F2FF308012CC
:107B3000704710B50968044600230FF0A2FD2046E7
:107B400010BD10B5114604461A4600230FF099FDEA
:107B5000204610BD00680FF0AABD084611460FF080
:107B6000A6BD10B50446D0E900031BB9BDE810401E
:107B70000FF063BD0FF061FD08B16068F6E710BD5E
:107B80000A460C30014907F0DDBF00BF94450208EA
:107B90000A460C30014907F0FDBF00BF94450208BA
:107BA00030B5CBB014461D460A460023016802A832
:107BB0000FF067FD02A80FF0E5FE002800F0AD8091
:107BC0000422214602A80FF042FE2022211D02A815
:107BD0000FF03DFE0422694602A80FF038FE08228D
:107BE00029460DEB02000FF032FE08224E990DEBF4
:107BF00002000FF02CFE042204F1240102A80FF071
:107C000026FE012204F1280102A80FF020FE012225
:107C100004F1290102A80FF01AFE012204F1460125
:107C200002A80FF014FE012204F12B0102A80FF0AC
:107C30000EFE042204F12C0102A80FF008FE01221E
:107C400004F1300102A80FF002FE012204F131011B
:107C500002A80FF0FCFD012204F1320102A80FF08E
:107C6000F6FD012204F1330102A80FF0F0FD042219
:107C700004F1340102A80FF0EAFD012204F13C01F5
:107C800002A80FF0E4FD012204F12A0102A80FF07E
:107C9000DEFD012204F1470102A80FF0D8FD012208
:107CA000694602A80FF0D3FD042204F1380102A8AE
:107CB0000FF0CDFD012204F13D0102A80FF0C7FD38
:107CC000012204F13E0102A80FF0C1FD042204F1DB
:107CD000400102A80FF0BBFD012204F1440102A8FB
:107CE0000FF0B5FD012204F1480102A80FF0AFFD2D
:107CF000012204F1450102A80FF0A9FD1F2204F1A1
:107D0000490102A80FF0A3FD102204F1680102A8A6
:107D10000FF09DFD02A80FF0EDFD4BB030BD00004F
:107D2000F0B50F464168ADF5097D01B90168424AD9
:107D300040A800230FF0A5FC40A80FF023FE002868
:107D400076D012A805F0A7F9202202A940A80FF0CA
:107D50007EFD2028024668D11AA940A80FF077FDC1
:107D6000202862D1012222A940A80FF070FD01282D
:107D700002465AD10DF1890140A80FF068FD012893
:107D8000024652D10DF1070140A80FF060FD012815
:107D900005464AD1042237A940A80FF058FD04280F
:107DA000044642D12A460DF18A0140A80FF04FFD4A
:107DB00001283AD1224633A940A80FF048FD0428F3
:107DC000044632D1402223A940A80FF040FD4028AC
:107DD0002BD1224634A940A80FF039FD042824D124
:107DE000042235A940A80FF032FD042802461CD118
:107DF00036A940A80FF02BFD042816D102AD0FCDF7
:107E00000AAC0FC495E80F0084E80F000AAE0FCE4D
:107E100012AD0FC594E80F0085E80F003B6812A96A
:107E20001B683846984700288BD140A80FF062FDA8
:107E30000DF5097DF0BD00BF9A45020870B50C46EE
:107E40004168DAB001B90168184A12A800230FF09E
:107E500018FC12A80FF096FDD8B10025042269463F
:107E600012A80FF0F4FC0428EEB20FD120220DF17D
:107E7000250112A80FF0EBFC2028024606D10DF1D7
:107E8000050112A80FF0E3FC202804D012A80FF07F
:107E900031FD5AB070BD236801AA9B683146204667
:107EA00098470028F2D00135D8E700BFA545020861
:107EB00070B50D464168F6B01E4601B90168134A17
:107EC00000232EA80FF0DDFB2EA80FF05BFD04466B
:107ED00098B9204676B070BD072202A928461AF04C
:107EE000CCFF50B99DF80F4004A9224630461BF044
:107EF00058F92EA80FF0FEFCEBE7B42201A92EA83A
:107F00000FF0A5FCB428E7D00024F2E7B045020842
:107F10000120704710B5CCB0CDE900230C465E4A75
:107F2000016804A8FFF7BEFD04A80FF02BFD002890
:107F300000F0AF8000230422214604A8CDE90233DB
:107F40000FF0C9FB2022211D04A80FF0C4FB04225E
:107F500002A904A80FF0BFFB0822694604A80FF08D
:107F6000BAFB08224EA904A80FF0B5FB042204F1C5
:107F7000240104A80FF0AFFB012204F1280104A89A
:107F80000FF0A9FB012204F1290104A80FF0A3FBC3
:107F9000012204F1460104A80FF09DFB012204F127
:107FA0002B0104A80FF097FB042204F12C0104A874
:107FB0000FF091FB012204F1300104A80FF08BFBBC
:107FC000012204F1310104A80FF085FB012204F124
:107FD000320104A80FF07FFB012204F1330104A851
:107FE0000FF079FB042204F1340104A80FF073FBB5
:107FF000012204F13C0104A80FF06DFB012204F101
:108000002A0104A80FF067FB012204F1470104A82C
:108010000FF061FB012202A904A80FF05CFB04220F
:1080200004F1380104A80FF056FB012204F13D01D0
:1080300004A80FF050FB012204F13E0104A80FF048
:108040004AFB042204F1400104A80FF044FB012282
:1080500004F1440104A80FF03EFB012204F14801A1
:1080600004A80FF038FB012204F1450104A80FF029
:1080700032FB1F2204F1490104A80FF02CFB10224F
:1080800004F168010DEB02000FF025FB04A80FF0CE
:1080900031FC4CB010BD00BFBB450208F7B504462B
:1080A0000D460068164916461F460FF0F4FA40B117
:1080B0001349009733462A462046FFF771FD03B067
:1080C000F0BD104920680FF0E6FA0028F7D03346DB
:1080D0002A4620460B490097FFF762FDD7E90023A7
:1080E000CDE9002329462046D6E90023FFF712FFF9
:1080F0000449206803B0BDE8F0400FF0D8BA00BFD3
:10810000BB450208C64502082DE9F0410C4641680E
:10811000F8B0154601B901683E4A30A8FFF7C2FC25
:1081200030A80FF02FFCE8B102A804F0B4FF002340
:108130008DF807300127236802AA5B68791E204664
:10814000984760B11DB102A8A84700285FD020223F
:1081500002A930A80FF0BFFA2028024605D030A8A7
:108160000FF0C8FB78B0BDE8F0810AA930A80FF085
:10817000B2FA2028F3D1012212A930A80FF0ABFAED
:1081800001280246EBD10DF1490130A80FF0A3FA06
:1081900001280246E3D10DF1070130A80FF09BFA48
:1081A00001288046DBD1042227A930A80FF093FADA
:1081B00004280646D3D142460DF14A0130A80FF0FB
:1081C0008AFA0128CBD1324623A930A80FF083FACE
:1081D00004280646C3D1402213A930A80FF07BFA29
:1081E0004028BCD1324624A930A80FF074FA0428E4
:1081F000B5D1042225A930A80FF06DFA0428024653
:10820000ADD126A930A80FF066FA0428A7D101370E
:1082100091E700BF9A45020830B50D464168DBB0D2
:1082200001B90168174A12A8FFF73CFC12A80FF029
:10823000A9FB90B1002400942B6801AADB68E1B28D
:108240002846984730B10422694612A80FF043FA35
:10825000042804D012A80FF04DFB5BB030BD2022E3
:108260000DF1250112A80FF036FA20280246F1D1AF
:108270000DF1050112A80FF02EFA202804F10104D7
:10828000DAD0E7E7A545020810B54168F6B001B9B4
:1082900001680D4A2EA8FFF705FC2EA80FF072FB0F
:1082A00078B1B422002101A81AF011FE1424B422DE
:1082B00001A92EA80FF00FFA013CF8D12EA80FF05B
:1082C00019FB76B010BD00BFB045020810B50446DA
:1082D000406800B9206805490FF0DDF920B9204653
:1082E000BDE81040FFF7D0BF10BD00BFB045020889
:1082F000436803B90368DB681A6A024B1A60FFF728
:10830000E5BF00BFD40300202DE9F04FF7B09A4637
:108310009DF80092A9F16403422B06460C4604D94D
:108320000025284677B0BDE8F08FFFF7CFFF7168D2
:1083300001B93168254A01232EA80FF0A2F92EA811
:108340000FF020FB05460028EAD000212EA80FF0F0
:108350009CFA00274FF0FF3BB846B42201A92EA893
:108360000FF075FAB42820D02068A288A379029073
:108370005146ADF80C2004A84A468DF80E301AF08C
:1083800010FFB0688DF80F9003681B689847394656
:1083900001902EA80FF079FAB42201A92EA80FF0AF
:1083A0009AF92EA80FF0A6FABBE7072202A92046E9
:1083B0001AF063FD38B1019B5B453CBF47469B46C5
:1083C00008F1B408C9E74746CEE700BFB045020848
:1083D000BFF34F8F0549064BCA6802F4E0621343AE
:1083E000CB60BFF34F8F00BFFDE700BF00ED00E0A3
:1083F0000400FA0570477047704700000048704756
:10840000E7550208002070470048704780EE3600AC
:108410007047704700F5A040D0F85806704700201C
:10842000704700F5A04090F88206704700F5A04024
:1084300090F88306C04300F00100704700F5A040AB
:1084400090F89C0600F00100704700F5A04090F8FD
:10845000A00670470020704700F5A04090F89E06E7
:10846000003818BF0120704708B50846F8F722FC0D
:108470004FF08341F8F776FC0249F8F76BFBF8F709
:1084800073FE08BD0000FA4338B508461446F8F7F5
:1084900011FC0B49F8F766FC0A49F8F75BFB04F09E
:1084A0003F040546601CF8F709FC01462846F8F72A
:1084B00059FC0549F8F74EFBF8F756FE38BD00BFEA
:1084C0000000C04000007A430000FA43704790F873
:1084D0004000003818BF012070472DE9F74F0546CE
:1084E0009DF830009DF83C6000F0030B46FA0BFB52
:1084F00006F10C075F4407F101098846B9F1B10F95
:108500000D9901910E9941DC05F5A0444FF0890CBD
:1085100084F81DC845F6290A4FF0000CC4F8253828
:1085200084F81EC884F81F6884F82008C4F821283D
:1085300005EB0A0032461AF034FE06EB0A005A46F2
:10854000019928441AF02DFE98F90201F8F7B6FBBC
:108550004FF07A51F8F706FC4FF08141F8F702FC32
:10856000F8F7DCFD2F4445F61D06B855D4F8E406AF
:108570000368DB68984748B1D4F8E40603685B6990
:108580004A46A91903B0BDE8F04F184703B0BDE84B
:10859000F08F000000F5A04070B5D0F88C560C4666
:1085A000284600211646F8F785FDD8B921460E4821
:1085B000F8F7CEFA0146284618F012FCF7F724FF28
:1085C0000A4B0022F7F7C0FD044630460D46F7F788
:1085D000F9FE02460B4620462946F7F76DFFF8F7ED
:1085E0001BFA70BD0020FCE79A99593F0000F03F4C
:1085F00038B500F5A045812385F81D3800F5B04356
:1086000004461E3301F1200251F8040B43F8040B19
:108610009142F9D1D5F8E406036804F5B0415B69ED
:1086200021221D31984741F28831204604F084FA16
:10863000C5F8580738BD2DE9F04100F5C746044696
:108640000D46703600270422314628461AF015FCE4
:10865000804650B10137082F06F10C06F3D12946A8
:108660002046BDE8F04107F079B804F5A046822322
:1086700086F81D382B68C6F81E38606D03681B68C5
:1086800098470C2303FB074746F2EC3304F5B0414F
:10869000FB58C01AC6F82208D6F8E4060368092277
:1086A0005B691D31984746F2F03347F8038046F284
:1086B000F433F858BDE8F08117F0B6BE07F0A5B95D
:1086C000A0F5AC40A0F15000F8E700002DE9F14F13
:1086D00000F5A0449846D4F8D036D2F8009005466C
:1086E0000E461746002B50D000F5AD400422503006
:1086F0001AF0C3FB8246002847D1C4F8D0064F4980
:108700000222381D1AF0B9FB45F61F0805EB080BCD
:1087100060B9852384F81D3884F81E08336845F84D
:108720000830B388ABF8043008221DE03B7933BB36
:108730007B791A011BB13146284606F048FF852394
:1087400084F81D38BB7984F81E38336845F8083042
:10875000B388ABF80430C4F82598FB7984F829383D
:108760003B7B84F82A380E22D4F8E40603685B6960
:1087700005F5B0411D3101B0BDE8F04F1847862323
:1087800084F81D3884F81EA8C8E7B8F1040F51D941
:10879000D4F8D43623B305F5AD4004223146543025
:1087A0001AF06BFBE0B98723C4F8D40684F81D38AF
:1087B00084F81E0845F61F033168E950EA1805F5EC
:1087C000B040B3889380391DA8F1040225301AF017
:1087D000E8FCD4F8E406036808F104025B69C7E723
:1087E000D4F8D8364B4508D100238B22C4F8D836AC
:1087F00084F81D2884F81E38DCE7D4F8E0364B45B1
:1088000018D100238C2205F5B040C4F8E03684F876
:108810001D2884F81E38A8F10402C4F81F98391DD9
:1088200023301AF0BEFCD4F8E406036808F1020213
:108830005B699DE701B0BDE8F08F00BFD24502083B
:108840002DE9F14F90469DF83020DDF828A09DF8E5
:108850002C90012A04460D469DF838000D991E46BD
:1088600046D1042844D904F5A047D1F800C0D7F870
:10887000DC3663453CD14FF0000BC7F8DCB6304620
:1088800005F057FB80B3484605F053FB60B38D23DA
:1088900087F81D3887F81EB845F61F032968E15090
:1088A000E21845F6260BAB88938051464A4687F876
:1088B000259804EB0B0005F04CFB2318054600F54A
:1088C000B040273003F80B6032464146204405F0A3
:1088D00040FBD7F8E43619682A184D6904F5B04111
:1088E0000A321D311846A847002001B0BDE8F08FBC
:1088F000CDE90D10CDE90B9233464246294620467C
:10890000CDF828A001B0BDE8F04F05F0C0BE06F0DC
:108910005CBFA0F5AC40A0F15000F8E707F088B8C4
:10892000A0F5AC40A0F15000F8E707F0BCB8A0F506
:10893000AC40A0F15000F8E710B400F5A0409DF85D
:1089400004400194D0F8540610BCFFF7DDBC08B514
:1089500000F5A040D0F85406FFF7AAFA08BD0000C1
:1089600000F5A04090F88336DB070CD50139C9B279
:1089700003290AD8064B5A5C90F89C361A4214BF59
:10898000012000207047012070470020704700BF81
:108990000D48020870B500F5A0450446D5F8E40678
:1089A0000368DB68984768B1D5F8E406902385F83A
:1089B0001D38036804F5B0415B69BDE870400122D1
:1089C0001D31184770BD2DE9F04700F5A04504465C
:1089D000D5F8E406089E1F460368DB688946904682
:1089E000984720B3AD2E22DC882385F81D384FF040
:1089F00081414846F8F7B6F9F8F790FB85F81E086C
:108A00004046F8F78BFB85F81F0804F5B040324666
:108A1000394620301AF0C5FBD5F8E406036804F5A2
:108A2000B041F21C5B69BDE8F0471D311847BDE855
:108A3000F0874B88AD2B70B504460D4635D800F550
:108A4000A0468E2386F81D38006D03689B6B9847FF
:108A50004FF08141F8F786F9F8F760FB86F81E08B9
:108A6000206D03685B6B9847F8F758FB86F81F0882
:108A7000AB8886F8203804F5B0406A8805F14A01D1
:108A800021301AF08EFBD6F8E4066D880368DB68A7
:108A9000984750B1D6F8E406036804F5B0412A1DA2
:108AA0005B69BDE870401D31184770BD4B88AD2B28
:108AB00070B504460E4635D800F5A045842385F8E8
:108AC0001D38006D03689B6B98474FF08141F8F7A4
:108AD00049F9F8F723FB85F81E08206D03685B6BE6
:108AE0009847F8F71BFBFF2385F81F0885F8203807
:108AF00004F5B040728806F14A0121301AF051FBAA
:108B0000D5F8E40676880368DB68984750B1D5F855
:108B1000E406036804F5B041321D5B69BDE87040AE
:108B20001D31184770BD70B500F5A04605462022DE
:108B3000D6F854060C46FFF7EBF9D6F8E4060368BE
:108B4000DB689847C8B18F2386F81D3805F5B04318
:108B500021461E3304F1200251F8040B43F8040BA4
:108B60009142F9D1D6F8E406036805F5B0415B6996
:108B7000BDE8704021221D31184770BD4B6843602D
:108B80008B688360CB68C3600B6903610B7D0375E1
:108B90008B698361CB69C3611F3100F1200300F54C
:108BA000907011F8012F03F8012B8342F9D170471F
:108BB0008B889A0903F03F0310B502FB0333044688
:108BC0004A88006D52FA83F1036802319B68984726
:108BD000F8F770F80649F8F7C5F8F8F7C5FA00EBAA
:108BE0008000421C0021206EBDE8104005F079BADB
:108BF000CDCC4C3E8B889A0903F03F0310B502FBA5
:108C0000033304464A88006D52FA83F10368023147
:108C10009B689847F8F74EF84FF07C51F8F7A2F8A8
:108C2000F8F7A2FA00EB8000421C0021206EBDE89C
:108C3000104005F056BA2DE9F041044640689DF811
:108C400018701D460368DB6B16469847606803681A
:108C50002946D3F8E8309847606803683146D3F86E
:108C6000E43098473946606800220BF018FD6068D0
:108C700084F824500368082D1B6EBDE8F0418CBFBA
:108C8000102120211847000038B50C2017F04EFAAB
:108C900008250024C32017F067FA013D0444F9D1E8
:108CA0002046F7F78FFB0EA3D3E90023F7F704FC68
:108CB0000D4B0022F7F700FC0C4B0022F7F7FCFBF2
:108CC00000224FF07F53F7F7F7FB094B0022F7F72D
:108CD000F3FBF7F7C9FE80B238BD00BFAFF30080E9
:108CE000AE47E17A14AEFB3F0000144000408F40D5
:108CF0000000303F00F5A0400023C0F8E036C0F887
:108D0000DC36C0F8D836C0F8D436C0F8D036704754
:108D100073B5094BD3E90445CDE9004500F5A046FC
:108D200000F5AC41D3E90223D6F854065831FFF7D9
:108D3000F1F802B070BD00BF1076002007B500F555
:108D4000A0400023D0F8E4068DF804300368012227
:108D50005B6901A9984703B05DF804FB07B500F50E
:108D6000A0400123D0F8E4068DF8043003688DF8A4
:108D700005105B69022201A9984703B05DF804FB66
:108D80002DE9F04100F5A04500F5B04385F81D1828
:108D9000064614461E3302F1200152F8040B43F834
:108DA000040B8A42F9D194F8403085F83E3894F8A3
:108DB000413085F83F3894F8423085F8403806F560
:108DC000B04304F14402413304F1840052F8047BBF
:108DD00043F8047B8242F9D106F5B14020220130EC
:108DE00007F059F8D4F88430C5F8A138D4F88C309D
:108DF000C5F8A538D4F89030C5F8A938D4F888302B
:108E0000D5F8E406C5F8AD38036806F5B0415B69EE
:108E1000BDE8F04194221D3118472DE9F74F00F5C8
:108E2000A0490546D9F8E40698460368DB680E4673
:108E30009246984700286FD0BAF1000F42D03246D0
:108E40008A212846FFF79CFF0C9B002B5BD04046F5
:108E500005F06FF8002856D005F5C844503405F5E4
:108E6000D64B27460BF1100B4FF0FF33072231464C
:108E7000384601931AF001F800285FD0BA6A019BC6
:108E80009A4238BF3C4607F16C0738BF13465F452E
:108E9000ECD133682360B388A380B379A37106F162
:108EA000200104F108001AF074F9E86D03681B68EA
:108EB00098470C99A062424604F12C0005F058F83E
:108EC000E07137E0802389F81D3805F5B04332465C
:108ED0001E3306F1200152F8040B43F8040B8A42BA
:108EE000F9D1D9F8E406036805F5B0415B692122A0
:108EF0001D3198470C9B4BB941F28831284603F04D
:108F00001BFEC9F8580703B0BDE8F08F404605F0D6
:108F100010F80028A0D1EFE7D9F8E80618B10368E7
:108F200004219B6898470C9B23B1404605F001F84B
:108F3000002891D1BAF1000FE5D1DDE73C46A8E762
:108F4000F0B5059C581C0D4603F1210650F8047B32
:108F500045F8047BB042F9D193F8210081F8400034
:108F600093F8220081F8410093F8230081F8420031
:108F700001F1440503F1240003F1640650F8047B79
:108F800045F8047BB042F9D101F1200503F18406D4
:108F900050F8047B45F8047BB042F9D1D3F8840043
:108FA000C1F884008F2C0CDDD3F88800C1F88C0048
:108FB000D3F88C00C1F89000932CC4BFD3F8903044
:108FC0001360F0BD43781B2B9DBF0448184100F08F
:108FD0000100012080F00100704700BFFFFEFDF797
:108FE0002DE9F04700F5A0490546D9F8D8480F2CDF
:108FF0008846174645F6DC0633DD06444FF0000987
:109000003046FFF7DFFF20B34FF0B10AA4EB0902AF
:109010000AFB09F00AFB02F245F6DC0600F5B34153
:10902000B13A4C45D8BF002230440D31013C2944AF
:109030000AFB04F4284419F030FF2B1904F5B1445D
:109040009F555D343A4641462819BDE8F0471AF06D
:10905000A8B809F101094C4506F1B106D0D1BDE827
:10906000F087B1235C43031904F5B1445D349A558C
:1090700020441AF096F8D9F8D8380133C9F8D8380E
:10908000EDE700002DE9F04F00F5A0449B4694F871
:109090004F3795B0022BDDF878A005468846174675
:1090A00077D9112384F81D3892F90201F7F706FEEB
:1090B0004FF07A51F7F756FE4FF08141F7F752FE25
:1090C000F8F72CF8002384F81E0884F81F3884F879
:1090D000203804264146284606F0D0FCAB1945F658
:1090E0001D01804658543878721C80072A4454BFAA
:1090F00097F804904FF0FF0902F8019045F61F021F
:109100000021995445F62002504643F802B0F8F782
:10911000BFF806F1070B0BEB0003B02B06F5B046CA
:10912000074606F12406C8BFCBF1B0073A465146C0
:10913000A8191AF036F805F5B041284607EB0B02DE
:109140001D31FFF74DFFD4F8E4060368DB6898474C
:1091500020B38323D4F8E4068DF80C300368012291
:109160005B6903A9984703AA5FFA88F1284606F0CD
:109170004CFCE0B90F4AD4F8E80638B10368D4F8DB
:10918000D81800915C6849465346A04715B0BDE821
:10919000F08F082384F81D3801269BE7D4F8E806F1
:1091A0000028E0D0036802219B689847DBE70DF1B7
:1091B0002D02E0E7D54502082DE9F7430B9DA72DC9
:1091C0000646894690461F4650D800F5A0441B230A
:1091D00084F81D3892F90201F7F770FD4FF07A51CB
:1091E000F7F7C0FD4FF08141F7F7BCFDF7F796FFA9
:1091F000002384F81E0884F81F3884F82038494674
:10920000304606F03BFC84F8210898F800309B07B4
:1092100058BF98F8043084F8237848BFFF233F0AEA
:1092200084F8223884F8247884F825580DB306F59C
:10923000B0402A460A99263019F0B3FF05F1090219
:1092400006F5B04130461D31FFF7CAFED4F8E406FA
:109250000368DB68984748B1D4F8E40683238DF8A7
:109260000430036801225B6901A9984703B0BDE897
:10927000F0830922E4E770B5044604F5A0460846E9
:10928000D6F8D838002B1CDD96F8DC5804F5B1412F
:109290002A465D3119F085FFD6F8D838B1215A1E1B
:1092A000C6F8D828002B01FB02F204F5B14004F502
:1092B000B341D8BF00220D315C3019F0EEFD2846D5
:1092C00070BD0020FCE72DE9F04F87B09946DDE93D
:1092D000106300F5A044039394F84F37022BDDE9A7
:1092E00012BA05460F46904640F29080102384F84B
:1092F0001D3899F90201F7F7E1FC4FF07A51F7F7C1
:1093000031FD4FF08141F7F72DFDF7F707FF0023FF
:1093100084F81E0884F81F3884F82038042045F6A5
:109320001D014318D7F800E045F803E005EB030CF6
:10933000BB88ACF8043099F800C0831D1CF0020F04
:109340002B440CBF99F804904FF0FF0903F80190EB
:109350002B1845F62401BBF1000F03F8018045F6F8
:1093600025015E5000F10C0608DD00F5B040293003
:1093700003995A46284419F014FF5E445046F7F703
:1093800087FF3318B02B45F61D038346C8BFC6F1CF
:10939000B00BF0185A465146284419F002FF45F622
:1093A0001D03E918284606EB0B02FFF719FED4F857
:1093B000E4060368DB68984748B1D4F8E4068323E1
:1093C0008DF81430036801225B6905A9984718F0ED
:1093D000FD0F20D1D4F8E806E8B10368D4F8D82806
:1093E00000925D6807F1200253464946A847D4F829
:1093F000E4060368DB68984768B9D4F8E8060368B0
:109400009B68012107B0BDE8F04F1847072384F897
:109410001D38012083E707B0BDE8F08FF0B585B0B7
:1094200016461F4604460D4606F053F90A9B039361
:109430000022CDE901220097334629462046FFF756
:1094400042FF05B0F0BDF0B585B016461F46044694
:109450000D4606F03EF90A9B03930023CDE9013344
:1094600000973346012229462046FFF72CFF05B01E
:10947000F0BDF0B5044685B016461F460D4606F011
:1094800028F941F28831204603F056FB04F5A04349
:109490000222C3F858070B9B0393042302930A9BF1
:1094A0002946CDE9007320463346FFF70CFF05B08F
:1094B000F0BD2DE9F043044685B0084688461546C0
:1094C0001E4606F091FC04F5A049074658B199F8EC
:1094D0009F360133DBB232462946204605B0BDE84F
:1094E000F04304F0A0B92946404606F088FC99F8FC
:1094F0009F16ADF80C000131C9B20091334603AAA2
:1095000029462046ADF80E7004F0BAF905B0BDE862
:10951000F0832DE9F04300F5A044984694F8FE3618
:1095200085B00546174653B194F89F360133DBB238
:109530004246394605B0BDE8F04304F074B96B46C5
:1095400004F5D866994604F5DA64306871681A46FD
:1095500003C20836A6421346F7D105F5AE445C3483
:10956000204606F041FC434600280CBF21464946F0
:109570003A462846FFF79DFF05B0BDE8F08300009E
:109580002DE9F8430446042017460D469846FCF79B
:10959000C8FF5E4B036006464020FCF7C2FF102167
:1095A000814606F0F5FB5A4B236033686665C4E9D3
:1095B00013950025C4E904551B686560304698473B
:1095C000012384F82C30534BA364534B2360089B36
:1095D000A4F85850C4E90605C4E90955C4E9105572
:1095E00025626366C4E9178704F16800254603F025
:1095F00061FD4A4B45F8C83B04F59C466836284651
:10960000B83503F048FDB542F9D104F5A647503707
:1096100004F5AC463D4650362846303503F03BFD58
:10962000B542F9D104F5804304F5A045002604F5C0
:10963000A040C3F8686E31464FF40272403019F012
:1096400046FC4FF440723146C5F84862EE63C5F8F7
:109650004C62384619F03BFC314B2360F833C5F8B7
:109660005036099BC5F8543604F5B1400A9BC5F83D
:10967000E836B421C5F8E466C5F8EC6650300DF064
:10968000DBFE2046A5F8FC66C5F8D86885F84F676C
:10969000FFF730FB04F5C04304F5C840C3F84C6441
:1096A0003146C5F85067C5F858674FF4D862503056
:1096B00019F00DFC04F5AE40314610225C3019F073
:1096C00006FC04F5AC435C333146184685F8FE666B
:1096D000742219F0FCFB4FF07E521249C5F858264F
:1096E00019F057FD104BC5F88436104BC5F87C3681
:1096F0004FF4A163A5F88036162385F8883685F8DF
:109700009666C5F898662046BDE8F8831C480208AE
:10971000044E020880EE3600A44E0208684F02088C
:1097200028480208DD45020800007A428D67594446
:10973000F0B5054605F5A0449FB005F1680603F0B5
:10974000EAFDD4F854063146FEF71AFAE8B902A841
:1097500003F076F8602202A9304619F022FD0A27AC
:1097600095F86830013BDBB2FD2B09D902A803F064
:1097700067F8602202A9304619F013FD013FEFD1CE
:10978000D4F854063146FEF703FA042231461BA8EA
:1097900004F0BAFC05F5AC401BA95C3019F0F9FCEB
:1097A000594BD4F8540605F5AC415831A3F10802E1
:1097B000FEF774FCD4F88C6600213046F7F770FC95
:1097C000002840F0988051493046F7F787FC00B1F7
:1097D0004E4EC4F88C66D4F8586600213046F7F730
:1097E0005FFC002840F0898049493046F7F776FC55
:1097F00000B1474EC4F85866D4F87C6645493046F7
:10980000F7F74EFC00287AD143493046F7F766FC5B
:1098100000B1414EC4F87C66D4F884663F493046B6
:10982000F7F73EFC00286CD13D493046F7F756FC6F
:1098300000B13B4E94F88036C4F884660C2B28BFE8
:109840000C23052B38BF052384F8803694F8813625
:10985000D4F85406082B28BF0823052B38BF05234E
:1098600084F8813694F98836162BA8BF16236FF03A
:1098700008029342B8BF134684F8883694F89636A7
:10988000D4F89826012B28BF012384F89636254B5F
:109890009A4294BFC4F89826C4F8983605F5AC46A9
:1098A00005F5804200235036C4F8F8363146C2F838
:1098B000683EFEF735FA284605F09FF91A4A1B491B
:1098C000284606F064F8D4F854063146FEF7B6FA96
:1098D00094F88136009394F88036D4F88426D4F82E
:1098E0007C161348FFF7A7F994F98816104806F07C
:1098F00020FC1FB0F0BD00266BE700267AE7054E7E
:1099000088E7064E96E700BF207600200000A041C1
:10991000000010410000164300401C459A99F94090
:109920000000FA4380510100E4450208FD450208A9
:109930009076002000F5AC405830704700F5A0400C
:10994000D0F8F80670470000084B002218688842DB
:1099500002D85868884206D20132032A03F108036C
:10996000F4D1002070470120704700BF3049020841
:1099700000F5A0400B68C0F8E4161B6808461847BD
:1099800000F5A04300F5AC41024AD3F8540650312B
:10999000FEF7BABBCF84000800F5A040012380F891
:1099A000FD36002380F8FF360149024816F0FAB868
:1099B00004460208447B002037B500F5A04300F5BB
:1099C000AC4193F8943604465C3153B904F020FF5F
:1099D00028B101460022204604F070FA012003B0AD
:1099E00030BD054DD5E90423CDE90023D5E9022397
:1099F00004F026FFECE700BF1076002010B5044607
:109A0000C06C03685B699847002807DC04F5A04434
:109A1000D4F85807003818BF012010BD0120FCE71A
:109A20002DE9F04F00F5A044C5B094F86C77162FDF
:109A300005460E4653D1012913D8B4F86C87B8F106
:109A40003D0F40F0BD863A3F072F00F25C81DFE812
:109A500017F04009500962095A015A015A015A0186
:109A60007B0994F86D3784F84F370D2384F81D383F
:109A700043F20D23A4F81E3845F62502082384F886
:109A800020381044D4F89036C4F821380023AB5065
:109A9000B9494360836019F07CFB05F5B040B749D4
:109AA0002822313006F0F7F905F5B040142259307C
:109AB000B34906F0F0F994F89E3684F86D38D4F87E
:109AC000E40694F89F3684F86E3803685B69522286
:109AD00005F5B0411D3145B0BDE8F04F1847012FE5
:109AE00040F08280072940F2F88445F26C72064407
:109AF0000023B35484F8FC36052384F81D3894F809
:109B0000883684F81F38162384F8203800F5B043CF
:109B100084F81E7800F16802213300F1880152F8C0
:109B2000040B43F8040B8A42F9D1964F90A3D3E972
:109B30000023D7E90401F6F7BFFCF6F76DFF8CA30D
:109B4000D3E900230646D7E90201F6F7B5FCF6F79C
:109B500063FF94F8823684F8493894F8943684F890
:109B60004A3894F88A3694F88B268749C4F8410815
:109B70009B0043EA021394F88926D4F87C06C4F8C3
:109B80004568134384F84B3894F8833684F84C388E
:109B9000F7F7E8F8F7F7E8FA7B49C4F84D08D4F886
:109BA0008406F7F7DFF8F7F7DFFA05F5AC4794F826
:109BB000803684F855385C3794F8813684F8563806
:109BC000C4F851083846F7F763FB0246064605F528
:109BD000B0403946573019F0E4FAD4F8E406036887
:109BE00006F13A025B6973E7022F40F087800D2986
:109BF00040F2738400F5AE410622733194F86DB7DC
:109C000094F86E97D4F86FA705F08BFD8046002876
:109C10006DD0BBF1010F69D805F5AE4707F17907A3
:109C20003E444FF0000306F80D3C06AE1CD1D5F8BB
:109C30005CA0DAF8003050461B689847DAF8043028
:109C40009842024698BF5A1CCAF804204B46CDE9F8
:109C500000764146284605F0E2F9002316930646B1
:109C6000002835D1032173E016ABCDE900730296CD
:109C700001464B465246284605F080F90646002824
:109C8000F0D0169B23B3686D05F5C0470368D7F87D
:109C90004C941B6898470C2202FB095946F2EC339E
:109CA000169949F80300D7F84C3446F2F03002FB1D
:109CB00003520133115046F2F43142F801805A4206
:109CC00002F0070203F0070358BF5342C7F84C34B1
:109CD000771E06237E4284F81D387E41169B84F849
:109CE0001E68C4F81F38069B00F028BD01273946BE
:109CF000284645B0BDE8F04FFFF730B8032F22D11A
:109D000094F86D370BB10121F2E794F86E17D4F88F
:109D10006F7716AA05F079FE08B9022118E005F55B
:109D2000AE437333073E009305F5AC4301965C33B5
:109D300016AA3946284605F0E7F90028EDD028464E
:109D4000FEF7FCFF81E03E2F55D1032904D8062100
:109D50002846FFF703F878E094F86E7794F86D875B
:109D6000384604F0E6F888B9FF2FF0D1032417E055
:109D70000000000080842E41234602082F4602087E
:109D8000414602081076002000007A44FF2FEDD0F3
:109D900005F5AE413A466F3106A804F0DAF8C41C66
:109DA0002B1945F26C72414613F8029045F26D7220
:109DB000284613F802A0A31CB34216AA34BFF61A11
:109DC000002605F022FE0028A7D059EA0A23BED0BB
:109DD000A72EBCDC04F5AE446E342C44CDE900342F
:109DE00002963B4606AA16A9284605F0CDF900289A
:109DF0003FF438AFA3E7042F2AD194F8FC360BB117
:109E0000042175E7042986BFD4F86D37C4F8F0360D
:109E1000C4F8F03602238DF8583000F58043D4F8AA
:109E2000E406D3F8683ECDF85930036805225B6933
:109E300016A99847284605F049FE012384F8FC3608
:109E40000023C4F8EC06C4F8F43645B0BDE8F08F42
:109E5000082F28D1012912D8B4F86C87B8F13D0F2A
:109E600040F0AE844FF03D08192F40F03384052EAA
:109E700000F20384B8F1340F7FF445AFE3E54E1EE2
:109E80001F2E28BF1F2645F25C6400F5AE41324606
:109E90006D3120442E4419F084F9002333552846AF
:109EA000FEF736FF38E00E2F01F06680052F10D147
:109EB000C06D09238DF8583003681B689847CDF8AA
:109EC0005900D4F8E40603685B693A4616A9984736
:109ED000BBE7062F26D1042910D8B4F86C87B8F157
:109EE0003D0F40F06D84022E7FF6ADAD94F86E37D5
:109EF000022B00F2F98184F89F36D0E7C06DD4F8C8
:109F00006D4703681B6898478442C0F0ED81E86D97
:109F1000036821465B689847284645B0BDE8F04F86
:109F2000FEF70CBF072F37D194F8943600F5AC41FB
:109F30005C3103BB04F06CFC0746002800F0CC80C9
:109F4000012E23D994F86D37012B1FD116AA04F5E1
:109F5000D863944604F5DA6418685968164603C64F
:109F60000833A3423246F7D100233A4661462846D9
:109F7000FFF79FFAD0E7AD48D0E90423CDE90023ED
:109F8000D0E90223284604F05BFCD5E700223946DD
:109F9000284603F093FFBFE70D2F15D120299CD948
:109FA00000F5AE4120226D3105F0BBFB002800F02A
:109FB000E087FF2380F8423041F28831284602F0E2
:109FC000BBFDC4F85807A7E7092F38D1232984D946
:109FD00000F5AE4120226D3105F0A3FB0746E86D88
:109FE00003681B68984705F5AE48069008F16C08B1
:109FF00057B14346009606AA39462846FEF7A0FF09
:10A00000069BC7F88830D7E716A803F044F8434604
:10A010002846009606AA16A9FEF792FF069B3893DB
:10A0200028463B9705F0D1FB00283FF41BAE41F2D8
:10A030008831284602F080FDC4F858077FE6122FC9
:10A040000BD80E2F40F25581A7F10F03032B00F21E
:10A050004D81DFE803F0193154A01E2F3ED0152F9B
:10A0600040F24A81262F00F014822B2F00F0F48159
:10A07000B4F86C87B8F13D0F40F08982022E3FF6AC
:10A0800035AF4FF03D086EE200F5AE466D36314615
:10A09000202205F046FB0146002800F06A8728468A
:10A0A00005F0A7FB002800F06487D4F854062022AE
:10A0B0003146FDF72DFF7FE700F5AE416D312022DF
:10A0C00005F02FFB0146002800F05387284605F0D5
:10A0D00095F800287FF420AF032109E600F5AE4192
:10A0E00020226D3105F01DFB0246002800F041875B
:10A0F0000321284645B0BDE8F04FFEF741BE2029B8
:10A100002CD894F8943600F5AC415C31DBB904F0FE
:10A110007FFB06460028DFD0037843F0010303707D
:10A1200005F5B0410B2384F81D381E3103F03CFFC8
:10A1300031460746284602F0EFFCD4F8E4060368EF
:10A140007A1C5B69C4E43948D0E90423CDE90023D3
:10A15000D0E90223284604F073FBDAE700F5AE41AC
:10A160006D31202205F0DDFA0146002800F001875C
:10A1700005F5B0421E32284605F063F80246002875
:10A1800000F0F7860B23D4F8E40684F81D38036842
:10A1900001325B699CE4622900F29C80B4F86C8710
:10A1A000B8F13D0F44D0B8F1340F40F06D83212E4B
:10A1B00000F22982272F00F09386322F3FF4A3ADBF
:10A1C0001C2F00F0CA861D2F00F0BC861F2F40F008
:10A1D0008483012E7FF637AC94F86D6716AA31465A
:10A1E000284605F012FC00283FF497AD122305F530
:10A1F000B04084F81D380DF1790184F81E681F30D5
:10A2000018F0C7FF05F5B0430DF159023F330DF1CA
:10A21000690152F8040B43F8040B8A42F9D1D4F8CF
:10A22000E406036832225B698FE200BF10760020EB
:10A2300002293FF65BAE392F40F09082212E7FF647
:10A2400062AD05F5AE4120226D31284605F069FA70
:10A25000074616A802F01FFF002F40F07B82394608
:10A2600098221EA818F033FE16AF04F26D7304F2A4
:10A270008D7C186859683A4603C20833634517460F
:10A28000F7D116A9284605F0A0FA00283FF4EAAC59
:10A2900005F5AF420D3216AF06A9A6F121030191D3
:10A2A00005A90091DBB23946284605F070F806464C
:10A2B00000283FF4D7AC2846FEF71CFD059BC4F8E8
:10A2C000E036062284F81D28721E5642564184F854
:10A2D0001E6806E54A1E00F5AE41D2B26D3104F0AB
:10A2E000B9FF00287FF418AE062101E5152F3FF6CF
:10A2F000B9AE092F40F2F180A7F10A030B2B00F24F
:10A300002C81DFE813F00C00330082002A012A01BF
:10A310002A012A012A012A012A012A01950005F5AC
:10A32000B0461D3631462846FEF7A5FF021E12DD57
:10A33000D4F8E406036831465B699847D4F8E80628
:10A3400000283FF482AD0368D4F8D8181B6845B0E4
:10A35000BDE8F04F18470A23D4F8E40684F81D3806
:10A36000036801225B693146FFF7B5BB0B2ED4F8B9
:10A370006D17D4F8717794F8759794F8768742D969
:10A3800094F8776726B12846FFF7DEFA0028ABD0AD
:10A39000CA4AA1F51233A3F5F8739342A4D8A9F1E0
:10A3A0000503072BA0D8A8F10503032B9CD8C44AAA
:10A3B000A7F5DA53183B934296D884F8809684F830
:10A3C00081860846F6F776FCBE49F6F77FFDC4F8AD
:10A3D0007C063846F6F76EFCBA49F6F777FD84F846
:10A3E0009E66C4F884062846FEF792FC94F88136EF
:10A3F000009394F88036D4F88426D4F87C16B248BA
:10A40000FEF719FC88E50026C2E794F86D2702F1F3
:10A410000903DBB21F2B3FF667AF284684F8882676
:10A42000FEF776FC94F98816A74805F082FE73E5DE
:10A43000D4F86D07D4F87167F6F73CFCA149F6F73C
:10A4400045FDC4F88C063046F6F734FC9D49F6F716
:10A450003DFDC4F8580622E59A49D4F88C06F6F773
:10A4600081FCF6F781FE97490646D4F85806F6F7C0
:10A4700079FCF6F779FE1723C4F82208D4F8E4062D
:10A4800084F81D38C4F81E68036809225B69FFF769
:10A490001FBB94F86D3784F88336022E7FF6FFAC2D
:10A4A00094F86E3703F0030284F88926032EC3F371
:10A4B0008102C3F3011384F88A2684F88B363FF4B3
:10A4C000EEAC94F86F3784F89436042E3FF4E7AC82
:10A4D00094F8703784F88236E1E4B4F86C87B8F108
:10A4E0003D0F40F08480022E3FF600AD172F6ED056
:10A4F000182F7FF4B7AC402E7FF6A5AA05F5AE461F
:10A500006D36304602F0F8FD00283FF4EDAE16A897
:10A5100002F0D0FD314616A8402202F089FED4F8A0
:10A52000540616A9FDF734FB002800F0A38016A9F5
:10A53000602205F1680018F034FE2846FEF7FEFBA5
:10A5400005F58043002205F5AC41D4F85406C3F864
:10A55000682E5031FDF7E4FB77E4B4F86C87B8F16E
:10A560003D0F3FF48BAD132F11D105F5AE40574988
:10A5700006226D3018F081FC002840F02181D4F8CB
:10A58000583713B12846FFF7FBF9FDF721FF142FC9
:10A590001BD10C234E488DF85830FEF775FB06464C
:10A5A000D4F85406FDF7AAFA0546D4F85406FDF788
:10A5B000B4FACDF85F00D4F8E406ADF85960CDF8F0
:10A5C0005B5003680B225B6980E4172F0FD10E23C9
:10A5D00040220DF1590105F168008DF8583002F064
:10A5E00003FED4F8E406036841225B696EE4182F89
:10A5F0007FF43AAC402E81D8B8F1340F7FF423AA0F
:10A60000212E7FF680AB05F5AE4120226E31284623
:10A6100005F087F80646002800F0AB844FF6036388
:10A62000ADF85830286E0023ADF85A308DF85C3004
:10A63000036804221B680DF15D019847FF2396F81B
:10A64000427086F8423006AB019305AB0093314669
:10A65000092316AA284604F0F7FE86F8427006463B
:10A6600000283FF4FFAA2846FEF744FB059BC4F8E8
:10A67000DC3626E60521FFF76BBB94F96D3794F8BD
:10A680006D77002BFFF63FABBB1DB3423FF63BABF4
:10A6900045F26E74BA1C39192944B21A284603F0DF
:10A6A00086F8014600283FF417AD002300932A19CD
:10A6B0003B46284603F015F92EE400BFB0DB23002B
:10A6C000C885070000007A449076002051460208B1
:10A6D000807800201A2F7FF4AEAD202E7FF613ABCA
:10A6E00005F5AE4120226D31284605F01AF82E44BA
:10A6F00045F26C730022F2540746002800F03984BA
:10A7000005F5AF42014616AB0D32284604F0CAFDEE
:10A71000064600283FF4A6AA2846FEF7EBFA3B6857
:10A72000C4F8D036701E46424FF00602464184F807
:10A730001D2884F81E68C4F81F38169BD4F8E40658
:10A74000C4F8233803685B690A2205F5B0411D315E
:10A75000FFF7BDBB05F5AF420D329DE51B2F2FD195
:10A76000202E05D8B8F1340F7FF46DA9FFF7CBBACE
:10A7700005F5AE4120226D31284604F0D2FF074690
:10A78000002800F0F68316AB0093014606AB0122C9
:10A79000284604F0BAFE064600283FF463AA28467D
:10A7A000FEF7A8FA711E3B68C4F8D4364E424FF04B
:10A7B00006034E4184F81D3884F81E68069BBAE7EC
:10A7C000B8F1340F3FF4F3AC272F5DD1232E3ED8E0
:10A7D000042E7FF438A905F5B146503630460CF00A
:10A7E0003EFEB648FEF750FAF6F764FAB449F6F7BB
:10A7F0006DFB0121024630460CF0E6FE3246FF2199
:10A80000B04801F063FF8B2384F81D38002384F8DF
:10A810001E3845F61F03A96EE950EA18B5F86C30EA
:10A82000938030460CF01EFE074630460CF01CFEAE
:10A83000014605F5B0403A46253018F0B2FCD4F890
:10A84000E406036807F108025B69FFF741B905F503
:10A85000AE4170312022284604F063FF01460028F3
:10A8600000F0878316AB0093032206AB284604F062
:10A870004CFE064600283FF4F5A92846FEF73AFAB2
:10A88000069BC4F8D8364DE7322F7FF499AC212EC1
:10A890007FF6D9A805F5AE416D312022284604F097
:10A8A00040FF0146002800F0648316AA019206AA20
:10A8B000A6F12103009205F5AF42DBB20D32284626
:10A8C00004F0C2FD064600283FF4CCA92846FEF756
:10A8D00011FA069BC4F8E03624E7202F33D1412E2D
:10A8E0003FF611AA312E7FF60EAA05F5AE413A4683
:10A8F0006E310DF1790094F86D6705F0BDFA102204
:10A9000000210DF1690018F0E2FA05F5AF430E33AE
:10A910000DF1590203F1100153F8040B42F8040B36
:10A920008B42F9D116AA3146284605F081F8002855
:10A930003FF4F3A905F5AC41D4F854065031FDF7C6
:10A940006BFCFFF7FCB9212F22D1132384F81D38AB
:10A95000002384F81E38D4F8E4064FF40053C4F8FA
:10A960001F38036805F5B0415B6906221D31984721
:10A97000D4F8500708B117F01DFF4FF4005017F03E
:10A9800011FF0023C4F85007C4F85437FFF75DBA2D
:10A99000222F00F03782232F1ED1D4F85027002A0F
:10A9A0003FF42EAA05F5B041D4F854371E3105F115
:10A9B000680002F065FCD4F8500717F0FBFE002396
:10A9C000D4F8E406C4F85037142384F81D3803681B
:10A9D00041225B69FFF77CB8242F00F03182252FDC
:10A9E00000F08382282F09D11523D4F8E40684F8D7
:10A9F0001D38036801225B69FFF76AB8292F12D15D
:10AA0000032E7FF680A92E4445F26C73002405F5D1
:10AA1000AE40F4543A216D3018F070FA00283FF43B
:10AA200063AC047060E42A2F18D1212E7FF66BA945
:10AA300005F5AE4805F5C84605F5D64708F16E0898
:10AA40005036103707224146304618F016FA0028D3
:10AA500000F05C826C36B742F4D18AE2382F40F0C5
:10AA60009380012E7FF64FA994F86D3763BB1822AF
:10AA700084F81D2884F81E381048FEF705F90746AB
:10AA8000686D03681B6898470646E86C03685B6955
:10AA90009847A4F81F784FF47A73B6FBF3F6C4F81E
:10AAA0002168B5F8583084F82708D4F8E406A4F8EB
:10AAB000253803680B225B69FFF70AB8807800200D
:10AAC00000007A4410760020012B37D1182284F838
:10AAD0001D2884F81E38286DC54E03681B6A9847E8
:10AAE0008246706803681B6F9847814670680368E8
:10AAF0005B6F98476B692F69A4F81FA8804648468A
:10AB00004FF47A72B3FBF2F6B7FBF2F7F6F706FBF7
:10AB10004FF0814184F821084046F6F723F9F6F713
:10AB2000FDFA84F82208D4F8E406C4F82378C4F8BF
:10AB3000276803680E225B69FEF7CABF022B7FF409
:10AB4000D3AB182284F81D2884F81E38D5E90E01ED
:10AB5000D5E90C76A64BC4F82F085A69D3F810C073
:10AB6000D4F8E406DB68C4F83728C4F81F38C4F802
:10AB700023C8C4F82778C4F82B68C4F833180368CE
:10AB80001E225B69FEF7A4BF332F1FD105F5AE402F
:10AB9000984905226D3018F070F900287FF4B3A8A9
:10ABA000D4F8E40610B103685B689847D4F85406FB
:10ABB000FCF7D7FF38B12846FEF7C0F84FF47A709B
:10ABC00015F036FCE1E40521FFF792B8362F00F0CE
:10ABD000DA803F2F00F0E680402F61D11C2384F8FB
:10ABE0001D3894F8A13605F5B0411D31002B50D029
:10ABF00005F5AD43213305F5B0421E3203F11C00CB
:10AC000053F8046B42F8046B8342F9D11888108022
:10AC10009B78937005F5AD43403305F5B0453D3560
:10AC200003F1100253F8040B45F8040B9342F9D1D9
:10AC3000D4F8E406036830225B69FEF74CBF05F5E3
:10AC4000AE40112E00F15C000FD905F5AE436E3316
:10AC500003F1100253F8041B40F8041B9342F9D18E
:10AC6000002384F8FE36FFF757B9102218F02FF9A9
:10AC7000F6E705F5AD401F220021213018F027F935
:10AC800005F5AD4010220021403018F020F9FFF703
:10AC900006B9D4F8E406036801225B69FEF71BBF1E
:10ACA000372F7EF4D0AE012E7FF62DA894F96D37A4
:10ACB000002BBFF628A805F5AE416D31721E28465F
:10ACC00002F09CFD014600283FF406AA0022FFF78F
:10ACD0005FB994F86D3784F89C36022E7FF6DFA8B2
:10ACE00094F86E37402B28BF402384F8A036FFF736
:10ACF000D6B8192384F81D3894F89C3684F81E3889
:10AD0000D4F8E40694F8A03684F81F3803680322C8
:10AD10005B69FEF7DDBE1A2384F81D38364BC4F894
:10AD20001E38C4F82238354BC4F82638C4F82A38FF
:10AD3000D4F8E406324BC4F82E38C4F8323803682D
:10AD400019225B69FEF7C4BE032E7EF6DCAF2846EF
:10AD500001F0CEFE074600283FF4BEA905F5AE423D
:10AD60000146B31E6E32284694F86D4701F083FE0B
:10AD700000283FF4B9AA002322463946284602F0AB
:10AD800063F9FFF7C9B8012E7EF6BDAF94F86D17D1
:10AD900000293FF454AF01297EF4B5AF84F8FE16C4
:10ADA000FFF7BAB8002E3EF4AEAF2F2E7FF661AF9C
:10ADB00005F5AE446D342046F6F76AFA01381D28D1
:10ADC0003FF692AA05F5AD402146213018F0E1F991
:10ADD00005F5AF430C3305F5AD42403203F11001E8
:10ADE00053F8040B42F8040B8B42F9D1FFF757B824
:10ADF0009076002058460208689B060077440D00B4
:10AE0000F0010E00012E7EF67EAFD4F85007002828
:10AE10003EF4F6AFD4F85437013E9A19B2F5005F0C
:10AE20003FF65AA905F5AE41184432466D3118F087
:10AE3000B8F9D4F854373344C4F85437FFF76CB832
:10AE40000A2E7EF660AFA6F10A03B22B3EF6FBADEA
:10AE5000DFB294F8753703F0030147FA01F8B8F14F
:10AE6000400F3FF741AA01228A40013A12EA07093E
:10AE70007FF43AAAD4F86DA7D4F871275146284632
:10AE800002F0AAFC064600283FF426A905F5AE42CA
:10AE9000763201463B462846CDF8009002F021FD6F
:10AEA000B388286D71881944036802319B689847FC
:10AEB0002B680146D3F8B4305FFA88F228469847E9
:10AEC0000623C4F82308D4F8E40684F81D3884F86F
:10AED0001E98C4F81FA803680A225B69FEF7F8BD34
:10AEE000042E3FF478ACFEF70EBF042E7EF60BAFB7
:10AEF000D4F86D3733B13849A3F5C332A03A8A424A
:10AF00003FF6F2A9C4F89036FEF7C9BF162384F8BD
:10AF10001D38B36AC4F81E38F27984F8222805F582
:10AF2000B04006F12C01233003F013F8D4F8E436D6
:10AF30001A68546905F5B041821D1D311846234633
:10AF4000FEF7C9BD202E7EF6DEAE05F5AE416D31B1
:10AF5000284604F084FBFEF7DFBF202E7EF6D3AE3A
:10AF600005F5AE416D31284604F09CFB00287EF4C7
:10AF7000D3AF0221FEF7BCBE08297EF6AEAFD4F8EF
:10AF80006D07164B164AD4F87147034493423FF6B7
:10AF9000ABA994423FF7A8A9124B9C42FFF6A4A983
:10AFA000F5F720FA0AA3D3E90023F5F7AFFB0E4E1D
:10AFB000C6E902012046F5F715FA05A3D3E90023F7
:10AFC000F5F7A4FBC6E90401FEF769BFAFF3008003
:10AFD0000000000080842E419FBB0D00804A5D056B
:10AFE0000095BA0A006B45F510760020F0B500F523
:10AFF000A0440546D4F8E406036805F5AE416C317B
:10B000009B69AFB09847014628B128462FB0BDE8EC
:10B01000F040FEF705BD94F8FC36002B3AD0D4F88A
:10B02000E40603681B699847A0BB684602F033F842
:10B0300005F5AD476C376A462946384604F048FDA9
:10B04000064690B9042384F81D38D4F8E406D4F8F1
:10B05000F436C4F81E38036805F5B0415B69052273
:10B060001D31984784F8FC6614E09DF84030002BB1
:10B07000E1D0D4F8F036229A9A420BD96A460321DD
:10B080002846FDF77DFE229BD4F8F426934201D991
:10B09000C4F8F4362FB0F0BDF8B516461A78032A76
:10B0A000054659D105F5A04291F8410092F889165C
:10B0B00002294FEA50003FD001293FD100F00101A1
:10B0C00092F88A46022C3BD141F0020192F88B267D
:10B0D000022A3BD141F004015B7821EA030414F019
:10B0E000010028D005F5B145503528460CF0B7F9D8
:10B0F0001A48FDF7C9FDF5F7DDFD1949F5F7E6FE3C
:10B100000121024628460CF05FFA21462A461548DE
:10B1100001F0DCFA079F284647F8046B0CF0A2F90F
:10B12000044628460CF0A0F922460146384618F09D
:10B1300038F8201DC0B2F8BD0121C1E70021BFE7EA
:10B14000012C04BF00F002042143BFE7012A04BF21
:10B1500000F004000143BFE70020ECE78078002006
:10B1600000007A44107600202DE9F04745F2FF6692
:10B17000ADF5916D00EB0609044602AF4846F6F7BF
:10B1800087F8DFF8BC8205464FF0000A404614F00D
:10B19000EBFA002848D04E2D10DC404614F0B6FCE7
:10B1A000C1B20A2906D06B1CE2182544A95502F841
:10B1B00006A01D46404614F0DFFCE7E74F2D05D101
:10B1C00004F5A0430D2283F84E274F25013D254469
:10B1D00045F2FF63EA5C0D2A2AD10022EA5499491C
:10B1E0000422484617F049FE04F5A04640BB04F58A
:10B1F000AE45033594490422284617F03EFEE0B9D7
:10B2000004F5AE40073017F0C8FAC6F8900620469D
:10B21000FDF77EFDD6F890268C49894814F0D5FCC0
:10B22000002386F8FF3603E04F2DC9D0002DCDD185
:10B2300007F59067BD46BDE8F08785492A46ECE7EB
:10B2400084494846F6F71AF8F0B9D6F85406FCF7E0
:10B2500088FCB8B104F16801D6F85406FCF798FCF4
:10B260002046FDF755FD2046FEF78AFB04F5AC416C
:10B270005031D6F85406FCF7CFFF7749704814F0E8
:10B2800091FCCDE77549F9E775494846F5F7F6FFB2
:10B2900038B9D6F85406FCF764FC0028F2D071499E
:10B2A000ECE771490222484617F0E7FD8046002886
:10B2B00040F0EC8004F5AE4502356C490922284681
:10B2C00017F0DBFD88BB04F5AE450A350446684936
:10B2D0005B482A4614F079FCD6F854162A463846BC
:10B2E000FCF727FC74B3D6F854164A68002A97D0A6
:10B2F0002B4607F59070FCF724FC002207F59071AF
:10B3000007F510700CF048FBDFF86891DFF830812A
:10B31000DFF864A107F510700CF034FB002860D151
:10B3200007F590700CF0E6FA7AE7544908222846AF
:10B3300017F0A3FD20B904F5AE4509350124C6E791
:10B340004446C4E738460CF01DFB98B12246394606
:10B3500007F510700CF020FBDFF82491DFF8E08097
:10B36000DFF820A107F510700CF00CFB60B938462F
:10B370000CF0C0FA2B78002BB5D043492846F5F7DE
:10B380007DFF0028AFD04BE707F510700CF001FBF4
:10B39000B0B107F510700CF0FAFA2A460346514690
:10B3A000404614F012FC394607F5587000220CF0A4
:10B3B000F3FA07F5587107F51070FDF7DFFBD1E7D9
:10B3C00007F510700CF0E3FA044607F510700CF066
:10B3D0006BFA234600902A464946404614F0F5FB96
:10B3E000E1E707F510700CF0D4FAB8B107F510706A
:10B3F0000CF0CDFA2A4603465146404614F0E5FBD0
:10B4000007F5907107F5587000220CF0C5FA07F5A2
:10B41000587107F51070FDF7B1FB7BE707F5107069
:10B420000CF0B5FA044607F510700CF03DFA23460F
:10B4300000902A464946404614F0C7FBE0E700BFAB
:10B44000447B00205E460208634602086846020804
:10B450007D4602089A460208A2460208BD46020836
:10B46000D3460208D9460208E8460208EB4602081D
:10B47000F54602085647020841470208AE4702084F
:10B48000204702080A470208B54702085349032229
:10B49000484617F0F2FC804600285ED104F5AE491C
:10B4A00009F103094E490922484617F0E6FC054612
:10B4B000002840D104F5AE440B34D6F85416224689
:10B4C00007F51070FCF735FB6DB1D6F8541607F58B
:10B4D00058704A682346FCF734FB07F5587107F5A6
:10B4E0001070FDF74BFB07F510700CF04BFA0028BD
:10B4F0003FF496AE07F510700CF027F9C31D23F04A
:10B500000703E846ADEB030D02AD82B204462946BF
:10B5100007F510700CF09BF922463248294602F0DC
:10B520000DFE31492F4814F023FB07F510700CF085
:10B53000E1F9C54674E62D490822484617F09DFCFE
:10B5400020B904F5AE440A340125B6E72849254858
:10B5500014F028FB86F8FF866AE62649032248464F
:10B5600017F08BFC80BB96F802373BB104F5AE4573
:10B57000023521492846F5F781FE08B91F497DE6C5
:10B5800017490922284617F078FCD6F8548638B9AE
:10B5900004F5AE450A3529464046FCF7DBFA0EE0D5
:10B5A00012490822284617F068FC0028F3D104F558
:10B5B000AE42D8F8041009324046FCF7CEFA08B182
:10B5C0000F495BE60F4959E60F494846F5F756FE25
:10B5D00008B9FCF7FDFE0D4950E600BF76470208AA
:10B5E000EB460208447B0020C1DC0208AE4702089B
:10B5F0007A470208B7470208B5470208BB47020866
:10B60000D1470208DE47020851460208F447020803
:10B6100038B5044604F5A04504F070FA95F8FD36F7
:10B620002046C3B1FFF7A0FDD5F8581749B1204611
:10B6300001F076FA28B12046FEF7A2F90023C5F8FA
:10B640005837D5F8E8462CB1D5F8E4060368DB682E
:10B650009847207338BDFFF7C9FCE5E738B50C46BD
:10B660008D18AC4200D138BD4FF48071002014F029
:10B67000AEFC04F8010BF4E737B50446084669460A
:10B6800002F003FD251D04F20454082229466846F1
:10B6900017F0F3FB18B92860686003B030BD0835B7
:10B6A000A542F2D1F9E7F7B50E46044669463046A1
:10B6B00002F0EBFC251D04F20457082229466846D7
:10B6C00017F0DBFB98B9337803F00303023B012B3F
:10B6D00007D9D4F80C350133C4F80C35012003B078
:10B6E000F0BDD4F808350133C4F80835F6E708355D
:10B6F000AF42E2D1D4F804256B4603CB04EBC2027F
:10B7000050609160D4F80435A022013393FBF2F12C
:10B7100002FB1133C4F804350020E0E738B50C4DC6
:10B720002846FFF775FF0B4800F0F8FB14F07CFE8D
:10B73000094BD3E9042499699861411A521844F1DC
:10B740000004C3E904242846BDE83840FEF756B992
:10B75000D8030020F8730020707600202DE9FF4107
:10B760001C4FDFF874801D491D4C1E4E3A46404662
:10B77000FCF7A8F91C4A1D4B13601D4BC4E90132AC
:10B780001C4B2360304601230025A4F828311A4BB6
:10B790009580294640F8043B4FF4A062C4E9045563
:10B7A0002573C4F83051A561C4F82C5117F08FFBF4
:10B7B000C6F80455C6F80C55C6F808550F4A104986
:10B7C0000096CDE901843B460E48FDF7D9FE04B052
:10B7D000BDE8F08170760020EC750020A078002094
:10B7E000F8730020E86E00202C7500203C4F020802
:10B7F00080780020EC4902085C4902081001002012
:10B8000090760020D8030020054B064A1A6003F505
:10B81000A043F83203F50D60C3F850260BF018BEB4
:10B82000D80300202848020870B51E4D06224FF4A8
:10B83000E131284614F020F91B4B0121132000248C
:10B840001C7114F0A7FC0121132014F00DFD02213E
:10B85000C12014F09FFC00F0A5FF00B9FEE71348DB
:10B8600004F062FC14F0A4FB114804F083FD1148BD
:10B87000FCF73EFD21461048FDF75AFF0F490E48E0
:10B88000CD60FEF775F80E4800F05BFE0A48FEF743
:10B8900051F821460346BDE87040094A094800F0C6
:10B8A00073BC00BF447B002080780020907600208D
:10B8B000A0780020EC750020D80300202C75002013
:10B8C00010760020F87300200023C0E90033C0E99F
:10B8D0000233704710B54270002204460170827036
:10B8E0008283C0E90322C0E905222030FFF7ECFF84
:10B8F00004F13000FFF7E8FF04F14000FFF7E4FF38
:10B9000004F15000FFF7E0FF04F16000FFF7DCFFF7
:10B9100004F17000FFF7D8FF142363602272204601
:10B9200010BD10B504460078A3783BB114F01CFCA0
:10B93000A38898422CBF0020012010BD14F0CEFC3B
:10B9400063781B1A58425841F7E710B50446FFF7D1
:10B95000E8FFE071207210BD08B541770139052973
:10B9600009D8DFE801F0090E13181D03836F13B126
:10B970007030FAF79CFD08BD836A002BFBD02030A5
:10B98000F7E7836B002BF6D03030F2E7836C002BA7
:10B99000F1D04030EDE7836D002BECD05030E8E77C
:10B9A000836E002BE7D06030E3E710B5044614F057
:10B9B0003BFDE37943B101232061A37120460621B9
:10B9C000BDE81040FFF7C8BFA279012A0ED1226955
:10B9D00040F6B731821A8A429FBF237F60610133EC
:10B9E000237799BF0323A371A371237710BD70B58B
:10B9F000044614F019FDA369C31A092B05461AD988
:10BA0000A0612046FFF78DFF237A8342064613D0BC
:10BA1000E560A3792672032B21D16369EB1AB3F594
:10BA2000FA7F08D9217F012912D12046FFF794FF20
:10BA300000232377A37170BDE368EB1A322BE8D99A
:10BA4000E3798342E5D0E0712046FFF7AEFFE0E7FF
:10BA50000229EAD00329E8D0EAD90421E5E7012B3D
:10BA6000E9D12369ED1A40F6B8339D42E3D90521A7
:10BA70002046FFF771FF0023A3712377DBE77047B0
:10BA80007047000070B5FF291D46049BC0F82431A3
:10BA9000044600F1440023D1144917F02DF904F1B4
:10BAA00082005022294604F0E7F92069B8B1036802
:10BAB0001B68984728B9237B1BB9206903689B68DA
:10BAC0009847206903681B68984740B114F0ACFCA4
:10BAD00000F56A5018300123E06184F8283170BD08
:10BAE00013460A46024917F007F9D8E764490208E5
:10BAF0006B490208012A02D1016000207047022A26
:10BB000005D0032AF9D0002AF7D10260F5E70B68C7
:10BB10000360F2E7012A02D1016000207047022A87
:10BB200005D0032AF9D0002AF7D10260F5E70B68A7
:10BB30000360F2E7012A02D1016000207047022A67
:10BB400005D0032AF9D0002AF7D10260F5E70B6887
:10BB50000360F2E7012A02D1016000207047022A47
:10BB600005D0032AF9D0002AF7D10260F5E70B6867
:10BB70000360F2E7012A02D1016000207047022A27
:10BB800005D0032AF9D0002AF7D10260F5E70B6847
:10BB90000360F2E7012A02D1016000207047022A07
:10BBA00005D0032AF9D0002AF7D10260F5E70B6827
:10BBB0000360F2E7C0F8241131B9012380F8441082
:10BBC00080F8821080F8283170470000064B10B5CD
:10BBD000044658680368DB68984760680368BDE8F6
:10BBE00010401B6A184700BF9076002040F6AC3327
:10BBF0009942F7B5054631D941F2730399422FD8DE
:10BC0000A1F6B8310C2391FBF3F42869D0E9003692
:10BC10000321DB69984728690C22036800921F6B97
:10BC2000A6F11D0118230022B847286906220368DF
:10BC30000092DF6A03231A46711FB847286914234C
:10BC40005C43082203680092DD6A0222A6F11B0110
:10BC50006423B4FBF3F3A84703B0F0BD0024D4E79A
:10BC60006424D2E770B50446006996B040B394F8F6
:10BC7000D2503DB3036801219B699847206903684E
:10BC800004F1D2059B6B29469847236959681A68C5
:10BC9000091A01EBD1711846166A49101622B047ED
:10BCA000206903680321DB699847206903682946F6
:10BCB0005B6A9847002384F8D230012384F8283146
:10BCC00016B070BD94F84430002B5CD094F88230EC
:10BCD000002B58D003682A461B6A294698472069DA
:10BCE000036801219B699847206903680321DB6988
:10BCF00098472069216A036804315B6A9847206984
:10BD000003680C221B6A29469847206903680521AD
:10BD1000DB6998472069036804F144015B6A98472E
:10BD20002069036818221B6A29469847206903681E
:10BD30000121DB6998472069036804F182015B6A8D
:10BD400098472069D0E9003109221B6A1C399847BD
:10BD50002069036802219B699847206903680621CE
:10BD6000DB699847D4F82421664902A816F0C4FF7D
:10BD70002069036802A95B6A984720690368DB6948
:10BD8000052198473DE014F04FFBD4F82C31C01A40
:10BD900040F6B73398422069036834D8DB69042140
:10BDA000984720698022416803680D25CDE9002568
:10BDB000803901EBD17103225D6B534B4910A847C9
:10BDC000206903680121DB69984720690368012124
:10BDD0009B6998472069036804F124059B6B2946F9
:10BDE0009847236959681A68091A01EBD1711846F6
:10BDF000166A49101622B0472069036829465B6A13
:10BE0000984700235AE7002211461B6A9847206989
:10BE1000036801219B699847206903680321DB6956
:10BE200098472069216A036804315B6A9847606813
:10BE300003681B68984701462046FFF7D7FE206934
:10BE4000036814221B6A00219847206903680521B2
:10BE5000DB699847256A686AF4F7D6FA0B4695F8C5
:10BE6000281000910246294902A816F045FF2069D2
:10BE7000036802A95B6A9847206903681E221B6A4F
:10BE800000219847256AE86AF4F7BEFA0B4695F850
:10BE90002910009102461E4902A816F02DFF2069C4
:10BEA000036802A95B6A9847257B2DBB1948FDF7FB
:10BEB00045FD08B3206903680221DB6998472069C2
:10BEC000036802219B699847206903682B221B6A3B
:10BED000294698470F48FDF731FD0F49024602A851
:10BEE00016F00AFF2069036802A95B6A9847206977
:10BEF00003680321DB6944E7206903680121DB69EA
:10BF00003FE700BF94490208FC4902087349020850
:10BF100085490208D80300209749020870B50446F5
:10BF2000D0F8300108B1FFF762FD2069002839D050
:10BF300003681B689847002834D01B4D2B786BB1E1
:10BF400014F072FAD4F82C31C01A40F6B733984284
:10BF500081BF012384F8283100232B7014F064FA88
:10BF6000A369984213D394F8283183B120690368F8
:10BF700000215B6998472046FFF774FE206903683B
:10BF80001B6D984714F050FA00F57A70A06114F018
:10BF90004BFAE369984205D920690368BDE870400F
:10BFA000DB68184770BD00BF1401002010B50446BF
:10BFB000006978B103681B68984784F8290118B9AB
:10BFC000206903689B68984714F02EFA00F56A50C0
:10BFD0001830E06110BD0068FFF7E8BF036983B166
:10BFE00090F8293153B190F844303BB190F8823049
:10BFF00023B1002380F8443080F88230012380F898
:10C00000283170470068FFF7E9BF000010B504460B
:10C010000748FDF7D1FC034604F1D20033B10549CE
:10C0200017F0B7F8012384F8283110BD0249F7E76B
:10C03000D80300209E490208AB4902080068FFF7B8
:10C04000E5BF0000F8B50446406900282CD003681D
:10C050001E4FDB68984700250646B54224DA606922
:10C06000036829461B6998473946F5F707F9002800
:10C070002AD16069036829465B6998471449F5F736
:10C08000FDF8034604F1D20560698BB90368114AD3
:10C090009B690E499847236805219B68204698476D
:10C0A0000D49284617F075F8012384F82831F8BDAA
:10C0B0000368074A9B6905499847236805219B68DF
:10C0C000204698470549ECE70135C6E7BB49020819
:10C0D00025530208BF490208C1490208CF49020896
:10C0E0000068FFF7AFBF000010B5044614F09CF9DC
:10C0F000D4F82C31C01AB0F5FA5F04D2BDE8104074
:10C100000348FDF749BC2046BDE81040FFF75EBD7F
:10C11000D80300200068FFF7E7BF0022C0E9002233
:10C1200082607047F0B587B00E4602AD0027044626
:10C1300028460297C5E90177FFF7EFFFB368059737
:10C140003BB10222314628469847F3680593B3680D
:10C15000049395E803006B4683E8030094E803002A
:10C1600085E8030093E80300049BA268A360059B95
:10C17000049284E80300E268E36028460592F9F738
:10C18000E0FE07B0F0BD00007FB5C0E90412044630
:10C190001D4614F049F900F56A5018300023E0619B
:10C1A000206984F8443084F88230012384F82831EF
:10C1B000256210B103689B689847514816F0BCFE91
:10C1C0002D21054616F09AFE08B1002303704D4B51
:10C1D0004D492A4604F1240016F08EFD8020FAF71E
:10C1E000A0F900220546C121FFF774FBC4F83051C5
:10C1F0002846FFF7AAFB0025D4F83061029568466F
:10C20000CDE90055FFF789FF404B03936946404B4A
:10C21000029306F120000094FFF784FF6846F9F7C7
:10C2200090FED4F8306102956846CDE90055FFF7DD
:10C2300074FF384B03936946374B029306F1300085
:10C240000094FFF76FFF6846F9F77BFED4F8306182
:10C2500002956846CDE90055FFF75FFF2F4B03932A
:10C2600069462F4B029306F140000094FFF75AFFF6
:10C270006846F9F766FED4F8306102956846CDE964
:10C280000055FFF74AFF274B03936946264B02935D
:10C2900006F150000094FFF745FF6846F9F751FE9C
:10C2A000D4F8306102956846CDE90055FFF735FFB7
:10C2B0001E4B039369461E4B029306F160000094E7
:10C2C000FFF730FF6846F9F73CFED4F8306102957D
:10C2D0006846CDE90055FFF720FF164B03936946EA
:10C2E000154B029306F170000094FFF71BFF6846A0
:10C2F000F9F727FE14F098F8C4F82C0104B070BDCB
:10C300004146020823460208DC49020805C000082D
:10C3100095BB00083DC0000875BB000881BA000845
:10C3200055BB0008E1C0000835BB000815C1000876
:10C3300015BB0008D7BF0008F5BA000800487047D1
:10C340000000C07F002070470020704770474FF00A
:10C35000FF307047704700207047704700207047DB
:10C360000020704700207047002070470048704749
:10C37000CC4A02080020704700487047CC4A0208A7
:10C3800040680368DB681847B0F9180070477047C9
:10C390000020704700797047BFF34F8F0549064B67
:10C3A000CA6802F4E0621343CB60BFF34F8F00BF53
:10C3B000FDE700BF00ED00E00400FA050020704733
:10C3C000406808B50368D3F88430984710F0140F1C
:10C3D00014BF0120002008BD406803681B6F184788
:10C3E000406803685B6F1847436893F86C017047B7
:10C3F00010B54FF47A7204460023D0E90401F4F733
:10C4000023FFA368184410BD704700207047002028
:10C4100070470020704700207047002070470020C0
:10C42000704703685B6A18472DE9F0411D460368B1
:10C430000E469B6B2946044617469847236800EB37
:10C44000D070A6EB60011B6A20463A4698472368E5
:10C45000294620465B6ABDE8F04118472DE9F041C6
:10C460001D46036804460E469B6B294617469847AF
:10C470002368311A1B6A20463A46984723682946A2
:10C4800020465B6ABDE8F041184770B51D46036859
:10C4900004461B6A98472368294620465B6ABDE824
:10C4A00070401847F0B500242046013B155D0E187A
:10C4B0000DB1834202D800233370F0BDA5F12007EF
:10C4C0005E2F03D8013035700134EFE72D06FBD520
:10C4D000DB2535700130264634460136955D002D4A
:10C4E000F2D005F0C005802DF6D0EDE700207047B2
:10C4F0007047704770477047704770477047704784
:10C500007047704770470020704770470048704779
:10C510002F4602087047F8B507460C468E18B442FD
:10C5200000D1F8BD78680368D3F8A43098474FF479
:10C5300080710546002013F04AFD454004F8015B78
:10C54000EDE710B5044620300DF048F984F85800A6
:10C5500010BD08B5002303710121132013F01AFE4A
:10C560000121132013F080FEBDE808400221C12004
:10C5700013F010BE0121132013F076BE002113200A
:10C5800013F072BE08B5F7F7FDF872B6BDE80840C3
:10C59000F7F700B910B54FF4E4710446F9F7C5FF99
:10C5A000204610BD4068002106F088BB10B5044647
:10C5B00013F03AFFD4E90431A269A061821A9B18F2
:10C5C00041F10001C4E9043110BD10B5002200237F
:10C5D000C0E904238160044613F026FFA06110BD6A
:10C5E000036810B5DB6B0446984720B92046BDE8C8
:10C5F000104003F0CFBD10BD10B44468134694F84A
:10C600006C2110BC03F0E0BD2DE9F04FC1B0044631
:10C610004A9F38461E4688469146F4F739FEFF2861
:10C6200028BFFF2005460246394668464FF0000AFB
:10C6300016F0B7FD0DF805A0236869469B6B2046F0
:10C640009847B04223680CDC4A46414620461B6AA4
:10C650009847236869465B6A2046984741B0BDE821
:10C66000F08F9B6B1549164F204698472368154954
:10C670009B6B054620469847134B854218BF1F46C3
:10C68000236839469B6B2046984783466846F4F7F3
:10C69000FFFDA6EB0B06054655B1236869469B6B6B
:10C6A00020469847B04203DD013D0DF805A0F3E7B1
:10C6B0003946684616F013FC2368C5E73F46020872
:10C6C000DF4A0208E34A0208DA4A020870B590F825
:10C6D000586086B01446E6B10F4B039301250493CE
:10C6E00005930023CDE9003503AA04AB05A920304A
:10C6F0000DF082FA039A294620460AF057FF049A61
:10C70000294620460AF059FF059A294620460AF094
:10C7100062FF304606B070BD0000C07F30B5012119
:10C7200085B0044607F01CFC01220021204607F0DA
:10C730003CFC7F238DF80F3000220123CDE900322D
:10C7400089210DF10F02D4F8680105F014F8D4F82E
:10C750006831186803680521DB69984713F064FEA7
:10C760000546D4F868311868D96A0268126990479A
:10C7700020B113F059FE401B322806D9D4F86011BD
:10C78000204606F070FB05B030BDD4F8683118685B
:10C7900003685B6D9847E4E708B54068FFF7BEFFA4
:10C7A00008BD000030B51D4887B0002104F0A4F892
:10C7B0001B4A1C491C4808F0A4FB1C4B0493102284
:10C7C0001623CDE90232122105230024CDE90031E0
:10C7D000174A184914480594082305F0DDFA054660
:10C7E00058B11549154813F0C3F914480A222946CF
:10C7F00013F038FA204607B030BD0122114601245B
:10C80000094808F0F3F9009441F2210341F60F5270
:10C810002146054808F09AFAECE700BFF0780020BE
:10C82000884D0208E84D0208B87600209A99D93F51
:10C8300000007A428D675944E54A0208447B002093
:10C8400013B5054B00936946044B0193044600F071
:10C850003DFC204602B010BD084B0208B87600200F
:10C8600073B5234E234B33604820F9F75AFE224C10
:10C87000054605F05FF92946204605F0B1FA1F4B41
:10C8800023601F4B1F4A1A600025C3E901461E4C56
:10C8900083F82450C3E903551C4B23601C4BA36051
:10C8A00000220023C4E90423656013F0BDFDA061EC
:10C8B000184C002200232046C4E90223C4E90423C3
:10C8C000C4E90623144B40F8203B144B4FF00132CF
:10C8D0006946CDE900230DF007FA114B84F8585052
:10C8E00080214022C3E901120E4A1A6002B070BDD5
:10C8F00080780020004D0208B8760020144B020812
:10C90000907600202C4C020870760020904C020893
:10C91000EF93446610760020684D02080504007607
:10C9200000760020A44C02087047002070474FF0AA
:10C930007E507047C82070474FF47A6070470000FF
:10C9400070B50F481646F4F703F9F3F75DFD02469C
:10C950000B4600200B4914F0D5F90B4B0022F3F7DE
:10C96000F3FB044630460D46F3F72CFD02460B461A
:10C9700020462946F3F7A0FDF4F74EF870BD00BF3E
:10C980009A99593F000024400000F03F002370B501
:10C990000446C0E90C33C0E90E33A0F85830406DAE
:10C9A00003681B689847236820621B6B20469847E2
:10C9B0002368A0649B69204698470646A06CF4F75C
:10C9C00079F94FF07E5105463046F4F7C3F8014639
:10C9D0004FF07E50F4F77AFA01462846F4F7C2F990
:10C9E000F4F7C2FB2064606D03681B6898476064BD
:10C9F000206D03681B689847206D0368DB6A9847C1
:10CA000084F82C0070BD2DE9F0410446406D0368A8
:10CA10001B689847656C2368451B9B690646204642
:10CA200098474FF07E51F4F795F801464FF07E504D
:10CA3000F4F74CFA236807461B6B2046984780465C
:10CA40002846F4F737F93946F4F78CF9F4F78CFBFC
:10CA5000054670B14046F4F72DF93946F4F782F9EE
:10CA6000F4F782FB236C66641D44A84294BF2064E3
:10CA70002564BDE8F081F8B51E4613780B701746A3
:10CA80009A090D4601D00020F8BD03F003020923E6
:10CA9000D34013F0010319BFB7F80130EB800B81CD
:10CAA000CB801BBFB7F803302B81012105217C5CB3
:10CAB000AC80A209032AE6D004F03F0402FB044440
:10CAC000E2B2402ADFD801315418B442DBDC3944E9
:10CAD00005F10A0016F065FB321B92B2B82A6A8093
:10CAE000D1D8391905F14A0016F05BFB0120CBE7DC
:10CAF00010B50446C06C03681B68984730B9B4F899
:10CB0000583043F00103A4F8583010BD002383804F
:10CB1000438080F80231F8E7C06C03685B6818470F
:10CB2000406D036810B51B680C469847001B002831
:10CB3000D4BF0020012010BD406D036810B51B68F4
:10CB40000C469847204410BD03682DE9F0411B684E
:10CB500005460E469847044630B9E86C03683146EE
:10CB60005B68BDE8F0411847012812D0EF6C3B68C4
:10CB700020F07F412846D3F80880FFF7DDFF220E22
:10CB8000013A034631463846C446D2B2BDE8F041C8
:10CB90006047BDE8F0812DE9F0410446006D03686F
:10CBA000C2B05B68FF2202A99847061E72DD2368A7
:10CBB000206D5F6803689B6B98470546206D03688E
:10CBC0005B6B98472946024602AB20460096B84761
:10CBD000E06C03681B689847054600285AD0014658
:10CBE000334602AA2046FFF746FF00284DD0206DAD
:10CBF00003689B6B98474FF08141F4F7B3F8F4F763
:10CC00008DFA85F80201276D3B683846D3F80C8011
:10CC10009B6B9847324601463846C0470746206D11
:10CC2000036831469B6898476369034463612368DE
:10CC300006462846D3F8088001F0A0F93B46024694
:10CC400029462046C0472B789B0726D4A36B013387
:10CC5000A36323683946DB6932462046984731286A
:10CC600001461DDDE66CB0F5FA4F3368A8BF4FF4FE
:10CC7000FA4120465F6AFFF75FFF294602463B46BE
:10CC8000304642B0BDE8F0411847E06C03682946E1
:10CC90005B68984742B0BDE8F081E36B0133E36322
:10CCA0002946204642B0BDE8F041FFF74DBFF0B540
:10CCB000C56C04462B68406D1E690368C1B01B68D3
:10CCC000984701462846B04760B32046FFF79BFED1
:10CCD000206D0368FF219B689847236CB3EB500FCE
:10CCE0004FEA500520D2236820469B6998470646A4
:10CCF000206C281AF3F7DEFF4FF07E5105463046D0
:10CD0000F3F728FF01464FF07E50F4F7DFF80146B5
:10CD10002846F4F7DBF8F4F727FA01462046FFF738
:10CD20000BFFA06141B0F0BDA1692046FFF7F8FEFE
:10CD30000028F7D0206D03681B6B9847C0B1E369EA
:10CD400023B9606D03681B689847E061606D0368F4
:10CD50001B689847E369C51A236820465B6A9847B1
:10CD6000854240D9B4F8583043F00203A4F8583053
:10CD7000E56C606D0023E3612B68DE6803681B6867
:10CD8000984701462846B04760600028CAD003781B
:10CD90008DF80030092203F0030322FA03F3DB07C6
:10CDA00041BFC388ADF801300389ADF8033054BFEB
:10CDB0000123052382880DF803205D1C027900F110
:10CDC0000A010DEB050001F0C4F86668728805449D
:10CDD0005319FF2B0CDDE06C036831465B68984704
:10CDE000002363609EE7236820461B6A984794E708
:10CDF00006F14A010DEB050016F0D3F9206D768897
:10CE000003682E4431469B6898470546606D036869
:10CE10001B689847E060206D036832461B696946CD
:10CE20009847064678B96568236828461F6901F067
:10CE3000A5F8294602462046B84761682046FFF714
:10CE40006BFE66606EE705EB450569082046FFF757
:10CE500073FEA06066E7F8B5416A0446FFF760FE1E
:10CE600078B1256D2B685E6A236820469B6A9847D7
:10CE700001462846B0474FF4FA612046FFF75CFEB2
:10CE80006062206D0368DB699847206D0368DB6A88
:10CE9000984794F82C30834217D084F82C00B0B90E
:10CEA000606D03681B6898472062606D03681B68AB
:10CEB0009847236AC01AB0F5FA5F82BFB4F85830B9
:10CEC00043F00403A4F8583001E0002BEDD0636870
:10CED000002B64D0206D03685B699847002800F040
:10CEE0009880606D03681B689847E5682369471B55
:10CEF0003B44236106462046FFF785FD236C9F4295
:10CF00007CD900232364236820469B699847064602
:10CF1000206CC0F16400F3F7CDFE4FF07E51054662
:10CF20003046F3F717FE01464FF07E50F3F7CEFF81
:10CF300001462846F3F7CAFFF4F716F901462046E2
:10CF4000FFF7FAFDA061206D03689B69984761684F
:10CF50008A884888930902F03F0203FB0222D2B27A
:10CF600023680232DB6802442046984761680B78E8
:10CF70009B0755BF236B636B0133013354BF23639E
:10CF800063632046FFF7C8FD0023636023682046E3
:10CF9000DB6A984701462046FFF7CEFDA062236872
:10CFA0002046DB6A9847002811DDA16A2046FFF77A
:10CFB000B7FD60B1206D03689B6A984723682046DF
:10CFC000DB6A984701462046FFF7B6FDA062E56C94
:10CFD000606D2B689E6A03681B6898470146284667
:10CFE000B047014610B12046FFF7AEFD2046FFF7DF
:10CFF000D2FD2046BDE8F840FFF759BE1D44AD1BE9
:10D00000632D25647FF67FAF606D03681B689847CA
:10D0100098E7A1682046FFF783FDA0B1206D036863
:10D020009B69984761688A884888930902F03F02A3
:10D0300003FB0222D2B22368023202441B6920465B
:10D04000984761689DE7F8BD2DE9F04706460879E5
:10D050000C461746984600F06CFFF56C88B1638863
:10D06000B82B0ED82B6841463046D3F80890FFF70E
:10D0700063FD3A46034621462846CC46BDE8F047C4
:10D0800060472B68214628465B68BDE8F047184793
:10D090000368DB69184710B520220446002115F00B
:10D0A00016FF204610BD10B404460846214610BCA9
:10D0B00009F0CCB810B50446FFF7EDFF402200217F
:10D0C00004F1200015F003FF204610BD30B50D46D9
:10D0D00089B00446FFF7DFFF2B6869461B682846C6
:10D0E0002022984720466A4604F120010CF01EFFDA
:10D0F000204609B030BD0000F0B5B1B0014604468D
:10D1000068460CF030FF9DF80030013BDBB2FD2B90
:10D1100030D81B4B20AA03F14007164618685968FF
:10D12000154603C50833BB422A46F7D1154B08AA5A
:10D1300003F1200C174618685968154603C50833D3
:10D1400063452A46F7D12246394610A80CF024FE42
:10D150003246694618A80CF01FFE202218A910A814
:10D1600015F08BFE30B910AB13F8012B2AB9013042
:10D170002028F9D1002031B0F0BD0120FBE700BF2D
:10D18000384E0208794E020838B50C46054601466D
:10D1900020222046FFF77CFF20280AD1402205F1FB
:10D1A00020012046FFF774FFA0F140035842584188
:10D1B00038BD0020FCE738B50B680C465B680146BB
:10D1C000054620222046984720280BD1236840227C
:10D1D0005B6805F1200120469847A0F140035842C2
:10D1E000584138BD0020FCE73F2A70B51ED95F2AA0
:10D1F00000F1200300F1600407D853F8042B41F834
:10D20000042BA342F9D1402070BD1A460D4652F8B6
:10D21000046B45F8046BA242F9D1403150F8042B5D
:10D2200041F8042B9842F9D16020EDE70020EBE7AC
:10D23000602A30B40B4613D10A4603F1400400F1D2
:10D24000200152F8045B41F8045BA242F9D160333B
:10D2500052F8041B40F8041B9A42F9D130BC7047C5
:10D26000402AFBD100F120010A4603F1400453F8A3
:10D27000045B42F8045BA342F9D130BC0CF073BEEE
:10D2800013B50446084611461A4604F120030093DC
:10D2900023460DF077FC02B010BD0B46114600F19D
:10D2A000200218460CF078BD002070477047704788
:10D2B000704700207047704770477047704770474D
:10D2C0000020704700207047002070470020704702
:10D2D0000020704770B5046D2368054608469E68B7
:10D2E00000F04CFE01462046B047052204460021CE
:10D2F000286E00F0F6FE34235C436423B4FBF3F4A1
:10D30000604370BD08B504220121006E00F0E9FE03
:10D310007823584308BDFFF739BBFFF79CBDF8B52C
:10D320008B8803F03F04013CE4B223F03F031C432D
:10D330008C80A40901340D46E4B201F10A060027ED
:10D34000AB8803F03F0313FB04F3BB4200DCF8BDE2
:10D350003046264422463146274415F022FFEFE7A7
:10D36000F8B50A788B88920706460C4601D500204E
:10D37000F8BD03F03F079B090133DBB207FB033322
:10D38000402B07F10105F2DC03689B6B98470028EE
:10D39000EDD0A28892090132D2B207FB024006F119
:10D3A00068010A3015F0FDFEA38823F03F031D43FA
:10D3B0003368A580DB6B214630469847A38803F08D
:10D3C0003F03013340EA0360D2E72DE9F043202B0D
:10D3D00093B080460E4617461D4603D8FFF788FBDC
:10D3E000044620B90024204613B0BDE8F08303466C
:10D3F000102203F84A2B06F12009324652F8041B8A
:10D4000043F8041B4A45F9D1D8F85C0003681B684F
:10D4100098472A46C4F86A008046394604F1AE00AF
:10D4200015F0BFFE05F1640363800DF1040C334673
:10D4300018685968624603C208334B459446F7D1D1
:10D440002A4639460AA8CDF8248015F0AAFE05F12F
:10D45000240301AA04F16E013046FFF711FFC2E771
:10D460002DE9F04FAFB099469DF8E0A0DDF8EC80D3
:10D470004FEA9A130AF03F0403FB044408F1050342
:10D480002344A62B06468B46174604D9002528467A
:10D490002FB0BDE8F08FFFF72BFB05460028F5D035
:10D4A000202303709BF8003080F84A3096F86830EB
:10D4B00080F84B30494622460DF101008DF800A05E
:10D4C00004F1020915F06DFE04F1B9030DEB09003A
:10D4D0006B44B8F1000F12D09DF8E42003F8B82C8B
:10D4E0003A99424615F05DFE08EB09036A4605F1DC
:10D4F0004C01384600F0D1FE02306880C7E7FF22B9
:10D5000003F8B82C336E1A680146166818460422D0
:10D51000B047A31DEAE77FB509788DF814100B9981
:10D5200003910A9902919DF8241001919DF8201011
:10D53000009105A9FFF794FF07B05DF804FB2DE902
:10D54000F8430229DDF8249007460D4690461E4612
:10D5500003D809F11103B82B03D900242046BDE8F4
:10D56000F883FFF7C5FA04460028F6D0AD00057031
:10D5700098F8003080F84A3097F8683080F84B30DF
:10D5800000F14C01089A4B46304600F086FE02300E
:10D590006080E3E7F8B50729089F15461E4603D1CA
:10D5A00007F13003B82B02D900242046F8BDFFF75D
:10D5B0009FFA04460028F7D01C230370337880F8C4
:10D5C0004A302A4600F14B0305F1200152F8040BC2
:10D5D00043F8040B8A42F9D1079A06983B4604F1B6
:10D5E0006B0100F05AFE21306080DEE72DE9F0414A
:10D5F0001F464B1F012BDDF818800E46154607D835
:10D6000008F11003B82B03D8FFF772FA044618B9D3
:10D6100000242046BDE8F081B600067028463A4650
:10D6200010F8013B84F84A3004F14B01434600F006
:10D6300034FE01306080ECE770B50E461546FFF70A
:10D6400057FA044638B10C2300F84A3B2A463146C3
:10D6500015F0A7FD6580204670BDF8B50F4616464B
:10D660001D46FFF745FA044668B12D01282345F011
:10D670000305037080F84A50324639464B30013674
:10D6800015F08FFD66802046F8BD2DE9F0470B7838
:10D69000FF2B05460C4690464AD003685B6C9847C2
:10D6A00004F14A09064604F10A0AE6B9A278494695
:10D6B0002846FFF7C1FF0746002839D0227904F138
:10D6C0000A010A3000F054FC3B78B88023F00303D1
:10D6D00043F002033B703246434639462846BDE8D4
:10D6E000F047FFF7B1BC2B6821461B6C28469847D2
:10D6F00000F59670A2788044334649462846FFF7E5
:10D70000ACFF074688B1227951460A3000F030FC60
:10D710003B78B88023F0030343F002033B70002200
:10D72000434639462846FFF78FFC013EF6B2BCE778
:10D73000BDE8F08770B591F84A6006F00F03032B3F
:10D74000C2B005460C462FD14B88042B2CD901A81A
:10D7500000F0EAFB237822798DF8043004F10A0105
:10D760000DF10E0000F004FC6288ADF80800013AEB
:10D7700092B204F14B010DF14E00ADF8062015F008
:10D7800010FD686E036801A91B68984760B901A97C
:10D790002846FFF7C4FD36094FF4967206FB0222B5
:10D7A00001A92846FFF771FF002042B070BDB82ADA
:10D7B00070B50E46154603D8FFF79AF9044610B91E
:10D7C0000024204670BD3C2300F84A3B2A463146DF
:10D7D00015F0E7FC6580F4E770B50E4615461C466B
:10D7E000FFF786F948B1242303700923C0F84A6083
:10D7F000C0F84E5080F85240438070BDB82A70B5D2
:10D800000E46154603D8FFF773F9044610B90024F5
:10D81000204670BD2C2300F84A3B2A46314615F0BD
:10D82000C0FC6580F4E72DE9F0410D781746C5F39B
:10D830008302092A06460C4620D0013BDAB2022AAE
:10D840001CD825F0030545F001050D70406E9B01C5
:10D850008B8003681B6898472378C3F38303082BE6
:10D860000AD0042B14BF012203223B462146304636
:10D87000BDE8F041FFF7E8BB0222F6E7BDE8F08122
:10D880002DE9F0411F460B789DF818500646C3F36A
:10D89000830009280C4622D0013DE8B202281ED898
:10D8A00023F003030B701388706ECB8053880B81B9
:10D8B0000368AD011B688D8098472278C2F383020C
:10D8C000082A0AD0042A14BF012203223B4621461B
:10D8D0003046BDE8F041FFF7B7BB0222F6E7BDE8EE
:10D8E000F0812DE9F0410C46069F257825F00305CF
:10D8F00045F002052570C5F38305092D064611463E
:10D90000984618D160884A301A46204415F049FCE0
:10D910006388434463800023A3800525706E0368F9
:10D9200021461B6898473B462A4621463046BDE8BB
:10D93000F041FFF789BB1A4604F10A0000F018FB1A
:10D940002578A080C5F38305A5F108035D425D41FC
:10D95000E4E700002DE9F04F0A7802F00303023BF0
:10D96000012BF1B005460C4665D8C2F38303092BA1
:10D970008E8854D13F2E1AD891F852E04F88D1F8B2
:10D980004A20D1F84E300EF0030C093F06FA0CF68F
:10D99000FFB21FFA86F847450BD80A34056803978B
:10D9A000CDE900E401F1530602966C6DA04700201A
:10D9B00032E05336012200F1680102FA0CF2A0199C
:10D9C00015F05BFA0028F2D12B6821469B6B2846A4
:10D9D00098470028EBD0686E036821461B6898477B
:10D9E0000028E4D194F90201F3F768F94FF07A5175
:10D9F000F3F7B8F94FF08141F3F7B4F9F3F78EFB81
:10DA0000A3885A1C2344A28098722B6821461B6C61
:10DA10002846984740F0C06071B0BDE8F08F0B2BEE
:10DA200006F03F063CD191F94A30002B32DB002E44
:10DA300042D1930706D42B6821465B6B2846984752
:10DA40000028B4D12378C3F383020F2AAFD801A1F1
:10DA500051F822F07BDB00087BDB00087BDB000851
:10DA600045DB000879DD0008FFDC0008FFDC00086A
:10DA700085DC00087BDB0008AFD900084BDE00081E
:10DA8000AFD90008AFD90008AFD90008AFD9000856
:10DA900025DE0008002E8AD103689B6E984786E732
:10DAA000002EC6D0032B07D14B88032B04D9036863
:10DAB000D1F84A209B6F9847A28892090132D2B2CE
:10DAC00005F1680104F10A0015F0D7F900287FF488
:10DAD0006EAF2B6821469B6B2846984700283FF481
:10DAE00066AF2378C3F383030A2B06D12146284669
:10DAF00071B0BDE8F04FFFF71DBE686E0268032BE2
:10DB0000126821460ED19047064600287FF44FAF99
:10DB100021462846FFF703FC324621462846FFF7F8
:10DB2000B4FD44E7904700287FF441AF21462846E2
:10DB3000FFF7F5FB2B6821461B6C2846984740F001
:10DB4000807069E76388D4F84A60032B7FF62FAFB3
:10DB5000686E036821461B68984700287FF427AF4A
:10DB60002B6832469B6F2146284698472146284617
:10DB700071B0BDE8F04FFFF7F3BB94F84B308DF870
:10DB80001830638894F84A60042B7FF610AF686EF3
:10DB9000036821461B689847814600287FF407AF39
:10DBA00095F86830B3425CD12B6806A99B6C284677
:10DBB000984704F14C0806460EAF0DF1BC0AB1457A
:10DBC0004FDA2B684A46DB6C39462846984763880B
:10DBD0004246023B5146384600F083FB031E4EDDB1
:10DBE00022782968C2F38302082A3FD19AF800807C
:10DBF0004FEA981208F03F0602FB0666B21C9B1A19
:10DC000056445244DBB203920493737803F00F033B
:10DC1000CDE901830DF1BD060096D1F858A03B4631
:10DC20004A4621462846D047C8B1237813F002035C
:10DC300015D1CDE9023301932379009306A904F1AC
:10DC40000A033A462846FFF70BFC014638B14FF469
:10DC5000FA730093324643462846FFF742FEFF23FD
:10DC6000237021462846FFF77BFBD5E6CDE901A3CB
:10DC700000970E6D4B4621462846B047EFE709F165
:10DC800001099CE7638894F84A60232B7FF68FAEE6
:10DC9000686E036821461B68984700287FF487AEAA
:10DCA00095F86830B3427FF461AF04F14B0606AAE1
:10DCB00004F16B0730687168134603C30836BE422F
:10DCC0001A46F7D106AA0EA905F16800FFF7E5FA92
:10DCD00063882FAF213B324639460EA800F001FB86
:10DCE00000287FF743AF2B68CDE900700EAA1E6EA7
:10DCF000214606AB2846B047FF23237036E794F849
:10DD00004A308DF818306388032B7FF650AE686E6A
:10DD1000036821461B689847064600287FF447AEF3
:10DD20002B680EAA1F6F06A904232846B84704F1E2
:10DD30004B0A80460DF139090DF1BC0B464590DACE
:10DD400063884846013B5246594600F0CAFA00280B
:10DD500009F121090EDD2B682278CDE900B006EB30
:10DD600046165F6F0EAB3344C2F38302214628464A
:10DD7000B84776E70136E1E70EA8FFF78CF90EAE5B
:10DD800004F14A0304F16A0718685968324603C26D
:10DD90000833BB421646F7D16388D4F86A90632BE8
:10DDA0007FF605AE20220EA905F1680015F065F892
:10DDB00000283FF4FCAD686E036821461B68984755
:10DDC00000287FF4F4AD0EAF0FCF2FAE0FC6B4F81E
:10DDD000028097E80F00A8F16408B8F1200FA8BFEF
:10DDE0004FF0200804F1AE0A86E80F004246514683
:10DDF00038A8CDF8DC9015F0D4F908F124032FAA47
:10DE000004F16E010EA8FFF74EF900283FF4CFADE4
:10DE10002B68CDE900A80EAADE6D21464B462846A8
:10DE2000B0471EE703F00303023B012B3FF6BFADF3
:10DE3000686E036821461B68984700287FF4B7ADD9
:10DE40002B682146DB6E284628E66288022A7FF688
:10DE5000AEAD94F84A3003F00F03032B7FF4A7AD67
:10DE6000042A7FF6A4AD2FA800F05EF8237822796B
:10DE70008DF8BC3004F10A010DF1C60000F078F80D
:10DE80006288ADF8C000013A92B204F14B010DF581
:10DE90008370ADF8BE2015F084F9686E03682FA971
:10DEA0001B68984700287FF482AD2B68DDF80621B7
:10DEB0009B6F2FA92846984779E500BF2DE9F041CF
:10DEC0000D7825F0030545F002050D700646406EFD
:10DED0000368002517460C468D801B6898473B4613
:10DEE0002A4621463046BDE8F041FFF7ADB82DE99E
:10DEF000F0410D7825F0030545F003050D701F4630
:10DF00001388CB800646406E53880B81036800253A
:10DF10000C468D801B6898473B462A462146304672
:10DF2000BDE8F041FFF790B8002202708280428085
:10DF3000704700F03F038009032800F1010206D07A
:10DF400013FB02F04028CCBF0020012070470020C6
:10DF5000704710B5930902F03F0403FB0444402CC2
:10DF600004DC224615F01DF9204610BD0024FBE715
:10DF700010B51446FFF7EDFF204610BD83889A09BF
:10DF800003F03F0302FB033342880078DBB2023325
:10DF900010F00300134405D0C21E504250418000CF
:10DFA000184470470420FBE770B503780B70092212
:10DFB00003F0030322FA03F3DB0741BFC388A1F890
:10DFC00001300389A1F8033054BF0123052382885F
:10DFD000CA545E1C0D460446027900F10A01A819D4
:10DFE000FFF7B7FF3044C6B2628804F14A0155FA20
:10DFF00080F015F0D6F86388F018C0B270BD2DE936
:10E00000F8430B780370164603F003020923D3404C
:10E0100013F001031DBFB1F80130C380B1F8033024
:10E0200003810BBF4FF001094FF00509C380038145
:10E0300011F80940848005462046FFF77AFF88469C
:10E04000074618B900273846BDE8F883A30904F04D
:10E050003F0403FB044409F10109E4B222464944A8
:10E0600005F10A0015F09DF809EB0403DBB2B34299
:10E07000E8D2F21A92B2B82A6A80E3D808EB030118
:10E0800005F14A0015F08DF8DDE730B50446A1B082
:10E0900002A80D4608F0B6F923780122C3F38303E2
:10E0A0000DF1070102A88DF8073008F093FA9DF8EA
:10E0B0000730092B04D10222211D02A808F08AFA98
:10E0C000628804F14A0102A808F084FA08220DEBE4
:10E0D0000200294608F0B0FA02A808F079F921B048
:10E0E00030BD37B50368144604220D461B680DEB9E
:10E0F000020198470198621BB0FBF2F302FB130088
:10E10000284403B030BD0000F0B50B4D03468E1817
:10E11000B14203F1020303D1002300F81230F0BD35
:10E1200011F8014B270904F00F04EF5D2C5D03F893
:10E13000027C03F8014CEBE7204F02082DE9F04187
:10E14000DFF8308005460C468F18BC4201D1BDE88F
:10E15000F08114F8016B330906F00F0618F803106C
:10E16000284611F009FD18F80610284611F004FDA4
:10E17000EBE700BF204F0208F0B59FB01F461646E0
:10E18000044668460D4608F03DF93A463146684671
:10E1900008F020FA2A462146684608F04DFA6846FB
:10E1A00008F016F91FB0F0BDF0B59FB01F46164637
:10E1B000044668460D4608F025F93A463146684659
:10E1C00008F008FADDE92412684608F003FA2A4646
:10E1D0002146684608F030FA684608F0F9F81FB0A2
:10E1E000F0BD2DE9F041B0B0064601A815460C4639
:10E1F0001F4607F0D1FA3146102201A807F07CFA39
:10E200002E46A6EB0508B84506DB01A807F05AFA2A
:10E21000404630B0BDE8F0813246214601A807F003
:10E22000ABFC10341036ECE72DE9F043B5B00646F0
:10E2300005A81C460F46154607F0AEFA31461022D7
:10E2400005A807F059FA07EB04092E190F2CA9EBC2
:10E250000405A6EB040819DC002C0FDD10220021B8
:10E2600001A814F034FE2246414601A814F099FF9B
:10E27000294601AA05A807F06BFB103505A807F091
:10E2800021FAED1B284635B0BDE8F0834246294609
:10E2900005A807F05DFB103CD8E7F0B58F1CA1B0D6
:10E2A0000E4639460546FFF7BFFF044602A808F0B0
:10E2B000A9F8294602A8202208F00BFA224639467E
:10E2C00002A808F087F9022300932022334629464A
:10E2D00002A808F016FA02A808F07AF8A01C21B0EB
:10E2E000F0BD2DE9F043022BA3B005460F461646BC
:10E2F0001C4603DC002023B0BDE8F08304A808F02E
:10E3000081F806F102082022294604A8023C08F000
:10E31000E0F94FF002092246414604A808F05AF9F4
:10E320002022294603AB04A8CDF8009008F0E9F9B3
:10E3300004A808F04DF84A46314603A814F09DFDA4
:10E340000028D7D12346424639462846FFF749FFE1
:10E35000D1E703780B70427862B343F010030B707F
:10E360008368C1F80130C368C1F805300923028A07
:10E3700032B10A7842F020020A70028ACA5202338D
:10E38000428A32B10A7842F040020A70428ACA5286
:10E390000233426862B1127852B10A7862F07F02A9
:10E3A0000A704268013A12F8010F08B1202B03D11C
:10E3B000D8B270470123DAE7C8540133F3E738B520
:10E3C0000023837004460878E362C4E9093363706C
:10E3D000C30641BFD1F801306362D1F80530A362B2
:10E3E0004CBF09230123850642BFCD5AA5850233C0
:10E3F000450642BFCD5AE58502339A4220700DDBB7
:10E40000000609D5D51A07D02A461944A01C14F0D5
:10E41000C8FE62190023937001236370204638BD43
:10E420000079704701238380704700230371704790
:10E4300001207047002070472DE9F041254F044628
:10E440000D4602264FF00008E06803681B699847F4
:10E4500028B1E06803685B699847031E02DA002070
:10E46000BDE8F0816279012A07D0022A09D0AAB951
:10E470003C2BE9D101236371E6E7DBB2E3806671EF
:10E48000E2E7E288A4F8088007EA032313439BB27B
:10E49000002BE3800CBF00230323ECE72289AF2A83
:10E4A00098BFA11802F1010298BF0B74E38892B2E1
:10E4B0009A422281C8D3B02B84BFB023E380E28884
:10E4C00004F11001284614F06CFE0023E08863710B
:10E4D000C6E700BF00FFFF00B02A73B505460E4631
:10E4E00014464FF0000012D88DF80600E8688DF849
:10E4F00005203E238DF80430036803225B6801A9E0
:10E500009847E868036822465B683146984702B03E
:10E5100070BD0000014808F08EBF00BF8878002061
:10E52000012070470120704770470020704700208D
:10E53000704770477047002070470020704700F513
:10E540008043F0B50246D3F8685E0023184602F116
:10E55000C806B82741F2064C9D4201DD082800D1CB
:10E56000F0BD07FB03F491F800E0345DA64501BF60
:10E5700000EB0C0402EB8404013063600133EBE731
:10E5800002F5A0520632F0B500EB8202059D5468F8
:10E590009DF818609DF81C70DDF820C09DF824E0FF
:10E5A000002C19DB00F58042D2F8682EA24213DD60
:10E5B00003680595CDE908CECDE90667B822D3F802
:10E5C000A0500B7902FB0404AC4601F10A0204F1ED
:10E5D000C801BDE8F04060470020F0BD002BF0B559
:10E5E00022DD00F5A04500F5A446403507360020A1
:10E5F0002F780C78A74210D100F1010C00EB4010ED
:10E6000014182F4605F1200057F804EB44F804EBEA
:10E610008742F9D1387820706046B54203D09842DD
:10E6200005F14105E4DBF0BD0020FCE7F0B4052A6C
:10E630000E46DDE9044519460FD1042D20D9237972
:10E640009A081DD123686255053402680494D2F8F3
:10E65000BC403246A446F0BC6047062A10D1022DC9
:10E660000ED9A278033DAA420AD834F8033B0568C4
:10E67000CDE90442D5F8C0403246A446F0BC60471C
:10E68000F0BC704711461A460123FFF7CCB82DE9BC
:10E69000F0410D4604469DF81C2006999DF8208007
:10E6A000099F9DF8286005F14400FFF761FC85F89B
:10E6B0004200E06D03681B6898472368C5F888002E
:10E6C000D3F89C30294620469847B8F1030F0FD164
:10E6D000032E0AD923683946D3F898302046984744
:10E6E00018B104F5A0440023E3630120BDE8F081E4
:10E6F000B8F1010FF9D1002EF7D023683A46D3F8CC
:10E70000C880294633462046C047EEE780F0020025
:10E71000C0F34000704737B5036801920D46D3F847
:10E72000983001A90446984728B104F5A044002375
:10E73000E363FF232B7003B030BD036810B51B6883
:10E74000044698476368834228BF581C606010BD28
:10E7500008B5202214F091FBB0FA80F0400908BD02
:10E7600038B5044604F1980594F84330084633B9A7
:10E7700022462946FEF791FD012384F843302846BE
:10E7800038BD02F5A052063200EB820210B5536884
:10E79000002B0C4617DB00F58042D2F8682E9A4217
:10E7A00011DDB82202FB030300F1680103F1C80088
:10E7B000FFF7D6FF214600F1200350F8042B41F863
:10E7C000042B9842F9D110BDF0B50C4685B000F18C
:10E7D00068010546204616461F46FFF7C1FF002385
:10E7E000CDE90233CDE9007302462146334628467F
:10E7F000FEF791FE014648B140F6B833009394F815
:10E80000423004F144022846FFF76BF805B0F0BD32
:10E8100010B501238EB0CDE901310446002306A9CD
:10E8200001A80593FFF795FD06AA034604F16801C8
:10E830002046FEF7CAFD0EB010BD0000000000002B
:10E8400030B50D468FB0194640F201130446CDE9AC
:10E850000135104610A3D3E90023F1F72DFEF2F79E
:10E86000DBF80DA3D3E900230390DDE91201F1F7F2
:10E8700023FEF2F7D1F80023049006A901A805931E
:10E88000FFF767FD06AA034604F168012046FEF77C
:10E890009CFD0FB030BD00BF0000000080842E4101
:10E8A0002DE9F3411F4691F84230FF2B04460D46F7
:10E8B000164610D13A463146FEF7BEFE024640B338
:10E8C0002368D3F8D0602946C8232046B44602B056
:10E8D000BDE8F041604703685B6C984730B3314650
:10E8E00001233A462046FEF7B8FE0146A0B94FF490
:10E8F000FA7831463A462046FEF79EFE014640B180
:10E90000CDF8008095F8423005F144022046FEF72C
:10E91000E8FF02B0BDE8F081C823009395F84230CB
:10E9200005F144022046FEF7DCFFE0E74FF0C8089F
:10E93000DFE72DE9F04F03F5A053063300EB830327
:10E9400089B0D3F804B0BBF1000F0E46DDE9129791
:10E950001499044663DB00F58043D3F8683E5B45B9
:10E960005DDD4FF0B80808FB0BF808F1C805022A76
:10E97000054440F0C380052951D93A793B684FF0EE
:10E98000000A920807F801A052D1C06D05930268F1
:10E9900012689047A044059BC8F85001226807F10F
:10E9A0000508CDF80080D2F8A4A0294632462046BA
:10E9B000D0474046F2F76CFC804620230DF1180A40
:10E9C000B844CDE900533A46431D04215046FFF7B1
:10E9D000EBFB98F80630206E8DF81C30036801229E
:10E9E0001B680DF11D0198473078FFF78FFE062355
:10E9F000C0B1CDE902A303230193337900934A46C2
:10EA000006F10A0329462046FEF785FD024630B18D
:10EA100023682946D3F8D0602046C823B04709B000
:10EA2000BDE8F08F524629462046FFF739FFF6E74A
:10EA3000012A27D1026805370097D2F8A870294625
:10EA40003246B8473078FFF761FE0028E7D0CDE9BD
:10EA500002AACDF804A0337900934A4606F10A03CE
:10EA600029462046FEF757FD02460028D7D02368E6
:10EA7000D3F8D060534629462046B44609B0BDE8D5
:10EA8000F04F6047022ACAD180440593D8F85C2130
:10EA90009A4238BFC8F85C31C06D0268126890476E
:10EAA000B82202FB0B4B07F10908CBF85001226892
:10EAB000CDF80480791D0091059BD2F8ACA02946C1
:10EAC00032462046D0474046F2F7E2FB202301932E
:10EAD0000DF1180804F1680300933A4600F10903A8
:10EAE00004214046FFF760FB3078FFF70FFE042358
:10EAF00010B1CDE902837EE7424694E7002A56D161
:10EB000004298CD93B4600F5A44A0439076853F818
:10EB1000042BC9B20AF1500A0091CDF804A0D7F82D
:10EB2000C4702946B847034600283FF478AF3078D0
:10EB3000FFF7ECFDB0B1CDE902A3012301933379D6
:10EB400000934A4606F10A0329462046FEF7E3FCF5
:10EB5000024600283FF463AF2368D3F8D0604FF437
:10EB6000967388E7CDE900A301214B462A4620464B
:10EB7000FEF7E5FC014600283FF451AF04EB080323
:10EB800093F80A31FF2B0BD008F586724FF496707C
:10EB900012902244204609B0BDE8F04FFEF7A1BE16
:10EBA00023680246D3F8D0604FF4967363E7012AD6
:10EBB0007FF435AF00293FF432AF03683A46D3F80B
:10EBC000C890CBB22946C8473078FFF79FFD002890
:10EBD0003FF425AFA04498F80A31FF2B3FF41FAF54
:10EBE0002368D3F8CC70337906F10A02294620460F
:10EBF000BC4609B0BDE8F04F604700F5804370B4F3
:10EC0000D3F8682E0023194600F5A874B8259A4257
:10EC100006DC69B1C06D036870BC5B6801311847E0
:10EC200005FB03F60133A659B14238BF3146EEE782
:10EC300070BC7047F8B500F580470546D7F8684EB8
:10EC4000632C0E4608DC631CC7F8683EB82303FB40
:10EC50000404C8342046F8BDB1B14FF0FF30D7F8F6
:10EC6000687E2A4600240346BC4215DB002B11DBDC
:10EC7000B82202FB035303F1C8042B682146D3F8E2
:10EC8000903028469847E5E70368D3F888309847DE
:10EC90000028E2D10024DDE75EB192F8081129B91D
:10ECA000D2F85011814201D2084623460134B832CD
:10ECB000DAE792F80911C907F8D4D2F8501188425E
:10ECC000F4D992F808C1BCF1000F1CBF08462346D6
:10ECD000ECE7F8B50C4615460746B8220021204659
:10ECE0001E4614F0F4F82A4602F1200C254610685E
:10ECF00051682B4603C3083262451D46F7D1FF23F6
:10ED00002022A01884F84230B11C01F0B5F8337805
:10ED100003F00F0384F840303378F86DDB0641BF11
:10ED2000736AC4F88C30B36AC4F89030069BC4F898
:10ED3000843003681B689847C4F88800F8BD2DE943
:10ED4000F04FBFB004460E46904648999DF82421E6
:10ED500004A81F46FFF733FB9DF81130002B51D05C
:10ED60009DF81230002B4DD004F580434FF0000980
:10ED7000D3F868AE04F1C803CA4534DC002596F820
:10ED800000B004F5A44A2BF0030343F001030AF199
:10ED9000500A337051463046FFF706F9B1460390EA
:10EDA00009F80ABB002D6AD19DF81010236801F004
:10EDB0000F01D3F880302046984748BB10A8FEF7D3
:10EDC0006AF904AB424610A920460097FFF781FF7D
:10EDD0002368CDF80090D3F894503379012210A91C
:10EDE0002046A8470EE0194640461D46FFF7B0FCF6
:10EDF00005F1B80348B1B82303FB0949D9F84C31F0
:10EE0000BB42BCD33FB0BDE8F08F09F10109B3E7C5
:10EE100023682046D3F88C30984720B1B38803F09C
:10EE20003F038342CAD200212046FFF703FF054675
:10EE3000C8B910A8FEF72FF904AB424610A9204626
:10EE40000097FFF746FF2368CDF80090D3F8945061
:10EE500033792046012210A9A84723682046D3F819
:10EE600084309847CEE704AB0146009742462046DF
:10EE7000FFF72FFF0023C5F8943085F8433023684F
:10EE8000039A0092D3F8DCB0414653462022204634
:10EE9000D84720220DF11201A81800F0EDFF9DF8CF
:10EEA0001030C5F8847003F00F0285F84020DB06AF
:10EEB00048BF0D9BE06D42BFC5F88C300E9BC5F876
:10EEC000903003681B6898472368C5F88800CDF820
:10EED0000090D3F894703379002229462046B84731
:10EEE00090E72DE9F047ACB00746DDF8D0A05046DA
:10EEF000884615461E46F2F7CBF9A02804463BD8B3
:10EF0000032E01D99E2837D806F003035146621C10
:10EF10000DF10D0002958DF80C300DF1080914F07B
:10EF200040F9651D202307F1680ACDE900A3359853
:10EF30002B464A460421FFF737F9032E0DD905F178
:10EF4000B0030DEB0305002305F8A83C04F1B00362
:10EF5000E51D0DEB030404F8A26C51464046FFF793
:10EF6000FFFBCDE900950346424602213846FEF7F5
:10EF7000E6FA2CB0BDE8F0870020FAE72DE9F34768
:10EF8000DDE90B5901950A9D009504460E46FFF7F1
:10EF9000A8FF054630B3276D3B68D3F80880FEF71D
:10EFA000EDFF01463846C04796F84230FF2B074632
:10EFB00004F5A04819D123682A46D3F8D0A03146D9
:10EFC00000232046D04723683946D3F8B030204686
:10EFD00098470146C9F800002046FDF7ADFDC8F886
:10EFE0003C00012002B0BDE8F087002200922946D3
:10EFF00006F144022046FEF774FC236896F842208E
:10F00000D3F8B4303946204698470146C9F8000085
:10F010002046FDF791FDC8F83C000220E2E72DE90B
:10F02000F047ACB0DDE93498044648460D469246B8
:10F030001F46F2F72DF9A028064603D900202CB070
:10F04000BDE8F08707F00307421C494647F0040774
:10F050000DF10D00CDF808A08DF80C7014F0A1F89A
:10F0600004F168012846FFF77BFB053602AA034638
:10F070000196009202212A462046FEF760FA0646D3
:10F080000028DBD0276D3B68D3F80890FEF776FFA9
:10F0900001463846C84795F84230FF2B074604F52D
:10F0A000A04917D123683246D3F8D0A029460023BF
:10F0B0002046D04723683946D3F8B03020469847D9
:10F0C0000146C8F800002046FDF736FDC9F83C00AF
:10F0D0000120B4E700220092314605F144022046A7
:10F0E000FEF7FFFB236895F84220D3F8B430394689
:10F0F000204698470146C8F800002046FDF71CFD51
:10F10000C9F83C0002209AE72DE9F041B4B0164658
:10F110000022054602918DF80C201A49DDF8EC809A
:10F120001A460DF10D0013F0E7FD0DF10D00F2F799
:10F13000AFF800EB0802A02A0DF10D03C8BFC0F123
:10F14000A00803443A9904464246184614F029F8A8
:10F1500005340027444400F808703246009402AB9E
:10F1600005212846FEF742FA024638B12B682846A8
:10F17000D3F8D44031463B46A047012034B0BDE827
:10F18000F08100BF584F02082DE9F041ACB00546B0
:10F19000349CA52C0F4690461E4603D900202CB067
:10F1A000BDE8F081BDF8C830ADF808308DF80A40F0
:10F1B0002CB1339922460DF10B0013F0F2FF03340A
:10F1C0000621009402AB3A462846FEF70FFA0146A4
:10F1D0000028E3D0FF2E09D12B680246D3F8D44093
:10F1E000394600232846A0470120D8E70023009392
:10F1F000424633462846FEF774FBF5E7F7B5036849
:10F2000000F5A4465036D3F8D850202233460446A1
:10F21000A847074610B9002003B0F0BD2046FDF70F
:10F2200067FC05460028F6D0FAB23146FEF7E7FE45
:10F230000023204601AA29460193FEF758FE01202B
:10F24000EAE71346026810B5D2F8D8402022A0475A
:10F25000C0B210BDF8B505460E461746FDF748FC8E
:10F26000044610B900263046F8BD31463A46FEF74E
:10F27000C6FE064688B12378C3F38302042A0CD164
:10F2800043F001032370686E036805F5A0455B68D1
:10F2900021469847C5F84C42E5E721462846FDF748
:10F2A0003BFCDFE72DE9F0430E468BB00446C06D12
:10F2B0001F469046FFF741FA96F840300490032B22
:10F2C00044D1D6F8943005934046F1F7E1FF0F287A
:10F2D00028BF0F2005460246414606A813F061FFED
:10F2E000083504F1680841463046FFF739FA04ABA7
:10F2F000CDE9000302953346424607212046FEF73A
:10F3000049F90546F8B1D4F85080D8F80030D3F860
:10F310000890FEF733FE01464046C84796F8423053
:10F32000FF2B804620D123682A46D3F8D09031465F
:10F3300000232046C84723684146D3F8B030204612
:10F340009847386001200BB0BDE8F0834046F1F7E4
:10F350009FFF0F2828BF0F2005460246414605A8FB
:10F3600013F01FFF0435BCE700220092294606F186
:10F3700044022046FEF7B5FA236896F84220D3F8F7
:10F38000B43041462046984738600220DBE72DE93B
:10F39000F043B3B00446C06DDDF8EC800E4617466E
:10F3A0001D46FFF7CAF93A9B049018602A46394671
:10F3B00005A804F1680713F0F4FE39463046FFF75C
:10F3C000CFF9043504ABCDE90003029533463A4644
:10F3D00007212046FEF7DEF80546F0B1276D3B68B1
:10F3E000D3F80890FEF7CAFD01463846C84796F89C
:10F3F0004230FF2B074613D123682A46D3F8D0901A
:10F40000314600232046C84723683946D3F8B03038
:10F4100020469847C8F80000012033B0BDE8F083CB
:10F4200000220092294606F144022046FEF759FACE
:10F43000236896F84220D3F8B430394620469847DE
:10F44000C8F800000220E8E72DE9F043B1B0A82B8E
:10F45000DDF8E48004460E4617461D4603D9002019
:10F4600031B0BDE8F083C06DFFF767F9389B0290BB
:10F4700018602A46394603A813F093FE04F1680188
:10F480003046FFF76DF90435EDB202AA0346019547
:10F490000092002132462046FEF751F8054600282A
:10F4A000DDD0276D3B68D3F80890FEF767FD014675
:10F4B0003846C84796F84230FF2B074611D12368DB
:10F4C0002A46D3F8D090314600232046C847236807
:10F4D0003946D3F8B03020469847C8F800000120DC
:10F4E000BEE700220092294606F144022046FEF7BC
:10F4F000F8F9236896F84220D3F8B430394620460C
:10F500009847C8F800000220AAE72DE9F04786B026
:10F510000446C06DDDF838900E4615461F46FFF7CD
:10F520000CF94FF0000802903860206E8DF80C50F6
:10F53000CDF80D80036804221B680DF11101984776
:10F5400004F168013046FFF70BF90D22019202AA7F
:10F5500003460092414632462046FDF7F0FF05463D
:10F56000F0B1276D3B68D3F808A0FEF707FD014610
:10F570003846D04796F84230FF2B074613D1236810
:10F580002A46D3F8D0A0314643462046D0472368C8
:10F590003946D3F8B03020469847C9F8000001201A
:10F5A00006B0BDE8F08706F1440229462046CDF8B2
:10F5B0000080FEF796F9236896F84220D3F8B4301D
:10F5C000394620469847C9F800000220E8E72DE9AF
:10F5D000F84300F5A64507460C46914650354FF0D6
:10F5E00000084FF0FF36AB6A33B121462846FFF7DB
:10F5F000AFF810B1464609E0464608F10108B8F1F7
:10F60000100F05F13005EED1731C26D0302303FB1B
:10F6100006760FCC06F5A64550350FC594E80F00C9
:10F6200085E80F004FF47A7303FB09F145F2783354
:10F630003846F150FDF780FA45F270330022F05061
:10F64000F86D45F27C33F25003681B68984745F229
:10F650007433F0500120BDE8F8830020FBE7F8B5D3
:10F6600000F5A64504460F465035002620223946AF
:10F67000284613F002FC78B9302303FB064345F219
:10F680007832985045F27032985045F27C3298505A
:10F6900045F274329850F8BD0136102E05F1300550
:10F6A000E4D1F8E770B500F5A64500F5AC440E4688
:10F6B00050355034AB6A2BB120223146284613F026
:10F6C000DCFB20B13035A542F4D1002070BD012013
:10F6D000FCE7F8B500F5A64405460F465034002671
:10F6E000A36AC3B139462046FFF732F898B1E86DF6
:10F6F00003681B689847302404FB065445F27433B2
:10F70000E05045F278332846E158FDF715FA45F206
:10F710007033E050F8BD0136102E04F13004DFD113
:10F72000F8E72DE9F84300F580430E46D3F8689ECC
:10F73000174600F1C8040025A94504DC4FF0000875
:10F740004046BDE8F88320463A46314613F095FB23
:10F75000A046B8340028F3D00135EDE7F8B500F540
:10F76000A64605460F467C36002456F8043C2BB3CB
:10F7700004223946304613F080FBF8B930235C434D
:10F780002E1945F27C33F050E86D03681B689847EA
:10F7900045F27433F05045F278332846F158FDF7BE
:10F7A000CBF945F2703304F5A6415031F0502944AD
:10F7B00028462022BDE8F840FFF7B3BF0134102CE3
:10F7C00006F13006D1D10020F8BD38B50D4691F8CC
:10F7D0004010B1FA81F14909FFF72CFA044638B11B
:10F7E000B822294613F0DDFC002384F843300120C1
:10F7F00038BD2DE9F04700F5804A0546DAF8684E35
:10F80000894600F1C8080027BC421CDD4046494635
:10F81000FEF79EFF08F1B808064608B90137F3E77E
:10F82000631ECAF8683EB82303FB07F0E21B00F52D
:10F83000C0715A43C830B83A2944284413F02DFB0C
:10F840003046BDE8F0870026FAE703464138C0B2EB
:10F85000192814D9A3F16102192A02D8473BD8B25A
:10F860007047A3F13002092A01D80433F7E72B2BA4
:10F8700004D02F2B14BFFF203F2070473E2070473D
:10F8800070B5054606463078FFF7DFFF34463F285F
:10F8900006F10106A4EB050301D89942F3D89808B4
:10F8A00013F0030318BF03F1FF3300EB40001844CB
:10F8B00070BD2DE9F04104461746FFF7E1FF3E46D3
:10F8C0000546214606F10308A8EB0703013B9D42CC
:10F8D00001F104040CD80323B5FBF3F303EB43035A
:10F8E000EB1A012B30D0022B3AD02846BDE8F0812C
:10F8F00014F8040CFFF7A9FF014614F8030CFFF7F6
:10F90000A4FF890041EA101108F8031C14F8030C45
:10F91000FFF79BFF014614F8020CFFF796FF090161
:10F9200041EA900108F8021C14F8020CFFF78DFF61
:10F93000014614F8010CFFF788FF40EA811008F82F
:10F94000010C46462146BDE70878FFF77EFF0446D6
:10F950004878FFF77AFFA40044EA10143470C4E733
:10F960000878FFF772FF04464878FFF76EFFA4009F
:10F9700044EA101434704878FFF767FF044688782B
:10F98000FFF763FF240144EA90047470ADE72DE9AA
:10F99000F84300F5A0480746D8F84842072C8946A6
:10F9A000154603DD00252846BDE8F88304EB8414E2
:10F9B00004F5A0464136064420220021304613F0CB
:10F9C00086FA2846F1F764FC324601462846FFF7DE
:10F9D00070FF2028034601D01028E3D104F5A0458C
:10F9E00040353D4404F5A0443246012128466134A7
:10F9F000FEF7C2FB20224946381900F03DFAD8F83C
:10FA000048320133C8F84832CDE7072908B5034624
:10FA100010460AD801EB8111194401F5A041412299
:10FA2000403113F0BEFB012008BD0020FCE70000C0
:10FA30000729F8B5064615461CD801EB811445F296
:10FA40004007204441222946384413F0AAFB0A49C2
:10FA5000102205F1110013F010FAE11903466A1C97
:10FA600070182BB910230121FEF786FB0120F8BD89
:10FA70002023F8E70020FAE78C78002070B500F525
:10FA8000A044413400254E1C20222146304613F06C
:10FA9000F4F930B10135082D04F14104F4D14FF0EF
:10FAA000FF35284670BD08B50346104603F5804271
:10FAB000D2F8682E8A4207D9B82202FB0131C83138
:10FAC00013F06FFB012008BD0020FCE70020704709
:10FAD0000346104601F5804210B5D2F8682E1C6826
:10FAE000944209DA621C1A60B82202FB0411C83180
:10FAF00013F057FB012010BD0020FCE738B5044689
:10FB000004F5A045FDF709FCE96B51B12046FDF76E
:10FB100007F830B123682046D3F8B830984700235F
:10FB2000EB63D5F84C1259B1236820461B689847FF
:10FB3000D5F84C122046FCF7EFFF0023C5F84C32F5
:10FB400038BD000070B50546D2B00B4616461049C8
:10FB50004268684613F0D0F82868694607F09BFDB4
:10FB6000044690B1296800236A460AA807F089FD77
:10FB70000AA807F007FF044638B10AA93046FDF786
:10FB800003FB04460AA807F0B5FE204652B070BD3C
:10FB90004850020830B50446D3B00B4615460F490D
:10FBA0004268684613F0A8F82068694607F07FFDB0
:10FBB000216801236A460AA807F063FD0AA807F036
:10FBC000E1FE044630B10AA92846FDF7F4FA0AA876
:10FBD00007F090FE204653B030BD00BF48500208E9
:10FBE00000207047806A704740697047836953F806
:10FBF000210070476FF06043994270B534BF8E00AA
:10FC00004FF0FF36044630460D46F6F78CFC206078
:10FC10002846F6F788FC60603046F6F784FC00233F
:10FC2000C4E902052361204670BD4B1C30B5024675
:10FC300005690DD000231846AB4200DB30BD946847
:10FC400054F82340641A002CD8BF01300133F3E785
:10FC50002846F3E71830FFF7E8BF70B5024604699D
:10FC60004FF0FF330020FF2584420ADC002B26DB07
:10FC70001168013C51F823001461116999420EDCAE
:10FC800070BD966856F82060761A002E05DC56681E
:10FC9000365CAE423CBF034635460130E4E799008E
:10FCA00014680431655844F823505468E5186D7899
:10FCB000E5549468615844F823100133DDE70020CF
:10FCC000DEE71830FFF7C9BF2C30FFF7C6BF026967
:10FCD0008A4230B5034618DD0068013A50F8210029
:10FCE0001A611A698A4200DC30BD8A001C6804323D
:10FCF000A55844F821505C6865186D7865549C6877
:10FD0000A25844F821200131EBE70020ECE7002164
:10FD10000430FFF7DCBF1830FFF7D9BF30B5D0E9AA
:10FD20000354AC420CD0056845F8241041680A55CC
:10FD30000269816841F8223001320261012030BD40
:10FD40000020FCE700231A460430FFF7E7BF70B538
:10FD5000044618300D46FFF7E1FF30B92368294605
:10FD600020465B68BDE87040184770BD70B513460B
:10FD7000044600222C300D46FFF7D0FF30B923682F
:10FD8000294620465B68BDE87040184770BD0000FA
:10FD90002DE9F0410646134B46F8043B04460D4658
:10FDA0003046FFF727FF294604F11800FFF722FF2E
:10FDB000294604F12C00FFF71DFF0027AF4202DBAC
:10FDC0002046BDE8F0814FF48270F6F7AAFB80462A
:10FDD000FEF7AAF800231A4641463046FFF79EFF79
:10FDE0000137EBE75C500208431E0F3013F8012F78
:10FDF0001AB98342FAD1012070470020704730B50C
:10FE0000A3B0054604A80C4606F0FCFA10220DEB40
:10FE10000200294606F05DFC23780122C3F3830328
:10FE20000DF10D0104A88DF80D3006F0D3FB6288AA
:10FE300004F14A0104A806F0CDFB0223102200932E
:10FE400029460DF10E030DEB020006F05AFCBDF839
:10FE50000E3053B90123ADF80E3004A8BDF80E40A2
:10FE600006F0B6FA204623B030BD4FF6FF7293423B
:10FE7000F3D14FF6FE73EEE701390244131A012B5A
:10FE800002D800230370704711F8013F002BF8D00F
:10FE900000F8013BF2E70139012A02D8002113F0F2
:10FEA00016B811F8013F002BF8D000F8013B013AD9
:10FEB000F2E70000024A137843F010031370704712
:10FEC0009C78002038B50446406811490368D3F88F
:10FED000B0309847236820461B6D9847034684F846
:10FEE000240060680268082B8CBF10212021126E4C
:10FEF0009047084BA06800251D7003689B6B9847CE
:10FF0000012801D1FFF7D6FFA561A583256238BD81
:10FF1000B5FE00089C780020838B41833F2B82BF75
:10FF20000023838303627047034B187800F0EF00CF
:10FF3000431E5842584170479C7800202DE9F041FB
:10FF4000174E347814F0100405460F46904616D02C
:10FF5000406803680121DB6E9847041E0DDD686868
:10FF600044450368A8BF44461B6B22463946984760
:10FF700090B16B6901336B610024002333703378D7
:10FF8000012B06D0686803689B69984708B901236C
:10FF900033702046BDE8F081EB680133EB60ECE79D
:10FFA0009C780020406808B50368DB6F98474FF4E1
:10FFB0007A73B0FBF3F008BD10B5044640680368DF
:10FFC0009B6A9847A06803689B699847014B002289
:10FFD0001A7010BD9C78002070B5094E3378DB068E
:10FFE00004460CD40368DB6B9847054638B9236890
:10FFF00020461B6C984735702583A583256270BD0C
:020000040801F1
:100000009C78002010B5174B1A78838B012A044680
:1000100017D13F2B17D80368DB6B984780B923684B
:100020002046DB6C9847F1F779F8B4F918300D33B6
:10003000984205DCA38B0133A383236A0344236224
:1000400010BD3F2BFCD9236A002BF9D0B8BF3F333A
:1000500043F38F136FF077029342B8BF13462383A5
:100060000023ECE79C78002006490B78024613F049
:10007000100005D000230B701369013313610120B8
:10008000704700BF9C7800200739234B2DE9F041D1
:1000900053F821800446014640461546F1F71EF804
:1000A000C0BB2846F0F79EF91C4B0022F0F704FA7B
:1000B00002460B4600201A49F0F746F806460F465E
:1000C00020464146F0F744FDF0F79EF9154B00221B
:1000D000F0F71CFB02460B4630463946F0F7ECF9C8
:1000E0000F4B002204460D46F0F758FC60B1002289
:1000F000002320462946F0F76FFC40B120462946F0
:10010000F0F7D2FCBDE8F081054D0024F6E70024AD
:100110000025F3E70020F5E7885002080000703F53
:100120000000F03F0000244040686FF0004105F0FF
:1001300070B9406803685B6D18470000406808B5F7
:1001400003681B699847024B00221A7008BD00BF64
:100150009C780020F8B50446806803685B690D460A
:10016000164698476068036832465F6A294600234E
:10017000B84720B9064B03221A700120F8BD20466B
:10018000FFF7DCFFA06803689B6998470020F5E74C
:100190009C78002038B5B0F91A30044693B1036852
:1001A000DB6C9847B4F91A300546B4F918001844C6
:1001B000F0F784FD01462846F0F790FF003818BF9D
:1001C000012038BD1846FCE70846114606291A46A4
:1001D00001DDFFF759BF0020704700207047000085
:1001E000F0B51D4F1D4CD7F8E03585B000220092C8
:1001F0001B4A04EA832303EBC12307CA01AD85E848
:100200000700D7F8E02504EA822203F1FF6602F135
:10021000FF6106F5F02601F5F021B14218D802F190
:100220000062013AB24213D3A3F50043DB0A029302
:10023000F1F72CFF69462846F1F7BAFF0446F1F7BB
:1002400037FF002C14BF6FF00400002005B0F0BD94
:100250006FF01500FAE700BF0070FF1F00FCFF03FE
:10026000CC3E02082DE9F047204E214FD6F8E0455C
:1002700007EA842404F1FF6404F5F02414441D46C5
:1002800004EBC124F1F702FF804678B9089B23F004
:10029000070303EB04096FF0784AA1450AD1F1F78F
:1002A00007FF40EA080010F0FF0001D06FF00400E3
:1002B000BDE8F087D6F8E03507EA832303F1FF6253
:1002C00002F5F022A24202D85344A34204D2F1F72D
:1002D000EFFE6FF01500EBE72146F5E80223012061
:1002E000F1F720FF08348046D7E700BF0070FF1FFA
:1002F00000FCFF0338B518461546049A8BB182B14D
:10030000094B0A4CD3F8E03504EA83242C4404F169
:10031000FF6404F5F02404EBC12112F042FF002039
:1003200038BD6FF01500FBE70070FF1F00FCFF03F6
:1003300010B5034B0360044607F054F9204610BD86
:10034000A850020810B50446FFF7F2FF20465021DE
:10035000F6F7EBF8204610BD10B50449044607F047
:1003600049F9034B2360204610BD00BF180100204F
:10037000A850020813B500238DF807309DF8073008
:10038000044603F0FF014BB1204607F056F9002167
:10039000204602B0BDE8104007F03EB907F03CF936
:1003A0000028F1D002B010BD0148FFF7D5BF00BF53
:1003B000A078002008B50248FFF7BAFF08BD00BFCB
:1003C000A0780020028BC08A101A7047C28A018B65
:1003D000914288BF0169034683BF885C0132DA829B
:1003E0004FF0FF307047028BC38A9A4286BF026982
:1003F000D05C4FF0FF307047806DD0F8DC302BB10F
:1004000000234384D0F8E030D43018477047000010
:1004100070B54FF47A730E460021C0E9011303460C
:1004200015462B4A43F8C42B0446C0F8C4109C223E
:10043000C3E90111C0E93411C0E93611C0F8E01078
:10044000283012F044FDF3B21A2B19D8214A52F881
:10045000233006F4E0661E43EBB21A2BC4F8846026
:1004600022D81C4A52F8233005F4E0651D430023CE
:10047000C4F88850E36123842361A382204670BDC1
:1004800006F0C002C02A0CD1C72B0AD8124B06F0C6
:100490003F0206F4E06653F822200E4B53F8223058
:1004A000D9E74FF0FF36D7E705F0C002C02A0CD1DC
:1004B000C72B0AD8084B05F03F0205F4E06553F856
:1004C0002220044B53F82230D0E74FF0FF35CEE71F
:1004D000B8500208744302085443020838B5044671
:1004E000283000F083FCE06918B112F063F90023B2
:1004F000E36120690025258410B112F05BF92561C4
:10050000A58238BD38B50546074B45F8D43B0446AF
:10051000FFF7E4FF2846F5F714FD04F1C400F5F7F2
:1005200010FD204638BD00BFB85002080123994095
:1005300080F82430002381764384704738B5838A5D
:100540008B4205460C4609D2202938BF2024006979
:10055000214612F051FA10B12861AC8238BDFEE795
:1005600073B5846D866ED4F8CC300546E3B1E28A6B
:10057000238B9A4218D331462046FFF7DFFF2069CC
:10058000324605F1740112F00CFE0023E382D4F828
:10059000CC30268301960BB910F0DAF8D4F8D030BD
:1005A00001A904F1C400984702B070BDB1F5806F95
:1005B00070B505460C4610D8038C99420AD92029FB
:1005C0000E4638BF2026C069314612F015FA18B120
:1005D000E8612E84204670BDFEE70024FAE713B5DB
:1005E00090F824308DF8071004467BB1418C01311E
:1005F000FFF7DCFF40B1638CE2699DF80710D1542E
:10060000638C01336384012002B010BD01220DF11F
:100610000701283000F03AFCB0FA80F04009F3E717
:1006200070B590F8243004460E46154693B1418CBF
:100630001144FFF7BBFF10B90025284670BD638C3D
:10064000E0692A461844314612F0ABFD638C2B4416
:100650006384F2E792B2283000F018FC0028EBD156
:10066000EBE70346006918B19A8A002112F02FBC0B
:1006700070470346C06918B11A8C002112F027BCDC
:10068000704738B50446C9B9AA23A36594F8BE30AB
:10069000012B16D1638CE269A17E04F1280000F0E1
:1006A00076FC042828BF042045B22046FFF7E1FF6E
:1006B0000023638484F82430E8B238BD4FF42A4321
:1006C000E3E70425F8E72DE9F04790F8BEA09DF890
:1006D00020509DF82490BAF1010F04460F461646AB
:1006E000984637D111467F00FFF728FFFFB2CDB102
:1006F000032D28BF0325013D0023EDB284F824A07B
:10070000A7766384ED00236828FA05F11B68C9B257
:100710002046083D984715F1080FF4D100212046E6
:10072000FFF7AFFFB9F1000F11D1AA23A36522692A
:100730003346394604F1280000F0C2FB002818BFF8
:1007400000260023E38226833046BDE8F0874FF47D
:100750002A43EBE70026F7E707B501930023009350
:10076000FFF7B1FF03B05DF804FB0123FFF7F4BF0F
:100770000121FFF786BF38B504460025C5820583F1
:10078000FFF76FFF65842046FFF773FF38BD000059
:10079000F8B50446D0F884000FF036FC00210FF0C5
:1007A000F9FCD4F88420130913F00C0645D103F0AA
:1007B0000F03254D254F55F8231002F00F0257F86F
:1007C00022300A6993433DD0D4F888000FF01CFC16
:1007D00001210FF0DFFCD4F888001D4B010911F056
:1007E0000C0F1B682CD100F00F021A4C57F8227026
:1007F000B3FBF4F3184A0A2401F00F0163431426F3
:1008000055F821C0CCF82870D2F804E05468A4EB65
:100810000E04A342FADCCCF81870D2F804C0546875
:10082000A4EB0C04A342FADC013EE9D10FF0ECFB8F
:100830003146BDE8F8400FF0ADBC00231B69FFDE78
:10084000B662FCE7F8BD00BF080000209C44020827
:100850004000002040420F00001000E02DE9F04170
:1008600004460025C58205831F460E469046FFF7C5
:10087000F8FE6584A5762046FFF7FBFED4F8DC3051
:10088000C4F8804033B104F1D401032208469847EC
:10089000C4E937550023012E84F824304FEA46037B
:1008A00084F825300CBF0123002384F8BE3084F87F
:1008B000BF8084F8C07002D12046FFF769FF04F1C1
:1008C000280594F825200949284600F0DBF994F81A
:1008D000BE304BB92846064900F0B1FB2846054911
:1008E000BDE8F04100F0A4BBBDE8F081A0860100A6
:1008F000F9030108610501080A4600230121FFF7F9
:10090000ADBF000002480822C021FFF781BD00BF33
:10091000F07800200148FFF7F5BD00BFF078002017
:100920004FF0B04382B09A6D02439A659B6D0340CD
:100930000193019B02B070472DE9F04F874B53F8AC
:10094000312082429FB00F4607D103EBC102D2F89B
:100950000480B8F1000F40F0FD801C228049814CDA
:1009600043F837007A4301EB5003B3FBF0F0A318D0
:10097000A2589D7E01EB5204B4FBF2FADC8A059486
:10098000059E1C8A1A8B0E92344414940E9E9C89E8
:10099000CDF83CA03444EA1C4243323CA41A24EA79
:1009A000E474059E0694DC89A41BA4F582740244B9
:1009B000A21A22EAE272079200FB05F208925A6834
:1009C000B1FBF2F215929A68B1FBF2F21692089A14
:1009D00002EB40023232129242420492129A0026F4
:1009E0001021821810910B964FF0FF3834070E9D9E
:1009F0001C94059CF1B22C441391129911946FF040
:100A00000105AAEB0404511A05FB024418940D9148
:100A10004FF00009149C0D9DAC4200F28A801C9C92
:100A200049EA04041B940024CDE902444B4C04EB36
:100A3000C7041D94069C029DAC4270D8079CAC4232
:100A40006DD3109C139DAC4269D00B9C0134072CD4
:100A50000B947FD85C8A039D17941B9C2C431A949B
:100A6000089C141B0094119C14440C94189C0A9428
:100A700000240194089D009C2C44179DA5423DD262
:100A8000009C323CB0EB940F38D21A9D019C2C4351
:100A90000C9D1994A2EB0A042C440A9D09959646D4
:100AA0004FF0000C169D0AEB040B5D451AD8159DFE
:100AB0005D4517D3B3F814B0F34513D8704511D280
:100AC000DDF824B00F9D1BEA240B38BFA346AB45CD
:100AD00008D2199D4CEA05081D9DC5F80480139D98
:100AE000CDE90FB5099DDDF810B00CF5807C5D44B3
:100AF000BCF5803F0C4409958E44D3D1019C049DE4
:100B000001340194009C0C4400940A9C2C440A94E7
:100B10000C9C0C440C94019CB4F5807FAAD1029CDF
:100B20000C440294039C04F58034B4F5801F0394B4
:100B300080D10D9C09F580190C44B9F1807F0D948A
:100B40007FF468AF04990136091A102E049102440B
:100B50007FF44CAF40461FB0BDE8F08FE079002035
:100B600000CA9A3BDC50020808B52C4B984216D1BB
:100B70004020F3F757FB002846D14FF0B0432849F7
:100B8000D3F888301B0903F4407343F440328A429F
:100B900038D001F580718A423BD0B3B3FEE7214BD8
:100BA000984215D18020F3F73DFB68BB4FF0B0436E
:100BB0001D49D3F888301B0903F4406343F44022F5
:100BC0008A421FD001F580618A4222D0EBB1FEE754
:100BD000164B98421FD14FF48070F3F723FB98B95E
:100BE0004FF0B0431249D3F888301B0903F4405347
:100BF00043F440128A4205D001F580518A4208D060
:100C00001BB1FEE70B4B186808BDBDE80840F3F7C1
:100C100063BA0948F8E70020F6E700BF0054004037
:100C2000000103000058004000040C00005C00407C
:100C300000103000400000200024F40008B50E4BE6
:100C4000994212D90D4B994207D80068FFF78CFFE3
:100C50000121BDE80840FFF76FBE094B994209D852
:100C60000068FFF781FF0221F3E70068FFF77CFFD0
:100C70000021EEE7002008BDA0860100801A0600D2
:100C800040420F00F8B50F4615460446002800F014
:100C90009F805049C06DF6F759F94F490646206EBE
:100CA000F6F754F90146002E00F09280002800F07B
:100CB0008F803046F6F771F92060002800F08880B8
:100CC000464B984204F1040650D14FF40010FFF750
:100CD00027FE4FF0B0439A6B02439A639A6B22F45B
:100CE00000129A6341F61E73A4F864303C4B1E60F8
:100CF0003949206EF6F712F93649E06DF6F70EF92C
:100D00002368636039462046FFF798FF0123C4E952
:100D100002050025C4E9043594F8973094F964007D
:100D2000A5615B1B18BF0123DB04236294F8983094
:100D300084F845505B1B18BF01235B0463622A469D
:100D40000221F1F70FF894F96400F1F73DF894F9F6
:100D500065002A460221F1F705F894F96500F1F7DC
:100D600033F83046F1F7B5FC70B3FEE71D4B9842FF
:100D700013D14FF48000FFF7D3FD4FF0B0439A6BCF
:100D800002439A639A6B22F480029A6342F2201320
:100D9000A4F86430124B5E60AAE7134B9842A7D1C7
:100DA0004FF40000FFF7BCFD4FF0B0439A6B0243D5
:100DB0009A639A6B22F400029A6343F23013A4F808
:100DC0006430074B9E6093E70223A06684F8953059
:100DD000F8BD00BF704202081C42020800540040E7
:100DE000D479002000580040005C004010B5044653
:100DF00090F96400F0F7F6FF94F96500F0F7F2FF60
:100E0000201DF1F7BCFC206E0321F5F7F9FFE06D22
:100E10000321F5F7F5FF2368194A93420ED14FF0ED
:100E2000B0439A6B42F400129A639A6B22F4001258
:100E30009A639A6D22F400129A6510BD114A93428A
:100E40000DD14FF0B0439A6B42F480029A639A6BD3
:100E500022F480029A639A6D22F48002ECE70A4A37
:100E60009342EAD14FF0B0439A6B42F400029A6386
:100E70009A6B22F400029A639A6D22F40002DBE777
:100E80000054004000580040005C0040202A30B56B
:100E900014D800239CB2A24207D890F8943013448F
:100EA000DBB280F89430002030BD90F89440CD5CE7
:100EB0001C440444013384F87450EBE70120F3E749
:100EC0002DE9F34705460F4690469946F0F7E6FAB6
:100ED0000024D5F830A006460435CDF800A04B46D6
:100EE000424639462846F1F759FD022806D1F0F767
:100EF000D5FA841B642CF0D906201FE008BBF0F75C
:100F0000CDFA06462846F2F728FC202809D0632CA3
:100F100007D8F0F7C3FA841B2846F2F721FC002813
:100F2000F0D02846F2F71CFC632C0CD882060AD4B9
:100F300043070AD4003818BF0120800002B0BDE882
:100F4000F0870420FAE70520F8E70320F6E710B55C
:100F5000642304460430F1F72BFC02280AD003284E
:100F600001D068B910BD94F84530202B0CBF022089
:100F70000520F7E794F84530202B18BF0620F1E74D
:100F800094F84530202B0CBF02200420EAE72DE91D
:100F9000F34704460E4691461F46F0F77FFA804617
:100FA0003FB901223146204602B0BDE8F047FFF7C5
:100FB000CEBFD4F830A000250434CDF800A03B46C5
:100FC0004A4631462046F1F775FC022807D1F0F772
:100FD00065FAA0EB0805642DEFD906201FE008BBD9
:100FE000F0F75CFA06462046F2F7B7FB202809D056
:100FF000632D07D8F0F752FA851B2046F2F7B0FBB5
:101000000028F0D02046F2F7ABFB632D0CD8820607
:101010000AD443070AD4003818BF0120800002B068
:10102000BDE8F0870420FAE70520F8E70320F6E79B
:1010300020B119B1C1660430F1F7C6BD704720B1C7
:1010400019B101670430F1F7BFBD704770B590F872
:101050009130012B04460E46A0F1040509D1436EE0
:101060003BB1836E28469847022384F891300023D1
:101070006366012E4FF0000312D1E26E84F89130C6
:101080001AB184F890302846904794F8902004F1E3
:10109000700120464FF00073BDE87040F1F7D0BCFE
:1010A0000122636684F89120616E743129442046E0
:1010B0004FF08073BDE87040F1F724BD10B590F893
:1010C0009130012B044604D1436E13B1836E043872
:1010D0009847022384F89130002363662046BDE8D8
:1010E0001040F1F771BD436E1F2BDEBF436E01331D
:1010F000436690F89130012BDAB206D1416E70311F
:101100004FF080730144F1F7FDBC7047002380F875
:101110009030704790F892300BB9F1F755BD704799
:10112000014B1868F1F764BDD4790020014B1868B1
:10113000F2F7F7B8D4790020014B5868F1F758BDA1
:10114000D4790020014B5868F2F7EBB8D47900202D
:10115000014B9868F1F74CBDD4790020014B986899
:10116000F2F7DFB8D47900202DE9F041104D2F4679
:1011700004468C4690469E46061D0FCF0FC697E844
:101180000700069B86E807001C35A362079BE36205
:101190000FCD04F13006C4E9088E0FC62B6833600A
:1011A000002363642046C4F800C0BDE8F08100BF9E
:1011B000D83E020810B50446006803685B6C984787
:1011C0002068216A036882689B6898472068216AC2
:1011D00003680269DB689847004B10BD500100208E
:1011E000006803689B6C18472DE9F0410D461946CD
:1011F000037C0446407CADF5067DDE08082B5FFAD3
:1012000085FC06EBD00663898D9FD0B295BF40EA7E
:101210000C004CEA122C8DF800008DF8010092BFF2
:101220000DF101008DF800C00DF10200AB423E440B
:101230003A462CD111F0B5FF206803685B6B9847E4
:101240002068216A0368C268DB68984720680368E1
:101250003246D3F83880694643ABC0472068216ADC
:1012600003680269DB68984720680368DB6B98476E
:101270002389AB4207D1217C8C9843AB3A4603EBE0
:10128000D10111F08EFF0DF5067DBDE8F081A18939
:1012900011F01DFED0E72DE9F04FADF5077D0446B6
:1012A000929F9DF84CA21646D5199946002B55D011
:1012B000684611F076FF90993A460DEB060011F062
:1012C00070FF20680368BAF1000F05D0E26A0132AE
:1012D00054D1DB6932219847206803685B6B9847DB
:1012E0002068216A0368C268DB6898472068036841
:1012F0000DF58678D3F838B02A4643466946D84774
:101300002068216A03680269DB68984720680368DF
:10131000DB6B9847BAF1000F07D0E26A2068013210
:10132000036845D1DB6901219847656935B1002F14
:101330005CD0E37C18F80300A8470546B9F1000F1C
:1013400007D1A37C919806EBD3013A46414411F0B2
:1013500028FF28460DF5077DBDE8F08F837C6846A1
:101360004FEAD30805EBD30511F01BFFA18908EB69
:1013700007020DEB060011F0AAFDA2E75B6A984791
:1013800080462068E16A03681B6998470028A3D05B
:10139000206803685B6D9847206803685B6A98471C
:1013A000E369A0EB08009842EBD36FF43075D0E707
:1013B0001B6A01219847206803685B6A98470546C5
:1013C0002068E16A03681B6998470028ADD020684F
:1013D00003685B6D9847206803685B6A9847E36918
:1013E000401B9842ECD36FF43075A7E73D46A5E764
:1013F000F0B51E46037987B005460F463BB9CDE9E7
:1014000000620A460189FFF7EFFE07B0F0BD90F9D0
:10141000114090F811C0002CB8BF0734E410013C13
:1014200064B204ABE0001946002C12DA2C7CE4080C
:10143000601E40B2B0F1FF3F15D10123CDE9022378
:1014400000230196009304EBDC022846FFF723FFFC
:10145000DBE7B5F808E0013C4EFA00FE03F801EBCB
:1014600064B20838E0E74FEAC00E27FA0EFE03F830
:1014700001EB0138DDE7F0B589B000238DF81730B6
:10148000037904460A465BB9012101910DF1170168
:1014900000910189FFF7A8FE9DF8170009B0F0BD83
:1014A00090F91130467C002BB8BF0733DB10013BAD
:1014B0005BB206A8DD000146002B13DA257CED089F
:1014C0006B1E5BB25F1C15D10123CDE902330DF118
:1014D000170301930023009305EBD6022046FFF784
:1014E000DAFED9E72789013B2F4100F8017B5BB287
:1014F000083DE1E7DF0022FA07F700F8017B013B36
:10150000DFE7F0B516461A46037987B005460F4661
:1015100043B9CDE900320A4633464189FFF764FEFC
:1015200007B0F0BD90F9114090F811C0002CB8BF81
:101530000734E410013C64B204ABE0001946002C0F
:1015400012DA2C7CE408601E40B2B0F1FF3F15D1E6
:101550000123CDE902230022CDE90062284604EBF5
:10156000DC02FFF798FEDBE7B5F80AE0013C4EFA33
:1015700000FE03F801EB64B20838E0E74FEAC00E62
:1015800027FA0EFE03F801EB0138DDE7F0B5037929
:1015900089B004460D468DF8172053B90122CDE9D4
:1015A00000320A460DF117034189FFF71DFE09B00D
:1015B000F0BD90F91130467C002BB8BF0733DB102B
:1015C000013B5BB206A8DA000146002B13DA227C4D
:1015D000D208531E5BB25F1C15D10020012301907D
:1015E0000DF117000090CDE9023302EBD602204640
:1015F000FFF751FEDBE76789013B174100F8017BEC
:101600005BB2083AE1E7DF0025FA07F700F8017B53
:10161000013BDFE72DE9F0479DF820A09DF82870F9
:101620009DF82C901C4643EA0A03072B05460E46FC
:10163000904642D8544540D3FFF71DFF631CFF225C
:10164000DBB2CAF1080A02FA03F342FA0AF21343C0
:10165000DB43DBB280EA0802134205D1B9F1000F87
:1016600002D10020BDE8F08720EA030403EA080362
:101670001C43E4B2224631462846FFF787FF28681C
:1016800003689B6A98479DF824804FF47A738146DB
:1016900003FB08F8286803689B6A9847A0EB0903D6
:1016A000434502D36FF00F00DCE731462846FFF7D1
:1016B000E2FE60400742EDD1D3E76FF00A00D1E7C8
:1016C0007FB59DF824600396089E9DF82850CDE9CB
:1016D0000136002300930446FFF7DDFD38B935B12C
:1016E000A36923B1204604B0BDE87040184704B098
:1016F00070BDF0B590F9114090F811C0002CB8BF42
:101700000734E41087B0013C64B205AD0F46E60033
:101710002946002C0DDA9DF8344002949DF83040A3
:10172000CDE9003413464FEADC02FFF7C9FF07B0EA
:10173000F0BD47FA06FE013C05F801EB64B2083E35
:10174000E7E77FB59DF824600396089E0296002681
:10175000CDE9003601239DF828500446FFF79BFD94
:1017600038B935B1A36923B1204604B0BDE8704053
:10177000184704B070BDF0B590F9114090F811C051
:10178000002CB8BF0734E41087B0013C64B205AD4B
:101790000F46E6002946002C0DDA9DF834400294ED
:1017A0009DF83040CDE9003413464FEADC02FFF7E4
:1017B000C8FF07B0F0BD47FA06FE013C05F801EB93
:1017C00064B2083EE7E770B586B000238DF81330A9
:1017D00090F91130427C002BB8BF0733DB10013B7E
:1017E00004465BB205A8DD000146002B16DA012392
:1017F000CDE902330DF11303019300230093D208C6
:101800002046FFF748FD054628B963691BB19DF8DE
:1018100013009847E080284606B070BDE689013B7A
:101820002E4100F8016B5BB2083DDEE770B50B4658
:10183000054601F11404303053F8046B40F8046B92
:10184000A342F9D16A640E1F01F11004286856F80A
:10185000041F036882689B689847A642F6D170BD52
:10186000406C18B970478B4204D018300378002BB5
:10187000F9D118467047F8B50546FFF7F1FF88B172
:10188000041D05F12C0605F1400756F8041F002938
:1018900004DB286822680368DB689847BE4204F1CD
:1018A0000404F2D1F8BD00000648074B074A1B6844
:1018B000B3FBF2F310B544684B434268121B9342EA
:1018C000FBDC10BD001000E04000002040420F0093
:1018D000CBB21A2B09D80F4A52F8233001F4E0603A
:1018E0001843431C18BF0846704701F0C002C02AC5
:1018F0000CD1C72B0AD8084B01F03F0201F4E0607D
:1019000053F82220034B53F82230E9E74FF0FF3021
:10191000704700BF7443020854430208704790F8B0
:101920002C2008B512B103681B6B9847BDE808402E
:10193000F5F79AB8006A00210EF0A4BF006A0EF015
:10194000DABFF8B507460C465D1E8E18B44200D1CA
:10195000F8BD14F8011B386A00220EF0CEFF05F81E
:10196000010FF3E70EF03DBB4B1C084603D00021EE
:10197000C0B20EF069BA7047084611461A46431CB9
:1019800002D0C0B20EF0E0B97047006A0EF0B2BFEC
:10199000D0E90912006A0EF08BBF084611461A46BC
:1019A000431C01D00EF0D8BC002070470EF03EBDA5
:1019B0000EF03ABD08460EF03BBD4B1C084601D068
:1019C0000EF084BA704700001FB5084611461A464B
:1019D000431C13D00024CDE90044CDE9024421B1D9
:1019E000074B0393074B0091029369460EF0A0FA50
:1019F000029B1BB1694603220846984704B010BDFC
:101A0000E96A0008C96A00084B1C084601D00EF0BC
:101A100065BC002070470846431C114601D00EF0FB
:101A200023BC70470846431C114601D00EF0B2BBE0
:101A3000704710B530210446F4F777FD204610BDFD
:101A400090F82C2012B103681B6C184770470000F7
:101A500070B586B004AD85E80C0004230322CDE9FF
:101A60000132012200230E4600921946044603F07B
:101A70000FFE95E80300064B236004F12403266261
:101A800083E803000023204684F82C3006B070BDA4
:101A9000385102087047000008B5A1F11B03084641
:101AA000032B16D8DFE803F00A0206110B4807F0F3
:101AB00043FE08BD094807F00BFEFAE7074807F0A8
:101AC0001DFE80F00100C0B2F3E7044807F02DFED0
:101AD000F7E7BDE808400EF001BC00BFB47A002073
:101AE0000846A0F11B03032B114601D90EF052BB8F
:101AF000704710B530210446F4F717FD204610BD9D
:101B000008461D28114604D81B2810D809D00EF00D
:101B1000ABBB1E28FBD1B2FA82F10548490907F098
:101B2000F7BDB2FA82F10248490907F0D9BD704702
:101B3000B47A002037B504463020F4F7F2FC0A4BA3
:101B40000A4905460CCBFFF783FF094B2B601C228B
:101B50001E23CDE9003229461D231B222046FFF714
:101B600003FB204603B030BD00520208B47A0020C7
:101B7000A05102080368D3F8DC3018470368D3F893
:101B8000E030184770472DE9F04385B00F464FF01D
:101B9000000801230DF10F0240F6E70106468DF81B
:101BA0000F8002F0C4FA0446002855D1336830464D
:101BB000D3F8D830984704218146FFF751FE03211E
:101BC00005464846FFF74CFE28B165B90E2F47DDA4
:101BD0006FF00C0440E017F1090FF9DB002DF7D08E
:101BE00007F1090303E00E2FFBB20EDD0933DBB270
:101BF0001F2BEDD8012507232246009504213046EE
:101C000002F076FA042304460DE01133DBB21F2BF9
:101C1000DED80122234600920421304602F068FA01
:101C200045460446032386F86431ACB9294630465C
:101C300001F001FB044678B90422F9B2304602F003
:101C40000CFB044640B901230DF10F0240F6E701F9
:101C5000304602F065FA0446204605B0BDE8F08340
:101C600007F11103DBB21F2BB2D8012223460092E9
:101C70000421304602F03CFA03230446D3E7000077
:101C800010B502F0A8FA0446054807F01EFD044806
:101C900007F00FFD10B1024807F011FD204610BDFE
:101CA000B47A002010B50446034807F00BFD236802
:101CB000BDE81040184700BFB47A0020014807F083
:101CC000E7BC00BFB47A002010B54FF4E4710446BD
:101CD000F4F72BFC204610BD10B5044600F0B2F915
:101CE000014620B92046BDE8104003F0E3B910BD1D
:101CF000012A02D1016000207047022A05D0032A80
:101D0000F9D0002AF7D10260F5E70B680360F2E72B
:101D10001FB50023CDE90013084B03930848094B76
:101D20000293694607F07AFC029B1BB169460322C5
:101D30000846984705B05DF804FB00BFA51C0108E4
:101D4000B47A0020F11C010810B5044600F04FF9E8
:101D5000014620B92046BDE8104003F0ABB910BDE4
:101D6000F0B587B004469DF93450BDF838609DF851
:101D700040700497CDE901560F9F0C9D0397009585
:101D800000F06AF8014628B9204607B0BDE8F040E7
:101D900003F090B907B0F0BDF0B587B004469DF8E8
:101DA00044E09DF830509DF834609DF93870BDF8DE
:101DB0003CC0CDF814E0DDF840E0CDF810E0CDE90E
:101DC000027CCDE9005600F015F8014628B92046FE
:101DD00007B0BDE8F04003F06DB907B0F0BD0000FA
:101DE00010B5044600F090F9014B2360204610BD69
:101DF00010520208F0B51E46164B04468C46174694
:101E00000FCB85B06D4685E80F009DF828308DF822
:101E100009309DF82C308DF80A309DF930308DF85E
:101E20000B30BDF83430ADF80C300E9BC4F8503197
:101E30009DF83C3084F854312368CDF800C0D3F8C5
:101E4000F03001978DF8086029462046984705B084
:101E5000F0BD00BF083F0208F0B5144D06468E469F
:101E600094461F460FCD87B001AC0FC42B6823608A
:101E70000C9B04939DF934308DF81430BDF8383044
:101E8000ADF816300F9BC6F850319DF8403086F8FB
:101E900054313368CDF804E0D3F8F830CDF808C0F9
:101EA000039701A93046984707B0F0BD183F0208D4
:101EB000F0B516460D4A04460F4607CA85B001AD77
:101EC00085E807008DF80C300A9BC4F850319DF866
:101ED0002C3084F8543123680197D3F800310296EE
:101EE00029462046984705B0F0BD00BF2C3F0208A8
:101EF00013B58DF805309DF810308DF806309DF93A
:101F000014308DF80730069BC0F850319DF81C3016
:101F100080F8543103680091D3F808318DF804201B
:101F20006946984702B010BD4AB116290B466FF0BA
:101F30000800A8BF16238342B8BF034613700931B7
:101F4000C9B21F298CBF6FF00C0000207047000041
:101F500010B5012986B006D002292BD0C9B16FF087
:101F6000130006B010BD002203680592194A0492BE
:101F70004FF0080C0A22CDE9022C4FF0120E072276
:101F8000CDE9002E1449D3F8F440144A0923A047A0
:101F9000E7E7104A0368039210240A22CDE90124DE
:101FA0000F4A04910092D3F8FC400E4A0E4B0A49A6
:101FB000A047D6E7002302680393064B02930A2149
:101FC0000123CDE900310449D2F80C410622A04793
:101FD000C7E700BFCDCCCC3F0000D9430000FA4298
:101FE00033331C439A9999400000A040704770B564
:101FF0008B898A7A0D46497A044601F0DDFA00BBE6
:102000002368297AD3F8E83020469847C8B923686E
:102010006968D3F8E4302046984790B92368296866
:10202000DB6B2046984760B90121204601F003F997
:1020300038B9236895F90B105B6D2046BDE87040F8
:10204000184770BD37B54B8A0093CB688A680C4639
:102050004968054601F004FB98B92B682168DB6BE1
:102060002846984768B90121284601F0E4F840B9AC
:102070002B6894F910105B6D284603B0BDE8304022
:10208000184703B030BD70B50C464968054601F0ED
:1020900057FB90B92B682168DB6B2846984760B9DD
:1020A0000121284601F0C7F838B92B6894F90810C7
:1020B0005B6D2846BDE87040184770BD70B58B79E0
:1020C0004A790D460979044601F04EFB90B9236820
:1020D0002968DB6B2046984760B90121204601F052
:1020E000AAF838B9236895F907105B6D2046BDE85A
:1020F0007040184770BD10B54FF4E4710446F4F712
:1021000014FA204610BD000010B5044600F068FC2B
:10211000034B2360034BC4F85831204610BD00BF69
:10212000305302082053020870B50C460546144986
:1021300020461646EEF7C8FFF0B112492046EEF7EA
:10214000B9FFC8B12EB121462846BDE8704003F062
:1021500019B8D5F860112046EEF7FAFC0A4920F0CC
:102160000040EEF7B1FF0028EDD02146284600F0F0
:102170007AFE0028E7D070BD6FF00B00FBE700BFD0
:1021800000001643000070440000A0410022FFF749
:10219000CBBF0000036873B59B6D16460022054651
:1021A0000C46984790B99EB10B4B04F1090203EB22
:1021B000420113F8123091F9014003F00F021B099C
:1021C000002100912846214602F086FF02B070BD32
:1021D00004220723F4E700BF405402080122FFF75E
:1021E000D9BF000030B5074B05460FCB85B06C4614
:1021F00084E80F002B682146D3F8A0302846984782
:1022000005B030BD383F020813B5036800220092C4
:10221000DC6940F2722202236FF07F41A04702B0D6
:1022200010BD000030B5074B05460FCB85B06C469E
:1022300084E80F002B682146D3F89430284698474D
:1022400005B030BD383F020882B02DE9F0410129C8
:1022500006A880E80C000B9C9DF826609DF827706E
:1022600009D0022975D000294BD06FF01300BDE8CA
:10227000F04102B070479DF8188042F2107000FAE9
:1022800008F0EEF717FD514905460798EEF76AFD8D
:1022900001462846EEF71AFEEEF766FFA8F10503A1
:1022A000DBB2012B9DF8283005468BBF08210021A9
:1022B000112019200BBB4FEA880304EB4707002EBF
:1022C000C8EB47020CBF1426002601EB8201DBB2EB
:1022D000314409B25A1E0029A8BF521892FBF3F3E9
:1022E000BDF824209DF820109BB2083201FB032387
:1022F00000EB830068438008B9E7A8F102039B0064
:10230000DBE7F800EEF7DAFC05463046EEF7D6FCE0
:1023100001462846EEF71EFC0546BDF82400EEF700
:10232000CDFC01462846EEF715FC0546E000EEF729
:10233000C1FC01462846EEF70DFC254904460698E7
:10234000EEF7C4FD01462046EEF7C0FDEEF70CFFA8
:102350008DE79DF81930032B34D8DFE803F002280D
:102360002D300623634304330522B3FBF2F39CB202
:102370003022B4FBF2F303EB830000EB800002FB9E
:1023800013444000A4B280B214B10234204480B29D
:102390009DF82430C3EBC30203EBC20300EB430000
:1023A0000C4B80B25843EEF785FC0B49CCE704EBAD
:1023B0004404C4F34F04DBE76400A4B2D8E704EBA1
:1023C0004404FAE76FF0090051E700BF0000204124
:1023D00000007A4400127A001D24F44308B5084630
:1023E000EEF768FC0249EEF771FDEEF7BDFE08BDA1
:1023F00000007A41036889B2D3F8EC3018470368CB
:10240000D3F8DC301847D0F86801704700F00E03AD
:10241000062B0BD0082B0CD00A2B0CD00138C0B2E5
:10242000FD288CBF6FF00100002070476FF4307002
:102430007047024870470248704700BF3EFDFFFFEB
:102440003DFDFFFF704700002DE9F0428AB00446D1
:102450000F4601F0EFFE05AE00230DF11C09012827
:10246000C9E90133054607930593B3803DD194F83C
:102470006D31042B35D80433DBB28DF8243094F859
:102480006C318DF81C30D4F874310893B4F8723183
:10249000ADF8143094F86F31003B18BF01238DF86C
:1024A000173094F87031591E4B424B418DF816305D
:1024B00094F86E31003B18BF01238DF81830039754
:1024C00096E80300099B0190ADF80810009321687D
:1024D00099E80C008E6F20462946B0470AB0BDE847
:1024E000F082072B08BF0823C7E730BBD4F87C0174
:1024F000EEF7E0FB01462148EEF7E8FC0790D4F840
:102500008001EEF7D7FB94F88731089013F0FB0FAA
:1025100011D0022B03D09A1F534253415B00B4F8F1
:102520008C21ADF8142094F888218DF816208DF8B0
:1025300017300025C3E70123F1E703280ED1B4F8D3
:10254000A8315BBAADF81C3094F8AF318DF81E306D
:1025500094F8AA318DF814300225B0E7022809D189
:10256000D4F87C01EEF7A6FB01460448EEF7AEFC7A
:102570000790DEE76FF01300B0E700BF00007A4974
:1025800010B50C4659B101F055FE012802D00328C0
:1025900003D038B92070002010BD0220FAE76FF098
:1025A0000200F9E76FF01300F6E708B5D0F868010C
:1025B0000221FFF760F94FF0FF3008BD37B50D4637
:1025C000044690F86411D0F86801FFF754F95DB93A
:1025D0000123CDE900330023D4F868011A46D12144
:1025E000FFF7C9F803B030BD2946204601F004FECC
:1025F0000028EDD0F6E707B500238AB20093114614
:1026000001F0CCFD03B05DF804FB1FB50023ADF86D
:102610000C300123CDE9003303AA02231221D0F8A4
:102620006801FFF766F8BDF80C0040BA80B205B04B
:102630005DF804FB2DE9F041002486B0FF27022657
:10264000CDE90274CDE9004605462346224640F610
:10265000E201D0F86801FEF7DDFFCDE90274CDE9B3
:1026600000462346224640F6E501D5F86801FEF70C
:10267000D1FF6FF07F41284601F0D5FCD5F86831D5
:10268000186803680A21DB69984727462646012314
:102690000DF1170240F6190128468DF8176001F078
:1026A00046FD9DF8170000F00100A04001343843BA
:1026B000082CC7B2EBD12B6802244FF0FF081B692E
:1026C00028469847CDE9014803960096D5F8680159
:1026D0000023012240F6E201FEF79CFFCDE90286CD
:1026E000CDE900640023D5F86801012240F6E50138
:1026F000FEF790FF384606B0BDE8F08190F838103C
:10270000022938B5044605D0032911D06FF0180509
:10271000284638BDD0F86801FFF7ADF8D4F8A41109
:10272000204601F080FC0546002384F83830EFE7AE
:1027300090F86411D0F86801FFF79DF80021204659
:1027400001F05BFC05460028E2D1D4F86831186836
:10275000D96A0268126990470028E5D0D4F8683138
:10276000186803685B6D9847EFE7D0F8683110B5DB
:102770000446186803681B699847C1B22046BDE843
:10278000104002F063BE10B54FF4E4710446F3F755
:10279000CCFE204610BD036810B5D3F8EC3044F2EF
:1027A000FF310446984728B9236820461B69BDE8D5
:1027B0001040184710BD000010B5044601F03AFD66
:1027C00001280ED123682046D3F884309847C305EA
:1027D0000AD410F0800F14BF6FF00E004FF0FF30DE
:1027E00010BD6FF01300FBE70048F9E742FDFFFF63
:1027F000F7B505460E4601F01DFD012833D12B68C3
:1028000028461B699847044650BBD5F86801022149
:10281000FFF731F8B168284602F0E8FDF168074695
:10282000284602F0E3FD0094234682B2B9B228465E
:1028300001F0B4FC044698B92B6844F2FF31D3F898
:10284000EC3028469847044650B973680193F378F2
:102850000093B37872783178284601F0FBFB044688
:10286000204603B0F0BD6FF01304F9E710B504463D
:1028700001F0E0FC012812D1204601F013FE10F413
:10288000004FC0F3072018BFA0F58070EDF7AAFD38
:10289000044B0022EDF710FEEEF706F910BD0248DA
:1028A000FCE700BF0000D03F0000A0C12DE9F341CC
:1028B0001D4603681B6904460F46164698470028C4
:1028C00046D16DB92368002EDB6F14BF3146FF215E
:1028D000204698474FF47A7300EB8000B0FBF3F585
:1028E0002846EEF7E7F92D49EEF73CFA2C49EEF7CA
:1028F000EDFAEEF739FC236800220092D3F81C8031
:102900000146022340F272222046C04700BBD4F8A1
:102910006831186803685B6A98478046D4F8683164
:102920001868596A026812699047A0B100252368A7
:1029300020461B69984718B16FF43073984207D14D
:102940002368D5B123682046DB6A98476FF00500FD
:1029500002B0BDE8F081D4F86831186803685B6D97
:102960009847D4F86831186803685B6A9847A0EB09
:1029700008008542D2D20125D9E7D3F88430204619
:102980009847636B1842DDD123681B6B324639468A
:10299000204602B0BDE8F041184700BF00007A446D
:1029A00000007A41036810B5D3F894300446984784
:1029B00030B110BDD4F86831186803685B6D984772
:1029C000D4F868311868596A02681269904700287B
:1029D000F0D023682046D3F89830BDE8104018475F
:1029E00038B504460D4602F0DDFC344AC4F85021E7
:1029F0000022C4F86021C4F87421C4F8902140F288
:102A00000162A4F8A8212E4A2E4B126923600320EC
:102A100000230121C4E95F3384F84D3184F8543137
:102A2000C4F8583184F85C3184F86401C4F86C311E
:102A300084F87031A4F8723184F87811C4F88431C4
:102A4000A4F8883184F88A31A4F88C31C4F8943120
:102A5000A4F8983184F89A31C4F89C3184F8A031F4
:102A6000C4F8A43184F8AA01C4F8AB2184F8AF31CA
:102A7000C4E96C33C4E96F33A4F8B831C4F8C43185
:102A8000114B6360FF23A36002220423C4E90523E2
:102A9000216110230821C4E9071320204023C4E941
:102AA0000903C4F868514FF480738025C4E90B53BF
:102AB0004FF400736363204638BD00BFCDCCCC3FDC
:102AC000383F0208885402080024743F10B5032AD6
:102AD000BDF8084011D8092980F8A82110D85A1E3D
:102AE000032A80F8A9110ED8B4F5007F80F8AA3126
:102AF0000CD2A0F8B841002010BD6FF00900FBE730
:102B00006FF00700F8E76FF00A00F5E76FF0690073
:102B1000F2E7D0F8683170B50446186802680D46CF
:102B20009668996A8268B047D4F868311868996ADB
:102B30000268D668C268B047D4F86831186803687C
:102B40000121DB699847D4F868311868996A0268EE
:102B5000D6680269B047F5B1D4F8683118680368DF
:102B60005B6A98470646236820461B6998470546D6
:102B700088B1D4F86831186803685B6A9847801B8D
:102B8000B0F57A7F08D2D4F86831186803680A2152
:102B9000DB699847E7E70025284670BD036810B554
:102BA000D3F8843004469847430410D5D4F8C411B0
:102BB000204601F00F0101F04FF950B9236820467B
:102BC000D3F8EC30BDE8104044F2FF3118476FF005
:102BD000040010BD2DE9F047984603681B690446C0
:102BE0000F4616469847002841D194F86D31042BC2
:102BF0003FD9072E5BD994F86F31012B39D1FD2EC7
:102C000058D823683146DB6F20469847236805462D
:102C1000D3F824903246434639462046C84730BB55
:102C200020464FF47A7305EB8505B5FBF3F501F00B
:102C300001FBD4F868310646186803685B6A984758
:102C400005350746D4F86831186803685B6D984706
:102C5000D4F86831186803685B6A9847C01B8542DE
:102C600009D2236820469B6A98476FF00400BDE8AC
:102C7000F087FF2EC4E7D4F868311868596A0268F3
:102C8000126990470028DDD0032E236809D1D3F8BC
:102C9000843020469847C30703D42046FFF77EFFC1
:102CA000D0E7236820469B6ABDE8F04718476FF0DD
:102CB0001D00DCE76FF00300D9E700001FB571B11C
:102CC00001F0F0FBC0B2EDF78DFB0F4B002201F1DC
:102CD0000041EDF7F1FBEDF7E7FE04B010BD012375
:102CE000CDE900338DF80F100DF10F021521D0F84A
:102CF0006801FEF7FEFC9DF80F00EDF7DBFF4FF0DB
:102D00003F41EEF72FF8E8E70000E03F0121FFF731
:102D1000D5BF30B585B00546144601F08BFA0128C1
:102D200008D195F87031012B04D11CB9D5F89C015C
:102D300005B030BD0023ADF80C300123CDE90033E0
:102D400003AAD5F8680102231321FEF7D2FC14B1BF
:102D50009DF80D3023709DF80C00E9E72DE9F34153
:102D60000546D0F868010F461646FEF72CFD2B6885
:102D70000446D3F88430284698476FF430739C4259
:102D800008D110F4007F18BF6FF00504204602B090
:102D9000BDE8F081002CF9D143062CD400F03000BE
:102DA000202814BF4FF000086FF0060800230DF133
:102DB0000702012128468DF80730FFF7AAFF16B158
:102DC000B04228BF3046C2B29DF807303946284687
:102DD00001F0D0F904460028D8D12B6844F2FF3125
:102DE000D3F8EC3028469847B8F1000F0CBF0446E2
:102DF0006FF00604CAE76FF00608D7E70022FFF776
:102E000088BF73B5054608464FF07E511646EDF76C
:102E10009FFE4FF07A51EDF7A5FF0EF085F8EEF723
:102E2000A3F94FF07E51C4B23046EDF793FE4FF058
:102E30007A51EDF797FF0EF035F8EEF795F9E107C7
:102E4000C3B25CBF04F1FF34E4B2DA075CBF013304
:102E5000DBB201A928468DF804408DF8053001F059
:102E6000DBF902B070BD73B5002305460846ADF826
:102E700004300C46EEF752F9A0F286331A2B21D912
:102E8000A0F25F33072B28D9A0F20B33082B27D9E8
:102E9000A0F5EB73282B26D9A0F5D7730A2B25D9DB
:102EA0004FF081412046EDF755FE4FF08141064637
:102EB0002046EDF74DFE324601462846FFF7A1FFBA
:102EC00002B070BDE122E92301A928468DF8042053
:102ED0008DF8053001F0A0F9F2E7D722DB23F3E704
:102EE000C122C523F0E775228123EDE76B226F2312
:102EF000EAE7000037B500238DF807300DF107022F
:102F0000012340F68901044601F011F9E8B9204691
:102F100001F090F901289DF8075018D10D49D4F817
:102F20007401EDF715FE0C4920F00040EEF7C2F8F1
:102F300068B105F0FB0501230DF1070240F6890198
:102F400020468DF8075001F0EBF803B030BD45F096
:102F50000405F0E70000FA436F12833A2DE9F041CF
:102F60000229C8B005460E46174606D003297DD073
:102F70006FF0180048B0BDE8F08190F87031012B77
:102F800003D1D3680BB1C0F89C312B6828461B696C
:102F900098470028EED13A6879686FF07F439A42EB
:102FA0001EBFBB6843F40073BB60284602F01EFAE4
:102FB000B9680446284602F019FA002382B2009349
:102FC000A1B2284601F0EAF80028D3D10246014612
:102FD000284601F046FA0028CCD12B6844F2FF3194
:102FE000D3F8EC30284698470028C3D1284601F092
:102FF00021F901281AD195F8A031019395F8703183
:10300000009395F89C3195F86F21B5F87211284618
:1030100001F0ACF93B68013304BF6FF07F433B60C4
:103020003B68C5F8A43185F83860A3E710B14FF0CC
:10303000FF309FE795F88A01B5F88C1195F8842147
:1030400095F8873195F888C195F889E160B995F8C8
:103050009C41CDF808E0CDE903040020CDE900C093
:10306000284601F0A9F9D5E7FF24F2E75368FF2BC2
:1030700000F2DE8001F0DEF80128044616D195F852
:10308000A031019395F8703100933B7995F86F2149
:10309000B5F87211284601F069F900287FF46AAF8B
:1030A00000230093012240F2012138E0A8B93B79C6
:1030B000049395F88A31039395F88931CDE901039A
:1030C00095F88831009395F8873195F88421B5F803
:1030D0008C11284601F070F9DFE7022818D1D5F8E5
:1030E0007C317968642B4FEAC1039BB241F6705280
:1030F00043F20F700093C9B240F2E14308BF134698
:1031000040F62F1208BF0246284601F07EF9C4E7B8
:1031100003288CD1002344F2010200931146284673
:1031200001F03CF800287FF425AF0246014628460E
:1031300001F097F900287FF41DAF032C19D0034646
:103140003A793968284601F001F800287FF412AF77
:103150002B6844F2FF31D3F8EC302846984700281A
:103160007FF408AF2846FFF7C5FE00283FF45BAFA9
:1031700000E7284600F0C0FD00287FF4FBAE0446BF
:1031800095F8AA31C3F10403A3424CDC0024FB22CE
:10319000214609A808940FF09AFE05F5E073C5E9E9
:1031A0006F44C5F8C4410DF11C08029305F5DE73A8
:1031B000CDE900832846D7E9001208AB079400F058
:1031C0001DFB00287FF4D6AE03469DF81C2008A9FD
:1031D000284600F0BBFF00287FF4CCAE01238DF819
:1031E0001830079B8DF81930D5F8C0318DF81A309A
:1031F00006AA032340F28531284600F091FF0028FB
:103200007FF4B8AE95F8C071102F28BF1027044680
:10321000A7429DD9E1B2284600F01EFE00287FF4A7
:10322000A9AE0134F4E7284600F0FCFD0134A7E71D
:103230006FF003009EE637B500230D468DF807308A
:103240000DF10702012340F6D801044600F06FFF9C
:1032500070B99DF807306DB143F01E038DF807304B
:103260000DF10702012340F6D801204600F058FF77
:1032700003B030BD23F01E0343F00803EEE737B57B
:1032800090F87031012B044602D0002003B030BD0D
:1032900000F0D0FF01280546F7D100238DF8063055
:1032A0000DF10602034640F60211204600F038FFF9
:1032B0000028EBD18DF807002B460DF1070240F6F0
:1032C0004411204600F033FF0028DFD19DF807307D
:1032D00043F002038DF807300DF107022B4640F64C
:1032E0004411204600F01CFFD0E7036810B51B69AD
:1032F0000446984760B92046FFF7C1FF40B92368EC
:103300002046D3F8EC30BDE8104044F2FF311847B6
:1033100010BD37B500230D468DF807300DF10702BB
:10332000012340F23671044600F001FF88B99DF890
:103330000730012D0CBF03F0FB0343F004038DF8AD
:1033400007300DF10702012340F23671204600F0EC
:10335000E7FE03B030BDF0B585B0044600F06AFF6B
:103360000246002878D1D4F87C31D4F86801039261
:10337000FF26B3F5966F029609D102210423CDE909
:10338000003140F6B801FEF745F905B0F0BDB3F5E0
:10339000167F4FF002054FF00303CDE900354FF0E3
:1033A00004032ED1182240F2D161FEF733F9002830
:1033B000EBD1CDE90260CDE900550423D4F86801D2
:1033C0001A4640F69B01FEF725F90028DDD1CDE92C
:1033D000026004270195009702463B46D4F8680135
:1033E00040F6B801FEF716F90028CED1CDE902600B
:1033F000CDE9007506235022D4F8680140F2AC6193
:10340000C1E7082240F2D161FEF704F90028BCD1DF
:10341000CDE90260CDE9005502460423D4F86801E5
:1034200040F69B01FEF7F6F80028AED1CDE9026028
:10343000042701950097D4F868013B46102240F616
:10344000B801FEF7E7F800289FD1CDE90260CDE989
:10345000007506230246CFE7002096E7F0B5054643
:1034600085B00F460A2400262B7B1BB1012128467C
:10347000FFF74FFBD5F8680110224FF448716B46F7
:10348000CDE90066CDE90266FDF7B2FF0622694686
:1034900038460FF06CFD10B9012005B0F0BDD5F82D
:1034A0006831186803680A21DB69013C984714F009
:1034B000FF04D9D12046F0E770B50446D0F8680182
:1034C0000E46FDF777FED4F868311868596A02682D
:1034D00095684268A847D4F868311868D96A0268C4
:1034E00095684268A847D4F8683130484FF40162C3
:1034F0001A820122DA74D4F868314FF440011A714B
:103500002B4A5A61C3E90201D4F858112046FFF74B
:10351000A5FF38B9D4F86801FDF762FE6FF0010528
:10352000284670BDD4F8505100212846EDF7D6FD4D
:1035300068B93146204601F03AFE054688B994F84C
:1035400054316BBB2046BDE8704001F0D0BC294629
:1035500041F28832204601F0F3FC05460028E8D00D
:10356000DEE7236820461B699847204600F0BCFF31
:10357000104B9D42D4D18306D2D50021C4F85011FE
:1035800041F28832204601F0DBFC05460028C7D115
:103590003146204601F00BFE05460028CFD0BFE79C
:1035A0002046BDE8704001F09FBC00BF1D000D002B
:1035B0000D2401083DFDFFFFF7B51D46254BC0F862
:1035C0007431062380F85C3100231646C0F894312C
:1035D000214A80F87031FF230F46A0F87251C0F8DD
:1035E0006C21C0F89C3101210446FFF765FF70BBD8
:1035F00002463946204601F052F840BB442231468B
:10360000204601F079F810BB236829461B6E20463E
:103610009847E0B91149204601F08EF8B8B9012168
:10362000204601F047FD90B90123009341F60F5267
:1036300041F221030221204601F088FB38B92368BA
:103640001B6D0146204603B0BDE8F040184703B0AB
:10365000F0BD00BF0000FA43090300010000704202
:103660002DE9FF4117461E4645F255324CF6CC4334
:10367000C0E95F23304BC0F890311A23BDF82850C1
:1036800080F8853140F209638846A0F88631A0F8B9
:103690008C5100210446FFF70FFF002849D1236811
:1036A00041461B6C20469847002842D12368394682
:1036B0005B6C2046984700283BD13146204601F0FC
:1036C0005DFA002835D11D49204601F035F880BB50
:1036D000236829461B6E2046984750BB4AF6125372
:1036E000ADF80C3023680222DB6D03A92046984711
:1036F000F8B9236801469B6C20469847C8B92368EF
:103700000146DB6C2046984798B9FF21204601F01E
:1037100035FD70B90125009541F2210341F60F52A4
:103720000221204601F012FB18B92946204601F07B
:10373000C1FC04B0BDE8F08133331C43000070428B
:1037400038B50D4602210446FFF7B6FE58B9236886
:1037500029461B6C2046984728B920460121BDE820
:10376000384001F0A7BC38BD70B50D4686B080F872
:10377000AF31032104461646FFF79EFE88BB1D4964
:10378000204600F0D9FF60BB0121204601F092FCE9
:1037900038BBCDE90300CDE90100009003460246A5
:1037A0000146204600F008FED8B90B2384F8863184
:1037B000236884F88501C4F880011B6C0E492046FB
:1037C000984770B9032E0ED8092D84F8A8610DD83A
:1037D000032384F8AA314FF4807384F8A951A4F824
:1037E000B83106B070BD6FF00900FAE76FF007005E
:1037F000F7E700BF000070420000FA3E2DE9F04FED
:1038000083469146ADF5297D1C460020FF224845A0
:1038100040F0CA80B04810230026037047F25B577F
:103820004FF6FF734A462146C0E90173C66001F0B6
:1038300053FEC0F3072304F8093004EB09034FF4E7
:103840001772587009F102033146E65409AD11A808
:10385000059310960FF03BFBA0482E60032101F06A
:103860007FFE09F10203DA00063210AB21469B48C5
:10387000009501F079FEFF22314620460FF027FB2C
:103880009BF8A871032F2ED0954B0CAA03F1080CBE
:1038900018685968164603C6083363453246F7D19F
:1038A000186899889B79B371022F98BF8D4B30604F
:1038B000B18098BF13F807C02B6802934FF0000344
:1038C00088BF4FF0000C1A4618460DF130084FF033
:1038D000010A029999427BD109920732D208214606
:1038E00010A80FF05EFC099B0293002293B202988D
:1038F0005B438342114602F10102F7D38BB25B00B6
:103900009BB204939BF8AA31BDF90850C1F34E0253
:103910000692C3EBC30203EBC20300215B009BB220
:103920008A460A46002D74DC9BF8AA216A4F8DF85E
:1039300028906FF0710101FB023309939BF8AF31BE
:103940009BF8A8219BF8A9119B0043EAC20343EA14
:10395000D10343F002038DF82930BBF8B8311A09BE
:103960001B0142EA41128DF82B3008238DF82A20E2
:103970003B702F22FF23C7E901230026FE60354656
:103980009BF8AA11B14200F2AF80059B9BF8A821D9
:10399000DB0006339BB2032A00F27B81DFE812F0E2
:1039A0006D017501A001A2010B5C53401D0145EAA8
:1039B00013132354130983EA521383EAD20303F047
:1039C000010383EAD2135200D2B21A4301301EE738
:1039D00018F80010B9B110AFDE084FEAD20EBE5D84
:1039E00014F80E10DF43D54307F0070705F007056D
:1039F0003E41F6070AFA05F546BF2943C9B2A94375
:103A000004F80E1001320130844508BF0020013354
:103A10005FE7302D28464FEAD306A8BF3020039039
:103A2000D843A75D4FF0010C00F007000CFA00F03E
:103A300027EA000703EB0C00A755C710C043E65D5B
:103A400000F007000CFA00F026EA0006E6554FF0F9
:103A5000000C9F1CFE434FF0010E06F007060EFA05
:103A600006F60DF140084FEAD20EF81018F80EE0F5
:103A700007906FEA020808F00708205C4EFA08FE7B
:103A80001EF0010F14BF3043B0434FEAE70618BFE2
:103A9000C0B2A05504980244029892B290420BD84A
:103AA000069A0498524492B290429FBF013189B263
:103AB0000A468A4688BF9246039E0CF1010C0FFA13
:103AC0008CF0864207F10107C4DC30460230303DFD
:103AD00018442DB283B225E7FC790020F879002044
:103AE000503F02087F5502089DF82B300139891B91
:103AF00023F00C0343EA810304220AA938468DF817
:103B00002B3001F0E9FC0DF130084FF00009C8F846
:103B100000908DF82C0002217448CDF83490ADF857
:103B2000389001F01DFD28220DEB020143466F483D
:103B3000CDF8009001F018FD28220DEB020143465C
:103B40006A48CDF8009001F00FFDEA08EB43A15C54
:103B50004FF0010E03F007030EFA03F321EA03030B
:103B6000A35405EB0E03DA10DB43A15C03F007035B
:103B70000EFA03F321EA0303A3545D4B029305F10C
:103B8000020C05F12A00029B13F8011B02934FEA75
:103B9000D1094FEADC0A18F8099014F80A30C94331
:103BA0006FEA0C0201F0070102F0070249FA01F97D
:103BB00019F0010F0EFA02F218BF13430CF1010CB9
:103BC00014BFDBB29343604504F80A30DBD105F142
:103BD0007203DFF82091029305F14A0C0DF1300ACF
:103BE00019F8011F6FEA0C024FF0010E02F00702F4
:103BF0000EFA02F24FEAD10E4FEADC081AF80EE094
:103C000014F80830C94301F007014EFA01FE1EF016
:103C1000010F1ABF1343DBB2934304F80830029B31
:103C20000CF1010C6345DBD100214FF001090BEBD6
:103C3000D10C4FEAD0089CF8ABC114F808306FEAF9
:103C4000010EC2430EF0070E02F007024CFA0EFC02
:103C50001CF0010F09FA02F218BF134301F1010130
:103C600014BFDBB29343202904F8083000F10100AF
:103C7000DDD17235ADB2013682E6062253430433FC
:103C80000522B3FBF2F39BB203E003EB4303C3F360
:103C90004F03302003F12F02B2FBF0F20A44B49933
:103CA0000A60B3FBF0F101EB810202EB820200FB40
:103CB000113352009BB292B213B102331A4492B242
:103CC0009BF8AA11722313FB0123B39A1360B29AD3
:103CD0000733DB08002013600DF5297DBDE8F08F68
:103CE0005B00D0E703EB4303CDE700BFF87900208A
:103CF00082550208A955020870B5464A8AB00346A3
:103D000005AC02F1100610685168254603C508325B
:103D1000B2422C46F7D110683F4A2860106892885A
:103D2000ADF810203D4A029249F28E52ADF80420BF
:103D300093F8AF210390002A93F8A9210AA800EB79
:103D400042020CBF3421082132F8142CB2FBF1F2EC
:103D50000621632AA3F8B021A3F8B2112AD037D8DC
:103D60003C2A53D022D81E2A19D8092A1BD92C49FB
:103D700021FA02F2D20716D5B3F8B8210AA901EB4D
:103D80009211B2F5C07F11F81C1CA3F8B41102F017
:103D90003F01A3F8B61106D200200AB070BD232A55
:103DA000EAD02F2AE8D06FF06900F6E73E2A2DD03E
:103DB000562AF8D1B3F8B8210AA901EBD21102F0C2
:103DC0007F0211F8201CA3F8B411A3F8B621E3E791
:103DD000B2F5C37F13D00ED8B92A01D0C62AE2D1DA
:103DE000B3F8B8210AA901EB1221D2B211F8241CB0
:103DF000A3F8B411E9E740F293118A42D3D14FF40A
:103E00008472A3F8B421B3F8B821DEE73822A3F80E
:103E1000B221B1E7603F02087855020841444748A3
:103E20000004405010B5B0F8B231B0F8B611B0F897
:103E3000B041024603F001005B0818B1B2F8B401CA
:103E400043409BB2994214BF81EA03000846844272
:103E5000F0D3A2F8B23110BDD0F8C0312DE9F34152
:103E600004460E46002B66D0FFF7DCFFB4F8B031F5
:103E7000471EBAB23FB2B7EB530FA8BFD21A03F036
:103E8000010594F8AF31A8BF17B20135002B56D009
:103E9000AD004FF480584FF09841D4F86001ECF732
:103EA00061FF4FF07451ECF75DFFEDF75DF9D4F869
:103EB000C42194F8AA316D0208FB07559A42A0EB81
:103EC000050004D29B1ADB0758BF00F5807006EB93
:103ED000460700BA7F00042301900DEB030207F2AE
:103EE0008A31204600F01CF930BB6EB394F8AA3139
:103EF000B3422BD8D4F8BC51312D29D8ADB2002310
:103F00008DF800306A46022307F5627120468DF86D
:103F1000015000F005F978B9D4F8BC315B1BC4F846
:103F2000BC31D4F8C031013BC4F8C031D4F8C4313D
:103F30000133C4F8C431002002B0BDE8F0811A2377
:103F40005D434FF4D048A6E77325D8E77225D6E73E
:103F50003225D4E7014801F0FFBA00BFF87900200C
:103F600030B5044685B0D0F868010D460121FDF753
:103F700082FC0023CDE900330DF10F02D4F8680173
:103F8000AD00012384218DF80F50FDF7F4FBD4F828
:103F900068310546186803680121DB69984728469F
:103FA00005B030BD0121FFF7DBBF7FB504460D46EC
:103FB0001646D0F868010121FDF75DFC46B10023EB
:103FC000CDE900331A46D4F868011946FDF7D3FB52
:103FD0000123CDE9003303AAD4F868018DF80C5011
:103FE0008021FDF7C8FB04B070BD90F84D1101228F
:103FF000FFF7DBBF0122FFF7D8BF1FB50B0C8DF811
:104000000C300B0A8DF80D300123CDE900338DF80B
:104010000E10032303AA8321D0F86801FDF7ABFB40
:1040200005B05DF804FB1FB50B0C8DF80C300B0AC6
:104030008DF80D3000220123CDE900328DF80E10ED
:10404000032303AA8221D0F86801FDF794FB05B091
:104050005DF804FB2DE9F04385B090F86C919DF874
:10406000308006460D981C4617460D46ECF722FE9A
:104070001E49ECF72BFFEDF777F8FF2D08BF02255F
:10408000FF2F04BF09F10D095FFA89F7FF2C08BF64
:104090000A248DF80A400124CDE90044030CB8F14C
:1040A000FF0F8DF80C304FEA102308BF4FF00008C7
:1040B0008DF80D308DF80E000723D6F868018DF8C5
:1040C000085002AA88218DF809708DF80B80FDF741
:1040D00052FB40B9CDE9004403460246C521D6F85B
:1040E0006801FDF748FB05B0BDE8F08300007A41A8
:1040F0001FB58DF80D309DF818308DF80F30012365
:10410000CDE900338DF80C108DF80E20042303AA9E
:104110009521D0F86801FDF72EFB05B05DF804FB92
:1041200008B5D0F86801FDF7ECF9002008BD10B51E
:10413000044610461A460346D4F86801FDF758F9BC
:10414000D4F86801BDE81040FDF73DBB10B586B05E
:104150000E248DF815300123CDE9013300920B4672
:10416000022205A9D0F868018DF81440FDF7E9FA9C
:1041700006B010BD10B586B01E248DF81530012391
:10418000CDE9013300920B46022205A9D0F868015F
:104190008DF81440FDF794FA06B010BD1FB55BBA58
:1041A000ADF80C30BDF818305BBAADF80E30012315
:1041B000CDE9003349BA082352BAADF80810ADF87A
:1041C0000A2019460DEB0302D0F86801FDF7D3FA77
:1041D00005B05DF804FB1FB50123CDE9003349BAF2
:1041E0000223ADF80C1003AA1946D0F86801FDF7B8
:1041F000C2FA05B05DF804FB1FB50123CDE9003319
:1042000009BA0391042303AA8621D0F86801FDF7B7
:10421000B2FA05B05DF804FB07B50123CDE9003320
:104220000A4602239821D0F86801FDF7A4FA03B0EA
:104230005DF804FB1FB5FF238DF80F300123CDE996
:1042400000330DF10F021121D0F86801FDF751FA8A
:104250009DF80F0005B05DF804FB30B5012385B073
:10426000CDE9003304460D468DF80C108DF80D2075
:10427000D0F86801022303AA8E21FDF77CFA08B961
:1042800084F8985105B030BD2DE9F0431E4685B045
:1042900090F878319DF83040054688461746A3B11E
:1042A00090F86C014FF0010909FA00F0ECF702FDFB
:1042B000D5F87411ECF70AFE4FF08341ECF704FFD8
:1042C0000028044618BF4C46E4B2012385F86E412D
:1042D000CDE9003303AAD5F868018DF80C800423DA
:1042E0008B218DF80D708DF80E608DF80F40FDF765
:1042F00042FA05B0BDE8F08330B585B00D0C089CDE
:104300008DF80C30230C8DF80D300123CDE90033EE
:1043100008238DF808508DF80A100D0A8DF80B202F
:1043200064BA0DEB03028B21D0F868018DF80950B7
:10433000ADF80E40FDF71FFA05B030BD1FB50B0CF0
:104340008DF80C300B0A8DF80D300123CDE90033C8
:104350008DF80E108DF80F20042303AA8B21D0F8BE
:104360006801FDF708FA05B05DF804FB2DE9FF418F
:104370009DF82C800C464146064617461D46FEF722
:10438000C8FFB0B99DF828308DF80A300123CDE977
:10439000003364BAD6F86801ADF80840062302AAD3
:1043A0008C218DF80B508DF80C708DF80D80FDF779
:1043B000E2F904B0BDE8F0817FB58DF813309DF8C7
:1043C00028308DF80E208DF814309DF820208DF8BF
:1043D0000F200123CDE900339DF824208DF8102013
:1043E0009DF82C208DF8112049BA9DF83020ADF8A9
:1043F0000C108DF81220092303AA8C21D0F8680133
:10440000FDF7B9F907B05DF804FB30B585B0054696
:10441000BDF820008DF808108DF80A20110A8DF8DB
:104420000C301A0A030A8DF80D300123CDE9003350
:104430008DF809108DF80B208DF80E0002AAD5F822
:1044400068018C21FDF797F9044638B9D5F8680161
:1044500006230DF10902F021FDF753F8204605B0BF
:1044600030BD1FB50123CDE900338DF80C108DF858
:104470000D20022303AA8F21D0F86801FDF77BF9F4
:1044800005B05DF804FB1FB50123CDE900338DF8BD
:104490000C1003AA9621D0F86801FDF76CF905B05D
:1044A0005DF804FB1FB50F4B1A889B788DF80E3012
:1044B0000123CDE90033ADF80C20032303AA142116
:1044C000D0F86801FDF715F99DF80D309DF80C2026
:1044D0009DF80E001B0243EA0243184305B05DF845
:1044E00004FB00BF743F02081FB50023ADF80C3079
:1044F0000123CDE9003303AA02231721D0F8680174
:10450000FDF7F7F8BDF80C0040BA80B205B05DF8D1
:1045100004FB1FB50023ADF80C300123CDE90033B7
:1045200003AA02230721D0F86801FDF724F905B09A
:104530005DF804FBD0F868312DE9F0411D682A6868
:1045400004465769926D0E462846596A9047D4F83A
:1045500068311B68014632462846BC465B69BDE8A7
:10456000F0416047D0F8683170B51C68596A22681C
:1045700020469569926D90472B4601462046BDE83E
:10458000704018470368D3F8DC3018470368D3F845
:10459000E030184773B505460E46FFF74BFE01287D
:1045A000044656D100213046ECF78EFD00283BD062
:1045B00029493046ECF77EFD002835D04FF07C517C
:1045C0003046ECF7CFFB2549ECF7C4FAECF7CCFD0D
:1045D000C3B2142B21D8022B26D9033B112B23D88D
:1045E000DFE803F02F2209220A2222292222222296
:1045F0002B222222222D082495F86E3185F85C4169
:10460000C5F87461009395F86D3195F86C112246E8
:104610002846FFF739FE02B070BD7D2B13D006D8B7
:104620001F2B12D03E2B12D06FF00700F3E7FA2BAE
:10463000FAD10624E0E70924DEE70224DCE70A24B5
:10464000DAE70024D8E70524D6E70324D4E70424D6
:10465000D2E76FF01300DEE70000FF430AD7233CE8
:1046600037B504460D46FFF7E5FD012811D16B1F54
:10467000072B11D894F86E3184F86C51009394F89C
:104680006D3194F85C2129462046FFF7FDFD03B00B
:1046900030BD6FF01300FAE76FF00800F7E773B56D
:1046A00005460C461646FFF7C5FD01281ED1231FFF
:1046B000DBB2042B1DD8BEB1062C11D8042C08BFC8
:1046C000002495F86E3185F86D41009395F85C21D2
:1046D00095F86C1123462846FFF7D6FD02B070BD51
:1046E000082C06D10724ECE71C46EAE76FF013001C
:1046F000F4E76FF00900F1E773B506460D4614467E
:10470000FFF798FD012814D125F00F0343EA141395
:1047100004F00F0444EA05118DF804308DF80510FB
:10472000022301AA4FF4E8613046FFF7F9FC02B01A
:1047300070BD6FF01300FAE737B50C46054600214F
:104740002046ECF7C1FCB0B10C492046ECF7B2FCB6
:1047500088B10B492046ECF7B9FBECF705FD0123C6
:104760008DF807000DF1070240F6E7012846FFF734
:10477000D7FC03B030BD6FF01000FAE700000C4327
:1047800000002040F0B587B005460C46FFF752FD0B
:10479000012811D195F8A031A1B2A5F872110193A9
:1047A00095F87031009395F89C3195F86F21284663
:1047B000FFF7DCFD07B0F0BD78BB95F88801A1B22A
:1047C00081420A46A8BF02461F2AA5F88C111CDCAC
:1047D000172A1CDC0F2A1CDC003A18BF01229200A9
:1047E00095F88A4195F8873195F8897185F8842183
:1047F0008CB995F89C610297CDE903460024CDE978
:1048000000042846FFF7D8FDD4E70722E8E7062290
:10481000E6E70522E4E7FF26EDE74FF0FF30C9E7C2
:1048200037B504460D46FFF705FD68BB0021284655
:10483000ECF736FC60B916492846ECF745FC20B188
:1048400014492846ECF736FC18B96FF0650019E0FA
:104850000F4D11492846ECF785FA4FF09841ECF7D7
:1048600081FA0E49ECF732FBECF77EFCC4F88001CC
:10487000009094F8853194F88621D4F87C11204674
:10488000FFF73AFD03B030BD6FF01300FAE700BF49
:104890009A99193F0000484300007A440024F44BE1
:1048A00037B504460D46FFF7C5FC002839D003286C
:1048B00005D0022810D06FF0130003B030BD254999
:1048C0002846ECF701FC20B123492846ECF7F2FB1F
:1048D00038BB6FF06400F0E720492846ECF7F4FBA2
:1048E0000028F6D01E492846ECF7E4FB0028F0D05B
:1048F0001C492846ECF736FA01461B48ECF7E6FA65
:10490000ECF732FC16220146C4F87C012046FFF782
:1049100015FD0028D1D1204603B0BDE83040FEF798
:104920001ABD10492846ECF71DFA01460E48ECF76F
:10493000CDFAECF719FCD4F88031C4F87C0100936F
:10494000014694F8853194F886212046FFF7D4FC7F
:10495000DFE700BF23DBF93E355EFA3ECDCCCC3D30
:104960009A99193F00007A440024744EF0B589B03A
:1049700003AC84E80E0003689DF83860D3F8CC30AF
:10498000049F0DF11F01054698470446002851D1A8
:10499000032E9DF81F3002D09E420FD13346E3B95B
:1049A0002B6803991B6C284698470446002841D180
:1049B0002B6839465B6C284698470CE02B682846E4
:1049C0001B69984738B92B683146D3F8C830284658
:1049D00098470028E2D004462CE0012B17D12B6821
:1049E0009DF80C10D3F8E83028469847044608BBD9
:1049F0002B683946D3F8E430284698470446C8B9AE
:104A000002469DF814102846FFF749FEE3E7022B03
:104A100010D14FF4807300939DF80D209DF80C1079
:104A200003232846FEF752F80028D4D19DF80E3013
:104A300085F8AF31204609B0F0BD000030B585B033
:104A400004AC04E90E009DF82030029C032B07D132
:104A5000036808A9D3F8CC30984718B105B030BD29
:104A60004FF0FF309DF82030CBB9019D1F492846FB
:104A7000ECF72AFB68B31E492846ECF71BFB40B352
:104A80001A492046ECF720FB30B31A492046ECF7D0
:104A900011FB002814BF00206FF06500DEE7012B3A
:104AA000DCD19DF80430053B072B18D800212046A7
:104AB000ECF70AFBB0B110492046ECF7FBFA88B1DD
:104AC0009DF80C30043B042B94BF00206FF00900CC
:104AD000C4E76FF06400C1E76FF06500BEE76FF0F8
:104AE0000800BBE76FF00700B8E700BF9A99193FCD
:104AF00000009643000048430000FF43F0B51D4C02
:104B00008BB01D466B468C46164604F1280E1F4698
:104B1000206861681A4603C2083474451346F7D109
:104B200015496046ECF71EF9ECF71EFB6C1E80B2CF
:104B30003A4600239C420DD8ECF7C0F80E490546D2
:104B40001098ECF70FF901462846ECF7B3FA68B174
:104B5000335D04E032F8021B814205D9F35C119AFF
:104B6000002013700BB0F0BD0133E3E76FF0670076
:104B7000F8E700BF783F020800002041F0B589B097
:104B800004460F46FFF756FB48BB164B02AD03F138
:104B9000100C2A46186859682E4603C60833634528
:104BA0003546F7D118681B79337104F285133060EC
:104BB00001930D4B0093394615232046FFF79EFFC6
:104BC00058B9D4F88031009394F8853194F886214F
:104BD000D4F87C112046FFF78FFB09B0F0BD6FF0D1
:104BE0001300FAE7D25502080080E94337B50029DF
:104BF0000CBF94239623154680F89A118DF8033044
:104C00000DF10302012340F6AC010446FFF788FAD8
:104C100070B96DB1074B1A889B78ADF804208DF8F8
:104C2000063001AA032340F29F212046FFF778FABD
:104C300003B030BDE855020837B505460C46FFF70E
:104C4000F9FA08B103281CD1042C1DD8DFE804F0C0
:104C50000403131517000824D5F8803185F8864120
:104C6000009395F88531D5F87C1122462846FFF748
:104C700043FB03B030BD0924EEE70A24ECE70B2424
:104C8000EAE76FF01300F4E76FF06900F1E7F0B5C1
:104C900087B005460E461446FFF7CCFA00283CD1F3
:104CA000082C50D8E4B2234632464FF4D861284647
:104CB000FFF736FA38BBB5F88C11E400E4B2A14234
:104CC0000A46A8BF22461F2A85F888411DDC172AFC
:104CD0001DDC0F2A1DDC003A18BF0122920095F856
:104CE0008A0195F8873195F8897185F8842190B902
:104CF00095F89C610297CDE903060020CDE90040BC
:104D00002846FFF759FB07B0F0BD0722E7E7062268
:104D1000E5E70522E3E7FF26ECE7012809D1012CAE
:104D200011D831784422284607B0BDE8F040FFF79B
:104D3000E3BC032804D1042C05D13368C5F8AB319A
:104D40006FF01300DFE76FF06800DCE72DE9F0415A
:104D500088B004469DF838800D4617461E46FFF77A
:104D600069FA00284AD1012D08D0022D3DD0002D2E
:104D700040D06FF42F7008B0BDE8F0814FEA88088A
:104D80005FFA88F594F88A31B4F88C1194F884218C
:104D900094F888C194F889E184F8875163BB94F84A
:104DA0009C01CDF808E0CDE903300023CDE900C334
:104DB00020462B46FFF700FB0028DCD17FBA0223F8
:104DC00007AA40F2BC612046ADF81C70FFF7A8F9B5
:104DD0000028D0D176BA022307AA40F2BE6120464D
:104DE000ADF81C60FFF79CF9C5E7B8F1000F18BFDC
:104DF0000625C7E70125C5E7FF20D2E7012812D124
:104E00002A1E94F8A03118BF012284F86F21019363
:104E100094F87031009394F89C31B4F872112046E4
:104E2000FFF7A4FAA7E74FF0FF30A4E7F0B589B089
:104E300004460E461546FFF7FDF9002851D1DEB9AC
:104E400094F88A0184F88961B4F88C1194F884216B
:104E500094F8873194F8886160B994F89C51CDE951
:104E6000030500200290CDE900602046FFF7A4FA78
:104E700009B0F0BDFF25F2E7012384F8893107AAC4
:104E80004FF4D7612046FFF752F90028F0D19DF882
:104E90001C308DF81D50C5F3002223F0010313438D
:104EA0008DF81C3007AA02234FF4D7612046FFF784
:104EB00037F90028DCD194F88A01B4F88C1194F801
:104EC000842194F8873194F8886194F8897130B915
:104ED00094F89C510297CDE903050020C3E7FF2514
:104EE000F8E76FF01300C3E70021FFF7CCBA012108
:104EF000FFF7C9BA003940F2FF1218BF0121FFF7CE
:104F000095BFD0F86801FCF791BC37B504460D4653
:104F1000FFF790F9012810D184F8A051019594F879
:104F20007031009394F89C3194F86F21B4F87211A9
:104F30002046FFF71BFA03B030BD6FF01300FAE70D
:104F4000F0B5036885B01B6906460D4617469847BD
:104F50003046FFF7C9FA830602D53046FFF7D9FA83
:104F6000494925F00040ECF7A5F8044630B101218D
:104F7000304605B0BDE8F040FDF7CBBD43492846BB
:104F8000EBF7E6FD404920F00040ECF793F80028ED
:104F900069D13F492846EBF7DBFD3B4920F0004053
:104FA000ECF788F8002860D13A492846EBF7D0FDA5
:104FB000354920F00040ECF77DF8002857D13649FC
:104FC0002846EBF7C5FD304920F00040ECF772F8B9
:104FD00000284ED131492846EBF7BAFD2A4920F086
:104FE0000040ECF767F8002845D12D492846EBF73B
:104FF000AFFD254920F00040ECF75CF800283CD1DB
:1050000028492846EBF7A4FD1F4920F00040ECF7A3
:1050100051F8A0BB24492846EBF79AFD1A4920F025
:105020000040ECF747F860B3072338468DF80C30A2
:10503000EBF740FE1D49EBF749FFECF795F8030C41
:105040008DF80D300123C6F89471CDE9003340BAD4
:10505000ADF80E000423D6F8680103AA9721FCF7E7
:105060008AFB05B0F0BD2346DFE70123DDE702231D
:10507000DBE70323D9E70423D7E70523D5E7062396
:10508000D3E70B48EDE700BF6F12833ACDCCCC3F9E
:105090009A99D93F6666E63FCDCC0C409A99194063
:1050A000CDCC2C40000040403333534000007A41C7
:1050B00041FDFFFF1FB5012380F89911CDE90033B1
:1050C0008DF80F100DF10F029D21D0F86801FCF74B
:1050D00052FB05B05DF804FB2DE9FF411F4600239C
:1050E0000D4616468DF80F300DF10F02012340F6E4
:1050F000E7010446FFF71BF8C8B94FF001089DF817
:105100002820CDF800803B4631462046FEF7F0FFD0
:1051100068B90422E9B22046FFF79FF838B9434640
:105120000DF10F0240F6E7012046FEF7F9FF04B04B
:10513000BDE8F08170B586B004460E461546FFF70F
:1051400079F8C0B9CDE9036594F88931CDE9010357
:1051500094F88831009394F8873194F88421B4F856
:105160008C112046FFF728F918B984F88A61C4F831
:105170009C5106B070BD6FF01300FAE70A4601219A
:10518000FFF7D8BF10B504460846C4F860114FF0C9
:105190009841EBF7E7FD4FF07451EBF7E3FDEBF7C8
:1051A000E3FF01462046BDE81040FFF725B8F0B503
:1051B000037B85B005460C4673B90126CDE9006630
:1051C0003346D5F868018DF8084002AA8A21FCF719
:1051D000D2FA40B105B0F0BD00221146FFF741F907
:1051E0000028EAD0F6E795F84D31CDE90066002BAE
:1051F0000CBF202330238DF80830D5F868013346E2
:1052000002AA9321FCF7B7FA0028E3D103228DF814
:10521000082095F86C21ADF80C00CDE900660D3240
:105220008DF809200A22ADF80A208DF80E00072318
:10523000D5F8680102AA8821FCF79DFA07460028E4
:10524000C8D12B6844F2FF31D3F8EC302846984798
:10525000009704463B463A4639462846FEF79EFFED
:10526000204300B20028B5D1CDE900607F238DF83E
:105270000830D5F86801334602AA8921FCF77BFA89
:105280000028A7D1D5F86831186803680521DB69C3
:105290009847D5F868311868D96A0268126990474A
:1052A00020B9D5F86801FCF78EFA93E7D5F8683194
:1052B000186803685B6D9847EBE76FF0180070475C
:1052C0006FF0180070476FF01800704703680021F6
:1052D0005B6918476FF0180070476FF0180070474F
:1052E0006FF0180070476FF0180070476FF01800EB
:1052F00070476FF0180070476FF01800704784B067
:1053000004A800E90E006FF0180004B070470020F8
:1053100070470000004870470000C8C182B08DE8A7
:105320000C00002002B07047002070476FF018009A
:1053300070476FF018007047002070477047704743
:1053400070476FF01800704730B585B00025CDE983
:1053500002558DF808300368CDE90012D3F8D0303B
:105360006A4603210446984720B923682046D3F8AB
:10537000D430984705B030BD1FB50293069B039308
:105380000368CDE90012D3F8D0306A460221044602
:10539000984720B923682046D3F8D430984704B002
:1053A00010BD000070B5104B0360044601260025B7
:1053B00006732822002110300DF089FDA5634FF4FB
:1053C0008072294604F13C000DF081FD4FF07E53C0
:1053D00084F84451C4E94F55C4F8485184F84C51FD
:1053E0006360A660204670BDF4550208002330B506
:1053F0001A460125103005FA03F40C4204D050F887
:1054000023401F2C18BF22430133202BF3D1104619
:1054100030BDF7B506460C46A9B101AF002533688B
:105420003046D3F8A43098470135EDB2042D07F883
:10543000010BF4D1019B1BBA002BB8BF5B4293FB5D
:10544000F4F204FB1234204603B0F0BD38B590F8F6
:105450004C3104469BB9D0F83C2141EA4201D0F8D6
:105460004821C0F83C111140D0F84021914205D1AB
:10547000012280F84C2180F83930438738BD90F8FC
:105480003A2094F839300244012592F83C009D40BE
:10549000B9B12843C0B2591CC9B2082982F83C00EE
:1054A00084F83910EAD100F0D9F894F83A30E218CB
:1054B000013382F83C0084F83A30002384F8393014
:1054C000DCE720EA0500E6E7082202700022C0E9D6
:1054D0000122C260028270472DE9F84300268468E9
:1054E0004FEAC20805460F463246B04510D1EB6878
:1054F00084EA03006B7C13B1297800F0AFF82A78B6
:105500004FF0FF33C2F12002D3401840BDE8F883CA
:1055100073070CD12B7CB85C02F1010913B108218F
:1055200000F09CF82B78083B984044404A462B7882
:10553000013B24FA03F313F0010F18BF6B684FEA25
:10554000440418BF5C400136CFE700000148FFF774
:10555000BBBF00BFFC790020002202704270704780
:1055600000230370417070472DE9F74F0192002925
:105570006CD0002B6AD0002296461546019CA542AD
:1055800012D1690708D04178032904BF110C03F830
:10559000011B110A19705A700C9B0BB1C3F800E083
:1055A000002003B0BDE8F08FEC0890F8018011F8FE
:1055B00004C0284C284EEF4307F00707B8F1020F4C
:1055C0004CFA07FC08BFA2460CF0010C047818BF87
:1055D000B246CCF101064FEA940B6FEA04094FEA98
:1055E000860609F00309F6B206EBC9065AF82B90B5
:1055F0004FF0020A29FA06F61AFB04C40CBF4FF05A
:1056000010094FF04009B4FBF9FC09FB1C4406F0FB
:105610000F06047007FB08F705F00704BE40072CCF
:1056200042EA06020CD1B8F1030F04BF140C03F8D0
:10563000014B1C46160A04F8026B5A7023460022DE
:10564000447874441FFA84FE013597E74FF0FF3029
:10565000A7E700BFD0560208E05602080023F0B5C5
:105660000446012518464E1EDAB2914200D8F0BD1C
:1056700005FA03F22240DA40F71ABA401043013328
:10568000F2E7704770477047084670477047000060
:1056900010B5C0E90223029B0361039B4361049B95
:1056A00083610023C361044B044C1A68C0E90041C4
:1056B00002B9186010BD00BF107A002028570208F8
:1056C0001020704710B5064B0446B02140F80C3B43
:1056D00000F0CFFA204600F085F8204610BD00BF4C
:1056E0009057020810B50446FFF7ECFF2046BC2196
:1056F000F0F71BFF204610BD102AF8B54AD100F183
:105700000C0301F1100251F8044B43F8044B914291
:10571000F9D100F1180400F1B80601250423042B87
:1057200004F1040722D12A462146384600F084FAC3
:10573000237914F80C2CE1795340237114F80B2CC5
:1057400063795340637114F80A2CA3795340A37111
:1057500014F8093C01355940EDB200230133B7423A
:10576000E171DBB23C46DAD10120F8BD14F80C1C23
:1057700022784A40227114F80B1C62784A40627108
:1057800014F80A1CA2784A40A271E17814F8092C96
:105790005140E3E70020E8E710B5044600F014F8B4
:1057A000044B23600A23237104F10C03A3602046F9
:1057B00010BD00BF90570208102070470179806823
:1057C0000131090100F055BA10B5044600F04AFA5B
:1057D000034B236000232371A360204610BD00BF4C
:1057E000B857020810B5034B0360044600F040FAB6
:1057F000204610BDB8570208184B0A789A5C027010
:105800004A799A5C42708A7A9A5C8270CA7B9A5C06
:10581000C2700A799A5C02714A7A9A5C42718A7BF8
:105820009A5C8271CA789A5CC2710A7A9A5C027236
:105830004A7B9A5C42728A789A5C8272CA799A5CD4
:10584000C2720A7B9A5C02734A789A5C42738A79C4
:105850009A5C8273CA7A9B5CC3737047EB580208E8
:10586000184B0A789A5C02704A7B9A5C42708A7A7A
:105870009A5C8270CA799A5CC2700A799A5C0271E9
:105880004A789A5C42718A7B9A5C8271CA7A9A5C85
:10589000C2710A7A9A5C02724A799A5C42728A7878
:1058A0009A5C8272CA7B9A5CC2720A7B9A5C0273AF
:1058B0004A7A9A5C42738A799A5C8273CA789B5C52
:1058C000C3737047EB570208F0B50E7891F801C02A
:1058D0008D78CF78F40904EB44044FEADC1104EB33
:1058E000C40401EB410184EA46048CEA050E01EB95
:1058F000C101E4B287EA0E0E81EA4C01C9B2EB099C
:1059000084EA0E0E81EA0E0EFA0903EB430303EB61
:10591000C30302EB420280F800E086EA050E83EA48
:10592000450387EA0E0E86EA0C0602EBC202DBB2E2
:1059300082EA470281EA0E0177407540D2B25940AF
:105940006C407B405340624041708370C270F0BD38
:105950002DE9F041846888B0531E0D46671E0F3252
:105960006E4613F8011F17F801CF934281EA0C012C
:1059700006F8011BF5D1077910343E46A046012EEA
:105980001BD87B1E002FDBB24FEA031308BF002396
:105990001C44694604A8FFF72FFF013D631E0F3426
:1059A00013F8011F10F8012BA34282EA010205F847
:1059B000012FF5D108B0BDE8F08104A86946FFF7D2
:1059C0001BFF01466846FFF77FFF05A901A8FFF707
:1059D0007BFF06A902A8FFF777FF03A807A9FFF737
:1059E00073FF08F1FF336A4608F10F00117813F8CE
:1059F00001CF81EA0C01834202F8011BF6D1013E7E
:105A000008F11008F6B2BAE72DE9F04F91F800B0AE
:105A10004E78CF788D784FEADB1303EB430303EB2B
:105A2000C30387B083EA4B03DBB20193F309FA099E
:105A300003EB430303EBC30302EB420283EA460397
:105A400002EBC20282EA4702DBB20293B409D3B28C
:105A5000484A03934FEA971C145D12F80CC084EA7D
:105A60008604E3B28CEA870C04935FFA8CF34FEA66
:105A70005B1CAC0912F80CA005934FEA561C4FEAC8
:105A80009B1912F80C80145D12F80990019B4FEAE3
:105A9000551C84EA850412F80CE04FEA571CE4B266
:105AA00012F80CC086EA05027A405A40029B88EA46
:105AB000C6085A405FFA88F88AEACB0A8EEAC50E11
:105AC00062405FFA8EFE5FFA8AFA8CEAC70C89EAB6
:105AD0008B0988EA02025FFA8CFC8AEA09098EEADD
:105AE0000202E9095FFA89F98CEA020289EA0202F4
:105AF00001EB4101027001EBC1018BEA05027A4022
:105B000081EA4501C9B25340049A4B405340059A7B
:105B100053408AEA030388EA03038EEA03038CEA0C
:105B200003038BEA060643707740039B039A794090
:105B30005940019B75406B405340049A5340059A6D
:105B40004C40534088EA04048AEA030A8EEA0404BB
:105B500088EA0A088CEA04048EEA080E89EA040935
:105B60008CEA0E0C80F8029080F803C007B0BDE804
:105B7000F08F00BFE35702082DE9F04384680779EE
:105B800089B00D4604EB07146946531E661E0F329A
:105B9000894613F8010F16F801CF934280EA0C00F2
:105BA00001F8010BF5D1494604A8FFF759FE3E461E
:105BB000A046012EA8F1100819D87B1E6FF00F0225
:105BC000DBB2002F02FB03F308BF00231C44A21822
:105BD00004AB013D12F8010B13F8011BA24281EA4C
:105BE000000105F8011FF5D109B0BDE8F08304AA52
:105BF000434608F11000117813F801CB81EA0C013B
:105C0000834202F8011BF6D104A94846FFF7FCFEC7
:105C100005A901A8FFF7F8FE06A902A8FFF7F4FE00
:105C200007A903A8FFF7F0FE013E494604A8FFF7C5
:105C300017FEF6B2BDE7000030B5084B4C78084DB2
:105C40001C5DAA5C544004708A789A5C4270CA78E1
:105C50009A5C82700A789B5CC37030BDEB58020876
:105C6000D8570208014B0360704700BFF45902087F
:105C7000704701440023884200D1704700F8013B7F
:105C8000F9E730B502440023904204D1C3F5807097
:105C9000C0F3002030BD10F8014B11F8015B6C40DF
:105CA0002343F1E72DE9F0419CB0164F164B4FF01E
:105CB00009080546082603A8CDF8008010220C46E6
:105CC00001F05EF93B46424613A903A8009601F095
:105CD00057F9334603AA2146204601F0E7F8334638
:105CE0003A462146284601F04DF933463A462946C0
:105CF000284601F047F9642103A8FFF7BAFF1CB05A
:105D0000BDE8F081385A0208145A020838B5144622
:105D10000546402320460A46102101F0AEF8002334
:105D2000236421462846BDE83840FFF7BBBF202149
:105D3000FFF79FBF2DE9F0410D46A0B000F120080C
:105D4000044605F1200602464146684601F044FA41
:105D50002A46314610A801F03FFA10AA6946684663
:105D600001F0D6F92246414608A801F01EFA2A465B
:105D7000314610A801F019FA08A904F1600610AA2A
:105D8000084601F0C5F905F16002314610A801F09E
:105D9000BFF910A904F140070846224A01F0C8F9EA
:105DA00005F14002394618A801F0B2F918AA1146C7
:105DB000104601F0FAF96A4608A9304601F00CFADB
:105DC00010AA18A9384601F007FA18A910AA08461F
:105DD00001F0EBF908A96A46084601F0E6F93A46EF
:105DE0003146204601F094F908AA18A9404601F06E
:105DF0008FF918AA3946384601F08AF908AA3146BF
:105E0000304601F085F96846FFF791FF08A8FFF7D3
:105E10008EFF10A8FFF78BFF18A8FFF788FF20B0B0
:105E2000BDE8F081D85A02082DE9F041064690B04D
:105E300001F140080D464246014606F1400768461A
:105E400001F066F93A46294608A801F061F92022D6
:105E50000DEB02016846FFF714FF424606F12001F0
:105E60000446684601F054F93A4605F1200108A8B5
:105E700001F04EF920220DEB02016846FFF701FF09
:105E800004406846FFF753FF08A8FFF750FFE4B24D
:105E9000204610B0BDE8F0812DE9F041044600F144
:105EA00020060A46202388B00821304600F0E5FF8E
:105EB000E36B334DDF0F04F1400823F00043E3634D
:105EC000424605F1200C2B4603CB63451060516020
:105ED0001D4602F10802F6D104F160053246314652
:105EE000284601F015F942462946204601F074F98A
:105EF000244A2946284601F01BF9424629462846ED
:105F000001F053F92946684601F0EBF96A4621464B
:105F1000284601F0FDF86846FFF709FF236E2A4680
:105F200004F17C0152F8040F8A4243EA0003F9D1DC
:105F30005BB91FB1002008B0BDE8F08120223946CE
:105F400020460CF0C4FF0120F5E72946204601F069
:105F5000F3F90028EED0236803F00103BB4209D017
:105F60002022002128460CF0B2FF22462946204676
:105F700001F032F932462146284601F0C9F8E2E73D
:105F8000785A0208F85A02088021FFF772BE000012
:105F90002DE9F04FC5B0054602911446002180223C
:105FA000019301260CF093FFFF232E622E640093D1
:105FB0004FF0000A04F12008029B53F82A70019B5D
:105FC00037400BB9002F7BD005F120092A464946FE
:105FD00004A801F001F92246414614A801F0FCF89A
:105FE00004A9084614AA01F093F82A4649460CA8C9
:105FF00001F0DBF82246414614A801F0D6F80CA9BE
:10600000084614AA01F084F805F16003194604F16A
:10601000600214A8039301F07BF814A908466E4AA5
:1060200005F1400B01F084F804F1400259461CA828
:1060300001F06EF81CAA1146104601F0B6F804AA49
:106040000CA93CA801F0C8F814AA1CA934A801F0B6
:10605000C3F81CA9084614AA01F0A7F80CA904AAC1
:10606000084601F0A2F8019B34AA3CA9002B00F0DD
:106070009F8024A801F04CF80CAA1CA92CA801F0C0
:1060800047F834A908461CAA01F042F83CA9084682
:106090000CAA01F03DF824AA2946384601F0CAF8B6
:1060A0002CAA4946384601F0C5F834AA5946384664
:1060B00001F0C0F83CAA05F16001384601F0BAF8D9
:1060C0002246414604A801F087F804AA114610466A
:1060D00001F01EF8224641460CA801F066F80CAA11
:1060E00004F160071146104601F012F83A463946AD
:1060F00014A801F00DF814A904F140090846364A25
:1061000001F016F84A4649461CA801F001F81CAAFD
:106110001146104601F049F804AA0CA9384601F0CE
:106120005BF814AA1CA9484601F056F81CA90846B9
:1061300014AA01F03AF80CA9084604AA01F035F8AF
:106140004A463946204600F0E3FF0CAA1CA9404607
:1061500000F0DEFF1CAA4946484600F0D9FF0CAA11
:106160003946384600F0D4FFB6F1004F04BF0AF1BB
:1061700001035FFA83FA009B03F1FF3314BF76003B
:10618000012613F0FF0300937FF416AF24A8FFF756
:10619000FBFE04A8FFF7CBFD0CA8FFF7C8FD14A871
:1061A000FFF7C5FD1CA8FFF7C2FD45B0BDE8F08FA5
:1061B000284600F0ADFF0CAA1CA9484600F0A8FF35
:1061C0001CAA34A9584600F0A3FF0CAA3CA905F16B
:1061D000600000F09DFF73E7D85A0208F0B5174D34
:1061E000944606460F460FCDA1B06C460FC495E805
:1061F0000F00134D84E80F000FCD08AC0FC495E8D5
:106200000F00104D84E80F000FCD10AC0FC495E8BF
:106210000F000D4D84E80F000FCD18AC0FC495E8AA
:106220000F0084E80F0063466A4639463046FFF7A0
:10623000AFFE6846FFF7A8FE21B0F0BDB85A0208CD
:10624000985A0208785A0208585A0208F0B5ADF573
:10625000397D0D46044680A816461F4600F0CEFA4A
:1062600029466846FFF718FE98B900246846FFF7EC
:106270008BFE20A8FFF788FE40A8FFF785FE60A8E8
:10628000FFF782FE80A800F09FFA20460DF5397DC9
:10629000F0BD214620A8FFF7FFFD0028E5D080A82B
:1062A00000F076FA2146202280A800F009FD202285
:1062B000294680A800F004FD3A46314680A800F047
:1062C000FFFC002292A980A800F039FD2023E218EB
:1062D000082178A800F0D1FD002278A940A8FFF796
:1062E0007DFF60AA92A958A8FFF710FD00236A4617
:1062F00058A960A8FFF74CFE60A920A8FFF71AFD77
:1063000020A940A8FFF790FD0446AFE705494FF4E8
:106310000052A0F880200022C0E92121A0F89C2092
:10632000704700BF80EE360010B540210446FFF7ED
:10633000A0FC40216018FFF79CFC204610BD000027
:106340000148FFF7E3BF00BF147A00200148FFF7C0
:10635000EBBF00BF147A0020202070474020704718
:106360000E4A0F4B0F49DFF840C0C0E902230F4B24
:10637000C0E904130E4BC0E906C30E4B036203F1E0
:106380007453A3F52303A3F692434362002380F8DA
:10639000703000220023C0E91A23704767E6096ABB
:1063A00085AE67BB72F36E3C7F520E513AF54FA536
:1063B0008C68059BABD9831F10B50446702108304B
:1063C000FFF757FC236820461B69BDE810401847BB
:1063D00010B5064B0446702140F8083BFFF749FC16
:1063E000204600F0E9FF204610BD00BF205B0208F8
:1063F00010B50446FFF7ECFF20467821F0F795F83A
:10640000204610BD10B5044600F0D0FF024B2360BB
:106410002046FFF7A5FF10BD205B02082DE9F04FD5
:1064200000F124058BB000F164072B4653F8042FCC
:1064300012BA9F421A60F9D183680293C36803932A
:10644000036904934369059383690693C3690793BA
:10645000036A0893436A0993DDE908B8DDE9061C7D
:10646000DDE904E9DDE90246594B0193019B55F84A
:1064700004AF53F8042B01934FEAF12383EAB113DD
:10648000524483EA7163134401EA0C0A2BEA0102C5
:1064900082EA0A02134486EA0E024344224006EAD4
:1064A0000E0882EA08024FEA743888EAB40888EADB
:1064B000B4589844AF424B444244F146D84678D150
:1064C00010250195019D0F3D05F00F050A3550F887
:1064D00025A0019D023D05F00F050A3550F82590D5
:1064E000019D05F00F08073D05F00F0500EB88083A
:1064F0000A35D8F8287050F825503D442F464FEA09
:10650000BA4585EAFA1585EADA054FEAF94A8AEAD0
:10651000794A8AEA992A3D4455444FEAF329C8F852
:10652000285003EA010A89EAB3192CEA030889EA28
:10653000736988EA0A08C844254FDDF8049057F8C3
:106540002970B844A84408EB0B054FEA723984EA75
:10655000060889EAB20908EA020804EA060A89EA92
:10656000B25988EA0A08C844A84405EB0E09019DFF
:106570000135402D0195B646E34621D1029D4544A3
:106580008560039D1544049AC56022440261059A02
:1065900032444261069A4A448261079A1A44089B2F
:1065A000C2610B440362099B634443620BB0BDE8C4
:1065B000F08FE346B6468C4626461946144655E704
:1065C0008C462646194614464B4642467AE700BF9B
:1065D000485B02082DE9F84315468946D100D0E909
:1065E0001A325B1842EB5572C0E91A32044600F1C8
:1065F00028074FF000080DB9BDE8F88394F8700043
:10660000C0F14006F6B2AE4288BFEEB2494632460D
:1066100038440CF0C6FD94F870303344DBB2402BA4
:1066200084F87030A5EB0605B144E4D12046FFF7AD
:10663000F5FE84F87080DEE7F8B500F1280590F8E3
:10664000703017468022EA5490F87020372B0446A9
:106650000E4602F101002FD8C2F137020021284472
:106660000CF035FCA36E19BAE36E1A06180A42EA5A
:10667000136200F47F401B02024303F47F031343C1
:10668000C4E918312046FFF7C9FE231D04F1240197
:1066900053F8042F12BA8B421A62F9D123682046AC
:1066A0009B689847B8420246294628BF3A4630467A
:1066B000BDE8F8400CF075BDC2F13F02002128444E
:1066C0000CF005FC2046FFF7A9FE382200212846E1
:1066D000C6E713B513463622044600920A4600F177
:1066E000280100F06AFED4E91A3213F5007342F172
:1066F00000022046C4E91A3202B0BDE81040FFF79C
:106700008DBE2DE9F04106461D4656F8283B8AB05D
:106710000F46904602A99B692022044698475C23B5
:10672000314600933A464346204600F046FED4E9FF
:106730001A2312F5007243F10003C4E91A2320461C
:10674000FFF76CFE23685E699B68984702A90246C2
:106750002046B0472368109A9B69294620469847EF
:10676000202102A8FFF785FA0AB0BDE8F081402099
:1067700070478020704710B50446D8210830FFF7D5
:1067800078FA236820461B69BDE8104018470000CE
:1067900070B50C4D034600F1080405F140062A4689
:1067A00003CAB24220606160154604F10804F6D1C4
:1067B000002000210022C3E93201C3E9340183F83B
:1067C000D82070BDF85E020810B5064B0446D821EB
:1067D00040F8083BFFF74DFA204600F0EDFD20465B
:1067E00010BD00BF505C020810B50446FFF7ECFF77
:1067F0002046E021EFF799FE204610BD10B5044673
:1068000000F0D4FD034B23602046FFF7C1FF204674
:1068100010BD00BF505C02082DE9F04FA1B000F19F
:10682000C00300F1400104930B4653F8082F5C6845
:1068300012BA24BAC3E90042049A9A42F5D1836895
:106840000E93C3680F93036910934369119383698F
:106850001293C3691393036A1493436A1593836A6B
:106860001693C36A1793036B1893436B1993836B47
:106870001A93C36B1B93036C1C93436C1D931D46AF
:106880001C9E1A9B0B931B9B0C93189B0793199BA5
:106890000893149B0D93159B1E93129B0993139BB6
:1068A0000A93109B0593DDE916AB119B0693DFF865
:1068B0003C830E9BDDF83C9001934FEA9A324FEAFD
:1068C0009A4747EA8B3742EA8B427A404FEA9B3439
:1068D0004FEA9B434FEACA5743EA8A3347EA5B27AA
:1068E00044EA8A44D8E900EC5C407A404FEACB5352
:1068F00051F8087F43EA5A235C404B681EEB0707B8
:106900004CEB030C0B9B23EA0A0E0C9BD21923EAD7
:106910000B07079B44EB0C04DDF820C00AEA0303D5
:106920000BEA0C0C8EEA030387EA0C07D31844EB3E
:1069300007049B1945EB0404059A099DDDF828C05E
:10694000DDF804E082EA0507069A0A9D82EA050658
:10695000019A099D1740059A1540069A06EA09060C
:1069600002EA0C025640019A6F404FEA19754FEA4D
:10697000127C45EA02154FEA897242EA9E024FEA0A
:106980008E7E4EEA990E55404CEA091C019A8CEA1B
:106990000E0C4FEA496E4EEAD21E520642EAD91256
:1069A0008CEA020212EB030C0D9A85EA0E0544EB09
:1069B00005059B181E9A44EB02041CEB0702029289
:1069C00045EB06020392099A0D920A9A1E92049AC6
:1069D0008A42DDE90B6508F1080840F04C8110227D
:1069E0000492049AA2F10F0101F00F01093100EBAA
:1069F000C10250F83110D2F804E0049A023A02F0D1
:106A00000F02093200EBC20550F832200D92049AB1
:106A1000D5F804C0D61F02F00F0706F00F0600EBF2
:106A2000C7070936BA6C00EBC60550F836606D68CA
:106A3000B618FA6C45EB02024FEA5E051E924FEA69
:106A4000510845EAC1720D0A1F9248EACE7845EA1C
:106A50000E624FEA1E2588EA020845EA01651F9A80
:106A6000C90941EA4E61554088EA01011E9A711830
:106A700085EADE1542EB05050D9A4FEADC484FEA40
:106A8000CC0646EA52764FEAD24E48EA4238D20065
:106A900042EA5C724EEA4C3E8EEA020E0D9A920970
:106AA00042EA8C628EEA020288EA060888EA9C18AA
:106AB0008E1845EB0802C7E91262A50BA70C47EA3E
:106AC000833745EA83457D40990B4FEA934CE705B0
:106AD0004CEA843C47EA532741EA844185EA070EA1
:106AE00081EA0C01049F414D4FEAC35C4CEA542CEF
:106AF00081EA0C0105EBC70C55F83750DCF804703F
:106B000049194EEB0705079F27EA0308089F27EA64
:106B1000040C03EA0A0788EA070704EA0B0E8CEA6A
:106B20000E0CC91945EB0C05891942EB05060B9AA9
:106B3000029DDDF808C08A180C994FEA1577039D6D
:106B400041EB0601029E47EA05172D0F45EA06159F
:106B5000039EDDF80CE0B60746EA9C064FEA8C7C03
:106B60004CEA9E0C87EA0C077540DDF808C07646B3
:106B7000760646EADC164FEA4C6C4CEADE1C87EAE5
:106B80000C077540DDF814C0019E86EA0C08069ECD
:106B900089EA060E029E08EA0608039E0EEA060E21
:106BA000019E06EA0C06DDF818C088EA060609EA26
:106BB0000C0CBE198EEA0C0C099F45EB0C05DDF898
:106BC00028C0D71941EB0C0C921941EB0501049D2B
:106BD00001350495059D0995069D0A95079D0B9520
:106BE000089D0C95049D502D59D101E0785C020858
:106BF0000E9DAA180F9D45EB0101C0E902210299E3
:106C0000109A039D5218119941EB0501C0E9042126
:106C10000199129A069D5218139941EB0901C0E996
:106C200006210599149A5218159941EB0501C0E9FE
:106C30000821169AD719179A42EB0C01189AD31803
:106C4000199A42EB0404C0E90C341A9B1B9A13EB0B
:106C50000A0342EB0B02C0E90A71C0E90E32079A3F
:106C60001C9B08999B181D9A42EB0102C0E9103247
:106C700021B0BDE8F08F079A0B92089A0C92CDE9EB
:106C800007AB9A46059B0993069B0A93019BCDE9A6
:106C90000539029BDDF80C900193A3460DE6019D9A
:106CA000CDE90559029DDDF80C900195CDE907ABC2
:106CB000CDE902219A46A3463B46644691E600BFD1
:106CC0002DE9F8430446D0E932601546EB009B19E4
:106CD0004FEA5272424189464FF0000128BF01211C
:106CE000C4E9323231B1D4E93432013342F1000225
:106CF000C4E9343204F148074FF000080DB9BDE88B
:106D0000F88394F8D800C0F18006F6B2AE4288BF8E
:106D1000EEB24946324638440CF043FA94F8D83083
:106D20003344DBB2802B84F8D830A5EB0605B144A0
:106D3000E4D12046FFF770FD84F8D880DEE7F8B58F
:106D400000F1480590F8D83017468022EA5490F8B0
:106D5000D8206F2B04460E4602F1010032D8C2F152
:106D60006F02002128440CF0B2F8D4F8D030D4F8E7
:106D7000D4201BBA12BAC4E92E23D4F8C830D4F8F0
:106D8000CC201BBA12BAC4E930232046FFF744FDD9
:106D9000234604F1400053F8082F596812BA09BA83
:106DA0009842C3E91012F6D1236820469B689847A1
:106DB000B8420246294628BF3A463046BDE8F84068
:106DC0000CF0EFB9C2F17F02002128440CF07FF8EB
:106DD0002046FFF721FD702200212846C3E713B5A6
:106DE00013463622044600920A4600F1480100F09C
:106DF000E4FAD4E9323213F5806342F1000220460E
:106E0000C4E9323202B0BDE81040FFF705BD2DE9FC
:106E1000F04106461D4656F8483B92B00F46904654
:106E200002A99B694022044698475C23314600939F
:106E30003A464346204600F0C0FAD4E9322312F520
:106E4000806243F10003C4E932232046FFF7E4FCEB
:106E500023685E699B68984702A902462046B047AE
:106E60002368189A9B69294620469847402102A822
:106E7000FEF7FFFE12B0BDE8F081F8B50F46B3EBA8
:106E8000870F054611461C464FEA870609D21A4667
:106E90000CF087F9321B28190021BDE8F8400CF0EE
:106EA00016B83246BDE8F8400CF07BB9F0B50025C5
:106EB00007462C46AB4204F0010000D1F0BD51F86A
:106EC0002540261A52F8250064EB0404361A47F8C8
:106ED000256064F100040135ECE72DE9F04700245A
:106EE0001D68A446264696420BD140F8224000EB8E
:106EF000820901264FF0000A089CA6420CD3BDE887
:106F0000F08751F82670E7FB054C40F826406446B0
:106F100001364FF0000CE6E7002453F8267000EB32
:106F2000860EA446944503D149F826400136E3E78E
:106F3000DEF8005051F82C802D194AF10004E8FBCE
:106F400007544EF8045B0CF1010CEBE7F8B504466E
:106F5000FFF7ACFF1D46002316464042043C1A468C
:106F600005B9F8BD56F8041B54F8047F0140C9194F
:106F700042EB0207C918216047F10003013DEFE72A
:106F8000FFF7ABBFFFF7E2BF2DE9F041CC69132655
:106F9000E30F24F00044A3FB0636CC6101EB82072B
:106FA0008C464FF0260E674549D1072A0CD83C463F
:106FB00025680132ED18D2B246F10003082A44F8E0
:106FC000045B4FF00006F3D12622A3FB023402FB40
:106FD0000644CA691325D60F22F00042E6FB0534A9
:106FE000CA610A1FA44601F11C05164656F8044F53
:106FF000E4184CF10003B54234604FF0000CF5D1B9
:1070000016461327634656F8044FE41943F1000768
:10701000B54234624FF00003F5D1CB6BDC1723F09F
:107020000043CB63043852F8041F136A4B402340DB
:107030004B40954240F8043FF5D1BDE8F081DCF8C3
:107040000050EC18DCF8205046F10003E5FB0E433D
:107050004CF8044B0026A6E7F0B589B06D46034610
:1070600000F120070146002613202C4651F8042B7E
:10707000121846F100008F4245F8042B4FF000062D
:10708000F4D1079AD61722F00042191FF043079255
:107090001C3351F8045F54F8042B6A4032406A40B4
:1070A0008B420A60F5D109B0F0BD0023D1F800C0D1
:1070B0002DE9F04702F12006074615461C4655F813
:1070C00004EBEEFB0C34B54247F8043B23464FF08B
:1070D0000004F4D140F8203F01F11C0851F804EFFE
:1070E000A0F11C0C1746002557F8049BDCF8003073
:1070F000A246E9FB0E3A5B194AF10005B7424CF88B
:10710000043BF1D1884540F8045FE7D1BDE8F08742
:1071100010B590B004466846FFF7C7FF08226946DD
:107120002046FFF731FF10B010BD0A46FFF7F0BF51
:107130002DE9F04F93B002AF0023D2F800C00D4606
:1071400001F120080E461C46394656F804EBEEFBCA
:107150000C34464547F8043B23464FF00004F4D175
:107160000A930AAF02F11C09019452F8043FA7F1F7
:107170001C0E1C46AC460026DEF800305CF804AB62
:10718000DDF804B0EAFB043B9B194BF10006C44553
:107190004EF8043BF0D1914547F8046FE5D1082241
:1071A000FFF7F2FE13B0BDE8F08FF0B4002401F158
:1071B000200C0546264651F8043B52F8047BDB19A7
:1071C00046EB06071B1947F10004614545F8043BEF
:1071D000F1D1F0BCFFF740BFF0B5002301F120076B
:1071E000054651F8044B52F8046B03F00103E41A0E
:1071F00063EB0303A41B63F10003B94245F8044B9E
:10720000EFD1014603F0130251F8043B04469B1AE8
:1072100044F8203B62EB02020B6802F001029B1A69
:1072200041F8043B62EB0202A142F5D123F0004396
:10723000C361F0BD404230B5A1F1040065EB050526
:10724000043A1C3150F8044F52F8043F63402B407D
:10725000634088420360F5D130BD70B588B0044604
:1072600068460E46FFF761FF092569466846013DFD
:10727000FFF75BFF15F0FF05F7D132466946204660
:10728000FFF746FF17260A2569466846013DFFF7C6
:107290004CFF15F0FF05F7D16A4621462046013E16
:1072A000FFF736FF16F0FF06EDD121466846FFF7DF
:1072B0003CFF6A4621462046FFF72AFF082569461B
:1072C0006846FFF732FF013D6A4621462046FFF738
:1072D0001FFF15F0FF05F2D16846FEF728FD08B044
:1072E00070BD38B504460D46FFF7B7FF214620466E
:1072F000FFF71BFF21462046FFF717FF2A462146CE
:107300002046FFF705FF21462046FFF70EFF2146E6
:107310002046FFF70AFF2A4621462046FFF7F8FEDF
:1073200021462046FFF701FF2A4621462046BDE8B8
:107330003840FFF7EDBE000030B5044689B00D4679
:10734000FFF78BFF21462046FFF7EFFE2A46214636
:107350002046FFF7DDFE21462046FFF7E6FE2146E8
:107360006846FFF7E2FE2022694628460BF085FDBD
:1073700028B96846FEF7DBFC012009B030BD0A4A97
:1073800021462046FFF7D4FE21466846FFF7CDFE92
:107390002022694628460BF070FD0028E9D0684697
:1073A000FEF7C5FC0020E8E7385F0208014B0360E8
:1073B000704700BF605F020870472DE9F8431D4623
:1073C00003689DF82090DB6804460E469046984777
:1073D000236807461B6920469847AF420ED32A46CA
:1073E000414630460BF0DDFE74197A1B49462046B3
:1073F0000BF06DFDB44217D1BDE8F88323682A462F
:10740000414620465B699847236820469B68984719
:10741000236802469B690546314620469847236803
:1074200020461B699847DFE716F8013B89EA03030A
:1074300006F8013CDEE7704738B5044600250846EB
:107440002171A5710BF0AEF965712060204638BD41
:1074500010B5044600680BF0ADF9204610BD0023BE
:107460004371704740797047006870478E2912D881
:10747000702903D8032908D801207047074B7139B8
:10748000C9B2CB4003F001007047643904298CBFB6
:107490000020012070470020704700BFBD91FE20F2
:1074A000882914D8702906D803290BD8012994BF3C
:1074B000002001207047074B7139C9B2CB4003F05F
:1074C00001007047A1F167035842584170470020FE
:1074D000704700BF1901A0002DE9F84F04460E4681
:1074E00090461D46FFF7C2FFC8B18E2E98BF2D4BA8
:1074F00094F805909CBF9F5D2B4B227994BF33F885
:1075000016B0002709EB070303F1010388BFBB4650
:10751000934206DB0123A3710020BDE8F88F02230C
:10752000F9E700212846E9F7BBFD0021B0F1000A88
:10753000284618BF4FF0010AE9F7B2FD08B105F17E
:1075400000455846E9F7B6FB2946E9F70BFCE9F791
:107550000BFE314605462046FFF7A2FF40B1BAF1C7
:10756000000F05D0FA00012393405A1E2A409D1AAD
:10757000236809F10102627103F8098063792268C6
:10758000591C6171D654002201326379D1B28F4205
:107590003B4402D2D8B26071BFE721689B1ACD5438
:1075A0002D0AF1E7A6600208885F020808B51346B5
:1075B0000A466721FFF790FF08BD08B513460A4643
:1075C0006821FFF789FF08BD08B513460A467421F4
:1075D000FFF782FF08BD08B513460A467321FFF77F
:1075E0007BFF08BD704710B550210446EEF79DFFA4
:1075F000204610BD38B5074B04460D4640F80C3BFD
:10760000442200210BF063FC0023A5602371204677
:1076100038BD00BF4061020810B50446007958B972
:1076200001B1A160A16839B104F10C0000F074FF50
:10763000B0FA80F04009207110BD38B503790446D6
:1076400000F10C053BB98168284601F04BFEB0FA09
:1076500080F0400938BD00230371284600F09EFFEA
:107660000028F4D1A168284601F03CFE0028EED1A4
:10767000A168284600F050FF0028E8D101232371BB
:10768000E5E738B50D46044611461A462B4600F08C
:107690006BF9204638BD00B5C3B06A460C3000F027
:1076A000FFFEB0FA80F0400943B05DF804FB08B576
:1076B0000C3001F049FFB0FA80F0400908BD07B571
:1076C00003688DF807105B6801220DF107019847E8
:1076D00003B05DF804FB1346027D10B54AB9046996
:1076E0000A46816904F10C0001F0CBF820EAE07051
:1076F00010BD0020FCE773B504460069257D0DBB75
:10770000A1690C3000F0C0FE06462069A1698DF821
:10771000075001230DF107020C3001F04CFA00284C
:107720002069A169C8BF9DF807504FF00003324699
:1077300000F10C00D8BF4FF0FF3501F0A0FA284649
:1077400002B070BD4FF0FF35F9E738B5037D044650
:1077500063B90069A1690C3000F098FE0546206904
:10776000A1690C3000F090FE281A38BD0020FCE71B
:10777000037D2BB90369816903F10C0001F075BC2D
:107780007047000010B500224FF47A74C0E901245C
:10779000054C0460C0E906220161027580F82020D2
:1077A00080F81F2110BD00BF50610208F8B50446E3
:1077B0000E4615461AB1012A17D00120F8BD01273F
:1077C00038200AF0EFFF0146A06160B1206932461F
:1077D0003B460C3001F0B1FE024648B1A0690AF008
:1077E000E9FF0023A3610020E8E740F20317E7E781
:1077F000012D05D12069A16902230C3001F03FFA67
:1078000000232375D9E770B504462C200E460AF0F4
:10781000C9FF0146A06150B1206932460C3000F02A
:107820009AFD30B1A0690AF0C5FF0023A3610020D2
:1078300070BD012525753046E9F72AFD28440AF078
:10784000B1FF3146E0610BF0A4FC2846F0E7134697
:10785000027D10B43AB904690A46816904F10C004A
:1078600010BC01F0A8B9002010BC704707B5012278
:107870000DF10701FFF7EBFF0028CCBF9DF80700D3
:107880004FF0FF3003B05DF804FB037D10B50A46EE
:1078900043B90469816904F10C0001F0F0F9C043B7
:1078A000C00F10BD0020FCE7037D2BB9036981697F
:1078B00003F10C0000F0EABD00207047816938B583
:1078C000044679B10069257D0C3065B100F06BFD8F
:1078D000A0690AF06FFFE0690025A56108B10AF010
:1078E00069FFE56138BD01F0F9FBA0690AF062FFAC
:1078F000A561F7E7FFF7E2BF70B58369C2B005463F
:107900000E4614460BB1FFF7D9FF28696A46314687
:107910000C3000F0C5FDE0B99DF80030112B05D109
:10792000224631462846FFF741FF03E0314628460C
:10793000FFF769FF044670B12F2130460BF03CFB86
:10794000203500B1461CFF22314628460BF021FBB2
:1079500002E0023003D00024204642B070BD012C6A
:10796000F9D1DDE7FFF7C8BF70B504460D461646EE
:107970001946FFF707FF324629462046FFF7F2FF78
:10798000204670BD8069003818BF01207047203044
:107990007047007D704700002DE9F043C3B00C46EE
:1079A00000AF096905461646FFF7ECFE237D002B64
:1079B00045D0DFF89890DFF898802069A1693A46B1
:1079C0000C3000F0FDFC012839D107F108014846D0
:1079D000E9F754FC0028F0D007F108014046E9F728
:1079E0004DFC0028E9D0D4F81C904846E9F750FC3B
:1079F000044607F10800E9F74BFC0444093424F07D
:107A00000704E846ADEB040D494668460BF0C1FBA0
:107A100099F800302F2B6C4602D199F801301BB138
:107A20000C4920460BF05BFA07F1080120460BF0E9
:107A300056FA324621462846FFF75EFFC5462846DD
:107A400007F58677BD46BDE8F08300BFE14A02082E
:107A5000E04A0208B547020803681A6AC36AD31AE3
:107A60001944B1FBF2F302FB1311036B8B4210B507
:107A70000AD94C09C06B01F01F0150F824300122D3
:107A80008A40134340F82430002010BD03680133BE
:107A900004D04068431C5842584170470120704749
:107AA00010B50B6804689C4209D040684968884258
:107AB00005D08C4203D0181A18BF012010BD002039
:107AC000FCE72DE9F74FDDE90C470E9D834688461C
:107AD000924699460DB9002064E0DBF80000BAF147
:107AE000000F1ED0DAF800304B451AD1DAF8041036
:107AF000A14216D886690E44A64212D9361BAE4260
:107B0000DAF8083028BF2E46611A38463246194442
:107B10000BF047FBAD1B37443444DCD0DBF80000EE
:107B2000E0E7D8F8002043694A4517D1D8F8041097
:107B3000A14213D8CE18A64210D9361BAE42D8F8AF
:107B4000083028BF2E46611A3246384619440BF0D9
:107B500028FB37443444AE1B3546BBE74168B4FBD1
:107B6000F3F203FB12428C467AB9AB420DD8B5FB57
:107B7000F3F603FB1656AD1B00953B4622464946DD
:107B8000E04778B92F442C44E6E7A21AC8F80090E1
:107B9000C8F804200093D8F8083049466646B04734
:107BA00000289AD003B0BDE8F08F1FB5069C009264
:107BB000CDE9013400220B4600F11401FFF781FFEB
:107BC00004B010BD2DE9F04786B005460F461446B7
:107BD00000F11409D6184FF0010A0DF11708A6425A
:107BE00003D1002006B0BDE8F0870094CDE9018AFA
:107BF0003B46002249462846FFF763FF0134002830
:107C0000F0D10E980122414601F0DCFCE7E72DE9B6
:107C1000F04F8BB013680493002653680593074612
:107C20000C46B0460DF1100A06AD4FF0100B5AF895
:107C30002690CDF800B02B46002249463846FFF783
:107C4000B4FF70B110F1340F06D146B1B8F1000F96
:107C50000CBF6FF0330000200BB0BDE8F08F0126A1
:107C6000E5E7B8F1000F04D0E269069B9B1A002BF0
:107C7000EBDB079B23F00043132BE6D93A68D2696C
:107C80009342E2D84FF0FF3303A810222946039312
:107C900001F098FC079B03A823F000430090103BE1
:107CA000102249463846FFF78DFF0028CAD1039BB2
:107CB000002BCAD10AAA86F0010302EB830304F168
:107CC0001C0C53F8183CA3601023E36095E80F00E8
:107CD000C4F804904FF001088CE80F00B5E7F7B541
:107CE000044604300E461546FFF7D0FE10B10020C2
:107CF00003B0F0BD009001236A4629462046019357
:107D0000FFF785FF0028F3D105F124073846FFF778
:107D1000BDFE0028EBD131463846FFF7C1FE38B131
:107D20003A4629462046FFF772FF0028EED0DFE7EB
:107D30000120DDE72DE9F04F87B0DDE9104506466B
:107D40008B46174625444FF001090DF1170AA3EBA6
:107D50000408AC4201D1012011E008EB04030093B8
:107D6000CDE901A93B46002259463046FFF7A9FE5E
:107D700028B914F8013B9DF817209A42E9D007B0C2
:107D8000BDE8F08F03689B6A10B5044613B9C0695B
:107D90000AF010FD2368DB6A13B9A06A0AF00AFD35
:107DA00023681B6B23B9E06BBDE810400AF002BDED
:107DB00010BDF8B5C6690D68083EB5420F4613D32D
:107DC000B5FBF6F0013808F051FB841CA5EB8404E8
:107DD000B4FBF6F4204608F049FBA5EB800504FB54
:107DE00016553D602046F8BD0020FCE72DE9F04F18
:107DF00089B00646DDF84C8005920F464BB94FF02E
:107E0000FF32C8F80020149A0020136009B0BDE8C2
:107E1000F08F0468013B07A920460793FFF7C9FFCD
:107E200012A905462046FFF7C4FF4FF0040A814619
:107E30000DF1140BA945059B03D3C8F80030129B24
:107E4000E1E7A5EB0904B4FA84F495FAA5F2B2FAD5
:107E500082F2C4F11F04944228BF1446A20000928B
:107E6000CDE901BA002239463046FFF72AFE002844
:107E7000CCD10123A340ED1ADCE72DE9F04F89B006
:107E800006461298DDF850A00F4690469946E8B194
:107E90000138059005A93068FFF78BFF0DF1180B2D
:107EA0000446139B49465046984778B974B104F08C
:107EB0000105C5F102029200CDE901B200904B46E6
:107EC000424639463046FFF7FCFD10B109B0BDE827
:107ED000F08F06992DB9139B504698470028F5D18D
:107EE000012008AB03EB8000023D50F8089C2C44B5
:107EF000D7E704300844104470472DE9F3410646A3
:107F00000C46154601F124074FF01008216AE2687B
:107F100021F0004302F10C00043B984215D80C23D9
:107F2000009361682B1D3046FFF73FFE034688B97A
:107F3000E668EA79A97968792E60FFF7DAFFA26925
:107F400006440244E660A26104E0002906DB2A60E0
:107F50006FF00103184602B0BDE8F0813A462146B1
:107F60003046FFF754FE03460028F3D1A369C4F856
:107F70000C801433A361C9E730B5044693B00430D4
:107F80000D46FFF783FD10B1002013B030BD019006
:107F9000012301AA07A920460293FFF738FE002813
:107FA000F3D110A8FFF772FD0028EDD110AA07A9A0
:107FB0002046FFF72CFE0028E7D103AA07A9204698
:107FC000FFF79BFF10B1831CEBD0DEE79DF910306B
:107FD000002BF2DB0822294605A80AF04EFF0028F4
:107FE000EBD10120D1E72DE9F843054604300F46D7
:107FF00014461E46FFF74AFD10B10020BDE8F88385
:1080000001235062936202F1240806F108094046F8
:10801000FFF73CFD0028F0D1424621462846FFF7F5
:10802000F6FD0028EAD1324621462846FFF765FFD3
:1080300010B1831CEBD0E1E7337903F07003202B00
:10804000F1D139464846FFF72BFD0028EBD101203E
:10805000D4E700002DE9F04F87B01F68049340F685
:108060002203536043689360DFF82C918368039187
:1080700005461446D360494638460AF0B3FF07EB7D
:1080800000088346494640460AF045FF0128064657
:1080900008EB000A05D117F80B302E2B0AD15746F2
:1080A000E9E7022806D102463C4940460AF0E5FECF
:1080B0000028F4D057464FF0010B494650460AF0CD
:1080C00091FF8244494650460AF025FF024690B18E
:1080D00002280CD10590314950460AF0CEFE059A8F
:1080E00028B9BBF1010B04D10AF10207C3E70BF178
:1080F000010B9244E1E798F80000002841D0049B6E
:10810000C3F800802379222B43D104F1080A039994
:1081100052462846FFF77BFD98BB05F1140B0399E7
:1081200022462846FFF7E9FE58BB237903F07F0378
:10813000112B01D0222BF2D1E379B342EFD1236886
:10814000627904331344A279CDE900861344039A7B
:10815000594652682846FFF7EDFD002811DBDED0B6
:1081600095F84130002B86D194F90430002B82DA47
:1081700051462846FFF700FF002805D001DB6FF0CD
:10818000010007B0BDE8F08F237903F07F0323716E
:1081900071E76FF01300F4E7B5470208E04A020800
:1081A000C368184710B50C468269A068FF210AF021
:1081B0008EFE4FF0FF33236010BD38B58B6A01602F
:1081C00004460D46CBB1C361EB6A13B3A36204F15D
:1081D00020012846FFF7E6FF4FF0FF336361236875
:1081E0001A6BEAB1E26300204FF0FF33C4E90133B8
:1081F000C4E90300A4F8400038BD48690AF0D2FA87
:10820000E0610028E0D12046FFF7BCFD6FF00B00D5
:10821000F2E7A8690AF0C6FAA0620028D7D1F2E70F
:10822000586AC0080AF0BEFAE0630028DBD1EAE72A
:10823000F7B50C4609684B1C0546164602D10020CE
:1082400003B0F0BD006883690093D4E90123876817
:10825000B8470028F4D12B6826B928682146FFF7D3
:10826000A1FFECE79B690193A3680093D4E9002385
:1082700031462846FFF75EFD0028E1DBEDD16FF0C7
:108280003300DDE72DE9F74FDDE90C480E9E81460E
:108290000F4693469A46002E38D1304606E05A469D
:1082A00039464846FFF7C4FF002850D003B0BDE868
:1082B000F08FB4FBF2F302FB13431BBB964221D3B6
:1082C000B6FBF2F502FB1565761B00968368224625
:1082D0009C4651464346E0470028E7D1BBF1000FDA
:1082E00002D1B044344434E0CDE9008623465246FE
:1082F00059464846FFF71EFD0028D7DBF1D16FF045
:108300003300D3E7E31AC7F800A07B603B68D9F8D5
:10831000000053458269CCD17B68A342C9D89D181F
:10832000A542C6D92D1BE01AB542BB6828BF354609
:108330002A46184441460AF034FFD9F800309A69B9
:108340002C44B4FBF2F302FB1343002BA7D0A84448
:10835000751B2E469FE730B543684B6087B0836836
:1083600001928B6002AA01AB05460C46FFF772FE34
:10837000A0B99DF80C30222B12D104AA2146284620
:10838000FFF745FC50B963682361A36863610E235E
:10839000A3611023E3602B6923602C6107B030BD1B
:1083A0006FF01300FAE7036900F110021BB18B4272
:1083B00003D11B681360002070471A461B68F5E75D
:1083C00070B50D46144686B006464FF484720021FF
:1083D00020460AF07CFDAB690E2B0CD120462223EF
:1083E00000F8083B26490AF0D4FEAB690133AB61C3
:1083F000012006B070BD0F2B05D12046222300F8C6
:10840000083B2049EFE702AA29463046FFF775FDF1
:1084100018B1821C08BF0020EBE79DF80C3003F078
:108420007F02112A01D0222AEDD11B060CD504A906
:108430003046FFF7A1FD0028DBDBE4D19DF80C30CE
:1084400003F07F038DF80C309DF80C302370112B56
:1084500008BF059B029A08BF63609DF80D309DF828
:108460000E1004321A449DF80F3000930A4404F1B0
:10847000080369683046FFF798FB0028B8D0B8E7D2
:10848000E14A0208E04A0208086A7047CB69486975
:108490009B0303D50B6A984238BF1846704700000B
:1084A00070B594B01546039103AB05AA09A9064619
:1084B000FFF7D0FD0446C0B901464FF48472284648
:1084C0000AF005FD9DF818302B70112B04BF089B96
:1084D0006B60311D07A8FFF7E3FA05F108030446B6
:1084E00030B90C4918460AF054FE204614B070BD4D
:1084F000059A9DF819109DF81B00009004320A445B
:108500009DF81A1030460A440A99FFF74EFB0446BC
:10851000EBE700BFB547020830B599B00546FFF755
:108520004CFE044658BB2B6868631B6AAB63C5E905
:108530000B000290012302AA0DA928460393FFF71E
:1085400066FB044600BB202300930E9905AB102266
:108550002846FFF72AFB0446B0B9069B6B60079BD1
:108560000D49AB6008220BA80AF087FC044648B905
:108570000A9B1A0C012A0BD19BB2012B08D820466A
:1085800019B030BD6FF033042846FFF7FBFBF6E768
:108590006FF01504F8E700BF7461020808B5FFF733
:1085A000F1FB002008BD2DE9F043064697B00430EA
:1085B0000F469046FFF76AFA20B10024204617B014
:1085C000BDE8F08301230590069305994046B8471E
:1085D00004460028F2D106994046B84704460028D0
:1085E000ECD105AA0BA93046FFF711FB0446002881
:1085F000E4D14FF00C09139B0E9D23F0004305F1CD
:108600000C02043B9A4223D9149B059305A8159BA1
:108610000693FFF73BFA0028D7D0F56806F1140956
:10862000002DCAD0EB69DA033CD4EB699B030DD56E
:10863000CDE901782B6A00936B6A05F12C0249465B
:108640003046FFF71AFC04460028B7D12D68E7E74B
:108650000C99CDF8009008AB2A463046FFF7A5FAF2
:1086600004460028AAD19DF823209DF822109DF8E9
:108670002100FFF73EFC9DF8203003F070032844F2
:10868000102B0E90B7D10A9B00932246CDE90178BA
:10869000099B06F114013046FFF7EFFB0446002862
:1086A000A9D08BE7CDE901786B6900932B6905F1BF
:1086B0002C0249463046FFF7E0FB04460028B4D0C0
:1086C0007CE70000F8B504460D460126236BD4E98B
:1086D0000D219A421DD1002949D0E06A2268034445
:1086E000106A526A8A4294BF22632163B3FBF0F797
:1086F000002100FB17336163D208E06BE3620AF0EC
:10870000E6FB1C4922462046FFF74DFF0028DDD03E
:1087100024E00139501CA1635709E16B606351F8F3
:10872000277002F01F0006FA00F03842CFD1E36A4A
:1087300013442268126AB3FBF2F002FB10332B6081
:10874000266B0125636BB3420FD05A0903F01F005B
:1087500051F8222005FA00F0104000D1F8BD013395
:108760006363A36B013BA363ECE70020F6E76FF0C4
:108770001B00F3E7597A010873B50C46043106462D
:10878000FFF7A0FF0546F0B904F108013046FFF7F6
:1087900099FF0546B8B9042300930246616804F1C5
:1087A0001C033046FFF701FA10B110F1340F0DD160
:1087B000E3690133E36114224FF0FF33C4E9082376
:1087C000A3621023E360284602B070BD0546FAE7B5
:1087D0002DE9F04F044689B00E4600F1140B07A9AD
:1087E0002046FFF76FFF054658B9DDF81C9020685A
:1087F0004946FFF7D5FC054600283BD010F1340F61
:10880000EDD0284609B0BDE8F08F0DF11B07CDE98A
:108810000087CDF808A0736A059A59462046FFF7ED
:1088200050F970B9CDE9017ACDF800804B465A462F
:1088300004F120012046FFF725FD20B110F1340F8F
:10884000CDD00546DDE708F10108B36A4345DCD821
:108850002368A16A9A69706B0AF0A3FC236AF36229
:10886000636A2068336304F12001FFF79BFCC6F8BC
:108870002490C6E706F12C03804605934FF0010AC9
:10888000E3E72DE9F04F8FB0CDE90623CB6903F084
:108890000302012A05460C4600F01F815E031AD42C
:1088A000E669320520D4276A079BDF4200F1188170
:1088B00016F400361ED005F11403DDF81CA0099350
:1088C00004F12C08E369BAF1000F25D123F4002349
:1088D000079AE36104E000F006F902460028DFD0C1
:1088E00010460FB0BDE8F08F6269216A8A4288BFE6
:1088F0002262D8E763699F42DDD92362236A9F42DF
:10890000D9D90DAA0123214628468DF83460FFF7F6
:10891000B8FF021EF2DAE3E79B0324D52B68A26AB4
:10892000DB699A4240F098802B681B6AAB6305F1C3
:1089300014030493D4E90832CDE90B230DA928468A
:10894000FFF7C0FE024608BB0D9B28680593194639
:10895000FFF726FC024618B312F1340F16D14FF080
:10896000FF332B62EAE7236A002BDDD004F12802F3
:108970000292013B04F1240201920093D4E9042302
:1089800041462846FFF732FA024620B1E36943F434
:108990000023E361A4E728684146FFF703FCC3E72F
:1089A0000C9F2E680890002F4FD0013F0CA9304635
:1089B0000C97FFF7FEF90C9FF369089A01379F4265
:1089C0000C9768D1461C96FAA6F6B6FA86F606F11A
:1089D000010B91460BAF4FEA890308930423CDE9BD
:1089E00001734FEA890300934146DDE904232846D9
:1089F000FFF748FC0B9B02460028ADD14E4550D1F5
:108A000009F10109CB45E6D84FEA8B071DE00022AA
:108A1000CDE9016B0B9B0499CDF800902846FFF738
:108A200050F802460028B1D1DDE90423CDE9016BFD
:108A3000CDF8009041462846FFF724FC0246002866
:108A40008AD109F101094F45E1D8059BC4E90937ED
:108A5000E36943F40033E3612B68DE69A36AF61A25
:108A6000564528BF5646069B02960193A36A00937B
:108A7000099A636A41462846FFF704FC0246E8B1BA
:108A800010F1340F82D121462846FFF7A1FE02469D
:108A90000028E8D07AE791464FF0010B0DF12B0644
:108AA000D1E70421CDE90171089900912846049984
:108AB000FFF707F802460028A2D067E7236A33448D
:108AC0002362A36A3344A362069B334406932B6854
:108AD0001B6AAB63AAEB060AF4E66FF00802FFE636
:108AE0006FF01A02FCE6CB695A032DE9F04144BF4E
:108AF00023F48023CB61CB6944BF4FF0FF32CA62BD
:108B00009B0390B005460C4603D4002010B0BDE88E
:108B1000F0810F6A2C22002102A805F114060AF048
:108B2000D6F92369069396E8070063690793012342
:108B3000CDE9093710AB03E907004FF0FF38C5F85E
:108B40001480226A63699A4211D304F12C083246D8
:108B500041462846FFF76CFB08B310F1340FD5D11E
:108B600021462846FFF734FE0028F0D0CEE7012347
:108B70000DF1070202A9284600F01DF80028C5DB08
:108B800001230DF1070221462846FFF77AFE00284F
:108B9000BCDB6B690133D4D0CDF83480CFE7636A96
:108BA0002361236A6361E36923F4003343F4803370
:108BB000C4E90737A9E72DE9F04F1D46CB69904678
:108BC00003F00302022A87B007460C4654D09A03EA
:108BD00005D4236A6669B34208D3002003E0FFF797
:108BE00082FF0028F5D007B0BDE8F08FF61AAE423C
:108BF00028BF2E4604F12803B14604F12C0A059340
:108C000004F1240BB9F1000F01D13046EBE7E36921
:108C10005B0304D53B68A26ADB699A4210D1059BCD
:108C2000CDE901B3236A0093D4E9042351463846C1
:108C3000FFF7DCF80028D6D1E36943F48023E36131
:108C40003A68A36AD5690093ED1A4D4528BF4D4691
:108C5000CDE901850022636A51463846FEF731FFAF
:108C60000028C0D1236A2B442362A36A2B44A36249
:108C7000A844A9EB0509C5E76FF00800B3E770B594
:108C80000D4614461E46FFF72EFF70B92B6A36B10B
:108C9000012E01D11C4402E0022E07D01C46002CFC
:108CA000A6BF2C6220466FF0150070BD6B69F1E71E
:108CB000F0B5012680F84060A7B004460430FEF706
:108CC000E5FE0546002879D101462C2205A80AF0C8
:108CD000FEF84FF000432822294610A80D930AF011
:108CE000F6F81A9623681B6A9D4202D36FF0330090
:108CF00020E019A8FEF7CAFE00285FD119AA10A922
:108D00002046FEF784FFA8B90D9B002B34DB01AB96
:108D10001BAA0EA92046FFF766F900280ADB0BD133
:108D2000199B0E931A9B0F9300231A4605A9204600
:108D300000F046F827B0F0BD039A0E99049B0F98F7
:108D40008A4201D1984217D0904201D1994213D062
:108D50000E92E8E79DF97030002B0DDA1DA9204630
:108D6000FFF70AF90028E5DB1BD01BAA10A9204653
:108D700000F03DFA0028DDD11BAA10A92046FFF71C
:108D8000BCF80028E6D0831CD4D110AF0FCF05AEBD
:108D90000FC60FCF0FC697E80700013586E807001A
:108DA000A0E79DF8703003F07F038DF870301BAAA8
:108DB000034610A9204600F03FF9DBE70020B9E7A1
:108DC0002DE9F04F9DB00D460993CB690592013313
:108DD000CB610B1D0646079309984B68896806937B
:108DE000C5E9011302EB001413469C4212D1069B05
:108DF0000C9300230B91089369683068FFF7D0F952
:108E0000044678B114F1340F00F0DF8020461DB025
:108E1000BDE8F08FD8682A6A02445868121A2A629C
:108E20001033E2E705F11C084FF0FF3310224146F2
:108E30000DA810270D9300F0C5FBCDE90187009424
:108E400006F1200A22466B6851463046FFF71AFAAF
:108E500004460028D6D18346B84629E0099B9B45A5
:108E600080F28D80059A4FEA0B1302EB0B19D35851
:108E7000434540F08480D9E902120DA800F0A2FB1E
:108E8000D9F80C300293D9F80830CDE900730022EC
:108E90006B6851463046FFF7F5F904460028B1D11A
:108EA000D9F804309844D9F80C300BF1010B1F4469
:108EB0002B6A23F00043043BBB42CFD80DF13408AA
:108EC000CDE90078042302936B68002251463046B6
:108ED000FFF7D8F90446002894D14FF0FF37024637
:108EE000776151463046FFF7A3F90446002889D13F
:108EF0003068036998470446002883D12B6A11978C
:108F000011AF009723F0004302466968043B3046E6
:108F1000FEF758FE044600287FF478AF119A0D9BA7
:108F20009A4252D1089B2BB343463A460BA930468E
:108F3000FFF759F80028FFF66AAF5ED06B680F9311
:108F4000AB681093424623463946304600F074F829
:108F500000287FF45CAF311D0BA8FEF7A1FD18B906
:108F60006B687360AB68B3603046FFF7A1FE002802
:108F70007FF44DAF3269002A53D1104647E74FF0D6
:108F800001090699CDF8009011AB42463046FEF734
:108F90000CFE044600287FF439AF4A4611A90DA8FB
:108FA00000F010FB11ABCDE90073CDF8089022461C
:108FB0006B6851463046FFF765F9044600287FF498
:108FC00021AF08F10108013772E74FF0FF33336238
:108FD0000124002311A90BA8CDE91134FEF760FD8F
:108FE00010B96FF0330012E707993046FFF76AFBBC
:108FF000089400283FF400AF09E73A460BA9304631
:10900000FEF76DFE0028FFF602AFB3D06B681A932F
:10901000AB681B9300231A4639463046FFF7D0FE53
:10902000A5E70799101DFEF73BFD18B96B68536063
:10903000AB68936012689EE770B5154688B055F826
:10904000044BD27900940C26002BCDE9052307921E
:1090500034440CBF012302236A46CDE9016503961F
:109060000494FFF7ADFE08B070BD70B592B006462F
:109070000D46FFF738FD044658BBEB6903F4102397
:10908000B3F5803F25D12A1D1046FEF7FFFC00BB3B
:1090900007A93046FEF7BBFDF0B90C23EA68089932
:1090A0000093304604ABCDE9044406940392FEF7E6
:1090B0007CFD88B92B6905936B69069303AA234647
:1090C00007A93046FFF7B8FF30B9EB6923F48033C6
:1090D000EB61204612B070BD0446FAE770B5054654
:1090E0000C46FFF7C2FFEB68064605F10C021BB108
:1090F000A3420DD123681360A3690BB11B682BB980
:109100002B685B6B13B9606B09F054FB304670BD84
:109110001A461B68EBE72DE9F043804695B00E46F2
:109120001746994601F12405FA79B9797879346AB4
:10913000FEF7DFFED8F80030DB692044984215D8EE
:10914000043C47F8044B00230C21CDE90A37CDE954
:109150000C14CDE90E3910920994022309AA314664
:109160004046FFF72DFE15B0BDE8F083002C36DB3E
:1091700035460FCD09AC0FC40FCD0FC495E80700DD
:1091800084E8070031464046FFF7F6FA0028EAD1A6
:10919000129B7362139BB362336A3A46043B42F8F4
:1091A000043B03920C22CDE90130CDE90423FB7985
:1091B0000893CDE90609022301AA31464046FFF78C
:1091C000FFFD0028CFD1119B43F00043119373683A
:1091D0001293B36813930246034609A9C0E72A46CF
:1091E00031464046FEF713FD00289DD0BBE72DE930
:1091F000F04714460D46D279A1798CB0804660794B
:10920000FEF777FE2B6A143023F0004383421DD112
:1092100001AA291D4046FEF762FD061E12DB099ACF
:10922000002A13DA2B6A63F00043134009936B6A38
:109230000A93AB6A0B9300231A4601A94046FFF735
:10924000BFFD064630460CB0BDE8F0872368E279E2
:10925000A17960790193FEF74CFE0023CDE9033339
:109260000290012301AA29464046FFF7A9FD0646C0
:109270000028E7D1D8F80C7005F1040A4FF0FF3947
:10928000CFB9D8F810700435002FDBD02946381D2F
:10929000FEF706FC68B9FB682268934209D9E279B7
:1092A000A1796079FEF725FE1B1AFB60BB691B1ACA
:1092B000BB613F68E8E75146381DFEF7F1FB28B96E
:1092C000FB682268934203D1C7E901993F68D7E759
:1092D000FCD9E279A1796079FEF70BFE1B1AFB60DD
:1092E000F4E70000F0B5A5B00546FEF766FF0446BA
:1092F000002877D12B685A6A0146D208E86B09F03A
:10930000E6FD2A68EC62D2E908320EA9C5E90D43F0
:109310009A4294BF2A632B632846FFF72DFA04462E
:1093200000285CD119A92846FFF726FA0446002830
:1093300055D10346024619A92846FFF741FD0446C8
:1093400000284CD1294B1A9E1B9A6E601027CDE93C
:1093500005732B68AA60D969099125491B6A0868B9
:109360000A93496801974FF001130B930CAB03C3A9
:109370003423CDE90762CDE91762169306AE2023A8
:10938000CDE90363029301AA01230EA92846FFF742
:1093900017FD20B110F1340F02D004461FE0012464
:1093A0002023CDE90236049301AA01230EA9284601
:1093B0000197FFF705FD20B110F1340FEDD1002C1E
:1093C000EBD000220123CDE901230EA901AA2846F2
:1093D000FEF71DFC044610B92B681B6AAB632846D8
:1093E000FEF7D0FC204625B0F0BD00BF2E140008CB
:1093F000746102082DE9F0471F4692B003F00303A1
:10940000012BDDF86880019206460C4611D101ABB4
:1094100003AA07A93046FEF71DFE0546B0B99DF820
:109420001030222B00F08680B90534D56FF010057E
:1094300008E090F84030002BE9D1FFF739FC0546F1
:109440000028E4D0284612B0BDE8F087821CF9D18C
:10945000DDF804A02F21504609F050FD8146002878
:10946000F0D1FB05EED540F611038DF81200504601
:10947000ADF81030E7F70CFF4FF0FF33CDE90539B9
:109480008DF81300534603AA07A93046FFF743FEA1
:1094900005460028D6D1089B6360099BA360039B07
:1094A000E360059B23610022069BC4F818807805C1
:1094B0006361E761226210D44FF0FF33E362B8F1D9
:1094C000000F02D0D8F800306BBB3268536B73B119
:1094D000F26842B36FF00B05B4E713B147F480377D
:1094E000E7614FF0FF320023C4E90423E4E7E369B6
:1094F00003F00303012B0AD1506909F053F96063AB
:109500000028E7D0F36823600025F4609AE79069AB
:1095100009F048F960630028DCD0306804F12C01C0
:10952000FEF740FEEEE76363E36903F00303012BFC
:10953000E8D0F2E76FF0140584E713B50024009437
:10954000FFF758FF02B010BD10B590F840309CB046
:109550000446019143B101AB02AA06A92046FEF7D9
:1095600079FD30B11CB010BDFFF7A2FB0028F2D08E
:10957000F8E79DF80C30222B1CD002AA06A9204641
:10958000FFF735FE0028EDD19DF80C30222BE9D1F4
:1095900006AA12A92046FEF7A2FB0028E2DB1A9BCE
:1095A0000F931B9B109300231A4606A92046FFF732
:1095B00007FCD7E704AA11A92046FEF728FB0028DC
:1095C000DBD0CFE770B50D4D0A44914200D170BD9C
:1095D000066811F8013B83EA060404F00F0455F80D
:1095E000244084EA161484EA131303F00F0355F899
:1095F000233083EA14130360E7E700BF80610208A9
:10960000D0F888301BB1D0F88C30803018477047C4
:109610000148FFF7F5BF00BFB47A002070B586B0EF
:10962000002302AC02930593C4E901338B6805461D
:109630000E4633B1022220469847F3680593B3687B
:10964000049394E803006A4605F1800382E803006E
:1096500093E8030084E8030092E8030083E8030032
:10966000049BD5F88820C5F88830059B04922046D5
:10967000D5F88C20C5F88C300592ECF762FC3220CE
:10968000E8F7E8FB322006B0BDE87040E8F79CBB85
:1096900010B504463220E8F7A5FBD4F888303BB17A
:1096A00004F180010322084698470023C4E92233CD
:1096B00010BDD0F88800003818BF01207047322054
:1096C000E8F782BB3220E8F78DBB3220E8F7C2BB57
:1096D00008B53220E8F7ACFB003818BF012008BD00
:1096E000054BD3F8902021B122F40042C3F890201A
:1096F000704742F40042F9E700040058034BD3F8E6
:10970000900080F40040C0F3C0307047000400585F
:109710004FF0B043D3F8942021B142F40042C3F893
:109720009420704722F40042F9E74FF0B043D3F899
:109730009400C0F3C0307047024B5869C0F340003A
:10974000704700BF0004005813B5094C4FF0FF33B9
:1097500000931A461946204606F0FEFF054B636645
:109760000023C4E92033C4E9223302B010BD00BF96
:10977000B47A00200000015808B50248ECF7E1FB7C
:1097800008BD00BF347B002004307047024603460A
:10979000064842F8040B08685860888889799080E8
:1097A0009171002283F82C2018467047C861020886
:1097B00037B5036801AA1D69D02101230446A847D3
:1097C0009DF80430582B07D0602B05D00023184695
:1097D00084F82B3003B030BD0120F9E7036810B5E1
:1097E0001B680446984794F82C30184010BD10B5FB
:1097F00044790C7081790479890041EA4411C47973
:1098000021431170427A017A920042EA4112817A30
:109810000A431A7010BD13B50DF107030DF10602CE
:109820000DF10501FFF7E3FF03689DF80520DB68F4
:109830000446F221984723689DF80620DB68F4214E
:109840002046984723689DF80720DB68F5212046CD
:1098500002B0BDE810401847034608685860888881
:109860008A799A7218811846FFF7D5BF024670B5FB
:1098700052F80B3B05461C6988210623A0472A465F
:10988000044652F8113B8E211E6928461223B04728
:109890002A46044052F8233BA1211E692846012391
:1098A000B0472A46E4B252F8243B04401E69E12145
:1098B00007232846B047204070BDC379012B73B5FC
:1098C00005460C4601D1FFF7A6FF2B686A461E69C4
:1098D000F72108232846B047221F6B461C3413F893
:1098E000011B42F8041FA242F9D102B070BD000072
:1098F00070B51D46B0F80B30C3EB21145B00064673
:10990000C3EBE103B0F90D1064434B43B6F90F10FC
:1099100020134843801300EBE320106000EB80002D
:1099200080300012E6F75EFD0C4B0022E6F7EEFEFB
:1099300002460B466DB10A4B0022E6F7BDFD094B0E
:109940000022E6F7E3FE084B0022E6F7FFFB0246A3
:109950000B4610461946E7F7A7F870BD00005940BE
:1099600000002240000014400000404038B590F84C
:10997000284090F8275004F00F0343EA05131B0515
:10998000C3EB813390F829102409A2F5963244EAFA
:10999000011402FB143303F58043D91390F82630E9
:1099A00090F92A405343DB126243921203F50043BD
:1099B00053439B12B0F9242003F50013534303F5DE
:1099C00000539B134B43DA1390F823105243D211E8
:1099D0004A43A3EB221020EAE070B0F1C85FA8BFB1
:1099E0004FF0C8500013E6F7EDFC034B0022E6F7FA
:1099F00063FDE7F759F838BD0000503F0000000054
:109A00002DE9F843B2F5FA3406464FEAE27040F128
:109A1000FF30A4FB04C71D4604FB00F307EB43071C
:109A2000B6F913304FEAE37E03FB00F204FB0E228B
:109A3000A3FB043E724412034FEA033E42EA135270
:109A4000B6F915304FEAE37903FB07F80CFB0988F8
:109A5000A3FB0C39C8441B0A43EA086313EB0E034B
:109A6000B6F8119042EB282202F50042A3FB093818
:109A700009FB02884FEAE8734FEA680253EA680874
:109A80004FF0000E00F09E80B6F91B804FEAE87997
:109A900008FB07F70CFB0977A8FB0C8C6744B6F9A9
:109AA00019C04FEAEC790CFB00F004FB0900ACFB99
:109AB00004C42044400440EADC304FEA4C4C1CEB28
:109AC000080CC1F5801147EB000701F00044B6F91E
:109AD00017001EEB0C0E44EA5104C90707EBC00740
:109AE000B1EB0E0040F6354164EB0704A0FB010723
:109AF00001FB0471E7F758FBB6F921204F13430B24
:109B000043EAC14302FB07FC4FEAE27E03FB0ECCB3
:109B1000A2FB032EF444574303FB0C77A2FB032361
:109B20003B44520E42EAC312121841EB6367B6F986
:109B30001F3004464FEAE37C59430CFB0011A3FBA2
:109B400004342144DB0C43EA4133D21847EBE143B0
:109B5000B6F91D00120A42EA036202EB0010E6F7B2
:109B600031FC214B0022E6F7A7FC013DE6F79CFF04
:109B7000052D07D8DFE805F0030812181A201B4945
:109B8000E7F7A4F9BDE8F883E6F73EFC0EA3D3E9B6
:109B90000023E6F7BBFDE6F787FFF3E7E6F734FCC3
:109BA0000BA3D3E90023F4E71149E9E7E6F72CFC1E
:109BB00009A3D3E90023ECE7E6F726FC08A3D3E9E1
:109BC0000023E6E70B48DDE757ECC921C074AA4043
:109BD0009C086EF6CFBCF84096B321D150AA6040E5
:109BE000F531E2ACBEEEBA400000703F0000C84262
:109BF0000050C3470000C07F2DE9F0438BB00F46F3
:109C000002A9054690461E46FFF757FE38B91A4B83
:109C10003360C8F800303B600BB0BDE8F083039CB4
:109C2000029B06980799240144EA0334049B44EA02
:109C30002314DDE9082343EA0229059B000140EAD9
:109C4000033040EA21119DF8483001AA2846FFF769
:109C50004FFEC8F80000DDF804809DF84C30424605
:109C600021462846FFF7CCFE424638604946284642
:109C7000FFF77CFE3060CFE70000C07F7FB5002596
:109C8000467A45720446FFF7C6FD0123CDE900532D
:109C900003AB1A4619462046FFF7AEFF667204B0C2
:109CA00070BD38B50546FFF783FD044658B1284618
:109CB000FFF7DCFD6B7A044613B12846FFF7DEFFA1
:109CC0002846FFF7A8FD85F82C40204638BD2D30EA
:109CD000704710B40C68C0F82D404C68C0F8314093
:109CE00010BCFFF7B9BD000038B504460D46FFF7BC
:109CF0004DFD2346044A43F82D2B2A68C4F82D2035
:109D00006A685A60204638BDE461020870B50A4CA2
:109D10000E4690F8341020461546F6F707FC3146FB
:109D20002046F6F75CFC29462046F6F758FC20460C
:109D3000F6F71EFD012070BDF07800202DE9F041FE
:109D400004460F4690F8341012481D461646F6F7A2
:109D5000EDFB39460F480F4FF6F741FC0D48F6F77B
:109D600007FD94F834100B482A46F6F7FEFC002451
:109D70003846F6F727FB04F10108E4B220B9631B6B
:109D800058425841BDE8F0813846F6F71FFB305580
:109D90004446EDE7F0780020F0B5CFB006460C461B
:109DA0006D4602F12007106851682B4603C3083244
:109DB000BA421D46F7D19DF8003023F007038DF815
:109DC00000309DF81F3003F03F0343F0400321466D
:109DD00008A88DF81F3001F093F844A800F031FF77
:109DE00044AA08A93AA800F039FF44A908AA0846DD
:109DF00002F0D2F944A9084601F018FF44AA3AA992
:109E000008A801F084F912A800F01BFF1CA800F0BC
:109E10000CFF08A926A801F05BF830A800F011FF9C
:109E20000024FE25EB1027461DF8034005F007032C
:109E30001C4104F0010467403A4626A912A800F02C
:109E400097FF3A4630A91CA800F092FF30AA26A935
:109E50003AA802F0A1F91CAA12A944A802F09CF9A0
:109E600012A908461CAA00F0F9FE30AA26A91CA8CF
:109E700000F0F4FE12AA3AA930A801F048F91CA992
:109E800044AA084601F043F944A93AA801F0F1FCBC
:109E900012A944A801F0EDFC1CAA30A926A800F0E4
:109EA000DDFE1CAA104630A902F076F93AAA44A9B0
:109EB00012A801F02CF944A93AAA084602F06CF95C
:109EC0001CA9084601F0D5FC44A930A801F0CEFB3E
:109ED00026A9084601F0CDFC3AA9084630AA00F0B0
:109EE000BDFE1CAA08A930A801F011F93AAA44A99C
:109EF0001CA801F00CF9013D94D2224626A912A813
:109F000000F036FF224630A91CA800F031FF1CA942
:109F1000084601F08BFE12A91CAA084601F0F7F8CA
:109F200012A9304602F069F94FB0F0BD30B50C46C9
:109F3000A9B0054610460A46202100F00FFE2378FE
:109F400023F007032370E37F03F03F0343F0400354
:109F5000E3772146684602F0C2FB6946284602F0D4
:109F60009EFB29B030BD10B5A8B00446684602F08B
:109F7000B6FB6946204602F092FB28B010BD0000F7
:109F80002DE9F04FADF53D7D03460B900C460833AF
:109F90000CAD00F14806186859682A4603C2083318
:109FA000B3421546F7D11CA8214604F180050446AA
:109FB0004B780A780F798E781B0443EA0263CA79DA
:109FC00042EA07624F7943EA062342EA0742CE7823
:109FD0008F79083142EA072233438D42C4E90023D6
:109FE00004F10804E4D104461026D4E91C19CB0C72
:109FF0004FEAD9424FEAC90ECF004EEA517E47EAF6
:10A00000597743EA493342EA41328909A04641EA95
:10A0100089617B4082EA0E024B40D8E91217D8E9E9
:10A0200000E8D4E9025C11EB0E0147EB080782EA75
:10A0300099125B1842EB070E4FEA15296A0842EAAB
:10A04000CC7249EA0C6982EA09014FEA5C074FEADF
:10A050001C28EA0947EAC57748EA056842EA4C62E3
:10A060004A4087EA08079B1887EADC1106F10106D7
:10A070004EEB01010834502EC4E91E31B5D11A9BB4
:10A0800003931B9B0493149B0593159B0693189BAA
:10A090000793199B0893169B0993179B0A930C9B94
:10A0A00001930D9B0293DDE90E89DDE910ECDDE9FA
:10A0B00012320149009101E00062020805994FEA5D
:10A0C000913A06994AEA814A4FEA913B05994BEA4F
:10A0D000814B8D0C069945EA81358C0C059944EA33
:10A0E00081348BEA040B069CE40544EA51248AEA95
:10A0F000050ACD05069945EA512500998AEA050A1F
:10A100008BEA040BD1E90057D0E900640799AD1937
:10A11000099E47EB04044E400A9F08994F40059959
:10A120000E4006990F4007994E4008991AEB050515
:10A1300087EA010703994BEB0404AD1944EB0704CC
:10A140006D18049941EB04045B19039342EB04037B
:10A150000493019B01991E0F029B46EA03161A0FF6
:10A16000019B42EA0312029B9B0743EA91038F077C
:10A1700002995A4047EA9107019B7E404F0647EA01
:10A18000D3175B0643EAD113734001995B1982EA46
:10A19000070244EB020241EA0804029941EA090578
:10A1A000019901EA0807029904EA0E0401EA090686
:10A1B0003C4305EA0C0513EB040A45EA060542EBAD
:10A1C000050B009A009BD5689B680799D0E902426D
:10A1D0001B1945EB02025B180899099C41EB02022E
:10A1E000059981EA040506990A9C4C4003990D40A3
:10A1F00004990C4009994D400A994C4003995B1908
:10A2000042EB04028C0B049944EA81448E0B0399BF
:10A2100046EA81468F0C049947EA81378D0C0399F1
:10A2200045EA813504996E40CD0503997C4045EAA5
:10A230005125CF05049947EA51277C401C1985EA2E
:10A24000060542EB05051EEB040307934CEB0503E3
:10A2500008934FEA1B724FEA8B7343EA9A034FEA63
:10A260001A7642EA0A124FEA8A7747EA9B0746EAD9
:10A270000B165A404FEA4A637E4043EADB134FEA2B
:10A280004B67029947EADA1773401C1982EA070202
:10A2900045EB0202019B41EA0B05019943EA0A03DF
:10A2A00001EA0A07029903EA080301EA0B063B43A5
:10A2B00005EA090514EB030C45EA060542EB050E19
:10A2C000009A009B55691B690999D0E904421B1942
:10A2D00045EB02025B180A99039C41EB02020599C7
:10A2E00081EA04050699049C4C4007990D400899A1
:10A2F0000C4005994D4006994C4007995B1942EB7B
:10A3000004028C0B089944EA81448E0B079946EAB3
:10A3100081468F0C089947EA81378D0C079945EAE9
:10A32000813508996E40CD0507997C4045EA512555
:10A33000CF05089947EA51277C401C1985EA060594
:10A3400042EB050518EB04030A934FEA1E724FEA2D
:10A350008E7343EA9C034FEA1C7642EA0C124FEAE2
:10A360008C7747EA9E0746EA0E1682EA03024FEA16
:10A370004C6386EA070643EADE13019983EA060383
:10A380004FEA4E6749EB050947EADC171C194AEA10
:10A390000C0382EA070203EA0103029945EB020279
:10A3A0000AEA0C074BEA0E050BEA0E060D403B438A
:10A3B000E31845EA060542EB05080993009A009B5D
:10A3C0009B69D5690599D0E906421B1945EB020244
:10A3D0005B180699079C41EB0202039981EA040588
:10A3E0000499089C4C400A990D4003994D400499EA
:10A3F00004EA09044C400A995B1942EB04028F0CF1
:10A400008C0B47EA893744EA89444FEA99364FEA88
:10A4100099457C40CF0545EA813547EA592746EA08
:10A4200081466E407C404FEAC9551C1945EA5125CA
:10A43000019B099985EA060542EB05051B19059361
:10A44000029B43EB05030693099B4FEA18721E0F0C
:10A4500042EA03124FEA887343EA91038F0747EAFF
:10A46000980746EA08165A404B067E4043EAD8133E
:10A470004FEA486747EAD11773401C194CEA0106B6
:10A4800082EA070245EB02024EEA080306EA0A06E0
:10A490000CEA01050EEA0807354303EA0B036119CC
:10A4A00043EA070342EB0303009A0293009B556AB9
:10A4B0001B6A0191D0E9084203991B1945EB02027E
:10A4C0005B1804990A9C41EB0202079981EA040592
:10A4D000089981EA090405990D4006990C400799ED
:10A4E0004D4008994C4005995B1942EB04028C0BD6
:10A4F000069944EA81448E0B059946EA81468F0C01
:10A50000069947EA81378D0C059945EA8135069908
:10A510006E40CD0505997C4045EA5125CF05069949
:10A5200047EA51277C401C1985EA060542EB0505E0
:10A530001AEB040303934BEB05030493019B01996E
:10A540001E0F029B46EA03161A0F019B42EA0312F2
:10A55000029B9B0743EA91038F0702995A4047EAFF
:10A560009107019B7E404F0647EAD3175B0643EAFB
:10A57000D113734009991B19019C41EA0406029901
:10A5800082EA070245EB020248EA0104019D0999AB
:10A590000D40029906EA0C0608EA010735430099C6
:10A5A00004EA0E045B1944EA070442EB0402D0E912
:10A5B0000A67D1E90A450799A41945EB070564180C
:10A5C0000899059E41EB05050A9981EA0607069957
:10A5D00089EA010603990F4004990E400A994F40F9
:10A5E000039986EA0906E41945EB06058E0B0499E2
:10A5F00046EA814A8E0B03998F0C46EA81460499FC
:10A6000047EA813B8F0C039947EA813704997E40E2
:10A61000CF0503998AEA0B0B47EA512ACF05049923
:10A6200047EA51278BEA0707E41986EA0A0645EB51
:10A630000605170F1CEB04014FEA8276079146EAE4
:10A6400093064EEB05014FEA137C47EA03174FEAE6
:10A65000837E08914EEA920E019977404CEA021CE3
:10A660005E068CEA0E0C46EAD2164FEA426E8CEA7F
:10A6700006064EEAD31E41EA030C0299341987EA12
:10A680000E0745EB070741EA020509990CEA010CA0
:10A69000019901EA030602994CEA060601EA020E54
:10A6A00005EA0805009945EA0E0514EB060E47EB8E
:10A6B000050CD0E90C67D1E90C450A99A41945EBC2
:10A6C0000705039E6418059981EA06070699049E0A
:10A6D00081EA0606079907EA0107089906EA0106D2
:10A6E000059987EA0107069986EA0106079949EB69
:10A6F0000505E41945EB06058E0B089946EA814AE3
:10A700008E0B079946EA81464FEA9149089949EA32
:10A7100081398F0C079947EA813708998AEA090A33
:10A720004FEAC15907997E4049EA5129CF05089956
:10A7300047EA51278AEA07070999E41986EA0906D0
:10A7400045EB06054FEA1C7709194FEA8C7609910B
:10A7500046EA9E0648EB050147EA0E174FEA1E78C7
:10A760004FEA8E7949EA9C09774048EA0C184FEA8B
:10A770004E660A9188EA090801994FEA4C6946EA4F
:10A78000DC1688EA060649EADE1943EA0E0834199F
:10A7900008EA010887EA0907029945EB070703EA77
:10A7A0000E0642EA0C050D4002EA0C09009948EA3F
:10A7B000060614EB060845EA090547EB0509D0E94A
:10A7C0000E67D1E90E450599A41945EB07056418F4
:10A7D0000699079E41EB0505039981EA060704994E
:10A7E000089E4E4009990F400A990E4003994F4028
:10A7F00004994E4009994FEA913A0A99E41945EBB8
:10A8000006054AEA814A8E0B099946EA81464FEAD3
:10A81000914B0A994BEA813B8F0C099947EA8137A2
:10A820000A998AEA0B0A4FEAC15B09997E404BEA12
:10A83000512BCF050A9947EA51278AEA0707E419FD
:10A8400086EA0B0645EB060501994FEA19774FEAB0
:10A85000897646EA98064FEA187A47EA08174FEAD7
:10A86000887B09194BEA990B87EA06074AEA091A15
:10A870004FEA48668AEA0B0A05914FEA496B02994A
:10A8800046EAD9168AEA06064BEAD81B41EB0501CF
:10A8900087EA0B0734194EEA080A45EB07070AEA6C
:10A8A000030A4CEA09050EEA080615400CEA090BF2
:10A8B0004AEA0606069145EA0B05A119019147EB04
:10A8C00005010291009940310091009C1B49A14271
:10A8D00000F140007FF4F2ABCDE91232079B1893F0
:10A8E000089B1993099B16930A9B1793059B149336
:10A8F000069B03990B9A1593CDE910EC019B1A91D5
:10A90000CDE90E8904990C93029B0D931B910CAB1E
:10A9100002F1400552F8081FD3E9004056680919B2
:10A9200040EB0600AA42C2E9001003F10803F1D18E
:10A9300000200DF53D7DBDE8F08F00BF806402086A
:10A9400030B5034600282ED000240025C3E9004579
:10A9500017A5D5E90045C3E9024517A5D5E9004586
:10A96000C3E9044516A5D5E90045C3E9064516A582
:10A97000D5E90045C3E9084515A5D5E90045C3E972
:10A980000A4515A5D5E90045C3E90C4514A5D5E947
:10A990000045C3E90E4514A5D5E90045C3E91045B6
:10A9A0000020986430BD0120FCE700BFAFF30080B9
:10A9B00008C9BCF367E6096A3BA7CA8485AE67BBD2
:10A9C0002BF894FE72F36E3CF1361D5F3AF54FA5FD
:10A9D000D182E6AD7F520E511F6C3E2B8C68059BD9
:10A9E0006BBD41FBABD9831F79217E1319CDE05B91
:10A9F0002DE9F8430D4616460446002847D00029A5
:10AA000045D0836C802B42D800F14C0716B93046F4
:10AA1000BDE8F883A36C93B97F2E10D92946204650
:10AA2000FFF7AEFA0028F3D1D4E9003213F58063C2
:10AA300042F10002C4E900328035803EE6E7C3F10E
:10AA40008008B04528BFB04603F14B02224405EB15
:10AA500008094D4516D14344802BA3640ED13946D5
:10AA60002046FFF78DFA0028D2D1D4E9003213F541
:10AA7000806342F10002C4E90032A0644D46A6EBB7
:10AA80000806C3E715F8011B02F8011FE1E70120E2
:10AA9000BEE7F8B50D46044600285DD000295BD01E
:10AAA000836C7F2B58D8D0E900670822E3FB02674C
:10AAB0005A1C03448021702AC0E90067826483F82D
:10AAC0004C100AD90022A36C7F2B39D904F14C0118
:10AAD0002046FFF755FA0023A3640022A36C772BCE
:10AAE00034D93B0E84F8C4303B0C84F8C53036BAF8
:10AAF0003B0A04F14C0184F8C63084F8C770C4F8EE
:10AB0000C8602046FFF73CFA294604F14002E37B87
:10AB10000B70E3894B70E3681B0A8B70E368CB70A2
:10AB2000E37A0B7163894B71A3681B0A08348B713C
:10AB30002368CB71944201F10801E8D10020F8BDEF
:10AB4000591C2344A16483F84C20BCE7591C2344BE
:10AB5000A16483F84C20C1E70120F0E730B5B5B01F
:10AB6000054668461446FFF7EBFE48B90A466846B4
:10AB70002946FFF73DFF18B921466846FFF789FFD0
:10AB800035B030BD2DE9F041FCB00446DDF8088257
:10AB900048A81F460D461646FFF7D2FE202208EBB6
:10ABA000020148A8FFF724FF3246294648A8FFF7CC
:10ABB0001FFF10A948A8FFF76CFF10A801F010FEB6
:10ABC00010A920A801F08BFD20A9204601F067FD07
:10ABD00048A8FFF7B5FE2146202248A8FFF708FF46
:10ABE0003946202248A8FFF703FF3246294648A8E5
:10ABF000FFF7FEFE694648A8FFF74BFF684601F0E5
:10AC0000EFFD10AB4246694604F1200002F02AFE37
:10AC10007CB0BDE8F0818378417802781B0443EA78
:10AC2000012343EA0200002170470023C0E90033FA
:10AC3000C0E90233C0E90433C0E90633C0E9083390
:10AC4000704700230122C0E90023C0E90233C0E9B4
:10AC50000433C0E90633C0E9083370472DE9F047F3
:10AC600053684E688D68CC680F69D1F824A01E44E3
:10AC700093681D44D3681C44136907EB030C4F69A8
:10AC8000536907EB030E8F69936907EB0308CF69DC
:10AC9000D36907EB0309136A0F6A09681F44536AF3
:10ACA000126853440A44C0E90026C0E90254C0E9CE
:10ACB00004CEC0E90689C0E90873BDE8F0872DE934
:10ACC000F74F83688D68CC684E685D40C368524218
:10ACD0005C4004EA0203019304690B69634003EAE0
:10ACE000020E44694B69634003EA020884698B6978
:10ACF000634003EA0209C469CB69634003EA020ABC
:10AD0000046A0B6AD0E900C7634003EA020B446A95
:10AD10004B6A09687E4063408CEA01011640154089
:10AD2000134011408268019C5540C26885605440C0
:10AD30000269C46082EA0E020261426981EA0C0182
:10AD400082EA08027740016047604261826982EAD4
:10AD500009028261C26982EA0A02C261026A82EA67
:10AD60000B020262426A5340436203B0BDE8F08FB7
:10AD70002DE9F04F8BB00B68019304684B68019D7F
:10AD8000029384EA050A8B684468029D039384EA6F
:10AD90000509CB688468039D049384EA05080B6960
:10ADA000C468049D059384EA050E4B690469059DFA
:10ADB00006938B69079384EA050CCB69069D446969
:10ADC00008930B6A099384EA05074B6A8469079D17
:10ADD000DDF824B084EA0506C469089D6540046A6C
:10ADE00084EA0B04D0F824B052428BEA030B0AEA3F
:10ADF000020A09EA020908EA02080EEA020E0CEA4F
:10AE0000020C17401640154014400BEA0202D0F81D
:10AE100000B08BEA0A0BC0F800B0D0F804B08BEA9F
:10AE2000090BC0F804B0D0F808B08BEA080BC0F8E2
:10AE300008B0D0F80CB08BEA0E0BC0F80CB0D0F80C
:10AE400010B08BEA0C0BC0F810B0D0F814B08BEA3D
:10AE5000070BC0F814B0D0F818B08BEA060BC0F896
:10AE600018B0D0F81CB08BEA050BC0F81CB0D0F8B5
:10AE700020B08BEA040BC0F820B0D0F824B08BEAE5
:10AE8000020BC0F824B0019880EA0A00086002981A
:10AE900080EA09004860039880EA08008860049806
:10AEA00080EA0E00C860059880EA0C0008610698E8
:10AEB000474007984F61464008988E614540099881
:10AEC000CD61444053400C624B620BB0BDE8F08F43
:10AED0002DE9F043D1E90098D1E902E3D1E9047604
:10AEE000D1E90654D1E90821C0E90098C0E902E39C
:10AEF000C0E90476C0E90654C0E90821BDE8F08342
:10AF00002DE9F04F044608468DB050F8042B059209
:10AF10000D46FFF780FE8B0143EA90630B9383019C
:10AF2000E81D0293FFF777FE4FEA4118430148EA14
:10AF3000D06805F10A000693FFF76DFE4FEAC10BDA
:10AF4000C3004BEA507B05F10D000393FFF763FE4E
:10AF500083004FEA810A4AEA907A079305F11400C8
:10AF60002B690193FFF757FECF01C30147EA5067F2
:10AF700005F117000893FFF74EFE4FEA4119430110
:10AF800049EAD06905F11A000493FFF744FE0E0167
:10AF9000030146EA107605F11D000993FFF73BFE19
:10AFA000810021F07E4121F0030101F18075059AB5
:10AFB000680E4FF0130CA0FB0C0C831805F07E45B7
:10AFC00005932CBF012000204B1B0A93029B069D7A
:10AFD00013F180720B9B4FEA526143F1000341EA87
:10AFE000C311491948EB6368029B069102F07E4247
:10AFF0009B1A0B93039B079913F180734BF1000B82
:10B000005A0E42EACB1252180292039A03F07E4380
:10B010004AEB6B61D31A0393019B13F180732CBF2E
:10B02000012500255A0E42EAC512089D5219019DBC
:10B0300003F07E4347F1000EEB1A0793049B099F30
:10B0400013F1807549F100096B0E43EAC913DB194E
:10B0500046EB6969049E05F07E45751B0495059DC8
:10B0600015F1007C40F1000B069810F10077029872
:10B0700048F1000810F1007641F10001019112F150
:10B08000007505994EF1000E0CF07C4A13F100702A
:10B0900049F100094FEA9C6CB1EB0A0A0B99C4F81C
:10B0A00000A04CEA8B1C1CEB010C0699C4F804C0F0
:10B0B00007F07C4CB1EB0C0CBF0E0399C4F808C030
:10B0C00047EA88177F180299E76006F07C47CF1B94
:10B0D00001992761B60E46EA81160799761805F0A0
:10B0E0007C41521AA261AD0E049A666145EA8E1542
:10B0F000AD1800F07C429B1A2362800E0A9BE5612A
:10B1000040EA8910C01860620DB0BDE8F08F2DE9EB
:10B11000F04F8246D1E90003A5B0D2E90058089368
:10B120008B680193CB6809930B6902934B690A936F
:10B13000D1E906930B93D1E908630C9393680393C9
:10B14000D36805931369069353690D9393690F931D
:10B15000D3691693136A1893536A1993039B019C3E
:10B160004FF0130B0BFB03FC059B0BFB03F7069B3C
:10B170000BFB03F317930D9B0BFB03F310930F9B38
:10B180000BFB03F30E93169B0BFB03F30793189B28
:10B19000DDF81CE00BFB03F2199B0BFB03F304939C
:10B1A000089B04995B001193099B5B0012930A9B17
:10B1B0005B0013930B9B5B0014930C9B5B0015933C
:10B1C000119B83FB0131C0FB0531C4FB0231129C92
:10B1D000C4FB0E31029CDDF838E0C4FB0E31139C39
:10B1E000DDF840E0C4FB0E31179CC9FB0431149C10
:10B1F000C4FB0731159C0BFB08FEC6FB0C31C4FBDE
:10B200000E31CDE91A31089B019C049985FB033E60
:10B21000C0FB083EC1FB043E099C0299C2FB043EF0
:10B22000079CC4FB013E0E990A9CC1FB043E109989
:10B230000B9CC1FB093E1799C1FB043E0C99049C71
:10B24000C7FB063ECCFB013ECDE91C3E119B03999A
:10B2500088FB033CC0FB013C0199C5FB013C1299F2
:10B26000C4FB013C0299139CC2FB013C0799C1FB42
:10B27000043C0E99C1FB093C1099149CC1FB043C91
:10B280001799049CC1FB063C1599C7FB013CCDE90D
:10B290001E3C0899039B83FB01370599C0FB0137CE
:10B2A0000199C8FB01370999C5FB01370299C4FB15
:10B2B00001370A990B9CC2FB01370799C1FB09377B
:10B2C0000E99C1FB043710990C9CC1FB06371799E6
:10B2D000C1FB043717931199059B209783FB0173DA
:10B2E0000699019CC0FB01730399C1FB0473129979
:10B2F000049CC8FB01730299C5FB01731399C4FB3D
:10B3000001730799149CC2FB0973C1FB04730E9966
:10B31000159CC1FB06731099C1FB04730699089C28
:10B32000109781FB047C0D99019CC0FB017C059961
:10B33000C1FB047C0399099CC1FB047C02990C9C11
:10B34000C8FB017C0A99C5FB017C0499C1FB097CFF
:10B350000B99C2FB017C0799C1FB067C0E99C1FBCE
:10B36000047C0D99119C0E9781FB047E0F99019C22
:10B37000C0FB017E0699C1FB047E0599129CC1FBAE
:10B38000047EDDE90241C1FB047E1399049CC8FBE5
:10B39000017E1499C5FB097EC4FB017E0799159CAB
:10B3A000C2FB067EC1FB047E0F99089CCDF884E0A9
:10B3B000079781FB047E1699019CC0FB017E0D99C5
:10B3C000C1FB047E0699099CC1FB047E0599029C81
:10B3D000C1FB047E03990A9CC1FB047E0B99019C6E
:10B3E000C8FB097EC5FB017E0499C1FB067E0C9952
:10B3F000C2FB017E1199169ACDE9227E82FB0127BC
:10B400001899C0FB01270F99C1FB04270D99129CC5
:10B41000C1FB04270699029CC1FB04270599139CD4
:10B42000C1FB04270399C1FB09271499049CC8FB9D
:10B4300001271599C5FB0627C4FB0127119208991E
:10B44000189A82FB01241999C0FB012416990198CE
:10B45000C1FB0024104609990F9AC2FB01040D9A02
:10B460000299C2FB01040A99069AC2FB0104059ADB
:10B470000B99C2FB0904039AC2FB01040C9A1A99A6
:10B48000C8FB0604C5FB02041A9A0E9D12F1007651
:10B490001B9ACDE9080442F10000B40E1C9A44EA5C
:10B4A0008014A4181D9A06F07C4642EBA062891B0A
:10B4B0000A911B9961EB00010B91109911F1007138
:10B4C00043F10006880E40EA86104019109D01F0F5
:10B4D0007C414CEBA66C691A63EB060314F1807691
:10B4E0001E9D42F100024FEA566E4EEAC21E1EEB4E
:10B4F000050504951F9D06F07E4645EB6262A41B80
:10B500000C9410F18074079D4CF1000C660E46EA15
:10B51000CC1675190595219D04F07E4445EB6C6CA5
:10B52000001B0D900498179C089D10F1007001906D
:10B5300042F10002800E40EA821000190690209825
:10B54000229C40EBA262059810F1007002904CF131
:10B55000000C800E40EA8C100019239C44EBAC6C6C
:10B56000069C14F18074039442F10002640E44EAD4
:10B57000C214641843EB626310F18079119A4CF1A4
:10B58000000C4FEA596141EACC11891847EB6C6C09
:10B5900014F1007743F1000311F100784CF1000C35
:10B5A0004FEA9862079342EA8C12099B521943EBC7
:10B5B000AC6C12F1807E4CF1000C4FEA5E650A9B88
:10B5C00045EACC15A5FB0B65F6184FEA6C6C0B9B96
:10B5D0000BFB0C5545EB030516F1007C0C9B45F16C
:10B5E00000050CF07C4B4FEA9C6C4CEA851CB6EBDA
:10B5F0000B061CEB0305019BCAF8045003F07C45C5
:10B60000049BCAF800605D1B039BCAF8085003F056
:10B610007E45069B5D1B079BCAF80C5007F07C45D6
:10B62000BF0E47EA83170D9B641BFF18029BCAF8E5
:10B630001040059CCAF8147009F07E4908F07C4857
:10B640000EF07E4E03F07C43E31AB0EB0900B1EB41
:10B650000801B2EB0E02CAF81830CAF81C00CAF88A
:10B660002010CAF8242025B0BDE8F08F2DE9F04F56
:10B670006C4B0A68CC684D688BB082FB03820392E6
:10B6800084FB034204924A6982FB03E20592CA6981
:10B6900082FB032601924A6A069682FB039219F105
:10B6A000807C42F100024FEA5C664FF0130B46EAE1
:10B6B000C216A6FB0B6A52160BFB02AA16EB080277
:10B6C0000292039A85FB03570CF07E4C4AEB020A68
:10B6D000B9EB0C0215F18076079247F100078A68F2
:10B6E0004FEA566C4CEAC71C06F07E467F16C2FB3A
:10B6F00003C7AA1B0892049ACDF80CC014F18075F8
:10B7000042F10006B9460A696F0E47EAC61705F00E
:10B710007E457616C2FB0376621B0992059A049752
:10B720001EF1807842F100044FEA58658A69096A7F
:10B7300045EAC4156416C2FB0354019A059508F046
:10B740007E48BEEB080812F1807E069A4FEA5E65DD
:10B7500042F1000245EAC2155216C1FB0352019B99
:10B760000EF07E4EB3EB0E0E029B13F1007C039B9A
:10B770004AF1000A13F1007749F100030193049B99
:10B78000AB4613F10075059B46F1000613F10071FD
:10B7900044F100041BF1007342F100020692029A88
:10B7A0000CF07C49B2EB09094FEA9C6C089AC0F88E
:10B7B00000904CEA8A1C1CEB020C039AC0F804C0EF
:10B7C00007F07C4CB2EB0C0C019AC0F808C0BF0E1D
:10B7D00047EA8217099ABF18C760049A05F07C47A8
:10B7E000AD0E45EA8615D71B15EB0805059A456190
:10B7F00001F07C45890E41EA8411551B11EB0E01C5
:10B80000069AC16103F07C419B0E43EA8213079ABA
:10B810000761BBEB01019B188561016243620BB0BC
:10B82000BDE8F08F42DB01004B682DE9F041C3F128
:10B83000000E8B68CF680E694D698C69C3F1000CEE
:10B84000CB69C3F100080B6A5A424B6A09687F4210
:10B8500076426D4264425B424942C0E9001EC0E943
:10B8600002C7C0E90465C0E90648C0E90823BDE88D
:10B87000F0812DE9F04F0A468246D2E9024097B0A6
:10B880004FF0260C0690D2E904B00190D2E906E010
:10B890000390106A526A089262000592069A039E0B
:10B8A0000490520000924FEA4B020C92019A52000F
:10B8B0000292039A0CFB06F75200049E0992D1E90A
:10B8C0000013132202FB06F8089E079302FB0EF0FA
:10B8D000019A5D000CFB06F60CFB02F385FB062CBF
:10B8E000C1FB012C4FEA410961464FEA440CCCFBF5
:10B8F0000821DDF800C0CCFB07214FEA4B0CCCFB44
:10B9000000219446019AC2FB03C1CDE90AC1079BFD
:10B91000009984FB06C2C9FB03C2C1FB08C202999D
:10B92000CBFB07C2C1FB00C2CDF834C0009983FB3A
:10B93000053CC9FB043CC1FB063C4FEA4B01C8FB7C
:10B94000013C0299C1FB073C1946CEFB001CCDE926
:10B950000E1C069984FB0530C9FB01300299CBFB14
:10B960000630C1FB08301946CEFB0710CDE9101098
:10B97000009985FB0103C9FB0B030299C4FB040377
:10B980004FEA4E0CC1FB06030399C8FB0C03C1FB35
:10B990000703019907908BFB0540C9FB0140DDE9D6
:10B9A0000571C1FB07400999CEFB0640C1FB084069
:10B9B0000299129485FB014CC9FB0E4C0699CBFBF6
:10B9C000074C009FC1FB074C0999C1FB064C049929
:10B9D000C1FB084C039906948EFB0547DDF81480E3
:10B9E000C9FB01470199C1FB08470099CBFB0147FF
:10B9F0000499C1FB0647CDE913470999029C85FBD1
:10BA000001780499C9FB01780599CEFB017800996A
:10BA1000C1FB04780899059CCBFB0B78C1FB067829
:10BA20000499099781FB05650899CDF85480C9FBF5
:10BA300001650399C1FB046500990C9CCEFB01656F
:10BA40000199C1FB04650A99089611F100770B99D9
:10BA5000129CAE464FEA976641F100050D9946EA01
:10BA6000851676180A9907F07C4742EBA562B1EB80
:10BA7000070B0B9961EB05010A91079911F1007110
:10BA800043F100078D0E45EA87152D19079C01F03B
:10BA90007C4140EBA760611A63EB070316F18077E6
:10BAA0000E9C42F100024FEA576848EAC21818EBB0
:10BAB000040403940F9C07F07E4744EB6262F41B7E
:10BAC00015F1807640F100000794770E069C47EA56
:10BAD000C0173C1906F07E464CEB606CA81B049422
:10BAE0000B900398109C159D10F10070009042F18E
:10BAF0000002800E40EA8210001905901198139CF4
:10BB000040EBA262049810F1007001904CF1000C1F
:10BB1000800E40EA8C100019149C44EBAC6C059C20
:10BB200014F18074029442F10002640E44EAC214DB
:10BB3000641843EB626310F18079099A4CF1000CB0
:10BB40004FEA596141EACC11891845EB6C6C14F14C
:10BB5000007743F1000311F10078089D06934CF142
:10BB6000000C4FEA986242EA8C1252194EEBAC6C10
:10BB700012F1807E4CF1000C4FEA5E65132345EA1A
:10BB8000CC15A5FB03654FEA6C6C03FB0C550A9BB7
:10BB900016EB0B0645EB030516F1007C079B45F100
:10BBA00000050CF07C4B4FEA9C6C4CEA851CB6EB14
:10BBB0000B061CEB0305009BCAF8045003F07C4500
:10BBC000039BCAF800605D1B029BCAF8085003F093
:10BBD0007E45059B5D1B069BCAF80C5007F07C4513
:10BBE000BF0E47EA83170B9B641BFF18019BCAF823
:10BBF0001040049CCAF8147009F07E4908F07C4893
:10BC00000EF07E4E03F07C43E31AB0EB0900B1EB7B
:10BC10000801B2EB0E02CAF81830CAF81C00CAF8C4
:10BC20002010CAF8242017B0BDE8F08F30B5A9B0B5
:10BC3000044668460D46FFF71CFE69460AA8FFF752
:10BC400018FE0AA90846FFF714FE0AAA294610465C
:10BC5000FFF75DFA0AAA69466846FFF758FA69468F
:10BC600014A8FFF706FE0AA9084614AAFFF74FFA20
:10BC70000AA914A8FFF7FDFD042514A90846FFF73B
:10BC8000F8FD013DF9D10AAA104614A9FFF73FFAC1
:10BC90000AA914A8FFF7EDFD092514A90846FFF726
:10BCA000E8FD013DF9D114A908460AAAFFF72FFAC9
:10BCB00014A91EA8FFF7DDFD13251EA90846FFF7EE
:10BCC000D8FD013DF9D114AA10461EA9FFF71FFAAD
:10BCD00014A90846FFF7CDFD092514A90846FFF76A
:10BCE000C8FD013DF9D10AAA104614A9FFF70FFAC1
:10BCF0000AA914A8FFF7BDFD312514A90846FFF7CE
:10BD0000B8FD013DF9D114A908460AAAFFF7FFF9C9
:10BD100014A91EA8FFF7ADFD63251EA90846FFF76D
:10BD2000A8FD013DF9D114AA10461EA9FFF7EFF9AD
:10BD300014A90846FFF79DFD312514A90846FFF711
:10BD400098FD013DF9D10AAA104614A9FFF7DFF9C1
:10BD50000AA90846FFF78DFD04250AA90846FFF742
:10BD600088FD013DF9D16A460AA92046FFF7CFF9BF
:10BD700029B030BD2DE9F04F97B00A6902924A69A7
:10BD80000392D1E906A2D1E9026705920A6A0692F6
:10BD90004A6A0892720007927A000992029ADDF8C4
:10BDA00014C0019052000A92039A52000492059A1C
:10BDB000262000FB0CF85200DDF818C00B92D1E9E8
:10BDC0000053132202FB0CF9DDF820C002FB0AF439
:10BDD000039A00FB0CFB4FEA430E50438EFB0B2CE7
:10BDE000C5FB052C690065464FEA460CCCFB0925CE
:10BDF0004FEA470CCCFB0825DDF828C0CCFB042516
:10BE00009446039AC2FB00C586FB0B20CDF838C0D0
:10BE1000C1FB03204FEA470CCCFB0920DDF808C02A
:10BE2000CCFB08209446049AC2FB04C083FB0E326C
:10BE3000CDF83CC0C1FB06324FEA470CCCFB0B32BD
:10BE4000DDF828C00C90C9FB0C32DDF810C0029858
:10BE5000CCFB08329C46CAFB04C2CDF840C0029C11
:10BE600086FB0E3CC1FB073CC4FB0B3C049CC4FBA3
:10BE7000093C1C46CAFB084C11947C008EFB043420
:10BE8000C1FB00340498C6FB0634C0FB0B344FEAF8
:10BE90004A00C9FB003405981E46C0FB086402989E
:10BEA000129680FB0E630398C1FB00630798C7FBE3
:10BEB00000630B98CAFB0B63C0FB096304980D93E6
:10BEC0001396079B8EFB00680298C1FB0A68C0FBB3
:10BED00003687800C7FB00680B984746C0FB0B67F8
:10BEE0000698C0FB0967059814968AFB0E68C1FB8B
:10BEF00000680398DDF82490C0FB03680298C0FB3B
:10BF000009680698C0FB0B6815960B988EFB009687
:10BF10000698C1FB0096CAFB03960998049BC0FBD8
:10BF200003960298109BC0FB00960898C0FB0B96E6
:10BF30000698CDF8089080FB0EE90898C1FB00E94F
:10BF400049460598DDF81C90C0FB09E10998DDF829
:10BF50002890CAFB00E10398DDF84CA0C0FB09E182
:10BF60000E98F14610EB000E0F986D4110EB000B90
:10BF70000C984041DB180393119B5241DB184CEBAA
:10BF80000C0CCDF81CC0DDF848C006931CEB0C0C63
:10BF90000D9B64411AEB0A0A5B410493149BDB1866
:10BFA0000593159B7F41DB180B93029B0A9748EB87
:10BFB0000808DB1876410C930D9619EB09060E96CE
:10BFC00049411EF1007645F100070F91B10E41EA9B
:10BFD000871111EB0B0106F07C4640EBA760BEEB2E
:10BFE000060B65EB070508951CF1007544F100068A
:10BFF000AF0E049BDDF80CE047EA861717EB0A0743
:10C0000005F07C4543EBA663BCEB050564EB060637
:10C0100011F1807440F100004FEA546C4CEAC01CEE
:10C020001CEB0E0C04F07E4442EB6062091B09918C
:10C0300017F18071059CCDF810C043F10003480E44
:10C0400040EAC310001905900A9801F07E4140EBC8
:10C05000636C791A0A91049911F10071029142F10D
:10C0600000028B0E069943EA82135B180799069328
:10C0700041EBA26205990B9B11F100714CF1000C90
:10C08000880E039140EA8C100699C01848EBAC6CFE
:10C0900011F1807A42F100034FEA5A6444EAC31472
:10C0A000641946EB636310F180790C9A0D9D4CF195
:10C0B000000C4FEA596141EACC11891845EB6C6CD0
:10C0C00014F1007743F1000311F100780E9D0793FE
:10C0D0004CF1000C4FEA986242EA8C1252190F9D03
:10C0E00045EBAC6C12F1807E4CF1000C4FEA5E65C2
:10C0F000132345EACC15A5FB03654FEA6C6C03FBE3
:10C100000C55089B16EB0B0645EB030516F1007C5E
:10C11000019B0CF07C4B45F10005B6EB0B061E6055
:10C120004FEA9C6C099B4CEA851C1CEB0305019BA8
:10C130005D60029B03F07C45049B5D1B019B9D6041
:10C14000069B0AF07E4AB3EB0A05019BDD6007F00F
:10C150007C45641B1C61079B059CBF0E47EA831747
:10C160000A9BFF18019B5F61039B03F07C43E31A6A
:10C1700009F07E49019C08F07C480EF07E4EB0EB41
:10C180000900B1EB0801B2EB0E02A361E06121628C
:10C19000626217B0BDE8F08F2DE9F04753684E6832
:10C1A0008D68CC680F69F61A9368ED1AD368A4EB12
:10C1B000030A13694C6AA7EB030C4F695369A7EB99
:10C1C000030E8F699369A7EB0308CF69D369A7EBC7
:10C1D0000309136A0F6A0968FF1A536A1268E31A9F
:10C1E0008A1AC0E90026C0E9025AC0E904CEC0E9B3
:10C1F0000689C0E90873BDE8F0870B462DE9F047D2
:10C20000D3E90892D1E9008E4FF0130AD3E90476FE
:10C21000D3E906540AFB02F3D1E902C103F18073AA
:10C2200008EB63630EEBA3630CEB636301EBA363A7
:10C2300007EB636306EBA36305EB636304EBA363A4
:10C2400009EB636302EBA3635B160AFB03880EEB47
:10C25000A86E0CEB6E6C01EBAC6107EB616706EB53
:10C26000A76605EB666504EBA56428F07C4809EB3E
:10C27000646929F07C4302EBA9624FEA28292EF079
:10C280007E4E80F801904FEA284980F802904FEAEC
:10C290008E0980F8008049EA186880F803804FEA28
:10C2A000AE182CF07C4C80F804804FEAAE3880F851
:10C2B00005804FEACC0848EA9E5E80F806E04FEA27
:10C2C0006C1E21F07E4180F807E04FEA6C3E80F85A
:10C2D00008E04FEA411E4EEA5C5C80F809C04FEA74
:10C2E000E10C80F80AC04FEAE12C80F80BC04FEA5D
:10C2F000871C4CEAD1410173C7F3970126F07E46B3
:10C300004173C7F38F218173311225F07C4541744D
:10C3100031148174690041EA1661C174E91124F095
:10C320007E440175C7F38747E913C77306744175E7
:10C33000E10041EAD55181756111C1756113017642
:10C34000190141EA54514176191122F07E42817659
:10C350001913C176910141EA135303779310437780
:10C36000931292148377C277BDE8F08700B589B045
:10C3700001466846FFF741FF9DF8000000F001000C
:10C3800009B05DF804FB70B504460D461646FEF78D
:10C3900096FC324605F1280104F12800FEF78FFCD7
:10C3A000324605F1500104F15000BDE87040FEF73F
:10C3B00086BC00002DE9F0470646D4B29EB0D70FE8
:10C3C00006F1280A04EAE2728846A4EB420406F168
:10C3D0005009FEF736FC5046E4B2FEF732FC4FF44B
:10C3E0007075484605FB08F5FEF71FFCDFF8D8809E
:10C3F00084F00102B2FA82F208EB050130465209DC
:10C40000FFF7C1FF84F0020205F17801B2FA82F26F
:10C41000414430465209FFF7B6FF84F0030205F1AC
:10C42000F001B2FA82F2414430465209FFF7ABFF05
:10C4300084F0040205F5B471B2FA82F24144304648
:10C440005209FFF7A0FF84F0050205F5F071B2FA7A
:10C4500082F2414430465209FFF795FF84F006020C
:10C4600005F51671B2FA82F2414430465209FFF7DF
:10C470008AFF84F0070205F53471B2FA82F2414472
:10C4800030465209FFF77FFF84F0080205F552712C
:10C49000B2FA82F2520941443046FFF774FF514626
:10C4A0006846FEF715FD31460AA8FEF711FD49461C
:10C4B00014A8FFF7B9F93A4669463046FFF763FF1B
:10C4C0001EB0BDE8F08700BF806402082DE9F0438C
:10C4D000054601F128088BB005F128060C461746E1
:10C4E0000A464146FEF7BAFB22464146304605F170
:10C4F0005008FFF751FE3A4629464046FEF707FE30
:10C5000005F1780907F1280231463046FEF7FFFDB4
:10C5100004F1780207F150014846FEF7F8FD04F1F6
:10C52000500211466846FEF799FB324641462846BE
:10C53000FFF732FE324641463046FEF78FFB4A4651
:10C5400069464046FEF78AFB4A4669464846FFF779
:10C5500023FE0BB0BDE8F083F8B501F178070C4677
:10C5600005463A4604F15006FEF7D1FD324604F185
:10C57000280105F12800FEF7CAFD3A46314605F1CB
:10C580005000BDE8F840FEF7C2BD2DE9F0410C4671
:10C5900001F178080546424604F1280604F15007E7
:10C5A000FEF7B5FD3A46314605F12800FEF7AFFD2E
:10C5B0004246394605F15000FEF7A9FD32462146B4
:10C5C00005F17800BDE8F041FEF7A1BD2DE9F0438B
:10C5D00004460E468BB004F1500506F12809FFF71A
:10C5E00048F904F1780849462846FFF742F904F172
:10C5F000280706F150014046FFF7BCFB4A4631468A
:10C600003846FEF72BFB39466846FFF732F92246DB
:10C6100029463846FEF722FB224629462846FFF7E0
:10C62000BBFD3A4669462046FFF7B6FD2A4641461D
:10C630004046FFF7B1FD0BB0BDE8F08310B50446EE
:10C64000FEF7F3FA04F12800FEF7FBFA04F15000BC
:10C65000FEF7F7FA04F17800BDE81040FEF7E5BAFE
:10C6600038B504460D46FEF733FC05F1280104F108
:10C670002800FEF72DFC05F1500104F15000BDE843
:10C680003840FEF725BC10B59EB004466846FFF75B
:10C69000E7FF69462046FFF799FF1EB010BD30B591
:10C6A0009FB004460D4668465031FFF7BFFA6A4610
:10C6B00029460AA8FEF72BFD6A4605F1280114A8B1
:10C6C000FEF725FD14A92046FFF797FD0AA8FFF7FE
:10C6D0004DFEE37F83EAC013E3771FB030BDF0B5B2
:10C6E000F5B06A464D1E04461F311346164615F82E
:10C6F000010F00F00F078D424FEA10101F705870A5
:10C7000003F10203F3D10025294692F900300B44CE
:10C71000DBB203F1080141F30311C8B20135A3EB09
:10C7200000133F2D02F8013BEFD196F83F3018443B
:10C7300086F83F002046FFF781FF012572576910F8
:10C740002EA8FFF737FE2EAA21464CA8FFF7BEFE03
:10C7500002354CA92046FFF718FF412DEED12146A6
:10C760004CA8FFF790FF4CA910A8FFF7F5FE10A901
:10C770004CA8FFF72BFF4CA910A8FFF7EDFE10A95E
:10C780004CA8FFF723FF4CA910A8FFF7E5FE10A95E
:10C790004CA8FFF71BFF4CA92046FFF7F6FE00252B
:10C7A000725769102EA8FFF705FE2EAA21464CA845
:10C7B000FFF78CFE02354CA92046FFF7E6FE402D20
:10C7C000EED175B0F0BD8378417802781B0443EA5E
:10C7D000012343EA020000217047006800217047EE
:10C7E0002DE9F04F9DB08346FFF7EDFFC0F3140332
:10C7F0000BF102000B93FFF7F0FFC0F354130BF1A2
:10C8000005000C93FFF7DFFFC0F394030BF1070063
:10C810000D93FFF7E2FFC0F3D4130BF10A00099365
:10C82000FFF7DBFFC0F314130BF10D000A93FFF7C2
:10C83000CAFFC0F354030BF10F000E93FFF7CDFFB7
:10C84000C0F394130BF112000893FFF7BCFFC0F381
:10C85000D4030BF115000793FFF7B5FFC0F31403E2
:10C860000BF117000F93FFF7B8FFC0F354130BF150
:10C870001A000593FFF7A7FFC0F394030BF11C0008
:10C880000693FFF7AAFFC0F3D4160BF11F00FFF7C2
:10C89000A4FFC0F314170BF12200FFF794FFC0F3BD
:10C8A00054080BF12400FFF798FFC0F394190BF123
:10C8B0002700FFF788FFC0F3D40A0BF12A00FFF727
:10C8C00082FFC0F314030BF12C000393FFF785FFE5
:10C8D000C0F354130BF12F001093FFF774FFC0F354
:10C8E00094030BF131000193FFF777FFC0F3D413EA
:10C8F0000BF134000293FFF770FFC0F314140BF137
:10C900003700FFF760FFC0F354030BF13900FFF766
:10C9100064FFC0F394120BF13C00FFF75EFFDFF8F9
:10C9200048E3C00840EA4170CD08A0FB0EC11CEBF3
:10C93000060C0EFB051141F100011191CB498E4609
:10C94000A0FB0161F6190EFB0511C94F129641F1CA
:10C9500000011391A0FB076116EB0806DFF81483B2
:10C960001496C0F1000608FB056E07FB0511A0FB3D
:10C97000088741F1000118EB0909CDF854904EEBFE
:10C980000709CDF85890DFF8F092A0FB09E709FB02
:10C9900005771EEB0A0ACDF85CA047F1000ACDF836
:10C9A00060A0DFF8D8A2039FDFF8BCE20AFB0566AF
:10C9B000A0FB0A05C019039046EB050004900698F9
:10C9C000119DA2FB0E7A3F18A848A2FB00694AF10C
:10C9D000000A16EB0C06DFF898C2129845EB09091D
:10C9E000A2FB0C582818139D0690A24845EB080896
:10C9F000149DA2FB000E4019AEEB020E4EEB010E91
:10CA00009D49159DA2FB01C11CEB05051195169DC5
:10CA100045EB010112919949944DA2FB01C1891A7C
:10CA2000179A1CEB02021392189A41EB020214921D
:10CA30008D4AA3FB021C059A8918A3FB05254CF11E
:10CA4000000CD2194AEB0507DFF824A2A3FB0AA5C4
:10CA50001AEB060A49EB0505864E1595069DA3FBC4
:10CA6000069619EB0505A6EB030646EB0806DFF86C
:10CA70000882A3FB088918EB00084EEB090016900A
:10CA80007E48A3FB00E0C01A119B1EEB0303059335
:10CA9000129BDFF8D4E140EB030306930F9BA4FB4A
:10CAA0000E0EC018714BA4FB03934EF1000E19EB50
:10CAB0000101DFF8BC914CEB030CA4FB09399B1876
:10CAC00047EB09070F976B4FA4FB077917EB0A0792
:10CAD000DDF854A0A9EB040949EB0A09DFF898A195
:10CAE000A4FB0A2A5219654D119246EB0A0AA4FBCF
:10CAF00005652D1B16EB08041294169C5A4A45EB4B
:10CB000004041594029C079EDDF80880A4FB0245EE
:10CB1000A419564E029AA8FB068645F1000518EBAB
:10CB200000004EEB0606DFF84881DDF808E0AEFBBA
:10CB300008E81EEB010E4CEB080C4E49DDF80880AE
:10CB4000A8FB0118C9180F9BA8EB020848EB0308C3
:10CB5000494BA2FB0323D71949EB0309474A029B20
:10CB6000A3FB02230F92029A9B1A07930F9A119B21
:10CB7000D218079B029243EB0A0ACDF81CA03A4A4E
:10CB8000DDF804A0AAFB02A3089A1AEB020A43F1FB
:10CB900000030893019A354BA2FB0323121945EBBE
:10CBA0000305334C019B0F92A3FB0423121846EBA1
:10CBB00003063048019B019CA3FB000310EB0E0011
:10CBC000DFF8B4E0A3EB040343EB0C0CA4FB0E3E34
:10CBD0005B1848EB0E01A046284CA8FB048E019C74
:10CBE00018EB0707AEEB040EDDF8208011974EEB33
:10CBF00009091AF580170F9C48F100084FEA575EA3
:10CC00004EEAC82E1EEB040E4FEA575745F10005B9
:10CC10007F050195BAEB07050F95089D65EB0805A3
:10CC200012F5801446F100071695650D45EAC725F3
:10CC3000640D2D184FEA44544CF1000C101B179052
:10CC400066EB070613F5801041F100041896420DBB
:10CC5000119E42EAC422400D92194FEA405049EB1E
:10CC600064571E1A0CE000BF132C0A00182D070091
:10CC700067FB090053C6F0FFD11502008390F5FF52
:10CC800061EB040119910299119611F58010079931
:10CC9000029E41F10004430D129943EAC4235B183C
:10CCA0004FEA5050159908934FEA405041EB6451B8
:10CCB000361A0296079E139B66EB04061296059E93
:10CCC00016F58010069E46F10004460D46EAC4267D
:10CCD00016EB030A149E109B46EB64560796400D14
:10CCE000059E4005361A0596069E66EB04060696D6
:10CCF000039E16F58014049E4FEA545046F1000836
:10CD000040EAC820C0184FEA5454039B4FEA6856C3
:10CD10004FEA445446F100061B1B1093049B63EB3F
:10CD200008031393019B1EF5801443F100094FEA99
:10CD30005458179B48EAC92818EB03031493189B0F
:10CD40004FEA545443F1000364051593BEEB04030A
:10CD50001793019B63EB090915F580144CF100084A
:10CD6000119B4FEA545E4EEAC82E1EEB030311934B
:10CD70004FEA5454199B4FEA445443EB68532D1B1C
:10CD800019956CEB080512F5801418931A95029BFF
:10CD900047F100054FEA545C4CEAC52C1CEB030339
:10CDA0000193129B4FEA545443EB6553640504937B
:10CDB000131B1293089B67EB05051B9513F5801554
:10CDC00041F10004059B069F6A0D42EAC422D31874
:10CDD00002934FEA5555089BD14A4FEA455547EB18
:10CDE00064575D1B61EB04010691079903951AF5E1
:10CDF000801341F10004109D0597590D41EAC421AB
:10CE000049194FEA5353139D079F4FEA435345EB8C
:10CE10006455BAEB0303DFF80CA367EB0404A0FB33
:10CE2000027EA0FB0A8C02FB06EE0E9A0AFB06CCE1
:10CE3000DDF83CA0BF184EF1000E18EB0A08CDF843
:10CE40003880DDF858804CEB080CCDF83CC0DFF89A
:10CE5000D8C2E246A0FB0C8C0AFB06CCDDF85CA035
:10CE600018EB0A084CEB090CDFF8C092CDF84CC067
:10CE7000C0F1000CCDF8408009FB06C8A0FB099A60
:10CE8000D044DDF850A019EB0A0ADDF8549048EBC5
:10CE90000908CDF85080DFF898824246A0FB089838
:10CEA00002FB0688199A19EB02091A9A48EB020844
:10CEB000A04A02FB06CCA0FB0206119A8218189821
:10CEC0000792B4444CEB000C954ACDF820C0DDF835
:10CED00028C0A1FB026016EB0C0C02FB050040F120
:10CEE00000000A908F480246A1FB006002FB05008B
:10CEF000F21940EB0E00DFF830E211920E9A159015
:10CF0000A1FB0E60B2180E92884E0F9A0EFB050020
:10CF100040EB020237464842A1FB077E06FB0506AE
:10CF20007644DDF840E00F92139A17EB0E0E46EBB5
:10CF300002027F4E10923246A1FB067602FB056686
:10CF4000149A17EB0A0A46EB02027A4E139206FB7A
:10CF50000500734A734FA1FB0615284411EB090520
:10CF60001495A3FB025602FB0466099A40EB0800E5
:10CF70001690AD18A3FB0701DFF8AC81119A46F1BA
:10CF8000000610EB0C00DDF828C007FB041141EB94
:10CF90000C0CA3FB0871BA181192159A08FB041126
:10CFA00041EB0202614915925F420E9A01FB04793E
:10CFB000A3FB0118C844DDF83C90891848EB090927
:10CFC000CDF83890DFF868914A46A3FB099819EB31
:10CFD0000E09DDF840E002FB048848EB0E0ECDF8A8
:10CFE0003CE0DFF850E1029ADFF83C810EFB047769
:10CFF000A3FB0E34274413EB0A04139B099447EB5D
:10D0000003030A93464B059CDDF814A0A2FB037EA4
:10D0100003FB04EE0D9B434AFF18029BA3FB024354
:10D020004EF1000E02FB0A33641943EB06030D9325
:10D03000029B029EA3FB08532A1808FB0A3343EB0A
:10D040000C0A029B05981092DFF8E0C0029ADDF806
:10D0500054805B420CFB0035A2FB0C0C119AAC44D3
:10D06000334D80184CEB080C2A46A6FB0585059E1F
:10D0700002FB06550E9E029A18EB010145EB0608CD
:10D08000059E2C4D05FB0633A2FB052512EB090678
:10D090000F9A05962B4443EB0203039E0E93204BFD
:10D0A000A6FB0392069E03FB06220C9E19EB0609C3
:10D0B00042F100030C931B4A039EA6FB0235069E19
:10D0C000DB1902FB0655184F039E45EB0E053A4649
:10D0D000A6FB07E7069E02FB06770D9A1EEB0406E9
:10D0E00047EB02040D94039C039F0F96DDF818E0B4
:10D0F000109A66420D4C04FB0E6EA7FB0447A41861
:10D10000774447EB0A02DFF828E0039FDDF818A018
:10D1100010927246A7FB0EE702FB0A770CE000BFF5
:10D12000132C0A00182D070067FB090053C6F0FFF7
:10D13000D11502008390F5FF1EEB000ECDF844E000
:10D1400047EB0C0ECDF84CE0DFF824C3DDF80CE023
:10D150000CFB0A66AEFB0C0742183E4446EB080186
:10D1600002920391C34A0199049EC348C34FA1FB95
:10D17000021C02FB06CC019E0B9AA6FB00E8049E53
:10D18000891800FB06880C9A019E4CF1000C1EEBDE
:10D19000090EDDF8109048EB0208A6FB0726D2180E
:10D1A00007FB0966DDF80490049F46EB0506B44DC5
:10D1B000C9F1000905FB0793019FA7FB05701844FF
:10D1C0000F9BFF180D9B40EB03030693019DAD4B96
:10D1D000DDF810A01846A5FB03351B1900FB0A5506
:10D1E0005446DFF88CA210980AFB0499019CA4FB1A
:10D1F0000AA44C44DDF8449045EB000513981AEB63
:10D20000090944EB0004049411F58014CDF804904E
:10D210004CF1000A4FEA545949EACA29640D19EB46
:10D220000E0E4FEA445448EB6A58B1EB04096CEB1C
:10D230000A0C12F58014CDF830C04FEA545146F173
:10D24000000C0698CDF82C9041EACC21640DC91948
:10D250004FEA445440EB6C50B2EB040966EB0C0609
:10D2600013F58012019F0D964FEA525445F10006C6
:10D27000DDF810C0CDF8189044EAC624520DE41928
:10D280004FEA42524CEB665CB3EB020965EB0606D3
:10D290000F96029ECDF8109016F58013039E149FF2
:10D2A00046F100055A0D059E42EAC52292190E9ECE
:10D2B0004FEA535346EB6559029E5B05F61A0596F5
:10D2C000039E66EB05060E96099E16F580130A9ED0
:10D2D00046F100055E0D46EAC526F6190196169E32
:10D2E00046EB655602965B0D099E5B05F61A09969C
:10D2F0000A9E129FDDF81CA066EB05060A96079EA3
:10D3000016F58015089E4FEA555346F1000643EA8C
:10D31000C623DB194FEA55551B9F03934FEA45552A
:10D3200047EB6657BAEB05050795089D069B65EB2D
:10D3300006061EF5801548F1000A08966E0D46EAAD
:10D34000CA26F61806960D9E049B4FEA555546EBE5
:10D350006A566D050D96BEEB050668EB0A0811F5D9
:10D36000801540F1000E10966E0D46EACE26F31899
:10D370000F9E04934FEA555546EB6E566D050F967A
:10D380004E1B119660EB0E0614F580114CF1000552
:10D39000059B1296480D0E9E40EAC520C3184FEA21
:10D3A000515146EB655649050E96661A13966CEB7D
:10D3B000050612F5801149F100040593480D099BFB
:10D3C000149640EAC4200A9EC3184FEA515146EB16
:10D3D000645649050A96561A1593169669EB040683
:10D3E0001796019E079BDDF84090254C16F580129C
:10D3F000029E4FEA525146F1000041EAC021089EC8
:10D40000CB1846EB60561996520D019E18935205A3
:10D41000B61A039B0196029E66EB000613F5801177
:10D420004FEA51524FEA51514FEA415147F1000042
:10D4300002965E1A0F4B1A9642EAC02267EB00066C
:10D440004FEA605E1B96A2FB036703FB0E770B9B04
:10D4500009490A48F6180C9B47EB0307A2FB01C3D6
:10D460001CEB090C01FB0E33069943EB08030BE0A0
:10D470008390F5FF132C0A00182D070067FB0900A5
:10D4800053C6F0FFD1150200A2FB0059DDF834802D
:10D4900003936D1800FB0E99C2F1000A04FB0EA164
:10D4A00049EB0809A2FB044888441199E74B64182A
:10D4B000129948EB0108A2FB030103FB0E11049B28
:10D4C000C0180F9B41EB0301E14B03FB0EAAA2FB2B
:10D4D00003E25244DDF84CA0149B1EEB0A0E4FEA07
:10D4E000565A42EB03024AEAC72A039B1AEB0C0A7C
:10D4F000C6F3140643EB675309964FEA5A5646EAB9
:10D50000C326761949EB6353750D45EAC3252D19DA
:10D5100048EB63536C0D44EAC324241841EB635178
:10D52000600D40EAC12010EB0E0042EB6153C4F3E2
:10D53000140C059ACDF820C0440DDDF838C044EA3B
:10D54000C324A4184CEB6353C0F3140CCDF81CC0D7
:10D55000600D169ADDF85CC040EAC32080184CEBE1
:10D560006353159AC4F3140C410DCDF818C041EA69
:10D57000C321DDF828C089184CEB6353019AC0F32E
:10D58000140C480DCDF814C040EAC320DDF808C0E3
:10D5900080184CEB6353189AC1F3140C410DCDF86D
:10D5A00010C041EAC321DDF864C089184CEB635315
:10D5B0004A0DC0F3140C1A98CDF80CC042EAC322ED
:10D5C000DDF86CC012184CEB6353C1F3140CCDF8AA
:10D5D00008C0510DC2F3140C9E4ACDF804C041EAB4
:10D5E000C321A1FB024C5B1502FB03CC099AA418D2
:10D5F000994AA1FB02E002FB0300984ACAF3140710
:10D600004CF1000C1EEB070EA1FB027802FB038815
:10D61000934AC1F10009C6F3140602FB039AC5F34D
:10D62000140540F10000BF19A1FB022648F10008D3
:10D6300052190992854A4AEB060AA1FB026502FBD0
:10D640000355089AB618824A02FB0399A1FB0213FC
:10D65000079A45F10005891849EB03034FEA54592D
:10D6600049EACC2919EB0E0940EB6C504FEA595CA2
:10D670004CEAC02C1CEB070C099A48EB60504FEAAF
:10D680005C5E4EEAC02E1EEB020E4AEB60504FEA83
:10D690005E5242EAC022961945EB6055720D42EA8D
:10D6A000C522521843EB655306990598550D45EA76
:10D6B000C3256D184FEA635343F10003690D41EA36
:10D6C000C32109184FEA6353049843F100034FEA5A
:10D6D000515A4AEAC32A1AEB000A4FEA635343F14C
:10D6E00000034FEA5A504FEA635840EAC320039BB5
:10D6F000C018C9F3140748F100034FEA5059DDF888
:10D70000088049EAC32919EB08094FEA635343F13A
:10D7100000034FEA595848EAC328019BC4F3140494
:10D7200018EB0308C9F314034FEA14298BF801908E
:10D730004FEA47198BF8004049EA14448BF802403D
:10D74000FC08CCF3140C8BF80340FC0A8BF8044063
:10D750004FEA8C0444EAD7448BF80540CEF3140E0C
:10D760004FEA9C148BF806404FEACE1444EA9C34EE
:10D770008BF807404FEA5E04C6F314068BF80840A6
:10D780004FEA5E248BF80940340144EA5E448BF88A
:10D790000A403409C2F314028BF80B40340B8BF8A7
:10D7A0000C40941844EA1654C5F314058BF80D4048
:10D7B000D4098BF80E40AC0144EAD2328BF80F202A
:10D7C000AA08C1F314018BF81020AA0A8BF81120C3
:10D7D000CA0042EA9542CAF3140A8BF812204A0999
:10D7E000C0F314008BF813204FEA1A228BF816208E
:10D7F000420142EA1A428BF81720C2088BF818201F
:10D80000C20A8BF819209A0042EAD0424FEAC8199E
:10D8100049EA93398BF81A209A094FEA5803490BC1
:10D820008BF81D304FEA58234FEA58488BF81410F4
:10D830008BF815A08BF81B208BF81C908BF81E30F2
:10D840008BF81F801DB0BDE8F08F00BFD11502001E
:10D850008390F5FF132C0A00182D070067FB0900C1
:10D8600053C6F0FF2DE9F04FB9B09146019008463C
:10D870009B460D46FEF7A7FFC0F31408A81CFEF751
:10D88000ACFFC0F35416681DFEF79DFFC0F394046F
:10D89000E81DFEF7A2FFC0F3D41305F10A000293BE
:10D8A000FEF79BFFC0F3141305F10D000393FEF781
:10D8B0008AFFC0F3540305F10F000493FEF78DFFB8
:10D8C000C0F3941305F112000593FEF77CFFC0F33B
:10D8D000D40305F115000693FEF775FFC0F314039A
:10D8E00005F117000793FEF778FFC0F3541305F115
:10D8F0001A000893FEF767FFC0F3940305F11C00BC
:10D900000993FEF76AFFCB094FEAD01A48464AEA64
:10D91000416A1393FEF757FFC0F3140709F10200A1
:10D92000FEF75BFFC0F3541509F10500FEF74BFF4E
:10D93000C0F3940309F107000A93FEF74EFFC0F30A
:10D94000D41309F10A000B93FEF747FFC0F3141339
:10D9500009F10D000C93FEF736FFC0F3540309F1F3
:10D960000F000D93FEF739FFC0F3941309F1120075
:10D970000E93FEF728FFC0F3D40309F115000F93AF
:10D98000FEF721FFC0F3140309F117001093FEF70F
:10D9900024FFC0F3541309F11A001193FEF713FF8B
:10D9A000C0F3940309F11C001293FEF716FFCB0994
:10D9B0004FEAD019584649EA41691493FEF703FF2C
:10D9C00015900BF10200FEF708FF18900BF105000F
:10D9D000FEF7F9FE17900BF10700FEF7FEFE199017
:10D9E0000BF10A00FEF7F9FE1A900BF10D00FEF79D
:10D9F000EAFE1B900BF10F00FEF7EFFE1C900BF1FF
:10DA00001200FEF7E0FE1D900BF11500FEF7DBFEA5
:10DA10001E900BF11700FEF7E0FE1F900BF11A00AD
:10DA2000FEF7D1FE20900BF11C00FEF7D6FE159AF2
:10DA30008C468646C2F31402A8FB07108B18159378
:10DA400040F100031693189BA8FB0512C3F354136F
:10DA50005B18A6FB071042F100025B18239342EB10
:10DA600000032493179BC3F394010A9BA8FB032391
:10DA70008818A6FB051243F10003401843EB02038C
:10DA8000A4FB0721821843EB01031893199B1792FB
:10DA9000C3F3D4110B9BA8FB032388180A9AA6FB97
:10DAA000021243F10003401843EB0203A4FB0512EA
:10DAB000401843EB0203029AA2FB0721821843EBB2
:10DAC0000103259226930C9A1A9BA8FB0212C3F31A
:10DAD00014135B180B99A6FB010142F100021B18FD
:10DAE00042EB01020A99A4FB01011B1842EB01025F
:10DAF0000299A1FB05011B1842EB01020399A1FB4E
:10DB0000071013EB010B42EB000319930D9A1B9BBB
:10DB1000A8FB0212C3F354035B180C99A6FB010186
:10DB200042F100021B1842EB01020B99A4FB010118
:10DB30001B1842EB010202990A98A1FB00011B1875
:10DB400042EB01020399A1FB05011B1842EB010204
:10DB50000499A1FB07105B18279342EB000328935D
:10DB60000E9A1C9BA8FB0212C3F394135B180D9929
:10DB7000A6FB010142F100021B1842EB01020C99C5
:10DB8000A4FB01011B1842EB01020B980299A1FBB7
:10DB900000011B1842EB01020A980399A1FB000146
:10DBA0001B1842EB01020499A1FB05011B1842EB73
:10DBB00001020599A1FB07105B181A9342EB0003C1
:10DBC0001B930F9A1D9BA8FB0212C3F3D4035B188F
:10DBD0000E99A6FB010142F100021B1842EB010263
:10DBE0000D99A4FB01011B1842EB01020C9802994C
:10DBF000A1FB00011B1842EB01020B980399A1FB4A
:10DC000000011B1842EB01020A980499A1FB0001D4
:10DC10001B1842EB01020599A1FB05011B1842EB01
:10DC200001020699A1FB07105B18299342EB000340
:10DC30002A93109B1E99A8FB0332C1F314015B18B1
:10DC40000F99A6FB010142F100021B1842EB0102F1
:10DC50000E99A4FB01011B1842EB01020D980299D9
:10DC6000A1FB00011B1842EB01020C980399A1FBD8
:10DC700000011B1842EB01020B980499A1FB000163
:10DC80001B1842EB01020A980599A1FB00011B1821
:10DC900042EB01020699A1FB05011B1842EB0102B0
:10DCA0000799A1FB07105B181C9342EB00031D931F
:10DCB000119A1F9BA8FB0212C3F354135B1810990F
:10DCC000A6FB010142F100021B1842EB01020F9971
:10DCD000A4FB01011B1842EB01020E980299A1FB63
:10DCE00000011B1842EB01020D980399A1FB0001F2
:10DCF0001B1842EB01020C980499A1FB00011B18B0
:10DD000042EB01020B980599A1FB00011B1842EBA5
:10DD100001020A980699A1FB00011B1842EB0102BF
:10DD20000799A1FB05011B1842EB01020899A1FB11
:10DD300007105B182B9342EB00032C93129A209B45
:10DD4000A8FB0212C3F394035B181199A6FB01010F
:10DD500042F100021B1842EB01021099A4FB0101E1
:10DD60001B1842EB01020F980299A1FB00011B183E
:10DD700042EB01020E980399A1FB00011B1842EB34
:10DD800001020D980499A1FB00011B1842EB01024E
:10DD90000C980599A1FB00011B1842EB01020B989E
:10DDA0000699A1FB00011B1842EB01020A98079992
:10DDB000A1FB00011B1842EB01020899A1FB050120
:10DDC0001B1842EB01020999A1FB07105B181E9377
:10DDD000149942EB00034FEADE1E1F934EEA4C6E8D
:10DDE000A8FB092308FB013312EB0E0E43EBDC12F8
:10DDF000129BA6FB03311EEB030342EB01021199B8
:10DE0000A4FB01011B1842EB010210980299A1FB2F
:10DE100000011B1842EB01020F980399A1FB0001BE
:10DE20001B1842EB01020E980499A1FB00011B187C
:10DE300042EB01020D980599A1FB00011B1842EB72
:10DE4000010206990C98DDF84CC0A1FB00011B18DB
:10DE500042EB01020B980799A1FB00011B1842EB52
:10DE600001020A980899A1FB00011B1842EB01026C
:10DE70000999A1FB05011B1842EB0102AAFB07014E
:10DE80001B1807FB0C1141EB020C14992D93A6FBF8
:10DE9000093206FB01221299139EA4FB01011B18F3
:10DEA00042EB010211980299A1FB00011B1842EB01
:10DEB000010210980399A1FB00011B1842EB01021B
:10DEC0000F980499A1FB00011B1842EB01020E9868
:10DED0000599A1FB00011B1842EB01020D98069960
:10DEE000A1FB00011B1842EB01020C980799A1FB52
:10DEF00000011B1842EB01020B980899A1FB0001DD
:10DF00001B1842EB0102DDE90910A1FB00011B18FF
:10DF100042EB0102AAFB050105FB06111B18209329
:10DF200041EB020314992193A4FB093204FB012263
:10DF3000029912980A9DA1FB00011B1842EB0102F5
:10DF400011980399A1FB00011B1842EB01021098E4
:10DF50000499A1FB00011B1842EB01020F980599DF
:10DF6000A1FB00011B1842EB01020E980699A1FBD0
:10DF700000011B1842EB01020D980799A1FB00015B
:10DF80001B1842EB01020C980899A1FB00011B1819
:10DF900042EB01020B980999A1FB00011B1842EB0F
:10DFA00001020A99AAFB010105FB06111B182E9319
:10DFB00041EB02032F93029B14990298A3FB0932B1
:10DFC00000FB012203991298A1FB00011B1842EBF0
:10DFD000010211980499A1FB00011B1842EB0102F8
:10DFE00010980599A1FB00011B1842EB01020F9844
:10DFF0000699A1FB00011B1842EB01020E9807993C
:10E00000A1FB00011B1842EB010208990D980B9D22
:10E01000A1FB00011B1842EB01020C980999A1FB1E
:10E0200000011B1842EB01020B99AAFB010105FB41
:10E0300006111B18029341EB02030A93039B1499E8
:10E0400003980C9DA3FB093200FB0122049912984E
:10E05000A1FB00011B1842EB010211980599A1FBDD
:10E0600000011B1842EB010210980699A1FB000168
:10E070001B1842EB01020F980799A1FB00011B1826
:10E0800042EB01020E980899A1FB00011B1842EB1C
:10E0900001020D980999A1FB00011B1842EB010236
:10E0A0000C99AAFB010105FB06111B18309341EBEB
:10E0B00002033193049B14990498A3FB093200FBDB
:10E0C000012205991298A1FB00011B1842EB0102E5
:10E0D000069911980D9DA1FB00011B1842EB01024E
:10E0E00010980799A1FB00011B1842EB01020F9841
:10E0F0000899A1FB00011B1842EB01020E98099937
:10E10000A1FB00011B1842EB01020D99AAFB0101C2
:10E1100005FB06111B18039341EB02030493059BB7
:10E12000149905980E9DA3FB093200FB0122069964
:10E130001298A1FB00011B1842EB010211980799EC
:10E14000A1FB00011B1842EB010210980899A1FBEA
:10E1500000011B1842EB01020F980999A1FB000175
:10E160001B1842EB01020E99AAFB010105FB0611E7
:10E170001B18329341EB02033393069B14990698C4
:10E18000A3FB093200FB012207991298A1FB0001B1
:10E190001B1842EB0102089911980F9DA1FB000189
:10E1A0001B1842EB010210980999A1FB00011B18F2
:10E1B00042EB01020F99AAFB010105FB06111B1896
:10E1C000059341EB02030693079B149A0798109D51
:10E1D000A3FB091300FB0233089A1298A2FB00026A
:10E1E000091843EB02031198099AA2FB00020918CF
:10E1F00043EB0203109AAAFB0202091805FB062250
:10E2000042EB03033593089B089834911499A3FBC0
:10E21000092300FB013309991298A1FB0001121890
:10E2200043EB0103344611992046119CAAFB0116C9
:10E23000521804FB006646EB0306099B099CA3FBEE
:10E240000901149BDDE9127504FB0311129BAAFB63
:10E250000343001907FB053341EB03033690379363
:10E26000149B16980AFB03F3AAFB097E09FB0533EE
:10E2700003EB0E0122911599239D11F5801140F1B8
:10E2800000004C0D44EAC02464190794249C4FEA12
:10E29000515144EB6059159C4905611A2391169917
:10E2A000259C61EB000116911799189811F58011C2
:10E2B00040F10005480D40EAC5200019269C4FEAB0
:10E2C000515144EB6558179C4905611A17911899EB
:10E2D000279C61EB0501189119991BF5801541F1F7
:10E2E000000A690D41EACA210919289C4FEA5555CF
:10E2F00044EB6A546D050894BBEB05042494199C07
:10E3000064EB0A0419941A9C14F580151B9C4FEABF
:10E31000555B44F1000A299C4BEACA2B1BEB040411
:10E3200009942A9C44EB6A540B946D0D1A9C6D055C
:10E33000641B1A941B9C64EB0A041B941C9C14F52C
:10E3400080151D9C4FEA555A44F1000B2B9C4AEA5C
:10E35000CB2A1AEB04040C942C9C44EB6B540D94C4
:10E360006D0D1C9C6D05641B1C941D9C64EB0B04C3
:10E370001D941E9C14F580151F9C4FEA555A44F1BC
:10E38000000B2D9C4AEACB2A1AEB04040E944FEAA8
:10E3900055551E9C4FEA45554CEB6B5C641B1E9417
:10E3A0001F9C64EB0B041F94209C14F58015219C8A
:10E3B0004FEA555A44F1000B2E9C4AEACB2A1AEB3D
:10E3C00004040F942F9C44EB6B5410946D0D209C0F
:10E3D0006D05641B2094219C64EB0B042194029C2A
:10E3E00014F580150A9C4FEA555A44F1000B309CF5
:10E3F0004AEACB2A1AEB04041194319C44EB6B5487
:10E4000012946D0D029C6D05641B02940A9C64EBD2
:10E410000B042594039C14F58015049C4FEA555A6F
:10E4200044F1000B329C4AEACB2A1AEB04040A940A
:10E43000339C44EB6B5413946D0D039C6D05641B6E
:10E440000394049C64EB0B042694059C14F580153E
:10E45000069C4FEA555A44F1000B349C4AEACB2AF9
:10E460001AEB04040494359C44EB6B5414946D0D26
:10E47000059C6D05641B0594069C64EB0B0412F56A
:10E48000801546F1000B06944FEA555A369C4AEA2D
:10E49000CB2A1AEB040A4FEA5555379C4FEA4555EB
:10E4A00044EB6B54521B159466EB0B06279217F541
:10E4B00080124FEA525B4FEA52524FEA425243EB0C
:10E4C0000E03BF1A229A179C4BEAC32B4FEA635ED6
:10E4D00062EB03032293079B13F5801349F10005B8
:10E4E0005A0D42EAC52212191792189A42EB655248
:10E4F00018925B0D079A5B05D31A289369EB050305
:10E50000299310F5801348F10004249D5A0D42EA26
:10E51000C422521924924FEA5353199A4FEA435393
:10E5200042EB6452C31A19922A93089A68EB0403C7
:10E530002B9311F5801342F100001A9C5A0D42EA08
:10E54000C02212191A924FEA53531B9A4FEA4353AF
:10E5500042EB6052CB1A2C93089B1B9263EB000397
:10E560002D93099B0B9A1C9813F5801342F100011F
:10E570005A0D42EAC12212181C921D9A42EB6152B6
:10E580001D925B0D099A5B05D31A2E930B9B0D9A76
:10E590001E9863EB01032F930C9B13F5801342F13C
:10E5A00000015A0D42EAC12212180B921F9A2098BC
:10E5B00042EB61521E925B0D0C9A5B05D31A0C93D1
:10E5C0000D9B63EB01030D930E9B13F580124CF131
:10E5D0000003510D41EAC32111EB00092199029872
:10E5E00041EB63510891520D0E9952058A1A6CEB5A
:10E5F000030C0F9B099213F58012109B4FEA5251A6
:10E6000043F1000341EAC32109180E9125990398AB
:10E6100041EB63511F91520D0F9952058A1A0F92C7
:10E62000109A62EB03031093119B13F58012129B57
:10E630004FEA525143F1000341EAC32109182091E6
:10E640002699059841EB63512191520D119952057C
:10E650008A1A1192129A62EB030312930A9B139A7D
:10E6600013F5801342F10002590D41EAC221091845
:10E6700002910699279841EB625105915B0D0A9929
:10E680005B05CB1A2593139B63EB02031393049B47
:10E6900013F58011149B4FEA515243F1000342EAF3
:10E6A000C3221218039246EB63520692490D049A54
:10E6B000099E4905521A0492149A62EB0303159AB3
:10E6C00007931AF5801342F100015C0D229A44EA87
:10E6D000C124E4194FEA535342EB61585B05159A84
:10E6E000BAEB030362EB0101D34AABFB0250AF1953
:10E6F00002FB0E00D14E40EB0C000A90DDF820C06A
:10E70000ABFB065015EB090906FB0E0040EB0C0AAB
:10E71000DFF82CC30F9EABFB0C50AD190F95109D6D
:10E720000E9A0CFB0E0040EB05001090C548CBF193
:10E73000000500FB0E5CABFB0060B6181F9A0E963E
:10E74000604440EB0202DFF800C31492119AABFB65
:10E750000C60B2181192129ABC4E0CFB0E0040EBEA
:10E7600002021292209A06FB0E55ABFB0606821897
:10E770000892219ADFF8C8B2354445EB02020992AB
:10E78000AD4A1E9DA4FB026E02FB08EE0B9AB61862
:10E790004EEB050EA94D0F9AA4FB050C05FB08CC0A
:10E7A0000A9DC0194CEB050CA4FB0B7517EB090770
:10E7B0000BFB08550A97A34FDDF840B045EB0A0A5A
:10E7C000654207FB0859CDF82CA0A4FB077ACA4480
:10E7D000DFF87492BF184AEB0B0A4A46A4FB09B94A
:10E7E00002FB08990E9A1BEB020B149A49EB0209E3
:10E7F000CDF83890DFF85492119A09FB0855A4FB24
:10E800000948A2180F92129A8C4C454445EB02021B
:10E810001092894ADDF83480A3FB025902FB01996A
:10E820000C9AAD1849EB08092246A3FB0448A41929
:10E83000834E02FB018848EB0E083246A3FB06E636
:10E840001EEB000E02FB016646EB0C067D480D96A2
:10E850005E4200FB016CCDF830E00A9AA3FB000E8B
:10E86000E644DDF82CC080184EEB0C02DFF8D8C16E
:10E8700011926246A3FB0CEC02FB01CC7246D71945
:10E880004CEB0A0CDFF8C4A1039A0AFB0166A3FB58
:10E890000A3113EB0B0E0E9BCDF828E00E4446EB2D
:10E8A00003030B93644BDDF818E0DFF894B1A2FB8F
:10E8B000036A03FB0EAA1C9BDDF874E05F4AF6189E
:10E8C000039B4AEB0E0ADDF818E0A3FB021302FBE0
:10E8D0000E334D1943EB0909039BA3FB0B130A19D4
:10E8E0000BFB0E3343EB080E039B0E92CDF848E072
:10E8F000039ADDF818E053495B4201FB0E34A2FB9A
:10E9000001180C9ADDF834E08918A0444E4A039CA3
:10E9100048EB0E08DDF818E0A4FB02B402FB0E443D
:10E92000119A1BEB000B44EB020E4848069C039A1D
:10E9300000FB0433A2FB0020D219034443EB0C0775
:10E940000C973D4B049F07980692A7FB037203FBAD
:10E9500000222E9B0498394CFF182F9BDDF81CC019
:10E9600042EB0302A0FB04309B1904FB0C00049E45
:10E97000DFF8CCC00D9340EB0A00DDF81CA00E9B25
:10E98000A6FB0C6475190CFB0A4444EB0909049CB2
:10E990002C4E1195654206FB0A5CCDF85090A146BD
:10E9A000A4FB0646E418129BDFF89CA0664446EBE5
:10E9B0000306079BA9FB0A9C0AFB03CC19EB010386
:10E9C0004CEB0808CDF848802049DDF81C800E93F8
:10E9D00001FB0855DDF81080174BA8FB011C11EB5B
:10E9E0000B08654445EB0E0ECDF810E0DDF808E0AD
:10E9F000CDF80C80DDF81480104DDDF814B0DFF890
:10EA000040C0AEFB031E03FB08EE1A9BDDF86C80D2
:10EA1000C9184EEB080EDDF808800D9BA8FB058990
:10EA200018EB0708029F05FB0B9949EB0209A7FBAE
:10EA30000C27D2180CE000BF132C0A00182D070079
:10EA400067FB090053C6F0FFD11502008390F5FF64
:10EA50000CFB0B77DDF808B0029D059B47EB000728
:10EA6000DF48CBF1000B00FB03B3A5FB00C018444B
:10EA7000119B1CEB030C149B40EB030307935046C4
:10EA8000A5FB0A35DDF814A01B1900FB0A5545EB60
:10EA90000605D44E06FB0ABBDDF808A00E98AAFBBB
:10EAA0000664361812985C4444EB0004029411F595
:10EAB00080144EF1000B4FEA545A4AEACB2A640DF7
:10EAC0001AEB08084FEA445449EB6B59091B0D91A6
:10EAD0006EEB0B010E9112F5801147F100044FEA25
:10EAE000515E0798DDF80CB04EEAC42E490D1EEBBE
:10EAF0000C0C4FEA415140EB6450511A059167EB01
:10EB00000401079113F5801145F100044A0D029F9D
:10EB100042EAC422490D92194FEA415147EB645E23
:10EB2000591A119165EB040112910399069D0C9FEE
:10EB30000F9E11F58013049941F10004590D41EA2B
:10EB4000C4215B0D49194FEA435347EB6457BBEBB4
:10EB5000030BCDF80CB0DDF810B06BEB040BCDF867
:10EB600010B0DDF828B01BF58014DDF82CB04FEAAA
:10EB700054534BF1000543EAC523DDF840B09B191F
:10EB80004BEB655BCDF830B0640DDDF828B0259E09
:10EB90006405BBEB040BCDF828B0DDF82CB06BEBB3
:10EBA000050BCDF82CB0DDF820B01BF58015DDF895
:10EBB00024B04FEA55544BF1000A44EACA24A41980
:10EBC0000294DDF84CB0059C4BEB6A566D0DDDF8F8
:10EBD00020B06D05BBEB050BCDF83CB0DDF824B0E3
:10EBE0006BEB0A0B18F58015CDF824B04FEA555A97
:10EBF00049F1000B4AEACB2A1AEB040ACDF840A0EF
:10EC0000DDF81CA0119C4FEA55554AEB6B5A6D0577
:10EC1000CDF84CA0B8EB050A69EB0B0B1CF5801581
:10EC200040F100094FEA555848EAC92818EB040892
:10EC3000CDF84480DDF84880039C4FEA555548EBF9
:10EC400069586D05CDF84880BCEB0508CDF85080BB
:10EC500060EB090812F580104EF1000C450DCDF85F
:10EC6000548045EACC25DDF810802D194FEA50502C
:10EC700048EB6C584005CDF81880B2EB00080395BE
:10EC8000CDF868806EEB0C0811F5801547F1000097
:10EC90000A9CCDF86C806A0DDDF82C8042EAC02217
:10ECA0006D0D12194FEA455548EB6058491B059107
:10ECB00067EB000108910C990F9CCDF81C8013F5AF
:10ECC000801741F10000790DDDF82480049241EABB
:10ECD000C0217F0D09194FEA475748EB6055DB1BF0
:10ECE0000C9F414A029C67EB00002C9FDDF8389096
:10ECF000A4FB02C81CEB070C2D9F3C4C02FB0688B2
:10ED000048EB0708029FA7FB047E04FB06EE0D9C60
:10ED10003F194EEB090ECDF828E0DDF80890DFF83A
:10ED2000D0E07446A9FB0E9E19EB0A0904FB06EE1F
:10ED3000029CDFF8ACA0CDF82C904EEB0B0ECDF87A
:10ED400030E0C4F1000E0AFB06E9A4FB0AABD9448B
:10ED5000DDF840B01AEB0B0BDDF84CA049EB0A09CB
:10ED6000CDF83490DDF808A0DFF888904C46AAFB77
:10ED700009A904FB0699149C1AEB040A159C49EB9B
:10ED80000409184C04FB06EE2646029CA4FB06462A
:10ED9000B644119EA419129E02944EEB06060996E3
:10EDA000A1FB026402FB0544249AB618199A44EBAD
:10EDB00002020E4C0E922246A1FB044E14EB0C04F0
:10EDC00002FB05EE4EEB080EDFF82480CDF83CE0A8
:10EDD000A1FB08EC1EEB070710970A9F0CE000BF91
:10EDE00053C6F0FF8390F5FF132C0A00182D07007F
:10EDF00067FB0900D1150200DFF850E308FB05CCE2
:10EE00004CEB07070A974F420EFB057CA1FB0EE86F
:10EE1000C444DDF82C801EEB0808DDF830E04CEB34
:10EE20000E0EDFF82CC3CDF82CE06246A1FB0CECF3
:10EE30001EEB0B0BDDF834E002FB05CC4CEB0E0CAB
:10EE4000CDF830C0DFF80CC3C34A0CFB0577A1FB3B
:10EE50000C152F4411EB0A050D9547EB0905A3FB93
:10EE6000027C02FB00CC2A9ABC4911952B9DDFF84D
:10EE7000F092DFF8D8A2BF184CEB050CA3FB015EA3
:10EE8000AD190E9E01FB00EE4EEB060EA3FB0961D1
:10EE900032190E920F9A09FB001141EB02025C42FB
:10EEA0000AFB00460F92A3FB0A19109AB1440A9E6E
:10EEB000891849EB0602A64E10923246A3FB06A61D
:10EEC0001AEB0808DFF88CA2914602FB00660B9A49
:10EED0000AFB0044A3FB0A3046EB020613EB0B03CC
:10EEE0000A930C9B9C4ADFF874B2044444EB03037E
:10EEF0000B93049BA3FB024A079B02FB03AA179BED
:10EF0000079AE418189B4AEB030A049BA3FB0B30F7
:10EF10000BFB0200DB1940EB0C07049A9048834678
:10EF2000A2FB00C0079A1CEB05050BFB02000C9529
:10EF3000049A40EB0E0512958448079DC2F1000C1F
:10EF400000FB05CEA2FB00050E9A80180F9A7544AF
:10EF500045EB0205CE464A46DDF81090A9FB0EEBC4
:10EF6000DDF81C9002FB09BB109A1EEB010E4BEB67
:10EF700002097849DDF81CB0049A01FB0BCCA2FB16
:10EF800001218C4412EB08014CEB0606724A0E96E6
:10EF9000059E0791A6FB02C1089EDFF8C081DDF83F
:10EFA00020B002FB0611289E299A1CEB060C059E38
:10EFB00041EB0201A6FB082608FB0B66121946EB83
:10EFC0000A04059EDFF898A10F92A6FB0A860AFBA9
:10EFD0000B6618EB0303109346EB07031393059B93
:10EFE000059E0C9A5F42594B03FB0B78A6FB033638
:10EFF0009B18129ADFF858B10C934644DDF8148040
:10F0000046EB0206089AA8FB0BA80BFB02881AEB3A
:10F01000000248EB050514954E48089D129200FB2E
:10F020000577059D4C4AA5FB00052F4410EB0E0506
:10F03000049547EB09050595039D484FA5FB02097B
:10F04000069D02FB0599239A169D801849EB050938
:10F05000039DDDF818E0DDF818800F9AA5FB07A5E1
:10F060001AEB0C0A07FB0E55DFF8F4C0DDF80CE0D4
:10F0700045EB0105AEFB0C1E0CFB08EEDDF80C8029
:10F0800089184EEB040EC8F1000C304CDDF81880E6
:10F0900004FB08C2DDF80C805B46A8FB0484DDF8A5
:10F0A00040B01444139A18EB0B0844EB0204039A83
:10F0B0009B46A2FB0327069B0BFB03770C9BD218F6
:10F0C00047EB0607069B234E06FB03CC039BA3FBE3
:10F0D00006636344DDF848C016EB0C0C149E43EB4A
:10F0E000060310F58016039349F1000B730D43EAF4
:10F0F000CB23760D13EB0A034FEA465645EB6B55CF
:10F10000B0EB060A69EB0B0911F580104EF1000611
:10F11000CDF820904FEA505949EAC629400D19EB25
:10F1200008084FEA405044EB6654B1EB00096EEB1F
:10F13000060E12F5801147F100004E0DCDF83CE0AF
:10F1400046EAC026DDF80CE00CE000BF53C6F0FF35
:10F15000D11502008390F5FF132C0A00182D07002B
:10F1600067FB0900CDF83090490D16EB0C064FEA0D
:10F1700041514EEB6059B2EB010ECDF840E067EB28
:10F18000000ECDF848E0DDF810E0079FCDF818A09C
:10F190001EF58012DDF814E04FEA52504EF10001E6
:10F1A00040EAC120DDF838E0C0194EEB615A520D3B
:10F1B000DDF810E003905205BEEB020ECDF81CE026
:10F1C000DDF814E06EEB010ECDF814E0DDF828E078
:10F1D0000D981EF58012DDF82CE04FEA52514EF1E9
:10F1E000000741EAC721DDF844E009184EEB675EED
:10F1F000CDF810E0520DDDF828E01A985205BEEB6C
:10F20000020ECDF828E0DDF82CE06EEB070ECDF80D
:10F210002CE0DDF808E01EF58017DDF824E04FEA69
:10F2200057524EF1000C42EACC221218DDF86CE085
:10F2300002984FEA57574FEA47574EEB6C5EC01B98
:10F240000290099860EB0C0013F5801745F1000B54
:10F2500009904FEA575C0C984CEACB2C1CEB000051
:10F260000C904FEA57570F984FEA475740EB6B50B7
:10F27000DB1B65EB0B0B0E9318F5801344F10007B5
:10F280000D905D0D109845EAC7252818129D0F9026
:10F290004FEA535345EB67555B051095B8EB0305F3
:10F2A000119564EB070516F58013079812954FEA40
:10F2B000535449F10005DDF8148044EAC5242018B0
:10F2C0004FEA535348EB65585B05CDF81480B6EB15
:10F2D00003080790CDF84C80039B0A98DDF82C803A
:10F2E00069EB050513F5801314954FEA53544AF161
:10F2F000000544EAC524201815904FEA535303989B
:10F3000048EB65585B05CDF82C80B0EB03086AEB41
:10F3100005051695049DCDF80C8011F5801345F177
:10F320000004580D029D40EAC4204019099D029036
:10F330004FEA535345EB64555B051795CD1A189565
:10F34000049D65EB040512F580114FEA51534FEA15
:10F3500051514FEA41514EF100000495551AE44ACB
:10F36000E449199543EAC0234FEA6058A3FB0267BA
:10F3700002FB0877069AE04C6EEB0005B618089A77
:10F38000DE481A9547EB02070E9DDDF834E0A3FB3B
:10F3900001C201FB08220C991CEB050CA3FB0059D0
:10F3A00042EB0B0200FB08996D18C3F1000A04FB45
:10F3B00008A149EB0E09A3FB044E8E441199DFF816
:10F3C00040B30692641812990F9A4EEB010EA3FBFC
:10F3D0000B018018109A0BFB081141EB0201C94A7E
:10F3E00002FB08AAA3FB02835344DDF84CA0149A45
:10F3F00018EB0A084FEA565A43EB02034AEAC72AB7
:10F40000069A1AEB0C0AC6F314060A9642EB6752E8
:10F410004FEA5A5646EAC226761949EB6252750DF2
:10F4200045EAC2252D194EEB62526C0D44EAC22406
:10F430002018C5F3140541EB62510995450D45EAC5
:10F44000C12515EB080543EB6152C0F3140C079B73
:10F45000CDF820C06C0DDDF814C044EAC224E418D5
:10F460004CEB6252039B600DC5F3140B40EAC220C3
:10F47000169DC01845EB6252159BC4F31405410D4F
:10F48000079541EAC2210B9DC91845EB6252189BB2
:10F49000C0F31405480D069540EAC220049DC0182B
:10F4A00045EB6252029BC1F31405410D059541EAFB
:10F4B000C221179DC91845EB62524B0DC0F31405CC
:10F4C0001998049543EAC2231A9D1B1845EB625212
:10F4D000C1F314050395580DC3F31405844B02952D
:10F4E00040EAC220A0FB034C521503FB02CC0A9B4E
:10F4F000E418804BCAF31407A0FB03E14CF1000CA5
:10F5000003FB02111EEB070E41F100030A937B4B34
:10F510000999A0FB037903FB0299774B4542C6F397
:10F520001406BF1903FB025AA0FB033649F1000978
:10F530005B1873494AEB060AA0FB016801FB0288CD
:10F54000089976186F4901FB0255A0FB010248F1AA
:10F55000000810EB0B0045EB0205620D0A9942EA28
:10F56000CC2212EB0E0241EB6C514FEA525C4CEA9A
:10F57000C12C1CEB070C49EB61514FEA5C5747EA81
:10F58000C127FF184AEB61517B0D43EAC1239B1948
:10F5900048EB61515E0D46EAC126361845EB6151D4
:10F5A000700D079DDDF81480DDF81090DDF80CA0DB
:10F5B00040EAC12040194FEA615141F10001450D77
:10F5C0004FEA615E45EAC12506996D184EF10001CA
:10F5D0004FEA555E4EEAC12E1EEB08084FEA615114
:10F5E00041F100014FEA585E4EEAC12E1EEB0909B7
:10F5F0004FEA615141F100014FEA595E4EEAC12ED6
:10F600001EEB0A0A4FEA6151C9F3140E41F10001E1
:10F610004FEA5A5949EAC129029919EB010901999E
:10F62000C4F314040C70DDF804B0C2F31402210A10
:10F630008BF80110510141EA14418BF80210D108F6
:10F64000CCF3140C8BF80310D10A8BF804104FEA9A
:10F650008C0141EAD242C7F314078BF805204FEA28
:10F660009C128BF80620FA0142EA9C328BF80720A4
:10F670007A08C3F314038BF808207A0A8BF8092060
:10F680001A0142EA57428BF80A201A09C6F31406F7
:10F690008BF80B201A0B8BF80C20B21942EA13538B
:10F6A000C0F314008BF80D30F3098BF80E30830192
:10F6B00043EAD6338BF80F308308C5F314058BF873
:10F6C0001030830A8BF81130EB0043EA9043C8F303
:10F6D00014088BF812306B098BF813304FEA18239B
:10F6E0008BF816304FEA4E1343EA18430CE000BF84
:10F6F000132C0A00182D070053C6F0FF67FB090002
:10F70000D11502008390F5FF8BF817304FEADE0326
:10F71000CAF3140A8BF818304FEADE238BF819303D
:10F720004FEA8A0343EADE438BF81A304FEA9A1312
:10F730008BF81B304FEAC91E4FEA59036D0B4EEA96
:10F740009A3E8BF81D304FEA59234FEA59498BF8FE
:10F7500014508BF815808BF81CE08BF81E308BF85A
:10F760001F9039B0BDE8F08FB0F85431B0F8502197
:10F77000981A00F03F007047B0F85431B0F85021AB
:10F780009BB293421ABFD0F84831985C4FF0FF30DB
:10F79000704790F85231B0F85601C0B2834227BF8B
:10F7A000C3F13F03C018C01A00F1FF30704707B51E
:10F7B00003688DF807105B6801220DF10701984777
:10F7C00003B05DF804FB13B50DF107010446E7F73C
:10F7D00035FD90B9B4F8C030B4F8BC20013303F063
:10F7E0003F03934209D0B4F8C020D4F8B4109DF878
:10F7F000070092B28854A4F8C03002B010BD0000D7
:10F80000B0F8C220D0F8C41011FA82F202F03F0220
:10F8100010B5A0F8C220B0F8C210B0F8BE2089B26E
:10F820008A421BD0B0F8C240B0F8C210A4B2403235
:10F83000121B544289B204F03F0402F03F02C1F1AE
:10F84000400158BF62428A4228BF0A46C0F8C4201D
:10F850000349E7F72FFD4FF0FF3010BD0020FCE714
:10F8600001F8010803682DE9F0479B6804468846C3
:10F870001646984701232374D4F83831B4F85291CE
:10F8800001338246C9F1400904F1940708D194F884
:10F890005D312BB1002384F85D313846E7F72CFD4C
:10F8A000236820469B6898470028F9D035464D4587
:10F8B00023D8554521D8B4F85221D4F84C01531916
:10F8C000402B10442FD82A46414603F06AFCA94633
:10F8D000B4F852311D4405F03F05A4F852513846A2
:10F8E000E7F79AFC30B91749C4F858914A463846A8
:10F8F000E7F7E0FC3046BDE8F087D145236828BF34
:10F90000D1464A4641465B682046984723682046D0
:10F910009B689847A5EB0905C844B4F85291824604
:10F92000C9F14009C3E7C2F140094A46414603F024
:10F9300038FCD4F84C01A5EB090208EB090103F0EF
:10F9400030FCC5E701F80108C0F83C31009BC0F865
:10F950004031914208BF4FF0FF3100F11403C0E97C
:10F960004D21C0F8483100F154020023A0F8543171
:10F97000C0E95323A0F8563170470000F7B54FF4A3
:10F980007A7317460022C0E901231C4B03604FF035
:10F99000FF33C0F838311A4B1A4E04469C42706946
:10F9A0000D4605D1B369C4F83831C4F834010AE012
:10F9B0001549E7F7CBFA854215D1B369C4F8383158
:10F9C0007369C4F83431012F4FF0FF3308BFC4F816
:10F9D000383100932046D4E94D214FF0FF33FFF733
:10F9E000B3FF03B0F0BD09492846E7F7C0FA06495E
:10F9F000C4F838012846E7F7BAFAD6E79CDC0208D3
:10FA0000447B00207443020814410208C0400208ED
:10FA1000037C70B504460D46A3B1E1F73FFD0646F1
:10FA2000B4F85221B4F856319BB29A420AD0002D54
:10FA3000F8D0E1F733FD801B8542F1D8B4F8563198
:10FA4000A4F8523170BD0021FFF7E2BFD0F8383181
:10FA5000013310B504460ED10368DB68984794F86B
:10FA60005D3143B9012384F85D3104F19400BDE8B0
:10FA70001040E7F751BC10BD7FB502F00703023B11
:10FA8000DBB2042B0446C0F8601180F85E219CBFF5
:10FA90001B48C05C02F0300388BF0020302B24D10B
:10FAA00001304FF4C0630738022825D8E67C03965E
:10FAB000A67C0296C2F3C0025203667C0092114AF1
:10FAC000019604F1940552F820202846E7F728FD16
:10FAD00084F85C0188B12046FFF7B8FF0A49284640
:10FAE00004B0BDE87040E7F7C5BB12F020031CBFAF
:10FAF00001304FF48063D6E7FEE704B070BD00BF6D
:10FB00008CDC020880DC0208C7F7010810B5044647
:10FB1000FFF79CFFB4F85421B4F8503192B29A42E6
:10FB20001FBFD4F84821D05C013303F03F0314BF5A
:10FB3000A4F850314FF0FF3010BD000002490348D7
:10FB40000022FFF71BBF00BF00380140447B0020AC
:10FB500070B505460C46084649B1E1F799FB2B689C
:10FB60000246214628465B68BDE87040184770BDD4
:10FB700008B5FFF7EDFF08BD03681B6818470000D4
:10FB800008B50249FFF7E4FF08BD00BFC0DC02086A
:10FB900038B50546FFF7DCFF04462846FFF7F0FFBF
:10FBA000204438BDFFF7F4BF70B50D46144630B1A0
:10FBB000461E012E05D811462846E7F7CDFE204601
:10FBC00070BD03685B689847F9E70EB403B503AAF4
:10FBD00052F8041B019203F017F902B05DF804EB30
:10FBE00003B0704730B58BB00023012A0C468DF866
:10FBF000243098BF0A2209A92546B4FBF2F404FB7D
:10FC0000125303F0FF03092B94BF30333733DBB2B9
:10FC1000AA4201F8013DEFD9FFF79AFF0BB030BDC2
:10FC20002DE9F04107460E4614462AB90368BDE89F
:10FC3000F0411B68C9B218470A2A05D1002905DB23
:10FC4000BDE8F041FFF7CEBFD2B2F9E72D21FFF7B3
:10FC500093FF2246054671423846FFF7C3FF28440A
:10FC6000BDE8F08138B50546FFF7DAFF04462846BF
:10FC7000FFF786FF204438BD10B5044600F0D4FBE2
:10FC8000E060236820465B699847002808DA00F0A6
:10FC9000CBFBE368C01AA3689842F2D34FF0FF3061
:10FCA00010BDF8B507460D468E180C46B44201D17A
:10FCB000601BF8BD3846FFF7DFFF031EF8DB04F8D2
:10FCC000013BF3E72DE9F0410746884616461D46FD
:10FCD00073B100243846FFF7CFFF031E05DB434511
:10FCE00003D033550134A542F4D12046BDE8F0815C
:10FCF0001C46FAE7114803681A0912F00C0F10B5F8
:10FD000019D10F4902F00F0251F822209AB141682F
:10FD10000C4C03F00F03002954F823300CD0C4BF5F
:10FD200001F1FF314160516901EA030023EA010357
:10FD300043EA0043936110BD9362FCE7B4010020E5
:10FD4000080000209C4402082DE9FF41364D1A2886
:10FD50002B680E4614461FD8344A52F8207043B917
:10FD6000B420E6F7DEFB32498046E6F741FBC5F8F2
:10FD70000080781C1DD02F4B1A68511C01D0BA424C
:10FD800017D1B6F5803F14D20EBB286888B104B0F5
:10FD9000BDE8F041E6F7DEB800F0C002C02A0BD0A3
:10FDA0003BB9B420E6F7BDFB21490446E6F720FB4A
:10FDB0002C6004B0BDE8F081C728F1D81E4A00F0DD
:10FDC0003F0052F82010194A52F82170C7E7760018
:10FDD0001F6034B374434FF47A72B4FBF2F4012120
:10FDE00038465C60E7F70CF8286802223146E6F7EF
:10FDF0009DFA00230193114B0093114B0393286844
:10FE0000104B02936946E6F73BFB029B1BB1694628
:10FE1000032208469847286804B0BDE8F041E6F799
:10FE200086B94FF0FF34DAE7A87C0020744302085B
:10FE300000440140B401002054430208F5FC0108CD
:10FE4000E96A0008C96A00081A2838B523D81B4B8C
:10FE500053F820305A1C1DD0194D2A689A4219D1E6
:10FE6000184C2068B0B129B3E6F786FA2868431C1D
:10FE700005D00021E6F7C4FF4FF0FF332B60256863
:10FE800035B12846E6F7BAF9B4212846E6F74DFB26
:10FE90000023236038BD00F0C003C02BFAD1C7286F
:10FEA000F8D8094B00F03F0053F82020034B53F8DB
:10FEB0002230CFE7BDE83840E6F74CB8744302087B
:10FEC000B4010020A87C002054430208C3B21A2BBE
:10FED00016D8144A52F8233000F4E06003431A099C
:10FEE00012F00C0F1DD1104902F00F0251F8220040
:10FEF000B8B103F00F030121994089B2E6F7FCBDC8
:10FF000000F0C002C02A0CD1C72B0AD8074B00F062
:10FF10003F0200F4E06053F82220024B53F82230F5
:10FF2000DCE77047744302080800002054430208CD
:10FF300030B5C3B21A2B85B01CD81B4C54F82340E3
:10FF400000F4E0600443022A28D0032A29D0002AC2
:10FF50000CBF4FF404154FF488156846E6F75DFAB8
:10FF60002A4669462046E6F741FE6846E5F7E9FF7E
:10FF700005B030BD00F0C004C02C0CD1C72B0AD88E
:10FF80000A4B00F03F0400F4E06053F82440064BB5
:10FF900053F82440D6E74FF0FF34D4E74FF444152C
:10FFA000DBE74FF40415D8E7744302085443020812
:10FFB00008B102F0B5BC704710B5044628B102F094
:10FFC000DDFC90FBF4F303FB1404204610BD8842D3
:10FFD00010B5044603DA081AFFF7EEFF0444204682
:10FFE00010BD704708B50320E1F7AAFEBDE8084040
:10FFF00000F03ABA08B5AFF30080EBF715FCEBF769
:020000040802F0
:100000008DFB00F023FAFAE70309024613F00C0017
:1000100010B50DD1074BD1B253F8044B8C4203D12C
:1000200002F4E062104310BD01301B28F4D1FAE75E
:100030001B20F8E77443020810F0F80F10B50246D1
:1000400018D11A48D1B250F8211002F4E0630B43E2
:10005000C9B21A2919D903F0C004C02C01D1C7298B
:100060001CD9A2F1C803022B94BF02F639704FF0DD
:10007000FF3012E000F0C003C02BF2D1C3B2C72B97
:10008000EFD80A4802F03F01DDE7094850F82100A7
:1000900003F4E0631843431CE3D010BD03F03F01B9
:1000A00050F82100024951F82000F1E754430208BA
:1000B000744302080D488546E6F77AFF0C480D495F
:1000C0000D4A002302E0D458C4500433C4188C42B3
:1000D000F9D30A4A0A4C002301E013600432A24219
:1000E000FBD303F02FF8FFF785FFFEE700000120A8
:1000F000000000203C0200201CDF0208400200201B
:10010000887E0020FEE791420FD008D9891A01238A
:100110008B40984208D30130C8400138704720B165
:100120000130521A9040F8E700207047431E1F2B01
:100130000ED80C280DDC06280DDD08280DDD0A2858
:10014000CCBF0C230A23064A1060064A136070478E
:10015000FEE70C23F7E70623F5E70823F3E700BFE4
:10016000C0010020BC01002010B5FFF765FF431C53
:100170000AD0064C2168E6F79DFA054B21681A68FB
:10018000BDE81040FFF7BFBF002010BDBC0100203C
:10019000C0010020C3B21A2B2DE9F0410D462AD828
:1001A0002C4A52F8233000F4E0641C43621C4ED009
:1001B000294EC4F3031704F00F0856F8273023FA2A
:1001C00008F3DB0710D525492046E6F70AFE18B3E9
:1001D0002046E6F71FFA56F82730012202FA08F205
:1001E00023EA020346F82730052D1FD8DFE805F083
:1001F0001F2B2527292D00F0C002C02A27D1C72B8D
:1002000025D8174B00F03F0200F4E06453F8222099
:10021000104B53F82230C8E712492046E6F7E1FDBB
:100220000028D8D02046E6F741FBD4E7FEE70021BE
:100230002046BDE8F041E6F7E3BD1021F8E72021B4
:10024000F6E70321F4E70121F2E70921F0E7BDE831
:10025000F08100BF74430208AC7C0020D042020849
:10026000544302085C410208C3B21A2B1BD8174A38
:1002700052F8233000F4E0601843431C25D00309F2
:1002800013F00C0F04BF124A03F00F0300F00F002D
:1002900008BF52F823300F4A18BF002352F820201D
:1002A00091B19A61704700F0C002C02A0DD1C72BEE
:1002B0000BD8094B00F03F0200F4E06053F8222015
:1002C000024B53F82230D7E79A6270477443020812
:1002D000080000209C44020854430208C3B21A2BB1
:1002E0001BD8194A52F8233000F4E0601843431C2D
:1002F00024D0030913F00C0F22D103F00F03134A8B
:1003000000F00F0052F82320114B126953F82030EF
:1003100093430CBF01200020704700F0C002C02AA8
:100320000CD1C72B0AD80B4B00F03F0200F4E06061
:1003300053F82220044B53F82230D7E700207047AF
:1003400000231B69FFDE00BF744302080800002081
:100350009C440208544302082DE9F843C3B21A2B07
:100360000C46154610D82D4A52F8233000F4E060B0
:100370001843000903F00F03012610F00C0F06FAD2
:1003800003F612D0002715E000F0C002C02A2BD1DE
:10039000C72B29D8224B00F03F0200F4E06053F84D
:1003A00022201E4B53F82230E2E71E4B00F00F00D4
:1003B00053F82070002C18BF344600F037F8804600
:1003C0003B693340A34212D03B693340A34217D16B
:1003D00000F02CF881463B693340A34217D000F06F
:1003E00025F8A0EB090009E04FF40046CAE700F049
:1003F0001DF8A0EB0800A842E2D90020BDE8F88370
:1004000000F014F8A0EB0800A842DDD9F5E700F0F1
:100410000DF8A0EB0800A842DDD9EEE7744302080E
:100420005443020808000020E6F792BAE6F76CBAD7
:1004300038B5044648B1E6F78BFA0546FFF7D1FD1B
:10044000E6F786FA431BA342F8D338BD08B5044B40
:100450002BB10448FFF788F908B1AFF3008008BD5D
:1004600000000000447B0020E6F71CBB430803F0BB
:100470005533C01A830803F0333300F03330184487
:1004800000EB101000F00F3000EB002000EB0040FC
:10049000000E70472DE9F047089D0C46002B4ED109
:1004A00094468C458646B2FA82F262D94AB1C2F1CC
:1004B0002003914020FA03F30CFA02FC194300FADE
:1004C00002FE4FEA1C471FFA8CF6B1FBF7F44FEA25
:1004D0001E4307FB141143EA014304FB06F1994252
:1004E0000AD91CEB030304F1FF3080F0128199421A
:1004F00040F20F81023C6344591A1FFA8EF3B1FB9C
:10050000F7F007FB101143EA014300FB06F69E4299
:100510000AD91CEB030300F1FF3180F0FC809E42FE
:1005200040F2F980634402389B1B40EA04400021FA
:100530001DB1D3400022C5E90032BDE8F0878B42EF
:1005400005D90DB1C5E9000100210846F5E7B3FA68
:1005500083F1002946D1A34202D39042C0F0F0803B
:10056000861A64EB03030120002DE6D0C5E9006381
:10057000E3E7002A40F09080A1EB0C044FEA1C480E
:100580001FFA8CF70121B4FBF8F64FEA1E4308FB73
:10059000164443EA044307FB06F0984208D91CEBD3
:1005A000030306F1FF3402D2984200F2CD802646C2
:1005B0001C1A1FFA8EF3B4FBF8F008FB104443EA50
:1005C000044300FB07F79F4208D91CEB030300F12B
:1005D000FF3402D29F4200F2B0802046DB1B40EA8B
:1005E0000640A5E7C1F120068B4022FA06F71F431B
:1005F00020FA06FC04FA01F343EA0C03F44000FA83
:1006000001F8380C4FEA1349B4FBF0FE1FFA87FCDF
:1006100000FB1E4449EA04440EFB0CF9A14502FA12
:1006200001F20AD93C190EF1FF3A80F08480A1450D
:1006300040F28180AEF1020E3C44A4EB09041FFAA3
:1006400083F9B4FBF0F300FB134449EA044403FBD1
:100650000CFCA44507D93C1903F1FF3067D2A4452F
:1006600065D9023B3C4443EA0E40A0FB0293A4EB55
:100670000C049C42CE469C4651D34ED055B1B8EBAB
:100680000E0364EB0C0404FA06F6CB401E43CC4088
:10069000C5E90064002150E7C2F1200320FA03F10C
:1006A0000CFA02FC24FA03F394400C434FEA1C4872
:1006B00000FA02FE1FFA8CF7B3FBF8F008FB1031CA
:1006C000230C43EA014300FB07F1994208D91CEBD4
:1006D000030300F1FF362CD299422AD90238634431
:1006E0005B1AA4B2B3FBF8F108FB113344EA0344EC
:1006F00001FB07F3A34208D91CEB040401F1FF3608
:1007000013D2A34211D902396444E41A41EA0041E8
:1007100039E70446F0E6084606E7C845AED2B9EB2D
:10072000020E63EB070C0138A8E73146EDE70346FC
:1007300099E73046D4E7D6467FE7634402384DE771
:100740000646234608460FE7023E634430E700BFF3
:1007500008B502F01BF800002DE9F0411C46464B9D
:1007600083670D46012300211646A0F87C3080F8EF
:100770007E106822DDF81880074602F0A8FBF3B26D
:100780001A2B28D83D4A52F8233006F4E0661E435F
:10079000EBB21A2BBE6632D8384A52F8233005F431
:1007A000E0651D43E3B21A2BFD663CD8334A52F88C
:1007B000233004F4E0641C435FFA88F21A2A3C6791
:1007C00045D82E4951F8222008F4E06313437B6793
:1007D0003846BDE8F08106F0C002C02A0CD1C72B14
:1007E0000AD8274B06F03F0206F4E06653F82220B1
:1007F000224B53F82230CAE74FF0FF36C8E705F026
:10080000C002C02A0CD1C72B0AD81D4B05F03F02ED
:1008100005F4E06553F82220184B53F82230C0E766
:100820004FF0FF35BEE704F0C002C02A0CD1C72B41
:100830000AD8134B04F03F0204F4E06453F822207A
:100840000E4B53F82230B6E74FF0FF34B4E708F010
:10085000C003C02B0CD1C72A0AD8094B08F03F02AD
:1008600053F82210054A08F4E06352F82120ADE75E
:100870004FF0FF33ABE700BF00093D0074430208AF
:100880005443020837B501230D460022074980F87A
:100890005D20816780F87C3080F87D2080F87E5074
:1008A000009500F07DF803B030BD00BF00093D00A9
:1008B0001FB502AB83E80600816F029A914204469D
:1008C00005D1C26F03994A4032F07F4210D09A8816
:1008D00002989B79A067A4F87C2084F87E3000936E
:1008E00094F87C3094F87D20A16F204600F058F8F1
:1008F00004B010BD704700F093B907B5002A8DF819
:1009000007100DF107014FF001030CBF0A4600224A
:1009100000F0C8F99DF8070003B05DF804FB000083
:1009200007B51B230093C222C123C5210248FFF74C
:1009300013FF03B05DF804FBBC7C002030B591FAD6
:10094000A1F391FAA1F1B3FA83F3C4685B00032524
:10095000B1FA81F105FA03F3490024EA03038A405E
:100960001A43C26030BD0000094A0346106873B1E3
:10097000084A934201D1E3F7BFBB074A934201D132
:10098000E3F7AABB054A934201D1E3F793BB704753
:1009900040000020003001400038004000000158B5
:1009A0002DE9F04F0E4685B015461F460446002837
:1009B00038D0626E914BC06E9A4236D09049E6F7BD
:1009C000C5FA90498146A06EE6F7C0FA8E49834683
:1009D000206FE6F7BBFA8D498046606FE6F7B6FAFE
:1009E0008246B9F1000F1DD0BBF1000F1AD0B8F14B
:1009F000000F17D059464846E6F7CFFA51468146D0
:100A00004046E6F7CAFA014680464846E6F7C5FA88
:100A10006066B9F1000F05D0B8F1000F02D00028D0
:100A200040F0A68005B0BDE8F08F0130FAD1A36E8A
:100A30000133F7D1236F0133F4D1636F0133F1D167
:100A40004FF40073A3619DF83830606E2060002B76
:100A500014BF00234FF482736360FFF785FFB6EB8A
:100A6000500F80F08C80B6EB900F80F08A80B6EB50
:100A7000D00F80F08880B6EB101F80F08680B6EB38
:100A8000501F80F08480B6EB901F80F08280B6EB20
:100A9000D01F2CBF30233823E361002D7BD0022DE3
:100AA0007BD0013D18BF01256D000123C4E904532B
:100AB0000723E3624FF4E0632268E360B7FA87F745
:100AC0004E4B7F090026FF019A42C4E90876A660D2
:100AD000A66266632CD04A49E06EE6F71FFA4949E0
:100AE000A06EE6F71BFA206F4749E6F717FA23696D
:100AF000B342236F4FEA131114BF0122022211F0F7
:100B00000C0F04BF424801F00F0103F00F0308BFB0
:100B100050F821003F4918BF3046022A51F82310EF
:100B200018BF0122FFF70AFF3849606FE6F7F6F9B0
:100B30002368394A934232D14FF0B0431A6E42F4DF
:100B400080521A661A6E02F480520192019A1A6C4F
:100B500042F480521A641A6C22F480521A642046BD
:100B6000E3F75BFD2268136843F04003136059E725
:100B7000636F01333FF464AF4FF4802362E70023D7
:100B80008AE7082388E7102386E7182384E72023D1
:100B900082E7282380E72B4688E7002386E71F4A61
:100BA000934213D14FF0B0439A6D42F480429A655C
:100BB0009A6D02F480420292029A9A6B42F4804249
:100BC0009A639A6B22F480429A63C8E70B4A934275
:100BD000C5D14FF0B0435A6E42F001025A665A6EC8
:100BE00002F001020392039A5A6C42F001025A6425
:100BF0005A6C22F001025A64B1E700BF00000158AC
:100C00005440020824400208DC3F0208A03F0208CA
:100C1000080000209C4402080030014000380040D9
:100C200010B5044698B1E3F766FD23681A4A93426B
:100C30000ED14FF0B0431A6C42F480521A641A6C11
:100C400022F480521A641A6E22F480521A6610BD81
:100C5000124A93420ED14FF0B0439A6B42F4804255
:100C60009A639A6B22F480429A639A6D22F48042CE
:100C70009A65ECE70A4A9342E9D14FF0B0435A6CC7
:100C800042F001025A645A6C22F001025A645A6E10
:100C900022F001025A66DAE70030014000380040D5
:100CA000000001582DE9F0410D4616461C4633B3AD
:100CB0000768E0F7F3FB8046BB689907FCD5D5B120
:100CC00015F8013B3B73BB68DA07FCD53B7B0EB1E3
:100CD00006F8013BE0F7E2FBA0EB0800B0F57A7FF5
:100CE00004F1FF3409D2002CE6D12046BB681B0674
:100CF000FCD4BDE8F081FF23E4E70120F6E7022001
:100D0000F7E700002DE9F84314461D468046894662
:100D100000F04EF9224606460F462B46204629464D
:100D2000DFF764FE78B90022002340464946DFF72A
:100D30002BFED8B10022002320462946DFF724FEEF
:100D400028B1264F002630463946BDE8F8832046B4
:100D5000294600F099F80028F5D0204629460022BF
:100D60000023DFF71BFE0028EDD02CE0304639468B
:100D700000F08AF8A0B10022002330463946DFF7A0
:100D800003FE0028DFD04046494600F07DF80028E9
:100D9000D9D02046294600F077F80028D3D012E0B9
:100DA0004046494600F070F80028E4D02046294625
:100DB00000F06AF80028DED032463B46304639461D
:100DC000DFF714FE20B902F0B7F922230360BAE777
:100DD00002F0B2F921230360B5E700BF0000F03F45
:100DE00070B50C46064600F08FFE214605462046AB
:100DF000E0F77EF958B900213046E0F747F9A0B195
:100E000000212046E0F742F918B14FF07E55284600
:100E100070BD204600F03EF80028F8D000212046A2
:100E2000E0F73EF90028F2D023E0284600F032F83F
:100E300080B100212846E0F729F90028E7D03046A4
:100E400000F028F80028E2D0204600F023F800281F
:100E5000DDD00EE0304600F01DF80028E9D0204635
:100E600000F018F80028E4D029462846E0F740F9B9
:100E700020B902F061F922230360C8E702F05CF9AF
:100E800021230360C3E700BF41F0004000F580105C
:100E9000C00F704720F00040B0F1FF4FACBF002002
:100EA000012070472DE9F041C0F3C7557F3D162D55
:100EB000044620F0004724DC002D804614DB184F48
:100EC0002F4138421AD01749DFF744FE0021E0F7DE
:100ED00005F998B1002C03DD4FF400032B41984431
:100EE00028EA0700BDE8F0810E49DFF733FE002154
:100EF000E0F7F4F810B1002C0EDB57B92046BDE83E
:100F0000F081B7F1FF4FF9D30146DFF723FEBDE8CB
:100F1000F0814FF07E50F2E74FF00040EFE700BF66
:100F2000FFFF7F00CAF249712DE9F041C0F3C755B8
:100F30007F3D162D044620F0004725DC002D80461D
:100F400014DB184F2F4138421BD01749DFF702FE40
:100F50000021E0F7C3F8A0B1002C03DA4FF400033E
:100F60002B41984428EA0700BDE8F0810E49DFF7DD
:100F7000F1FD0021E0F7B2F818B1002C0CDB0020E5
:100F800000E02046BDE8F081B7F1FF4FF9D30146FC
:100F9000DFF7E0FDBDE8F08117B94FF00040F1E761
:100FA0000248EFE7FFFF7F00CAF24971000080BFEF
:100FB0002DE9F04F23F00047044657EA020093B0B2
:100FC00092469B460D4610D12319824985F4002292
:100FD00052419842914121D252465B4620462946D1
:100FE000DFF7B4F813B0BDE8F08F98467A4B0E46A1
:100FF00021F0004199420091A14614D906F14046E2
:1010000006F5801656EA0906E6D15346DB18714903
:101010008BF4002252419E429141DDD36F49002062
:1010200013B0BDE8F08F14D09F42E7D8009B00F0CA
:10103000B780002E15DB002A40F0A48067498F425C
:1010400040F0CA83B8F1000FC0F2BF8420462946A1
:10105000C8E7002CC0D18F42BED800F0F283009BBD
:10106000E7E75F498F4200F2C6835E498F420DD9A0
:101070003915A1F2FF31142940F38E84C1F13401F6
:1010800022FA01F000FA01F1914236D0002A45D14E
:10109000B8F1804F3BD0029220462946049300F0DD
:1010A0002FFD049BB9F1000F43D0DDF808C0F20F0B
:1010B000013A52EA0C0C00F08A80029C013C224367
:1010C00014BF464D484D0024B7F1844FCDE9064585
:1010D00040F28E80454B009A9F42424B40F2E8839B
:1010E0009A4200F29484B8F1000FC0F29484002078
:1010F00013B0BDE8F04F01F059B900F00100C0F1A4
:1011000002010291002A3FD1B8F1804FC4D122469A
:101110002B4620462946DFF7CFF963E720462946CC
:10112000029300F0EDFC029BB9F1000F4FD1CDF816
:1011300008902A4A26F0404C944502D0009A002A92
:10114000B3D1B8F1000F05DA02460B46002023495F
:10115000DFF7DCFA002EBFF645AF009B03F1404AF3
:10116000029B0AF5801A5AEA030A40F036840246C6
:101170000B4610461946DEF7E7FF02460B46DFF73F
:10118000C5FA2FE70022029220462946049300F078
:10119000B7FC049BB9F1000FCBD0F20F013A8CE7FA
:1011A000002A7FF42BAF009B03F1404303F580132B
:1011B00023433FF433AF0B4B009A9A4240F2DF8354
:1011C000B8F1000FC0F24984504659460AE722465A
:1011D0002B46CEE70000F0FF0000F07F0000F03F5C
:1011E000FFFF3F43FFFFEF3F0000F0BF0000F04371
:1011F000D74A3240002A40F02883D64B0022DFF73E
:101200005BF96FF034040B461A15A2F2FF32151980
:10121000D14A0B95C3F3130343F07F54934244F434
:10122000401407DDCD4A934240F3E08301350B952E
:10123000A4F5801400220023CDE90823CDE9102372
:10124000C74B0022CDE904230025DDE90423214614
:101250008046DEF779FFA146DDE9042306460F4606
:1012600040462146CDE90C89DEF770FF02460B4669
:101270000020BB49DFF74AFA0A460146CDE90E12C3
:101280001346394602463046DFF716F90A4601464C
:101290004FF0000CCDE902121146CDE900016410B7
:1012A000CDF800C0DDE9008944F0005404F50023C6
:1012B0000020591904460D4602460B464046494651
:1012C000DFF7FAF802460B4630463946DEF73CFFB8
:1012D000DDE9042306460F4620462946DEF734FFA3
:1012E00002460B46DDE90C01DEF72EFF42464B4677
:1012F000DFF7E2F802460B4630463946DEF724FFB8
:10130000DDE90E23DFF7D8F8DDE90245CDE9040178
:1013100022462B4620462946DFF7CEF87AA3D3E9AA
:10132000002304460D46DFF7C7F879A3D3E900236D
:10133000DEF70CFF22462B46DFF7BEF876A3D3E993
:101340000023DEF703FF22462B46DFF7B5F874A330
:10135000D3E90023DEF7FAFE22462B46DFF7ACF88E
:1013600071A3D3E90023DEF7F1FE22462B46DFF717
:10137000A3F86FA3D3E90023DEF7E8FE2246064672
:101380000F462B4620462946DFF796F802460B46C5
:1013900030463946DFF790F8424604460D464B4644
:1013A000DDE90201DEF7D2FEDDE90423DFF784F890
:1013B00022462B46DEF7CAFE424604460D464B4601
:1013C00040464946DFF778F8664B002206460F464E
:1013D000DEF7BCFE22462B46CDE90C45DEF7B6FE15
:1013E00000240D4622462B4640464946DFF764F866
:1013F0005C4B80468946002220462946DEF7A4FE43
:1014000032463B46DEF7A0FE02460B46DDE90C0104
:10141000DEF79AFEDDE90223DFF74EF822460646A4
:101420000F462B46DDE90401DFF746F802460B467E
:1014300030463946DEF78AFE06460F4602460B4620
:1014400040464946DEF782FE00243BA3D3E9002351
:1014500020460D46DFF730F842464B468046894627
:1014600020462946DEF770FE02460B4630463946D6
:10147000DEF76AFE32A3D3E90023DFF71DF832A3BB
:10148000D3E9002306460F4620462946DFF714F825
:1014900002460B4630463946DEF758FEDDE910239A
:1014A000DEF754FE06460B980F46DEF79BFF3246EA
:1014B00004460D463B4640464946CDE90289DEF7E3
:1014C00045FEDDE90823DEF741FE22462B46DEF726
:1014D0003DFE002022462B4680468946DEF734FE3C
:1014E000DDE90823DEF730FEDDE90223DEF72CFE1E
:1014F00002460B4630463946DEF726FECDE90201AC
:1015000032E000BFAFF30080EF4E454A287ECA3F6D
:1015100065DBC9934A86CD3F01411DA96074D13F67
:101520004D268F515555D53FFFAB6FDBB66DDB3F79
:10153000033333333333E33F000000E009C7EE3FAA
:10154000FD033ADC09C7EE3FF5015B14E02F3EBE18
:101550000000F07F000040438E98030079B60B0036
:101560000000F03F000008400023CDE900AB0093ED
:10157000DDE90067594632463B465046DEF7E4FD5A
:1015800042464B46DEF798FF5B4604460D46524600
:10159000DDE90201DEF790FF02460B4620462946B0
:1015A000DEF7D4FD324604460D463B4640464946EA
:1015B000DEF782FF0B46024606460F4620462946C6
:1015C000DEF7C4FDB44B9942A046A94604460D4639
:1015D0008B4640F3168101F13F4303F5E0030343DB
:1015E00040F01F829AA3D3E9002340464946DEF724
:1015F000ADFD3246CDE900013B4620462946DEF7E7
:10160000A3FD02460B46DDE90001DFF7E5F90028FE
:1016100040F007824FF400735B44C3F30A529F4CBF
:10162000A2F2FF32C3F31301144141F48011C2F15D
:10163000140241FA02FA002004EA0301BBF1000F90
:1016400002460B4630463946B8BFCAF1000ADEF7FB
:101650007BFD02460B4606460F4640464946DEF7EE
:1016600075FD4FEA0A5B0D4600247BA3D3E90023F6
:1016700020462946DEF720FF3246CDE900013B46F1
:1016800020462946DEF760FD02460B4640464946A5
:10169000DEF75AFD72A3D3E90023DEF70DFF72A334
:1016A000D3E9002306460F4620462946DEF704FF0D
:1016B00002460B4630463946DEF748FDDDE9008933
:1016C00006460F4602460B4640464946DEF73EFDBB
:1016D00042464B4604460D46DEF736FD02460B46B3
:1016E00030463946DEF730FD2246804689462B4695
:1016F00020462946DEF7E0FE5DA3D3E90023064637
:101700000F46DEF7D9FE5CA3D3E90023DEF71CFD0C
:1017100032463B46DEF7D0FE59A3D3E90023DEF77D
:1017200015FD32463B46DEF7C7FE57A3D3E900233B
:10173000DEF70AFD32463B46DEF7BEFE54A3D3E990
:101740000023DEF703FD32463B46DEF7B5FE0246D8
:101750000B4620462946DEF7F7FC06460F460246B2
:101760000B4620462946DEF7A7FE0022CDE9000100
:101770004FF0804330463946DEF7E6FC02460B4622
:10178000DDE90001DEF7C2FF424606460F464B4642
:1017900020462946DEF790FE42464B46DEF7D6FC51
:1017A00002460B4630463946DEF7CEFC22462B4633
:1017B000DEF7CAFC02460B4600203949DEF7C4FCBE
:1017C0000C465C44B4F5801FC0F235812146DDE94A
:1017D0000623DEF771FE05E4B8F1804F3FF497ACC5
:1017E000304988457FF457AC2046294613B0BDE800
:1017F000F04F00F065BE002A00F033810222029211
:10180000C2E4DFF8A4C021F00043634540F2D58074
:10181000264B0B4403430AD132463B46DEF794FC89
:1018200042464B46DFF7CEF800283FF4F3AEDDE941
:10183000060100220023DFF7B1F8003818BF0120AD
:1018400056E4002A7FF4C8ABB5E40024DCE400BF12
:10185000FE822B654715973C00000000432EE63FB3
:10186000EF39FAFE422EE63F396CA80C615C20BECF
:10187000D0A4BE726937663EF16BD2C541BDBB3E96
:101880002CDE25AF6A56113F93BDBE166CC1663F74
:101890003E5555555555C53FFFFF8F400000F0FFA1
:1018A0000000F03F0000E03FFFCB904000346F3F6E
:1018B0009A42C0F0C480009A8D4B9A424FF00002C9
:1018C00000F2D7808A4BDEF73FFC7DA3D3E90023EB
:1018D00004460D46DEF7F0FD7BA3D3E90023064660
:1018E0000F4620462946DEF7E7FD824B80468946B3
:1018F000002220462946DEF7DFFD02460B4674A192
:10190000D1E90001DEF720FC22462B46DEF7D4FDAC
:1019100002460B4600207849DEF716FC2246CDE948
:1019200000012B4620462946DEF7C6FD02460B463F
:10193000DDE90001DEF7C0FD67A3D3E90023DEF790
:10194000BBFD02460B4640464946DEF7FDFB02461C
:101950000B4604460D4630463946DEF7F7FB0020BD
:1019600032463B4680468946DEF7EEFB02460B4692
:1019700020462946DEF7E8FBCDE90201F4E5B8F19F
:10198000000F4FF000004FF00001BFF62BAB5046A8
:101990000BF10041FFF726BB002A7FF4BFABC1F17A
:1019A000140147FA01F000FA01F1B9426ED0504932
:1019B0008F423FF447ABFFF76BBB4F4A934274D85B
:1019C000DDE90023934692464EE622462B464849DF
:1019D0000020DEF79BFEFFF705BB029B012B7FF487
:1019E00001AB01F100431946FFF7FCBA3CA3D3E970
:1019F0000023CDE908233CA3D3E90023CDE910233C
:101A00003E4B0022CDE904234FF480251DE4B8F1BC
:101A1000000F7FF76CAB002013B0BDE8F04F00F073
:101A2000CBBCDDE9060100220023DEF7B7FF00385A
:101A300018BF0120F0E7524600F026FCC7E6DDE9BA
:101A4000060100220023DEF7A9FF003818BF01209D
:101A5000B8F1000FBFF64CABDEE700200021FFF726
:101A6000C1BAB8F1804F3FF452AB02220292FFF7A5
:101A700013BBDDE906010023DEF790FF003818BF35
:101A80000120B8F1000FC7DCFFF732BB184A9742BC
:101A90003FF4D8AAB8F1804F3FF439AB00F0010011
:101AA000C0F102020292FFF7F7BA1B15A3F2FE3350
:101AB0004FF4801242FA03F3AEE500BFAFF30080AB
:101AC000000000604715F73F44DF5DF80BAE543E61
:101AD000555555555555D53FFE822B654715F73F52
:101AE0000000004003B8E23F06D0CF43EBFD4C3E80
:101AF0000000F03F0000D03F0000E03F0000F83F52
:101B000021F00043194670472DE9F04F31F0004AAB
:101B100087B00C46804681460DD180F480094FEA9B
:101B2000490919F5000F18D921464046DFF712F888
:101B300007B0BDE8F08F20F0004BBBF1FF4F0D4622
:101B400002D8BAF1FF4F0DD9B9F17E5FECD185F41F
:101B500080056D0015F5000FE6D84FF07E5007B0F8
:101B6000BDE8F08F00285F46C0F23081BAF1FF4F28
:101B700000F04081BAF17E5F00F07E81B1F1804FCC
:101B800000F0AA810026B5F17C5F40F05381B9F1E5
:101B9000000F404680F2A58100F072FBBBF1FF4FC1
:101BA00000F05D81BBF1000F00F05981BBF17E5F59
:101BB00000F04A814FEAD973013B56EA03020093D1
:101BC00000F09481BAF19A4F40F29881B04B9B4556
:101BD00040F2E482AF4B9B4500F2EC824FF07E5125
:101BE000DEF7B6FFAC498046DFF7BCF8AB4981466B
:101BF0004046DFF7B7F84FF07A5182464046DFF7AC
:101C0000B1F80146A648DEF7A3FF4146DFF7AAF880
:101C100001464FF07C50DEF79BFF4146834640462D
:101C2000DFF7A0F801465846DFF79CF89D49DFF73B
:101C300099F801465046DEF78BFF0146804648463C
:101C4000DEF788FF20F47F6B2BF00F0B49465846D8
:101C5000DEF77EFF01464046DEF77AFF25F47F6718
:101C6000009B013E27F00F071E4380463946204661
:101C70000CBF8D4E4FF07E56DEF76AFF5946DFF7F8
:101C800071F8214605464046DFF76CF801462846C4
:101C9000DEF760FF394605465846DFF763F8014630
:101CA00004462846DEF756FF0028074680460146D0
:101CB00020F0004240F33D82B2F1864F00F2CA822A
:101CC00000F0AA82B2F17C5F00F2CC824FF00008F3
:101CD000474621F47F6A2AF00F0A74495046DFF71D
:101CE00041F8214681465046DEF732FF014628463C
:101CF000DEF72EFF6E49DFF735F86E490446504691
:101D0000DFF730F801462046DEF724FF044601469F
:101D10004846DEF71FFF49460546DEF719FF014634
:101D20002046DEF715FF294681462846DFF71AF8D8
:101D300061490446DFF716F86049DEF709FF2146DE
:101D4000DFF710F85E49DEF705FF2146DFF70AF8F6
:101D50005C49DEF7FDFE2146DFF704F85A49DEF75D
:101D6000F9FE2146DEF7FEFF01462846DEF7F0FECB
:101D7000044601462846DEF7F5FF4FF080418246D3
:101D80002046DEF7E5FE01465046DFF79FF849465C
:101D900004462846DEF7E6FF4946DEF7DBFE01464D
:101DA0002046DEF7D5FE2946DEF7D2FE01464FF08B
:101DB0007E50DEF7CDFE03464344B3F5000FC0F27C
:101DC000F58118463146DEF7CDFFB1E6BAF1974FFF
:101DD00019D2BAF17E5F1BD2B1F1804F7CD0B1F144
:101DE0007C5F26D100F04CFABBF1FF4F3FF4A0AE70
:101DF0000026D7E6BBF17E5F3FF4AFAE42D9002D9F
:101E00003EDB204694E6BAF1FF4FF3D00226BAE655
:101E10004FEAEA52C2F196024AFA02F101FA02F2DC
:101E2000524500F07381BAF17E5F25D0B4F1804F46
:101E300052D00026404600F023FABBF1FF4F03D0FA
:101E4000BBF1000F7FF4B2AE002D04DA01464FF073
:101E50007E50DFF73BF8B9F1000FBFF669AEABF18A
:101E60007E5B5BEA060B40F05E810146DEF770FEAA
:101E70000146DFF72BF85BE6002D27DB404657E6EF
:101E8000002055E6002DFBDA04F1004050E600BFCB
:101E9000F3FF7F3F0700803F00AAB83F70A5EC36F4
:101EA000ABAAAA3E3BAAB83F000080BF0072313FF8
:101EB0001872313F8CBEBF354CBB31330EEADD3575
:101EC00055B38A38610B363BABAA2A3E41464FF0E8
:101ED0007E50DEF7FBFF2BE641464046DEF742FF31
:101EE00026E607B0BDE8F04F00F0D8BB41464046BB
:101EF000DEF72EFE0146DEF7E9FF19E619F0FF4F87
:101F000040F04A814FF09741DEF72CFF6FF0170148
:101F10000746FA157F3A0A44AF490192C7F3160300
:101F20008B4243F07E5707DDAC498B4240F34A8138
:101F300001320192A7F50007002305934FF07E5B65
:101F400004934FF0000859463846DEF701FE594623
:101F500081463846DEF7FEFD01464FF07E50DEF743
:101F6000B5FF014603904846DEF7FCFE7A1042F0CA
:101F7000005202F58022424420F47F6828F00F08C6
:101F80001146BA46074640460292DEF7EBFE01468E
:101F90004846DEF7DDFD029A814659461046DEF7D7
:101FA000D7FD01465046DEF7D3FD4146DEF7DAFEA7
:101FB00001464846DEF7CCFD039B1946DEF7D2FE0C
:101FC000394683463846DEF7CDFE85498146DEF741
:101FD000C9FE8449DEF7BEFD4946DEF7C3FE8249ED
:101FE000DEF7B8FD4946DEF7BDFE8049DEF7B2FDFB
:101FF0004946DEF7B7FE7E49DEF7ACFD4946DEF71F
:10200000B1FE7C49DEF7A6FD494682464846DEF72A
:10201000A9FE01465046DEF7A5FE414681463846F8
:10202000DEF798FD5946DEF79DFE4946DEF792FD44
:10203000414682464046DEF795FE6F490290DEF744
:1020400089FD5146DEF786FD20F47F6929F00F09EE
:1020500049464046DEF786FE674980464846DEF739
:1020600077FD0299DEF774FD01465046DEF770FDFC
:102070003946DEF777FE494682465846DEF772FE5D
:1020800001465046DEF766FD834601464046DEF7D0
:1020900061FD20F47F6A2AF00F0A58495046DEF7A6
:1020A00061FE414681465046DEF752FD01465846E4
:1020B000DEF74EFD5249DEF755FE52498046504646
:1020C000DEF750FE01464046DEF744FD0499DEF798
:1020D00041FD80460198DEF7F1FD414682464846C3
:1020E000DEF738FD059F3946DEF734FD5146DEF751
:1020F00031FD20F47F6B2BF00F0B51465846DEF775
:1021000027FD3946DEF724FD4946A1E5BAF17E5F99
:102110003FF4B2AEB4F1804F3FF4DEAE01F0010106
:10212000C1F1020686E6012E7FF402AD00F1004007
:10213000FEE4354B9A4200F297807FF4C3AD21460E
:10214000DEF706FD2946DEF7BFFF002840F08C8051
:1021500086227E3A4FF40003134143442B49C3F3D4
:10216000C7527F3AC3F31607114147F40007C2F183
:1021700017021741B8F1000F01EA0301B8BF7F420F
:102180002046DEF7E5FC014604462846DEF7E2FC81
:102190004FEAC75801469CE50021BAE6002D0BDB4B
:1021A000002007B0BDE8F04F00F082B9394600F0DA
:1021B00009F907E6002DF3DD002007B0BDE8F04F78
:1021C00000F07AB9124B0593124B04934FF07F5BEA
:1021D0004FF40018B7E600BF71C41C00D6B35D0011
:1021E00042F1533E55326C3E05A38B3EABAAAA3E4C
:1021F000B76DDB3E9A99193F000040400038763FAA
:102200004F38763FA0C39D3600001643000080FF84
:1022100000C0153FDCCFD13517492846DEF79AFCC0
:10222000214681463846DEF793FC01464846DEF7F4
:1022300055FF78B907F50043DA1510497F3A114187
:102240001940C3F31603C2F1170243F4000343FA23
:1022500002F795E700213046DEF722FF003818BF6D
:102260000120AAE7D21574E700213046DEF718FFF7
:10227000003818BF012094E73CAA3833000080FFE3
:1022800020F00040704700BF70B51646C1F30A52F7
:1022900004460D460B465ABB21F00043034326D0AB
:1022A0002D4B0022DEF708F92C4B9E4204460D46CA
:1022B00043DBC1F30A520B46363A4CF250318E42A0
:1022C0001EDC164440F2FE72964219DC002E23DC1E
:1022D00016F1350F28DB23F0FF4323F4E0033636F5
:1022E00043EA065120461E4B0022DEF7E5F870BD9A
:1022F00040F2FF7C6245E0D10246DDF727FF70BD6A
:1023000011A3D3E90023ED0F1C4665F3DF742146CA
:102310001448DEF7D1F870BD23F0FF4323F4E00347
:10232000204643EA065170BD05F0004343F0D271E8
:1023300041F4B7310C4841F01F0105A3D3E9002354
:10234000DEF7BAF870BD00BF9C7500883CE4377EAC
:1023500059F3F8C21F6EA50100005043B03CFFFFC7
:102360000000903C9C75008859F3F8C2D0B5064631
:102370000F46144600F0E0FE0346394630461C6026
:10238000D0BD00BF10B5044682B0104619460CB14E
:1023900003F10043CDE90023DDE90023DEF78CF8EB
:1023A000222202B0BDE81040FFF7E0BF00224FF04C
:1023B0008053FFF7E7BF00BF00224FF0E043FFF775
:1023C000E1BF00BF10B50C4630F0004103461DD000
:1023D000B1F1FF4F1BD210F0FF4F02461BD14FF05F
:1023E0009841DEF7BFFC204A944203462CDBC0F341
:1023F000C75102464CF250308442A1F1190110DD60
:102400001A49184661F31E00DEF7ACFC10BD014608
:10241000DEF7A0FB10BD4CF2503084424FEAD151A0
:10242000EEDC2144FE29EBDC002911DC11F1160F52
:1024300013DB01F1190022F0FF424FF04C5142EA48
:10244000C050DEF78FFC10BD0949DEF78BFC10BDD4
:1024500022F0FF4242EAC15010BD0549184661F31F
:102460001E00DEF77FFC10BDB03CFFFFCAF24971D1
:102470006042A20D38B505460C4600F05DFE0346ED
:1024800028461C6038BD00BF08B540B101F10040CE
:10249000DEF768FCBDE808402221FFF7EBBF0846E5
:1024A000DEF760FCBDE808402221FFF7E3BF00BF74
:1024B0004FF08051FFF7E8BF4FF0E041FFF7E4BF76
:1024C0002DE9F84F724F8F4304460D4600F0B2805D
:1024D00000290B460646024655DD081500F09B8094
:1024E000C3F31303C107A0F2FF3743F4801303D4EF
:1024F000D10F01EB430352005B00002603EBD273C4
:102500007F1052001624B4464FF400110CEB01006A
:10251000984203DC1B1A01EB000C0E445B00013CEB
:1025200003EBD2734FEA51014FEA4202EED1A046CB
:1025300020254FF000400AE039D0590001EBD2715C
:10254000013D0B464FEA42024FEA50003BD09C450A
:1025500008EB000EF0DABEF1000F0EEB00080CDB0A
:10256000E146A3EB0C01964588BF01F1FF3149001C
:10257000CC46A2EB0E020444E0E7B8F1000FEFDB1B
:102580000CF10109EDE721F0004707433DD0002998
:1025900073D1D10A153B52050029FAD0CD02184655
:1025A00016460B4637D520244FF0FF313EE09645C6
:1025B00002D94FEA4C01C1E7BEF1000F0EEB000853
:1025C00025DB0021D5E7114312D0DFF8C8A0DFF8E2
:1025D000C8B0DAE90001DBE90023DDF7B5FDDAE98F
:1025E000008902460B4640464946DEF7E1F958BBF2
:1025F0006508731003F17F53F20703F5001348BF1A
:1026000045F0004503EB07512846BDE8F88FB8F1C7
:10261000000FB5DAD5E700225B00DC02114602F1BB
:102620000102F9D5C2F1200406FA02F2E640401A8E
:10263000334355E702460B46DDF73EFF22462B4665
:10264000DDF784FDBDE8F88FB4F1FF3FDAE9000162
:10265000DBE9002318D0DDF779FDDAE900890246CD
:102660000B4640464946DEF799F978B1A11C04F1C2
:10267000020508BF01366D08BBE7DDF765FD0246C0
:102680000B46DEF743F8C0E70136B2E70134AFE7A7
:102690000000F07FD0010020C801002020F000429F
:1026A000B2F1FF4F2DE9F041044654D2002A50D038
:1026B0000028034657DB14F0FF4F4FEAE05009D1E2
:1026C00014F400025BD15B001C02114602F101020E
:1026D000F9D5401AC3F3160242F40002C307A0F171
:1026E0007F0558BF520000246D1052004FF0190EA4
:1026F00021464FF0807C01EB0C039342DDBF03EBDE
:102700000C016444D31A1346BEF1010E4FEA430292
:102710004FEA5C0CEFD1BBB11A4E1B4F30683968E1
:10272000D6F80080DEF714FA01464046DEF7C2FC18
:1027300050B1306839683668DEF70CFA0146304629
:10274000DEF7AEFCB8B10234601000F17C5000EB53
:10275000C550BDE8F0810146DEF704FB2146DEF7F7
:10276000F9F9BDE8F0810146DEF7F2F90146DEF73E
:10277000ADFBBDE8F081013424F00104E4E74FF043
:10278000FF31A6E7DC010020D801002008B50620B3
:1027900000F060FC0120E5F76BF90A22002100F04F
:1027A000DFB90000024B0146186800F02DB800BFE9
:1027B000EC010020024B0146186800F01FBD00BF6D
:1027C000EC01002070B50F4E0C463168054611B97A
:1027D00000F090FC30602146284600F08BFC431C42
:1027E00003D14FF0FF34204670BDC41C24F0030415
:1027F000A042F8D0211A284600F07CFC0130F2D12A
:10280000EFE700BF3C7D00202DE9F843CD1C25F00B
:10281000030508350C2D38BF0C25002D064601DBBD
:10282000A94204D90C2333600020BDE8F883DFF807
:10283000D48000F069F8D8F800301C4644BB294623
:102840003046FFF7BFFF431C044658D1D8F800407C
:102850002746002F43D1002C4BD023683946304601
:1028600004EB030900F046FC814542D121686D1A52
:1028700029463046FFF7A6FF01303AD023682B44A3
:102880002360D8F800305A6862BBC8F800700FE0C7
:102890002268521B20D40B2A17D96119A342256044
:1028A00018BF5960636808BFC8F8001062514B60D8
:1028B000304600F02FF804F10B00231D20F0070034
:1028C000C21A1CBF1B1AA350AFE76268A3420CBF19
:1028D000C8F800205A60EBE723466468AEE73C4640
:1028E0007F68B6E71A465B68A342FBD100235360BA
:1028F000DEE70C233360304600F00CF894E7056007
:10290000D6E700BF407D0020014800F040BC00BF7A
:10291000847E0020014800F03BBC00BF847E002084
:1029200038B5104B1D682B6B0446B3B91820FFF760
:1029300039FF0246286320B90B4B0C48462100F0B2
:102940003FFC0B490B4BC0E900130B4B83600B237F
:10295000838100210120C2E904012B6B00221C614C
:102960005A6138BDEC010020C3DC0208DADC020841
:102970000E33CDAB34126DE6ECDE0500164B10B510
:102980001C68236BB3B91820FFF70CFF02462063C5
:1029900020B9124B1248522100F012FC1149124B7F
:1029A000C0E90013114B83600B23838100210120B8
:1029B000C2E90401216B0E480B694C690D4A58436A
:1029C00002FB0400A3FB0232013340EB0200C1E929
:1029D000043020F0004010BDEC010020C3DC0208F0
:1029E000DADC02080E33CDAB34126DE6ECDE050006
:1029F0002DF451582D7F954C024B0A46014618681C
:102A000000F002B8EC0100202DE9F04180461546A7
:102A10000C4621B9BDE8F0411146FFF7F5BE2AB9D1
:102A200000F0ECFB00242046BDE8F08100F030FC13
:102A30008542064602D8B5EB500FF4D829464046E9
:102A4000FFF7E2FE07460028ECD0B5422A462146B1
:102A500028BF324600F0A5FB2146404600F0CEFBE1
:102A60003C46E0E7242B2DE9F0478646904601D806
:102A7000012B06D100F060FB162303600020BDE8A7
:102A8000F08736480D462A4615F8014B065D16F0CC
:102A90000806F8D12D2C24D12C780126951C2BBBAF
:102AA000302C30D00A2306F1004C0CF1FF3C002200
:102AB000BCFBF3F9104603FB19CAA4F13007092F38
:102AC00028D83C46A34234DD571C07D081452DD37E
:102AD00001D1A2452ADB00FB0340012215F8014B7E
:102AE000EBE72B2C04BF2C78951CD8E7102BDAD100
:102AF000302CD8D12A7802F0DF02582AD3D16C7852
:102B000010230235CFE72B7803F0DF03582BF6D0E4
:102B10000823C8E7A4F14107192F01D8373CD1E7B2
:102B2000A4F16107192F04D8573CCBE74FF0FF32CF
:102B3000D4E7531C08D12223CEF800306046B8F108
:102B4000000F9CD0691E06E006B14042B8F1000FAC
:102B500095D0002AF6D1C8F8001090E750DD0208A1
:102B600013460A46014602480068FFF77BBF00BFD4
:102B7000EC010020002310B50446C0E90033C0E991
:102B80000433836081814366C281836119460822D0
:102B90005C3000F09CF90D4B63620D4BA3620D4B52
:102BA000E3620D4B23630D4B24629C4206D003F17C
:102BB0006802944202D0D0339C4205D104F15800FF
:102BC000BDE8104000F0E2BA10BD00BF392D020888
:102BD0005B2D0208932D0208B72D0208447D0020CA
:102BE000024A0349034800F069B800BFE001002031
:102BF00085390208F001002041680C4B994210B55C
:102C0000044601D000F0BEFEA168094B994202D0F3
:102C1000204600F0B7FEE168064B994204D02046FA
:102C2000BDE8104000F0AEBE10BD00BF447D0020E6
:102C3000AC7D0020147E002010B50B4B0B4C0C4AD1
:102C40001A60204600220421FFF794FF04F1680077
:102C500001220921FFF78EFF04F1D0000222BDE816
:102C600010401221FFF786BF7C7E0020447D0020AB
:102C7000E12B0208014800F08ABA00BF857E0020DF
:102C8000014800F085BA00BF857E002010B50446DB
:102C9000FFF7F0FF236A1BB1BDE81040FFF7F0BF5C
:102CA000044B2362044B1B68002BF5D1FFF7C4FFD4
:102CB000F2E700BFF92B02087C7E00202DE9F843E3
:102CC0000746884614460026D4E90195B9F1010962
:102CD00005D52468002CF7D13046BDE8F883AB89D0
:102CE000012B07D9B5F90E30013303D029463846F8
:102CF000C04706436835E9E70EB400B59CB01DAB8C
:102D0000029006906FF0004109480791049109492B
:102D100053F8042B05910068019302A900F01CFBF5
:102D2000029B00221A701CB05DF804EB03B07047E0
:102D3000EC0100200802FFFF10B50C46B1F90E109F
:102D400000F0B2F90028ABBF636DA3891B1823F410
:102D50008053ACBF6365A38110BD2DE9F0411F46D0
:102D60008B89DB0505460C46164605D5B1F90E10D4
:102D70000223002200F086F9A389B4F90E1023F48F
:102D80008053A38132463B462846BDE8F04100F01F
:102D9000C1B910B50C46B1F90E1000F073F9431C1F
:102DA000A38915BF606523F4805343F48053A38146
:102DB00018BFA38110BDB1F90E1000F053B9F0B5E2
:102DC000ADF5057D0E4604AF4FF4007103910093FD
:102DD0003946134603AA054600F020F8044680B1A0
:102DE0000246039B3146284600F094F9BC4203900A
:102DF00003D02146284600F001FA03980DF5057D21
:102E0000F0BD4FF0FF30F9E713460A46014602488D
:102E10000068FFF7D4BF00BFEC01002030B51546B5
:102E20009BB02C681A46D9B1002C19D04FF4C1635D
:102E300000910491ADF80C30214619DB4FF6FF7379
:102E400002910591ADF80E3069461E9B00F084FAA0
:102E500000280FDB009B286000221A7004980AE00B
:102E600000214FF42273ADF80C3000910491E5E796
:102E70008B23036000201BB030BD10B50139024424
:102E8000904201D1002005E0037811F8014FA342E0
:102E900001D0181B10BD0130F2E7884210B501EBDC
:102EA000020402D98442234607D8431EA14208D017
:102EB00011F8012B03F8012FF8E7024401468A427A
:102EC00000D110BD13F8014D02F8014DF7E702449F
:102ED0000346934200D1704703F8011BF9E710B590
:102EE0000246147813460132002CFAD1013B11F846
:102EF000012B03F8012F002AF9D110BDC9B20346F6
:102F0000184613F8012B12B18A42F9D170470029F3
:102F100018BF0020704770B503461E4613F8014BDA
:102F200044B14A1E01E0A54204D012F8015F002D11
:102F3000F9D1F2E7301A70BD024B0146186800F073
:102F400003B800BFEC01002070B5044608460D46EA
:102F5000DEF79EF9461C31462046FFF755FC044635
:102F600018B13246294600F01CF9204670BD10B554
:102F70006AB10139841810F8012B11F8013F9A4207
:102F800003D1A04201D0002AF5D1D01A10BD1046BD
:102F9000FCE710B50139034632B111F8014F03F8CF
:102FA000014B013A002CF7D11A440021934200D181
:102FB00010BD03F8011BF9E738B511F0FF04034613
:102FC0000ED12146BDE83840FFF798BF431C0546A7
:102FD00021461846FFF792FF0028F7D1284638BD52
:102FE0000025F5E770B503461E4613F8014B3CB1CA
:102FF0004A1E01E0A542F7D012F8015F002DF9D179
:10300000301A70BD1F2938B505460C4604D9162361
:1030100003604FF0FF3038BDC26B12B152F821305F
:103020004BB9284600F064F8224601462846BDE820
:10303000384000F04BB8012B0AD0591C03D116239D
:1030400003600120E7E7002142F82410204698475A
:103050000020E0E7024B01461868FFF7D3BF00BF2E
:10306000EC01002038B5064D0023044608462B60CD
:10307000E4F7F0FC431C02D12B6803B1236038BD98
:10308000807E002038B5074D0446084611460022D0
:103090002A601A46E4F7E8FC431C02D12B6803B10E
:1030A000236038BD807E002038B5074D04460846B1
:1030B000114600222A601A46E4F7D8FC431C02D1CC
:1030C0002B6803B1236038BD807E002038B5074DE2
:1030D00000230446084611462B60E4F7CBFC431C52
:1030E00002D12B6803B1236038BD00BF807E002071
:1030F000E4F7C8BC38B5064D0023044608462B60EB
:10310000E4F78AFC431C02D12B6803B1236038BD6D
:10311000807E002038B5074D04460846114600223F
:103120002A601A46FCF740FD431C02D12B6803B10C
:10313000236038BD807E0020014B1868704700BFB7
:10314000EC01002070B50D4D0D4C641BA410002641
:10315000A64209D10B4D0C4C00F0A6FE641BA41036
:103160000026A64205D170BD55F8043B98470136AC
:10317000EEE755F8043B98470136F2E7C8DE02084F
:10318000C8DE0208C8DE020800DF02087047704788
:103190007047034611F8012B03F8012B002AF9D1DF
:1031A00070470A44914200F1FF3300D1704710B5D7
:1031B00011F8014B03F8014F9142F9D110BD000005
:1031C0001FB514461A46094B1B680546D86854B902
:1031D000074B1C46CDE9013400912B46054900F010
:1031E000F9FBFFF7D3FA044BF4E700BFEC01002032
:1031F000E75502085DDE020850DE020838B50546D4
:10320000002941D051F8043C0C1F002BB8BFE41832
:10321000FFF77AFB1D4A136833B9636014602846D0
:10322000BDE83840FFF776BBA34208D920682118D3
:103230008B4201BF19685B6809182160EDE71A46E7
:103240005B680BB1A342FAD911685018A0420BD1A8
:1032500020680144501883421160E0D118685B680F
:10326000536008441060DAE702D90C232B60D6E7DC
:10327000206821188B4204BF19685B68636004BF33
:10328000091821605460CAE738BD00BF407D0020A6
:1032900051F8043C181F002BBCBF0B58C0187047D6
:1032A0002DE9F0478E681F46BE420B6882460C46E9
:1032B00090462DD8B1F90C2012F4906F26D0656994
:1032C000096905EB4505A3EB010905EBD5757B1CE9
:1032D0004B446D109D4238BF1D46530527D52946E6
:1032E000FFF792FA064660B321694A46FFF759FF95
:1032F000A38923F4906343F08003A3812661656171
:103300004E44A5EB09052660A5603E46BE4200D9A5
:103310003E46206832464146FFF7BFFDA3689B1B2F
:10332000A3602368334423600020BDE8F0872A4669
:10333000FFF76AFB06460028E0D121695046FFF7F7
:103340005DFF0C23CAF80030A38943F04003A3813A
:103350004FF0FF30E9E700002DE9F04F98468B89E8
:103360001B069DB007460D46144610D50B6973B970
:103370004021FFF749FA2860286130B90C233B60EF
:103380004FF0FF301DB0BDE8F08F40236B6100238C
:10339000099320238DF82930CDF80C803023DFF8F5
:1033A0009C818DF82A304FF0010923469A4613F884
:1033B000012B0AB1252AF9D1BAEB040B0BD05B46DD
:1033C000224629463846FFF76BFF013000F0A78000
:1033D000099A5A4409929AF80030002B00F09F8015
:1033E00000234FF0FF32CDE905230AF1010A0493CF
:1033F00007938DF853301A935446052214F8011B95
:103400004E48DDF74DFF049AD8B9D00644BF2023BB
:103410008DF85330110744BF2B238DF853309AF8A1
:1034200000302A2B15D0079A544600204FF00A0C82
:10343000214611F8013B303B092B4BD9B0B1079223
:1034400014E0A0EB080309FA03F313430493A24624
:10345000D2E7039B191D1B680391002BBBBF5B4286
:1034600042F0020207930793B8BF049223782E2BF1
:103470000AD163782A2B32D1039B1A1D1B68039251
:1034800043EAE37302340593DFF8B4A02178032202
:103490005046DDF705FF38B1049BA0EB0A0040223F
:1034A000824013430134049314F8011B25488DF81E
:1034B00028100622DDF7F4FE002836D0224B1BBB75
:1034C000039B073323F0070308330393099B33441B
:1034D00009936AE70CFB02320C460120A8E700239F
:1034E0000134059319464FF00A0C204610F8012BC1
:1034F000303A092A03D9002BC6D00591C4E70CFB4A
:10350000012104460123F0E703AB00932A460F4B49
:1035100004A93846AFF30080421C0646D6D1AB89D9
:103520005B063FF52DAF09982CE703AB00932A46C5
:10353000064B04A9384600F079F8EDE78CDE020866
:1035400092DE020896DE020800000000A1320208A6
:103550002DE9F047164698468A680B69DDF82090F9
:103560009342B8BF1346336091F8432007460C4698
:103570000AB1013333602368990642BF33680233CE
:103580003360256815F0060506D104F1190AE368D1
:1035900032689B1AAB4226DC94F843302268003B29
:1035A00018BF012392062BD404F14302414638464A
:1035B000C84701301ED02368226903F00603042B9C
:1035C00002BFE5683368ED1AA3680CBF25EAE5750C
:1035D00000259342C4BF9B1AED1800261A34B54249
:1035E0001AD1002008E00123524641463846C84718
:1035F000013003D14FF0FF30BDE8F0870135C6E759
:10360000E1185A1C302081F84300224494F84510F8
:1036100082F843100233C7E7012322464146384669
:10362000C8470130E6D00136D9E700002DE9FF4751
:103630000F7E0C9E782F914680460C469A4601F1EB
:10364000430207D8622F0AD8002F00F0DD80582FE0
:1036500000F0C38004F1420684F842703AE0A7F11A
:103660006303152BF6D801A151F823F0C5360208E3
:10367000D936020855360208553602085536020872
:1036800055360208D9360208553602085536020862
:103690005536020855360208EF3702086737020828
:1036A000A7370208553602085536020811380208B5
:1036B00055360208673702085536020855360208A3
:1036C000AF37020833681A1D1B68326004F14206E6
:1036D00084F842300123A8E031682368081D306077
:1036E0001E0601D50D6803E05D06FBD5B1F900505B
:1036F0006168002D78DA2D20002984F84300A1604C
:103700002DDA5E486D420A231646B5FBF3F103FB42
:103710001157C75D06F8017D2F46BB420D46F4D90F
:10372000082B0BD12368DF0708D52369616899420C
:10373000DEBF302306F8013C06F1FF36921B226102
:10374000CDF800A04B4603AA21464046FFF700FFF4
:1037500001306FD14FF0FF3004B0BDE8F08723F0A7
:1037600004032360CDE721683368080653F8045B3F
:1037700002D4490648BFADB26F2F4048336014BF32
:103780000A230823002184F843106668A660002EEF
:10379000BADB216821F004012160002DB4D1002E94
:1037A000B2D11646BCE7236843F0200323603448B7
:1037B000782784F84570236831681F0651F8045B48
:1037C00002D45F0648BFADB23160D90744BF43F0B1
:1037D000200323601DB11023D4E72848E9E72368BC
:1037E00023F020032360F6E724480A23CDE733685B
:1037F00025686169181D30602E061B6801D51960A7
:1038000002E06806FBD5198000232361164697E77E
:1038100033681A1D32601E68626800213046DDF789
:103820003FFD08B1801B606063682361002384F85A
:10383000433085E72369324649464046D047013048
:1038400088D023689B0714D4E068039B9842B8BFD4
:10385000184681E70123324649464046D0470130A9
:103860003FF478AF0135E36803995B1AAB42F1DCB2
:10387000EAE7002504F11906F5E700BF9DDE02081E
:10388000AEDE0208B1F90C20F8B5170705460C4664
:1038900056D44B68002B02DC0B6C002B3DDDE66A36
:1038A000002E3AD0002312F480522F68216A2B6038
:1038B00025D0626DA389580705D56368D21A636B5A
:1038C0000BB1236CD21A216AE66A00232846B0475E
:1038D000411C24D00023636023692360A389DA0498
:1038E00000D56065616B2F60B9B104F14403994262
:1038F00002D02846FFF782FC002363630DE001231A
:103900002846B047461C0246D4D12B68002BD1D0A4
:103910001D2B01D0162B2AD12F6000202EE02A6803
:10392000B4F90C3042B11D2A01D0162A21D100234E
:10393000636023692360D5E7626022692260CEE775
:103940000F69002FE9D093070E6808BF4B690F601D
:1039500018BF0023F61B8B60002EDEDD216AD4F831
:1039600028C033463A462846E047002807DCB4F929
:103970000C3043F04003A3814FF0FF30F8BD074403
:10398000361AE9E738B50B6905460C4613B9002528
:10399000284638BD18B1036A0BB9FFF777F9B4F9B7
:1039A0000C30002BF3D0626ED00704D4990502D4FA
:1039B000A06DFFF7ECFB28462146FFF763FF636E1F
:1039C000DA070546E4D4A3899B05E1D4A06DFFF78F
:1039D000DFFBDDE70EB403B5014603AB054853F842
:1039E000042B0068019300F02FF802B05DF804EB9F
:1039F00003B07047EC0100209368013B002B10B42A
:103A0000936007DA9469A34201DB0A2902D110BC52
:103A100000F032B91368581C10601970084610BCC9
:103A20007047F8B506460F461446D518AC4201D18A
:103A3000002007E014F8011B3A463046FFF7DCFF90
:103A4000431CF3D1F8BD00002DE9F04F0D469DB0A9
:103A500014469846064618B1036A0BB9FFF716F9E3
:103A60006B6ED90705D4AB899A0502D4A86DFFF710
:103A70008EFBAB891B0701D52B699BB929463046C4
:103A800000F038F970B16B6EDC0704D54FF0FF30F1
:103A90001DB0BDE8F08FAB899805F7D4A86DFFF78E
:103AA00077FBF3E70023099320238DF82930CDF825
:103AB0000C803023DFF8AC818DF82A304FF00109FB
:103AC00023469A4613F8012B0AB1252AF9D1BAEBFD
:103AD000040B0BD05B46224629463046FFF7A1FF78
:103AE000013000F0A780099A5A4409929AF80030F0
:103AF000002B00F09F8000234FF0FF32CDE905231B
:103B00000AF1010A049307938DF853301A9354462F
:103B1000052214F8011B5348DDF7C2FB049AD8B9FB
:103B2000D10644BF20238DF85330130744BF2B2305
:103B30008DF853309AF800302A2B15D0079A544646
:103B400000204FF00A0C214611F8013B303B092BB5
:103B50004BD9B0B1079214E0A0EB080309FA03F3C4
:103B600013430493A246D2E7039B191D1B680391DC
:103B7000002BBBBF5B4242F0020207930793B8BF22
:103B8000049223782E2B0AD163782A2B32D1039BFF
:103B90001A1D1B68039243EAE37302340593DFF8AE
:103BA000C8A0217803225046DDF77AFB38B1049B88
:103BB000A0EB0A004022824013430134049314F81E
:103BC000011B2A488DF828100622DDF769FB002822
:103BD0003FD0274B1BBB039B073323F0070308335E
:103BE0000393099B3B4409936AE70CFB02320C46A2
:103BF0000120A8E700230134059319464FF00A0C71
:103C0000204610F8012B303A092A03D9002BC6D0E0
:103C10000591C4E70CFB012104460123F0E703AB47
:103C200000932A46134B04A93046AFF300800746A1
:103C3000781CD6D16B6ED90705D4AB899A0502D40E
:103C4000A86DFFF7A5FAAB895B063FF51FAF099892
:103C50001EE703AB00932A46064B04A93046FFF744
:103C6000E5FCE4E78CDE020892DE020896DE02083C
:103C700000000000233A0208F8B50E461446054637
:103C800018B1036A0BB9FFF701F8A369A360A38910
:103C90001A0701D5236943B92146284600F02AF8BE
:103CA00018B14FF0FF373846F8BD23682269981ADB
:103CB0006369F6B28342374605DC21462846FFF7A2
:103CC00061FE0028EDD1A368013BA36023685A1C64
:103CD00022601E706269431C9A4204D0A389DB07EC
:103CE000E1D50A2EDFD121462846FFF74BFE0028FA
:103CF000D9D0D6E738B5294B054618680C4618B117
:103D0000036A0BB9FEF7C2FFB4F90C30190722D4CD
:103D1000DA0607D409222A6043F04003A3814FF05A
:103D2000FF3033E0580712D5616B41B104F1440311
:103D3000994202D02846FFF761FA00236363A38902
:103D400023F02403A3810023636023692360A389F4
:103D500043F00803A38123694BB9A38903F42073BB
:103D6000B3F5007F03D02146284600F03FF8B4F9B0
:103D70000C3013F001020AD00022A26062695242A4
:103D8000A261226942B913F08000C5D138BD9907FC
:103D900058BF6269A260F4E70020F7E7EC01002059
:103DA00070B50C46B1F90E10002996B015461E46A6
:103DB0000DDAA38913F0800F4FF0000114BF4023E8
:103DC0004FF48063002031602B6016B070BD6A46EE
:103DD00000F048F80028ECDB019901F47041A1F5EE
:103DE0000053594259414FF48063EBE78B89F7B593
:103DF0009D0706460C4607D504F14703236023615F
:103E00000123636103B0F0BD01AB6A46FFF7C8FF51
:103E1000009F054639463046FEF7F6FC48B9B4F92E
:103E20000C309A05EED423F0030343F00203A38180
:103E3000E2E7A389206043F08003A381019BC4E9EA
:103E400004075BB1B4F90E10304600F01DF828B13C
:103E5000A38923F0030343F00103A381A3891D4336
:103E6000A581CFE738B5074D002304460846114623
:103E70002B60E3F7F2FD431C02D12B6803B12360F2
:103E800038BD00BF807E002038B5064D00230446B3
:103E900008462B60E3F7E6FD431C02D12B6803B113
:103EA000236038BD807E0020F8B500BFF8BC08BC98
:103EB0009E467047F8B500BFF8BC08BC9E467047E8
:103EC00000000000010000000200000002000000ED
:103ED00000000000010000000000FFFF0000800063
:103EE00000000000080008000000000000000000C2
:103EF000E8030000FFFFFFFFFFFFFFFFFFFFFFFFE3
:103F0000FFFFFFFFFFFFFFFF0000D9430000FA4261
:103F10000907120A080000000000D9439A99994045
:103F20000000A0400000FA420A0010000000D9433F
:103F30009A9999400A000000FFFFFFFF000000006F
:103F4000800100008001000012AD101B0000000085
:103F5000010100000100010000000100010000005B
:103F60005000B00018017801B0021803C8053006EF
:103F7000300C980C000000003500420055006B002A
:103F80008400AB00D70008015601AE011002AC025C
:103F90005C0320045805B5063C08AC0A640D6B10A0
:103FA0000400000000000158020D0000090000009C
:103FB00000380040120300000F00000000300140F4
:103FC0001205000019000000003800401205000032
:103FD000FFFFFFFF000000000000000005000000E0
:103FE00000000158020D00000900000000380040E8
:103FF000120500001300000000300140120500000F
:104000001A00000000380040120500001D000000EA
:104010000038004012050000FFFFFFFF0000000015
:10402000000000000600000000000158020D000022
:104030001400000000300140120500001E000000C6
:104040000038004012050000FFFFFFFF00000000E5
:10405000000000000700000000000158020D0000F1
:104060000A00000000380040120500001F00000098
:104070000038004012050000210000000038004018
:1040800012030000FFFFFFFF00000000000000001F
:10409000140000000038014012070000FFFFFFFF7E
:1040A0000000000000000000130000000038014084
:1040B00012070000FFFFFFFF0000000000000000EB
:1040C000030000000080004012080000030100000F
:1040D00000440040120700000A00000000380140C0
:1040E000120700001700000000380140120700000E
:1040F0001A000000008000401208000020000000AC
:104100000080004012080000FFFFFFFF00000000D9
:1041100000000000020000000080004012080000C3
:1041200002010000004400401207000009000000E6
:10413000003801401207000016000000003801405E
:10414000120700002100000000800040120800005B
:10415000FFFFFFFF00000000000000000000000063
:10416000000000401281000002000000000000403A
:104170001281010003000000000000401201020053
:1041800009000000002C0140120101000A0000009B
:10419000002C0140128101000F00000000000040CF
:1041A0001281000013000000000000401201010015
:1041B0001600000000440140128E1000170000009D
:1041C00000480140128E100019000000002C014030
:1041D000128111001901000000480140128E0000F8
:1041E0001A00000000000040128101001D000000C4
:1041F000002C0140128110001E000000002C014024
:10420000120111001F000000002C0140128111005A
:10421000FFFFFFFF00000000000000000900000099
:10422000005400400A040000160000000054004042
:104230000A0400001A000000005C00400A040000AC
:104240001D000000005C00400A0400001F00000088
:10425000005800400A04000020000000005C0040FC
:104260000A040000FFFFFFFF000000000000000044
:104270000A000000005400400A0400000F00000083
:10428000005800400A04000014000000005C0040D8
:104290000A04000017000000005400400A04000057
:1042A00019000000005400400A0400001E00000035
:1042B000005C00400A04000021000000005C004097
:1042C0000A040000FFFFFFFF0000000000000000E4
:1042D0000A0000000074004003800000FFFFFFFFA1
:1042E00000000000000000000A000000002401405F
:1042F000030003000D0000000024014003800400BF
:104300000E00000000240140030005000F00000023
:104310000024014003800500130000000024014038
:10432000030001001400000000240140038001008C
:104330001D00000000240140030000001E000000DA
:104340000024014003800000FFFFFFFF0000000089
:1043500000000000070000000B0000000D0000003E
:1043600011000000120000000E0000000F0000000D
:104370001000000000000000020000000300000028
:1043800021000000200000001600000017000000BF
:104390000F0000001F000000090000001A000000CC
:1043A0001D000000190000001E0000000A000000AF
:1043B0000E0000000D0000001300000014000000BB
:1043C00015000000040000000500000010000000BF
:1043D0002F0000002E000000070000000600000073
:1043E000010002000400060008000A000C00100092
:1043F00020004000800000010201040302040810B4
:104400000400400000040000001000B0002000B4D0
:10441000004000B801000000020000040400000891
:104420000800000C100000102000001440000018CC
:104430008000001C0001002000020024000400286D
:104440000008002C0010003000200034004000382C
:104450000080003C00000140000002440100000018
:10446000020000000400000008000000100000002E
:10447000200000004000000080000000000100005B
:10448000000200000004000000080000001000000E
:10449000002000000040000000800000010000003B
:1044A00002000000040000000800000010000000EE
:1044B000200000004000000080000000000100001B
:1044C00000020000000400000008000000100000CE
:1044D000002000000040000000800000A0860100D5
:1044E000400D0300801A060000350C0040420F000A
:1044F00080841E0000093D0000127A000024F400B0
:1045000000366E010048E801006CDC02000000008B
:10451000000000000000000000000000000000009B
:10452000000000000000000000000000010000008A
:104530000200000003000000040000000100000071
:104540000300000005000000010000000100000061
:10455000060000000A000000200000000200000029
:1045600004000000080000001000000040000000EF
:1045700080000000000100000002000001000200B5
:104580000400060008000A000C0010002000400093
:10459000800000015F6D61696E002F636F6E746152
:1045A00063747333002F6368616E6E656C733200E1
:1045B0002F6164765F626C6F6273002F6E65775F48
:1045C0007072656673002F6E6F64655F70726566EA
:1045D00073004F4B00556E6B6E6F776E004E4F4EF3
:1045E000414D4500697A4F483663584E366D724AE0
:1045F000356532366F52584E63673D3D00507562E7
:104600006C6963003D3D3D3D3D3D3D3D3D20434C9E
:104610004920526573637565203D3D3D3D3D3D3DFF
:104620003D3D0030362D4A756E2D32303236005306
:10463000656565642057696F204535206D696E6931
:104640000076312E31362E302D30376133636139AB
:10465000007265626F6F74007265736574007365D4
:1046600074200070696E200020203E2070696E204A
:104670006973206E6F7720253036640A002020454C
:1046800072726F723A20756E6B6E6F776E20636F09
:104690006E6669673A2025730A0072656275696CF7
:1046A000640020203E20657261736520616E642085
:1046B00072656275696C6420646F6E6500202045C8
:1046C00072726F723A206572617365206661696CFF
:1046D00065640065726173650020203E206572612B
:1046E000736520646F6E65006C730055736572446A
:1046F0006174612F004C697374696E672066696C20
:10470000657320696E2025730A005B6469725D2001
:1047100020557365724461746125732F25730A00F7
:104720005B66696C655D20557365724461746125D3
:10473000732F257320282564206279746573290AF4
:10474000005B6469725D2020457874726146532570
:10475000732F25730A005B66696C655D204578746C
:104760007261465325732F257320282564206279B2
:10477000746573290A0063617400496E76616C691F
:104780006420706174682070726F76696465642C4F
:10479000206D757374207374617274207769746806
:1047A0002055736572446174612F206F72204578C3
:1047B00074726146532F00726D2000496E76616CF1
:1047C000696420706174682070726F7669646564D2
:1047D0000046696C652072656D6F766564004661A0
:1047E000696C656420746F2072656D6F76652066F4
:1047F000696C650020204572726F723A20756E6B8D
:104800006E6F776E20636F6D6D616E6400020408D9
:10481000100000000000000000000000B986000841
:10482000000000000000000055D90008C7890008FA
:10483000F5830008F7830008F9830008FD8300086A
:10484000158400089585000805D3000839C90008BB
:104850001F840008058400080984000855840008A6
:1048600059840008F58B0008B18B000823840008E8
:104870003FE5000883E7000833E90008DB8400080F
:1048800081E500083FED000811840008138400084A
:10489000338A0008AD8A0008DDE500082DE600082F
:1048A00017E700082D840008618900089589000831
:1048B0003D8400084B840008278B00081B8E0008ED
:1048C00037860008F1850008418800081D9400081B
:1048D00047940008739400086984000889840008DC
:1048E000CD84000885900008B991000899B00008AF
:1048F000CD860008C9E70008139500081395000845
:104900004F890008398900080F8900082B890008A1
:104910001D890008BD860008B0A9FFFF0000000047
:10492000138900082F89000821890008C186000822
:10493000689B0600689B060077440D0077440D00D5
:10494000F0010E00F0010E00000000000000000069
:104950005DB600080000000000000000A7B60008D7
:1049600079B60008284629202573002825642920C7
:10497000257300465245513A202530362E336620A5
:10498000534625640042573A202530332E326620A4
:1049900043523A2025640050696E3A256400416410
:1049A000766572742073656E742100416476657259
:1049B00074206661696C65642E2E00677073003028
:1049C000004750533A2044697361626C6564004744
:1049D00050533A20456E61626C656400257320284F
:1049E000257329000000000000000000B5BB00088E
:1049F00085BA00087FBA00081DBF00083C01E3FF2C
:104A0000C7FF8F0387FE1FFE1FFE1FFE3C03E3FF51
:104A1000C7FF8E038FFE3FFE1FFF1FFE3E03C3FF37
:104A20008FFF0E078FFE7FFE1FFF1FFC3E07C78014
:104A30000E000E079E00780E3C0F1C003E0FC78034
:104A40001E000E071E00700E380F3C007F0FC7FEC1
:104A50001FFC1FFF1C00700E380E3FF87F1FC7FEA3
:104A60000FFF1FFF1C00F00E380E3FF87F3FC7FE00
:104A70000FFF1FFF1C00F01E3FFE3FF0773B87003B
:104A800000071C0F3C00E01C7FFC380077FB8F0008
:104A900000071C0F3C00E01C7FF8380073F38FFF09
:104AA0000FFF1C0E3FF8FFFC70787FF8E3E38FFFE9
:104AB0001FFE3C0E3FF8FFFC703C7FF8E3E38FFFE6
:104AC0001FFC3C0E1FF8FFF8703C7FF84E6F7420FF
:104AD000617661696C61626C65002E2E2E20002E5D
:104AE0002E2E006C004552524F523A20726164697A
:104AF0006F20696E6974206661696C65643A200094
:104B0000000000000000000017C5000800000000C1
:104B10000000000015C5000895C50008D52B010848
:104B2000A53F0108EB3F0108F53F010809220108F4
:104B300079530108AD280108495301089727010856
:104B4000EB3201085D2D0108BD250108AB250108E8
:104B50008D210108A148010821480108394C0108AC
:104B6000F54E01080B4F0108871B0108291F01089A
:104B70008F4C0108854701086D4901083D4A01082D
:104B8000FD2D01080D2D01086D280108492201089D
:104B900049240108DD2301080B260108F725010837
:104BA000F523010825220108F1270108B92701088A
:104BB000E5210108A529010835260108FF23010880
:104BC0006B270108751B01087D1B0108751B010877
:104BD0007D1B0108751B01087D1B0108511F010881
:104BE000812501085D2F0108FD2601080724010821
:104BF000111D0108BD1C0108954501086146010809
:104C0000811C0108491D0108991D0108D91C0108D2
:104C1000611D010887200108B11E0108BD2001089F
:104C2000F11E01080000000000000000C5FE0008A1
:104C30003DFF0008A5FF0008F9C50008550101085F
:104C400069000108B9FF00080500010889C30008D0
:104C500019FF0008D9FF000829FF0008E1C5000876
:104C6000D9C30008E1C30008C1C3000899C7000800
:104C700081C30008378C0008A5C50008E9C30008F7
:104C80008FC3000891C3000800000000000000006E
:104C9000F1C30008CBC50008ADC500080000000046
:104CA00000000000EDC400081FC40008F1C40008A3
:104CB000F3C40008F5C40008F7C40008F9C40008EC
:104CC000FBC40008FDC40008FFC4000823C400089A
:104CD00001C5000803C5000805C5000807C5000890
:104CE00029C400085DC400088BC40008A5C40008DE
:104CF00009C600080BC50008000000000000000005
:104D0000898C00083DC3000845C3000849C300085A
:104D10000DC500087DC5000875C5000899C30008C9
:104D200085C500084DC300084FC3000855C30008DF
:104D300057C300085BC3000895C300085DC30008A3
:104D4000BDC3000861C3000865C3000869C300084B
:104D50006DC3000875C3000879C3000853C5000877
:104D6000000000000000000043C50008CDC6000898
:104D700009C400080BC400080FC4000813C40008CD
:104D800017C400081BC40008010000000000000058
:104D90000000000000000000000000000000000013
:104DA0000200000001000000000000000000000000
:104DB00000000000000000000400000000000000EF
:104DC00001000000000000000000000000000000E2
:104DD00000000000000000000000000000000000D3
:104DE000000000000000000014000000150000009A
:104DF000FFFFFFFFFFFFFFFFFFFFFFFF00000000BF
:104E0000000000000000000029C90008F583000828
:104E1000F7830008F9830008FD8300082FC9000804
:104E200041C9000835C9000839C900082BC9000864
:104E300005840008098400087065E18FD9FABB7009
:104E4000C1ED90DCA19907DE698C88B709EA146E80
:104E5000AFD93D9B830C7B60C4681193C79BBC3961
:104E6000945BA8064104BB618F8FD7A84A0AF6F568
:104E70007033D6E8DDCD6471001EC77175B0918EB8
:104E8000D206F9AE04EC136D6D5D4315BB263054AC
:104E900027F645B492E9350C100000000000000030
:104EA0000000000055D9000829C90008F583000852
:104EB000F7830008F9830008FD8300082FC9000864
:104EC00041C9000805D3000839C900082BC90008EA
:104ED0000584000809840008A9D20008C1D200088E
:104EE000D5D20008C5D20008C9D20008CDD200082A
:104EF000ADD20008AFD20008B1D20008B3D200088A
:104F0000B7D200081184000813840008B9D2000841
:104F1000BBD20008D1D20008BDD20008BFD2000821
:104F200030313233343536373839414243444546DF
:104F300000000000000000000000000025E4000860
:104F40002BE4000821E4000831E4000835E40008FF
:104F5000D9E4000839E4000825733A200000000075
:104F6000000000000000000055D9000829C9000811
:104F7000F5830008F7830008F9830008FD83000823
:104F80002FC9000841C9000805D3000839C9000825
:104F90002BC900080584000809840008A9D200086C
:104FA000C1D20008D5D20008C5D20008C9D2000875
:104FB0003FE5000883E7000833E90008B1D20008A4
:104FC00081E500083FED0008118400081384000803
:104FD000B9D20008BBD20008DDE500082DE60008C4
:104FE00017E7000821E5000825E5000829E5000885
:104FF0002BE500082FE5000833E50008000000005D
:1050000000000000000000008FE600080000000023
:105010000000000000000000000000000000000090
:10502000000000000000000035E50008000000005E
:1050300000000000C9E7000885E6000885E60008D2
:1050400037E500083BE5000825732F25732E6964BA
:105050000000000000000000000000000FFD00083C
:1050600045FD00084FFD0008C3FC000855FC000882
:10507000E5FB0008E9FB0008EDFB000817FD000850
:105080006DFD0008C9FC00080000F0C0000020C150
:10509000000048C1000070C100008CC10000A0C128
:1050A0000000000000000000310301084503010872
:1050B0000000000000000000DF05010821060108D3
:1050C000E1FB000877070108C5030108CD030108CB
:1050D000E7030108A3FC0108C5FC0108A086010044
:1050E00080380100C0D4010000007A0DFA005C1283
:1050F000A00F800214000000801A060000E20400E5
:105100000053070000008403640014055802FA00ED
:105110006400000040420F0000350C00804F120078
:105120000000C2013200F40104013C0064000000F0
:1051300000000000000000001D190108331A0108DA
:10514000251A0108171A0108091A0108C9190108C6
:10515000BB190108B5190108A9180108B1190108FE
:10516000AD1901089B1901083519010891190108A9
:10517000431901088B1901083D1901081F1901087D
:10518000411A01087919010869190108651901080E
:10519000D11801088D560108000000000000000031
:1051A000951A0108F31A0108E11A0108011B010808
:1051B000991A0108C9190108BB190108B519010894
:1051C000A9180108B1190108AD1901089B190108B6
:1051D0003519010891190108431901088B190108B3
:1051E0003D1901081F190108411A01087919010820
:1051F0006919010865190108D11801088D560108BF
:105200000024F40001000000000000000000000085
:10521000851B0108C91C0108D52B0108A53F010801
:10522000EB3F0108F53F0108092201087953010805
:10523000AD2801084953010897270108EB320108FE
:105240005D2D0108BD250108AB2501088D21010850
:10525000A148010821480108394C0108F54E010810
:105260000B4F0108871B0108291F01088F4C0108FB
:10527000854701086D4901083D4A0108FD2D0108D7
:105280000D2D01086D280108492201084924010853
:10529000DD2301080B260108F7250108F523010885
:1052A00025220108F1270108B9270108E521010895
:1052B000A529010835260108FF2301086B270108ED
:1052C000751B01087D1B0108751B01087D1B01086A
:1052D000751B01087D1B0108511F0108812501086C
:1052E0005D2F0108FD26010807240108111D010892
:1052F000BD1C01089545010861460108811C010893
:10530000491D0108991D0108D91C0108611D0108EA
:1053100087200108B11E0108BD200108F11E010807
:105320005358313236310000000000000000000008
:10533000ED1F0108F7200108D52B0108A53F010842
:10534000EB3F0108F53F01080922010879530108E4
:10535000AD2801084953010897270108EB320108DD
:105360005D2D0108BD250108AB2501088D2101082F
:10537000A148010821480108394C0108F54E0108EF
:105380000B4F0108DD210108291F01088F4C01087E
:10539000854701086D4901083D4A0108FD2D0108B6
:1053A0000D2D01086D280108492201084924010832
:1053B000DD2301080B260108F7250108F523010864
:1053C00025220108F1270108B9270108E521010874
:1053D000A529010835260108FF2301086B270108CC
:1053E000854501088D450108854501088D45010861
:1053F000854501088D450108511F010881250108D7
:105400005D2F0108FD260108072401083545010824
:10541000654501089545010861460108D741010825
:10542000EF1F0108F51D010845200108591E01085C
:1054300087200108B11E0108BD200108F11E0108E6
:1054400022FB12001103210011062103220214067F
:10545000110B120B110E120E11141116220B131533
:105460002111240D21142116221523154113411455
:1054700033145213611652165316631664167416BB
:1054800000000000000000004524010887270108F3
:10549000D52B0108A53F0108EB3F0108F53F0108A6
:1054A0000922010879530108AD2801084953010870
:1054B00097270108EB3201085D2D0108BD25010881
:1054C000AB250108E7520108A1480108214801085D
:1054D000394C0108F54E01080B4F0108F352010841
:1054E000F95201088F4C0108854701086D490108F0
:1054F0003D4A0108FD2D01080D2D01086D28010808
:105500004922010849240108DD2301080B2601086E
:10551000F7250108F523010825220108F1270108D4
:10552000B9270108E5210108A52901083526010848
:10553000FF2301086B270108854501088D450108F7
:10554000854501088D450108854501088D450108FF
:10555000D5520108812501085D2F0108FD260108AB
:1055600007240108354501086545010895450108EE
:1055700061460108D7410108212D30333639000F2B
:10558000060300122436480416283A4C081A2C3E0A
:105590000C1E3042102234460113253749051729C5
:1055A0003B4D091B2D3F0D1F31431123354702147D
:1055B00026384A06182A3C4E0A1C2E400E20324439
:1055C000031527394B07192B3D4F0B1D2F410F2179
:1055D00033451F170F1E160E1D150D1C140C1B1323
:1055E0000B1A120A191109000108AC000000000092
:1055F000000000000000000000000000BB52010895
:10560000C7520108CD520108D5520108C7520108FE
:1056100079530108C152010849530108C7520108D2
:10562000C7520108DB520108E1520108C7520108C4
:10563000E7520108E7520108E7520108D552010874
:10564000D5520108ED520108F3520108F952010840
:10565000DB520108E1520108FF520108FF52010824
:105660000F53010815530108155301081D53010874
:1056700029530108295301082D530108E15201085B
:10568000E1520108C752010833530108C75201080B
:10569000C752010833530108395301083D5301082B
:1056A0003F5301083D530108415301083D53010890
:1056B000415301083D53010841530108D5520108E7
:1056C0003353010843530108C7520108000000008A
:1056D0003021120312033021031221302130031232
:1056E0004370340725165261526125163407437002
:1056F00007347043615216251625615270430734F2
:1057000034074370526125162516526143703407E1
:1057100070430734162561526152162507347043D1
:105720000000000000000000000000000000000079
:105730000000000000000000000000000000000069
:105740000000000000000000000000000000000059
:105750000000000000000000000000000000000049
:105760000000000000000000000000008356010857
:10577000835601088556010887560108835601089B
:10578000895601088D560108000000000000000045
:10579000C5560108E5560108B9570108C156010868
:1057A000F956010851590108795B0108BD570108F4
:1057B00000000000000000000000000000000000E9
:1057C000B95701080000000000000000515901080D
:1057D000795B0108BD570108000102040810204050
:1057E000801B36001B362D6C775A4152096AD53022
:1057F00036A538BF40A39E81F3D7FB7CE339829B5B
:105800002FFF87348E4344C4DEE9CB547B9432A609
:10581000C2233DEE4C950B42FAC34E082EA16628DA
:10582000D924B2765BA2496D8BD12572F8F66486D5
:10583000689816D4A45CCC5D65B6926C704850FD37
:10584000EDB9DA5E154657A78D9D8490D8AB008CD4
:10585000BCD30AF7E45805B8B34506D02C1E8FCA4E
:105860003F0F02C1AFBD0301138A6B3A9111414F43
:1058700067DCEA97F2CFCEF0B4E67396AC7422E719
:10588000AD3585E2F937E81C75DF6E47F11A711DF9
:1058900029C5896FB7620EAA18BE1BFC563E4BC6BF
:1058A000D279209ADBC0FE78CD5AF41FDDA8338868
:1058B00007C731B11210592780EC5F60517FA919D9
:1058C000B54A0D2DE57A9F93C99CEFA0E03B4DAE04
:1058D0002AF5B0C8EBBB3C83539961172B047EBA01
:1058E00077D626E169146355210C7D637C777BF2C2
:1058F0006B6FC53001672BFED7AB76CA82C97DFAC4
:105900005947F0ADD4A2AF9CA472C0B7FD93263620
:105910003FF7CC34A5E5F171D8311504C723C3187E
:1059200096059A071280E2EB27B27509832C1A1BA1
:105930006E5AA0523BD6B329E32F8453D100ED20F9
:10594000FCB15B6ACBBE394A4C58CFD0EFAAFB43BF
:105950004D338545F9027F503C9FA851A3408F925B
:105960009D38F5BCB6DA2110FFF3D2CD0C13EC5FF5
:10597000974417C4A77E3D645D197360814FDC2294
:105980002A908846EEB814DE5E0BDBE0323A0A4914
:1059900006245CC2D3AC629195E479E7C8376D8D7B
:1059A000D54EA96C56F4EA657AAE08BA78252E1C55
:1059B000A6B4C6E8DD741F4BBD8B8A703EB5664841
:1059C00003F60E613557B986C11D9EE1F89811693D
:1059D000D98E949B1E87E9CE5528DF8CA1890DBFF7
:1059E000E6426841992D0FB054BB1600000000003C
:1059F00000000000000000000000000000000000A7
:105A00000000000000000000000000000000000096
:105A1000000000001B132C0AA3E59CEDA7296308D6
:105A20005D210621EBFFFFFFFFFFFFFFFFFFFFFFF1
:105A3000FFFFFFFF0F000000EDD3F55C1A63125863
:105A4000D69CF7A2DEF9DE14000000000000000082
:105A50000000000000000010A3DDB7A5B38ADE6DD2
:105A6000F5525177809FF0207DE3AB648E4EEA665D
:105A700065768BD70F5F876701000000000000008C
:105A80000000000000000000000000000000000016
:105A900000000000000000005866666666666666E4
:105AA0006666666666666666666666666666666696
:105AB00066666666666666661AD5258F602D56C967
:105AC000B2A7259560C72C695CDCD6FD31E2A4C085
:105AD000FE536ECDD336692159F1B226949BD6EB95
:105AE00056B183829A14E00030D1F3EEF2808E1921
:105AF000E7FCDF56DCD90624A3785913CA4DEB75B1
:105B0000ABD841414D0A700098E879777940C78C4D
:105B100073FE6F2BEE6C03520000000000000000CB
:105B2000D1630108F1630108596301085D6301084D
:105B300061630108D565010839660108B963010888
:105B4000D366010803670108982F8A429144377190
:105B5000CFFBC0B5A5DBB5E95BC25639F111F159F0
:105B6000A4823F92D55E1CAB98AA07D8015B831232
:105B7000BE853124C37D0C55745DBE72FEB1DE80DE
:105B8000A706DC9B74F19BC1C1699BE48647BEEF0D
:105B9000C69DC10FCCA10C246F2CE92DAA84744A98
:105BA000DCA9B05CDA88F97652513E986DC631A80E
:105BB000C82703B0C77F59BFF30BE0C64791A7D5ED
:105BC0005163CA0667292914850AB72738211B2E75
:105BD000FC6D2C4D130D385354730A65BB0A6A765D
:105BE0002EC9C281852C7292A1E8BFA24B661AA869
:105BF000708B4BC2A3516CC719E892D1240699D679
:105C000085350EF470A06A1016C1A419086C371EF1
:105C10004C774827B5BCB034B30C1C394AAAD84ECF
:105C20004FCA9C5BF36F2E68EE828F746F63A5780A
:105C30001478C8840802C78CFAFFBE90EB6C50A49D
:105C4000F7A3F9BEF27871C6000000000000000062
:105C5000C9670108E96701086F67010873670108F0
:105C600091670108C16C01083F6D01087767010861
:105C7000DF6D01080F6E010822AE28D7982F8A42E7
:105C8000CD65EF23914437712F3B4DECCFFBC0B571
:105C9000BCDB8981A5DBB5E938B548F35BC2563971
:105CA00019D005B6F111F1599B4F19AFA4823F925B
:105CB00018816DDAD55E1CAB420203A398AA07D8FF
:105CC000BE6F7045015B83128CB2E44EBE853124F9
:105CD000E2B4FFD5C37D0C556F897BF2745DBE7253
:105CE000B196163BFEB1DE803512C725A706DC9BB8
:105CF000942669CF74F19BC1D24AF19EC1699BE49D
:105D0000E3254F388647BEEFB5D58C8BC69DC10FB6
:105D1000659CAC77CCA10C2475022B596F2CE92D16
:105D200083E4A66EAA84744AD4FB41BDDCA9B05CAE
:105D3000B5531183DA88F976ABDF66EE52513E989F
:105D40001032B42D6DC631A83F21FB98C82703B08F
:105D5000E40EEFBEC77F59BFC28FA83DF30BE0C66C
:105D600025A70A934791A7D56F8203E05163CA061E
:105D7000706E0E0A67292914FC2FD246850AB727B0
:105D800026C9265C38211B2EED2AC45AFC6D2C4DE9
:105D9000DFB3959D130D3853DE63AF8B54730A65E3
:105DA000A8B2773CBB0A6A76E6AEED472EC9C2813F
:105DB0003B358214852C72926403F14CA1E8BFA29A
:105DC000013042BC4B661AA89197F8D0708B4BC239
:105DD00030BE5406A3516CC71852EFD619E892D1C1
:105DE00010A96555240699D62A20715785350EF4D9
:105DF000B8D1BB3270A06A10C8D0D2B816C1A419ED
:105E000053AB4151086C371E99EB8EDF4C77482716
:105E1000A8489BE1B5BCB034635AC9C5B30C1C3962
:105E2000CB8A41E34AAAD84E73E363774FCA9C5B9F
:105E3000A3B8B2D6F36F2E68FCB2EF5DEE828F741A
:105E4000602F17436F63A57872ABF0A11478C884F4
:105E5000EC39641A0802C78C281E6323FAFFBE902F
:105E6000E9BD82DEEB6C50A41579C6B2F7A3F9BE8A
:105E70002B5372E3F27871C69C6126EACE3E27CAA4
:105E800007C2C021C7B886D11EEBE0CDD67DDAEAC5
:105E900078D16EEE7F4F7DF5BA6F1772AA67F00664
:105EA000A698C8A2C57D630AAE0DF9BE04983F113D
:105EB0001B471C13350B711B847D0423F577DB28EE
:105EC0009324C7407BABCA32BCBEC9150ABE9E3CF8
:105ED0004C0D109CC4671D43B6423ECBBED4C54C8E
:105EE0002A7E65FC9C297F59ECFAD63AAB6FCB5FD2
:105EF0001758474A8C19446C08C9BCF367E6096A0D
:105F00003BA7CA8485AE67BB2BF894FE72F36E3C48
:105F1000F1361D5F3AF54FA5D182E6AD7F520E51A5
:105F20001F6C3E2B8C68059B6BBD41FBABD9831F5F
:105F300079217E1319CDE05BB0A00E4A271BEEC479
:105F400078E42FAD0618432FA7D7FB3D99004D2BC2
:105F50000BDFC14F8024832B0000000000000000F5
:105F60000000000000000000000000000000000031
:105F70000000000000000000000000000000000021
:105F80000000000000000000010001006400640047
:105F90000000000000000000000000000000000001
:105FA00000000000000000000000000000000000F1
:105FB00000000000000000000000000000000000E1
:105FC00000000000000000000000000000000000D1
:105FD00000000000000000000000000000000000C1
:105FE00000000000000000000000000000000000B1
:105FF00000000000000000000000000000000000A1
:106000000000000000000000000000000000000090
:106010000000000000000000000000000000000080
:106020000000000000000000000000000000000070
:106030000000000000000000000000000000000060
:106040000000000000000000000000000000000050
:106050000100010001000A00020000000000000031
:1060600000000000000000000000E80300000A003B
:106070006400E803010000000100010000000000CE
:10608000000001000000000001000000E803E80338
:106090000100010064000100000000000000000099
:1060A00000000000010001010202000000000000E9
:1060B00000000000000000000000000000000000E0
:1060C00000000000000000000000000000000000D0
:1060D00000000000000000000000000000000000C0
:1060E00000000000000000000000000000000000B0
:1060F00000000000000000000000000000000000A0
:106100000000000000000000000004020102010085
:10611000000000000000000600020202040001026C
:10612000000000020000020004040204060309004B
:10613000000000000100000000000000000000005E
:10614000E5750108E7750108000000000000000087
:10615000BF760108D7760108E1FB000871770108D6
:106160004B7701086D780108F7760108A3FC010858
:10617000C5FC01086C6974746C65667300000000EE
:10618000000000006410B71DC8206E3BAC30D9265B
:106190009041DC76F4516B6B5861B24D3C71055007
:1061A0002083B8ED44930FF0E8A3D6D68CB361CB2F
:1061B000B0C2649BD4D2D38678E20AA01CF2BDBDE3
:1061C0000000000000000000A39C0108599801088D
:1061D0008997010800000000000000000000000096
:1061E00000000000A39C010859980108CF9C0108F9
:1061F0000D9D01083D9D0108D39C01080000000091
:1062000022AE28D7982F8A42CD65EF23914437716B
:106210002F3B4DECCFFBC0B5BCDB8981A5DBB5E9DD
:1062200038B548F35BC2563919D005B6F111F159AA
:106230009B4F19AFA4823F9218816DDAD55E1CABDB
:10624000420203A398AA07D8BE6F7045015B831270
:106250008CB2E44EBE853124E2B4FFD5C37D0C552B
:106260006F897BF2745DBE72B196163BFEB1DE8023
:106270003512C725A706DC9B942669CF74F19BC114
:10628000D24AF19EC1699BE4E3254F388647BEEFB1
:10629000B5D58C8BC69DC10F659CAC77CCA10C2469
:1062A00075022B596F2CE92D83E4A66EAA84744ADB
:1062B000D4FB41BDDCA9B05CB5531183DA88F97613
:1062C000ABDF66EE52513E981032B42D6DC631A848
:1062D0003F21FB98C82703B0E40EEFBEC77F59BF2C
:1062E000C28FA83DF30BE0C625A70A934791A7D517
:1062F0006F8203E05163CA06706E0E0A6729291483
:10630000FC2FD246850AB72726C9265C38211B2ECA
:10631000ED2AC45AFC6D2C4DDFB3959D130D3853F7
:10632000DE63AF8B54730A65A8B2773CBB0A6A760A
:10633000E6AEED472EC9C2813B358214852C7292A0
:106340006403F14CA1E8BFA2013042BC4B661AA81D
:106350009197F8D0708B4BC230BE5406A3516CC7D6
:106360001852EFD619E892D110A96555240699D68E
:106370002A20715785350EF4B8D1BB3270A06A104F
:10638000C8D0D2B816C1A41953AB4151086C371EFE
:1063900099EB8EDF4C774827A8489BE1B5BCB03419
:1063A000635AC9C5B30C1C39CB8A41E34AAAD84EFB
:1063B00073E363774FCA9C5BA3B8B2D6F36F2E68C2
:1063C000FCB2EF5DEE828F74602F17436F63A57888
:1063D00072ABF0A11478C884EC39641A0802C78C37
:1063E000281E6323FAFFBE90E9BD82DEEB6C50A449
:1063F0001579C6B2F7A3F9BE2B5372E3F27871C6D2
:106400009C6126EACE3E27CA07C2C021C7B886D102
:106410001EEBE0CDD67DDAEA78D16EEE7F4F7DF5CA
:10642000BA6F1772AA67F006A698C8A2C57D630A5C
:10643000AE0DF9BE04983F111B471C13350B711BA1
:10644000847D0423F577DB289324C7407BABCA32D5
:10645000BCBEC9150ABE9E3C4C0D109CC4671D43B2
:10646000B6423ECBBED4C54C2A7E65FC9C297F59E2
:10647000ECFAD63AAB6FCB5F1758474A8C19446C8D
:10648000853B8C01BDF124FFF825C30160DC37009A
:10649000B74C3EFFC3423D00324CA401E1A44CFF87
:1064A0004C3DA3FF753E1F00519140FF76410E0009
:1064B000A273D6FF068A2E007CE6F4FF0A8A8F00BC
:1064C000341AC200B8F44C00818F2901BEF413FFC6
:1064D0007BAA7AFF6281440079D5930056651EFF3E
:1064E000A1679B008C5943FFEFE5BE01430BB5004C
:1064F000C6F089FEEE45BCFFEA713CFF25FF39FF7F
:1065000045B2B6FE80D0B300761A7DFE0307D6FFF3
:10651000F1324DFF55CBC5FFD387FAFF193064FF29
:10652000BBD5B4FE1158690053D19E0105736200BA
:1065300004AE3CFEAB376EFFD9B511FF14BCAA0008
:10654000929C66FE57D6AEFF727A9B01E92CAA0098
:106550007F08EF01D6ECEA00AF05DB00316A3DFFB2
:106560000642D0FF026A6EFF51EA13FFD76BC0FFED
:106570004397EE00132A6CFFE5557101324487FF03
:10658000116A0900326701FF5001A80123981EFF1C
:1065900010A8B9013859E8FF65D2FC0029FA470074
:1065A000CCAA4FFF0E2EEFFF504DEF00BDD64BFF94
:1065B000118DF90026504CFFBE55750056E4AA0017
:1065C0009CD8D001C3CFA4FF96424CFFAFE110FF8F
:1065D0008D5062014CDBF200C6A272002EDA9800E8
:1065E0009B2BF1FE9BA068FFB209FCFE646ED400F9
:1065F0000E05A700E9EFA3FF1C979D0165920AFF16
:10660000FE9E46FE47F9E400581E3200443AA0FFC1
:10661000BF186801814281FFC03255FF08B38AFF6D
:1066200026FAC9007350A00083E671007D589300DC
:106630005A44C700FD4C9E001CFF760071FAFE0014
:10664000424B2E00E6DA2B00E578BA0194442B0089
:10665000887CEE01BB6BC5FF5435F6FF3374FEFF3B
:1066600033BBA5000211AF004254A001F73A1E004F
:10667000234135FE45ECBF002D86F501A37BDD00EF
:10668000206E14FF3417A500BAD64700E9B06000A9
:10669000F2EF360139598A00530054FF88A0640094
:1066A0005C8E78FE687CBE00B5B13EFFFA295500CD
:1066B00098822A0160FCF60097973FFEEF853E0026
:1066C00020389C002DA7BDFF8E85B3018356D300D3
:1066D000BBB396FEFAAA0EFF447115FFDEBA3BFF6C
:1066E0004207F10145064800569C6CFE37A7590049
:1066F0006D34DBFE0DB017FFC42C6AFFEF9547FF2A
:10670000A48C7DFF9FAD01003329E700913E21005D
:106710008A6F5D01B953450090732E00619710FF99
:1067200018E41A0031D9E200714BEAFEC1990CFF5E
:10673000B63060FF0E0D1A0080C3F9FE45C13B0064
:10674000842551FE7D6A3C00D6F0A901A4E34200F5
:10675000D2A34E0025349700634D1A00EE9CD5FF5E
:10676000D5C0D101492E54001441290136CE4F0025
:10677000C98392FEAA6F18FFB12132FEAB26CBFF70
:106780004EF77400D1DD99008580B2013A2C1900D2
:10679000C9273B01BD13FC0031E5D20175BB750073
:1067A000B5B3B8010072DB00305E9300F529380004
:1067B0007D0DCCFEF4AD77002CDD20FE54EA1400F4
:1067C000F9A0C601EC7EEAFF8F3EDD008159D6FFBD
:1067D000378B05FE4414BFFF0ECCB20123C3D90092
:1067E0002F33CE0126F6A500CE1B06FE9E572400B1
:1067F000D93492FF7D7BD7FF553C1FFFAB0D0700BF
:10680000DAF558FEFC233C0037D6A0FF856538003A
:10681000E02013FE9340EA001A91A20172767D00F7
:10682000F8FCFA00655EC4FFC68DE2FE332AB600AE
:10683000870C09FE6DACD2FFC5ECC201F1419A0094
:10684000309C2FFF994337FFDAA522FE4AB4B300EC
:10685000DA424701587A6300D4B5DBFF5C2AE7FFD0
:10686000EF009A00F54DB7FF5E51AA0112D5D8008E
:10687000AB5D4700345EF8001297A1FEC5D142FF20
:10688000AEF40FFEA230B700313DF0FEB65DC3009E
:10689000C7E40601C80511FF892DEDFF6C940400C3
:1068A0005A4FEDFF273F4DFF3552CF018E1676FF31
:1068B00065E812015C1A430005C858FF21A88AFF49
:1068C00095E1480002D11BFF2CF5A801DCED11FF7A
:1068D0001ED369FE8DEEDD008050F5FE6FFE0E00CA
:1068E000DE5FBE01DF09F100924CD4FF6CCD68FF82
:1068F0003F7599009045300023E46F00C021C1FF2F
:1069000070D6BEFE7398970017665800334AF80099
:10691000E2C78FFECCA265FFD061BD01F568120011
:10692000E6F61EFF179445006E5834FEE2B559FF97
:10693000D02F5AFE72A150FF2174F800B39857FF70
:106940004590B10158EE1AFF3A207101014D450002
:106950003B7934FF98EE53003408C100E727E9FF84
:10696000C7228A00DE44AD005B39F2FEDCD27FFF35
:10697000C007F6FE9723BB00C3ECA5006F5DCE00F9
:10698000D4F785019A85D1FF9BE70A00404E260087
:106990007AF964011E1361FF3E5BF901F8854D0031
:1069A000C53FA8FE740A5200B8EC71FED4CBC2FFFA
:1069B0003D64FCFE2405CAFF775B99FF814F1D00F3
:1069C0006767ABFEEDD76FFFD8354500EFF01700D6
:1069D000C295DDFF26E1DE00E8FFB4FE765285FFBA
:1069E00039D1B1018BE885009EB02EFEC2732E0016
:1069F00058F7E5011C67BF00DDDEAFFE95EB2C000C
:106A000097E419FEDA6967008E55D2009581BEFFC2
:106A1000D5415EFE7586E0FF52C675009DDDDC0047
:106A2000A3652400C572250068ACA6FE0BB6000065
:106A30005148BCFF61BC10FF45060A00C79391FF97
:106A40000809730141D6AFFFD9ADD100507FA60030
:106A5000F7E504FEA7B77CFF5A1CCCFEAF3BF0FF66
:106A60000B29F8016C2833FF90B1C3FE96FA7E0023
:106A70008A5B4101783CDEFFF5C1EF001DD6BDFF0A
:106A800080021900509AA2004DDC6B01EACD4AFF4A
:106A900036A667FF74480900E45E2FFF1EC819FF81
:106AA00023D659FF3DB08CFF53E2A3FF4B82AC00CD
:106AB000802611005F8998FFD77C9F014F5D000001
:106AC00094529DFEC382FBFF28CA4CFFFB7EE00070
:106AD0009D633EFECF07E1FF6044C3008CBA9DFF7B
:106AE0008313E7FF2A80FE0034DB3DFE66CB4800BF
:106AF0008D070BFFBAA4D5001F7A770085F29100AD
:106B0000D0FCE8FF5BD5B6FF8F04FAFEF9D74A0048
:106B1000A51E6F01AB09DF00E57B22015C821AFF35
:106B20004D9B2D01C38B1CFF3BE04E008811F700ED
:106B30006C7920004FFABDFF60E3FCFE26F13E00B9
:106B40003EAE7DFF9B6F5DFF0AE6CE0161C528FF6B
:106B5000003139FE41FA0D0012FB96FFDC6DD2FFC9
:106B600005AEA6FE2C81BD00EB2393FF25F78DFF1C
:106B7000488D04FF676BFF00F75A0400352C2A008C
:106B8000021EF000043B3F00584E240071A7B400E1
:106B9000BE47C1FFC79EA4FF3A08AC004D210C00C0
:106BA000413F0300994D21FFACFE6601E4DD04FF87
:106BB000571EFE01922956FF8ACCEFFE6C8D11FF05
:106BC000BBF28700D2D07F00442D0EFE49603E000C
:106BD000513C18FFAA0624FF03F91A0023D56D00C3
:106BE000168136FF1523E1FFEA3D38FF3AD906004A
:106BF0008F7C5800EC7E4200D126B7FF22EE06FFC4
:106C0000AE9166005F16D300C40F99FE2E54E8FFC4
:106C100075229201E7FA4AFF1B8664015CBBC3FF41
:106C2000AAC67000781C2A00D14643001D511F00DF
:106C30001DA86401A9ADA0006B2375003E603BFF59
:106C4000510C450187EFBEFFDCFC1200A3DC3AFFCC
:106C50008989BCFF53666D0060064C00EADED2FFF6
:106C6000B9AECD013C9ED5FF0DF1D600AC818C00B4
:106C70005D68F200C09CFB002B751E00E1519E0078
:106C80007FE8DA00E21CCB00E91B97FF752B05FFBC
:106C9000F20E2FFF2114060089FB2CFE1B1FF5FFAF
:106CA000B7D67DFE28799500BA9ED5FF5908E30036
:106CB000455800FECB87E100C9AECB009347B80032
:106CC000127929FE5E054E00E0D6F0FE2405B400E0
:106CD000FB87E701A38AD400D2F974FE5881BB0078
:106CE000130831FE3E0E90FF9F4CD300D633520066
:106CF0006D75E4FE67DFCBFF4BFC0F019A47DCFFAD
:106D0000170D5B018DA860FFB5B68500FA3337001B
:106D1000EAEAD4FEAF3F9E0027F034019EBD24FF77
:106D2000D528550120B4F7FF13661A01541861FFE6
:106D30004515DE00948B7AFFDCD5EB01E8CBFF0034
:106D400079399300E3079A00351693014801E10071
:106D5000528630FE533C9DFF9148A9002267EF0008
:106D6000C6E92F00741304FFB86A09FFB781530006
:106D700024B0E60122674800DBA28600F52A9E00C7
:106D8000209560FEA52C9000CAEF48FED79605001E
:106D90002A42240184D7AF0056AE56FF1AC59CFF85
:106DA00031E887FE67B65200FD80B00199B27A00E3
:106DB000F5FA0A00EC18B200896A8400281D29003F
:106DC000321E98FF7C692600E6BF4B008F2BAA007D
:106DD0002C8314FF2C0D17FFEDFF9B019F6D64FFAB
:106DE00070B518FF68DC6C0037D38300630CD5FFE7
:106DF000989791FFEE059F00619B0800216C510060
:106E0000010367003E6D22FFFA9BB4002047C3FFD9
:106E1000264691019F5FF50045E56501881CF0005D
:106E20004FE019004E6E79FFF8A87C00BB80F70098
:106E30000293EBFE4F0B8400463A0C01B508A3FF0A
:106E40004F8985FF25AA0BFF8DF355FFB0E7D7FFCC
:106E5000CC96A4FFEFD727FF2E579CFE08A358FF20
:106E6000AC22E800422C66FF1B3629FEEC6357FF7C
:106E7000297BA90134722B00758628009B861A0095
:106E8000E7CF5BFE238426FF13667DFE24E385FFA8
:106E9000760371FF1D0D7C0098604A015892CEFF69
:106EA000A7BFDCFEA21258FFB66417001F7534009E
:106EB000512E6A010C0207004550C901D1F6AC0001
:106EC0000C308D01E0D3580074E29F007A6282009A
:106ED00041ECEA01E1E209FFCFE27B0159D63B0038
:106EE000708758015AF4CBFF310B2601816CBA0030
:106EF00059700F01652ECCFF7FCC2DFE4FFFDDFFBB
:106F0000334912FF7F2A65FFF115CA00A0E307008D
:106F10006932EC004F34C5FF68CAD001B40F1000CD
:106F200065C54EFF624DCB0029B9F10123C17C003C
:106F3000239B17FFCF35C0000B7DA301F99EB9FF3E
:106F400004833000155D6FFF3D79E70145C824FFDC
:106F5000B930B9FF6FEE15FF273219FF63D7A3FFD2
:106F600057D41EFFA49305FF800623016CDF6EFF3C
:106F7000C24CB2004A65B400F32F3000AE192BFFAB
:106F800052ADFD013672C0FF28375B00D76CB0FFF1
:106F90000B380700E0E94C00D162CAFEF2197D000F
:106FA0002CC15DFECB08B10087B013007047D5FF40
:106FB000CE3BB00104431A000E8FD5FE2A37D0FF16
:106FC0003C437800C115A30063A473000A14760043
:106FD0009CD4DEFEA007D9FF72F54C01753B7B0007
:106FE000B0C256FED50FB0004ECECFFED5813B00CD
:106FF000E9FB1601603798FFECFF0FFFC55954FFFE
:107000005D958500AEA07100EA63A9FF98745800F1
:1070100090A453FF5F1DC6FF222F0FFF637886FFEA
:1070200005ECC100F9F77EFF93BB1E0032E675FF49
:107030006CD9DBFFA351A6FF4819A9FE9B794FFF2E
:107040001C9B59FE077E1100934121012FEAFD0090
:107050001A3312006953C7FFA3C4E60071F8A400F5
:10706000E2FEDA00BDD1CBFFA4F7DEFEFF23A500D0
:1070700004BCF3017FB3470025EDFEFF64BAF000C6
:10708000053947FE674849FFF41251FEE5D284FFF7
:10709000EE06B4FF0BE5AEFFE3DDC00111311C00CD
:1070A000A3D7C4FE097604FF33F0470071816DFF5A
:1070B0004CF0E700BCB17F007D472C011AAFF30014
:1070C0005EA919FE1BE61D000F8B7701A8AABAFF67
:1070D000ACC54CFFFC4BBC00897CC400481660FF6B
:1070E0002D97F901DC91640040C09FFF78EFE2002A
:1070F00081B2920000C07D00EB8AEA00B79D920049
:1071000053C7C0FFB8AC48FF49E180004D06FAFF05
:10711000BA41430068F6CF00BC208AFFDA18F200BB
:10712000438A51FEED8179FF14CF960129C710FFE4
:10713000061480009F760500B5108FFFDC260F0037
:10714000174093FE491A0D0057E43901CC7C8000AA
:107150002B18DF00DB63C700164B14FF131B7E00E8
:107160009D3ED7006E1DE600B3A7FF0136FCBE00B2
:10717000DDCCB6FEB39E41FF519D0300C2DA9F00F5
:10718000AADF0000E00B20FF26C56200A8A42500AE
:1071900017580701A4BA6E0060248600EAF2E500E1
:1071A000FA791300F2FE70FF032F5E0109EF06FF6C
:1071B000518699FED6FDA8FF437CE000F55F4A00AA
:1071C0001C1E2CFE016DDCFFB2595900FC244C0042
:1071D00018C62EFF4C4D6F0086EA88FF275E1D0003
:1071E000B948EAFF464487FFE76607FE4DE78C0093
:1071F000A72F3A01946176FF101BE101A6CE8FFF05
:107200006EB2D6FFB483A2008F8DE1010DDA4EFF7E
:10721000729921016268CC00AF727501A7CE4B0054
:10722000CAC453013A4043008A2F6F01C4F780FF5C
:1072300089E0E0FE9E70CF009A64FF0186256B0016
:10724000C6804FFF7FD19BFFA3FEB9FE3C0EF3002B
:107250001FDB70FE1DD94100C80D74FE7B3CC4FFCE
:10726000E03BB8FEF259C4007B104BFE9510CE00F7
:1072700045FE3001E774DFFFD1A04101C850620034
:1072800025C2B8FE943F22008BF041FFD99084FFC5
:1072900038262DFEC778D2006CB1A6FFA0DE040010
:1072A000DC7E77FEA56BA0FF52DCF801F1AF880011
:1072B000908D17FFA98A5400A0894EFFE27650FFF7
:1072C000341B84FF3F608BFF98FA2700BC9B0F00A4
:1072D000E83396FE280FE8FFF0E509FF89AF1BFFB2
:1072E0004B496101DAD40B008705A2016BB9D500C7
:1072F00002F96BFF28F24600DBC81900199D0D004A
:10730000435250FFC4F917FF911495003248920080
:107310005E4C940118FB41001FC01700B8D4C9FF90
:107320007BE9A201F7AD4800A257DBFE7E8659003B
:107330009F0B0CFEA6691D00491BE4017178B7FF85
:1073400042A36D01D48F0BFF9FE7A801FF805A0075
:10735000390E3AFE59340AFFFD08A3010091D2FF0D
:107360000A8155012EB51B006788A0FE7EBCD1FFA7
:1073700022236F00D7DB18FFD40BD6FE65057600FD
:10738000E8C585FFDFA76DFFED5056FF468B5E0019
:107390009EC1BF019B0F33FF0FBE73004E87CFFF0F
:1073A000F90A1B01B57DE9005FAC0DFEAAD5A1FF6E
:1073B00027EC8AFF5F5D57FFBE805F007D0FCE0028
:1073C000A6969F00E30F9EFFCE9E78FF2A8D800039
:1073D00065B278019C6D8300DA0E2CFEF7A8CEFF13
:1073E000D4701C007011E4FF5A102501C5DE6C003A
:1073F000FECF53FF095AF3FFF3F4AC001A5873FFA2
:10740000CD747A00BFE6C100B4640B01D92560FFDA
:107410009A4E9C00EBEA1FFFCEB2B2FF95C0FB0074
:10742000B6FA8700F61669007CC16DFF02D295FF9F
:10743000A911AA0000606EFF75090801327B28FFC0
:10744000C1BD630022E3A000305046FED333EC0000
:107450002D7AF5FE2CAE0800AD25E9FF9E41AB006C
:107460007A45D7FF5A5002FF836A60FEE3728700B5
:10747000CD3177FEB03E40FF523311FFF114F3FFE0
:10748000820D08FE80D9F3FFA21B01FE5A76F1009F
:10749000F6C6F6FF371076FFC89F9D00A3110100C6
:1074A0008C6B790055A176FF260095009C2FEE008D
:1074B00009A6A6014B62B5FF324A1900420F2F0000
:1074C0008BE19F004C038EFF0EEEB8000BCF35FF13
:1074D000B7C0BA01AB20AEFFBF4CDD01F7AADB009D
:1074E00019AC32FED909E900CB7E44FFB75C30000D
:1074F0007FA7B7014131FE00103F7F01FE15AAFFB3
:107500003BE07FFE16303FFF1B4E82FE28C31D006E
:10751000FA8470FE23CB900068A9A800CFFD1EFF5F
:10752000682826FE5EE45800CE1080FFD4377AFF2C
:10753000DF16EA00DFC57F00FDB5B5019166760074
:10754000EC9924FFD4D948FF142618FE8A3E3E0049
:10755000988C0400E6DC63FF0115D4FF94C9E700B2
:10756000F47B09FE00ABD200333A25FF01FF0EFF8A
:10757000F4B791FE00F2A600164A840079D82900DB
:107580005FC372FE851897FF9CE2E7FFF7054DFF8A
:10759000F69473FEE15C51FFDE50F6FEAA7B59FFC4
:1075A0004AC78D001D1408FF8A8846FF5D4B5C00AA
:1075B000DD9331FE347EE200E57C17002E09B50034
:1075C000CD40340183FE1C00979ED40083404E00C2
:1075D000CE19AB0000E68B00BFFD6EFE67F7A7007B
:1075E000402828012AA5F1FF3B4BE4FE7CF3BDFFB8
:1075F000C45CB2FF828C56FF8D59380193C605FFDB
:10760000CBF89EFE90A28D000BACE200822A15FF03
:1076100001A78FFF902424FF3058A4FEA8AADC0005
:107620006247D6005BD04F009F4CC901A62AD6FF07
:1076300045FF00FF06807DFFBE018C009253DAFFFC
:10764000D7EE48017A7F3500BD74A5FF540842FF8C
:10765000D603D0FFD56E8500C3A82C019EE7450058
:10766000A240C8FE5B3A6800B63ABBFEF9E4880067
:10767000CB864CFE63DDE9004BFED6FE50459A00FA
:107680004098F8FEEC88CAFF9D6999FE95AF1400FA
:10769000162313FF7C79E900BAFAC6FE84E58B0055
:1076A0008950AEFFA57D440090CA94FEEBEFF80030
:1076B00087B87600655E11FF7A4846FE45829200E3
:1076C0007FDEF801457F76FF1E52D7FEBC4A13FFCE
:1076D000E5A7C2FE751942FF41EA38FED5169C00A7
:1076E000973B5DFE2D1C1BFFBA7EA4FF2006EF001A
:1076F0007F726301DB3402FF6360A6FE3EBE7EFF45
:107700006CDEA8014BE2AE00E6E2C7003C75DAFF92
:10771000FCF81401D6BCCC001FC286FE7B45C0FF1E
:10772000A9AD24FE37625B00DF2A66FE8901660090
:107730009D5A1900EF7A40FFFC06E900073614FF56
:107740005274AE00872536FF0FBA7D00E370AFFF9D
:1077500064B4E1FF2AEDF4FFF4ADE2FEF81221007B
:10776000AB6396FF4AEB32FF755220FE6AA8ED002C
:10777000CF6DD001E409BA00873CA9FEB35C8F004D
:10778000F4AA68FFEB2D7CFF4663BA007589B70049
:10779000E01FD700280964001A105F0144D9570080
:1077A000089714FF1A643AFFB0A5CB01347646005F
:1077B0000720FEFEF4FEF5FFA790C2FF7D7117FFC4
:1077C000B079B5008854D1008A061EFF59301C00DC
:1077D000219B0EFF19F09A008DCD6D0146733EFF7F
:1077E00014286BFE8A9AC7FF5EDFE2FF9DAB26007E
:1077F000A3B119FE2D7603FF0EDE1701D1BE51FF96
:10780000767BE8010DD565FF7B377BFE1BF6A50077
:1078100032634CFF8CD620FF614143FF180C1C00E3
:10782000AE564E0140F76000A08743004237F3FF99
:1078300093CC60FF1A0621FF6233530199D5D0FF24
:1078400002B836FF19DA0B003143F6FE129548FFF5
:107850000D1948002A4FD6002A0426011B8B90FFE1
:1078600095BB170012A48400F554B8FE78C668FFD3
:107870007EDA60003875EAFF0D1DD6FE442F0AFF40
:10788000A79A84FE9826C60042B259FFC82EABFFC5
:107890000D6353FFD2BBFDFFAA2D2A018AD17C00C4
:1078A000D6A28D000CE69C00662470FE0393430074
:1078B00034D77BFFE9AB36FF62893E00F7DA27FF5A
:1078C000E7DAEC00F7BF7F00C3925400A5B05CFF7D
:1078D00013D45EFF114AE30058289901C69301FFB3
:1078E000CE43F5FEF003DAFF3D8DD5FF61B76A00A8
:1078F000C3E8EBFE5F569A00D130CDFE76D1F1FFA2
:10790000F078DF01D51D9F00A37F93FF0DDA5D00A6
:10791000551844FE461450FFBD058C015261FEFF10
:107920006363BFFF845485FF6BDA74FF707A2E00A7
:1079300069112000C2A03FFF44DE2701D8FD5C0092
:10794000B169CDFF95C9C3002AE10BFF28A27300DE
:1079500009075100A5DADB00B41600FE1D92FCFFFA
:1079600092CFE101B48760001FA37000B10BDBFF71
:10797000850CC1FE2B4E3200417179013BD906FFC7
:107980006E5E180170AC6F00070F600024557B001D
:10799000479615FFD049BC00C00BA701D5F52200C2
:1079A00009E65C00A28E27FFD75A1B0062615900CE
:1079B0005E4FD3005A9DF0005FDC7E0166B0E200AE
:1079C000241EE0FE231F7F00E7E873015553820069
:1079D000D249F5FF2F8F72FF4441C5003B483EFF5F
:1079E000B785ADFE5D7976FF3BB151FFEA45ADFF4E
:1079F000CD80B100DCF433001AF4D10149DE4DFF33
:107A0000A30860FE9695D3009EFECB01367F8B00C7
:107A1000A1E03B00046D16FFDE2A2DFFD09266FF29
:107A2000EC8EBB0032CDF5FF0A4A59FE304F8E0076
:107A3000DE4C82FF1EA63F00EC0C0DFF31B8F400B7
:107A4000BB716600DA65FD009939B6FE20962A0002
:107A500019C69201EDF138008C4405005BA4ACFF1F
:107A60004E91BAFE4334CD00DBCF81016D7311001E
:107A7000368F3A0115F878FFB3FF1E00C1EC42FFC4
:107A800001FF07FFFDC030FF1345D90103D600FFFA
:107A900040659201DF7D23FFEB49B3FFF9A7E200C8
:107AA000E1AF0A0161A23A006A70AB0154AC05FF74
:107AB000858CB2FF86F58E00615A7DFFBACBB9FF87
:107AC000DF4D17FFC05C6A000FC673FFD998F8003E
:107AD000ABB278FFE4863500B036C101FAFB350061
:107AE000D50A640122C76A00971FF4FEACE057FF75
:107AF0000EED17FFFD551AFF7F2774FFAC68640079
:107B0000FB0E46FFD4D08AFFFDD3FA00B031A500AA
:107B10000F4C7BFF25DAA0FF5C8710010A7E72FF05
:107B20004605E0FFF7F98D0044143C01F1D2BDFF9A
:107B3000C3D9BB0197037100975CAE00E73EB2FF6B
:107B4000DBB7E100171721FFCDB5500039B8F8FFBA
:107B500043B401FF5A7B5DFF2700A2FF60F834FFAA
:107B600054428C00227FE4FFC28A0701A66EBC004B
:107B700015119B019ABEC6FFD6503BFF12078F001E
:107B8000481DE201C7D9F900E8A1470195BEC90027
:107B9000D9AF5FFE719343FF8A8FC7FF7FCC01008F
:107BA0001DB65301CEE69BFFBACC3C000A7D55FFC3
:107BB000E86019FFFF59F7FFD5FEAF01E8C151009A
:107BC0001C2B9CFE0C4508009318F80012C63100CF
:107BD000863C230076F612FF3158FEFEE415BAFF0C
:107BE000B6417001DB1601FF167E34FFBD3531FF53
:107BF00070198F00267F37FFE265A3FED0853DFF19
:107C00008945AE01BE7691FF3C62DBFFD90DF5FFE1
:107C1000FA880A0054FEE200C91F7D01F033FBFF21
:107C20001F8382FF028A32FFD7D7B101DF0CEEFF3C
:107C3000FC9538FF7C5B44FF487EAAFE77FF64001A
:107C40008287E8FF0E4FB200FA83C5008AC6D000D3
:107C500079D88BFE771224FF1DC17A00102A2DFFE0
:107C6000D5F0EB01E6BEA9FFC623E4FE6EAD4800E9
:107C7000D6DDF1FF38948700C0754EFE8D5DCFFFD5
:107C80008F419500151262FF5F2CF4016ABF4D0011
:107C9000FE5508FED66EB0FF49AD13FEA0C4C7FF67
:107CA000ED5A9000C1AC71FFC89B88FEE45ADD001C
:107CB00089314A01A4DDD7FFD1BD05FF69EC37FF4B
:107CC0002A1F8101C1FFEC002ED93C008A58BBFF5E
:107CD000E252ECFF514597FF8EBE10010D86080061
:107CE0007F7A30FF51409C00ABF38B00ED23F60010
:107CF0007A8FC1FED47A92005F29FF0157844D002C
:107D000004D41F00111F4E00272DADFE188ED9FF81
:107D10005F0906FFE3530600623B82FE3E1E210020
:107D20000873D301A26180FF07B817FE741CA8FF77
:107D3000F88A97FF62F4F000BA76820072F8EBFFDF
:107D400069ADC801A07C47FF5E24A401AF4192FF4A
:107D5000EEF1AAFECAC6C500E4478AFE2DF66DFF05
:107D6000C2349E0085BBB00053FC9AFE59BDDDFFB6
:107D7000AA49FC00943A7D00244433FE2A45B1FF11
:107D8000A84C56FF2664CCFF26352300AF136100B4
:107D9000E1EEFDFF51518700D21BFFFEEB496B0066
:107DA00008CF7300527F8800546315FECF138800FC
:107DB00064A4650050D04DFF84CFEDFF0F030FFF8B
:107DC00021A66E009C5F55FF25B96F01966A23FFBF
:107DD000A6974C00725787FF9FC240000C7A1FFF86
:107DE000E80765FEAD7762009A47DCFEBF3935FFD4
:107DF000A8E8A0FFE02063FFDA9CA5009799A30004
:107E0000D90D9401C5715900951CA1FECF171E0014
:107E10006984E3FF36E65EFF85ADCCFF5CB79DFF6E
:107E20005890FCFE66215A009F610300B5DA9BFF63
:107E3000F07277006AD635FFA5BE7301985BE1FF4B
:107E4000586A2CFFD03D710097347C00BF1B9CFF0B
:107E50006E36EC010E1EA6FF277FCF01E5C71C0082
:107E6000BCE4BCFE649DEB00F6DAB7016B16C1FF03
:107E7000CEA05F004CEF9300CFA1750033A602FFA8
:107E800034750AFE4938E3FF98C1E100845E88FF3B
:107E900065BFD100206BE5FFC62BB40164D276002C
:107EA000724399FF17581AFF599A5C01DC788CFFCE
:107EB0009072CFFFFC73FAFF22CE48008A857FFFC5
:107EC00008B27C01574B61000FE55CFEF04383FF75
:107ED000767BE3FE927868FF91D5FF0181BB46FF78
:107EE000DB7736000113AD002D969401F85348005E
:107EF000CBE9A9018E6B3800F7F926012DF250FF6E
:107F00001EE967006052460017C96F0051271EFF27
:107F1000A1B74EFFC2EA21FF44E38CFED8CE740025
:107F2000461BEBFF68904F00A4E65DFED6879C00E1
:107F30009ABBF2FEBC1483FF246DAE009F70F1006B
:107F4000056E950124A5DA00A61D1301B22E490085
:107F50005D2B20FEF8BDED00669B8D00C95DC3FF63
:107F6000F18BFDFF0F6F62FF6C41A3FE9B4FBEFFC5
:107F700049AEC1FEF62830FF6B580BFECA6155FFB3
:107F8000FDCC12FF71F242006EA0C2FED012BA0008
:107F900051153C00BC68A7FF7CA661FED2858E000F
:107FA00038F289FE296F82006F973A016FD58DFFF5
:107FB000B7ACF1FF2606C4FFB9077BFF2E0BF60016
:107FC000F56977010F02A1FF08CE2DFF12CA4AFF03
:107FD000537C7301D48D9D005308D1FE8B0FE8FFB5
:107FE000AC36ADFE32F78400D6BDD50090B869003E
:107FF000DFFEF800FF93F0FF17BC480007333600A0
:10800000BC19B4FEDCB400FF53A01400A3BDF3FF01
:108010003AD1C2FF57493C006A183100F5F9DC003B
:1080200016ADA700760BC3FF137EED006E9F25FFF4
:108030003B522F00B4BB5600BC94D001642585FF91
:108040000770C10081BC9CFF546A81FF85E1CA00B2
:108050000EEC6FFF28146500ACAC31FE33364AFFDE
:10806000FBB9B8FF5D9BE0FFB4F9E001E6B2920016
:10807000483936FEB23EB80077CD4800B9EFFDFF73
:108080003D0FDA00C44338FFEA20AB012EDBE400E9
:10809000D06CEAFF143FE8FFA535C70185E405FF72
:1080A00034CD6B004AEE8CFF969CDBFEEFACB2FF4A
:1080B000FBBDDFFE208ED3FFDA0F8A01F1C4500032
:1080C0001C2462FE16EAC7003DEDDCFFF6392500F0
:1080D0008E118EFF9D3E1A002BEE5FFE03D906FF28
:1080E000D519F00127DCAEFF9ACD30FE130DC0FF8D
:1080F000F42236FE8C109B00F0B505FE9BC13C00BF
:10810000A68004FF249138FF96F0DB0078339100BD
:1081100052992A018CEC92006B5CF801BD0A0300B5
:108120003F88F200D327180013CAA101AD1BBAFF84
:10813000D2CCEFFE29D1A2FFB6FE9FFFAC74340073
:10814000C367DEFECD453B0035162901DA30C2009B
:1081500050D2F200D2BCCF00BBA1A1FED8110100C9
:1081600088E17100FAB83F00DF1E62FE4DA8A20050
:108170003B35AF0013C90AFF8BE0C20093C19AFFE1
:10818000D4BD0CFE01C8AEFF328571015EB35A004A
:10819000ADB687005EB171002B59D7FF88FC6AFF2E
:1081A0007B8653FE05F542FF52312701DC02E000D9
:1081B0006181B1004D3B59003D1D9B01CBABDCFF04
:1081C0005C4E8B009121B5FFA9188D013796B30045
:1081D0008B3C50FFDA27610002936BFF3CF84800AC
:1081E000ADE62F010653B6FF1069A2FE89D451FFF8
:1081F000B4B8860127DEA4FFDD69FB01EF707D00C6
:108200003F0761003F68E3FF943A0C005A3CE0FFEF
:1082100054D4FC004FD7A800F8DDC70173790100E2
:1082200024AC780020A2BBFF396B31FF932A1500E4
:108230006AC62B01394A57007ECB51FF8187C300A4
:108240008C1FB100DD8BC20003DED7008344E70042
:10825000B156B2FE7C97B400B87C260146A311004B
:10826000F9FBB5012A37E300E2A12C0017EC6E0000
:1082700033958E015D05EC00DAB76AFE43184D00B8
:1082800028F5D1FFDE799900A5391E00537D3C0009
:1082900046265201E506BC006DDE9DFF37763FFFA6
:1082A000CD97BA00E32195FFFEB0F601E3B1E300FC
:1082B000226AA3FEB02B4F006A5F4E01B9F17AFF2C
:1082C000B90E3D002401CA000DB2A2FFF70B8400D5
:1082D000A1E65C014101B9FFD432A5018D9240FFB6
:1082E0009EF2DA0015A47D00D58B7A014347570032
:1082F000CB9EB201975C2B00986F05FF2703EFFF21
:10830000D9FFFAFFB03F47FF4AF54D01FAAE12FF21
:108310002231E3FFF62EFBFF9A2330017D9D3DFFC6
:108320006A244EFF61EC990088BB78FF7186ABFF31
:1083300013D5D9FED85ED1FFFC053D005E03CA000F
:10834000031AB7FF40BF2BFF1E171500818D4DFF8D
:1083500066780701C24C8C00BCAF34FF1151940009
:10836000E8563701E130AC00862A2AFFEE322F00B2
:10837000A912FE00149357FF0EC3EFFF45F7170035
:10838000EEE580FFB1317000A862FBFF7947F8008D
:10839000F30891FEF6E399FFDBA9B1FEFB8BA5FF85
:1083A0000CA3B9FFA428ABFF999F1BFEF36D5BFFE5
:1083B000DE18700112D6E7006B9DB5FEC39300FF77
:1083C000C26368FF598CBEFFB1427EFE6AB94200AB
:1083D00031DA1F00FCAE9E00BC4FE601EE29E00042
:1083E000D4EA0801880BB500A67553FF44C35E00AC
:1083F0002E84C900F0985800A43945FEA0E02AFF59
:108400003BD743FF77C38DFF24B479FECF2F08FFFE
:10841000AED2DF0065C544FFFF528D01FA89E90045
:10842000615685011050450084839F00745D64008F
:108430002D8D8B0098AC9DFF5A2B5B0047992E0029
:10844000271070FFD98861FFDCC619FEB1353100F5
:10845000DE5886FF800F3C00CFC0A9FFC074D1FF5B
:108460006A4ED301C8D5B7FF070C7AFEDECB3CFFBE
:10847000216EC7FEFB6A7500E4E10401783A07FF4C
:10848000DDC154FE70851B00BDC8C9FF8B879600F7
:10849000EA37B0FF3D324100986CA9FFDC5501FF7F
:1084A0007087E300A21ABA00CF60B9FEF4886B00AF
:1084B0005D993201C66197006E0B56FF8F75AEFF56
:1084C00073D4C80005CAB700EDA40AFEB9EF3E0098
:1084D000EC7812FE627B63FFA8C9C2FE2EEAD600CA
:1084E000BF8531FF63A97700BEBB230173152DFF44
:1084F000F983480070067BFFD631B5FEA6E922005D
:108500005CC566FEFDE4CDFF033BC9012A622E0077
:10851000DB2523FFA9C326005E7CC1019C2BDF0065
:108520005F4885FE78CEBF007AC5EFFFB1BB4FFF35
:10853000FE2E0201FAA7BE0054811300CB71A6FFE4
:10854000F91FBDFE489DCAFFD04749FFCF1848001C
:108550000A101201D2514CFF58D0C0FF7EF36BFFBE
:10856000EE8D78FFC779EAFF890C3BFF24DC7BFFA7
:1085700094B33CFEF00C1D0042006101241E26FF56
:1085800073015DFF6067E7FFC59E3B01C0A4F0007B
:10859000CACA39FF18AE3000594D9B012A4CD7008A
:1085A000F497E90017305100EF7F34FEE38225FF96
:1085B000F8745D017C847600ADFEC00106EB53FFCC
:1085C0006EAFE701FB1CB60081F95DFE54B8800078
:1085D0004CB53E00AF80BA00643588FE6D1DE200E8
:1085E000DDE93A0114634A000016A000860D15006B
:1085F000093437FF11598C00AF223B0054A577FF97
:10860000E0E2EAFF0748A6FF7B73FF0112D6F600FF
:10861000FA074701D9DCB900D4234CFF267DAF000F
:10862000BD61D20072EE2CFF29BCA9FE2DBA9A00C2
:10863000515C160084A0C10079D062FF0D512CFF5F
:10864000CB9C5200473A15FFD072BFFE32269300F2
:108650009AD8C300651912003CFAD7FFE984EBFFF2
:1086600067AF8E01100E5C008D1F6EFEEEF12DFFC8
:1086700099D9EF0161A82FFFF95510011CAF3EFFFA
:1086800039FE3600DEE77E00A62D75FE12BD60FFC6
:10869000E44C3200C8F45E00C6987801442245FFDD
:1086A0000C41A0FE65135A00A7C578FF4436B9FFF8
:1086B00029DABC0071A830005869BD011A5220FFA8
:1086C000B95DA401E4F0EDFF42B63500ABC55CFF37
:1086D0006B09E901C77890FF4E310AFF6DAA69FF67
:1086E0005A041FFF1CF471FF4A3A0B003EDCF6FFF0
:1086F000799AC8FE90D2B2FF7E3981012BFA0EFF23
:10870000656F1C012F56F1FF3D4696FF354905FF69
:108710001E1A9E00D11A56008AED4A00A45FBC00C2
:108720008E3C1DFEA274F8FFBBAFA0009712100094
:10873000D16F41FECB8627FF586C31FF831A47FF6C
:10874000DD1BD7FE68695DFF1FEC1FFE8700D3FFAE
:108750008F7F6E01D449E500E943A7FEC301D0FF36
:108760008411DDFF33D95A0043EB32FFDFD28F0093
:10877000B3358201E96AC600D9ADDCFF70E518FFA8
:10878000AF9A5DFE47CBF6FF304285FF0388E6FFD8
:1087900017DD71FEEB6FD500AA785FFEFBDD0200EE
:1087A0002D829EFE695ED9FFF234B4FED5442DFFC2
:1087B00068261C00F49E4C00A1C860FFCF350DFF59
:1087C000BB439400AA36F80077A2B2FF53140B0003
:1087D0002A2AC001929FA3FFB7E86F004DE515FF5D
:1087E00047358F001B4C2200F6882FFFDB27B6FF92
:1087F0005CE0C901138E0EFF45B6F1FFA376F500CC
:10880000096D6A01AAB5F7FF4E2FEEFF54D2B0FFF3
:10881000D56B8B0027260B00481596004882450033
:10882000CD4D9BFE8E851500476FACFEE22A3BFFC7
:10883000B300D7012180F100EAFC0D01B84F080018
:108840006E1E49FFF68DBD00AACFDA014A9A45FF98
:108850008AF631FF9B2064007D4A69FF5A553DFF2F
:1088600023E5B1FF3E7DC1FF9956BC014978D40094
:10887000D17BF6FE87D126FF973A2C015C45D6FFC7
:108880000E0C58FFFC99A6FFFDCF70FF3C4E53FF26
:10889000E37C6E00B460FCFF357521FEA4DC52FF62
:1088A00029011BFF26A4A6FFA463A9FE3D9046FF55
:1088B000C0A612006BFA4200C541320001B312FF9C
:1088C000FF6801FF2B9923FF506FA8006EAFA8002F
:1088D00029692DFFDB0ECDFFA4E98CFE2B0176006C
:1088E000E943C300B2529FFF8A577AFFD4EE5AFF82
:1088F00090237CFE198CA400FBD72CFE85466BFFD1
:1089000065E350FE5CA93700D72A310072B455FFE9
:1089100021E81B01ACD519003EB07BFE208518FF75
:10892000E1BF3E005D469900B52A680116BFE0FF31
:10893000C8C88CFFF9EA250095398D00C338D0FFEF
:10894000FE8246FF20ADF0FF1DDCC7006E6473FFA2
:1089500084E5F900E4E9DFFF25D8D1FEB2B1D1FF0B
:10896000B72DA5FEE06172008961A8FFE1DEAC00D1
:10897000A50D3101D2EBCCFFFC041CFE46A09700F4
:10898000E8BE34FE53F85DFF3ED74D01AFAFB3FFF5
:10899000A03242007930D0003FA9D1FF00D2C800F8
:1089A000E0BB2C0149A2520009B08FFF134CC1FF5C
:1089B0001D3BA701182B9A001CBEBE008DBC810078
:1089C000E8EBCBFFEA006DFF36419F003C58E8FF23
:1089D00079FD96FEFCE983FFC66E2901534D47FFE2
:1089E000C8163BFE6AFDF2FF150CCFFFED42BD003D
:1089F0005AC6CA01E1AC7F003516CA0038E68400C9
:108A00000156B7006DBE2A00F344AE016DE49A0032
:108A1000C8B17A0123A0B7FFB13055FF5ADAA9FFD8
:108A2000F8984E00CAFE6E0006342B008E6241FF9D
:108A30003F911600466A5D00E88A6B016EB33DFF08
:108A4000D381DA01F2D15C00235AD901B68F6AFFD3
:108A50007465D9FF72FADDFFADCC06003C96A30029
:108A600049AC2CFFEF6E50FFED4C99FEA18CF90044
:108A700095E8E500851F28FFAEA477007133D60086
:108A800081E402FE4022F3006BE3F4FFAE6AC8FF0C
:108A90005499460132231000FA4AD8FEECBD42FF39
:108AA00099F90D00E6B204FFDD29EE0076E379FFC7
:108AB0005E578CFEFE775C0049EFF6FE755780002E
:108AC00013D391FFB12EFC00E55BF6014580F7FF63
:108AD000CA4D3601080B09FF9960A600D9D6ADFF33
:108AE00086C0020100CF0000BDAE6B018C86640021
:108AF0009EC1F301B666AB00EB9A33008E057BFF97
:108B00003CA85901D90E5CFF13D60501D3A7FE007E
:108B10002C06CAFE7812ECFF0F71B8FFB8DF8B008D
:108B200028B177FEB67B5AFFB0A5B000F74DC20062
:108B30001BEA7800E700D6FF3B271E007D6391FF0C
:108B4000964444018DDEF800997BD2FF6E7F98FF3A
:108B5000E521D60187DDC500896102000C8FCCFFBD
:108B60005129BC00734F82FF5E03840098AFBBFFA6
:108B70007C8D0AFF7EC0B3FF0B67C60095062D00F3
:108B8000DB55BB01E612B2FF48B6980003C6B8FF3A
:108B90008070E00161A1E600FE6326FF3A9FC500F8
:108BA0009742DB003B458FFFB970F90077882FFFB4
:108BB0007B828400A8475FFF71B02801E8B9AD004F
:108BC000CF5D7501449D6CFF660593FE3161210008
:108BD00059416FFEF71EA3FF7CD9DD0166FAD8006C
:108BE000C6AE4BFE39371200E305EC01E5D5AD000A
:108BF000C96DDA0131E9EF001E379E0119B26A0032
:108C00009B6FBC015E7E8C00D71FEE014DF0100003
:108C1000D5F219012647A800CDBA5DFE31D38CFFED
:108C2000DB00B4FF8676A500A09386FF6EBA23FF13
:108C3000C6F32A00F392770086EBA30104F187FFC5
:108C4000C12EC1FE67B44FFFE104B8FEF276820088
:108C50009287B001EA6F1E004542D5FE29607B0075
:108C6000795E2AFFB2BFC3FF2E822A00755408FF27
:108C7000E931D6FEEE7A6D0006475901ECD37B0050
:108C8000F40D30FE77940E00721C56FF4BED19FF69
:108C900091E510FE816435FF869678FEA89D32002E
:108CA000174868FFE0310E00FF7B16FF97B997FF6A
:108CB000AA50B80186B614002964650199211000F4
:108CC0004C9A6F0156CEEAFFC0A0A4FEA57B5DFFC3
:108CD00001D8A4FE4311AFFFA90B3BFF9E293DFF26
:108CE00049BC0EFFC30689FF16931DFF146703FFDF
:108CF000F682E3FF7A288000E22F18FE232420006A
:108D000098BAB7FF45CA1400C385C300DE33F70025
:108D1000A9AB5E01B700A0FF40CD12019C530FFF2D
:108D2000C53AF9FEFB596EFF320A58FE332BD800C4
:108D300062F2C601F5977100ABECC201C51FC7FF17
:108D4000E5512601293B1400FD68E600985D0EFF01
:108D5000F6F292FED6A9F0FFF0666CFEA0A7EC003A
:108D60009ADABC0096E9CAFF1B13FA01024785FF95
:108D7000AF0C3F0191B7C600687873FF82FBF70024
:108D800011D4A7FF3E7B84FFF764BD009BDF9800F2
:108D90008FC521009B3B2CFF965DF0017F0357FFA1
:108DA0005F47CF01A75501FFBC9874FF0A17170052
:108DB00089C35D0136626100F000A8FF94BC7F00AA
:108DC000866B97004CFDAB005A84C00092163600AB
:108DD000E04236FEE6BAE5FF27B6C40094FB82FF08
:108DE00041836CFE8001A000A931A7FEC7FE94FF5D
:108DF000FB068300BBFE81FF55523E00B2173AFFCF
:108E0000FE840500A4D5270086FC92FE253551FF7F
:108E10009B865200CDA7EEFF5E2DB4FF8428A100F3
:108E2000FE6F7001364BD900B3E6DD01EB5EBFFF8C
:108E300017F33001CA91CBFF27762AFF758DFD000D
:108E4000FE00DE002BFB320036A9EA015044D000C0
:108E500094CBF3FE9107870006FE0000FCB97F006B
:108E6000620881FF262348FFD324DC01281A590019
:108E7000A840C5FE03DEEFFF0253D7FEB49F690092
:108E80003A73C200BA746AFFE5F7DBFF8176C1006E
:108E9000CAAEB701A6A14800C96B93FEED884A008F
:108EA000E9E66A01696FA80040E01E0101E50300E0
:108EB0006697AFFFC2EEE4FFFEFAD400BBED790087
:108EC00043FB6001C51E0B00B75FCC00CD598A0083
:108ED00040DD2501FFDF1EFFB230D3FFF1C85AFF8E
:108EE000A7D160FF3982DD002E72C8FF3DB8420075
:108EF00037B618FE6EB62100ABBEE8FF725E1F00EB
:108F000012DD08002FE7FE00FF705300760FD7FF39
:108F1000AD1928FEC0C11FFFEE1592FFABC176FF51
:108F200065EA35FE83D4700059C06B0108D01B0080
:108F3000B5D90FFFE795E8008CEC7E009009C7FFDC
:108F40000C4FB5FE93B6CAFF136DB6FF31D4E100E6
:108F50004AA3CB00AFE994001A703300C1C109FFE6
:108F60000F87F90096E38200CC00DB0118F2CD00F8
:108F7000EED075FF16F470001AE522002550BCFFF4
:108F8000262DCEFEF05AE1FF1D032FFF2AE04C00F4
:108F9000BAF3A70020840FFF05337D008B871800EC
:108FA00006F1DB00ACE585FFF6D63200E70BCFFF1C
:108FB000BF7E5301B4A3AAFFF5381801B2A4D3FFB2
:108FC0000310CA01623976FF8D8359FE21331800E0
:108FD000F3955BFFFD340E0023A943FE311E58FFBD
:108FE000B31B24FFA58CB7003ABD9700581F0000A3
:108FF0004BA942004265C7FF18D8C70179C41AFFC0
:109000000E4FCBFEF0E251FF5E1C0AFF53C1F0FF92
:10901000CCC183FF5E0F5600DA289D0033C1D1001A
:1090200000F2B10066B9F7009E6D740026875B0000
:10903000DFAF9500DC4201FF563CE800196025FFD8
:10904000E17AA201D7BBA8FF9E9D2E0038ABA200FB
:10905000E8F065017A160900330915FF3519EEFFAE
:10906000D91EE8FE7DA994000DE86600940925004C
:10907000A5618D01E4832900DE0FF3FFFE121100CC
:10908000063CED016A0371003B84BD005C701E006C
:1090900069D0D5003054B3FFBB79E7FE1BD86DFF14
:1090A000A2DD6BFE49EFC3FFFA1F39FF958759FF19
:1090B000B917730103A39DFF1270FA001939BBFFA2
:1090C000A160A4002F10F3000C8DFBFE43EAB8FF53
:1090D0002912A100AF0660FFA0AC34FE18B0B7FFA4
:1090E000C6C155017C7989FF973272FFDCCB3CFF0A
:1090F000CFEF050100266BFF37EE5EFE46985E005F
:10910000D5DC4D01781145FF55A4BEFFCBEA5100D7
:10911000263125FE3D907C00894E31FEA8F73000B7
:109120005FA4FC0069A98700FDE4860040A64B000F
:10913000514914FFCFD20A00EA6A96FF5E225AFF15
:10914000FE9F39FEDC8563008B93B4FE1817B900CF
:1091500029391EFFBD614C0041BBDFFFE0AC25FF9C
:10916000223E5F01E790F0004D6A7EFE40985B0072
:109170001D629B00E2FB35FFEAD305FF90CBDEFFCB
:10918000A4B0DDFE05E71800B37ACD00240186FF08
:109190007D4697FE61E4FC00AC8117FE305AD1FF9A
:1091A00096E0520154861E00F1C42E006771EAFF5A
:1091B0002E6579FE287CFAFF872DF2FE09F9A8FFBB
:1091C0008C6C83FF8FA3AB0032ADC7FF58DE8EFFE0
:1091D000C85F9E008EC0A3FF077587006F7C1600D6
:1091E000EC0C41FE442641FFE3AEFE00F4F5260000
:1091F000F032D0FFA13FFA003CD1EF007A231300F8
:109200000E21E6FE029F71006A147FFFE4CD60002C
:1092100089D2AEFEB4D490FF59629A0122588B00D5
:10922000A7A27001416EC500F125A900423883FF55
:109230000AC953FE85FDBBFFB1702DFEC4FB0000C3
:10924000C4FA97FFEEE8D6FF96D1CD001CF0760069
:10925000474C5301EC635B002AFA8301601240FF24
:1092600076DE230071D6CBFF7A77B8FF4213240055
:10927000CC40F90092598B00863E870168E9650071
:10928000BC541A0031F98100D0D64BFFCF824DFF7C
:1092900073AFEB00AB0289FFAF91BA0137F587FFDF
:1092A0009A56B501643AF6FF6DC73CFF52CC86FF73
:1092B000D731E6018CE5C0FFDEC1FBFF51880FFF0F
:1092C000B395A2FF17271DFF075F4BFEBF51DE00BE
:1092D000F1515AFF6B31C9FFF4D39D00DE8C95FF2D
:1092E00041DB38FEBDF65AFFB23B9D0130DB340056
:1092F0006222D7001C11BBFFAFA918005C4FA1FF71
:10930000ECC8C201938FEA00E5E10701C5A80E0091
:10931000EB333501FD78AE00C506A8FFCA75AB007A
:10932000A315CE0072555AFF0F290AFFC21363001E
:109330004137D8FEA292740032CED4FF40921DFF76
:109340009E9E830164A582FFAC1781FF7D3509FFD6
:109350000FC112011A310BFFB5AEC90187C90EFF4B
:1093600064139500DB624F002A638FFE600030FFBC
:10937000C5F953FE68954FFFEB6E88FE52802CFFB7
:10938000412924FE58D30A00BB79BB006286C7007E
:10939000ABBCB3FED20BEEFF427B82FE34EA3D0053
:1093A000307117FE065678FF77B2F5005781C90075
:1093B000F28DD100CA7255009416A10067C3300027
:1093C0001931ABFF8A438200B6497AFE94188200B5
:1093D000D3E59A00209B9E0054693D00B1C209FF6D
:1093E000A65956013653BB00F92875FF6D03D7FF08
:1093F00035922C013F2FB300C2D803FE0E548800D3
:1094000088B10DFF48F3BAFF75117DFFD33AD3FF42
:109410005D4FDF005A58F5FF8BD16FFF46DE2F00FE
:109420000AF64FFFC6D9B200E3E10B014E7EB3FF4F
:109430003E2B7E00679423008108A5FEF5F0940082
:109440003D338E0051D086000F8973FFD377ECFF38
:109450009FF5F8FF028688FFE68B3A01A0A4FE0084
:1094600072558DFF31A6B6FF9046540155B60700E0
:109470002E355D0009A6A1FF37A2B2FF2DB8BC00B2
:10948000921C2CFEA95A310078B2F1010E7B7FFFAD
:1094900007F1C701BD4232FFC68F65FEBDF387FFEE
:1094A0008D1818FE4B61570076FB9A01ED369C0033
:1094B000AB92CFFF83C4F6FF8840710197E8390073
:1094C000F0DA7300313D1BFF40814901FCA91BFF0D
:1094D00028840A015AC9C1FFFC79F001BACE2900DB
:1094E0002BC661009164B700CCD850FEAC96410009
:1094F000F9E5C4FE687B49FF4D6860FE82B4080050
:10950000687B3900DCCAE5FF66F9D300560EE8FF38
:10951000B64ED100EFE1A4006A0D20FF784911FF9B
:109520008643E90053FEB500B7EC7001304083FF7D
:10953000F1D8F3FF41C1E200CEF164FE6486A6FFDC
:10954000EDCAC500370D5100207C66FF28E4B1004C
:1095500076B51F01E7A086FF77BBCA00008E3CFFEF
:109560008026BDFFA6C99600CF781A0136B8AC0098
:109570000CF2CCFE8542E60022261F01B870500096
:109580002033A5FEBFF337003A4992FE9BA7CDFFDB
:10959000646898FFC5FECFFFAD13F700EE0ACA005E
:1095A000EF97F2005E3B27FFF01D66FF0A5C9AFF13
:1095B000E554DBFFA1815000D05ACC01F0DBAEFFB7
:1095C0009E66910135B24CFF346CA80153DE6B00EE
:1095D000D3246D00763A3800081D1600EDA0C700B0
:1095E000AAD19D0089472F008F562000C6F20200A5
:1095F000D43088015CACBA00E697690160BFE50031
:109600008A50BFFEF0D882FF622B06FEA8C431004C
:10961000FD125B01904979003D9227013F6818FFD8
:10962000B8A570FE7EEB620050D562FF7B3C57FF11
:10963000528CF501DF78ADFF0FC68601CE3CEF00FE
:10964000E7EA5CFF21EE13FFA5718E01B0772600DB
:10965000A02BA6FEEF5B69006B3DC201190444001C
:109660000F8B3300A4846AFF22742EFEA85FC5000E
:1096700089D41700489C3A00897045FE96699AFF84
:10968000ECC99D0017D49AFF8852E3FEE23BDDFF50
:109690005F95C000517634FF212BD7010E934BFF0D
:1096A000599C79FE0E124F0093D08B0197DA3EFF42
:1096B0009C580801D2B862FF14AF7BFF6653E500E7
:1096C000DC41740196FA04FF5C8EDCFF22F742FF56
:1096D000CCE1B3FE975197004728ECFF8A3F3E004C
:1096E000064FF0FFB7B9B50076321B003FE3C0006C
:1096F0007B633A0132E09BFF11E1DFFEDCE04DFFCE
:109700000E2C7B018D80AF00F8D4C800963BB7FFCC
:1097100093611D0096CCB500FD254700915577005B
:109720009AC8BA000280F9FF53187C000E578F00C8
:10973000A833F5017C97E7FFD0F0C5017CBEB900E6
:10974000303AF60014E9E8007D1262FF0DFE1FFFBB
:10975000F5B182FF6C8E2300AB7DF2FE8C0C22FFF4
:10976000A5A1A200CECD6500F719220164913900B0
:109770002746390076CCCBFFF200A200A5F41E00EC
:10978000C674E200806F99FF8C36B6013C7A0FFFF9
:109790009B3A39013632C600ABD31DFF6B8AA7FF57
:1097A000AD6BC7FF6DA1C1005948F2FFCE7359FFE1
:1097B000FAFE8EFEB1CA5EFF51593200076942FFC0
:1097C00019FEFFFECB4017FF4FDE6CFF27F94B0061
:1097D000F17C3200EF988500DDF16900939762001B
:1097E000D5A179FEF2318900E925F9FE2AB71B00DF
:1097F000B877E6FFD920A3FFD0FBE401893E83FFC1
:109800004F4009FE5E307100118A32FEC1FF160022
:10981000F712C5014337680010CD5FFF30254200C5
:10982000379C3F0140524AFFC83547FEEF437D0059
:109830001AE0DE00DF895DFF1EE0CAFF09DC84005C
:10984000C626EB01668D56003C2B5101881C1A0080
:10985000E92408FECFF29400A4A23F00332EE0FFDB
:1098600072304FFF09AFE200DE03C1FF2FA0E8FF17
:10987000FF5D69FE0E2AE6001A8A5201D02BF40021
:109880001B2726FF62D07FFF4095B6FF05FAD10067
:10989000BB3C1CFE3119DAFFA974CDFF77127800AA
:1098A0009C7493FF84356DFF0D0ACA006E53A700A8
:1098B0009DDB89FF060382FF32A71EFF3C9F2FFF1F
:1098C00081809DFE5E03BD0003A6440053DFD700E8
:1098D000965AC2010FA84100E35333FFCDAB42FFBC
:1098E00036BB3C0198662DFF779AE100F0F78800BF
:1098F00064C5B2FF8B47DFFFCC52100129CE2AFF8F
:109900009CC0DDFFD87BF4FFDADAB9FFBBBAEFFF0A
:10991000FCACA0FFC334160090AEB5FEBB6473FF71
:10992000D34EB0FF1B07C10093D568FF5AC90AFF89
:10993000507B42011621BA00010763FE1ECE0A00C9
:10994000E5EA0500351ED2008A08DCFE4737A7008D
:1099500048E1560176BEBC00FEC16501ABF9ACFF23
:109960005E9EB7FE5D026CFFB05D4CFF49634FFF2A
:109970004A4081FEF62E410063F17FFEF69766FFB6
:109980002C35D0FE3B66EA009AAFA4FF58F22000C7
:109990006F260100FFB6BEFF73B00FFEA93C810029
:1099A0007AEDF1005A4C3F003E4A78FF7AC36E00D0
:1099B0007704B200DEF2D20082212EFE9C2829001C
:1099C000A792700131A36FFF79B0EB004CCF0EFF6F
:1099D0000319C60129EBD5005524D601315C6DFF72
:1099E000C8181EFEA8ECC30091277C01ECC39500AB
:1099F0005A24B8FF4355AAFF26231AFE837C44FF4E
:109A0000EF9B23FF36C9A400C41675FF310FCD00AC
:109A100018E01D017E7190007515B600CB9F8D007A
:109A2000DF874D00B0E6B0FFBEE5D7FF6325B5FF89
:109A300033158AFF19BD59FF3130A5FE982DF70067
:109A4000AA6CDE0050CA05001B4567FECC1681FFDC
:109A5000B4FC3EFED2015BFF926EFEFFDBA21C0057
:109A6000DFFCD5013B082100CE10F40081D330008B
:109A70006BA0D000703BD1006D4DD8FE2215B9FF10
:109A8000F66338FFB38B13FFB91D32FF545913002F
:109A90004AFA62FFE12AC8FFC0D9CDFFD210A70061
:109AA00063845F012BE63900FE0BCBFF63BC3FFFF5
:109AB00077C1FBFE50693600E8B5BD01B74570FFC0
:109AC000D0ABA5FF2F6DB4FF7B53A50092A234FF4E
:109AD0009A0B04FF97E35AFF928961FE3DE929FF43
:109AE0005E2A37FF6CA4EC009844FE000A8C83FFCA
:109AF0000A6A4FFEF39E890043B242FEB17BC6FF65
:109B00000F3E2200C5582AFF955FB1FF9800C6FF9F
:109B100095FE71FFE15AA3FF7DD9F7001211E00015
:109B2000804278FEC01909FF32DDCD0031D44600F5
:109B3000E9FFA40002D10900DD34DBFEACE0F4FF54
:109B40005E38CE01F2B302FF1F5BA401E62E8AFF4E
:109B5000BDE6DC00392F3DFF6F0B9D00B15B980027
:109B60001CE6620061577E00C65991FFA74F6B004B
:109B7000F94DA0011DE9E6FF961556FE3C0BC1000C
:109B8000972524FEB996F3FFE4D45301AC97B400B3
:109B9000C9A99B00F43CEA008EEB040143DA3C00C7
:109BA000C0714B0174F3CFFF41AC9B00511E9CFF71
:109BB000504821FE12E76DFF8E6B15FE7D1A84FF63
:109BC000B0103BFF96C93A00CEA9C900D079E20097
:109BD00028AC0EFF963D5EFF38399CFF8D3C91FF0F
:109BE0002D6C95FFEE919BFFD1551FFEC00CD2004E
:109BF00063625DFE98109700E1B9DC008DEB2CFFED
:109C0000A0AC15FE471A1FFF0D405DFE1C38C600B4
:109C1000B13EF801B608F100A66594FF4E5185FFEC
:109C200081DED701BCA981FFE807610031703CFFEC
:109C3000D9E5FB00776C8A0027137BFE8331EB00AC
:109C40008454910082E694FF194ABB0005F536FF63
:109C5000B9DBF10112C2E4FFF1CA66006971CA0002
:109C60009BEB4F001509B2FF9C01EF00C8943D002B
:109C700073F7D2FF31DD87003ABD0801232E0900BA
:109C8000514105FF349EB9FF7D742EFF4A8C0DFFB4
:109C9000D25CACFE93174700D9E0FDFE736CB4FFB5
:109CA000913A30FEDBB118FF9CFF3C019A93F20021
:109CB000FD865700354BE50030C3DEFF1FAF32FF96
:109CC0009CD278FFD023DEFF12F8B301020A65FFB1
:109CD0009DC2F8FF9ECC65FF68FEC5FF4F3E0400A5
:109CE000B2AC65016092FBFF410A9C000289A5FFAE
:109CF0007404E700F2D7010013231DFF2BA14F00CE
:109D00003B95F601FB42B000C82103FF506E8EFF69
:109D1000C3A11101E43842FF7B2F91FE8404A4000B
:109D200043AEAC0019FD720057615701FADC5400D4
:109D3000605BC8FF257D3B0013417600A134F1FF35
:109D4000EDAC06FFB0BFFFFF014182FEDFBEE600C3
:109D500065FDE7FF92236D00FA1D4D0131001300F0
:109D60007B5A9B01165620FFDAD541006F5D7F00BC
:109D70003C5DA9FF087FB60011BA0EFEFD89F6FF13
:109D8000D51930FE4CEE00FFF85C46FF63E08B0017
:109D9000B809FF0107A4D000CD83C60157D6C7007C
:109DA00082D65F00DD95DE001726ABFEC56ED500BE
:109DB0002B738CFED7B1760060344201759EED00A6
:109DC0000E40B6FF2E3FAEFF9E5FBEFFE1CDB1FF5E
:109DD0002B058EFFAC63D4FFF4BB93001D3399FFBA
:109DE000E47418FE1E65CF0013F696FF86E70500A3
:109DF0007D86E2014D416200EC8221FF056E3E004E
:109E0000456C7FFF07711600911453FEC2A1E7FF56
:109E100083B53C00D9D1B1FFE594D4FE0383B800EB
:109E200075B1BB011C0E1FFFB0665000325497FF86
:109E30007D1F36FF159D85FF13B38B01E0E81A00E7
:109E40002275AAFFA7FCABFF498DCEFE81FA230045
:109E5000484FEC01DCE514FF29CAADFF634CEEFF6F
:109E6000C616E0FF6CC6C3FF248D6001EC9E3BFF6D
:109E70006A6457006EE20200E3EADE009A5D77FF53
:109E80004A70A4FF435B02FF159121FF66D689FF4C
:109E9000AFE667FEA3F6A6005DF774FEA7E01CFF21
:109EA000DC023901ABCE54007BE411FF1B78770054
:109EB000770B9301B42FE1FF68C8B9FEA5027200C9
:109EC0004D4ED4002D9AB1FF18C479FE529DB600B4
:109ED0005A10BE010C93C5005FEF98FF0BEB4700D3
:109EE000569277FFAC86D6003C83C400A1E1810086
:109EF0001F8278FE5FC8330069E7D2FF3A0994FFFA
:109F00002BA8DDFF7CED8E00C6D332FE2EF5670058
:109F1000A4F854009846D0FFB475B100464FB9007C
:109F2000F34A2000959CCF00C5C4A101F535EF0090
:109F30000F5DF6FE8BF031FFC45824FFA2267B0094
:109F400080C89D01AE4C67FFADA922FED801ABFFD2
:109F50007233110088E4C2006E9638FE6AF69F00E4
:109F600013B84FFF964DF0FF9B50A2000035A9FF9C
:109F70001D975600445E10005C076EFE627595FFEB
:109F8000F94DE6FFFD0A8C00D67C5CFE2376EB00E3
:109F9000593039011635A600B8903DFFB3FFC20015
:109FA000D6F83DFE3B6EF600791551FEA603E4009F
:109FB0006A401AFF45E886FFF2DC35FE2EDC5500CC
:109FC0007195F7FF61B367FFBE7F0B0087D1B600C5
:109FD0005F348101AA90CEFF7AC8CCFFA8649200BA
:109FE0003C9095FE463C28007A34B1FFF6D365FFDD
:109FF000AEED080007337800131FAD007EEF9CFF25
:10A000008FBDCB00C48058FFE985E2FF1E7DADFF08
:10A01000C96C32007B643BFFFEA30301DD94B5FFF6
:10A02000D68839FEDEB489FFCF5836FF1C21FBFFEE
:10A0300043D63401D2D0640051AA5E009128350085
:10A04000E06FE7FE231CF4FFE2C7C3FEEE11E6005B
:10A05000D9D9A4FEA99DDD00DA2EA201C7CFA3FFA6
:10A060006C73A2010E60BBFF763C4C00B89F980059
:10A07000D1E747FE2AA4BAFFBA9933FEDDABB6FF9B
:10A08000A28EAD00EB2FC100078B10015FA440FF33
:10A0900010DDA600DBC51000841D2CFF644575FF94
:10A0A0003CEB58FE2851AD0047BE3DFFBB589D001C
:10A0B000E70B1700ED75A400E1A8DFFF9A7274FFAB
:10A0C000A398F2011820AA007D6271FEA8134C002B
:10A0D000119DDCFE9B340500136FA1FF475AFCFF66
:10A0E000AD6EF0000AC679FFFDFFF0FF427BD200A3
:10A0F000DDC2D7FE79A311FFE1076300BE31B600D0
:10A1000073098501E81A8AFFD54484002C777AFF09
:10A11000B3623300955A6A004732E6FF0A9976FF28
:10A12000B1461900A557CD00378AEA00EE1E61003E
:10A13000719BCF0062997F00226BDBFE7572ACFFD2
:10A140004CB4FFFEF239B3FFDD22ACFE38A231FF82
:10A150005303FFFF71DDBDFFBC19E4FE105859FF2A
:10A16000471CC6FE161195FFF379FEFF6BCA63FF0D
:10A1700009CE0E01DC2F99006B8927016131C2FFE6
:10A180009533C5FEBA3A0BFF6B2BE801C8060EFFEC
:10A19000B58541FEDDE4ABFF7B3EE701E3EAB3FFBB
:10A1A00022BDD4FEF4BBF900BE0D5001825901005E
:10A1B000DF85AD0009DEC6FF427F4A00A7D85DFFFC
:10A1C0009BA8C6014291000044662E01AC5A9A0039
:10A1D000D8804BFFA02833009E111B017CF031007A
:10A1E000ECCAB0FF977CC0FF26C1BE005FB63D0041
:10A1F000A3937CFFFFA533FF1C2811FED7604E0000
:10A200005691DAFE1F24CAFF560905006F29C8FFC0
:10A21000ED6C6100393E2C0075B80F012DF1740012
:10A220009801DCFF9DA5BC00FA0F83013C2C7DFF4B
:10A2300041DCFBFF4B32B800355A80FFE750C2FFCC
:10A2400088817F011512BBFF2D3AA1FF47932200A1
:10A25000AEF90BFE238D1D00EF44B1FF736E3A0083
:10A26000EEBEB10157F5A6FFBE31F7FF9253B8FF1E
:10A27000AD0E27FF92D768008EDF780095C89BFF50
:10A28000D4CF910110B5D900AD2057FFFF23B50001
:10A2900077DFA101C8DF5EFF4606BAFFC04355FF66
:10A2A00032A99800901A7BFF38F3B3FE144488005B
:10A2B000278CBCFEFDD005FFC87387012BACE5FFE2
:10A2C0009C68BB0097FBA70034871700979948004C
:10A2D00093C56BFE949E05FFEE8FCE007E9989FF9D
:10A2E0005898C5FE0744A700FC9FA5FFEF4E36FF18
:10A2F000183F37FF26DE5E00EDB70CFFCECCD20054
:10A300001327F6FE1E4AE700876C1D01B373000099
:10A31000757674018406FCFF9181A10169438D006B
:10A320005225E2FFEEE2E4FFCCD681FEA27B64FF81
:10A33000B979EA002D6CE700420838FF8488800074
:10A34000ACE042FEAF9DBC00E6DFE2FEF2DB450082
:10A35000B80E770152A23800727B1400A26755FF35
:10A3600031EF63FE9C87D7006FFFA7FE27C4D6009E
:10A3700090264F01F9A87D009B619CFF1734DBFFFD
:10A38000961690002C95A5FF287FB700C44DE9FFD5
:10A390007681D2FFAA87E6FFD677C600E9F02300D0
:10A3A000FD3407FF756630FF15CC9AFFB388B1FF07
:10A3B00017020301958259FFFC119F01463C1A00C8
:10A3C000906B1100B4BE3CFF38B63BFF6E4736FFC2
:10A3D000C61281FF95E057FFDF1598FF8A16B6FF7A
:10A3E000FA9CCD00EC2DD0FF4F94F2016546D100D0
:10A3F000674EAE006590ACFF9888ED01BFC2880043
:10A4000071507D0198048D009B9635FFC474F50052
:10A41000EF7249FE135211FF7C7DEAFF2834BF0022
:10A420002AD29EFF9B84A500B2052A01405C28FF2A
:10A4300024554DFFB2E47600894260FE73E242008B
:10A440006EF045FE976F5000A7AEECFFE36C6BFF1C
:10A45000BCF241FFB751FF0039CEB5FF2F22B5FF47
:10A46000D5F09E01474B5F009C2818FF66D2510033
:10A47000ABC7E4FF9A222900E3AF4B0015EFC300FE
:10A480008AE55F014CC03100757B5701E3E1820032
:10A490007D3E3FFF02C6AB00FE240DFE91BACE000A
:10A4A00094FFF4FF2300A6001E96DB015CE4D400B9
:10A4B0005CC63CFE3E85C8FFC9293B007DEE6DFFB2
:10A4C000B4A3EE018C7A5200091658FFC59D2FFFE8
:10A4D000995E3900581EB60054A15500B2927C0016
:10A4E000A6A607FF15D0DF009CB6F2009B79B90045
:10A4F000539CAEFE9A1076FFBA53E801DF3A79FF1B
:10A500001D175800237D7FFFAA0595FEA40C82FF2E
:10A510009BC41D00A160880007231D01A225FB002C
:10A52000032EF2FF00D9BC0039AEE201CEE90200F1
:10A5300039BB88FE7BBD09FFC9757FFFBA24CC00FB
:10A54000E719D800504E6900138681FF94CB440070
:10A550008D517DFEF8A5C8FFD69087009737A6FFDE
:10A5600026EB5B00152E9A00DFFE96FF2399B4FFC1
:10A570007DB01D012B621EFFD87AE6FFE9A00C001A
:10A5800039B90CFEF07107FF050910FE1A5B6C006B
:10A590006DC6CB00089328008186E4FF7CBA28FFB3
:10A5A000726284FEA684170063452C0009F2EEFF58
:10A5B000B8353B00848166FF3420F3FE93DFC8FF8B
:10A5C0007B53B3FE8790C9FF8D253801973CE3FF8D
:10A5D0005A499C01CBACBB0050972FFF5E89E7FF27
:10A5E00024BF3BFFE1D1B5FF4AD7D5FE0676B3FFC6
:10A5F0009936C1013200E700689D48018CE39AFF5B
:10A60000B6E210FE60E15CFF7314AAFE06FA4E008B
:10A61000F84BADFF355906FF00B4760048AD010098
:10A620004008CE01AE85DF00B93E85FFD60B620043
:10A63000C51FD000ABA7F4FF16E7B50196DAB90045
:10A64000F7A96101A58BF7FF2F78950167F8330013
:10A650003C451CFE19B3C4007C07DAFE3A6B51007E
:10A66000B8E99CFFFC4A240076BC43008D5F35FFAF
:10A67000DE5EA5FE2E3D3500CE3B73FF2FECFAFFCC
:10A680004A052001819AEEFF6A20E20079BB3DFF76
:10A6900003A6F1FE43AAACFF1DD8B2FF17C9FC0008
:10A6A000FD6EF300C87D39006DC060FF3473EE00AD
:10A6B0002679F3FFC9382100C27682004B6019FF6A
:10A6C000AA1EE6FE273FFD00242DFAFFFB01EF0046
:10A6D000A0D45C012DD1ED00F32157FEED54C9FF4C
:10A6E000D4129DFED4637FFFD96210FE8BACEF00C5
:10A6F000A8C982FF8FC1A9FFEE97C101D7682900C1
:10A70000EF3DA5FE0203F20016CBB1FEB1CC160060
:10A710009581D5FE1F0B29FF009F79FEA01972FFBE
:10A72000A250C8009D970B009A864E01D836FC00B7
:10A730003067850069DCC500FDA84DFE35B3170004
:10A740001879F001FF2E60FF6B3C87FE62CDF9FFA8
:10A750003FF977FF783BD3FF72B437FE5B55ED00CE
:10A7600095D44D013849310056C696005DD1A00000
:10A7700045CDB6FFF45A2B001424B0007A74DD00E6
:10A7800033A72701E7013FFF0DC5860003D122FF54
:10A79000873BCA00A7644E002FDF4C00B93C3E0047
:10A7A000B2A67B01840CA1FF3DAE2B00C3459000F7
:10A7B0007F2FBF01222C4E0039EA3401FF1628FFFB
:10A7C000F65E920053E480003C4EE0FF0060D2FF52
:10A7D00099AFEC009F154900B473C4FE83E16A0091
:10A7E000FFA786009F0870FF7844C2FFB0C4C6FF71
:10A7F0007630A8FF5DA9010070C866014A18FE0006
:10A80000138D04FE8E3E3F0083B3BBFF4D9C9BFF28
:10A810007756A400AAD092FFD0859AFF949B3AFF66
:10A82000A278E8FEFCD59B00F10D2A005E32830081
:10A83000B3AA70008C5397FF377754018C23EFFF36
:10A84000992D4301ECAF2700369767FF9E2A41FF01
:10A85000C4EF87FE5635CB0095612FFED82311FF3C
:10A860004603460167245AFF281AAD00B8300D0090
:10A87000A3DBD9FF510601FFDDAA6CFEE9D05D0024
:10A8800064C9F9FE562423FFD19A1E01E3C9FBFFD8
:10A8900002BDA7FE643903000D802900C5644B008A
:10A8A00096CCEBFF91AE3B0078F895FF5537E10071
:10A8B00072D235FEC7CC77000EF74A013FFB81000C
:10A8C00043689701878250004F5937FF75E69DFF17
:10A8D00019608F00D591050045F1780195F35FFF70
:10A8E000722A1400834802009A3514FF493E6D0015
:10A8F000C4669800290CCCFF7A260B01FA0A910055
:10A90000CF7D9400F6F4DEFF2920550170D57E003E
:10A91000A2F9560147C67FFF51091501622704FFBE
:10A92000CC472D014B6F8900EA3BE70020305FFFE9
:10A93000CC1F72011DC4B5FF33F1A7FE5D6D8E0003
:10A9400068902D00EB0CB5FF3470A4004CFECAFFDC
:10A95000AE0EA2003DEB93FF2B40B9FEE97DD9007E
:10A96000F358A7FE4A3108009CCC42007CD67B00FD
:10A9700026DD76019270EC007262B1009759C70033
:10A9800057C57000B995A1002C60A500F8B314FF5D
:10A99000BCDBD8FE283E0D00F38E8D00E5E3CEFF34
:10A9A000ACCA23FF75B0E1FF526E26012AF50EFFF7
:10A9B0001453610031AB0A00F277780019E83D00CA
:10A9C000D4F093FF047338FF9111EFFECA11FBFF1F
:10A9D000F912F5FF6375EF00B804B3FFF6ED33FF2E
:10A9E00025EF89FFA670A6FF51BC21FFB9FA8EFFA3
:10A9F00036BBAD00D070C900F62BE40168B858FF33
:10AA0000D434C4FF33756CFFFE759B002E5B0FFFC3
:10AA1000570E90FF57E3CC00531A53019F4CE300AD
:10AA20009F1BD50118976C007590B3FE89D1520019
:10AA3000269F0A007385C900DFB69C016EC45DFFC6
:10AA4000393CE90005A769FF9AC5A4006022BAFF56
:10AA500093852501DC63BE0001A754FF1491AB0070
:10AA6000C2C5FBFE5F4E85FFFCF8F3FFE15D83FF8F
:10AA7000BB86C4FFD899AA0014769EFE8C0176008E
:10AA8000569E0F012DD329FF930164FE71744CFF74
:10AA9000D37F6C01670F3000C110660145335FFF43
:10AAA0006B809D0089ABE9005A7C90016AA1B600D9
:10AAB000AF4CEC01C88DACFFA33A6800E9B434FF99
:10AAC000F0FD0EFFA271FEFF26EF8AFE342EA600D7
:10AAD000F16521FE83BA9C006FD03EFF7C5EA0FF33
:10AAE0001FACFE0070AE38FFBC631BFF438AFB0047
:10AAF0007D3A80019C98AEFFB20CF7FFFC549E009B
:10AB000052C50EFEACC853FF25272E016ACFA70001
:10AB100018BD220083B29000CED50400A1E2D2007D
:10AB2000483369FF612DBBFF4EB8DFFFB01DFB004E
:10AB30004FA056FF7425B200524DD50152548DFFDF
:10AB4000E265D401AF58C7FFF55EF701AC766DFF43
:10AB5000A6B9BE0083B5780057FE5DFF86F049FFB9
:10AB600020F58FFF8BA267FFB36212FED9CC700075
:10AB700093DF78FF350AF300A68C96007D50C8FF5E
:10AB80000E6DDBFF5BDA01FFFCFC2FFE6D9C74FF9A
:10AB900073317F01CC57D3FF94CAD9FF1A55F9FFFF
:10ABA0000EF586014C59A9FFF22DE6003B62ACFF81
:10ABB000724984FE4E9B31FF9E7E540031AF2BFFC5
:10ABC00010B654FF9D67230068C16DFF43DD9A00F6
:10ABD000C9AC01FE08A25800A5011DFF7D9BE5FF41
:10ABE0001E9ADC0167EF5C00DC016DFFCAC6010044
:10ABF0005E028E0124362C00EBE29EFFAAFBD6FFFC
:10AC0000B94D0900614AF200DBA395FFF02376FFFE
:10AC1000DF7258FEC0C703006A2518FFC9A176FF7E
:10AC200061596301E03A67FF65C793FEDE3C63004C
:10AC3000EA193B0134871B0066035BFEA8D8EB00D2
:10AC4000E5E88800683C81002EA8EE0027BF43009D
:10AC50004BA32F008F6162FF38D8A801A8E9FCFF41
:10AC6000236F16FF5C542B001AC857015BFD980038
:10AC7000CA3846008E084D00500AAF01FCC74C0090
:10AC8000166E52FF8101C2000B803D01570E91FFED
:10AC9000FDDEBE010F48AE0055A356FE3A632CFF01
:10ACA0002D18BCFE1ACD0F0013E5D2FEF843C300E9
:10ACB0006347B8009AC725FF97F379FF26334BFF08
:10ACC000C95582FE2C41FA003993F3FE922B3BFFCB
:10ACD000591C3500215418FFB33312FEBD465300F2
:10ACE0000B9CB301628677009E6F6F00779A49FFD5
:10ACF000C83F8CFE2D0D0DFF9AC002FE51482A0060
:10AD00002EA0B9FE2C70060092D795011AB06800EB
:10AD1000441C5701EC3299FFB380FAFECEC1BFFF4D
:10AD2000A65C89FE3528EF00D201CCFEA8AD230039
:10AD30008DF32D0124326DFF0FF2C2FFE39F7AFFE6
:10AD4000B0AFCAFE4639480028DF3800D0A23AFF2B
:10AD5000B7625D000F6F0C001E084CFF847FF6FF8A
:10AD60002DF2670045B50FFF0AD11E0003B379002D
:10AD7000F1E8DA017BC758FF02D2CA01BC8251FF59
:10AD80005E65D00167242D004CC118015F1AF1FFE8
:10AD9000A5A2BB0024728C00CA4205FF253893008F
:10ADA000980BF3017F55E8FFFA87D401B9B1710020
:10ADB0005ADC4BFF45F89200326F32005C165000AF
:10ADC000F42473FEA36452FF19C106017F3D2400E1
:10ADD000FD431EFE41ECAAFFA111D7FE3FAF8C0040
:10ADE000377F04004F70E9006DA028008F5307FFE4
:10ADF000411AEEFFD9A98CFF4E5EBDFF0093BEFF46
:10AE00009347BAFE6A4D7FFFE99DE9018757EDFF41
:10AE1000D00DEC019B6D24FFB464DA00B4A31200E2
:10AE2000BE6E0901113F7BFFB388B4FFA57B7BFF9A
:10AE300090BC51FE47F06CFF19700BFFE3DA33FF53
:10AE4000A732EAFF724F6CFF1F1373FFB7F0630066
:10AE5000E3578FFF48D9F8FF66A95F0181959500F8
:10AE6000EE850C01E3CC2300D0731A016608EA00DA
:10AE700070588F0190F90E00F09EACFE6470770060
:10AE8000C28D99FE283853FF79B02E002A354CFF29
:10AE90009EBF9A005BD15C00AD0D10010548E2FF3A
:10AEA000CCFE950050B8CF0064097AFE7665ABFF02
:10AEB000FCCB00FEA0CF36003848F901388C0DFFDE
:10AEC0000A406BFE5B6534FFE1B5F8018BFF84003F
:10AED000E6911100E93817007701F1FFD5A997FF36
:10AEE000636309FEB90FBFFFAD676D01AE0DFBFFD8
:10AEF000B25807FE1B3B44FF0A2102FFF8613B00EA
:10AF00001A1E9201B0930A005F79CF01BC58180055
:10AF1000B95EFEFE7337C900183246007835060068
:10AF20008E429200E4E2F9FF68C0DE01AD44DB002E
:10AF3000A2B824FF8F6689FF9D0B17007D2D62004C
:10AF4000EB5DE1FE3870A0FF4674F30199F937FF1D
:10AF500081271101F150F400574515015EE449FFC6
:10AF60004E4241FFC2E3E7003D9257FFAD9B17FF02
:10AF70007074DBFED8260BFF83BA85005ED4BB005D
:10AF8000642F5B00CCFEAFFFDE12D7FEAD446CFF3A
:10AF9000E3E44FFF26DDD500A3E396FE1FBE1200BB
:10AFA000A0B30B010A5A5EFFDCAE5800A3D3E5FF45
:10AFB000C7883400825FDDFF8CBCE7FE8B7180FFA9
:10AFC00075ABECFE31DC14FF3B14ABFFE46DBC0051
:10AFD00014E120FEC310AE00E3FE8801872769005C
:10AFE000964DCEFFD2EEE20037D484FEEF397C00DE
:10AFF000AAC25DFFF910F7FF18973EFF0A970A00F3
:10B000004F8BB2FF78F2CA001ADBD5003E7D23FFDA
:10B0100090026CFFE62153FF512DD801E03E110054
:10B02000D6D97D00629999FFB3B06AFE835D8AFF2D
:10B030006D3E24FFB27920FF78FC4600DCF8250045
:10B04000CC58670180DCFBFFECE307016A31C6FFE7
:10B050003C386B006372EE00DCCC5E0149BB010042
:10B06000599A22004ED9A5FF0EC3F9FF09E6FDFF4C
:10B07000CD87F5001AFC07FF54CD1B018602700036
:10B08000259E2000E75BEDFFBFAACCFF9807DE00FE
:10B090006DC03100C1A692FFE813B5FF698E34FF81
:10B0A00067101B01FDC8A500C3D904FF34BD90FF84
:10B0B0007B9BA0FE578236FF4E783DFF0E3829005D
:10B0C00019297DFF57A8F500D6A54600D4A906FF8B
:10B0D000DBD3C2FE485DA4FFC52167FF2B8E8D0028
:10B0E00083E1AC00F4691C004444E10088540DFF86
:10B0F000823928FE8B4D380054963500365F9D000E
:10B10000900DB1FE5F73BA00751776FFF4A6F1FFDC
:10B110000BBA8700B26ACBFF61DA5D002BFD2D0010
:10B12000A49804008B76EF00600118FEEB99D3FF22
:10B13000A86E14FF32EFB0007229E800C1FA3500A2
:10B14000FEA06FFE887A29FF616C4300D79817FF35
:10B150008CD1D4002ABDA300CA2A32FF6A6ABDFF7F
:10B16000BE44D9FFE93A7500E5DCF301C5030400EC
:10B17000257836FE049C86FF243DABFEA58864FF3F
:10B18000D4E80E005AAE0A00D8C641FF0C034000B6
:10B19000747173FFF8670800E77D12FFA01CC500FB
:10B1A0001EB82301DF49F9FF7B142EFE873825FFE7
:10B1B000AD0DE50177A122FFF53D4900CD7D700081
:10B1C00089688600D9F61EFFED8E8F00419F66FFCD
:10B1D0006CA4BE00DB75ADFF222578FEC84550008B
:10B1E0001F7CDAFE4A1BA0FFBA9AC7FF47C7FC00C4
:10B1F00068519F0111C82700D33DC0011AEE5B00C2
:10B2000094D90C003B5BD5FF0B51B7FF81E67AFF69
:10B2100072CB910177B442FF488AB400E0956A008E
:10B22000775268FFD08C2B006209B6FFCD6586FF90
:10B23000126526005FC5A6FFCBF193003ED091FFBB
:10B2400085F6FB0002A90E000DF7B8008E07FE0080
:10B2500024C817FF58CDDF005B8134FF15BA1E00EC
:10B260008FE4D201F7EAF8FFE6451FFEB0BA87FF88
:10B27000EECD34018B4F2B0011B0D9FE20F34300EB
:10B28000F26FE9002C2309FFE372510104470CFF20
:10B290002669BF00077532FF514F10003F4441FF40
:10B2A0009D246EFF4DF103FFE22DFB018E19CE00B0
:10B2B000787BD1011CFEEEFF05807EFF5BDED7FFB1
:10B2C000A20FBF0056F0490087B951FE2CF1A30030
:10B2D000D4DBD2FF70A29B00CF657600A84838FF70
:10B2E000C405340048ACF2FF7E169DFF92603BFF20
:10B2F000A27998FE8C105F00C3FEC8FE5296A20091
:10B30000772B91FECCAC4EFFA6E09F006813EDFFBB
:10B31000F57ED0FFE23BD50075D9C5009848ED0019
:10B32000DC1F17FE0E5AE7FFBCD440013C65F6FF58
:10B330005518560001B16D00925320014BB6C00064
:10B3400077F1E000B9ED1BFFB8655201EB254DFF29
:10B35000FD861300E8F67A003C6AB300C30B0C00CC
:10B360006D42EB017D713B003D28A400AF68F00009
:10B37000022FBBFF320C8D00C28BB5FF87FA68002D
:10B38000615CDEFFD995C9FFCBF176FF4F97430093
:10B390007A8EDAFF95F5EF008A2AC8FE502561FF04
:10B3A0007C70A7FF248A57FF821D93FFF1574EFF41
:10B3B000CC611301B1D116FFF7E37FFE637753FF32
:10B3C000D419C60110B3B300914DACFE59990EFFCC
:10B3D000DABDA7006BE93BFF2321F3FE2C7070FF61
:10B3E000A17F4F01CCAF0A0028158AFE6874E400E3
:10B3F000C75F89FF85BEA8FF92A5EA01B763270052
:10B40000B7DC36FEFFDE8500A2DB79FE3FEF0600EB
:10B41000E16636FFFB12F6000422810187248300D7
:10B42000CE323B010F61B700ABD887FF65982BFF89
:10B4300096FB5B0026915F0022CC26FEB28C53FF68
:10B440001981F3FF4C9025006A241AFE7690ACFF18
:10B4500044BAE5FF6BA1D5FF2EA344FF95AAFD00DA
:10B46000BB110F00DAA0A5FFAB23F601600D13009E
:10B47000A5CB7500D66BC0FFF47BB10164036800F7
:10B48000B2F261FFFB4C82FFD34D2A01FA4F46FF17
:10B490003FF450016965F6003D883A01EE5BD50046
:10B4A0000E3B62FFA7544D0011842EFE39AFC5FF3D
:10B4B000B93EB8004C40CF00ACAFD0FEAF4A25003B
:10B4C0008A1BD3FE947DC2000A595100A8CB65FFA8
:10B4D0002BD5D101EBF536001E23E2FF097E460095
:10B4E000E27D5EFE9C7514FF39F87001E63040FF86
:10B4F000A45CA601E0D6E6FF24788F0037082BFF76
:10B50000FB01F5016A62A5004A6B6AFE350436FF4D
:10B510005AB2960103787BFFF405590172FA3DFF98
:10B52000FE9952014D0F110039EE5A015FDFE6001E
:10B53000EC342FFE6794A4FF79CF24011210B9FFD9
:10B540004B144A00BB0B65002E3081FF16EFD2FF73
:10B550004DEC81FF6F4DCCFF3D4861FFC7D9FBFF2C
:10B560002AD7CC008591C9FF39E69201EB64C60069
:10B57000924923FE6CC614FFB64FD2FF5267880073
:10B58000F66CB00022113CFF134A72FEA8AA4EFFCF
:10B590009DEF14FF9529A8003A791C004FB386FF50
:10B5A000E77987FFAED162FFF37ABE00ABA6CD008C
:10B5B000D47430001D6C42FFA2DEB6010E77150078
:10B5C000D527F9FFFEDFE4FFB7A5C60085BE300032
:10B5D0007CD06DFF77AF55FF09D1790130ABBDFF4E
:10B5E000C347860188DB33FFB65B8DFE319F480081
:10B5F0002376F5FF70BAE3FF3B891F00892CA30077
:10B6000072673CFE08D59600A20A71FFC268480026
:10B61000DC8374FFB24F5C00CBFAD5FE5DC1BDFF89
:10B6200082FF22FED4BC9700881114FF146553FFDB
:10B63000D4CEA600E5EE49FF974A03FFA857D700EE
:10B640009BBC85FFA6814900F04F85FFB2D351FF17
:10B65000CB48A3FEC1A8A5000EA4C7FE1EFFCC00C8
:10B6600041485B01A64A66FFC82A00FFC271E3FF9A
:10B670004217D000E5D864FF18EF1A000AE93EFF30
:10B680007B0AB2011A24AEFF77DBC7012DA3BE00EF
:10B6900010A82A00A639C6FF1C1A1A007EA5E700CA
:10B6A000FB6C64FF3DE579FF3A768A004CCF1100D0
:10B6B0000D2270FE5910A80025D069FF23C9D7FFBD
:10B6C000286A65FE06EF72002867E2FEF67F6EFFCD
:10B6D0003FA73A0084F08E00059E58FF81499EFFE7
:10B6E0005E599200E6369200082DAD004FA9010088
:10B6F00073BAF7005440830043E0FDFFCFBD400024
:10B700009A1C51012DB836FF57D4E0FF006049FF65
:10B710008121EB01344250FFFBAE9BFF04B32500B7
:10B72000EAA45DFE5DAFFD00C64557FFE06A2E004E
:10B73000631DD2003EBC72FF2CEA0800A9AFF7FFE0
:10B74000176D89FFE5B62700C0A55EFEF565D90037
:10B75000BF586000C45E63FF6AEE0BFE357EF300E7
:10B760005E0165FF2E930200C97C7CFF8D0CDA0020
:10B770000DA69D0130FBEDFF9BFA7CFF6A9492FFC2
:10B78000B60DCA001C3DA700D99808FEDC822DFF2B
:10B79000C8E6FF01374157FF5DBF61FE72FB0E0037
:10B7A00020695C011ACF8D0018CF0DFE153230FFD5
:10B7B000BA9474FFD32BE1002522A2FEA4D22AFF63
:10B7C000441760FFB6D608FFF57589FF42C3320003
:10B7D0004B0C53FE508CA40009A52401E46EE30039
:10B7E000F1115A011934D40006DF0CFF8BF3390034
:10B7F0000C714B01F6B7BFFFD5BF45FFE60F8E00BA
:10B8000001C3C4FF8AAB2FFF403F6A0110A9D6FFD6
:10B81000CFAE3801584985FFB6858C00B10E19FFAF
:10B8200093B835FF0AE3A1FF78D8F4FF494DE9004A
:10B830009DEE8B013B41E90046FBD80129B899FFF9
:10B8400020CB70009293FD0057656D012C5285FF4F
:10B85000F49635FF5E98E8FF3B5D27FF5893DCFFC9
:10B860004E510D01202FFCFFA01372FF5D6B27FFCF
:10B870007610D301B977D1FFE3DB7FFE5869ECFF87
:10B88000A26E17FF24A66EFF5BECDDFF42EA740098
:10B890006F13F4FE0AE91A0020B706FE02BFF20099
:10B8A000DA9C35FE293C46FFA8EC6F0079B97EFF93
:10B8B000EE8ECFFF377E3400DC81D0FE50CCA4FF6B
:10B8C000431790FEDA286CFF7FCAA400CB2103FF48
:10B8D000029E00002560BCFFC0314A006D040000DC
:10B8E0006FA70AFE5BDA87FFCB42ADFF96C2E2008C
:10B8F000C9FD06FFAE667900CDBF6E0035C20400FB
:10B9000051282DFE23668FFF0C6CC6FF101BE8FF2D
:10B91000FC47BA01B06E72008E037501714D8E0046
:10B92000139CC5015C2FFC0035E816013612EB00B4
:10B930002E23BDFFECD481000260D0FEC8EEC7FF0D
:10B940003BAFA4FF922BE700C2D934FF03DF0C000A
:10B950008A36B2FE55EBCF00E8CF2200313432FFF9
:10B96000A67159FF0A2DD8FF3EAD1C006FA5F60049
:10B9700076735BFF80543C00A790CB00570DF3001B
:10B98000161EE401B17192FF81AAE6FEFC9981FFC7
:10B9900091E12B0046E705FF7A697EFE56F694FF9B
:10B9A0006E259AFED1035B0044913E00E410A5FF92
:10B9B00037DDF9FEB2D25B005392E2FE4592BA0047
:10B9C0005DD268FE1019AD00E7BA2600BD7A8CFF83
:10B9D000FB0D70FF696E5D00FB48AA00C017DFFF1A
:10B9E0001803CA01E15DE4009993C7FE6DAA160031
:10B9F000F865F6FFB27C0CFFB2FE66FE370441002C
:10BA00007DD6B400B76093002D7517FE84BFF90092
:10BA10008FB0CBFE88B736FF92EAB100926556FF31
:10BA20002C7B8F0121D19800C05A29FE530F7DFF36
:10BA3000D5AC5200D7A99000100D220020D164FF90
:10BA40005412F901C511ECFFD9BAE60031A0B0FFDC
:10BA50006F7661FFED68EB004F3B5CFE45F90BFF35
:10BA600023AC4A0113764400DE7CA5FFB44223FFD9
:10BA700056AEF6002B4A6FFF7E9056FFE4EA5B005D
:10BA8000F2D518FE452CEBFFDCB4230008F807FFC5
:10BA9000662F5CFFF0CD66FF71E6AB011FB9C9FFF1
:10BAA000C2F646FF7A11BB008646C7FF950396FF94
:10BAB000753F670041687BFFD4361301068D58003F
:10BAC0005386F3FF88356700A91BB400B131180015
:10BAD0006F36A700C33DD7FF1F016C013C2A46000B
:10BAE000B903A2FFC29528FFF67F26FEBE7726FF88
:10BAF0003D77080160A1DBFF2ACBDD01B1F2A4FF95
:10BB0000F59F0A0074C40000055DCDFE807FB30080
:10BB10007DEDF6FF95A2D9FF572514FE8CEEC000EF
:10BB20000909C1006101E2001D260A0000883FFFEB
:10BB3000E548D2FE26865CFF4EDAD001682454FF29
:10BB40000C05C1FFF2AF3DFFBFA92E01B39393FFD8
:10BB500071BE8BFE7DAC1F00034BFCFED7240F0093
:10BB6000C11B1801FF4595FF6E817600CB5DF90082
:10BB70008A8940FE264606009974DE00A14A7B00B1
:10BB8000C1634FFF763B5EFF3D0C2B0192B19D00E0
:10BB90002E93BF0010FF26000B331F013C3A62FFBB
:10BBA0006FC24D019A5BF4008C289001AD0AFB0036
:10BBB000CBD132FE6C824E00E4B45A00AE07FA00DC
:10BBC0001FAE3C0029AB1E00746352FF76C18BFF91
:10BBD000BBADC6FEDA6F3800B97BD800F99E3400E1
:10BBE00034B45DFFC9095BFF382DA6FE849BCBFFF3
:10BBF0003AE86E0034D359FFFD00A2010957B7009F
:10BC000091882C015E7AF50055BCAB01935CC600AF
:10BC1000000868001E5FAE00DDE63401F7F7EBFFB9
:10BC200089AE35FF2315CCFF47E3D601E852C200A9
:10BC30000B30E3FFAA49B8FFC6FBFCFE2C702200C4
:10BC4000836583FF48A8BB0084877DFF8A6861FF06
:10BC5000EEB8A8FFF36854FF87D8E2FF8B90ED00A1
:10BC6000BC89960150388CFF56A9A7FFC24E19FF18
:10BC7000DC11B4FF110DC1007589D4FF8DE0970070
:10BC800031F4AF00C163AFFF13639A01FF413EFF80
:10BC90009CD237FFF2F403FFFA0E95009E58D9FFAD
:10BCA0009DCF86FEFBE81C002E9CFBFFAB38B8FF47
:10BCB000EF33EA008E8A83FF19FEF3010AC9C2003E
:10BCC0003F614B00D2EFA200C0C81F0175D6F30040
:10BCD0001847DEFE3628E8FF4CB76FFE900E57FF80
:10BCE000D64F88FFD8C4D400841B8CFE8305FD008A
:10BCF0007C6C13FF1CD74B004CDE37FEE9B63F00CF
:10BD000044ABBFFE346FDEFF0A694DFF50AAEB0063
:10BD10008F1858FF2DE779009481E0013DF654001B
:10BD2000FD2EDBFFEF4C2100319412FEE62545008D
:10BD3000438616FE8E9B5E001F9DD3FED52A1EFFF6
:10BD400004E4F7FEFCB00DFF27001FFEF1F4FFFF37
:10BD5000AA2D0AFEFDDEF900DE728400FF2F06FF29
:10BD6000B4A3B301545E97FF59D152FEE534A9FF45
:10BD7000D5EC0001D638E4FF877797FF70C9C10082
:10BD800053A035FE0697420012A21100E9615B0044
:10BD900083054E01B57835FF755F3FFFED75B9003E
:10BDA000BF7E88FF9077E900B73961012FC9BBFFDB
:10BDB000A7A577012D647E00156206FE91965FFFB0
:10BDC00078369800D16268008F6F1EFEB894F90033
:10BDD000EBD82E00F8CA94FF395F1600F2E1A300F9
:10BDE000E9F7E8FF47AB13FF67F431FF54675DFFE6
:10BDF0004479F40152E00D00294F2BFFF9CEA7FF43
:10BE0000D73415FEC02016FFF76F3C00654A26FFA9
:10BE1000165B54FE1D1C0DFFC6E7D7FEF49AC80042
:10BE2000DF89ED00D3840E005F40CEFF113EF7FFA7
:10BE3000E98379015D174D00CDCC34FE51BD8800FA
:10BE4000B4DB8A018F125E00CC2B8CFEBCAFDB0012
:10BE50006F628FFF973FA2FFD33247FE13923500E8
:10BE6000922D53FEB252EEFF108554FFE2C65DFFE5
:10BE7000C96114FF787623FF7232E7FFA2E59CFFC9
:10BE8000D31A0C00722773FFCED48600C5D9A0FF49
:10BE900074815EFEC7D7DBFF4BDFF901FD74B5FF90
:10BEA000E8D768FFE482F6FFB97556000E05080072
:10BEB000EF1D3D01ED5785FF7D9289FECCA8DF0087
:10BEC0002EA8F5009A691600DCD4A1FF6B4518FF77
:10BED00089DAB5FFF154C6FF827AD3FF8D0899FF46
:10BEE000BEB176006059B200FF1030FE7A6069FF83
:10BEF0007536E8FF227E69FFCC43A600E8348AFF4E
:10BF0000D3930C00193607002C0FD7FE33EC2D000D
:10BF1000BE4481016A93E1001C5D2DFEEC8D0FFF94
:10BF2000113DA100DC73C000EC9118FE6FA8A900C0
:10BF3000E03A3FFF7FA4BC0052EA4B01E09E86003E
:10BF4000D1446E01D9A6D90046E1A601BBC18FFF3D
:10BF5000100758FF0ACD8C0075C09C0111382600CF
:10BF60001B7C6C01ABD737FF5FFDD4009B87A8FF1C
:10BF7000F6B299FE9A444A00E83D60FE69843B00AF
:10BF8000214CC701BDB082FF096819FE4BC666FF90
:10BF9000E90170006CDC14FF72E646008CC285FF7C
:10BFA000399EA4FE920650FFA9C4610155B78200D4
:10BFB000469EDE013BEDEAFF60191AFFE8AF61FF24
:10BFC0000B79F8FE5823C200DBB4FCFE4A08E300FC
:10BFD000C3E34901B86EA1FF31E9A40180352F0008
:10BFE000520E79FFC1BE3A0030AE75FF84172000B3
:10BFF000280A8601163319FFF00BB0FF6E39920044
:10C00000758FEF019D6576FF36544C00CDB812FF59
:10C010002F0448FF4E7055FFC13242015D1034FFBE
:10C02000086986000C6D48FF3A9CFB009023CC0009
:10C030002CA075FE326BC2000144A5FF6F6EA200FA
:10C040009E5328FE4CD6EA003AD8CDFFAB6093FF52
:10C0500028E37201B0E3F10046F9B70188548BFF81
:10C060003C7AF7FE8F0975FFB1AE89FE49F78F0064
:10C07000ECB97EFF3E19F7FF2D4038FFA1F4060012
:10C080002239380169CA53008093D00006670AFF3D
:10C090004A8A41FF615064FFD6AE21FF32864AFFD3
:10C0A0006E9782FE6F54AC0054C74BFEF83B70FF96
:10C0B00008D8B20109B75F00EE1B08FEAACDDC006C
:10C0C000C3E58700624CEDFFE25B1A0152DB27FFFC
:10C0D000E1BEC701D9C879FF51B308FF8C41CE003A
:10C0E000B2CF57FEFAFC2EFF68596E01FDBD9EFFD0
:10C0F00090D69EFFA0F536FF35B75C0115C8C2FF8C
:10C1000092217101D101FF00EB6A2BFFA734E800F7
:10C110009DE5DD00331E1900FADD1B01419357FF39
:10C120004F7BC40041C4DFFF4C2C110155F144008A
:10C13000CAB7F9FF41D4D4FF09219A01473B500007
:10C14000AFC23BFF8D48090064A0F400E6D0380080
:10C150003B194BFE50C2C2001203C8FEA09F7300E1
:10C16000848FF7016F5D39FF3AED0B0186DE87FFA3
:10C170007AA36C017B2BBEFFFBBDCEFE50B648FF01
:10C18000D0F6E001113C0900A1CF26008D6D5B00C7
:10C19000D80FD3FF884E6E0062A368FF155079FF59
:10C1A000ADB2B7017F8F0400683C52FED6100DFF80
:10C1B00060EE21019E94E6FF7F813EFF33FFD2FFB8
:10C1C0003E8DECFE9D37E0FF7227F400C0BCFAFF05
:10C1D000E44C3500625451FFADCB3DFE933237FF46
:10C1E000CCEBBF0034C5F400582BD3FE1BBF770047
:10C1F000BCE79A004251A1005CC1A001FAE37800BB
:10C200007B37E200B811480085A80AFE16879CFF1C
:10C21000291967FF30CA3A00BA9551FFBC86EF0072
:10C22000EBB5BDFED98BBCFF4A3052002EDAE500DB
:10C23000BDFDFB0032E50CFFD38DBF0180F419FF7B
:10C24000A9E77AFE562FBDFF84B717FF25B296FFE8
:10C250003389FD00C84E1F0016693200823C000081
:10C2600084A35BFE17E7BB00C04FEF009D66A4FFF1
:10C27000C052140118B567FFF009EA00017BA4FF62
:10C2800085E900FFCAF2F2003CBAF500F110C7FFE1
:10C29000E0749EFEBF7D5BFFE056CF007925E7FF8F
:10C2A000E309C6FF0F99EFFF79E8D9FE4B70520002
:10C2B0005F0C39FE33D669FF94DC6101C76224004C
:10C2C0009CD10CFE0AD43400D9B437FED4AAE8FFBE
:10C2D000D81454FF9DFA87009D637FFE01CE29008C
:10C2E0009524460136C4C9FF577400FEEBAB960097
:10C2F0001BA3EA00CA87B400D05F00FE7B9C5D00F0
:10C30000B73E4B0089EBB600CCE1FFFFD68BD2FFE6
:10C31000027308FF1D0C6F00349C0100FD15FBFF2C
:10C3200025A51FFE0C82D3006A1235FE2A639A00EF
:10C330000ED93DFED80B5CFFC8C570FE9326C70022
:10C3400024FC78FE6BA94D00017B9FFFCF4B66005C
:10C35000A3AFC4002C01F00078BAB0FE0D624CFF10
:10C36000ED7CF1FFE892BCFFC860E000CC1F290023
:10C37000D0C80D0015E160FFAF9CC400F7D07E006F
:10C380003EB8F4FE02AB510055739E0036402DFFBF
:10C39000138A72008747CD00E32F9301DAE742004A
:10C3A000FDD11C00F40FADFF060F76FE1096D0FFF6
:10C3B000B91632FF5670CFFF4B71D7013F922BFF5A
:10C3C00004E113FEE3173EFF0EFFD6FE2D08CDFF5E
:10C3D00057C597FED252D7FFF5F8F7FF80F8460011
:10C3E000E1F757005A784600D5F55C000D85E2006C
:10C3F0002FB505015CA369FF061E85FEE8B23DFF6F
:10C40000E69518FF12319E00E4643DFE74F3FBFFD5
:10C410004D4B5C0151DB93FF4CA3FEFE8DD5F60026
:10C42000E82598FE612C6400C9253201D4F4390056
:10C43000AEABB7FFF94A7000A69C1E00DEDD61FFBF
:10C44000F35D49FEFB6564FFD8D95DFFFE8ABBFF43
:10C450008EBE34FF3BCBB1FFC85E340073729EFFCB
:10C46000A59868017E63E2FF769DF4016BC8100019
:10C47000C15AE500790658009C205DFE7DF1D3FF8E
:10C480000EED9DFFA59A15FFB8E016FFFA1898FF6C
:10C49000714D1F00F7AB17FFEDB1CCFF348991FF51
:10C4A000C2B67200E0EA95000A6F6701C981040014
:10C4B000EE8E4E00340628FF6ED5A5FE3CCFFD0063
:10C4C0003ED74500606100FF312DCA00787916FF24
:10C4D000EB8B3001C62D22FFB6321B0183D25BFFEE
:10C4E0002E368000AF7B69FFC68D4EFE43F4EFFF12
:10C4F000F53667FE4E26F2FF025CF9FEFBAE57FFF3
:10C500008B3F9000186C1BFF2266120122169800C8
:10C5100042E576FE328F630090A99501761E980061
:10C52000B2087901089F12005A65E6FF811D770065
:10C5300044240B01E8B7370017FF60FFA129C1FFB2
:10C540003F8BDE000FB3F300FF640FFF523587000F
:10C550008939950163F0AAFF16E6E4FE31B452FF73
:10C560003D522B006EF5D900C77D3D002EFD3400F5
:10C570008DC5DB00D39FC100377969FEB7148100F8
:10C58000A977AAFFCBB28BFF8728B6FFAC0DCAFFF5
:10C5900041B2940008CF2B007A357F014AA13000C8
:10C5A000E3D680FE560BF3FF64560701F54486FF81
:10C5B0003D2B150198545EFFBE3CFAFEEF76E8FF76
:10C5C000D6882501714C6BFF5D68640190CE17FF22
:10C5D0006E969A01E467B900DA3132FE874D8BFF1F
:10C5E000B9014E0000A194FF611DE9FFCF9495FFB2
:10C5F000A0A800005B80ABFF061C13FE0B6FF700CA
:10C6000027BB96FF8AE89500753E44FF3FD8BCFFE4
:10C61000EBEA20FE1D39A0FF190CF101A93CBF0077
:10C6200020838DFFED9F7BFF5EC55EFE74FE03FFE2
:10C630005CB361FE79615CFFAA700E001595F8008D
:10C64000F8E3030050606D004BC04A010C5AE2FF52
:10C65000A16A4401D0727FFF722AFFFE4A1A4AFF84
:10C66000F7B396FE798C3C009346C8FFD628A1FF0D
:10C67000A1BCC9FF8D4187FFF273FC003E2FCA00A9
:10C68000B495FFFE8237ED00A511BAFF0AA9C200DA
:10C690009C6DDAFF708C7BFF6880DFFEB18E6CFFD3
:10C6A0007925DBFF804D12FF6F6C17015BC04B00DB
:10C6B000AEF516FF04EC3EFF2B409901E3ADFE0002
:10C6C000ED7A84017F59BAFF8E5280FEFC54AE0091
:10C6D0005AB3B101F3D657FF673CA2FFD0820EFFD9
:10C6E0000B828B00CE81DBFF5ED99DFFEFE6E6FF7C
:10C6F00074739FFEA46B5F0033DA0201D87DC6FF1E
:10C700008CCA80FE0B5F44FF37095DFEAE9906FFC1
:10C71000CCAC600045A06E00D52631FE1B50D50084
:10C72000767D7200464643FF0F8E49FF837AB9FF3C
:10C73000F31432FE82ED2800D29F8C01C59741FF91
:10C7400054994200C37E5A0010EEEC0176BB66FF9E
:10C75000031885FFBB45E60038C55C01D5455EFF83
:10C76000508AE501CE07E600DE6FE6015BE977FF60
:10C770000959070102620100944A85FF33F6B4FFAC
:10C78000E4B170013ABD6CFFC2CBEDFE15D1C30020
:10C79000930A2301569DE2001FA38BFE38074BFF2F
:10C7A0003E5A7400B53CA9008AA2D4FE51A71F00CE
:10C7B000CD5A70FF2170E30053977501B1E049FF36
:10C7C000AE90D9FFE6CC4FFF164DE8FF724EEA005F
:10C7D000E0397EFE09318D00F293A50168B68CFF29
:10C7E000A7840C017B447F00E1572701FB6C080004
:10C7F000C6C18F017987CFFFAC164600324474FF63
:10C8000065AF28FFF869E900A6CB07006EC5DA001E
:10C81000D7FE1AFEA8E2FD001F8F60000B672900FB
:10C82000B781CBFE64F74AFFD57E8400D2932C00FB
:10C83000C7EA1B01942FB5009B5B9E013669AFFFD1
:10C84000024E91FE669A5F0080CF7FFE347CECFF43
:10C8500082544700DDF3D30098AACF00DE6AC700F8
:10C86000B7545EFE5CC838FF8AB673018E609200D2
:10C870008588E4006112960037FB42008C66040054
:10C88000CA6797001E13F8FF33B8CF00CAC6590015
:10C8900037C5E1FEA95FF9FF424144FFBCEA7E00D3
:10C8A000A6DF640170EFF4009017C2003A27B600CB
:10C8B000F42C18FEAF44B3FF98769A01B0A2820020
:10C8C000D972CCFEAD7E4EFF21DE1EFF24025BFF3F
:10C8D000028FF30009EBD70003AB970118D7F5FFE0
:10C8E000A82FA4FEF192CF004581B40044F371005B
:10C8F000903548FEFB2D0E00176EA80044444FFFF4
:10C900006E465FFEAE5B90FF21CE5FFF892907FF79
:10C9100013BB99FE23FF70FF0991B9FE329D2500DC
:10C920000B7031016608BEFFEAF3A9013C55170000
:10C930004A27BD007431EF00ADD5D2002EA16CFFA7
:10C940009F962500C478B9FF226206FF99C33EFF77
:10C9500061E647FF663D4C001AD4ECFFA46110006D
:10C96000C63B9200A317C40038183D00B562C10051
:10C97000FB93E5FF62BD18FF2E36CEFFEA52F600AC
:10C98000B76726016D3ECC000AF0E000921675FFF5
:10C990008E9A780045D42300D063760179FF03FF97
:10C9A0004806C2007511C5FF7D0F17009A4F990008
:10C9B000D65EC5FFB93793FF3EFE4EFE7F5299000B
:10C9C0006E663FFF6C52A1FF69BBD401508A2700FD
:10C9D0003CFF5DFF480CBA00D2FB1F01BEA790FFD1
:10C9E000E42C13FE8043E800D6F96BFE889156FFD5
:10C9F000842EB000BDBBE3FFD0168C00D9D37400E9
:10CA00003251BAFE8BFA1F001E40C601879B64009C
:10CA1000A0CE17FEBBA2D3FF10BC3F00FED031005A
:10CA20005554BF00F1C0F2FF997E9101EAA2A2FF26
:10CA3000E661D80140877E00BE94DF0134002BFF01
:10CA40001C27BD014088EE00AFC4B90062E2D5FFEB
:10CA50007F9FF401E2AF3C00A0E98E01B4F3CFFF69
:10CA6000459859011F6515009019A4FE8BBFD10090
:10CA70005B1979002093050027BA7BFF3F73E6FF1F
:10CA80005DA7C6FF8FD5DCFFB39C13FF19427A0068
:10CA9000D6A0D9FF022D3EFF6A4F92FE338963FF75
:10CAA0005764E7FFAF91E8FF65B801FFAE097D006D
:10CAB0005225A10124728DFF30DE8EFFF5BA9A0057
:10CAC00005AEDDFE3F729BFF8737A001501F870038
:10CAD0007EFAB301ECDA2D00141C91011093490089
:10CAE000F9BD840111BDC0FFDF8EC6FF48140FFFE2
:10CAF000FA35EDFE0F0B12001BD371FED56B38FF1C
:10CB0000AE9392FF607E300017C16D0125A25E00DA
:10CB1000C79DF9FE1880BBFFCD31B2FE5DA42AFF90
:10CB20002B77EB0158B7EDFFDAD201FF6BFE2A003D
:10CB3000E60A63FFA200E200DBED5B0081B2CB00FE
:10CB4000D0325FFECED05FFFF7BF59FE6EEA4FFFD7
:10CB5000A53DF300147A70FFF6F6B9FE67047B007A
:10CB6000E963E601DB5BFCFFC7DE16FFB3F5E9FF17
:10CB7000D3F1EA006FFAC0FF55548800653A32FFDE
:10CB800083AD9CFE772D33FF76E910FEF25AD60076
:10CB90005E9FDB010303EAFF624C5CFE5036E60059
:10CBA00005E4E7FE3518DFFF71387601148401FFD4
:10CBB000ABD2EC0038F19EFFBA7313FF08E5AE006C
:10CBC000302C00017272A6FF0649E2FFCD59F40035
:10CBD00089E34B01F8AD38004A78F6FE77030BFF86
:10CBE0005178C6FF887A62FF92F1DD016DC24EFF77
:10CBF000DFF14601D6C8A9FF61BE2FFF2F67AEFF48
:10CC0000635C48FE76E9B4FFC123E9FE1AE520FF24
:10CC1000DEFCC600CC2B47FFC754AC008666BE00C6
:10CC20006FEE61FEE628E600E3CD40FEC80CE100B1
:10CC3000A619DE00714533FF8F9F1800A7B84A0080
:10CC40001DE074FE9ED0E900C1747EFFD40B85FF09
:10CC5000163A8C01CC2433FFE81E2B00EB46B5FFBF
:10CC6000403892FEA91254FFE2010DFFC832B0FF16
:10CC700034D5F5FEA8D16100BF473700224E9C0095
:10CC8000E8903A01B94ABD00BA8E95FE40457FFF53
:10CC9000A1CB93FFB097BF0088E7CBFEA3B6890076
:10CCA000A17EFBFEE920420044CF42001E1C25006D
:10CCB0005D726001FE5CF7FF2CAB4500CA770BFF8D
:10CCC000BC763201FF5388FF47521A0046E3020048
:10CCD00020EB7901B5299A004786E5FECAFF2400BA
:10CCE000299805009A3F49FF22B67C0079DD96FF1E
:10CCF0001ACCD50129AC57005A9D92FF6D821400C1
:10CD0000476BC8FFF366BD0001C391FE2E58750046
:10CD100008CEE300BF6EFDFF6D8014FE865533FF25
:10CD200089B17001D82216FF8310D0FF7995AA002F
:10CD300072131701A6501FFF71F07A00E8B3FA00D2
:10CD4000446EB4FED2AA7700DF6CA4FFCF4FE9FF98
:10CD50001BE5E2FED16251FF4F44070083B9640036
:10CD6000AA1DA2FF11A26BFF39150B0164C8B5FF04
:10CD70007F41A601A586CC0068A7A80001A44F00AA
:10CD800092873B01463280FF66770DFEE3068700FF
:10CD9000A28EB3FFA064DE001BE0DB019E5DC3FF3B
:10CDA000EA8D890010187DFFEECE2FFF611162FF22
:10CDB000746E0CFF60734D005BE3E8FFF8FE4FFFFD
:10CDC0005CE506FE58C68B00CE4B8100FA4DCEFFC7
:10CDD0008DF47B018A45DC002097060183A716FFAE
:10CDE000ED44A7FEC7BD9600A3AB8AFF33BC06FF88
:10CDF0005F1D89FE94E2B300B56BD0FF861F52FF22
:10CE000097652DFF81CAE100E0489300308A97FFC3
:10CE1000C340CEFEEDDA9E006A1D89FEFDBDE9FF2E
:10CE2000670F11FFC261FF00B22DA9FEC6E19B0092
:10CE3000273075FF876A73006126B500962F41FF82
:10CE40005382E5FEF62681005CEF9AFE5B637F006D
:10CE5000A16F21FFEED9F2FF83B9C3FFD5BF9EFFBB
:10CE60002996DA0084A983005954FC01AB4680FF5F
:10CE7000A3F8CBFE0132B4FF7C4C5501FB6F500090
:10CE80006342EFFF9AEDB6FFDD7E85FE4ACC63FF7D
:10CE9000419377FF6338A7FF4FF895FF749BE4FF3A
:10CEA000ED2B0EFE45890BFF16FAF1015B7A8FFF21
:10CEB000CDF9F300D41A3CFF30B6B0013017BFFFF4
:10CEC000CB7998FE2D4AD5FF3E5A12FEF5A3E6FF18
:10CED000B96A74FF53239F000C2102FF50223E00C9
:10CEE0001057AEFFAD655500CA2451FEA045CCFFDA
:10CEF00040E1BB003ACE5E0056902F00E556F500AB
:10CF00003F91BE01250527006DFB1A008993EA00B9
:10CF1000A27991FF9074CEFFC5E8B9FFB7BE8CFF30
:10CF2000490CFEFF8B14F2FFAA5AEFFF6142BBFFD0
:10CF3000F5B587FEDE883400F50533FECB2F4E00B5
:10CF40009865D80049177D00FE602101EBD249FFAA
:10CF50002BD1580107816D007A68E4FEAAF2CB005C
:10CF6000F2CC87FFCA1CE9FF41067F009F90470073
:10CF7000648C5F004E960D00FB6B7601B63A7DFF28
:10CF800001266CFF8DBDD1FF089B7D0171A35BFF66
:10CF9000794FBEFF86EF6CFF4C2FF800A3E4EF0043
:10CFA000116F0A0058954BFFD7EBEF00A79F18FFB2
:10CFB0002F976CFF6BD1BC00E9E763FE1CCA94FF9E
:10CFC000AE238AFF6E1844FF0245B5006B6652001F
:10CFD00066ED07005C24EDFFDDA2530137CA06FFB2
:10CFE00087EA87FF18FADE00415EA8FEF5F8D2FF57
:10CFF000A76CC9FEFFA16F00CD08FE00880D74006C
:10D0000064B084FF2BD77EFFB18582FF9E4F9400D2
:10D0100043E025010CCE15FF3E226E01ED68AFFF07
:10D0200050846FFF8EAE480054E5B4FE69B38C00A7
:10D0300040F80FFFE98A1000F5437BFEDA79D4FF50
:10D040003F5FDA01D58589FF8FB652FF301C0B0098
:10D05000F4728D01D1AF4CFF9DB596FFBAE503FF89
:10D06000A49D6F01E7BD8B0077CABEFFDA6A40FF5F
:10D0700044EB3FFE601AACFFBB2F0B01D712FBFF46
:10D0800051545900443A80005E7105015C81D0FF23
:10D09000610F53FE091CBC00EF09A4003CCD9800B1
:10D0A000C0A362FFB8123C00D9B68B006D3B78FF7D
:10D0B00004C0FB00A9D2F0FF25AC5CFE94D3F5FFC1
:10D0C000B3413400FD0D7300B9AECE0172BC95FFC3
:10D0D000ED5AAD002BC7C0FF586C710034234C00D3
:10D0E000421994FFDD0407FF97F172FFBED1E800FB
:10D0F0006232C7009796D5FF124A240135280700EF
:10D10000138741FF1AAC4500AEED5500635F29005F
:10D110000338100027A0B1FFC86ADAFEB94454FFF3
:10D120005BBA3DFE438F8DFF0DF4A6FF6372C60010
:10D13000C76EA3FFC112BA007CEFF6016E44160061
:10D1400002EB2E01D43C6B00692A69010EE69800BF
:10D15000070583008D689AFFD503060083E4A2FFCC
:10D16000B3641C01E77B55FFCE0EDF01FD60E600D6
:10D170002698950162897A00D6CD03FFE298B3FF25
:10D18000068589009E458CFF71A29AFFB4F3ACFF1F
:10D190001BBD73FF8F2EDCFFD586E1FF7E1D450092
:10D1A000BC2B8901F24609005ACCFFFFE7AA930085
:10D1B000173813FE387D9DFF30B3DAFF4FB6FDFF01
:10D1C00026D4BF0129EB7C0060971C008794BE0029
:10D1D000CDF927FE346088FFD42C88FF43D183FF2C
:10D1E000FC8217FFDB8014FFC68176006C650B00A4
:10D1F000B20592013E0764FFB5EC5EFE1C1AA40066
:10D200004C1670FF78664F00CAC0E501C8B0D70061
:10D210002940F4FFCEB84E00A72D3F01A02300FF08
:10D220003B0C8EFFCC0990FFDB5EE5017A1B7000A2
:10D23000BD696DFF40D04AFFFB7F370102E2C600A7
:10D240002C4CD10097984DFFD2172E01C9AB45FF4A
:10D250002CD3E700BE25E0FFF5C43EFFA9B5DEFFF5
:10D2600022D3110077F1C5FFE5239801154528FF6A
:10D27000B2E2A10094B3C100DBC2FE0128CE33FFAD
:10D28000E75CFA014399AA001594F100AA4552FF00
:10D290007912E7FF5C720300B83EE600E1C957FF70
:10D2A0009260A2FFB5F2DC00ADBBDD01E23EAAFF59
:10D2B000387ED901750DE3FFB32CEF009D8D9BFFE8
:10D2C00090DD5300EBD1D0002A11A501FB51850060
:10D2D0007CF5C9FE61D318FF53D6A6009A2409FF36
:10D2E000F82F7F005ADB8CFFA1D926FED4933FFF95
:10D2F00042549401CF030100E68659017F4E7AFF24
:10D30000E09B01FF52884A00B29CD0FFBA1931FF5E
:10D31000DE03D201E596BEFF55A234FF29548DFFEE
:10D32000497B54FE5D11960077131C012016D7FF30
:10D330001C17CCFF8EF134FFE4347D001D4CCF0070
:10D34000D7A7FAFEAFA4E60037CF69016DBBF5FFA2
:10D35000A12CDC01296580FFA7105E005DD66BFF64
:10D36000764800FE503DEAFF79AF7D008BA9FB00B7
:10D37000612793FEFAC431FFA5B36EFEDF46BBFF03
:10D38000168E7D019AB38AFF76B02A010AAE990003
:10D390009C5C6600A80DA1FF8F102000FAC5B4FFA9
:10D3A000CBA32C0157202400A19914FF7BFC0F0074
:10D3B00019E350003C588E001116C9019ACD4DFF5B
:10D3C000273F2F00087A8D008017B6FECC2713FF69
:10D3D00004701DFF17248CFFD2EA74FE35323FFF24
:10D3E00079AB68FFA0DB5E0057520EFEE72A05000E
:10D3F000A58B7FFE564E2600823C42FECB1E2DFFA3
:10D400002EC47A01F935A2FF888F67FED7D2720049
:10D41000E707A0FEA9982AFF6F2DF6008E8387FFED
:10D420008347CCFF24E20B00001CF2FFE18AD5FF0A
:10D43000F72ED8FEF503B7006CFC4A01CE1A30FF78
:10D44000CD36F6FFD3C624FF7923320034D8CAFF85
:10D45000268B81FEF249940043E78DFF2A2FCC00F2
:10D460004E74190104E1BFFF0693E4003A58B1007D
:10D470007AA5E5FFFC53C9FFE0A76001B1B89EFFA4
:10D48000F269B301F8C6F0008542CB01FE242F00FB
:10D490002D1873FF773EFE00C4E1BAFE7B8DAC0011
:10D4A0001A5529FFE26FB700D5E79700043B07FF45
:10D4B000EE8A9400429321FF1FF68DFFD18D74FFF9
:10D4C00068701F0058A1AC0053D7E6FE2F6F97007D
:10D4D0002D263401842DCC008A806DFEE97586FFEF
:10D4E000F3BEADFEF1ECF000527FECFE28DFA1FFB1
:10D4F0006EB6E1FF7BAEEF0087F2910133D19A0067
:10D50000960373FED9A4FCFF379C4501545EFFFFD0
:10D51000E8492D011413D4FF60C53BFE60FB2100D8
:10D5200026C7490140ACF7FF757438FFE4111200BB
:10D530003E8A6701F6E5A4FFF476C9FE56209FFFF8
:10D540006D22890155D3BA000AC1C1FE7AC2B10069
:10D550007AEE66FFA2DAAB006CD9A1019EAA220086
:10D56000B02F9B01B5E40BFF089C0000104B5D0041
:10D57000CE62FF013A9A23000CF3B8FE437542FFD6
:10D58000E6E57B00C92A6E0086E4B2FEBA6C76FF3F
:10D590003A139AFF52A93EFF728F7301EFC432FF14
:10D5A000AD30C1FF930254FF968693FE5FE84900B9
:10D5B0006DE334FEBF890A0028CC1EFE4C3461FFA7
:10D5C000A4EB7E00FE7CBC004AB61501791D23FF4A
:10D5D000F11E07FE55DAD6FF075496FE511B75FF64
:10D5E000A09F98FE4218DDFFE30A3C018D8766008C
:10D5F000D0BD960175B35C00841688FF78C71C0007
:10D6000015814FFEB6094100DAA3A900F693C6FFC3
:10D610006B2690014EAFCDFFD605FAFE2F581DFFA9
:10D62000A42FCCFF2B3706FF8386CFFE7464D60071
:10D63000608C4B016ADC9000C3201C01AC5105FFDB
:10D64000C7B334FF2554CB00AA70AE000B045B00B7
:10D6500045F41B0175835C002198AFFF8C996BFF2B
:10D66000FB872BFE578A04FFC6EA93FE799854FF86
:10D67000CD659B019D091900486A11FE6C9900FF58
:10D68000BDE5BA00C108B0FFAE95D100EE821D0025
:10D69000E9D67E013DE2660039A30401C66F33FF7F
:10D6A0002D4F4E0173D20AFFDA0919FF9E8BC6FF78
:10D6B000D352BBFE508553009D81E601F38586FF62
:10D6C000288810004D6B4FFFB7555C01B1CCCA00E4
:10D6D000A34793FF9845BE00AC33BC01FAD2ACFF20
:10D6E000D3F2710159591AFF40426FFE74982A0013
:10D6F000A1271BFF3650FE006AD17301677C6100D1
:10D70000DDE662FF1FE70600B2C078FE0FD9CBFF4F
:10D710007C9E4F007091F7005CFA3001A3B5C1FF09
:10D72000252F8EFE90BDA5FF2E92F000064B8000A7
:10D73000299DC8FE5779D5000171EC00052DFA002E
:10D74000900C52001F6CE700E1EF77FFA707BDFFC9
:10D75000BBE484FF6EBD22005E2CCC01A234C50068
:10D760004EBCF1FE39148D00F4922F01CE643300CB
:10D770007D6B94FE1BC34D0098FD5A01078F90FFEF
:10D7800033251F00227726FF07C5760099BCD300FA
:10D79000971474FEF54134FFB4FD6E012FB1D10032
:10D7A000A16311FF76DECA007DB3FC017B367EFFEC
:10D7B0009139BF0037BA79000AF38A00CDD3E5FF6B
:10D7C0007D9CF1FE949CB9FFE313BCFF7C2920FFF4
:10D7D0001F22CEFE11395300CC1625FF2A606200AD
:10D7E0007766B80103BE1C006E52DAFFC8CCC0FFDA
:10D7F000C991760075CC920084206201C0C2790084
:10D800006AA1F801ED587C0017D41A00CDAB5AFF7D
:10D81000F830D8018D25E6FF7CCB00FE9EA81EFFC8
:10D82000D6F8150070BB07FF4B85EFFF4AE3F3FF07
:10D83000FA934600D678A200A709B3FF169E1200FD
:10D84000DA4DD101616D51FFF421B3FF393439FF55
:10D8500041ACD2FFF947D1FF8EA9EE009EBD99FFE2
:10D86000AEFE67FE62210E008D4CE6FF718B34FF29
:10D870000F3AD400A8D7C9FFF8CCD701DF44A0FFE6
:10D88000399AB7FE2FE779006AA6890051888A0085
:10D89000A52B3300E78B3D00395F3BFE766219FF15
:10D8A000973FEC015EBEFAFFA9B9720105FA3AFF93
:10D8B0004B696101D7DF86007163A301803E700070
:10D8C000636A9300A3C30A0021CDB600D60EAEFF53
:10D8D0008126E7FF35B6DF00622A9FFFF70D28009B
:10D8E000BCD2B101061500FFFF3D94FE892D81FFDA
:10D8F000591A74FE7E267200FB32F2FE798680FF92
:10D90000CCF9A7FEA5EBD700CAB1F300858D3E0088
:10D91000F082BE016EAFFF000014920125D279FFA4
:10D92000072782008EFA54FF8DC8CF00095F68FF79
:10D930000BF4AE0086E87E00A7017BFE10C195FFC8
:10D94000E8E9EF01D54670FFFC74A0FEF2DEDCFFD3
:10D95000CD55E30007B93A0076F73F01744DB1FFAA
:10D960003EF5C8FE3F1225FF6B35E8FE32DDD300E1
:10D97000A2DB07FE025E2B00B63EB6FEA04EC8FF3D
:10D98000878CAA00EBB8E400AF358AFE503A4DFF11
:10D9900098C902013FC42200051EB800ABB09A002E
:10D9A000793BCE0026632700AC504DFE00869700E1
:10D9B000BA21F1FE5EFDDFFF2C72FC006C7E39FFA8
:10D9C000C9280DFF27E51BFF27EF1701977933FFC4
:10D9D0009996F8000AEAAEFF76F604FEC8F526002E
:10D9E00045A1F20110B2960071388200AB1F6900A8
:10D9F0001A586CFF312A6A00FBA94200455D950068
:10DA00001439FE00A4196F005ABC5AFFCC04C5009B
:10DA100028D53201D46084FF588AB4FEE4927CFF9A
:10DA2000B8F6F700417556FFFD66D2FEFE79240078
:10DA3000897303FF3C18D80086121D003BE2610089
:10DA4000B08E470007D1A100BD5433FE9BFA4800B9
:10DA5000D554EBFF2DDEE000EE948FFFAA2A35FFB0
:10DA60004EA77500BA0028FF7DB167FF45E142006F
:10DA7000E30758014BAC0600A92DE301102446FF33
:10DA8000320209FF8BC116008FB7E7FEDA4532007C
:10DA9000EC38A101D5832A008A912CFE88E528FF65
:10DAA000313F23FF3D91F5FF65C002FEE8A77100FD
:10DAB0009868260179B9DA00798BD3FE77F02300D4
:10DAC00041BDD9FEBBB3A2FFA0BBE6003EF80EFFEE
:10DAD0003C4E6100FFF7A3FFE13B5BFF6B473AFF62
:10DAE000F12F21013275EC00DBB13FFEF45AB30097
:10DAF00023C2D7FFBD4332FF1787810068BD25FFD2
:10DB0000B939C200233EE7FFDCF86C000CE7B20035
:10DB10008F505B01835D65FF90270201FFFAB20021
:10DB20000511ECFE8B202E00CCBC26FEF57334FFD5
:10DB3000BF7149FEBF6C45FF1645F50117CBB2001A
:10DB4000AA63AA0041F86F00256C99FF40254500A3
:10DB500000583EFE599490FFBF44E001F127350084
:10DB600029CBEDFF917EC2FFDD2AFDFF19639700EF
:10DB700061FDDF014A7331FF06AF48FF3BB0CB00C8
:10DB80007CB7F901E4E46300810CCFFEA8C0C3FFB9
:10DB9000CCB010FE98EAAB004D2555FF217887FFE9
:10DBA0008EC2E3011FD63A00D5BB7DFFE82E3CFFB5
:10DBB000BE742AFE97B213FF333EEDFECCECC100DB
:10DBC000C2E83C00AC229DFFBD10B8FE67035FFFBA
:10DBD0008DE924FE29190BFF15C3A60076F52D004B
:10DBE00043D595FF9F0C12FFBBA4E301A0190500CC
:10DBF0000C4EC3012BC5E100308E29FEC49B3CFFB7
:10DC0000DFC7120191889C00FC75A9FE91E2EE002D
:10DC1000EF176B006DB5BCFFE67031FE49AAEDFF52
:10DC2000E7B7E3FF50DC1400C26B7F017FCD6500D6
:10DC30002E34C501D2AB24FF58035AFF38978D000C
:10DC400060BBFFFF2A4EC800FE464601F47DA800D7
:10DC5000CC448A017CD746006642C8FE1134E400F9
:10DC600075DC8FFECBF87B003812AEFFBA97A4FFAD
:10DC700033E8D001A0E42BFFF91D190144BE3F0099
:10DC80000000001000000000001000000600070067
:10DC9000080000000000000000000000AFF70108CD
:10DCA00065F8010893F7010847FA010869F70108C8
:10DCB0000DFB010879F70108A3FC0108C5FC010868
:10DCC0000D0A005245454E54206D616C6C6F632007
:10DCD000737563636565646564002F5F5F772F61AB
:10DCE000726D2D6E6F6E652D656162692D67636360
:10DCF0002D787061636B2F61726D2D6E6F6E652D67
:10DD0000656162692D6763632D787061636B2F6253
:10DD100075696C642F6C696E75782D7836342F7345
:10DD20006F75726365732F6E65776C69622D6379A9
:10DD30006777696E2F6E65776C69622F6C696263B5
:10DD40002F7374646C69622F72616E642E630000BD
:10DD5000202020202020202020282828282820209B
:10DD600020202020202020202020202020202020B3
:10DD7000881010101010101010101010101010102B
:10DD8000040404040404040404041010101010100B
:10DD900010414141414141010101010101010101E4
:10DDA0000101010101010101010101101010101018
:10DDB00010424242424242020202020202020202B5
:10DDC00002020202020202020202021010101020DD
:10DDD0000000000000000000000000000000000043
:10DDE0000000000000000000000000000000000033
:10DDF0000000000000000000000000000000000023
:10DE00000000000000000000000000000000000012
:10DE10000000000000000000000000000000000002
:10DE200000000000000000000000000000000000F2
:10DE300000000000000000000000000000000000E2
:10DE400000000000000000000000000000000000D2
:10DE50002C2066756E6374696F6E3A20006173736F
:10DE6000657274696F6E2022257322206661696C69
:10DE700065643A2066696C6520222573222C206C2B
:10DE8000696E65202564257325730A00232D302BC8
:10DE90002000686C4C0065666745464700303132AB
:10DEA0003334353637383941424344454600303102
:10DEB0003233343536373839616263646566000061
:08DEC000BC33FD7F01000000EE
:10DEC800E5FF010865130008C56C00085DB7000888
:10DED80061C8000815E50008A9030108050901083B
:10DEE800553F01084D55010841630108499701084C
:08DEF8003DFB010821090208AD
:10DF0000411300089D6D000809B80008B503010819
:0CDF1000150901084D630108799701080C
:10DF1C000100000010000000000000480004004850
:10DF2C0000080048001C0048FFFFFFFF00300240C3
:10DF3C0000000000000000000000000000000000D5
:10DF4C0000000000000000000000000001000000C4
:10DF5C0000093D000000000000000000000000006F
:10DF6C0000000000000000000000000000000000A5
:10DF7C000000000000000000000000000000000095
:10DF8C000000000000000000000000000000000085
:10DF9C000000000000000000000000000000000075
:10DFAC000000000000000000000000000000000065
:10DFBC000000000000000000000000000000000055
:10DFCC000000000000000000000000000000000045
:10DFDC000000000000000000000000000000000035
:10DFEC000000000000000000000000000000000025
:10DFFC0000000000FFFFFFFFFFFFFFFFFFFFFFFF21
:10E00C00FFFFFFFF00030000000000000000000005
:10E01C00000000000000000000000000887E0020CE
:10E02C00504902080100000000000000F502010840
:10E03C0065020108E1010108DB010108000800008C
:10E04C000008000000080000100000008000000024
:10E05C0000000000000000000000000000000000B4
:10E06C000D0A526164696F4C696220496E666F0AD1
:10E07C0056657273696F6E3A202022372E372E3117
:10E08C002E30220D0A506C6174666F726D3A20222C
:10E09C0041726475696E6F2053544D333220286F72
:10E0AC006666696369616C29220D0A224A756E20C5
:10E0BC002036203230323622202231343A32363A6F
:10E0CC0031382200FFFFFFFF000000000A000000B3
:10E0DC000A0000000000000059F3F8C21F6EA501F1
:10E0EC00000000000000F03F6042A20D0000803FE5
:10E0FC000000000003000000447D0020F00100201F
:10E10C0000000000447D0020AC7D0020147E002027
:10E11C0000000000000000000000000000000000F3
:10E12C0000000000000000000000000000000000E3
:10E13C0000000000000000000000000000000000D3
:0CE14C00000000000000000000000000C7
:04000005080200B538
:00000001FF
