:020000040800F2
:1000000000000120A9D80108F9D80108F9D8010891
:10001000F9D80108F9D80108F9D801080000000052
:10002000000000000000000000000000F9D80108F6
:10003000F9D8010800000000F9D80108C35D0008E4
:10004000F9D80108F9D80108F9D80108F9D8010848
:10005000F9D80108F9D80108056000080B6000080C
:1000600011600008176000081D600008F9D8010839
:10007000F9D80108F9D80108F9D80108F9D8010818
:10008000F9D80108F9D80108F9D80108F9D8010808
:1000900000000000F9D8010823600008F9D8010821
:1000A000FD570008F9D80108115800081558000834
:1000B000295800083D5800082DF0000839F00008C4
:1000C00045F0000851F00008F9D80108F9D80108F6
:1000D000F56700080D68000829680008F9D80108CC
:1000E000F9D8010839600008F9D80108F9D80108E1
:1000F000F9D801080000000000000000F9D801084C
:100100005DF0000869F00008C9730108F9D801081A
:10011000F9D80108F9D80108F9D80108F9D8010877
:10012000F9D80108F9D80108F9D80108F9D8010867
:08013000F9D80108F9D8010813
:1001400081F0004102E000BF83F0004330B54FEA88
:1001500041044FEA430594EA050F08BF90EA020FF5
:100160001FBF54EA000C55EA020C7FEA645C7FEA88
:10017000655C00F0E2804FEA5454D4EB5555B8BFAB
:100180006D420CDD2C4480EA020281EA030382EA1C
:10019000000083EA010180EA020281EA0303362DAE
:1001A00088BF30BD11F0004F4FEA01314FF4801C81
:1001B0004CEA113102D0404261EB410113F0004F93
:1001C0004FEA03334CEA133302D0524263EB43034A
:1001D00094EA050F00F0A780A4F10104D5F1200EE8
:1001E0000DDB02FA0EFC22FA05F2801841F1000143
:1001F00003FA0EF2801843FA05F359410EE0A5F117
:1002000020050EF1200E012A03FA0EFC28BF4CF047
:10021000020C43FA05F3C01851EBE37101F00045FD
:1002200007D54FF0000EDCF1000C7EEB00006EEB0A
:100230000101B1F5801F1BD3B1F5001F0CD3490894
:100240005FEA30004FEA3C0C04F101044FEA4452EB
:1002500012F5800F80F09A80BCF1004F08BF5FEA72
:10026000500C50F1000041EB045141EA050130BD52
:100270005FEA4C0C404141EB0101013C28BFB1F564
:10028000801FE9D291F0000F04BF01460020B1FAAF
:1002900081F308BF2033A3F10B03B3F120020CDA82
:1002A0000C3208DD02F1140CC2F10C0201FA0CF060
:1002B00021FA02F10CE002F11402D8BFC2F1200CC5
:1002C00001FA02F120FA0CFCDCBF41EA0C0190407B
:1002D000E41AA2BF01EB0451294330BD6FEA0404C4
:1002E0001F3C1CDA0C340EDC04F11404C4F12002AF
:1002F00020FA04F001FA02F340EA030021FA04F3C1
:1003000045EA030130BDC4F10C04C4F1200220FA17
:1003100002F001FA04F340EA0300294630BD21FA55
:1003200004F0294630BD94F0000F83F4801306BF1B
:1003300081F480110134013D4EE77FEA645C18BF0F
:100340007FEA655C29D094EA050F08BF90EA020FA6
:1003500005D054EA000C04BF1946104630BD91EA9E
:10036000030F1EBF0021002030BD5FEA545C05D1A1
:100370004000494128BF41F0004130BD14F58004E0
:100380003CBF01F5801130BD01F0004545F0FE4154
:1003900041F470014FF0000030BD7FEA645C1ABF89
:1003A000194610467FEA655C1CBF0B46024650EAC0
:1003B000013406BF52EA033591EA030F41F40021EC
:1003C00030BD00BF90F0000F04BF0021704730B572
:1003D0004FF4806404F132044FF000054FF0000147
:1003E00050E700BF90F0000F04BF0021704730B508
:1003F0004FF4806404F1320410F0004548BF4042DD
:100400004FF000013EE700BF42004FEAE2014FEA31
:1004100031014FEA02701FBF12F07F4393F07F4F0C
:1004200081F06051704732F07F4208BF704793F00F
:100430007F4F04BF41F40021704730B54FF4607422
:1004400001F0004521F000411CE700BF50EA010225
:1004500008BF704730B54FF000050AE050EA0102CE
:1004600008BF704730B511F0004502D5404261EB3E
:1004700041014FF4806404F132045FEA915C3FF47F
:10048000D8AE4FF003025FEADC0C18BF03325FEA1C
:10049000DC0C18BF033202EBDC02C2F1200300FACD
:1004A00003FC20FA02F001FA03FE40EA0E0021FAF2
:1004B00002F11444BDE600BF70B54FF0FF0C4CF4E0
:1004C000E06C1CEA11541DBF1CEA135594EA0C0F92
:1004D00095EA0C0F00F0DEF82C4481EA030621EACD
:1004E0004C5123EA4C5350EA013518BF52EA033508
:1004F00041F4801143F4801338D0A0FB02CE4FF0BA
:100500000005E1FB02E506F00042E0FB03E54FF0E9
:100510000006E1FB03569CF0000F18BF4EF0010EE1
:10052000A4F1FF04B6F5007F64F5407404D25FEADD
:100530004E0E6D4146EB060642EAC62141EA555190
:100540004FEAC52040EA5E504FEACE2EB4F1FD0CD2
:1005500088BFBCF5E06F1ED8BEF1004F08BF5FEA50
:10056000500E50F1000041EB045170BD06F0004602
:1005700046EA010140EA020081EA0301B4EB5C04AF
:10058000C2BFD4EB0C0541EA045170BD41F48011A7
:100590004FF0000E013C00F3AB8014F1360FDEBFCC
:1005A000002001F0004170BDC4F10004203C35DAA8
:1005B0000C341BDC04F11404C4F1200500FA05F32B
:1005C00020FA04F001FA05F240EA020001F00042CC
:1005D00021F0004110EBD37021FA04F642EB060142
:1005E0005EEA430E08BF20EAD37070BDC4F10C046C
:1005F000C4F1200500FA04F320FA05F001FA04F230
:1006000040EA020001F0004110EBD37041F100011B
:100610005EEA430E08BF20EAD37070BDC4F1200526
:1006200000FA05F24EEA020E20FA04F301FA05F28E
:1006300043EA020321FA04F001F0004121FA04F236
:1006400020EA020000EBD3705EEA430E08BF20EA06
:10065000D37070BD94F0000F0FD101F00046400040
:1006600041EB010111F4801F08BF013CF7D041EAC2
:10067000060195F0000F18BF704703F000465200C6
:1006800043EB030313F4801F08BF013DF7D043EA97
:100690000603704794EA0C0F0CEA135518BF95EA4D
:1006A0000C0F0CD050EA410618BF52EA4306D1D1D4
:1006B00081EA030101F000414FF0000070BD50EAF3
:1006C000410606BF1046194652EA430619D094EA7D
:1006D0000C0F02D150EA013613D195EA0C0F05D167
:1006E00052EA03361CBF104619460AD181EA0301BB
:1006F00001F0004141F0FE4141F470014FF0000073
:1007000070BD41F0FE4141F4780170BD70B54FF00D
:10071000FF0C4CF4E06C1CEA11541DBF1CEA13558D
:1007200094EA0C0F95EA0C0F00F0A7F8A4EB05046F
:1007300081EA030E52EA03354FEA013100F0888066
:100740004FEA03334FF0805545EA131343EA12632F
:100750004FEA022245EA111545EA10654FEA0026E4
:100760000EF000419D4208BF964244F1FD0404F59D
:10077000407402D25B084FEA3202B61A65EB0305F9
:100780005B084FEA32024FF480104FF4002CB6EBB6
:10079000020E75EB030E22BFB61A754640EA0C0036
:1007A0005B084FEA3202B6EB020E75EB030E22BF76
:1007B000B61A754640EA5C005B084FEA3202B6EBB7
:1007C000020E75EB030E22BFB61A754640EA9C0076
:1007D0005B084FEA3202B6EB020E75EB030E22BF46
:1007E000B61A754640EADC0055EA060E18D04FEA04
:1007F000051545EA16754FEA06164FEAC30343EAA4
:1008000052734FEAC2025FEA1C1CC0D111F4801F70
:100810000BD141EA00014FF000004FF0004CB6E769
:1008200011F4801F04BF01430020B4F1FD0C88BF08
:10083000BCF5E06F3FF6AFAEB5EB030C04BFB6EB13
:10084000020C5FEA500C50F1000041EB045170BD06
:100850000EF0004E4EEA113114EB5C04C2BFD4EB33
:100860000C0541EA045170BD41F480114FF0000EB7
:10087000013C90E645EA060E8DE60CEA135594EA33
:100880000C0F08BF95EA0C0F3FF43BAF94EA0C0F36
:100890000AD150EA01347FF434AF95EA0C0F7FF4AB
:1008A00025AF104619462CE795EA0C0F06D152EAFF
:1008B00003353FF4FDAE1046194622E750EA4106E3
:1008C00018BF52EA43067FF4C5AE50EA41047FF4F4
:1008D0000DAF52EA43057FF4EBAE12E74FF0FF3C59
:1008E00006E000BF4FF0010C02E000BF4FF0010C2A
:1008F0004DF804CD4FEA410C7FEA6C5C4FEA430CA3
:1009000018BF7FEA6C5C1BD001B050EA410C0CBFF1
:1009100052EA430C91EA030F02BF90EA020F002053
:10092000704710F1000F91EA030F58BF994208BFBA
:1009300090422CBFD8176FEAE37040F00100704777
:100940004FEA410C7FEA6C5C02D150EA013C07D1CE
:100950004FEA430C7FEA6C5CD6D152EA033CD3D019
:100960005DF8040B704700BF8446104662468C4613
:100970001946634600E000BF01B5FFF7B7FF002846
:1009800048BF10F1000F01BD4DF808EDFFF7F4FF6F
:100990000CBF012000205DF808FB00BF4DF808EDFA
:1009A000FFF7EAFF34BF012000205DF808FB00BF1D
:1009B0004DF808EDFFF7E0FF94BF012000205DF83F
:1009C00008FB00BF4DF808EDFFF7CEFF94BF0120F4
:1009D00000205DF808FB00BF4DF808EDFFF7C4FFED
:1009E00034BF012000205DF808FB00BF4FEA410C36
:1009F0007FEA6C5C02D150EA013C0AD14FEA430C19
:100A00007FEA6C5C02D152EA033C02D14FF0000055
:100A100070474FF0010070474FEA410212F5001293
:100A200015D211D56FF47873B3EB625212D94FEA35
:100A3000C12343F0004343EA505311F0004F23FA1F
:100A400002F018BF404270474FF00000704750EA74
:100A5000013005D111F0004008BF6FF00040704731
:100A60004FF00000704700BF4A0011D212F500128B
:100A700011D20DD56FF47873B3EB62520ED44FEAF6
:100A8000C12343F0004343EA505323FA02F0704776
:100A90004FF00000704750EA013002D14FF0FF30B4
:100AA00070474FF0000070474FEA4102B2F1E04357
:100AB00024BFB3F5001CDCF1FE5C0DD901F0004C45
:100AC0004FEAC0024CEA5070B2F1004F40EB830095
:100AD00008BF20F00100704711F0804F21D113F1C1
:100AE0003872BCBF01F00040704741F480114FEAFA
:100AF0005252C2F11802C2F1200C10FA0CF320FA83
:100B000002F018BF40F001004FEAC1234FEAD3239F
:100B100003FA0CFC40EA0C0023FA02F34FEA430309
:100B2000CCE77FEA625307D150EA01331EBF4FF092
:100B3000FE4040F44000704701F0004040F0FE40AD
:100B400040F40000704700BF80F0004002E000BFAA
:100B500081F0004142001FBF5FEA410392EA030FA8
:100B60007FEA226C7FEA236C6AD04FEA1262D2EBF2
:100B70001363C1BFD218414048404140B8BF5B42F7
:100B8000192B88BF704710F0004F40F4000020F090
:100B90007F4018BF404211F0004F41F4000121F0A6
:100BA0007F4118BF494292EA030F3FD0A2F10102F0
:100BB00041FA03FC10EB0C00C3F1200301FA03F12E
:100BC00000F0004302D5494260EB4000B0F5000F51
:100BD00013D3B0F1807F06D340084FEA310102F110
:100BE0000102FE2A51D2B1F1004F40EBC25008BFC2
:100BF00020F0010040EA03007047490040EB00008C
:100C0000013A28BFB0F5000FEDD2B0FA80FCACF18C
:100C1000080CB2EB0C0200FA0CF0AABF00EBC250B9
:100C200052421843BCBFD0401843704792F0000FA7
:100C300081F4000106BF80F400000132013BB5E7FA
:100C40004FEA41037FEA226C18BF7FEA236C21D070
:100C500092EA030F04D092F0000F08BF08467047D5
:100C600090EA010F1CBF0020704712F07F4F04D1A3
:100C7000400028BF40F00040704712F100723CBFB6
:100C800000F50000704700F0004343F0FE4040F4E0
:100C9000000070477FEA226216BF08467FEA23639E
:100CA0000146420206BF5FEA412390EA010F40F489
:100CB000800070474FF0000304E000BF10F00043D5
:100CC00048BF40425FEA000C08BF704743F09643BC
:100CD00001464FF000001CE050EA010208BF7047D7
:100CE0004FF000030AE000BF50EA010208BF70475E
:100CF00011F0004302D5404261EB41015FEA010C73
:100D000002BF84460146002043F0B64308BFA3F16A
:100D10008053A3F50003BCFA8CF2083AA3EBC2534C
:100D200010DB01FA02FC634400FA02FCC2F120026B
:100D3000BCF1004F20FA02F243EB020008BF20F0A2
:100D40000100704702F1200201FA02FCC2F1200208
:100D500050EA4C0021FA02F243EB020008BF20EAFD
:100D6000DC7070474FF0FF0C1CEAD0521EBF1CEA2B
:100D7000D15392EA0C0F93EA0C0F6FD01A4480EA19
:100D8000010C400218BF5FEA41211ED04FF0006302
:100D900043EA501043EA5111A0FB01310CF000402E
:100DA000B1F5000F3EBF490041EAD3715B0040EA54
:100DB000010062F17F02FD2A1DD8B3F1004F40EB24
:100DC000C25008BF20F00100704790F0000F0CF0F7
:100DD000004C08BF49024CEA502040EA51207F3ABB
:100DE000C2BFD2F1FF0340EAC250704740F4000096
:100DF0004FF00003013A5DDC12F1190FDCBF00F087
:100E000000407047C2F10002410021FA02F1C2F134
:100E1000200200FA02FC5FEA310040F1000053EAD0
:100E20004C0308BF20EADC70704792F0000F00F01E
:100E3000004C02BF400010F4000F013AF9D040EA24
:100E40000C0093F0000F01F0004C02BF490011F4B8
:100E5000000F013BF9D041EA0C018FE70CEAD153B6
:100E600092EA0C0F18BF93EA0C0F0AD030F0004C36
:100E700018BF31F0004CD8D180EA010000F00040EA
:100E8000704790F0000F17BF90F0004F084691F0A8
:100E9000000F91F0004F14D092EA0C0F01D14202E2
:100EA0000FD193EA0C0F03D14B0218BF084608D1AB
:100EB00080EA010000F0004040F0FE4040F40000F5
:100EC000704740F0FE4040F4400070474FF0FF0C88
:100ED0001CEAD0521EBF1CEAD15392EA0C0F93EACF
:100EE0000C0F69D0A2EB030280EA010C49024FEA21
:100EF000402037D04FF0805343EA111143EA1013DA
:100F00000CF000408B4238BF5B0042F17D024FF491
:100F1000000C8B4224BF5B1A40EA0C00B3EB510F6C
:100F200024BFA3EB510340EA5C00B3EB910F24BF55
:100F3000A3EB910340EA9C00B3EBD10F24BFA3EBDA
:100F4000D10340EADC001B0118BF5FEA1C1CE0D1A2
:100F5000FD2A3FF650AF8B4240EBC25008BF20F055
:100F6000010070470CF0004C4CEA50207F32C2BFA9
:100F7000D2F1FF0340EAC250704740F400004FF046
:100F80000003013A37E792F0000F00F0004C02BF77
:100F9000400010F4000F013AF9D040EA0C0093F041
:100FA000000F01F0004C02BF490011F4000F013B9B
:100FB000F9D041EA0C0195E70CEAD15392EA0C0F03
:100FC00008D142027FF47DAF93EA0C0F7FF470AF3B
:100FD000084676E793EA0C0F04D14B023FF44CAF7E
:100FE00008466EE730F0004C18BF31F0004CCAD113
:100FF00030F000427FF45CAF31F000437FF43CAF4F
:101000005FE700BF4FF0FF3C06E000BF4FF0010C70
:1010100002E000BF4FF0010C4DF804CD4FEA400252
:101020004FEA41037FEA226C18BF7FEA236C11D09C
:1010300001B052EA530C18BF90EA010F58BFB2EB4F
:10104000030088BFC81738BF6FEAE17018BF40F0CF
:10105000010070477FEA226C02D15FEA402C05D183
:101060007FEA236CE4D15FEA412CE1D05DF8040B08
:10107000704700BF844608466146FFE70FB5FFF79B
:10108000C9FF002848BF10F1000F0FBD4DF808ED53
:10109000FFF7F4FF0CBF012000205DF808FB00BF44
:1010A0004DF808EDFFF7EAFF34BF012000205DF89E
:1010B00008FB00BF4DF808EDFFF7E0FF94BF0120EB
:1010C00000205DF808FB00BF4DF808EDFFF7D2FFE8
:1010D00094BF012000205DF808FB00BF4DF808ED2B
:1010E000FFF7C8FF34BF012000205DF808FB00BFF8
:1010F0004FEA40024FEA41037FEA226C02D15FEAE5
:10110000402C08D17FEA236C02D15FEA412C02D146
:101110004FF0000070474FF0010070474FEA400267
:10112000B2F1FE4F0FD34FF09E03B3EB12620DD915
:101130004FEA002343F0004310F0004F23FA02F07F
:1011400018BF404270474FF00000704712F1610F26
:1011500001D1420205D110F0004008BF6FF00040FD
:1011600070474FF00000704742000ED2B2F1FE4FC0
:101170000BD34FF09E03B3EB126209D44FEA002366
:1011800043F0004323FA02F070474FF0000070472D
:1011900012F1610F01D1420202D14FF0FF307047CE
:1011A0004FF00000704700BF53B94AB9002908BF8B
:1011B00000281CBF4FF0FF314FF0FF3000F00CB89B
:1011C000ADF1080C6DE904CE1CF040FDDDF804E043
:1011D000DDE9022304B07047704700BF10F8012B0F
:1011E00011F8013B012A28BF9A42F7D0D01A704764
:1011F000034613F8012B002AFBD1181A0138704757
:1012000001F0FF01102A2BDB10F0070F08D010F8B7
:10121000013B013A8B422DD010F0070F42B3F6D1BB
:10122000F0B441EA012141EA014122F007047FF0D4
:1012300000070023F0E80256083C85EA010586EA2B
:10124000010685FA47F5A3FA87F586FA47F6A5FA67
:1012500087F68EB9EED1F0BC01F0FF0102F0070273
:1012600032B110F8013B013A83EA010313B1F8D11E
:101270000020704701387047002D06BF35460338FF
:10128000073815F0010F07D1013015F4807F02BF38
:10129000013015F4C03F0130F0BC0138704700BF89
:1012A00010B5054C237833B9044B13B10448AFF3A0
:1012B00000800123237010BDB00300200000000057
:1012C0002C34020808B5034B1BB103490348AFF3A4
:1012D000008008BD00000000B40300202C34020888
:1012E00000B59BB04422002109A820F086F81822FE
:1012F000002102A820F081F8144A136823F4C06387
:1013000043F400731360136803F4C0630193019BFB
:101310002023089301210023B02208A8CDE910134F
:10132000CDE9122301F0DEFF00B1FEE74F23CDE946
:101330000230CDE90400CDE90600022102A802F046
:101340006DFA00B1FEE71BB05DF804FB0004005825
:101350007047000038B5104C237805460BB90120C2
:1013600038BD01F0AFFF22784FF47A73B3FBF2F38C
:10137000B0FBF3F000F0ECFC04460028EFD10F2D99
:10138000EDD8024629464FF0FF3000F08FFC034BAA
:1013900020461D60E4E700BF00000020040000209C
:1013A00010B5032000F070FC01F08CFF064B1860B4
:1013B0000020FFF7CFFF044618B9FFF7C9FF20460A
:1013C00010BD0124FBE700BF40000020034A044B8E
:1013D00011681B780B441360704700BFCC030020DA
:1013E00000000020014B1868704700BFCC030020AC
:1013F0008068C0F380007047F7B50023019304466E
:10140000002800F0E780856D25B904F051FBE56503
:1014100084F8545023689A68D00040F19F809A68FD
:10142000D10000F1B280A26D42F01002A265E26D1F
:1014300042F00102E26501251846FFF7D9FFA26DCF
:1014400002F01002024340F0C780A26D206922F42E
:10145000817242F00202A2659A68D2075BD4226BC5
:10146000A67E94F82CC0003A18BF01221703D4E9D5
:1014700002120A43217E42EA8132617E42EAC1328F
:1014800042EA4632002842EA4C02B4BF20F0004152
:101490004FF400113A430A4394F82010012903D174
:1014A000002E74D142F48032616A21B1A66A01F43F
:1014B000E07131430A43DE684A4931401143D96043
:1014C00094F83C206168E66C01F0404C012A4CEA3B
:1014D000060609D1D4E910273A433243A66C3243B9
:1014E00042EA0C0242F001061F693F4A3A40324389
:1014F0001A6121F00042B2F1804F0CD0B1F1004FDF
:1015000009D03A4ED6F8082701F4701122F470126F
:101510000A43C6F808275A69666BA16B22F00702D6
:1015200032435A615A6922F0700242EA01125A614A
:10153000002835D19A6A62F00F029A625B6903F063
:1015400007039E423CD10023E365A36D23F0030310
:1015500043F00103A365284603B0F0BD9A6824490F
:1015600022F0104222F0170242F080529A60214A83
:101570001268B2FBF1F2013252000192019A002A84
:101580003FF44DAF019A013AF7E7002554E7A16D0A
:1015900041F02001A165E16D41F00101E16583E7C2
:1015A000B0F5001FCAD19A6AE269013A92006FF061
:1015B0000F0102F01C0201FA02F2216E0A43BCE79D
:1015C000A36D23F0120343F01003A365E36D43F012
:1015D0000103E3650125BEE7A36D43F01003A36596
:1015E000F8E700BF0102DEFF02FCFF1F0020014000
:1015F000400D030040000020F8B54569082D044661
:101600000E460AD00368DB68D80705D5A36D43F002
:101610002003A3650120F8BD0425FFF7E3FE07467C
:1016200023681A682A4220D0A26D42F40072A26593
:10163000DA6812F4406F14D1A27E92B91A681207C8
:101640000FD51846FFF7D4FE20BB5A6822F00C02D3
:101650005A60A26D22F4807222F0010242F001026F
:10166000A265227EFAB10020D5E7711CD9D0FFF720
:10167000B9FEC01BB04201D8002ED1D123681B682F
:101680002B40CDD1A26D84F8543042F00402A26503
:101690000320C0E7A26D42F02002A265E26D42F095
:1016A0000102E265DDE70C221A60DCE70368186CD2
:1016B00070470000F7B50023019390F85430012BD8
:1016C000044600F0C08005680269012380F85430A8
:1016D0002846FFF78DFE002840F0AF8048680B6871
:1016E000022822F004027ED0B2F1004FC3F3110EA3
:1016F00035D1AA6A42EA0E02AA628A68686902EAD9
:10170000032222F07C4222F0FF0220EA03210A4356
:10171000002B6A611DDA4D4A4D4DD2F80817AB42D5
:1017200001F0E07043D10D0213D4D2F8083723F052
:10173000E073034343F40003C2F80837454B1A68CB
:10174000454BB2FBF3F20C2302FB03330193019BE5
:1017500053BB0020002384F8543003B0F0BD226E48
:1017600000F01F074FF00F0C0CFA07FC6FEA0C0695
:1017700022EA0C0CBEF1000F11D1C3F38462BA400F
:1017800042EA0C0222668008E26901309042B4D835
:10179000A86AC3F38362BA4006403243ACE793FAC7
:1017A000A3F2B2FA82F2EAE7019B013BCEE72B4DAE
:1017B000AB420BD1C901CCD4D2F8083723F0E07387
:1017C000034343F08073C2F80837C2E7244DAB42AD
:1017D000BFD14B02BDD4D2F8083723F0E0730343E6
:1017E00043F48003EFE7B2F1004F01BFAA6AC3F3ED
:1017F00011018A43AA62002BABDA154813498342D0
:10180000D1F8082709D1D1F8083702F0A07223F0E7
:10181000E0731A43C1F808279BE71048834204D1BC
:10182000D1F8083702F44002F1E70D48834290D125
:10183000D1F8083702F0C072E9E7A26D42F0200249
:10184000A265184686E7022087E700BF0020014016
:10185000001000B040000020400D0300004000B820
:10186000002000B4806D7047026838B50446104609
:10187000FFF7BEFD08B9002038BD9368990707D46B
:10188000936823F0004323F0170343F010039360A1
:10189000FFF7A8FD054623689B685B07EBD5FFF7BC
:1018A000A1FD401B0228F6D923689B685A07F2D590
:1018B000A36D43F01003A365E36D43F00103E365FB
:1018C0000120D9E773B50023026801939368DD070F
:1018D000044602D5002002B070BD9168214B194228
:1018E00009D0A36D43F01003A365E36D43F001033A
:1018F000E3650120EFE7936823F0004323F017032B
:1019000043F001039360184BD3F8083718021CD436
:10191000637E012BDED0FFF765FD144E054622687D
:101920001368DB07D6D49368D9075FBF9368334049
:1019300043F001039360FFF755FD401B0228EED9E9
:1019400023681B68DA07EAD4CBE7094B094A1B680E
:10195000B3FBF2F301330193019B002BD8D0019B21
:10196000013BF8E71700008000200140E8FFFF7FFF
:1019700040000020400D030038B504460068FFF722
:1019800037FD054620BB94F85430012B20D00123AD
:1019900084F854302046FFF795FFB0B9A36D226854
:1019A00023F4706323F0010343F48073A3651C23C5
:1019B000E065136084F85400936823F0004323F03B
:1019C000170343F00403936038BD84F85450FBE7D9
:1019D0000220F9E738B503689A680446900704D4F2
:1019E0009A68D10703D4002038BD9B68FBE79A684A
:1019F00002F00502012A19D19A6822F0004222F071
:101A0000170242F002029A6003221A60FFF7EAFC12
:101A1000054623689B68DB07E5D5FFF7E3FC401B21
:101A20000228F6D923689B68DA07F2D5A36D43F044
:101A30001003A365E36D43F00103E3650120D3E7E1
:101A400070B5044600284BD0836D43F002038365D4
:101A5000FFF70AFF054668B92046FFF7BBFF0546BA
:101A600008B90123A3652268936823F0104323F08B
:101A70001703936023685A6822F4677222F0030206
:101A80005A6040F29F321A60D968164A0A40DA60FA
:101A90005A6922F007025A6100269A6A9E621A6AFF
:101AA00002F0F0221A625A6A02F0F0225A62DA6AEE
:101AB00002F0F022DA621A6922F040421A610A4A00
:101AC000D2F8083723F0FE73C2F80837204604F036
:101AD0000FF8E6652666A66584F85460284670BD52
:101AE0000125FBE700021E830020014010B590F89D
:101AF0005430012B044615D0012380F85430FFF7F1
:101B0000B3FE58B92046FFF765FF38B9A36D23F43B
:101B1000807323F0010343F00103A365002384F8DD
:101B2000543010BD0220FCE7F7B50023009390F875
:101B30005430012B044600F0A080012380F854307B
:101B4000FFF748FF23689A6812F00102054607D0A4
:101B5000A36D43F01003A365002384F854302DE0F7
:101B6000A16D474F21F4817141F00201A165DE684A
:101B7000D96826F4FF4626F07C0621F4004136049D
:101B800021F00301360CD96008209968394041F0F2
:101B9000004199609968002913DA00990131009198
:101BA0000099B1F52E3FF5D3A36D23F0120343F056
:101BB0001003A365002384F854300125284603B0A0
:101BC000F0BDD3F8B410013801F07F010A44DCD134
:101BD000D1089A6822F0004222F0170242F0010276
:101BE0009A601A69B2F1804F1ED3D3F8B42022F064
:101BF0007F020A43C3F8B4209A6822F0004222F020
:101C0000170242F002029A60FFF7ECFB07462368D6
:101C10009A68D2071FD4DA683243DA60A36D23F0E2
:101C2000030343F0010396E7164AD2F8082702F4AB
:101C30007012B2F5E01FD8D3920C0120033A00FADB
:101C400002F20192019AC2400192019A002ACCD07C
:101C5000019A013AF8E7FFF7C5FBC01B0228D6D965
:101C600023689B68D907D2D5A36D43F01003A36501
:101C7000E36D43F00103E3659FE702259EE700BFA4
:101C8000E8FFFF7F002001400749CA6822F4E062B4
:101C90000302120403F4E063120C134343F0BF6326
:101CA00043F40033CB60704700ED00E0164B30B5D5
:101CB000DC68C4F30224C4F10703251D042B28BFEC
:101CC0000423062D4FF0FF358CBF033C002405FA9A
:101CD00003F321EA0303A54022EA0502A3400028FA
:101CE00043EA0203ACBF00F16040084A4FEA031325
:101CF000B8BF00F00F00DBB2AABF00F5614013547B
:101D000080F8003330BD00BF00ED00E014ED00E0CE
:101D1000002807DB044A4109012300F01F0083402B
:101D200042F82130704700BF00E100E000280CDBE2
:101D30004309064900F01F0020330122824041F888
:101D40002320BFF34F8FBFF36F8F704700E100E098
:101D50000138B0F1807F0BD24FF0E023054A586183
:101D6000F02182F823100020072298611A61704741
:101D70000120704700ED00E00028A1BF4309403377
:101D8000054A52F82330A3BF00F01F0023FA00F0E9
:101D900000F001000020704700E100E0002808DBAF
:101DA0004309044900F01F0001226033824041F8DA
:101DB0002320704700E100E0704708B5FFF7FCFF03
:101DC00008BD704710B5044608B9012010BD437F17
:101DD00003F0FF0213B90277FFF7F3FF02236377E3
:101DE0002379E3B92368134A5A619A6822F01802EA
:101DF0009A6062792368D2B94FF0FF321A619A680B
:101E0000616922F060020A439A609A68A16922F02F
:101E100080020A439A60012363770020D6E7D4E961
:101E20000212204600F008F80028E2D0CDE722692F
:101E3000E4E700BFB71DC104CB0710B50CD51F23C5
:101E4000013B1CD321FA03F4E407F9D5102A12D080
:101E500004D83AB1082A10D001200BE0182AFBD18F
:101E6000062BF9D800684161836823F018031343F7
:101E70008360002010BD072BF3E70F2BF1E7102A3A
:101E8000EAD0E9D8002AE7D1ECE710B5044640B122
:101E90000223037103F0DEFD0020206160712071D8
:101EA00010BD0120FCE710B5012358B1046801F012
:101EB0001001226803FA01F122EA01022260037193
:101EC000002010BD1846FCE7034640B190F82520DD
:101ED000022A06D00422C263002280F824200120B6
:101EE00070470268116821F001011160116821F04A
:101EF0000E011160816C0A6822F480720A60D0E9D8
:101F0000100202F01C0101228A404260D3E9132131
:101F100051605A6D32B1116821F480711160D3E9BA
:101F2000162151600122002083F8252083F8240027
:101F3000704708B590F82530022B03D00423C36303
:101F4000012008BD03681A6822F001021A601A68AD
:101F500022F00E021A60826C136823F480731360FF
:101F6000D0E9101303F01C02012393404B60D0E929
:101F700013325A60436D33B11A6822F480721A60CA
:101F8000D0E916325A60012380F82530002380F80A
:101F90002430836B03B198470020D2E790F82500E6
:101FA000704700000A4A536943F4802330B55361F7
:101FB000EFF3108472B60023CD58C5500433B3F547
:101FC000807FF9D11369DB03FCD484F3108830BD22
:101FD00000400058064B5A69002ABFBF054A9A6064
:101FE00002F188329A60BABF5869C00F002070476A
:101FF0000040005823016745044B5A6942F00042F3
:102000005A615869C043C00F704700BF0040005874
:1020100070B50546FFF7E6F9124E04463369D90359
:1020200013D43369DA0744BF012232614CF2FA3229
:10203000134011D10B4E306910F480200BD0FFF704
:10204000D1F9001BA842F6D304E0FFF7CBF9001B3F
:10205000A842E3D3032070BD024A1361024A012063
:102060005360F8E700400058D00300202DE9F0410C
:10207000184D98462B78012B06460C46174626D05D
:1020800001232B704FF47A7000236B60FFF7C0FFC1
:10209000A0B9012E16D1104A536943F001035361D0
:1020A0002760BFF36F8FC4F804804FF47A70FFF796
:1020B000AFFF094A536923EA0603536100232B70DB
:1020C000BDE8F08139462046FFF76CFFEDE70220BE
:1020D000F6E700BFD003002000400058054A5369CE
:1020E00023F47E7343EAC00040F4803040F00200E5
:1020F00050617047004000582DE9F041364F3B7861
:10210000012B0546884665D001233B704FF47A7059
:1021100000237B60FFF77CFF0446002836D12B6844
:10212000042B38D12D4A536943F4803343F0040320
:1021300053614FF47A70FFF76BFF0446274B1A6820
:1021400091050FD51A6822F400721A601A6842F4D9
:1021500000621A601A6822F400621A601A6842F477
:1021600000721A601D4B1A6852050FD51A6822F4C6
:1021700080621A601A6842F480521A601A6822F467
:1021800080521A601A6842F480621A6000233B7021
:102190002046BDE8F0814FF0FF33C8F800306E688C
:1021A000D5E901321344B3420AD93046FFF796FF0E
:1021B0004FF47A70FFF72CFF50B1C8F80060044666
:1021C000064A536923F47E7323F002035361B5E793
:1021D0000136E5E70224DBE7D00300200040005889
:1021E0002DE9F04F564C00234FF00F080A6832FAE1
:1021F00003F501D1BDE8F08F012505FA03F919EACD
:10220000020275D04E68032706F003054FEA430E1D
:1022100007FA0EFC6F1E012F6FEA0C0C6AD8876854
:1022200007EA0C0ACF6807FA0EF747EA0A07876041
:10223000476827EA0909C6F300179F4047EA0907DC
:102240004760C76807EA0C098F6807FA0EF747EA84
:102250000907022DC76059D0076805FA0EF507EA8D
:102260000C073D4316F4403F056041D023F00307BF
:1022700007F1804707F5803703F0030CBD684FEA8C
:102280008C0C4FF0070E0EFA0CFEB0F1904F25EAC1
:102290000E0E51D02B4DA84250D005F58065A842B6
:1022A00014BF0725022505FA0CF545EA0E05BD60A9
:1022B0002568D74316F4801F0CBF3D4015432560A9
:1022C000656816F4001F0CBF3D4015436560D4F8E7
:1022D000805016F4803F0CBF3D401543C4F8805039
:1022E000D4F88450B60354BF3D401543C4F884501D
:1022F00001337BE7032DAFD0C76807EA0C098F686D
:1023000007FA0EF747EA0907C760A5E74FEAD309BE
:1023100000EB890903F0070AD9F820704FEA8A0A0E
:1023200008FA0AFB27EA0B0B0F6907FA0AF747EAD4
:102330000B07C9F820708FE70025B4E70125B2E745
:102340000008005800040048044AD168014208B55A
:1023500002D0D06003F040FE08BD00BF0008005866
:1023600003689A69910744BF00229A629A69D2076A
:102370005EBF9A6942F001029A61704730B5039DD1
:1023800004682B4343EA0243064A6068C1F309012B
:102390000B4342EA555223F0004320EA0200034374
:1023A000636030BDFF63FF031E4A436B934270B509
:1023B00001F002020DB201F001041DD01A4EB34229
:1023C0001AD01A4EB34217D0002DACBF0023B82349
:1023D0000CB143F0F2030AB143F0F403102902D127
:1023E00043F0900303E0202901D143F0200301686A
:1023F0000A6813430B6070BD002DACBF0023B823E7
:102400000CB143F0F2030AB143F0F4031029E7D012
:10241000202902D143F06003E9E7402908BF43F0D7
:102420004003E4E7512B00086D2E0008292A00081C
:1024300011F0010307D090F8413003F02803282B56
:1024400014BFF22342238A0709D590F8412002F0F5
:102450002802282A0CBF43F0440343F0F4030A0483
:1024600001680A6848BF43F0B80322EA03030B601F
:102470007047704710B5044698B10268242380F86D
:102480004130136823F001031360FFF7F2FF0020CF
:10249000606484F8400084F84100206384F84200BE
:1024A00010BD0120FCE70000F8B51F4690F8413050
:1024B00003F02803282B04460E46154601D00120C0
:1024C000F8BD01B11AB94FF400736364F7E748F23D
:1024D0000101FFF7ADFF90F84030012B40D0012300
:1024E00080F8403090F841302A2B14D10221FFF7B8
:1024F0009FFF03681A6810040DD51A68E06B22F478
:1025000000421A6038B1174B8363FFF712FD10B118
:10251000E06B836B9847292384F84130206820239F
:10252000002284F842306264436823F4004343602D
:102530006585638D2385E7620B4B636383698169DE
:102540006662C90303D51B0744BF0823C361204645
:1025500084F8402048F20101FFF726FF0020AFE792
:102560000220ADE775300008632F0008F8B51F465C
:1025700090F8413003F02803282B04460E461546F8
:1025800001D00120F8BD01B11AB94FF400736364A2
:10259000F7E748F20201FFF74BFF90F84030012BBC
:1025A0003FD090F841300121292B80F8401013D101
:1025B000FFF73EFF03681A6850040DD51A68A06B38
:1025C00022F480421A6038B1174B8363FFF7B1FCE5
:1025D00010B1A06B836B98472A2384F841302068A0
:1025E0002023002284F842306264436823F40043CD
:1025F00043606585638D2385E7620C4B6363836964
:1026000081696662C90303D41B0744BF0823C36101
:10261000204684F8402048F20201FFF7C5FE002062
:10262000B0E70220AEE700BF75300008632F000856
:1026300008B590F84120202A0AD1282280F84120AC
:10264000044A42634FF40041FFF7AEFE002008BD8C
:102650000220FCE7632F00080268436B916912684F
:1026600003B1184770477047704738B5002580F8A8
:10267000425090F84130212B4FF0200380F8413038
:102680000AD11123036345630121FFF7D1FE80F8CE
:102690004050FFF7E8FF38BD122303634563022172
:1026A000FFF7C6FE80F84050FFF7DEFFF3E708B5FE
:1026B00003681A68002180F84210510415D51A6881
:1026C00022F480421A6090F84130292B13D128233C
:1026D00080F84130212303630121FFF7A9FE002385
:1026E00080F840300CF098FC08BD1204EBD51A6855
:1026F00022F40042E6E790F841302A2BF4D1282357
:1027000080F84130222303630221FFF791FE00236A
:1027100080F840300CF06DFCE6E790F8412002F0C4
:102720002802282AF8B5036834D19E69C2689D69D9
:102730009968DF682D0C022AC6F3004605F0FE05F5
:102740001FD185EAD11515F00605C1F309020ED196
:10275000816C01318164816C022907D10821856473
:10276000D96180F8405031460CF0F6FBF8BD4FF4CB
:102770000041FFF75DFE002380F8403007F0FE02C5
:10278000F1E74FF40041FFF753FE002380F840309B
:102790002A46E8E70822DA61002380F84030E5E7BE
:1027A00008B5164BC362202200230363436380F8FD
:1027B000412080F842304B0712D503685A6A436AB9
:1027C0001A70436A01334362038D4BB1013B0385A9
:1027D000438D013B9BB24385436C43F00403436448
:1027E00048F20301FFF724FE03681022DA61002398
:1027F00080F840300CF0E8FB08BD00BF0000FFFF90
:1028000070477047704790F84120602A08B54FF034
:10281000000208D1202180F8411080F84020026396
:10282000FFF7F0FF08BD026380F840200CF0F8FBD2
:10283000F8E7000070B500223D4D90F8413080F877
:102840004220C5624285426C283B0A43022B044663
:1028500042642AD80321FFF7EBFD282380F841309A
:10286000344BA06B6363236B002841D0112B01D044
:10287000212B3DD123681A68510442BF1A6822F403
:1028800080421A60FFF78AFB01282CD0A06B2A4BEC
:102890008363002384F84030FFF74BFB002845D0CA
:1028A000A06B836BBDE87040184748F20301FFF747
:1028B000BFFDFFF755FD90F84130602B11D020236C
:1028C00080F8413003689A6995060AD59A69D0065E
:1028D00005D51022DA61626C42F0040262642022A3
:1028E000DA610023BDE72046BDE87040FFF78BBFEB
:1028F000E06B0028F7D0122B01D0222BF3D12368F4
:102900001A68120442BF1A6822F400421A60FFF7E4
:1029100045FB0128E7D0E06B074B8363002384F875
:102920004030FFF706FB08B1E06BBAE770BD00BFAF
:102930000000FFFF632F00087530000873B50568BD
:102940002023EB6190F84130212B04460E4635D10F
:102950000121FFF76DFD112323636B6823F0FF73E3
:1029600023F48B3323F4FF7323F001036B60002304
:102970006363F206A3F58033E36205D51023EB61B0
:10298000636C43F00403636494F84130602B05D119
:10299000730741BF6B6ADBB20193019B2046FFF7CF
:1029A000DFFC636C94F84120602A00D07BB1616C3D
:1029B000204602B0BDE87040FFF73CBF90F84130C0
:1029C000222BCAD10221FFF733FD1223C4E794F86A
:1029D0004120212A12D1202284F84120236394F837
:1029E000422084F84030402A84F8423003D1FFF777
:1029F00007FF02B070BDFFF736FEFAE794F84120FA
:102A0000222AF6D1202284F84120236394F8422020
:102A100084F84030402A84F8423002D1FFF7F1FEBA
:102A2000E7E7FFF721FEE4E713B590F84030012B0C
:102A3000044600F08680012380F84030CB0612D592
:102A4000D30610D503681022DA61436C43F0040307
:102A500043642021FFF7A8FCFFF782FC002084F8E4
:102A6000400002B010BD880708D5930706D523683B
:102A7000226D9A624FF0FF332365EFE7080636D5E3
:102A8000530634D501212046FFF7D2FC1021FFF771
:102A90008BFC638D9BB233B3638D9BB2FF2B18D934
:102AA000FF22E16C2285002300934FF0807389B2EE
:102AB000FFF764FC638D228D9B1A9BB2638594F8AB
:102AC00041202368222A1A6830D142F400421A6059
:102AD000C4E7628DE16C92B2228500230093D2B2EA
:102AE0004FF00073E3E74021FFF7A4FEB6E7480686
:102AF0001FD553061DD501212046FFF799FC102153
:102B0000FFF752FC94F841100F4A104B222918BFCE
:102B10001346628D92B2FF2A03D9FF22E16C22850F
:102B2000C2E7628DE16C92B22285D7E742F480421F
:102B3000CDE7880692D5930690D52046FFF7FEFE96
:102B40008CE702208DE700BF002000800024008079
:102B500073B590F84030012B044678D0012380F8FB
:102B60004030CB0612D5D60610D503681022DA61A4
:102B7000436C43F0040343642021FFF715FCFFF787
:102B8000EFFB002084F8400002B070BD0D0641D577
:102B900050063FD525682B6823F040032B60638DDA
:102BA0009BB25BB36968638D9BB2FF2BC1F30901D4
:102BB0001AD9FF2323854FF080730022268D0092BF
:102BC00094F828202046FFF7D9FB638D9B1B9BB20E
:102BD000638594F84130222B2B680CBF43F40043EB
:102BE00043F480432B60CCE7638D2385E36A13F5C0
:102BF000803F14BFE36A4FF00073DEE76B689A0111
:102C000003D42046FFF731FDBBE740212046FFF704
:102C100011FEB6E74B0612D5560610D5638D9BB252
:102C2000002BF2D123685A689501AAD4E26A12F502
:102C3000803FE6D15A6842F480425A60A1E7880694
:102C40009FD593069DD52046FFF778FE99E7022091
:102C50009AE7036899691A6810B4CC0508D5140678
:102C600006D5446C44F0010444644FF48074DC6184
:102C70004C0508D5140606D5446C44F00804446499
:102C80004FF48064DC61890508D5120606D5426CD4
:102C900042F0020242644FF40072DA61416C11F0BA
:102CA0000B0F02D010BCFFF7C5BD10BC7047000071
:102CB0002DE9F0410568D5F80080C76A90F84120F9
:102CC0000E46212A4FF020010446D3B2E96109D013
:102CD000223B082B0DD8DFE803F06C0C0C0C0C0C1D
:102CE00072056C0048F201012046FFF7A1FB212389
:102CF00023636B6843F400436B606B6823F0FF73DE
:102D000023F48B3323F4FF7323F001036B6020461D
:102D1000FFF726FB18F4804F57D02B6823F480432D
:102D20002B60A36B1BB11B685B689BB2638572074A
:102D30000FD5636A6A6A1A70636A01336362238D0E
:102D40002BB1013B2385638D013B9BB2638526F04C
:102D50000406638D9BB21BB1636C43F00403636490
:102D6000F30611D518F0100F0ED0638D9BB2002B17
:102D700045D194F84130282B30D1B7F1007F2DD1C7
:102D800031462046FFF70CFD002384F84230656C85
:102D90006363002D42D0616C2046FFF74BFD94F831
:102DA0004130282B4CD131462046BDE8F041FFF799
:102DB000F7BC48F20201FFF73BFB222398E748F2F9
:102DC0000301FFF735FB002392E718F4004FAED064
:102DD0002B6823F400432B60E36BA3E794F84120B6
:102DE0002368292A4FF01002DA61CDD117F5803F10
:102DF000CAD02046FFF7B4FAFFF759FCC4E72368AE
:102E00001022DA61636C43F00403636437F080736B
:102E1000BAD1616C2046FFF70DFDB5E7E36A13F503
:102E2000803F0FD02046FFF742FC0F4BE362202388
:102E300084F8413084F84050256320460CF0C4F8F3
:102E4000BDE8F08194F8413084F84050222B4FF0D7
:102E5000200384F841302046256302D10CF0C9F8E4
:102E6000EEE70CF0D9F8EBE70000FFFF70B590F843
:102E70004060C56A012E04460B4670D0012680F8DA
:102E800040608E0607D5960605D5FFF711FF002096
:102E900084F8400070BDD80659D5D10657D512F434
:102EA000404F50D0D4E90E10E0B921B1520402D500
:102EB0000A6852680AB323681022DA61636C43F02F
:102EC0000403636494F8413035F08072DBB2DED1E4
:102ED000213B092B30D8DFE803F02D342F2F2F2F83
:102EE0002F2F2D341604E0D5006840680028DCD16F
:102EF00019B1500444BF0A68526894F84120282A46
:102F000007D1B5F1007F04D119462046FFF748FCF0
:102F1000BDE794F841202368292A4FF01002DA61B6
:102F2000B5D115F5803FB2D02046FFF719FAFFF76B
:102F3000BEFBACE721232363616C2046FFF77AFCDC
:102F4000A5E72223F7E723681022DA619FE7190734
:102F50009DD513079BD52046FFF7DFFB97E702209F
:102F600098E770B590F84060C56A012E04460B469C
:102F70007ED0012680F840608E0607D5960605D5DE
:102F8000FFF796FE002084F8400070BDD90630D5CA
:102F9000D6062ED5628D92B2E2B994F84120282A45
:102FA00007D1B5F1007F04D119462046FFF7F8FBA1
:102FB000E8E794F841202368292A4FF01002DA61EB
:102FC000E0D115F5803FDDD02046FFF7C9F9FFF7C6
:102FD0006EFBD7E723681022DA61636C43F00403C9
:102FE000636435F08073CDD1616C2046FFF722FC1D
:102FF000C8E758071BD5510719D5638D9BB26BB134
:1030000023685A6A636A1A70636A01336362238DA4
:10301000013B2385638D013B9BB26385638D9BB22E
:10302000002BAFD115F5803FACD02046CFE71E076F
:1030300005D5100703D52046FFF76FFBA2E79907D8
:10304000A0D593079ED5638D9BB26BB1636A22684E
:1030500013F8011B91626362638D013B9BB2638530
:10306000238D013B23858DE735F080738AD1DCE722
:1030700002208AE7806A836B0BB100229A63C36BDC
:103080000BB100229A63FFF7BEBB0000024A13682F
:1030900043F480731360704700040058024B1868B3
:1030A00000F4C060704700BF00040058024A9368F3
:1030B00023F400439360704700040058054A1368E6
:1030C00043F007031360044A136943F004031361D8
:1030D00030BF70470004005800ED00E04FF0B043EF
:1030E0001868C0F3404070474FF0B0431868C0F311
:1030F000400070474FF0B042536823F47F4343EAE7
:103100000023536070474FF0B0431868C0F340602D
:10311000704700007FB54FF0B0432C4AD3F8083118
:10312000C0F3031003F00F0352F82040284A52F86E
:103130002330B4FBF3F4FFF7B1FF264B054693E8C9
:103140000700B5F5007F04AB03E9070010D0224B60
:103150009C4218D303F5B70303F67F539C4229D949
:1031600003F5741303F510639C4225D802230BE08A
:103170001A4B9C4207D91A4B9C421BD903F53703C3
:1031800003F5D853F0E7002304AA02EB830353F8B6
:103190000C4C144D2B6823F0070323432B60FEF7E0
:1031A00021F906462B6803F007039C4206D1002054
:1031B00004B070BD0123E7E70024EAE7FEF712F947
:1031C000801B0228EED90320F2E700BFC83B0208AB
:1031D000283C020848340208C0CF6A00BFEA210137
:1031E0003F933402004000584FF0B04310B59A6846
:1031F000D96812F00C0205D00C2A4AD101F0030361
:10320000012B51D14FF0B0412B480B6813F008034C
:1032100006D00B6813F0080337D1D1F8941007E0FB
:103220000C68240756BFD1F894300968C3F3032310
:1032300050F82330002A0CBF184600204FF0B04150
:103240008A6802F00C020C2A1ED1CA6802F003023E
:10325000022A2ED0032A06D10B68184A13F4801FC5
:10326000174B18BF13464FF0B042D068D168D268F0
:10327000C0F306205843C1F302130133B0FBF3F04F
:10328000530F0133B0FBF3F010BD0B68C3F303130E
:10329000CEE7042A05D0082A06D11B6813F4801350
:1032A00005D006480023C9E700231846C6E70448AE
:1032B000C4E7024BD7E700BFC83B02080024F40074
:1032C0000048E80108B5FFF78FFF4FF0B043044A0C
:1032D0009B68C3F3031352F82330B0FBF3F008BD2F
:1032E000283C02082DE9F0410446002853D04FF055
:1032F000B0439D68DE680368990605F00C0506F08A
:10330000030668D5026A1DB10C2D46D1012E44D1A9
:10331000002A40D04FF0B043A16A1A68120756BF86
:10332000D3F894301B681B0903F0F00399421FD9AE
:103330000846FFF7EFFE00282DD14FF0B04213688A
:1033400043F0080313601368A16A23F0F0030B43F2
:103350001360606AFFF7CEFEFFF7B4FFAC4B186056
:10336000AC4B1868FDF7F6FF002834D0BDE8F081BB
:103370004FF0B042136843F008031360136823F062
:10338000F0030B431360606AFFF7B4FE0846FFF7D3
:10339000C1FE0028E0D00120E8E74FF0B043002A4A
:1033A00054D01A6842F001021A60FEF71BF8074673
:1033B000FFF79AFE002842D04FF0B042136843F066
:1033C000080313601368A16A23F0F0030B43136032
:1033D000606AFFF78FFE2368DF0748D423689807E9
:1033E00000F1A18023681E0740F1FC80A3694FF023
:1033F000B046002B00F0E380D6F89430E16903F08A
:103400001002914200F0C68003F00302022AC2D0EB
:10341000D80740F1B580D6F8943023F00103C6F800
:103420009430FDF7DFFF0746D6F89430990740F156
:10343000A780FDF7D7FFC31B112BF5D904E0FDF7DB
:10344000D1FFC01B0228B3D903208FE71A6822F0EE
:1034500001021A60FDF7C6FF0746FFF745FE002888
:10346000B9D0FDF7BFFFC01B0228F6D9ECE7082D45
:10347000626803D00C2D1AD1032E18D1002A8AD0ED
:103480009907AFD523694FF0B046002B67D033685A
:1034900043F480733360FDF7A5FF074633685A0590
:1034A00055D4FDF79FFFC31B022BF7D9CCE74FF094
:1034B000B043A068196821F480110143B2F5803F40
:1034C000196010D11A6842F480321A60FDF78AFF41
:1034D0000746FFF703FE002880D1FDF783FFC01BDE
:1034E0006428F6D9B0E7B2F5041F04D11A6842F493
:1034F00000121A60E6E7196821F480311960196832
:1035000021F400111960002AE0D1FDF76BFF074696
:10351000FFF7E4FD00283FF461AFFDF763FFC01B38
:103520006428F5D990E7042D03D00C2DAAD1022EE2
:10353000A8D12369002B3FF42EAF4FF0B042616950
:10354000536823F0FE4343EA016353604AE773681C
:10355000626923F0FE4343EA0263736042E7336823
:1035600023F480733360FDF73DFF074633685B0546
:103570007FF538AFFDF736FFC31B022BF6D963E7A3
:103580004FF0B042E169D2F8943023F010030B43BE
:10359000C2F894304FF0B047D7F8943043F00103AD
:1035A000C7F89430FDF71EFF0646D7F894309A0707
:1035B00018D4FDF717FF831B112BF6D944E7D6F873
:1035C000943023F00103C6F89430FDF70BFF074653
:1035D000D6F894309B0705D5FDF704FFC31B112BCC
:1035E000F6D931E72368580754D50B4F3B68D90506
:1035F00014D4FFF74BFDFDF7F5FE06463B68DA05F0
:103600000CD4FDF7EFFE831B022BF7D91CE700BF9C
:10361000400000200400002000040058E3684FF040
:10362000B046002B58D023F08003052B02BFD6F8FC
:10363000903043F00403C6F890304FF0B046FDF7E9
:10364000D1FED6F8903043F001030746C6F890301B
:1036500041F28838D6F890309B0705D4FDF7C2FEBA
:10366000C31B4345F6D9EFE6E36823F00403812B3F
:103670001BD1FDF7B7FED6F8903043F08003C6F8B3
:10368000903007464FF0B04641F28838D6F8903077
:10369000180504D5E36A002B4AD1002066E6FDF741
:1036A000A1FEC01B4045F1D9CEE6FDF79BFED6F842
:1036B000903023F08003C6F8903007464FF0B046B4
:1036C00041F28838D6F890301905E3D5FDF78AFE27
:1036D000C01B4045F6D9B7E6FDF784FED6F890301A
:1036E00023F080030746C6F8903041F28838D6F8B8
:1036F00090301A0516D4FDF775FED6F8903023F0F9
:103700000103C6F8903007464FF0B04841F28836C2
:10371000D8F890309B07BDD5FDF764FEC31BB342BC
:10372000F6D991E6FDF75EFEC01B4045DFD98BE67A
:103730000C2D4ED0022B4FF0B0431A6822F080724D
:103740001A6033D1FDF74EFE0546FFF7DCFC38BBAF
:10375000D4E90C314FF0B0420B43D0682D49014001
:103760000B43E16B0B43216C0B43616C0B43A16B6F
:1037700043EA0123D360136843F080731360D36876
:1037800043F08053D360FDF72DFE0446FFF7BBFCEA
:10379000002882D1FDF726FE001B0A28F6D953E641
:1037A000FDF720FE401B0A28CFD94DE6FDF71AFE93
:1037B0000446FFF7A8FC30B94FF0B042164BD16871
:1037C0000B40D36069E7FDF70DFE001B0A28F0D916
:1037D0003AE6012B3FF4DFAD4FF0B043D868236BDE
:1037E00000F003029A427FF4D6AD626B00F07003E2
:1037F00093427FF4D0ADA26B00F4FE43B3EB022FF3
:103800007FF4C9AD636C00F06040C01A18BF01209E
:10381000ACE500BF8C80C111FCFFFEEE2DE9F0414C
:103820000D46044610B90120BDE8F081684E3368AA
:1038300003F007038B4216D323689A0727D54FF06E
:10384000B047A268BB6823F0F0031343BB60FDF7E9
:10385000C9FD0646BB68DB0319D4FDF7C3FD831B16
:10386000022BF7D911E0336823F007030B433360D1
:10387000FDF7B8FD0746336803F00703AB42DBD022
:10388000FDF7B0FDC01B0228F5D90320CCE7236863
:10389000580617D54FF0B0476269D7F8083123F0C2
:1038A0000F0343EA1213C7F80831FDF79BFD0646E4
:1038B000D7F80831D90305D4FDF794FD831B022BFB
:1038C000F6D9E2E723685A0713D54FF0B047E2680C
:1038D000BB6823F4E0631343BB60FDF783FD06463A
:1038E000BB689B0305D4FDF77DFD831B022BF7D935
:1038F000CBE72368180714D54FF0B0472269BB689F
:1039000023F4605343EAC203BB60FDF76BFD064638
:10391000BB68590305D4FDF765FD831B022BF7D95E
:10392000B3E72368DA070FD4294C236803F00703B1
:10393000AB4239D8FFF7C6FC264B1860264BBDE8D2
:10394000F0411868FDF706BD6268022A1DD1FFF735
:10395000C5FB00283FF467AF4FF0B04641F288380E
:10396000B36823F003031343B360FDF73BFD074641
:10397000B368626803F00C03B3EB820FD4D0FDF799
:1039800031FDC01B4045F3D97FE7032A02D1FFF781
:10399000BAFBDEE712B9FFF7A7FBDAE74FF0B04357
:1039A0001B685B05D8D43EE7236823F007032B434D
:1039B0002360FDF717FD0646236803F00703AB42BB
:1039C000B8D0FDF70FFD801B0228F5D95DE700BFD9
:1039D00000400058400000200400002008B5FFF718
:1039E00003FC4FF0B043054AD3F8083103F00F034E
:1039F00052F82330B0FBF3F008BD00BF283C0208AA
:103A000008B5FFF75FFC4FF0B043044A9B68C3F36F
:103A1000022352F82330D84008BD00BF083C0208FA
:103A200008B5FFF74FFC4FF0B043044A9B68C3F35F
:103A3000C22352F82330D84008BD00BF083C02081A
:103A400010B5D8B1D1B14F234FF0B04203609368A5
:103A500003F00C04446003F0F004846003F4E064B9
:103A600003F46053C4600361D2F808311B01DBB278
:103A70004361034B1B6803F007030B6010BD00BFDD
:103A800000400058704770B50446002866D0436A6D
:103A9000002B5FD14268B2F5827F00D0C361002362
:103AA000A36294F85D3003F0FF0223B984F85C2030
:103AB0002046FFF7E7FF2268E068A668A1690223B5
:103AC00084F85D30136823F040031360B0F5E06FB5
:103AD0004FF000038ABF1D464FF48055B0F5706F5C
:103AE00018BFA362636806F4044603F48273334389
:103AF000266906F002063343666906F00106334381
:103B000001F400763343E66906F038063343266A4B
:103B100006F080063343A66A06F40056334313606A
:103B2000666B636A06F0080603F0100300F4706029
:103B30003343090C034301F004010B432B4353604F
:103B4000D36923F40063D36100200123206684F845
:103B50005D3070BD0023C0E90433A0E70120F8E721
:103B6000704710B5044680B10268022380F85D30CA
:103B7000136823F040031360FFF7F2FF0020206674
:103B800084F85C0084F85D0010BD0120FCE702238E
:103B9000026810B580F83D30136A03F0113323F04A
:103BA0008853044643B9116A40F24443194202BFA4
:103BB000136823F001031360204602F016FD002075
:103BC00084F8480084F83C0084F83E0084F83F0004
:103BD00084F8400084F8410084F8420084F84300EF
:103BE00084F8440084F8450084F8460084F84700CF
:103BF00084F83D0010BD000090F83D30012B17D136
:103C000002230C4A80F83D300368934202D0B3F19E
:103C1000804F07D19968084A0A40062A06D0B2F5B3
:103C2000803F03D01A6842F001021A6000207047FA
:103C300001207047002C0140070001000268136A50
:103C400003F0113323F0885343B9116A40F244431F
:103C5000194202BF136823F001031360012380F8A7
:103C60003D30002070470368DA6822F00102DA6014
:103C70001A6A02F0113222F0885242B9196A40F2EF
:103C80004442114202BF1A6822F001021A60012365
:103C900080F83D300020704790F83C20012A034610
:103CA0004FF0020009D01A6883F83D0051610020EE
:103CB000012283F83D2083F83C007047704770472D
:103CC000036870B5DD681E69B20704460DD5A90703
:103CD0000BD56FF002021A61012202779B699A07E5
:103CE00075D001F052FE00232377730710D56807C3
:103CF0000ED523686FF004021A61022222779B69B5
:103D000013F4407F204668D001F03FFE0023237764
:103D100031070FD52A070DD523686FF008021A6105
:103D200004222277DB699B0720465CD001F02DFE40
:103D300000232377F10610D5EA060ED523686FF02D
:103D400010021A6108222277DB6913F4407F2046B3
:103D50004FD001F01AFE00232377F30708D5E807B8
:103D600006D523686FF001021A61204601F0EAFDD2
:103D700016F4025F08D0290606D523686FF40252B4
:103D80001A61204600F0FDF9F20508D52B0606D58C
:103D900023686FF480721A61204600F0F3F9700610
:103DA00008D5690606D523686FF040021A612046DF
:103DB000FFF785FFB20622D5AB0620D523686FF04A
:103DC000200220461A61BDE8704000F0D9B901F028
:103DD000DAFD2046FFF772FF85E701F0D4FD2046AB
:103DE000FFF76CFF92E701F0CEFD2046FFF766FF7C
:103DF0009EE701F0C8FD2046FFF760FFABE770BD0E
:103E0000194A0368904202D0B0F1804F08D14A6845
:103E100023F070031343CA6823F44073134306E08E
:103E2000124A9042F7D002F580629042F3D04A697C
:103E300023F0800313438A68C2620A6882620A4AD6
:103E4000904207D002F5C052904203D002F5806242
:103E5000904201D10A690263026842F004020260E2
:103E60000122426103607047002C01400044014080
:103E700010B5044650B390F83D3003F0FF021BB973
:103E800080F83C2002F08AFB0223206884F83D3051
:103E9000211DFFF7B5FF012384F84830002084F886
:103EA0003E3084F83F3084F8403084F8413084F864
:103EB000423084F8433084F8443084F8453084F844
:103EC000463084F8473084F83D3010BD0120FCE7CF
:103ED000036A01F01F0110B501248C4023EA04039A
:103EE0000362036A8A401A43026210BD082908B5BA
:103EF00025D00AD8A9B1042919D090F84330012B54
:103F000013D1022380F843302CE00C291FD0102954
:103F1000F3D190F84230012B07D1022380F84230D0
:103F200020E090F83E30012B19D0012043E090F8BA
:103F30003F30012BF9D1022380F83F3012E090F896
:103F40004030012BF1D1022380F840300AE090F894
:103F50004130012BE9D1022380F8413002E00223F5
:103F600080F83E3000680122FFF7B2FF124B984202
:103F700014D003F5C05398420BD003F580639842E8
:103F800007D0B0F1804F0DD0036843F00103036008
:103F900010E0436C43F400434364F5E7436C43F49F
:103FA000004343648268054B1340062B02D0B3F5EF
:103FB000803FE9D1002008BD002C0140070001002E
:103FC000FFF794BF082910B503465AD010D809B39B
:103FD000042946D093F8434093F84720012CE0B2DF
:103FE000D2B26FD1012A3BD1022283F8432065E08F
:103FF0000C2956D01029EDD190F8424093F8472073
:10400000012CE0B2D2B25DD1012A29D1022283F87B
:10401000422053E090F83E4093F84420012CE0B257
:10402000D2B24FD1012A1BD1022283F83E2083F85D
:10403000442018680122FFF74BFF234B984202D01F
:10404000B0F1804F07D18268204B1340062B06D079
:10405000B3F5803F03D0036843F001030360002001
:1040600010BD90F83F4093F84520012CE0B2D2B249
:1040700028D1012AF4D1022283F83F2083F8452079
:10408000D7E790F8404093F84620012CE0B2D2B236
:1040900018D1012AE4D1022283F8402083F8462077
:1040A000C7E790F8414093F84720012CE0B2D2B224
:1040B00008D1012AD4D1022283F84120022283F8B8
:1040C0004720B6E70120CBE7002C014007000100A4
:1040D000036A01F00F0110B504248C4023EA0403A5
:1040E0000362036A8A401A43026210BD08B529B907
:1040F00090F84430012B1DD0012039E0042907D16C
:1041000090F84530012BF7D1022380F8453014E0B8
:10411000082907D090F84730012BEDD1022380F811
:1041200047300AE090F84630012BE5D1022380F8B1
:10413000463002E0022380F8443000680422FFF792
:10414000C7FF436C43F4004343640A4B984202D0D8
:10415000B0F1804F07D18268074B1340062B06D081
:10416000B3F5803F03D0036843F0010303600020F0
:1041700008BD00BF002C014007000100FFF7B6BFDB
:10418000704770477047000010B5026852E8003F62
:1041900023F4907342E8003102680029F5D10F4CF6
:1041A00002F1080353E8003F234002F1080C4CE8F9
:1041B00000310029F4D1C36E012B07D152E8003F32
:1041C00023F0100342E800310029F7D12023C0F882
:1041D0008C300023C366436710BD00BFFEFFFFEFB6
:1041E000026852E8003F23F0800342E80031026891
:1041F0000029F5D152E8003F43F0400342E8003186
:104200000029F7D17047D0F88820212A034611D120
:10421000B0F8562092B20AB9FFF7E2BF026D01680A
:1042200012F8010B88621A65B3F85620013A92B26F
:10423000A3F856207047D0F88820212A034613D1CE
:10424000B0F8562092B20AB9FFF7CABF1A6D0068DB
:1042500032F8021BC1F3080181621A65B3F85620D7
:10426000013A92B2A3F856207047D0F88830212B3B
:1042700010B51BD1B0F86A20C2B1B0F8561003686F
:1042800089B2A1B903F1080252E8002F22F400021A
:1042900003F1080040E800210029F3D153E8002F82
:1042A00042F0400243E800210029F7D110BDD9694E
:1042B00009060AD5016D11F8014B9C62B0F8563021
:1042C0000165013B9BB2A0F85630013A92B2D3E7A8
:1042D000D0F88830212B10B51BD1B0F86A20C2B1BC
:1042E000B0F85610036889B2A1B903F1080252E888
:1042F000002F22F4000203F1080040E80021002909
:10430000F3D153E8002F42F0400243E80021002996
:10431000F7D110BDD96909060CD5016D31F8024BF2
:10432000C4F308049C62B0F856300165013B9BB2AF
:10433000A0F85630013A92B2D1E77047D0F88830F1
:10434000202B10B544D1002944D0002A42D0A0F837
:104350005620A0F85420426E01650023C0F890302A
:10436000B2F1005F4FF02103C0F888300268836823
:1043700019D1B3F5805F14D10469174B1749002C8C
:1043800008BF0B46836702F1080353E8003F43F47C
:10439000000302F1080040E800310029F3D10020B9
:1043A00010BD0D4BEEE7B3F5805F0FD104690C4BE8
:1043B0000C49002C08BF0B46836752E8003F43F0CE
:1043C000800342E800310029F7D1E8E7044BF3E726
:1043D0000220E5E70120E3E76B420008D142000834
:1043E000074200083742000808B5806A02F0DEF98B
:1043F00008BD70470368D9691A682DE9F04140F695
:104400000F0631429D68044610D18E0640F1978018
:1044100002F0200605F080573E4300F09080436F85
:10442000002B00F08580BDE8F0411847A84EA94850
:104430002E401040304300F08280CF0709D5D005D0
:1044400007D501201862D4F8900040F00100C4F8AC
:1044500090008F0709D5E80707D502201862D4F825
:10446000900040F00400C4F890004F0709D5E80719
:1044700007D504201862D4F8900040F00200C4F878
:1044800090000F070BD502F02000304307D0082022
:104490001862D4F8900040F00800C4F890000E05AF
:1044A0000AD5500108D54FF400601862D4F8903056
:1044B00043F02003C4F89030D4F89030002B37D06C
:1044C0008B0609D502F0200205F080552A4303D05F
:1044D000636F0BB1204698472668D4F89020B368E4
:1044E00002F0280203F0400353EA0205204621D0DF
:1044F000FFF74AFEB3685F0617D5226802F108038A
:1045000053E8003F23F04003083242E8003100291D
:10451000F3D1D4F8800040B16F4B8363FDF709FD00
:1045200030B1D4F88000836B7DE7204602F03EF97D
:10453000BDE8F08102F03AF9C4F89050F8E7E06E77
:10454000012840F08D80CE0640F18A80D00640F1EF
:10455000878010221A629968B4F85C20490651D508
:10456000D4F880100868416889B2002942D091428D
:1045700040D2A4F85E10026892062FD453E8002FB0
:1045800022F4807243E800210029F7D103F10802E8
:1045900052E8002F22F0010203F1080040E8002158
:1045A0000029F3D103F1080252E8002F22F0400263
:1045B00003F1080040E800210029F3D12022C4F8CB
:1045C0008C20E16653E8002F22F0100243E800211E
:1045D0000029F7D1D4F88000FDF776FC0223236789
:1045E000B4F85E30B4F85C10C91A89B22046FFF7FF
:1045F00000FF9DE791429BD103689B0698D502235B
:104600002367F3E7B4F85E10B4F85E0080B289B2B5
:1046100000288DD0521A91B2002989D053E8002F7A
:1046200022F4907243E800200028F7D12B4D03F1CB
:10463000080252E8002F2A4003F1080646E800204D
:104640000028F4D12022C4F88C206067E06653E88B
:10465000002F22F0100243E800200028F7D1CEE717
:10466000CF0209D56E0207D54FF4801220461A6298
:10467000BDE8F04102F0E4B808060BD502F0800076
:1046800005F40005284305D0A36F002B3FF450AF7D
:104690002046C8E64F0611D556060FD553E8002F21
:1046A00022F0400243E800210029F7D12023C4F87A
:1046B0008830A167204602F075F839E70D020FD562
:1046C00050000DD52046BDE8F04100F038BE00BFD7
:1046D0000100001020010004E9430008FEFFFFEF85
:1046E000CB017FF525AF002ABFF622AF2046BDE8FB
:1046F000F04100F023BE00BFD0F88C20B0F860106D
:10470000222A08B5036855D15B6A826D0B4013708D
:10471000836D01338365B0F85E30013B9BB2A0F836
:104720005E30B0F85E309BB2002B42D1026852E896
:10473000003F23F4907342E8003103680029F5D16B
:1047400003F1080252E8002F22F0010203F1080CE5
:104750004CE800210029F3D12022C0F88C20184A0F
:1047600041679342016705D1C26E012A0ED002F063
:1047700015F81EE05A681102F6D553E8002F22F012
:10478000806243E800210029F7D1EDE70022C266EC
:1047900053E8002F22F0100243E800210029F7D14E
:1047A000DA69B0F85C10D20644BF10221A62FFF733
:1047B00020FE08BD9A6942F008029A61F9E700BF3D
:1047C00000800040D0F88C20B0F86010222A08B594
:1047D000036852D15A6A1140826D22F8021B826529
:1047E000B0F85E20013A92B2A0F85E20B0F85E20E8
:1047F00092B2002A40D153E8002F22F4907243E88D
:1048000000210029F7D103F1080252E8002F22F01D
:10481000010203F1080C4CE800210029F3D1202209
:10482000C0F88C20174A41679342016705D1C26ED8
:10483000012A0ED001F0B2FF1EE05A681102F6D52F
:1048400053E8002F22F0806243E800210029F7D1CD
:10485000EDE70022C26653E8002F22F0100243E881
:1048600000210029F7D1DA69B0F85C10D20644BF04
:1048700010221A62FFF7BDFD08BD9A6942F00802D6
:104880009A61F9E70080004003682DE9F047DD698F
:10489000D3F800809E68D0F88C20B0F86070222A8F
:1048A000044640F0B580B0F86830002B00F08B80F3
:1048B0004FF0000906F001064FF0040AAB0640F184
:1048C00082802368A26D5B6A3B401370A36D013345
:1048D000A365B4F85E30013B9BB2A4F85E30236858
:1048E000DD6968072AD0E9070AD518F4807F07D068
:1048F00001221A62D4F8902042F00102C4F89020FC
:10490000AA0708D53EB102221A62D4F8902042F0DC
:104910000402C4F89020680708D53EB1C3F820A06F
:10492000D4F8903043F00203C4F89030D4F89030BB
:1049300023B1204601F03AFFC4F89090B4F85E30FD
:104940009BB2002BBAD1226852E8003F23F4807357
:1049500042E8003123680029F5D1304803F108020C
:1049600052E8002F024003F1080545E80021002924
:10497000F4D12022C4F88C20294A61679342216730
:104980000AD05A68110207D553E8002F22F080623E
:1049900043E800210029F7D1E26E012A34D1002238
:1049A000E26653E8002F22F0100243E800210029BC
:1049B000F7D1DA69B4F85C10D20644BF10221A624B
:1049C0002046FFF716FDB4F85E309BB2D3B1B4F8C1
:1049D00068209A4216D9226802F1080353E8003F82
:1049E00023F08053083242E8003122680029F2D1D6
:1049F0000C4B636752E8003F43F0200342E800316C
:104A00000029F7D1BDE8F087204601F0C7FEDAE7BC
:104A10009A6942F008029A61F4E700BFFEFFFFEFD7
:104A200000800040F946000803682DE9F047DD6981
:104A3000D3F800809E68D0F88C20B0F86070222AED
:104A4000044640F0B280B0F86830002B00F0888057
:104A50004FF0000906F001064FF0040AAB067FD5BF
:104A60002368A26D596A394022F8021BA265B4F886
:104A70005E20013A92B2A4F85E20DD6968072AD070
:104A8000E9070AD518F4807F07D001221A62D4F80A
:104A9000902042F00102C4F89020AA0708D53EB148
:104AA00002221A62D4F8902042F00402C4F8902046
:104AB000680708D53EB1C3F820A0D4F8903043F081
:104AC0000203C4F89030D4F8903023B1204601F0AE
:104AD0006DFEC4F89090B4F85E309BB2002BBDD14F
:104AE000226852E8003F23F4807342E800312368D3
:104AF0000029F5D12F4803F1080252E8002F0240A7
:104B000003F1080545E800210029F4D12022C4F86A
:104B10008C20294A6167934221670AD05A681102A2
:104B200007D553E8002F22F0806243E800210029D6
:104B3000F7D1E26E012A34D10022E26653E8002F59
:104B400022F0100243E800210029F7D1DA69B4F815
:104B50005C10D20644BF10221A622046FFF749FCBF
:104B6000B4F85E309BB2D3B1B4F868209A4216D93B
:104B7000226802F1080353E8003F23F08053083213
:104B800042E8003122680029F2D10C4B636752E8F9
:104B9000003F43F0200342E800310029F7D1BDE88F
:104BA000F087204601F0FAFDDAE79A6942F0080240
:104BB0009A61F4E7FEFFFFEF00800040C547000860
:104BC00010B590F88430012B1ED0012380F884307A
:104BD0002423C0F88830026852E8003F23F00C0319
:104BE00042E800340168002CF5D151E8002F42F072
:104BF000080241E80023002BF7D12022C0F88820CA
:104C000080F88430184610BD0220FCE710B590F8FB
:104C10008430012B1ED0012380F884302423C0F877
:104C20008830026852E8003F23F00C0342E8003469
:104C30000168002CF5D151E8002F42F0040241E850
:104C40000023002BF7D12022C0F8882080F8843080
:104C5000184610BD0220FCE7D0F88820D0F88C0060
:104C60001043704738B5044603682169A2681D687F
:104C7000C0690A4361690A437549024329400A43EE
:104C80001A605A68E16822F440520A435A60714A35
:104C9000A16993421CBF226A11439A6822F06E42B6
:104CA00022F430620A439A60DA6A616A22F00F02E3
:104CB0000A43DA62684A934217D14FF0B043674A19
:104CC000D3F8883003F0030343F4403393425BD0BE
:104CD000B3F1031F21D0013A934274D0B0F5004FD5
:104CE00040F0B080FEF79CFE31E05D4A934231D146
:104CF0004FF0B0435B49D3F8883003F00C0343F422
:104D000040228A4240D005D8E3B1574B9A425AD04C
:104D1000012062E0B2F10C1FFAD1B0F5004F37D09C
:104D20004FF400406368616A504A32F81120B0FBCA
:104D3000F2F000EB5300B0FBF3F04FF6EF73A0F18D
:104D4000100274E0B0F5004F77D1FEF759FE00284D
:104D500042D01DE03F4A9342DAD14FF0B043D3F83E
:104D6000883003F44063B3F5006F3DD006D883B3B9
:104D7000B3F5806FCCD1FEF737FA2CE0B3F5406F76
:104D8000C6D14FF4004030E0B0F5004F3848C9D1EB
:104D90006268616A354B33F81130B0FBF3F05308A9
:104DA00003EB4003B3FBF2F34FF6EF72A3F11001F4
:104DB0009142ADD823F00F02216892B2C3F34203AF
:104DC0001343CB6008E0B0F5004F3ED1FEF70CFA7C
:104DD000BDE7FEF715FE40B900204FF00113A366B2
:104DE0000023C4E91D3338BD214865681F4B626A42
:104DF00005EB450133F81220B0FBF2F3994287D856
:104E0000B3EB053F84D800231946FCF7CDF909021E
:104E100041EA10616B080002C0182A464FF00003F7
:104E200041F10001FCF7C0F9124BA0F540729A4223
:104E30003FF66EAF2368D860CEE7FEF7E1FD0028AD
:104E4000CAD06FE7FEF7ECFDF9E7FEF7CDF9F6E71C
:104E5000F369FFCF008000400038014002000300EA
:104E60000044004008000C0004000C00CC3A02088A
:104E70000024F400FFFC0F00836A1A0710B506D562
:104E80000168846B4A6822F4004222434A60DC07CE
:104E900006D50168C46A4A6822F4003222434A6097
:104EA000990706D50168046B4A6822F480322243D0
:104EB0004A605A0706D50168446B4A6822F480228A
:104EC00022434A60DC0606D50168C46B8A6822F476
:104ED000805222438A60990606D50168046C8A686C
:104EE00022F4005222438A605A060FD50168446CAE
:104EF0004A6822F480122243B4F5801F4A6005D12B
:104F00004A68846C22F4C00222434A601B0606D51C
:104F10000268C16C536823F400230B43536010BD37
:104F20002DE9F843DDF8209004460D4617469846D3
:104F30002268D36935EA03030CBF01230023BB4277
:104F400001D0002022E0B9F1FF3FF2D0FCF74AFA8D
:104F5000A0EB0800484529D8B9F1000F26D02168F8
:104F60000B685A07E4D5802DE2D0402DE0D0CE6901
:104F700016F008060CD0082520460D62FFF704F94C
:104F80000023C4F8905084F884300120BDE8F883F1
:104F9000CB691B05CCD54FF400630B622046FFF7AD
:104FA000F3F82023C4F8903084F884600320EDE700
:104FB0002DE9F7439846D0F88830202B04460E465A
:104FC00017464ED119B9012003B0BDE8F083002A7D
:104FD000F9D021230025C0F89050C0F88830FCF7A4
:104FE00001FAA368A4F85470B3F5805F8146A4F871
:104FF000567003D123690BB935461E46B4F85620C6
:10500000CDF8008092B24B464AB940212046FFF7C6
:1050100087FF2023C4F888300028D5D008E000227C
:1050200080212046FFF77CFF20B12023C4F8883080
:105030000320C9E722688EB935F8023BC3F30803A1
:105040009362D4F8883003F02103212BBBD1B4F84C
:105050005620013A92B2A4F85620CFE716F8013B49
:10506000EEE70220B0E773B504460026C0F8906072
:10507000FCF7B8F923681B681A0705461CD56FF0C2
:105080007E430093324603464FF400112046FFF75B
:1050900047FF88B1226852E8003F23F0800342E8CE
:1050A00000310029F6D12023C4F8883003200023E2
:1050B00084F8843002B070BD23681B685B0724D578
:1050C0006FF07E43009300222B464FF48001204670
:1050D000FFF726FFC8B1226852E8003F23F490731F
:1050E00042E8003122680029F5D102F1080353E8B3
:1050F000003F23F0010302F1080040E800310029DD
:10510000F3D12023C4F88C30D0E720230020C4F84A
:105110008830C4F88C30E0662067C8E710B50446D4
:1051200050B3D0F888301BB980F88430FFF705F908
:1051300022682423C4F88830136823F00103136025
:10514000A36A13B12046FFF797FE2046FFF78AFDBA
:10515000012811D023685A6822F490425A609A6854
:1051600022F02A029A601A6842F0010220461A6070
:10517000BDE81040FFF777BF012010BD10B5044611
:1051800070B3D0F888301BB980F88430FFF7D5F8B9
:1051900022682423C4F88830136823F001031360C5
:1051A000A36A13B12046FFF767FE2046FFF75AFDBA
:1051B000012815D023685A6822F490425A609A68F0
:1051C00022F022029A609A6842F008029A601A68F5
:1051D00042F0010220461A60BDE81040FFF743BFCD
:1051E000012010BD30B581658168A0F85C200023E6
:1051F000B1F5805FA0F85E20436731D10369002BD1
:1052000040F2FF1318BFFF23A0F860300023C0F85E
:1052100090302223C0F88C30016801F1080353E874
:10522000003F43F00103083141E800340368002CDB
:10523000F2D1456E84680169B5F1005F35D1B0F8EF
:105240006850954231D8B4F5805F29D1C1B1264A62
:10525000426753E8002F42F4807243E8002121E0C6
:1052600029B90369002B14BF7F23FF23CCE7B1F1D9
:10527000805FC9D10369002B14BF3F237F23C3E79D
:105280001A4A426703F1080252E8002F42F08052A6
:1052900003F1080040E800210029F3D1002030BDCF
:1052A000114A42670029D4D1ECE7B4F5805F16D1EA
:1052B00051B10F4A426753E8002F42F4907243E81D
:1052C00000210029F7D1E9E70A4A426753E8002F95
:1052D00042F0200243E800210029F7D1DEE7044A2A
:1052E00042670029F2D0E6E789480008294A000809
:1052F000F9460008C5470008D0F88C30202B30B4A0
:1053000015D1B9B1B2B100230468C3660A4B9C42FF
:105310000AD063681B0207D554E8003F43F080635E
:1053200044E80035002DF7D130BCFFF75BBF022009
:1053300030BC70470120FBE7008000407047704799
:1053400090F88430012B0FD0012380F8843001685D
:1053500051E8002F42F0020241E80023002BF6D171
:1053600080F88430184670470220704790F88430E7
:10537000012B0FD0012380F88430016851E8002F01
:1053800022F0020241E80023002BF6D180F884309D
:105390001846704702207047836810B504462BB149
:1053A0000322014698470023C4E9023310BD8368F5
:1053B00010B5044613B1032201469847204610BD9C
:1053C00010B5044650F8103FDA6822F00102DA60A6
:1053D000DA6822F00202DA60DA6822F00402DA60A7
:1053E000DA6822F00802DA60DA6822F01002DA6085
:1053F000FEF724FC2269136823F0010313600123E4
:1054000084F84E3084F84F3084F8503084F85130AE
:1054100084F8523084F8533084F8543084F855308E
:1054200084F8563084F8573010BD4B1E032B00D93A
:10543000FEE78900081F70470139435C13F0100034
:1054400004D0022916D80C4A32F81100DB0712D515
:1054500003290FD8DFE801F00205080B40F0010036
:10546000704740F01000704740F48070704740F47F
:1054700080507047FEE77047EC3A02080139032973
:1054800000D9FEE7014B585C704700BFE83A0208BC
:105490000139032900D9FEE7014B585C704700BF72
:1054A000E43A02082DE9F04104460E46FFF7BDFF3D
:1054B00004EB061808F16408054631462046FFF75C
:1054C000DDFFD8F808302BB12369C2431A61DA68CE
:1054D0000243DA60771E04EB47039B880B2B49D805
:1054E000DFE803F051181818060618184A4A4A2A25
:1054F000E35DDE0604D5294604F11000FEF73EFE0A
:10550000E35DD80736D5294604F11000BDE8F04127
:10551000FEF756BDE35DD90604D5294604F1100017
:10552000FEF7E4FDE35DDA0724D5294604F1100017
:10553000BDE8F041FEF7DABC294604F11000FEF7A1
:1055400041FD31462046FFF7A3FF25690146064687
:105550002046FFF771FF2B6A1843D8F808302862FD
:1055600043B131462046FFF789FFC3432B61EB6807
:105570001843E860BDE8F081294604F11000BDE859
:10558000F041FEF71FBD23691B68DB07F2D404F16D
:105590001000BDE8F041FEF72FBB70B501250446B1
:1055A000861C294636F8023F23B129462046FFF7DC
:1055B00079FF00210135052DF4D1E36E3BB123695C
:1055C0006FF001021A61DA6842F00102DA6049B153
:1055D00023691B68DB0705D404F11000BDE87040A7
:1055E000FEF70ABB70BD01211030FEF755BB036901
:1055F000186800F00100704710B502460C46FFF72E
:10560000F6FF80B9CB68DB070ED5CB6823F001032A
:10561000CB601046FFF7E7FF6FF001032361E368FB
:1056200043F00103E36010BDBDE810401046FFF7F2
:10563000DABF00000B4B98420BD0B0F1804F0AD07C
:1056400003F5C053984208D003F58063984206D012
:10565000FEE70020704701207047022070470320BA
:10566000704700BF002C0140024670B5044652F856
:10567000100FFFF7DFFF0546104600F021FF094A33
:10568000002342F8253004F16406E36004F1B40518
:10569000B54204D0103D2846FFF789FEF8E72046C2
:1056A00070BD00BFE803002070B504460846FFF750
:1056B000C1FF256905B1FEE7204B216104F10C0211
:1056C00043F8202004F110060E23C4E917353046B4
:1056D000C4E90C55C4E90E55C4E9105584F82C50A2
:1056E000A56484F84C5084F84D50E46000F0BCFE92
:1056F00004F16400FFF750FE04F17400FFF74CFE64
:1057000004F18400FFF748FE04F19400FFF744FE23
:1057100004F1A400FFF740FEC4E900554FF6FF7303
:10572000C4E906538023C4E90855A5606561A362F6
:105730003046BDE87040FEF79BBB00BFE803002089
:1057400010B588B018220446002102A81BF055FEAF
:10575000002301A902A80193FEF772F9206900F065
:1057600055FF012802D002280FD0FEE7059CFEF766
:1057700047F9B4F5C06F05D00BD824F48074B4F5A4
:10578000806F00D1400008B010BD069CFEF748F9BC
:10579000EFE7B4F5E06FF4E7012A38B505460C46AB
:1057A0000BD0022A16D004B1013C29692846CC62EC
:1057B000EC61BDE83840FFF71FBFFFF7C1FF084BA2
:1057C000B0FBF3F044432A69230C93620133B4FB2A
:1057D000F3F4E8E7FFF7B4FFB0FBF4F4F3E700BF3E
:1057E00040420F0010B500F110042046FEF73BFACE
:1057F0002046BDE81040FEF7CAB90000034B186808
:1058000010B10430FEF75CBA704700BFE803002017
:10581000FFF7F4BF034B586810B10430FEF750BADD
:10582000704700BFE8030020034B986810B10430B4
:10583000FEF746BA704700BFE8030020034BD86864
:1058400010B10430FEF73CBA704700BFE8030020F7
:105850000022C0E90022C0E902227047F8B50446E0
:105860000E4600F1640500F1B40728461035FFF735
:10587000EFFFBD42F9D10023204623613146FFF7F7
:1058800013FF2046F8BD38B50023C0E90033C0E956
:1058900002338B6804460D462BB102229847EB6811
:1058A000E360AB68A360204638BD30B587B002AD79
:1058B00004462846FFF7E7FF95E803006B4683E8B8
:1058C000030094E8030085E8030093E80300049BC9
:1058D000A268A360059B049284E80300E268E36089
:1058E00028460592FFF763FD07B030BD38B5044682
:1058F0000D46E36E64301BB1BDE83840FFF7D5BFFD
:10590000FFF7D3FFAB683BB123696FF001021A6167
:10591000DA6842F00102DA6038BD826810B50AB96F
:1059200018F0F2FABDE81040C368184708B500B98E
:10593000FEE700F097FD0068C36E13B16430FFF717
:10594000ECFF08BDFFF7F2BF10B500B9FEE7037F1B
:10595000013B072B10D8DFE803F004140F100F0FE2
:105960000F12012400F07EFD2401006864342044FD
:1059700083680BB1FFF7D1FF10BD0324F2E70424C5
:10598000F0E70224EEE7FFF7DFBFFFF7DDBF1AF015
:10599000E7BA1AF0E5BA1AF0EBBA4FF0B04382B0AA
:1059A000DA6C0243DA64DB6C03400193019B02B0C2
:1059B0007047000008B5032818D8DFE800F0020897
:1059C0000D120120FFF7E9FF4FF0904008BD0220C3
:1059D000FFF7E3FF0648F9E70420FFF7DEFF05487D
:1059E000F4E78020FFF7D9FF0348EFE70020EDE759
:1059F0000004004800080048001C004808B506499B
:105A000000F0F8FCC0F3C430112800D9FEE7034BC6
:105A100053F8200008BD00BF54390208003B0208BB
:105A2000A0F580500138022800D9FEE7014B53F859
:105A300020007047F43A020808B5054900F0DAFC86
:105A4000C0F3C430012800D0FEE7002008BD00BF2D
:105A50003C3902080268094B9A420DD14FF0B0431D
:105A60009A6B42F000529A639A6B22F000529A634A
:105A70009A6D22F000529A65704700BF0074004092
:105A800010B50A4986B0044600F092FC019050B16E
:105A90002046FFF7D1FF014628B901A8FCF703FA19
:105AA00001A8FCF7F2F906B010BD00BF3C390208AE
:105AB0004FF0B04382B01A6E42F400721A661A6E4A
:105AC00002F400720192019AD3F8882042F0405209
:105AD000C3F88820044B1868C30403D4034902B0F8
:105AE00000F04EBC02B07047180000205439020884
:105AF0004FF0B0431A6C42F400721A641A6C22F42C
:105B000000721A641A6C42F400721A641A6C22F45D
:105B100000721A641A6E22F400721A66704700004E
:105B2000F0B59FB0054664220E4605A800211BF083
:105B300064FC0023EA04CDE902330493ADF802309B
:105B4000019340F1AC8041F203039D4200F2A78033
:105B50005D4B05932846FFF763FF07270446082E91
:105B600000F0AE800A2E00F0AD80062E0CBF182388
:105B700000234FF00042CDE906230023CDE908328F
:105B80000422CDE90E330A92ADF82C3001228DF8B3
:105B90002E308DF834308DF840308DF85030189319
:105BA0001B9319938DF86830484B0C9205A84FF45D
:105BB0008052CDE9112713971D60FBF71DFC0028CB
:105BC00079D1012C029435D0414B9C4232D0414BCB
:105BD0009C422FD0404B9C422CD0404B9C4229D021
:105BE0003F4B9C4226D03F4B9C4223D03E4B9C4295
:105BF00020D03E4B9C421DD03D4B9C421AD03D4B89
:105C00009C4217D003F104239C4213D03A4A24F05B
:105C1000004393420ED0394A93420BD0384A934204
:105C200008D0384A944205D0374A944202D0374AC5
:105C3000934240D1012302A905A8CDE90337FBF720
:105C400039FD002837D105A8FBF76EFF002832D1B7
:105C500005A8FBF791FE70BB0A2105A8FBF7CCFC59
:105C600048BB05A8FBF7FEFD830505D505A8FBF796
:105C70001DFD80B2ADF8020005A8FBF737FFD0B9D3
:105C800005A8FBF7DDFEB0B9214AD2F8083723F0AA
:105C9000E073C2F80837BDF8020080B20CE01D497D
:105CA000284600F085FB01A905902846FFF7A6FECF
:105CB000059B044613B900201FB0F0BD03274EE733
:105CC000102356E7082354E7002401401800002061
:105CD00002000004040000080800000C100000107E
:105CE00020000014400000188000001C000100206B
:105CF00000020024000400280010003000200034BE
:105D0000004000380080003C0000014000000244D8
:105D10000020014054390208F8B51449144E0746D2
:105D200000F046FBFFF786FC56F82030044673B9B6
:105D3000B420FFF72CFE0D490546384600F038FB2D
:105D400001462846FFF78AFD56F824301D6056F8B4
:105D500024301C6844B12046FFF786FC2046B4215D
:105D6000BDE8F840FFF717BEF8BD00BF04380208D1
:105D7000E803002037B5FBF735FB4FF0E02504467C
:105D8000AB690093FBF72EFBAB6901936969844211
:105D900001F101014FF47A7308D0019A8A1A5A432B
:105DA000B2FBF1F203FB002003B030BD009A8A1A67
:105DB0005A43B2FBF1F203FB0420F5E7FBF712BBF9
:105DC000704708B5FBF702FBFBF7F7FFFFF7F8FF9B
:105DD00008BD10B594B048220021044602A81BF06B
:105DE0000CFBFDF753F94FF0B0439A6D42F480621B
:105DF0009A659A6D02F480620192019A032C11D87F
:105E0000DFE804F00219283DD3F8942042F00102A3
:105E1000C3F89420D3F894309C0703D4082302934A
:105E200001230893029B002B36D002A8FDF75AFAF3
:105E3000002831D0FEE71A6842F480721A601B68AD
:105E40005905EFD4022302934FF480724023CDE929
:105E50000623E7E7D3F8902042F08102C3F89020B0
:105E6000D3F890209407DDD4D3F8902022F01802C4
:105E7000C3F890200423029381230593D2E71A6884
:105E800042F480321A601B6899035EBF01224FF40E
:105E90008033CDE90223C5E714B010BD70474FF041
:105EA000B04382B01A6D42F400221A651A6D02F4F2
:105EB00000220192019A9A6C42F480529A649B6C7F
:105EC00003F480530093009B02B070470C4BD3F84F
:105ED000FC20D2015EBFD3F8FC2042F08072C3F8F0
:105EE000FC20084B00225A601A6842F001021A6036
:105EF00000BF00BF00BF5868B0FA80F0400970478B
:105F000000ED00E0001000E008B5FFF7C8FFFFF764
:105F1000DDFFFBF745FAFFF7C1FFFBF7E1F9BDE84D
:105F200008400148FBF74EBF1C000020012A02D1A7
:105F3000016000207047022A05D0032AF9D0002A08
:105F4000F7D10260F5E70B680360F2E703681847D2
:105F50000023C0E90033C0E90233704770B5002464
:105F6000012904F101032CD1184DE4B2142161433D
:105F70006E18F3683BB10431294403220846984760
:105F80000023C6E90333142363430022E8560F4B72
:105F900093F90010814201D1D968A9B90132102AC0
:105FA00003F11403F4D10A4A0A49D2F8803051F8B7
:105FB000241023EA0103BDE87040C2F88030FBF7EB
:105FC000B5BE49081C46CBE770BD00BFF8030020F2
:105FD00000080058483B02080023012803F1010291
:105FE0000AD11422DBB25343054A181D10448168BC
:105FF00029B11A441369184740081346EDE7704762
:10600000F80300200120FCF79FB90220FCF79CB99F
:106010000420FCF799B90820FCF796B91020FCF78A
:1060200093B938B505242025A8B2FCF78DF9013CB9
:106030004FEA4505F8D138BD38B506244FF48065E0
:10604000A8B2FCF781F9013C4FEA4505F8D138BD0B
:106050002DE9F04100F00F08012606FA08F68CB091
:106060000D461746B3B20024012B04F1010253D1AF
:10607000C0F30310FFF79EFCD0B1294B53F8283032
:1060800093FAA3F1B1FA81F14900CDE9076793FAD8
:10609000A3F3C66803228A40B3FA83F332405B005D
:1060A00022FA03F3099307A902230A93FCF798F84D
:1060B00003AEDFF87080142329463046E4B25C4317
:1060C000FFF7E1FB96E8030008EB040301AA0433A1
:1060D00082E8030093E8030086E8030092E80300E7
:1060E000271D83E803004744059BBA68BB60069BF5
:1060F00005923046FA68FB600692FFF758F918F9E6
:106100000440002206212046FBF7D0FD2046FBF785
:10611000FFFD0CB0BDE8F0815B081446A4E700BFAA
:10612000883B0208F8030020344A104608B50623CD
:1061300000F8043BFFF70CFF072302F1180013756A
:10614000FFF706FF082302F12C0082F82830FFF742
:10615000FFFE092302F1400082F83C30FFF7F8FE11
:106160000A2302F1540082F850301621FFF7F0FEA6
:1061700002F1680082F86410FFF7EAFE02F17C0089
:1061800082F87810FFF7E4FE02F1900082F88C109C
:10619000FFF7DEFE02F1A40082F8A010FFF7D8FEA0
:1061A00002F1B80082F8B4102921FFF7D1FE02F104
:1061B000CC0082F8C810FFF7CBFE02F1E00082F8B5
:1061C000DC10FFF7C5FE02F1F40082F8F010FFF7D3
:1061D000BFFE02F5847082F80411FFF7B9FE02F5E4
:1061E0008E7082F81811FFF7B3FEBDE8084002F583
:1061F000987082F82C11FFF7ABBE00BFF8030020A7
:1062000038B5054CA4F5A075143C201DFFF7CFF858
:10621000AC42F9D138BD00BF3805002030B591FA45
:10622000A1F391FAA1F1B3FA83F3C4685B000325EB
:10623000B1FA81F105FA03F3490024EA03038A4025
:106240001A43C26030BD431C04D00C3151F80C3CE1
:106250005A1C01D100207047834201F10C01F5D195
:1062600001207047F8B5471C06460D4600D1FEE7F1
:1062700000F00F02414BC0F3031053F82240FFF728
:1062800099FB94FAA4F3B3FA83F3876803225B00C3
:1062900002FA03F394FAA4F2B2FA82F227EA0307AD
:1062A0005200032393403B4305F007018360032919
:1062B00003D8DFE801F05F032C61FEE7012394FAC5
:1062C000A4F2B2FA82F206685200032707FA02F239
:1062D00026EA020694FAA4F2B2FA82F2520093403D
:1062E000013933430129036005D843682A074CBFAD
:1062F0002343A3434360C5F30112012A02D0022ABB
:1063000018BF00222146BDE8F840FFF787BFC5F35C
:1063100006227F2A01D10223D1E7360716D5230AA8
:1063200093FAA3F6B6FA86F6476A93FAA3F3B60091
:106330004FF00F0CB3FA83F30CFA06F69B0027EA32
:10634000060602FA03F333434362E4E794FAA4F344
:10635000B3FA83F3066A9B000F2707FA03F326EAD2
:10636000030694FAA4F3B3FA83F39B009A403243F2
:106370000262D0E70023A2E70323A0E7883B0208DC
:10638000431C06D17047834202D18968FFF76ABF78
:106390000C310B685A1CF6D1FEE70B685A1C01D170
:1063A00000207047834201D1486870470C31F4E700
:1063B000431C01D0FFF7F1BF002070474B6813B9B1
:1063C0004FF0FF307047834201D1086870470C31AD
:1063D000F4E708B1FFF7F2BF4FF0FF307047034614
:1063E0000868421C00D17047984201D18868704704
:1063F0000C31F5E7431C01D0FFF7F1BF70470346AE
:106400008B42084604D01BB100290CBF184600205F
:10641000704700004FF0B0431A6842F061021A6002
:106420004FF4E0229A6061221A60064ADA60002284
:106430009A6140F23F321A62034B4FF000629A6059
:10644000704700BF0001042200ED00E04FF0B043B0
:1064500082B01A6E02431A661B6E03400193019BC1
:1064600002B07047043870470368124A934282B002
:1064700004D14FF4006002B0FFF7E8BFB3F1804FE2
:106480000CD14FF0B0439A6D42F001029A659B6DBA
:1064900003F001030193019B02B07047064A934247
:1064A00002D14FF40030E6E7044A9342F4D14FF4AE
:1064B0008020E0E7002C01400044014000480140FA
:1064C0000368134A934206D14FF0B042136E23F48F
:1064D000006313667047B3F1804F06D14FF0B042AE
:1064E000936D23F00103936570470A4A934205D1E7
:1064F0004FF0B042136E23F40033EAE7064A9342AA
:10650000E8D14FF0B042136E23F48023E1E700BFDF
:10651000002C01400044014000480140431C10D0C1
:106520000C4B984210D007D8B0F1804F0ED0A3F595
:10653000C05398420CD0FEE7074B9842FBD11D2078
:1065400070476FF00D0070471C2070471B2070478C
:10655000182070470044014000480140431C10D0FF
:106560000C4B984210D007D8B0F1804F0ED0A3F555
:10657000C05398420CD0FEE7074B9842FBD11D2038
:1065800070476FF00D0070471C2070471B2070474C
:106590001A207047004401400048014038B50446C5
:1065A000FFF762FF2068FFF7B9FFD4E91312FBF78A
:1065B0007DFB2068FFF7B2FFFBF7AAFB22681046BD
:1065C000FFF7CCFF05461046FFF7A8FF85420BD02A
:1065D0002846D4E91312FBF769FB2068FFF7BEFFDA
:1065E000BDE83840FBF794BB38BD10B5FFF768FF36
:1065F00004460068FFF792FFFBF798FB2068FFF75F
:10660000ADFFBDE81040FBF791BB0000431C10D06C
:106610000A4B98420BD003D8B0F1804F0BD0FEE765
:10662000074B984203D003F580639842F7D10220CC
:106630007047002070470120704700BF002C0140C8
:10664000004401404FF0B042D2F8883023F4406358
:106650000343C2F88830704708B5074B90F8B12063
:1066600053F82200FEF7F8FA00F02200A0F122030E
:106670005842584108BD00BF3805002008B5074BF7
:1066800090F8B12053F82200FEF7E6FA00F021005E
:10669000A0F121035842584108BD00BF3805002031
:1066A00070B50E46054610B94FF0FF3070BDFFF7CC
:1066B000D3FF04460028F7D12946012211F8B23F42
:1066C000337095F8B100034B53F82000FEF714FE29
:1066D0002046EBE73805002038B50D460446C0B12A
:1066E000FFF7BAFFA8B994F9B000C4F89850FBF7C7
:1066F0001DFB94F8B100074B04F1B20153F82000E0
:106700000122FEF7F9FD94F9B000BDE83840FBF72F
:10671000FFBA38BD3805002038B515460446C8B163
:10672000C0F89C1090F9B000FBF700FBD4F8B8302B
:10673000B4F8C21094F8B10013FA81F1064BAAB272
:1067400053F82000FDF7FAFD94F9B000BDE8384099
:10675000FBF7DEBA38BD00BF3805002050B1D0F8D5
:10676000A430013306D190F8B120034B53F8220036
:10677000FEF726BA704700BF3805002050B1D0F8A8
:10678000A430013306D190F8B120034B53F8220016
:10679000FEF73CBA704700BF38050020D0F89430AF
:1067A00004381847D0F898300438184710B5044614
:1067B00050F80439DA69D1070CD501221A62FFF7C3
:1067C0004BFFB0B904F1AE0120460122BDE81040F4
:1067D000FEF792BDDA69920701D50222EEE7DA6987
:1067E000510701D50422E9E7DA691207E7D5082243
:1067F000E4E710BD08B52420FBF7D0FA024B186877
:10680000BDE80840FDF7F6BD3805002008B5252095
:10681000FBF7C4FA034B586818B1BDE80840FDF710
:10682000E9BD08BD3805002008B52620FBF7B6FAFB
:10683000024B9868BDE80840FDF7DCBD3805002034
:10684000012200F1AE01FEF757BD000003681C4AAB
:10685000934211D14FF0B043D3F88800194B00F0A8
:10686000030040F44030984228D0B0F1031F14BF19
:1068700000200120C0037047134A93420DD14FF00E
:10688000B043D3F88800114B00F00C0040F44020D6
:10689000984213D0B0F10C1FE9E70D4A93420BD197
:1068A0004FF0B043D3F8880000F44060B0F5006FBB
:1068B00004D0B0F5406FDAE7002070470548704714
:1068C00000380140020003000044004008000C00B2
:1068D000008000400024F40001462DE9F047FFF756
:1068E000B5FF0A68234B4D68234F9A42064626D1CE
:1068F000DFF88880DFF888A04FEA5509002438F8CF
:10690000023B37F81320002319463046FAF74CFCB7
:10691000090241EA1061000210EB090041F1000197
:106920002A460023FAF740FCA0F54070504503D9F1
:1069300001340C2CE3D100242046BDE8F0870F4A37
:10694000C869002469084FF6EF7C32F8023BB0F5C5
:10695000004F37F81330B6FBF3F30CBF01EB4303E2
:106960005B18B3FBF5F3103B6345E5D901340C2C00
:10697000EBD1E0E700800040CC3A0208683C020816
:10698000FFFC0F002DE9F04F8BB0CDE901239DF8FE
:10699000543003939DF8583004939DF85C30059370
:1069A0008B46044618B900200BB0BDE8F08FB24901
:1069B000D0F8A000FFF7FCFCB0498246D4F8A40050
:1069C000FFF7F6FCAE490646D4F8A800FFF7F0FC46
:1069D000AC490746D4F8AC00FFF7EAFCA74980466B
:1069E000D4F8A000FFF7E4FCA3498146D4F8A40042
:1069F000FFF7DEFC0546BAF1000F02D1B9F1000F36
:106A0000D1D0D4F8A430013302D00EB9002DCAD0B1
:106A1000D4F8A830013301D0002FC4D0D4F8AC3062
:106A2000013302D0B8F1000FBDD031465046FFF718
:106A3000E6FC206020B929464846FFF7E0FC2060CC
:106A400039462068FFF7DBFC41462060FFF7D7FCA2
:106A500020600028A7D08C4B984240F0C1804FF0B6
:106A6000B0431A6C42F480421A641A6C22F48042D9
:106A70001A641A6E42F480421A661B6E03F4804355
:106A80000793079B0022242384F8B12084F8B030B8
:106A9000BAF1000F00F0DD807749D4F8A000FFF7CD
:106AA0006FFC002E40F0CF804FF00009002F00F067
:106AB000F3807349D4F8A800FFF762FC4FF4807AA2
:106AC000B8F1000F06D06F49D4F8AC004AF4007A50
:106AD000FFF756FC94F8B1206C4B271D43F8227049
:106AE0002368C4E9013B019BE360149B2361029B83
:106AF00063610C23C4E9063A002323623846FFF79A
:106B0000EBFE08230C28E362039BC4F83C9028BFEB
:106B10000020A06223B10A23E3624FF48033636351
:106B2000049B33B1E36A43F00103E3624FF40033A3
:106B30002363059B33B1E36A43F00403E3624FF43C
:106B40008023A363002294F9B00062620121FBF765
:106B5000ADF8D4F800804E4B984539D1BBF5165F9F
:106B6000384600F29B80FEF7EBFB3846002E00F023
:106B7000AA80FEF7D3FA002800F0B3800220FFF7C6
:106B800028F94FF0B043D3F890309B0700F1AB8069
:106B90004FF0B04322681B68590500F1DD80226880
:106BA0003B4B9A4202D10020FFF74CFD16B9002D55
:106BB00000F0BE803846FEF7B1FA002800F0918060
:106BC0002268334B9A4203D14FF48060FFF73AFDBD
:106BD00016B9002D00F0B5803846FEF79FFAB3E0F5
:106BE0002C4B984215D14FF0B0439A6B42F40032CF
:106BF0009A639A6B22F400329A639A6D42F40032DF
:106C00009A659B6D03F400330893089B01222523AA
:106C10003AE71F4B98427FF4C6AE4FF0B043DA6BB1
:106C200042F00102DA63DA6B22F00102DA63DA6D14
:106C300042F00102DA65DB6D03F001030993099B61
:106C40000222262320E70D49D4F8A400FFF798FB81
:106C50002AE7B9F1000F3FF427AF0849D4F8A000A4
:106C6000FFF78EFB15B94FF400491FE70249D4F82E
:106C7000A400FFF785FBF6E7B03702085C3702088F
:106C800008370208C03602080038014038050020E5
:106C90000080004000440040BA4611E7FEF766FB62
:106CA000BEB13846FEF73AFAD8B14FF0B0431A6891
:106CB000236850057FF573AF434553D14FF400600F
:106CC000FFF7C0FC4BE0002D7FF453AFFEF756FA00
:106CD00051E7002D3CD13846FEF750FA00287FF4EA
:106CE00057AF012060E62268244B9A4203D14FF44B
:106CF0004060FFF7A7FC5EBB55BB3846FEF73EFA87
:106D00000028EED04FF0B04322681B685B057FF58A
:106D100046AF1A4B9A42D1D03846FEF72FFA0028D8
:106D2000DFD02268154B9A4202D10020FFF78AFC7F
:106D30003846FEF723FA0028D3D022680F4B9A4238
:106D400017D03846FEF71AFAB0FA80F040092BE661
:106D50003846FEF7E3F9C1E7084B9A42AED00EB9C8
:106D6000002DD9D03846FEF7D9F900287FF417AFA7
:106D7000B7E74FF48060FFF765FCE2E70080004072
:106D80001FB50B4B0B499C6D2046FFF711FB0023F1
:106D900058B109481A46C0F8A0404FF41651CDE941
:106DA0000233CDE90033FFF7EDFD04B010BD00BFA5
:106DB000203A0208B0370208440000202DE9F047CD
:106DC0002A4D06460C46FAF70DFB95F8B130022B1A
:106DD000074613D895F8B120254B53F82250A5F15A
:106DE00004084046FFF74AFCC0BB4FF47A73A2B2D6
:106DF00031462846FEF7DCF840B908E01D4B1E4935
:106E0000D3F858804046FFF7D3FA08BB0024204649
:106E1000BDE8F0875AF8233043B995F8B130013313
:106E2000DBB2022B85F8B130F4D90CE0494640467C
:106E3000FFF7BEFA95F8B1205AF822301B6883425A
:106E4000EBD1022AC6D9FFF79BFF0028C2D1DDE7AC
:106E5000DFF81CA0DFF820900023E2E7FAF7C2FA7F
:106E6000C01BB0F57A7FBCD3D0E700BF4400002040
:106E700038050020203A0208B03702080A490346C4
:106E8000086810B50344EFF30882934205D9074B15
:106E90000C221A604FF0FF3010BD054A054C121B42
:106EA0009342F4D20B60F7E70C010020603700201A
:106EB00000000120000400004FF0FF3070474FF445
:106EC00000534B600020704701207047002070473E
:106ED00000207047FEE70000024B16221A604FF0B8
:106EE000FF3070476037002001207047004870472E
:106EF00080EE3600704770477047704770477047A4
:106F000070477047D0F8F000704790F86B017047F9
:106F100090F86C314FF47A605843704790F86301F1
:106F20007047000000487047803C020800487047E6
:106F3000803C020800487047903C020800487047B7
:106F4000903C0208004870479C3C0208004870478B
:106F50009C3C020880F8E810704780F820107047C9
:106F60006830704760387047704702460023F0B5BC
:106F7000D0F89C5E02F507761846A027AB4200DBEE
:106F8000F0BD07FB03F491F800C0345DA44502BFD7
:106F900000F6F404013042F824300133EEE700003B
:106FA000084A0023C2E90433D360426EA0F8583087
:106FB000C0E90E33C0E90C33C2F80C35C2F808350D
:106FC000704700BF782F0020A0F1C800FFF7E8BF8E
:106FD00002F6F40250F82230002B10DBD0F89C2E81
:106FE00093420CDAA02202FB030000F27E2300F29F
:106FF0009E2053F8042B41F8042B8342F9D17047AB
:107000002DE9F041054605F5005488464FF4FA6134
:1070100017461E4602F0B2FF9DF81830079984F813
:10702000CD334EF660235943C4F8BC03C4F8C4837F
:10703000C4F8C87384F8CC6301F5FA61284602F0FD
:107040009DFFC4F8C003BDE8F081A0F1C800FFF7C0
:10705000D7BF000010B590F83E11044621B1044B93
:10706000594302F08BFF0146C4F8E01010BD00BF89
:10707000C0D40100A0F1C800FFF7ECBF10B590F834
:107080003F11044621B1044B594302F077FF0146FA
:10709000C4F8E41010BD00BF80EE3600A0F1C800B7
:1070A000FFF7ECBF7FB50A4A0346084651690491D1
:1070B000D96B0391996B0291596B01911B6B0093F2
:1070C000D2E9032303491AF0ADF807B05DF804FBD9
:1070D000782F0020A53C0208A0F1C800FFF7E2BF0E
:1070E00010B5C06D104C036886B01B689847014608
:1070F00004A80EF027F99DF810309DF813200B49D5
:1071000003F5FA6303939DF8113002939DF8123052
:1071100001939DF81530009320469DF814301AF025
:1071200081F8204606B010BD44050020063D020847
:1071300070B5D0F840510C46284600211646F9F7A4
:10714000B9FFD8B921460E48F9F702FD0146284695
:1071500017F022FAF9F758F90A4B0022F8F7F4FF72
:10716000044630460D46F9F72DF902460B462046F7
:107170002946F9F7A1F9F9F74FFC70BD0020FCE7AB
:107180009A99593F0000F03F02F6F40238B550F8E2
:107190002240002C054616DBD0F89C2E944212DAD1
:1071A000A022544304F23E209DF814200499284460
:1071B00004F067F82C4484F83D02E86D03681B680E
:1071C0009847C4F8A402002038BD38B500F58055B2
:1071D0000446B5F86431A5F81436002100F5D65000
:1071E000A5F81A161C22043004F5D4541AF005F937
:1071F0001C340123C5F8C04A85F8143B38BDA0F102
:10720000C800FFF7E2BF2DE9F04307468DB088467E
:10721000914641F61C357C1941464A4620461AF0F3
:10722000C2F80146A0B92C2201A81AF0E6F801A87C
:1072300003F053F901AE23460BAA344603CC944223
:1072400018605960264603F10803F6D122781A70B7
:107250002C3542F2B4339D42DDD10DB0BDE8F08350
:10726000A0F1C800FFF7CFBF014807F094BB00BFF3
:10727000782F0020A0F1C800FFF7F6BF01480EF0FC
:107280009AB900BF98310020A0F1C800FFF7F6BFFF
:10729000D0F8CC10002200F58B5006F023BFA0F1EF
:1072A000C800FFF7F5BF000007B5D0F8CC30009359
:1072B0000A46044B04490193684606F0DBFB03B021
:1072C0005DF804FBDF540208223D0208A0F1C8006B
:1072D000FFF7EABF0249D0F8CC000EF0A6B900BF14
:1072E000283D0208A0F1C800F4E700BFD0F8CC1098
:1072F00000F56A6006F042BAA0F1C800F6E710B4E3
:10730000044600F5D750043031B10246012304F59C
:107310008B5010BC06F0B4BC10BC10221AF06DB833
:10732000A0F1C800FFF7EBBF0B7813F0030310B513
:1073300000F5805408D1012200F58B5006F0C6FC00
:10734000C4F8E00A002010BD012B07D194F8F035F5
:10735000DB0703D400F5AF500C30F1E70020EFE776
:10736000036810B55C6A50F8042C516A8C4201D84D
:10737000036010BD40F80429F5E7F0B54C1E04EB9E
:10738000D474641091424FEA81050CDD50F824104A
:107390005E6A4F6AB74206D94151611E01EBD17551
:1073A00021466C10EEE74351F0BDF0B5541E04EBDE
:1073B000D4740E4665106FF0404CA94215DBD4071B
:1073C0000ED4023A02EBD272B1EB620F08D14C1C20
:1073D000620000EBC40454F8044C40F82140511EF4
:1073E0003246BDE8F040FFF7C8BF4C1C640004EB18
:1073F0000C0E50F82E7050F824E07F6ADEF824E07E
:10740000BE4588BF04F1FF3450F8247040F8217065
:107410002146D2E7F0B5541E04EBD4740E46651035
:107420006FF0404CA94215DBD4070ED4023A02EBB0
:10743000D272B1EB620F08D14C1C620000EBC404A5
:1074400054F8044C40F82140511E3246BDE8F0404B
:10745000FFF793BF4C1C640004EB0C0E50F82E7029
:1074600050F824E07F6ADEF824E0BE4588BF04F1CE
:10747000FF3450F8247040F821702146D2E70368A9
:1074800010B55C6A50F8042C516A8C4201D8036034
:1074900010BD40F80429F5E7F0B5541E04EBD47490
:1074A00066106FF0404C0C46B44225DBD5070ED475
:1074B000023A02EBD272B4EB620F08D1621C5500A3
:1074C00000EBC20252F8042C40F824206C1E621E0D
:1074D00002EBD2725210A1424FEA840521DA50F831
:1074E00022405E6A676AB7421BD24451541E04EBC5
:1074F000D47514466A10EEE7651C6D0005EB0C0EA2
:1075000050F82E7050F825E07F6ADEF824E0BE4582
:1075100038BF05F1FF3550F8257040F824702C462F
:10752000C2E74351F0BD036810B55C6A50F8042C03
:10753000516A8C4201D3036010BD40F80429F5E77D
:10754000F0B5541E04EBD47466106FF0404C0C463A
:10755000B44227DBD5070ED4023A02EBD272B4EB69
:10756000620F08D1621C550000EBC20252F8042CD5
:1075700040F824206C1E621E02EBD2725210A1420F
:107580004FEA840524DA50F8224093F9286094F9F0
:107590002870B7421CDD4451541E04EBD4751446C8
:1075A0006A10ECE7651C6D0005EB0C0E50F82E70B0
:1075B00050F825E097F928709EF928E0BE45C8BF2D
:1075C00005F1FF3550F8257040F824702C46BFE7D0
:1075D0004351F0BD10B5036850F8042C93F92840CE
:1075E00092F928108C4201DC036010BD40F8042998
:1075F000F2E7F0B5541E04EBD47466106FF0404C03
:107600000C46B44227DBD5070ED4023A02EBD27205
:10761000B4EB620F08D1621C550000EBC20252F8B5
:10762000042C40F824206C1E621E02EBD272521011
:10763000A1424FEA840524DA50F8224093F92860E9
:1076400094F92870B7421CDA4451541E04EBD475E7
:1076500014466A10ECE7651C6D0005EB0C0E50F843
:107660002E7050F825E097F928709EF928E0BE4565
:10767000B8BF05F1FF3550F8257040F824702C464E
:10768000BFE74351F0BD10B5036850F8042C93F9DF
:10769000284092F928108C4201DB036010BD40F8AD
:1076A0000429F2E78842134604D00A1A0146981AC0
:1076B00019F089BE70478842F8B504460D4602D0DD
:1076C0000430854200D1F8BD0646236856F8047B95
:1076D00093F9283097F928209A4207DA0146324672
:1076E0002046FFF7DFFF27603046EAE7FFF7CBFFD2
:1076F000FAE78842F8B504460D4602D004308542C8
:1077000000D1F8BD0646236856F8047B93F928306B
:1077100097F928209A4207DD014632462046FFF7B6
:10772000C1FF27603046EAE7FFF754FFFAE78842D7
:10773000F8B504460D4602D00430854200D1F8BDAC
:107740000646236856F8047B5B6A7A6A9A4207D237
:10775000014632462046FFF7A5FF27603046ECE79A
:10776000FFF7E1FEFAE78842F8B504460D4602D07D
:107770000430854200D1F8BD0646236856F8047BE4
:107780005B6A7A6A9A4207D9014632462046FFF779
:1077900089FF27603046ECE7FFF771FEFAE7884281
:1077A000F8B504460D4602D00430854200D1F8BD3C
:1077B0000646236856F8047B5B6A7A6A9A4207D9C0
:1077C000014632462046FFF76DFF27603046ECE762
:1077D000FFF7C6FDFAE78B889A0903F03F0310B55F
:1077E00002FB033304464A88006D52FA83F10368B2
:1077F00002319B689847F9F75DFAD4F84411F9F71C
:10780000B1FAF9F7B1FC00EB8000421C0021206EB8
:10781000BDE8104003F090BD00F0030002380128DD
:107820008CBF00200120704780F00200C0F34000B0
:1078300070478B889A0903F03F0310B502FB0333AE
:1078400004464A88006D52FA83F1036802319B684E
:107850009847F9F72FFAD4F85811F9F783FAF9F79E
:1078600083FC00EB8000421C0021206EBDE810402C
:1078700003F062BD2DE9F341466DC76CB0F8588046
:10788000C3200C4616F04CF8336805461B6830469A
:1078900098473B6806465B69384698470649CDE9F4
:1078A0000080AAB220464FF47A73B6FBF3F319F0C6
:1078B000B9FC02B0BDE8F081343D0208A0F1C80077
:1078C000FFF7D8BF2DE9F84F04460D4617469946F5
:1078D00000F10408291B40291CDD4FEAA10ADFB989
:1078E000AAF10206761054F8263052463146204658
:1078F000FFF75BFD5EB1013EF5E755F8043D2268F8
:107900002A602A1B921000212046FFF74EFD2B1BF8
:10791000042BF2DCBDE8F88FC910D4F804A054F8A9
:107920002100DAF824B0D0F824E055F804CC23681C
:10793000DCF82420F34546462AD9964521D9206013
:1079400044F821302B462268D2F824E031460868FA
:10795000426A72450E4601F10401F8D8191F0B4620
:1079600051F80429D2F824C0E645F8D89E4217D32E
:10797000013F29464B463A463046FFF7A3FF3546BE
:10798000A8E7934506D9C4F800C045F8043CD9E7F8
:10799000934502D9C4E900A3D4E79645CFD9F2E7CD
:1079A00046F8042B1860CEE72DE9F84F04460D4643
:1079B0001746994600F10408291B402919DD8E104D
:1079C000CFB9B11E491054F8213032462046FFF796
:1079D00063FD59B10139F6E755F8043D22682A6084
:1079E0002A1B921000212046FFF756FD2B1B042B6B
:1079F000F2DCBDE8F88FC910D4F804A054F82100D7
:107A0000DAF824B0D0F824E055F804CC2368DCF888
:107A10002420F34546462AD2964521D2206044F8D8
:107A200021302B462268D2F824E031460868426AA9
:107A300072450E4601F10401F8D3191F0B4651F8A7
:107A40000429D2F824C0E645F8D39E4217D3013F5B
:107A500029464B463A463046FFF7A6FF3546ABE788
:107A6000934506D2C4F800C045F8043CD9E79345D5
:107A700002D2C4E900A3D4E79645CFD2F2E746F894
:107A8000042B1860CEE72DE9F84F04460D46174643
:107A9000994600F10408291B402919DD8E10CFB941
:107AA000B11E491054F8213032462046FFF748FDF8
:107AB00059B10139F6E755F8043D22682A602A1BBE
:107AC000921000212046FFF73BFD2B1B042BF2DC1C
:107AD000BDE8F88FC910D4F804A054F821009AF931
:107AE00028B090F928E055F804CC23689CF92820A8
:107AF000F34546462BDD964522DD206044F82130D3
:107B00002B46226892F928C03246116891F9280064
:107B10006045164602F10402F7DC1A1F134652F8BC
:107B2000040990F928E0E645F8DB9E4217D3013FAF
:107B300029464B463A463046FFF7A5FF3546AAE7A9
:107B4000934506DDC4F800C045F8043CD8E79345EA
:107B500002DDC4E900A3D3E79645CEDDF2E746F89F
:107B6000040B1960CDE72DE9F84F04460D46174682
:107B7000994600F10408291B402919DD8E10CFB960
:107B8000B11E491054F8213032462046FFF731FD2E
:107B900059B10139F6E755F8043D22682A602A1BDD
:107BA000921000212046FFF724FD2B1B042BF2DC52
:107BB000BDE8F88FC910D4F804A054F821009AF950
:107BC00028B090F928E055F804CC23689CF92820C7
:107BD000F34546462BDA964522DA206044F82130F8
:107BE0002B46226892F928C03246116891F9280084
:107BF0006045164602F10402F7DB1A1F134652F8DD
:107C0000040990F928E0E645F8DC9E4217D3013FCD
:107C100029464B463A463046FFF7A5FF3546AAE7C8
:107C2000934506DAC4F800C045F8043CD8E793450C
:107C300002DAC4E900A3D3E79645CEDAF2E746F8C4
:107C4000040B1960CDE72DE9F84F04460D461746A1
:107C5000994600F10408291B40291CDD4FEAA10ABE
:107C6000DFB9AAF10206761054F8263052463146A2
:107C70002046FFF7CFFB5EB1013EF5E755F8043D26
:107C800022682A602A1B921000212046FFF7C2FBBF
:107C90002B1B042BF2DCBDE8F88FC910D4F804A02C
:107CA00054F82100DAF824B0D0F824E055F804CCD8
:107CB0002368DCF82420F34546462AD9964521D985
:107CC000206044F821302B462268D2F824E0314667
:107CD0000868426A72450E4601F10401F8D8191F7E
:107CE0000B4651F80429D2F824C0E645F8D89E4244
:107CF00017D3013F29464B463A463046FFF7A3FFCC
:107D00003546A8E7934506D9C4F800C045F8043CB9
:107D1000D9E7934502D9C4E900A3D4E79645CFD962
:107D2000F2E746F8042B1860CEE700002DE9F04F8B
:107D300000F5D85300F50E52BBB081460F461C33F8
:107D400034320025596A31B13AA901EB8501013578
:107D500041F8C83C2DB22C339342F3D108AE06EB68
:107D60008508B0454FEA850414D0A210B2FA82F219
:107D7000C2F11F024FF00003520041463046FFF7A8
:107D800062FF402C23DD18A93046FFF708FD18AC30
:107D9000A04517D1DFF88CB03C464FF000084FF0FB
:107DA0000A0A454502DDE31B852B15DDBC4204D1E3
:107DB00020461D4919F059FC0634002323703BB0BE
:107DC000BDE8F08F2046FFF7CBFA0434E0E74146E8
:107DD0003046FFF7E4FCDDE756F82810B8F1000F55
:107DE00001D004F801AB042205A8039103F0B6FA10
:107DF000D9F85C0003681B68984703994B6A91F9AE
:107E000028200092C31A05AA5946204619F00AFAFA
:107E100023461C4613F8012B002AFAD108F1010869
:107E2000BFE700BF723D02087B3D0208A0F1C80019
:107E3000FFF77CBF036810B51B680446984763686A
:107E4000834228BF581C606010BD2DE9F0410446F4
:107E500040689DF818701D460368DB6B164698470E
:107E6000606803682946D3F8E8309847606803687B
:107E70003146D3F8E43098473946606800220AF06A
:107E800094FB606884F824500368082D1B6EBDE8DD
:107E9000F0418CBF102120211847406803681B6FF8
:107EA0001847406803685B6F184700002DE9F043EE
:107EB0000346006DDFF85880D3E90495036885B068
:107EC0001B6A0E46984704464046FFF7E6FF074602
:107ED0004046FFF7E6FF80463846F9F71FF907B23C
:107EE00040464FF47A73B5FBF3F5B9FBF3F3039512
:107EF0000293F8F789FA24B2CDE900013B4605491F
:107F00002246304619F08EF905B0BDE8F08300BF77
:107F1000782F0020823D0208A0F1C800FFF7C6BFFD
:107F2000D0E9003213448B4209D9438901339BB213
:107F300043810089984234BF00200120704701230B
:107F400001604381184670472DE9F84F00F5D85578
:107F50001C3500F50E5A07460C46914698462E46AB
:107F60000AF1340A4FF0FF3B20223146204619F037
:107F70001AFA30B3736A5B4538BF354606F12C06F2
:107F800038BF9B465645EFD12B4604F120022068AE
:107F900061681E4603C6083494423346F7D1F86D33
:107FA000C5F8209003681B6898474FF081416862CC
:107FB0004046F8F7D7FEF9F7B1F885F82800BDE894
:107FC000F88F3546E0E7F0B51F468B8816469A06CF
:107FD0008DB005460C4627D10A78092302F003022A
:107FE000D340DB0703D5CB880BB90B89E3B19DF8F0
:107FF0004C201299684603F036FB9DF801309BB186
:108000009DF8003003F00F03022B0DD194F902010B
:10801000F8F754FE4FF07A51F8F7A4FE3A460346BB
:1080200031462846FFF790FF0DB0F0BDF0B591F84E
:108030004A3003F0F002802A8BB005460C4621D16D
:108040004B88052B1CD990F83D31CBB9504E4FF4DD
:108050007A72D6E904010023F9F7A6F8B168014461
:1080600005F5D7501430FFF75BFF48B1618894F8ED
:108070004B30E26C092903F004034ED8002B53D196
:108080000BB0F0BD902AFBD14A88052AF8D903F03D
:108090000F03022BF4D1252AF2D900F58056D6F829
:1080A0000C3B002B6FD0D6F8101B01F05BFF0028B3
:1080B00069D1E36CD6F80C2B9A42E1D16A4604F1FF
:1080C000500304F1700C174618685968164603C629
:1080D000083363453246F7D1202205F1680138465E
:1080E00019F061F90028CBD094F90201284EF8F775
:1080F000E5FD4FF07A51F8F735FE4FF47A720446F9
:108100000023D6E90401F9F74FF8B2682346024488
:1081100039462846FFF718FFB2E7216D002BAFD094
:10812000D5F894318B42ABD3922194F84A308DF834
:10813000001094F802118DF80110CDF8022003F020
:10814000010305F168020DF1060105F1880052F8FE
:10815000044B41F8044B8242F9D1002B0CBF26227C
:108160000E226946284602F0EFFC0446002887D01C
:108170002B680146DB6B284698472146820028463B
:1081800003F042F87CE70023C6F80C3B78E700BF19
:10819000582F00202DE9F047089E9DF8248099462D
:1081A000337804468A461746BBB304F594713046CB
:1081B000F9F714F800285FD103260022514604F590
:1081C000067003F02BFBD0F884304B4505465BD29C
:1081D000C0F88490E06D03681B68984795F82030DC
:1081E000C5F8880023F00303334385F820303A466E
:1081F00005F1620307F1200152F8040B43F8040B68
:108200008A42F9D18EB141F28831204601F0B6FEA2
:1082100004F58053C3F8180B07E0202200F5067020
:1082200003F0E2FA05460028BFD0B8F1000F02D0F3
:10823000FF2385F82130E06DFFF7FCFD0023C4F833
:10824000400FA4F8443F95F82030206E03F003035C
:10825000DA1E5342534184F8463F95F8203084F8A3
:10826000473F036804221B6804F6487198470223BD
:1082700084F84C3F0D2008E0304604F5A471F8F76F
:10828000ADFF0646002898D00020BDE8F08700002A
:10829000F7B51D4F04461646D7E904011D464FF4B5
:1082A0007A720023F8F780FFB968014404F5D850CA
:1082B000FFF736FE30B32A7804F58050294602F0E5
:1082C0003F0280F8382011F8013B9B0901335A43E3
:1082D00080F8393004F6F87019F0CFF9E06DC4F881
:1082E000406F03681B6898470023C4F8440FAC2212
:1082F000009304F64871012304F58B5005F09AFEB3
:108300000830C0B203B0F0BD582F0020F8B51E4FA2
:1083100004461646D7E904011D464FF47A7200233D
:10832000F8F742FFB968014404F5D850FFF7F8FDAB
:1083300048B32A7804F58050294602F03F0280F8BD
:10834000382011F8013B9B0901335A4380F839303A
:1083500004F6F87019F091F9E06DC4F8406F036805
:108360001B68984704F648750849C4F8440F04F59B
:10837000CE7304F1F402284618F054FF2846F8F7AB
:1083800037FF0830C0B2F8BD582F0020D93D020891
:10839000F8B51C4F04461646D7E904011D464FF4B4
:1083A0007A720023F8F700FFB968014404F5D85049
:1083B000FFF7B6FD20B32A7804F58050294602F075
:1083C0003F0280F8382011F8013B9B09013380F807
:1083D00039305A4304F6F87019F04FF9E06DC4F8DB
:1083E000406F03681B689847002384F8483F94F85F
:1083F0003D31C4F8440F13B1802384F8483F09206D
:10840000F8BD00BF582F00202DE9F04FC0F8402FD5
:108410001A78012ADBB0044661D1C32015F080FA36
:10842000ADF8A000E06CB74D03685B699847ADF804
:10843000A200206D03681B6A9847ADF8A400284687
:10844000FFF72BFDF8F76AFEEB682A932B69ADF86E
:10845000A6004FF47A72D4E936012B934FF47A7662
:108460002369B3FBF6F32C930023F8F79DFE236BEF
:108470002E93636B2F93A36B3093E36B2D9031930B
:108480002846B4F85830ADF8C830FFF70AFD4FF071
:108490008141F8F767FCF8F741FE636EADF8CA005A
:1084A000D3F80825D3F80C35ADF8CE306369B3FBAB
:1084B000F6F334936B69ADF8CC20359328AA04F613
:1084C000447436AD134603CBAB42206061601A465C
:1084D00004F10804F6D13C205BB0BDE8F08F032A1C
:1084E00022D100F50E56343630460CF089FFC320F9
:1084F00015F016FA80B2F8F7DDFB8349F8F7E6FCD1
:108500000121024630460DF023F830460CF07BFF87
:10851000054630460CF079FF2A46014604F64470C1
:1085200019F0ABF8281DD7E7052A2BD191F82020A8
:1085300002F00302032A40F04C815A789B781A43D8
:1085400040F0478100F507710423D4F89C5EAA42ED
:108550001846C1DAAD2BBFD891F8200078B103F5E9
:1085600074600E68265025188888A880981D54FAD3
:1085700080F091F8205080F8405F0733DBB2013281
:10858000A031E2E7062A40F011815D78002D40F02D
:10859000208193F806809A78B3F803700492B8F1BA
:1085A000200F5A7900F50E5100F5D85328BF4FF02F
:1085B00020081C333431586A30B15AA800EB8500CA
:1085C000013540F8C83C2DB22C338B42F3D1002A40
:1085D00044D128AE06EB8509B1454FEA850A16D08D
:1085E0004FEAAA02B2FA82F2C2F11F024FF0000370
:1085F000520049463046FFF765F9BAF1400F28DDD1
:10860000304638A9FFF7AFF838AEB1451CD108F1B4
:10861000050A07AB4FF0000B5FFA8AFA03EB080676
:10862000D946049B4B4502DDBD4200F39C80A4F873
:10863000445FA4F8469F5A4607A904F6487019F00B
:108640001CF80BF1080047E73046FEF718FF043628
:10865000DBE749463046FFF786F8D8E7012A27D1FD
:1086600028AE06EB8509B1454FEA850ACFD04FEA1F
:10867000AA02B2FA82F2C2F11F024FF000035200C6
:1086800049463046FFF790F9BAF1400F0BDD30460E
:1086900038A9FFF74CF838AEB145B8D03046FEF7F0
:1086A00042FF0436F8E749463046FFF740F8AEE7A8
:1086B000022A2BD128AE06EB8509B1454FEA850A7F
:1086C000A5D04FEAAA02B2FA82F2C2F11F024FF01D
:1086D0000003520049463046FFF7D5F9BAF1400F82
:1086E0000BDD304638A9FFF704F838AEB1458ED01F
:1086F0003046FEF76FFF0436F8E749463046FEF78E
:10870000F8FF84E7782F002000007A44032A7FF4E2
:108710007EAF28AE06EB8509B1454FEA850A3FF4E6
:1087200076AF4FEAAA02B2FA82F2C2F11F024FF00C
:108730000003520049463046FFF715FABAF1400FE0
:108740000CDD304638A9FEF7B6FF38AEB1453FF430
:108750005EAF3046FEF797FF0436F7E749463046EE
:10876000FEF7A9FF53E70BEB0A03822B05933FF7B4
:108770005EAFE06D28AB026853F827B012689047EF
:10878000DBF824205946831A4246A6EB08000393DF
:1087900018F073FF039B3360059B9BF82820327110
:1087A00009F10109564401379B463AE7072A10D1DF
:1087B00000F5CE7300F64475074A0849009300F1AE
:1087C000F403284618F02EFD2846F8F711FD043072
:1087D00082E6002080E600BF803C0208D63D020809
:1087E00010B588B004466A46022100F56A6003F0BD
:1087F00077FB6A46034604F16801204602F004F85C
:1088000008B010BD10B5D1F8CC10044601230CF00F
:10881000F6FE204610BD00002DE9F04FCFB0054612
:108820000C46164601462D4A06A89946FFF7EAFF70
:1088300006A80DF04CF8002847D02B68284F5B693C
:1088400028469847014606A814F066FD2078254B77
:10885000C0F3830AFEF7E0FF002818BF1F46286D0B
:10886000B4F802B003689B6B98478046286D036894
:108870005B6B98471C4905464846F8F773FAF8F7CA
:108880004DFC04902846F8F749FC03904046F8F761
:1088900045FC5346CDE901B032461449009706A87D
:1088A00014F067FD227840F20713C2F38302D3402D
:1088B000DB070DD594F84A3094F84B200C4906A8F4
:1088C00014F057FD06A80CF0BAFF4FB0BDE8F08FCA
:1088D000084906A814F04DFDF4E700BF283D020842
:1088E000E0DF0208DF3D020800007A44E13D0208B3
:1088F0002A3E020889DB020810B490F8E84014B15F
:1089000010BCFFF789BF10BC7047000070B5CAB03B
:1089100005460C46164601461D4A02A8FFF772FF9F
:1089200002A80CF0D4FF60B32B6828465B69984717
:10893000014602A814F0F0FC20781649164AC0F34C
:108940008303FEF769FF002818BF0A46618802A862
:10895000CDE900213246114914F00BFD227840F296
:108960000713C2F38302D340DB070CD594F84A30D7
:1089700094F84B200A4902A814F0FBFC02A80CF062
:108980005EFF4AB070BD074902A814F0F2FCF5E79B
:10899000283D0208DF3D0208E0DF02083B3E0208F6
:1089A0002A3E020889DB020890F8E8300BB1FFF795
:1089B000ADBF704770B5CAB004460D4616460146B5
:1089C000134A02A8FFF71EFF02A80CF080FFE0B1D7
:1089D000236820465B699847014602A814F09CFC76
:1089E00028780C490C4AC0F38303FEF715FF0028D2
:1089F00018BF0A46698802A8CDE900210749324616
:108A000014F0B7FC02A80CF01AFF4AB070BD00BF0A
:108A1000283D0208DF3D0208E0DF02086C3E020844
:108A200090F8E8300BB1FFF7C5BF70472DE9F84368
:108A30008C88A309013390465FFA83F904F03F0460
:108A400001F10A05002600F168073CB918F8090091
:108A5000B0428CBF00200120BDE8F8834A46394669
:108A6000284618F0A0FC08B90136F6B2013CE4B281
:108A70004D44EAE770B590F83D410546ACBB0A7835
:108A80001046FEF7D1FE70B38B8895F8686103F04D
:108A90003F039E4229D902F00306012E03D195F827
:108AA00069619E4221D9C2F38302042A03D195F859
:108AB0006A219A4219D905F58053D3F8E03AB3B147
:108AC00095F8163263B1012B0BD00A4A0A48022BE3
:108AD00008BF02462846FFF7A9FF80F00100C0B298
:108AE00070BD064AF6E70120FAE70020F8E71846CD
:108AF000F6E700BF1001002014010020180100203B
:108B000030B585B004464FF49063006EADF8043084
:108B10000368042204F580551B680DF1060198478F
:108B2000DDF80630C5F80C3B4EF66021204601F01A
:108B300025FA01A9C5F8100B0A2200252046CDF818
:108B40000A5002F001F8014618B12A46204602F008
:108B50005BFB05B030BD00002DE9F0470446402026
:108B60001E461546DDF824800F46FCF710FF202135
:108B7000814605F007FC824B236033686665C4E9D3
:108B800013950025C4E904551B6865603046984775
:108B9000012384F82C307B4BA3647B4B2360089B20
:108BA00023660A9BA4F85850C4E90605C4E9095590
:108BB000C4E9105525626366C4F85C8004F168005E
:108BC00001F09AFC714B236004F50779E433C4F893
:108BD000C83004F506764D4604F69C6A2846A03552
:108BE00001F07BFC5545F9D14FF44862002148461D
:108BF00018F003FCC4F8AC7EC4F8B86E04F1C803E6
:108C000004F5805604F581570025C4F8A83E1C37AA
:108C10005F4BC4F8B03E04F58B5004F1F009C4F882
:108C20009C5EC4F8A08E3946C4F8A49EC4F8B40E65
:108C3000C6F85C5104F072FF04F5B05039461030AC
:108C400004F06CFF04F5D8577823C6F8F45AC6F838
:108C5000F83AC6F8005B0423B4221C3704F50E551D
:108C6000C6F8FC3AC6F8042BC6F8083BB8463435BB
:108C7000404608F12C0801F030FC4545F8D1B421FC
:108C800028460CF0AAFB002200230025C4E9362365
:108C900004F50053C4E93855C4F8D0502946C6F845
:108CA000185B40F69802C3E9EF55384684F8E8505F
:108CB00086F8145B18F0A1FB29464FF494724846DD
:108CC00018F09BFB4FF07E53C4F8F0304FF07C530C
:108CD000C4F844312F4BC4F8583104F1F4002E4944
:108CE000202205F041FC00230022C4E94623C4E908
:108CF000482304F594702949102205F035FC284BCF
:108D0000C4F838314FF4A163A4F86031162384F815
:108D10003C3142F60173A4F83E31224BC4F8643171
:108D20004FF4FA72204BC4F86831A4F86E21012385
:108D30004FF4E13284F86D31C4F8742184F878314D
:108D400004F27910194984F87051102205F00CFCD6
:108D5000022384F8903104F5D750002384F88A5117
:108D6000C4F88C51C4F898311022C6F80C5BC6F8D0
:108D7000105B2946043018F040FB2046BDE8F08720
:108D8000F843020880EE360098440208843F020847
:108D9000382F00209A99993EA43E0208EF48020815
:108DA0008D67594400007A4240400800B43E0208F2
:108DB00037B504460D4601F0CDFC2946C4F8CC5029
:108DC00004F56A6004F006FE04F58B55D4F8CC1067
:108DD00004F1680204F5067002F07CFCD4F8CC10B3
:108DE0000022284604F0C2FE284605F07AF8014623
:108DF00030B104F5D75201230432284604F040FF75
:108E000094F86131009394F86031D4F86421D4F877
:108E100038110A48FFF719F894F93C11074805F092
:108E2000BAFD23682046D3F8983098472368D3F8D2
:108E30009C30204603B0BDE830401847782F002012
:108E40002DE9F04385B0054608469DF830908846E8
:108E500014461E4605F0C2FA074640B14B4632465C
:108E60002146284605B0BDE8F04301F082BE214608
:108E7000404605F0FFFACDF80090ADF80C003346FF
:108E800003AA21462846ADF80E7001F09FFE05B0FA
:108E9000BDE8F083F0B51F4600F580530D46D3F8CA
:108EA000E01A87B00446164681B10B8873B10123DE
:108EB00002AA00F58B5004F0E3FE00280FDC3B46CD
:108EC00032462946204601F054FE0FE03B4632462A
:108ED0002946204607B0BDE8F04001F04ABE0097A1
:108EE00033462A4602A92046FFF7AAFF07B0F0BD85
:108EF0002DE9F0430E460978C1F3830185B00729B7
:108F000004461F469046DDE90C3057D1002504F594
:108F1000805919681D54FF2089F838001879451EBA
:108F20001E2D2FD93078FEF77FFC0433019000937B
:108F300020460B463946FFF72DF9054600283DD05F
:108F40003078FEF771FC04F57463002845D0CDE954
:108F500002350123019333790093424606F10A0357
:108F60003946204601F0F6FC014638B3B3889B0928
:108F70000133DBB24FF49672204605B0BDE8F043F2
:108F8000FFF788BF01280AD13078FEF745FCA8B169
:108F90000A46053339462046FFF77AF9CDE702281D
:108FA0000AD13078FEF738FC40B10A46053339461D
:108FB0002046FFF7ABF9C0E7032802D005B0BDE8B3
:108FC000F0833078FEF728FC0028F7D00A460533F6
:108FD00039462046FFF7DCF9AFE799F93820002A37
:108FE000CDE900353A4643464FF00101204602DA0A
:108FF00001F0C4FCB8E701F0C1FC99F8392099F9F7
:10900000383001460028D9D0013A03F03F0343EA43
:1090100082134FF496720C92DBB204F6F87220467B
:1090200005B0BDE8F04301F002BE73B50D4604463D
:109030001646FFF7D5FB014668B176B194F81502E4
:109040000130C0B20A4604F5D75100902B460431D6
:109050002046FFF7F5FE02B070BD2A46204602B05A
:10906000BDE8704002F0D0B8A0F1C800FFF7DDBF46
:109070002DE9F04700F580571E4697F8143B8AB05B
:109080000546884614464BBB144612F8013B202B7C
:10909000FAD02046F8F7ACF8042808D9A3787C2B3E
:1090A00005D123883380A378B370033403367A491B
:1090B0000822204618F077F98146002840F0A28067
:1090C00008342021204618F0A0F900286DD17349FA
:1090D00030460AB0BDE8F04718F0C7BA104605F0B0
:1090E00052FAF8B923469846994613F8012B202ADC
:1090F000F9D0A8EB04044F4619F8010B04F022FD47
:109100000028F8D13B780BB138704F46B94617F8B4
:10911000013BDBB9631E062B1BD9002333700AB059
:10912000BDE8F08707F5C2614FF4966205F58B50F4
:1091300018F0A3FAB7F86A2159490023304687F896
:10914000143B0AB0BDE8F04718F06CB8462BDDD1EF
:10915000E0E798F80030002BDFD005EB840404F53D
:109160008054D4F8BC7A002FD7D005F58B504146F7
:1091700004F0DCFD05F5B0553A881035074660B1BE
:1091800003884146284604F001FE0028C5D037B1C7
:109190003B790371C4F8C00ABFE70346F1E799F8C9
:1091A0000030463B18BF0123F3E7824622460AF807
:1091B000019BAAEB0403402BA8BF402303EBD3730E
:1091C0004FEA6308414602A802F000F9C0B15046D8
:1091D00016F0C2FEC0B20090434602AA05F1680133
:1091E00005F5067002F06AFB40B141F2883128466D
:1091F00000F0C4FE2B49C7F8180B69E72A4967E756
:109200002A4965E7B8F1000F29D129492046F7F727
:10921000E5FF074618BB27492748DFF8A090DFF88D
:109220009880DFF89CA014F091F805F50774D5F844
:109230009C3E9F42BFF671AF94F8202062B1494630
:10924000404614F096F821464046202202F0A0F84D
:109250005146404614F08DF80137A034E7E719492C
:109260001222204618F09FF860B9113414F8013F1B
:10927000202BFBD00BB114492AE72846FFF740FC0E
:10928000124925E733462246414605F56A600AB091
:10929000BDE8F04703F0C0BED53E0208DE3E02083E
:1092A000BE3E0208EF3E0208F23E0208073F0208F7
:1092B000183F0208203F020824340020253F0208FE
:1092C00089DB02082B3F02083E3F0208663F020886
:1092D0002DE9F04F03F6F403B5B050F823700E46B5
:1092E000002F3E990491DDE93F9B0446C0F2F080D7
:1092F000D0F89C3E9F4280F2EB80A0257D4300F594
:10930000067305F1040805939844002A5ED14719B5
:10931000D9F800A0D7F8A032534580F0D980ABF13E
:1093200004030093524609F104034146FFF76CF829
:109330008146002800F0CC80C7F8A0A2E06D036849
:109340001B689847C7F8A4023078FEF76DFA04F559
:109350007463E0B1CDE902390123019333790093BD
:109360004146049A06F10A03204601F0F3FA014649
:10937000002800F0AD80B3889B090133DBB24FF4C5
:109380009672204635B0BDE8F04FFFF783BDCDE9BA
:1093900000390121049B4246204601F0EFFA0146C4
:1093A000002800F0958097F83D32FF2BE3D04FF472
:1093B000967005F126023E9004F5067010440246B0
:1093C000204635B0BDE8F04F01F031BC022A7FD114
:1093D000BBF1050F7CD9431993F83C2202F003023C
:1093E000032A75D199F80420D9F800A09108072A1A
:1093F00007916DD8D3F8A0220592524568D8C3F8DA
:10940000A0A2C06D0693026812689047069B079958
:10941000C3F8A402002309F80B3009F1050B19BBAE
:109420005846F7F7E5FE2023CDE900834A46431D61
:10943000042109A802F00CF8099B0A930AA9042246
:10944000204601F0C6FA014670B1A02303FB074392
:1094500093F83D32FF2B3ED1B3889B090133DBB239
:10946000C8222046FFF716FD059B53453ED1002339
:109470008DF82D300DF12D00F7F7BAFE814638B387
:10948000E06DFEF7D7FC042350458DF82C3009F130
:10949000050308BF0AF1010001930AAB0A9000938B
:1094A0000221049B4246204601F068FA014678B149
:1094B000A02303FB074797F83D32FF2B1ED1B3884B
:1094C0009B090133DBB24FF416722046FFF7E2FC32
:1094D00035B0BDE8F08FC82005F12602009004F5F4
:1094E00006700244204601F0A2FBBDE70DF12D03FA
:1094F0005A4651462046FFF7BBFDBBE74FF41670B6
:1095000005F12602009004F506701044024620463C
:1095100001F08DFBDCE7000037B5044601F01CF9D3
:10952000D4F8E410002965D0204600F01BFD002887
:1095300060D02046FFF754F9024600286ED1236818
:109540002046D3F89C30984723682046D3F89830BB
:10955000984704F50055D5F8BC1391B1204600F0AA
:1095600001FD70B10023C5F8BC3395F8CD330093ED
:1095700095F8CC33D5F8C823D5F8C4132E48FEF798
:1095800064FCD5F8C01391B1204600F0EBFC70B13B
:109590000023C5F8C03394F86131009394F860312A
:1095A000D4F86421D4F838112348FEF74EFC04F5B2
:1095B0008055D5F8181B69B1204600F0D3FC48B19E
:1095C000D4F8CC10002204F5067002F0C5F900238F
:1095D000C5F8183B14F004FBD4E93631D4F8D02098
:1095E000C4F8D000821A9B1841F10001C4E9363159
:1095F00003B030BDD4F8E0100029AAD0204600F016
:10960000B1FC0028A5D02046FFF7EAF80146002863
:109610009AD00022204601F0F7FD95E794F8153224
:109620000133DBB204F5D751009304310023204607
:10963000FFF706FC83E700BF782F0020C06C08B559
:1096400003685B6998470028D4BF0020012008BD4B
:1096500010B5C8B0D0F8CC100E4A684600230BF005
:10966000CEFF68460CF033F960B10B4C68460CF045
:109670002AF820B168460CF0B7F8011E04DA6846F3
:109680000CF0DDF848B010BDC9B2204613F048FE1A
:10969000ECE700BF283D020824340020A0F1C800F8
:1096A000FFF7D6BF38B50C468D18AC4200D138BD97
:1096B0004FF48071002014F05EF804F8010BF4E719
:1096C00014F08EBA37B504460846694601F0F5FD38
:1096D000251D04F2045408222946684617F063FE4B
:1096E00018B92860686003B030BD0835A542F2D1D2
:1096F000F9E7F7B50E4604466946304601F0DDFD50
:10970000251D04F2045708222946684617F04BFE2F
:1097100098B9337803F00303023B012B07D9D4F83F
:109720000C350133C4F80C35012003B0F0BDD4F87A
:1097300008350133C4F80835F6E70835AF42E2D101
:10974000D4F804256B4603CB04EBC2025060916051
:10975000D4F80435A022013393FBF2F102FB11335C
:10976000C4F804350020E0E770B506229AB02F480F
:109770004FF4E13113F054FD4FF47A7014F034FAE1
:109780002B4B00221A7100F047FA00B9FEE7294C72
:10979000294805F0FBF813F0DFFF204605F01CFA1E
:1097A000264B274A2749189418A8199304F03AF928
:1097B00000BB684600F078FA2148234D60226946D4
:1097C00017F05BFF0A2405F1680695F86830013B45
:1097D000DBB2FD2B09D9684600F066FA60226946C3
:1097E000304617F04AFF013CEFD1154A154918A839
:1097F00004F040F915490D4813F08EFD2022104960
:109800000A4801F0C5FD094813F08EFD104B0949C7
:109810000D4800241C70FFF7CBFA0B4822464FF48A
:109820007A51FFF702FC1AB070BD00BF243400204B
:109830006831002098310020782F0020DF54020882
:1098400070060020223D020808060020D4400208CD
:10985000640500201FB5114C114B20464FF4A06247
:10986000002140F8043B17F0C8FD00230420C4F891
:109870000435C4F80C35C4F80835FCF788F8094AF3
:109880000260094A0192094A00920346084A0949BE
:1098900002940948FFF760F904B010BD282A00209F
:1098A00008410208F0400208582F00202001002043
:1098B000782F00206831002008060020044A054B5C
:1098C00013600548E433C2F8C8300BF092BD00BF06
:1098D00008060020843F0208BC2900202DE9F0433F
:1098E0003A483B4E394FA9B0F7F782FC4FF00009D8
:1098F0000446304613F00CFB68B19F2C0DD0A046F7
:10990000304613F0D7FCC5B20A2D29D1304613F0EA
:10991000FFFA0028F4D19F2C30D12C4B0D2283F874
:109920009F209F24294D013C2B5D0D2B28D10A211E
:10993000274813F0F5FC00216B46264829552A4696
:10994000FFF796FB9DF800303BB12349204813F008
:10995000E3FC1F48694613F0F9FC00232B700FE06D
:1099600001342946304607F8085007F8049013F0F0
:10997000D7FC0D2DBDD19F2CD4D1CEE7002CD1D159
:10998000144C2046FFF7C8FD14F02AF9134BD3E915
:10999000042599699861411A521845F10005C3E9F7
:1099A000042594F8893173B12046FFF747FE50B97A
:1099B0000B4B1B684FF47A715943204629B0BDE820
:1099C000F04300F0CFBA29B0BDE8F0836405002071
:1099D0002434002008060020E2400208582F00200E
:1099E0001C010020004870470000C07F0020704725
:1099F000002070477047704770474FF0FF30704746
:109A00007047002070477047002070470020704763
:109A1000002070470020704700487047104102083E
:109A200000207047004870471041020840680368F2
:109A3000DB681847B0F9180070477047002070477E
:109A4000002303717047007970470000BFF34F8F08
:109A50000549064BCA6802F4E0621343CB60BFF3CA
:109A60004F8F00BFFDE700BF00ED00E00400FA05E6
:109A700000207047406808B50368D3F884309847E1
:109A800010F0140F14BF0120002008BD436893F8A4
:109A90006C01704710B54FF47A7204460023D0E988
:109AA0000401F7F781FBA368184410BD002070473C
:109AB000002070477047002070470020704700204A
:109AC0007047002070470020704700000048704732
:109AD0001E4102087047F8B507460C468E18B4427E
:109AE00000D1F8BD78680368D3F8A43098474FF4E4
:109AF00080710546002013F03EFE454004F8015BEE
:109B0000EDE708B5F9F7D2FA72B6BDE80840F9F703
:109B1000D5BA08B5C32013F003FF80B208BD10B555
:109B20004FF4E4710446FBF736FF204610BD406851
:109B3000002107F049B810B5044614F051F8D4E9F3
:109B40000431A269A061821A9B1841F10001C4E9A5
:109B5000043110BD10B500220023C0E90423816048
:109B6000044614F03DF8A06110BD036810B5DB6B2E
:109B70000446984720B92046BDE8104004F03CBF99
:109B800010BD10B44468134694F86C2110BC04F066
:109B90004DBF30B5012185B0044608F067F90122B8
:109BA0000021204608F087F97F238DF80F3000222E
:109BB0000123CDE9003289210DF10F02D4F86801AB
:109BC00005F05FFDD4F86831186803680521DB698A
:109BD000984714F005F80546D4F868311868D96A32
:109BE00002681269904720B113F0FAFF401B322837
:109BF00006D9D4F86011204607F0BBF805B030BD97
:109C0000D4F86831186803685B6D9847E4E708B5D5
:109C10004068FFF7BEFF08BD30B51B4A1B491C4812
:109C200087B009F0F4F81B4B049310221623CDE9FA
:109C30000232122105230024CDE90031164A1749CA
:109C400013480594082306F02DF8054658B1144929
:109C5000144813F061FB13480A22294613F0D6FB7F
:109C6000204607B030BD012211460124084808F003
:109C700043FF009441F2210341F60F52214604486C
:109C800008F0EAFFECE700BF7C430208DC4302086F
:109C9000A02F00209A99D93F00007A428D6759443D
:109CA000354102082434002013B5054B0093694662
:109CB000044B0193044600F02BFC204602B010BD7B
:109CC00058410208A02F002070B5194E194B33607F
:109CD0004820FBF75CFE184C054605F0B1FE29460E
:109CE000204606F003F8154B2360154B1549196003
:109CF0000022C3E90146144C83F82420C3E903225F
:109D0000124B2360124B6260A36000220023C4E95F
:109D1000042313F065FF0F4B0F4AA06100210020C0
:109D2000C3E90201C3E90401C3E906011A6070BD79
:109D3000683100201C430208A02F00206441020863
:109D4000782F00207C420208582F0020E0420208B1
:109D5000EF934466382F0020F442020870477047A2
:109D60007047704700487047DF5402080020704772
:109D7000002070474FF07E507047C82070474FF466
:109D80007A60704770B50F481646F6F7E1FEF6F7B1
:109D90003BFB02460B4600200B4914F08FFB0B4B9C
:109DA0000022F6F7D1F9044630460D46F6F70AFBD5
:109DB00002460B4620462946F6F77EFBF6F72CFEB8
:109DC00070BD00BF9A99593F000024400000F03F49
:109DD000002370B50446C0E90C33C0E90E33A0F887
:109DE0005830406D03681B689847236820621B6BDE
:109DF000204698472368A0649B69204698470646FA
:109E0000A06CF6F757FF4FF07E5105463046F6F747
:109E1000A1FE01464FF07E50F7F758F8014628465C
:109E2000F6F7A0FFF7F7A0F92064606D03681B68E0
:109E300098476064206D03681B689847206D03682D
:109E4000DB6A984784F82C0070BD2DE9F041044688
:109E5000406D03681B689847656C2368451B9B69C8
:109E60000646204698474FF07E51F6F773FE0146AE
:109E70004FF07E50F7F72AF8236807461B6B204601
:109E8000984780462846F6F715FF3946F6F76AFFE9
:109E9000F7F76AF9054670B14046F6F70BFF394609
:109EA000F6F760FFF7F760F9236C66641D44A8427B
:109EB00094BF20642564BDE8F081F8B51E46137890
:109EC0000B7017469A090D4601D00020F8BD03F02B
:109ED00003020923D34013F0010319BFB7F801307F
:109EE000EB800B81CB801BBFB7F803302B810121A6
:109EF00005217C5CAC80A209032AE6D004F03F0473
:109F000002FB0444E2B2402ADFD801315418B442C3
:109F1000DBDC394405F10A0017F0AFFB321B92B2CB
:109F2000B82A6A80D1D8391905F14A0017F0A5FB83
:109F30000120CBE710B50446C06C03681B68984746
:109F400030B9B4F8583043F00103A4F8583010BDCC
:109F500000238380438080F80231F8E7C06C0368F7
:109F60005B681847406D036810B51B680C4698473E
:109F7000001B0028D4BF0020012010BD406D0368E5
:109F800010B51B680C469847204410BD03682DE9A6
:109F9000F0411B6805460E469847044630B9E86C08
:109FA000036831465B68BDE8F0411847012812D0CC
:109FB000EF6C3B6820F07F412846D3F80880FFF71C
:109FC000DDFF220E013A034631463846C446D2B27E
:109FD000BDE8F0416047BDE8F0812DE9F04104465D
:109FE000006D0368C2B05B68FF2202A99847061E95
:109FF00072DD2368206D5F6803689B6B9847054698
:10A00000206D03685B6B98472946024602AB2046E9
:10A010000096B847E06C03681B689847054600281F
:10A020005AD00146334602AA2046FFF746FF0028D1
:10A030004DD0206D03689B6B98474FF08141F6F738
:10A0400091FEF7F76BF885F80201276D3B683846FB
:10A05000D3F80C809B6B9847324601463846C04780
:10A060000746206D036831469B689847636903443F
:10A070006361236806462846D3F8088001F007F993
:10A080003B46024629462046C0472B789B0726D4EC
:10A09000A36B0133A36323683946DB69324620464C
:10A0A0009847312801461DDDE66CB0F5FA4F33685C
:10A0B000A8BF4FF4FA4120465F6AFFF75FFF2946C9
:10A0C00002463B46304642B0BDE8F0411847E06CDE
:10A0D000036829465B68984742B0BDE8F081E36BAE
:10A0E0000133E3632946204642B0BDE8F041FFF763
:10A0F0004DBFF0B5C56C04462B68406D1E69036802
:10A10000C1B01B68984701462846B04760B3204657
:10A11000FFF79BFE206D0368FF219B689847236C27
:10A12000B3EB500F4FEA500520D2236820469B69BD
:10A1300098470646206C281AF6F7BCFD4FF07E5172
:10A1400005463046F6F706FD01464FF07E50F6F71D
:10A15000BDFE01462846F6F7B9FEF7F705F80146B9
:10A160002046FFF70BFFA06141B0F0BDA16920467A
:10A17000FFF7F8FE0028F7D0206D03681B6B9847A7
:10A18000C0B1E36923B9606D03681B689847E0615B
:10A19000606D03681B689847E369C51A2368204609
:10A1A0005B6A9847854240D9B4F8583043F00203BF
:10A1B000A4F85830E56C606D0023E3612B68DE681D
:10A1C00003681B68984701462846B047606000282E
:10A1D000CAD003788DF80030092203F0030322FA75
:10A1E00003F3DB0741BFC388ADF801300389ADF845
:10A1F000033054BF0123052382880DF803205D1C22
:10A20000027900F10A010DEB050001F02BF86668F8
:10A21000728805445319FF2B0CDDE06C036831464E
:10A220005B689847002363609EE7236820461B6AAB
:10A23000984794E706F14A010DEB050017F01DFA67
:10A24000206D768803682E4431469B689847054602
:10A25000606D03681B689847E060206D03683246B4
:10A260001B6969469847064678B965682368284699
:10A270001F6901F00CF8294602462046B84761687C
:10A280002046FFF76BFE66606EE705EB4505690843
:10A290002046FFF773FEA06066E7F8B5416A044602
:10A2A000FFF760FE78B1256D2B685E6A2368204653
:10A2B0009B6A984701462846B0474FF4FA6120460A
:10A2C000FFF75CFE6062206D0368DB699847206DD4
:10A2D0000368DB6A984794F82C30834217D084F8DF
:10A2E0002C00B0B9606D03681B6898472062606DF0
:10A2F00003681B689847236AC01AB0F5FA5F82BFEB
:10A30000B4F8583043F00403A4F8583001E0002BAF
:10A31000EDD06368002B64D0206D03685B699847BB
:10A32000002800F09880606D03681B689847E56816
:10A330002369471B3B44236106462046FFF785FD02
:10A34000236C9F427CD900232364236820469B69A9
:10A3500098470646206CC0F16400F6F7ABFC4FF05E
:10A360007E5105463046F6F7F5FB01464FF07E502C
:10A37000F6F7ACFD01462846F6F7A8FDF6F7F4FE21
:10A3800001462046FFF7FAFDA061206D03689B6936
:10A39000984761688A884888930902F03F0203FB66
:10A3A0000222D2B223680232DB6802442046984778
:10A3B00061680B789B0755BF236B636B01330133D7
:10A3C00054BF236363632046FFF7C8FD0023636027
:10A3D00023682046DB6A984701462046FFF7CEFDFA
:10A3E000A06223682046DB6A9847002811DDA16A35
:10A3F0002046FFF7B7FD60B1206D03689B6A984760
:10A4000023682046DB6A984701462046FFF7B6FDE1
:10A41000A062E56C606D2B689E6A03681B689847B4
:10A4200001462846B047014610B12046FFF7AEFD71
:10A430002046FFF7D2FD2046BDE8F840FFF759BEA1
:10A440001D44AD1B632D25647FF67FAF606D0368EF
:10A450001B68984798E7A1682046FFF783FDA0B1E5
:10A46000206D03689B69984761688A8848889309CA
:10A4700002F03F0203FB0222D2B2236802320244FE
:10A480001B692046984761689DE7F8BD2DE9F047B4
:10A49000064608790C461746984600F0D3FEF56C40
:10A4A00088B16388B82B0ED82B6841463046D3F864
:10A4B0000890FFF763FD3A46034621462846CC46FE
:10A4C000BDE8F04760472B68214628465B68BDE839
:10A4D000F04718470368DB69184710B52022044687
:10A4E000002116F08AFF204610BD10B4044608462D
:10A4F000214610BC09F030BE10B50446FFF7EDFF51
:10A500004022002104F1200016F077FF204610BD04
:10A5100030B50D4689B00446FFF7DFFF2B6869466A
:10A520001B6828462022984720466A4604F12001ED
:10A530000DF0D0F8204609B030BD0000F0B5B1B044
:10A540000146044668460DF0E2F89DF80030013BF4
:10A55000DBB2FD2B30D81B4B20AA03F14007164677
:10A5600018685968154603C50833BB422A46F7D117
:10A57000154B08AA03F1200C1746186859681546B0
:10A5800003C5083363452A46F7D12246394610A849
:10A590000CF0D6FF3246694618A80CF0D1FF2022F5
:10A5A00018A910A816F0FFFE30B910AB13F8012B54
:10A5B0002AB901302028F9D1002031B0F0BD0120A6
:10A5C000FBE700BF2C4402086D44020838B50C4676
:10A5D0000546014620222046FFF77CFF20280AD1AD
:10A5E000402205F120012046FFF774FFA0F140034F
:10A5F0005842584138BD0020FCE738B50B680C467E
:10A600005B680146054620222046984720280BD14A
:10A61000236840225B6805F1200120469847A0F19D
:10A6200040035842584138BD0020FCE73F2A70B52E
:10A630001ED95F2A00F1200300F1600407D853F807
:10A64000042B41F8042BA342F9D1402070BD1A46D7
:10A650000D4652F8046B45F8046BA242F9D1403123
:10A6600050F8042B41F8042B9842F9D16020EDE713
:10A670000020EBE7602A30B40B4613D10A4603F101
:10A68000400400F1200152F8045B41F8045BA2424F
:10A69000F9D1603352F8041B40F8041B9A42F9D1F7
:10A6A00030BC7047402AFBD100F120010A4603F17B
:10A6B000400453F8045B42F8045BA342F9D130BC78
:10A6C0000DF025B813B50446084611461A4604F1A4
:10A6D0002003009323460DF029FE02B010BD0B4667
:10A6E000114600F1200218460CF02ABF00207047E6
:10A6F00070477047002070477047704770470020D0
:10A7000070470020704700207047002070470020ED
:10A71000704770B5046D2368054608469E6800F0D2
:10A72000B6FD01462046B047052204460021286EAA
:10A7300000F002FE34235C436423B4FBF3F4604373
:10A7400070BD08B504220121006E00F0F5FD7823EC
:10A75000584308BDFFF73CBBFFF79FBDF8B58B889A
:10A7600003F03F04013CE4B223F03F031C438C8020
:10A77000A40901340D46E4B201F10A060027AB88B2
:10A7800003F03F0313FB04F3BB4200DCF8BD30468B
:10A79000264422463146274416F06FFFEFE7F8B50E
:10A7A0000A788B88920706460C4601D50020F8BD32
:10A7B00003F03F079B090133DBB207FB0333402B58
:10A7C00007F10105F2DC03689B6B98470028EDD088
:10A7D000A28892090132D2B207FB024006F1680159
:10A7E0000A3016F04AFFA38823F03F031D43336865
:10A7F000A580DB6B214630469847A38803F03F03D2
:10A80000013340EA0360D2E72DE9F043202B93B0F7
:10A8100080460E4617461D4603D8FFF78BFB0446BD
:10A8200020B90024204613B0BDE8F083034610226F
:10A8300003F84A2B06F12009324652F8041B43F86C
:10A84000041B4A45F9D1D8F85C0003681B68984797
:10A850002A46C4F86A008046394604F1AE0016F074
:10A860000CFF05F1640363800DF1040C3346186896
:10A870005968624603C208334B459446F7D12A46CD
:10A8800039460AA8CDF8248016F0F7FE05F1240316
:10A8900001AA04F16E013046FFF714FFC2E72DE96B
:10A8A000F04FAFB099469DF8E0A0DDF8EC804FEA9C
:10A8B0009A130AF03F0403FB044408F10503234400
:10A8C000A62B06468B46174604D9002528462FB0EE
:10A8D000BDE8F08FFFF72EFB05460028F5D02023BA
:10A8E00003709BF8003080F84A3096F8683080F8A2
:10A8F0004B30494622460DF101008DF800A004F1CD
:10A90000020916F0BAFE04F1B9030DEB09006B441D
:10A91000B8F1000F12D09DF8E42003F8B82C3A9952
:10A92000424616F0AAFE08EB09036A4605F14C01FF
:10A93000384600F006FE02306880C7E7FF2203F8C1
:10A94000B82C336E1A680146166818460422B047C0
:10A95000A31DEAE77FB509788DF814100B990391D0
:10A960000A9902919DF8241001919DF82010009100
:10A9700005A9FFF794FF07B05DF804FB2DE9F84344
:10A980000229DDF8249007460D4690461E4603D85E
:10A9900009F11103B82B03D900242046BDE8F88340
:10A9A000FFF7C8FA04460028F6D0AD00057098F805
:10A9B000003080F84A3097F8683080F84B3000F16A
:10A9C0004C01089A4B46304600F0BBFD02306080D7
:10A9D000E3E770B50E461546FFF7ACFA044638B10A
:10A9E0000C2300F84A3B2A46314616F046FE6580A5
:10A9F000204670BDF8B50F4616461D46FFF79AFA79
:10AA0000044668B12D01282345F00305037080F842
:10AA10004A50324639464B30013616F02EFE6680DB
:10AA20002046F8BD2DE9F0470B78FF2B05460C4674
:10AA300090464AD003685B6C984704F14A09064681
:10AA400004F10A0AE6B9A27849462846FFF7C1FF91
:10AA50000746002839D0227904F10A010A3000F0B3
:10AA600010FC3B78B88023F0030343F002033B70F3
:10AA70003246434639462846BDE8F047FFF706BD53
:10AA80002B6821461B6C2846984700F59670A278E3
:10AA90008044334649462846FFF7ACFF074688B155
:10AAA000227951460A3000F0ECFB3B78B88023F065
:10AAB000030343F002033B70002243463946284615
:10AAC000FFF7E4FC013EF6B2BCE7BDE8F08770B5E5
:10AAD00091F84A6006F00F03032BC2B005460C46FE
:10AAE0002FD14B88042B2CD901A800F0A6FB23788A
:10AAF00022798DF8043004F10A010DF10E0000F006
:10AB0000C0FB6288ADF80800013A92B204F14B0133
:10AB10000DF14E00ADF8062016F0AFFD686E03682B
:10AB200001A91B68984760B901A92846FFF716FEDE
:10AB300036094FF4967206FB022201A92846FFF758
:10AB400071FF002042B070BDB82A70B50E461546A0
:10AB500003D8FFF7EFF9044610B90024204670BD72
:10AB60002C2300F84A3B2A46314616F086FD6580C4
:10AB7000F4E72DE9F0410D781746C5F38302092A61
:10AB800006460C4620D0013BDAB2022A1CD825F03A
:10AB9000030545F001050D70406E9B018B80036835
:10ABA0001B6898472378C3F38303082B0AD0042B30
:10ABB00014BF012203223B4621463046BDE8F04146
:10ABC000FFF764BC0222F6E7BDE8F0812DE9F04111
:10ABD0001F460B789DF818500646C3F383000928DA
:10ABE0000C4622D0013DE8B202281ED823F0030310
:10ABF0000B701388706ECB8053880B810368AD0196
:10AC00001B688D8098472278C2F38302082A0AD0F5
:10AC1000042A14BF012203223B4621463046BDE8E8
:10AC2000F041FFF733BC0222F6E7BDE8F0812DE9E1
:10AC3000F0410C46069F257825F0030545F00205F6
:10AC40002570C5F38305092D06461146984618D18F
:10AC500060884A301A46204416F00FFD638843444A
:10AC600063800023A3800525706E036821461B685E
:10AC700098473B462A4621463046BDE8F041FFF75B
:10AC800005BC1A4604F10A0000F0FBFA2578A08002
:10AC9000C5F38305A5F108035D425D41E4E70000CB
:10ACA0002DE9F04F0A7802F00303023B012BF1B0CB
:10ACB00005460C4665D8C2F38303092B8E8854D110
:10ACC0003F2E1AD891F852E04F88D1F84A20D1F897
:10ACD0004E300EF0030C093F06FA0CF6FFB21FFAD5
:10ACE00086F847450BD80A3405680397CDE900E498
:10ACF00001F1530602966C6DA047002032E05336F6
:10AD0000012200F1680102FA0CF2A01916F04BFBC7
:10AD10000028F2D12B6821469B6B284698470028D3
:10AD2000EBD0686E036821461B6898470028E4D181
:10AD300094F90201F5F7C2FF4FF07A51F6F712F8D5
:10AD40004FF08141F6F70EF8F6F7E8F9A3885A1CA0
:10AD50002344A28098722B6821461B6C2846984792
:10AD600040F0C06071B0BDE8F08F0B2B06F03F06DD
:10AD70003CD191F94A30002B32DB002E42D19307AF
:10AD800006D42B6821465B6B284698470028B4D12F
:10AD90002378C3F383020F2AAFD801A151F822F020
:10ADA000C7AE0008C7AE0008C7AE000891AE0008E5
:10ADB000C5B000084BB000084BB00008D1AF000888
:10ADC000C7AE0008FBAC000897B10008FBAC000858
:10ADD000FBAC0008FBAC0008FBAC000871B100083C
:10ADE000002E8AD103689B6E984786E7002EC6D056
:10ADF000032B07D14B88032B04D90368D1F84A20D1
:10AE00009B6F9847A28892090132D2B205F168017E
:10AE100004F10A0016F0C7FA00287FF46EAF2B6821
:10AE200021469B6B2846984700283FF466AF23785D
:10AE3000C3F383030A2B06D12146284671B0BDE82F
:10AE4000F04FFFF744BE686E0268032B126821467C
:10AE50000ED19047064600287FF44FAF2146284682
:10AE6000FFF77CFC324621462846FFF7DBFD44E72E
:10AE7000904700287FF441AF21462846FFF76EFC3B
:10AE80002B6821461B6C2846984740F0807069E784
:10AE90006388D4F84A60032B7FF62FAF686E03688F
:10AEA00021461B68984700287FF427AF2B6832465D
:10AEB0009B6F2146284698472146284671B0BDE839
:10AEC000F04FFFF76CBC94F84B308DF81830638866
:10AED00094F84A60042B7FF610AF686E0368214631
:10AEE0001B689847814600287FF407AF95F86830C3
:10AEF000B3425CD12B6806A99B6C2846984704F1A5
:10AF00004C0806460EAF0DF1BC0AB1454FDA2B686E
:10AF10004A46DB6C39462846984763884246023BDE
:10AF20005146384600F031FB031E4EDD2278296879
:10AF3000C2F38302082A3FD19AF800804FEA9812A0
:10AF400008F03F0602FB0666B21C9B1A56445244A8
:10AF5000DBB203920493737803F00F03CDE901830E
:10AF60000DF1BD060096D1F858A03B464A46214651
:10AF70002846D047C8B1237813F0020315D1CDE994
:10AF8000023301932379009306A904F10A033A4698
:10AF90002846FFF784FC014638B14FF4FA7300935A
:10AFA000324643462846FFF742FEFF2323702146E0
:10AFB0002846FFF7F4FBD5E6CDE901A300970E6D17
:10AFC0004B4621462846B047EFE709F101099CE7C7
:10AFD000638894F84A60232B7FF68FAE686E03680F
:10AFE00021461B68984700287FF487AE95F86830A3
:10AFF000B3427FF461AF04F14B0606AA04F16B077C
:10B0000030687168134603C30836BE421A46F7D14A
:10B0100006AA0EA905F16800FFF761FB63882FAF50
:10B02000213B324639460EA800F0AFFA00287FF7E0
:10B0300043AF2B68CDE900700EAA1E6E214606AB09
:10B040002846B047FF23237036E794F84A308DF83E
:10B0500018306388032B7FF650AE686E0368214674
:10B060001B689847064600287FF447AE2B680EAA57
:10B070001F6F06A904232846B84704F14B0A8046EF
:10B080000DF139090DF1BC0B464590DA638848464D
:10B09000013B5246594600F078FA002809F121098F
:10B0A0000EDD2B682278CDE900B006EB46165F6F07
:10B0B0000EAB3344C2F3830221462846B84776E7F5
:10B0C0000136E1E70EA8FFF708FA0EAE04F14A03D5
:10B0D00004F16A0718685968324603C20833BB4254
:10B0E0001646F7D16388D4F86A90632B7FF605AED5
:10B0F00020220EA905F1680016F055F900283FF44A
:10B10000FCAD686E036821461B68984700287FF4F1
:10B11000F4AD0EAF0FCF2FAE0FC6B4F8028097E894
:10B120000F00A8F16408B8F1200FA8BF4FF0200865
:10B1300004F1AE0A86E80F004246514638A8CDF821
:10B14000DC9016F09AFA08F124032FAA04F16E019C
:10B150000EA8FFF7CAF900283FF4CFAD2B68CDE960
:10B1600000A80EAADE6D21464B462846B0471EE7D2
:10B1700003F00303023B012B3FF6BFAD686E03688B
:10B1800021461B68984700287FF4B7AD2B682146FD
:10B19000DB6E284628E66288022A7FF6AEAD94F878
:10B1A0004A3003F00F03032B7FF4A7AD042A7FF688
:10B1B000A4AD2FA800F041F8237822798DF8BC3097
:10B1C00004F10A010DF1C60000F05BF86288ADF8E9
:10B1D000C000013A92B204F14B010DF58370ADF855
:10B1E000BE2016F04AFA686E03682FA91B689847BC
:10B1F00000287FF482AD2B68DDF806219B6F2FA914
:10B200002846984779E500BF2DE9F0410D7825F0F3
:10B21000030545F002050D700646406E03680025E3
:10B2200017460C468D801B6898473B462A462146A8
:10B230003046BDE8F041FFF729B900220270828054
:10B240004280704700F03F038009032800F10102AB
:10B2500006D013FB02F04028CCBF0020012070472D
:10B260000020704710B5930902F03F0403FB04442B
:10B27000402C04DC224616F000FA204610BD0024C3
:10B28000FBE710B51446FFF7EDFF204610BD83889D
:10B290009A0903F03F0302FB033342880078DBB2D4
:10B2A000023310F00300134405D0C21E5042504137
:10B2B0008000184470470420FBE730B50446A1B075
:10B2C00002A80D4609F024F823780122C3F3830372
:10B2D0000DF1070102A88DF8073009F001F99DF87A
:10B2E0000730092B04D10222211D02A809F0F8F829
:10B2F000628804F14A0102A809F0F2F808220DEB75
:10B300000200294609F01EF902A808F0E7FF21B063
:10B3100030BDA0F14103052B02D83738C0B27047C9
:10B32000A0F16103052B01D85738F7E73038C0B2D8
:10B330000A2828BF0020704737B503681446042246
:10B340000D461B680DEB020198470198621BB0FB8C
:10B35000F2F302FB1300284403B030BDF0B50B4DEF
:10B3600003468E18B14203F1020303D1002300F813
:10B370001230F0BD11F8014B270904F00F04EF5D06
:10B380002C5D03F8027C03F8014CEBE7144502083E
:10B390002DE9F041DFF8308005460C468F18BC429D
:10B3A00001D1BDE8F08114F8016B330906F00F06F6
:10B3B00018F80310284611F0B3FF18F806102846B5
:10B3C00011F0AEFFEBE700BF14450208F8B50646E2
:10B3D00010460D461446F5F70BFFB0EB450F17D19D
:10B3E000224631468B1BAB4202F1020201DB0120F7
:10B3F000F8BD12F8020C12F8017CFFF78AFF044630
:10B400003846FFF786FF40EA041001F8010BE9E730
:10B410000020EDE7F0B504460020074625780DB181
:10B42000904208DB214614F8012B1AB19A42F9D157
:10B4300000230B70F0BD41F8204025462E782C46A5
:10B4400001351EB19E42F9D127702C460130E5E747
:10B45000F0B59FB01F461646044668460D4608F0F4
:10B4600057FF3A463146684609F03AF8DDE92412BA
:10B47000684609F035F82A462146684609F062F820
:10B48000684608F02BFF1FB0F0BD2DE9F041B0B0C9
:10B49000064601A815460C461F4608F003F931463A
:10B4A000102201A808F0AEF82E46A6EB0508B84514
:10B4B00006DB01A808F08CF8404630B0BDE8F0810A
:10B4C0003246214601A808F0DDFA10341036ECE7C8
:10B4D0002DE9F043B5B0064605A81C460F461546B3
:10B4E00008F0E0F83146102205A808F08BF807EBC9
:10B4F00004092E190F2CA9EB0405A6EB040819DC8E
:10B50000002C0FDD1022002101A815F076FF224645
:10B51000414601A816F0B1F8294601AA05A808F08D
:10B520009DF9103505A808F053F8ED1B284635B0F5
:10B53000BDE8F0834246294605A808F08FF9103C83
:10B54000D8E7F0B58F1CA1B00E4639460546FFF787
:10B55000BFFF044602A808F0DBFE294602A820220D
:10B5600009F03DF82246394602A808F0B9FF022347
:10B57000009320223346294602A809F048F802A881
:10B5800008F0ACFEA01C21B0F0BD2DE9F043022B69
:10B59000A3B005460F4616461C4603DC002023B028
:10B5A000BDE8F08304A808F0B3FE06F102082022EB
:10B5B000294604A8023C09F012F84FF0020922467D
:10B5C000414604A808F08CFF2022294603AB04A8BA
:10B5D000CDF8009009F01BF804A808F07FFE4A4659
:10B5E000314603A815F0DFFE0028D7D12346424696
:10B5F00039462846FFF749FFD1E703780B704278B8
:10B6000062B343F010030B708368C1F80130C36864
:10B61000C1F805300923028A32B10A7842F02002CB
:10B620000A70028ACA520233428A32B10A7842F060
:10B6300040020A70428ACA520233426862B11278EA
:10B6400052B10A7862F07F020A704268013A12F839
:10B65000010F08B1202B03D1D8B270470123DAE7DC
:10B66000C8540133F3E738B50023837004460878E3
:10B67000E362C4E909336370C30641BFD1F8013006
:10B680006362D1F80530A3624CBF0923012385060C
:10B6900042BFCD5AA5850233450642BFCD5AE58546
:10B6A00002339A4220700DDB000609D5D51A07D067
:10B6B0002A461944A01C15F0E0FF6219002393707C
:10B6C00001236370204638BD014809F085BE00BFE4
:10B6D000703100202DE9F04307460024ADF5037DCD
:10B6E00008463960C7F8844C3E49904609F091FFFE
:10B6F00000284DD03AA83B4A3968234609F07FFF1D
:10B700003AA80AF0E4F8002842D04FF0A00912A8A5
:10B71000FEF7E3FEA022002112A815F06EFE202203
:10B7200002A93AA80AF051F8202804462DD1012296
:10B730001AA93AA80AF049F80128054625D1042299
:10B7400035A93AA80AF041F804281ED1022201A91D
:10B750003AA80AF03AF8022817D12A460DF16901F1
:10B760003AA80AF032F801280FD140220DF16A01FF
:10B770003AA80AF02AF8402807D122460DF1AA017A
:10B780003AA80AF022F8202806D03AA80AF057F87A
:10B790000DF5037DBDE8F08302AD0FCD0AAC0FC4FB
:10B7A00095E80F0084E80F000AAE0FCE12AD0FC56A
:10B7B00094E80F0085E80F00404602AA0DF1AA01A7
:10B7C000FEF78DFFD7F8840C1328DEDC431C09FB41
:10B7D0000070C7F8843CA02212A9043015F04DFF78
:10B7E00095E700BF254502082DE9F843D0F8849C71
:10B7F0000E461746041D0025A94504DC4FF000083D
:10B800004046BDE8F88321463A46304615F0CBFD68
:10B81000A046A0340028F3D00135EDE72DE9F74F1D
:10B82000D0F8848C05460C46914600F6E436071D98
:10B830004FF0000A4FF0FF3BD04525DCB8F1140F64
:10B8400007D008F10103C5F8843CA02303FB085589
:10B850002E1DA0220021304615F0CFFD234686F88C
:10B860002090344603F1200518685968224603C227
:10B870000833AB421446F7D1FF2386F82130334614
:10B88000184603B0BDE8F08F2022394620460197C4
:10B8900015F089FD3B460028F2D097F8203003F0E0
:10B8A0000303032B05D0D7F888305B453CBF3E46E9
:10B8B0009B460AF1010AA037BEE700002DE9F041DE
:10B8C00088B015469DF8388018F0030F04460F46DF
:10B8D0001A461FD12946FFF787FFE8B1D4F8845CE8
:10B8E0001C4A6B1EC4F8843C231DC31A58115043D4
:10B8F0002A1AA0214A43A03A03F1A4010433854245
:10B90000D8BF00222144E01815F05DFD012008B0E9
:10B91000BDE8F0811F2B01DC0020F8E76A462B46CA
:10B9200005F1200E944618685968164603C6083378
:10B9300073453246F7D1614600222046FFF76EFF7D
:10B940002A4680F8208000F162013846FEF7C7FEE3
:10B95000DCE700BFCDCCCCCC2DE9F0430C46CBB01E
:10B960000160064631492046174609F05EFE02A8EE
:10B970002E4A0123214609F042FE02A809F0A7FF42
:10B98000E0B10025ADF8045006F16604D6F8843C19
:10B99000AB4210DD14F8423C13B90135A034F5E791
:10B9A000A4F162086FB94146202202A809F051FEB5
:10B9B000202880460AD002A809F041FF4BB0BDE81C
:10B9C000F0834046B8470028EDD1E6E70122A4F114
:10B9D000420102A809F03DFE01288146EBD1042274
:10B9E00004F12A0102A809F034FE0428E3D102225E
:10B9F00001A902A809F02DFE0228DCD14A46A4F1D3
:10BA0000410102A809F025FE0128D4D14022A4F169
:10BA1000400102A809F01DFE4028CCD14246214633
:10BA200002A809F016FE2028B7D0C4E72545020871
:10BA300010B5421E0A24002012F8013F303BD9B253
:10BA4000092900D910BD04FB0030F5E710B5044604
:10BA5000F5F7CEFB00212318A34203D913F8012CDC
:10BA6000202A00D010BD03F8011DF5E770B5CAB05B
:10BA70000446002302A809F0C2FD02A809F027FF2E
:10BA8000002800F000826168042202A809F09DFEEF
:10BA900061682022043102A809F097FE0422694659
:10BAA00002A809F092FE6168082228310DEB02001D
:10BAB00009F08BFE6168082230310DEB020009F0BD
:10BAC00084FE61681022383102A809F07EFE6168A8
:10BAD0000422483102A809F078FE616801224C3145
:10BAE00002A809F072FE616801224D3102A809F036
:10BAF0006CFE616801224E3102A809F066FE012247
:10BB0000694602A809F061FE61680422503102A86A
:10BB100009F05BFE61680422543102A809F055FE69
:10BB200061681022583102A809F04FFE61680422B2
:10BB3000683102A809F049FE0422694602A809F00A
:10BB400044FE61680122703102A809F03EFE61687E
:10BB50000122713102A809F038FE616801227231B8
:10BB600002A809F032FE61680122733102A809F0CF
:10BB70002CFE61680422743102A809F026FE616877
:10BB800001227C3102A809F020FE6168012201F245
:10BB9000251102A809F019FE6168012201F59371CF
:10BBA00002A809F012FE0122694602A809F00DFE62
:10BBB00061680122783102A809F007FE616801225C
:10BBC0004F3102A809F001FE616801227B3102A811
:10BBD00009F0FBFD616801227D3102A809F0F5FD45
:10BBE000616802227E3102A809F0EFFD616801223E
:10BBF000803102A809F0E9FD61680422843102A8BD
:10BC000009F0E3FD61680122883102A809F0DDFD39
:10BC100061681022893102A809F0D7FD616801220C
:10BC2000993102A809F0D1FD0322694602A809F062
:10BC3000CCFD616801229A3102A809F0C6FD616855
:10BC400004229C3102A809F0C0FD61680122A031E4
:10BC500002A809F0BAFD61680422A43102A809F023
:10BC6000B4FD61680422A83102A809F0AEFD616844
:10BC70007822AC3102A809F0A8FD6168012201F523
:10BC8000927102A809F0A1FD61680122793102A830
:10BC900009F09BFD616801227A3102A809F095FD47
:10BCA00065682E6D00213046F5F7FAF9002840F05E
:10BCB000EC807D493046F5F711FA00B17A4E2E65D9
:10BCC0006E6D00213046F5F7EBF9002840F0DF807B
:10BCD0004FF080413046F5F701FA08B14FF0804649
:10BCE0006E65AE6E00213046F5F7DAF9002840F0B7
:10BCF000D0804FF080413046F5F7F0F908B14FF0B1
:10BD00008046AE662E6800213046F5F7C9F9002856
:10BD100040F0C18065493046F5F7E0F900B1634E67
:10BD20002E60AE6C62493046F5F7BAF9002840F053
:10BD3000B48060493046F5F7D1F900B15D4EAE648C
:10BD40006E6F5D493046F5F7ABF9002840F0A780EB
:10BD50005A493046F5F7C2F900B1584E95F870309F
:10BD60006E670C2B28BF0C23052B38BF052385F8E5
:10BD70007030626892F87130082B28BF0823052BB9
:10BD800038BF052382F87130626892F94C301E2B5F
:10BD9000A8BF1E236FF008018B42B8BF0B4682F884
:10BDA0004C30626892F87330012B28BF012382F86F
:10BDB00073306668D6F8A85000212846F5F770F968
:10BDC00000286ED13E492846F5F788F900B13C4D70
:10BDD00096F82531C6F8A850022B28BF022386F812
:10BDE0002531626892F87D30012B28BF012382F84B
:10BDF0007D306368B3F87E2042F210718A4228BF1A
:10BE00000A46A3F87E2093F88020012A28BF012249
:10BE100083F880206268D2F88430B3F5E13F28BF10
:10BE20004FF4E133B3F5165F38BF4FF41653C2F841
:10BE3000843092F888300E2B28BF0E2382F8883089
:10BE4000626892F89930012B28BF012382F899305B
:10BE5000626892F89A30012B28BF012382F89A3049
:10BE6000626892F8A030022B28BF022382F8A0302B
:10BE7000626892F82431012B28BF012382F8243113
:10BE800002A809F0DCFC4AB070BD002617E70026C6
:10BE900026E7002635E7002642E7054E4FE7064E27
:10BEA0005CE7002594E700BF0000A04100001041BE
:10BEB0000000164300401C459A99F9400000FA43DF
:10BEC00000002041426892F84E305B003B2BDCBF03
:10BED000002382F84E30806803681B681847000012
:10BEE0002DE9F0431446426892F8A03087B0151D42
:10BEF00063B98DF804108DF805300295214601A82C
:10BF00000593FFF77AFB07B0BDE8F083012B1FD143
:10BF10000269D2E90289D2E904678DF804108DF82C
:10BF2000053040460EA3D3E9002349460295F4F7B5
:10BF3000C3FAF4F771FD0AA3D3E90023039039464D
:10BF40003046F4F7B9FAF4F767FD00230490D5E71B
:10BF5000D2E90A89D2E90C6701238DF80410DEE7E3
:10BF60000000000080842E412DE9F047171DA8B085
:10BF7000044689461646A4490A2238461D4615F04D
:10BF800012FA00284AD106F10E0013F0E2FFF4F78E
:10BF90008BFD4FF07E510646F5F782F820B99B499C
:10BFA0003046F5F79BF830B19949284628B0BDE8EE
:10BFB000F04715F05ABB314694486768F4F786FF9E
:10BFC0004FF07E51F4F7C4FD38602046FFF77AFF4A
:10BFD00063684FF07E511868F4F7BCFD01468B484A
:10BFE000F4F774FF0646F5F799F80446F4F766FE91
:10BFF00001463046F4F7ACFD8649F4F7B3FE4FF046
:10C000007C51F4F7A7FDF5F789F8834903462246EA
:10C01000284628B0BDE8F04715F004B97F4903224F
:10C02000384615F0C0F950B9F01D13F092FFF4F73F
:10C030003BFD666830602046FFF744FFD3E2784955
:10C040000B22384615F0AFF938B906F10F0013F09E
:10C0500083FF636883F87B00EDE77249132238465B
:10C0600015F0A1F9C0B906F1170013F075FF00280B
:10C070006368B8BF0330801083F87C002046FFF768
:10C0800021FF6368684993F87C209200284628B015
:10C09000BDE8F04715F0C6B864490B22384615F0E4
:10C0A00082F938B906F10F0013F056FF636883F880
:10C0B0007300C0E75E491022384615F074F960B984
:10C0C0005C49022206F1140015F06DF96368B0FABC
:10C0D00080F0400983F87200ADE7574916223846D0
:10C0E00015F061F990B906F11A00FFF7A1FC431EA3
:10C0F000012B01D9A82801DD504956E7636883F870
:10C100004F00A0680368DB69984794E74C49102208
:10C11000384615F048F9A8B906F11400FFF788FC75
:10C12000431E3A2B01D9F02802DD46493C22ADE7F7
:10C13000636800EBD070401083F84E00A06803687D
:10C140009B69E1E740490F22384615F02CF938B9D0
:10C150006068102206F11301583002F005FA6AE710
:10C160003A490822384615F01EF938BB06F10C0290
:10C1700040216846FFF72AF9F0B16846FEF7DEF97C
:10C18000D0B110A8FEF7B8F940220DEB02006946C5
:10C19000FEF770FAA068036810A99B6C98472C49B9
:10C1A000284615F062FA202210A905F12100FFF7B8
:10C1B000D5F828B0BDE8F0872649F6E626490522DD
:10C1C000384615F0F0F800284CD1244906F1080251
:10C1D00012F8013F2BB96068202206F109010430F2
:10C1E000BBE73A2B09D8292BF2D92A3BDBB221FA3B
:10C1F00003F3DB07ECD51A49D7E63F2BFBD05B3BBB
:10C20000022BE5D8F7E700BF5E4502080000C842F0
:10C21000694502080000204188450208954502084A
:10C2200099450208A5450208B9450208D545020806
:10C23000E1450208C94E0208F24502080946020813
:10C24000F84502082E4602085646020866460208CD
:10C250006F46020891460208A04602080500010048
:10C26000684802089E490722384615F09CF8C0B974
:10C270009C49032206F10B0015F095F86368B0FAAB
:10C2800080F0400983F84D002046FFF71BFE6368ED
:10C29000954A93F84D10954B00290CBF114619464D
:10C2A00083E693490622384615F07DF8804600283B
:10C2B00057D104F11C0306F10A0118461E4615F079
:10C2C000D4F92C23042210A93046FFF7A3F8071E47
:10C2D00045DD1098414614F0CFFD012F82463ED037
:10C2E0001198414614F0C8FD022F814637D01298AC
:10C2F00013F032FE032F064604D0139813F02CFEE1
:10C300005FFA80F87B495046F4F7DEFE38B37A498D
:10C310005046F4F7CFFE10B3F6B2731F072B1ED8AA
:10C32000A8F10503032B1AD874494846F4F7CCFE4C
:10C33000A8B173494846F4F7BDFE80B1636883F83D
:10C340007060636883F871806368A068C3F848A070
:10C35000C3F8749003681B6898476A4925E66A49E0
:10C3600023E66A490422384615F01DF838B906F16B
:10C370000800676813F0EDFDC7E90A015BE6644950
:10C380000422384615F00FF838B906F1080067683E
:10C3900013F0DFFDC7E90C014DE65E49082238467F
:10C3A00015F001F8A0B906F10C0013F0D2FDF4F776
:10C3B0007BFB00210646F4F787FE38B1564930462C
:10C3C000F4F778FE10B163681E6534E65349ECE576
:10C3D00053490822384614F0E6FFA8B906F10C00CC
:10C3E00013F0B7FDF4F760FB00210646F4F76CFE8E
:10C3F00040B14FF080413046F4F75CFE10B1636805
:10C400005E6518E64749D0E547491322384614F0DF
:10C41000CAFF60B906F1170013F09EFDC0B24028B4
:10C4200003D8636883F8790005E64049BDE54049D3
:10C430001122384614F0B7FF50B906F1150013F079
:10C440008BFDC0B24028F0D8636883F87A00F2E52B
:10C4500038490A22384614F0A6FF50B906F10E00FA
:10C4600013F07AFDC0B24028DFD8636883F8780003
:10C47000E1E531490F22384614F095FFA8B906F1DD
:10C48000130013F066FDF4F70FFB00210646F4F7E6
:10C490001BFE0028B6D04FF080413046F4F70AFE6C
:10C4A0000028AFD063689E66C5E524490B22384654
:10C4B00014F079FF002843D163680E36AC3316F8C8
:10C4C000011F21B16268AC329A1A762A02D9002281
:10C4D0001A70B0E57C2908BF0A2103F8011BEEE7BA
:10C4E000A64602088A490208484502083145020862
:10C4F000814D02080000164300401C450000E0404A
:10C500000000FA43AE460208C3460208DF460208AE
:10C51000E4460208E94602080000A041F24602088B
:10C520005F47020806470208194702082D4702081C
:10C530003B4702084D47020858470208684702086F
:10C5400055490F22384614F02EFF60B906F113004A
:10C5500013F002FDC0B2022803D8636883F82501F6
:10C5600069E54E4921E54E490C22384614F01BFF7F
:10C5700018BB10364B490322304614F014FFA0B10B
:10C5800049490722304614F00EFF68B14749082296
:10C59000304614F008FF60B145490622304614F0D9
:10C5A00002FF40B1434900E50120636883F826019A
:10C5B00041E50220F9E70320F7E73F490322384627
:10C5C00014F0F1FE88B9F01D13F0C6FC636883F81F
:10C5D0004C002046FFF776FCD4E90120036892F96D
:10C5E0004C10DB6A98473549DFE4B9F1000F11D1EF
:10C5F00033490522384614F0D6FE58B906F1090031
:10C6000013F0A7FCF4F750FA6668B0642046FFF711
:10C6100059FCA2E62B490F22384614F0C4FE68BB31
:10C6200006F1130013F095FCF4F73EFA6368014637
:10C63000C3F8A800E06803689B689847C0B120462B
:10C64000FFF740FC6368D3F8A84000212046F4F7C8
:10C650001DFD08B11C49A8E42046F3F7D5FE0B46A2
:10C660001A490246284628B0BDE8F04714F0DABD62
:10C67000636817490022C3F8A82096E415492846A4
:10C6800014F0F3FF8F22394605F1100028B0BDE801
:10C69000F04701F069BF00BF7447020884470208F1
:10C6A0009D4702088A490208904902089A490208EF
:10C6B000A5490208AA470208DC470208EF3E020823
:10C6C000E0470208E6470208F64702081A4802084F
:10C6D00036480208574802082DE9F04102F10408E3
:10C6E00096B005460F461646A349092240461C4609
:10C6F00014F059FE28BB6B684FF07E511868F4F7B0
:10C7000029FA01469D48F4F7E1FB0646F4F706FDD9
:10C710000546F4F7D3FA01463046F4F719FA98497A
:10C72000F4F720FB4FF07C51F4F714FAF4F7F6FC21
:10C73000944903462A46204616B0BDE8F04114F05D
:10C7400071BD91490222404614F02DFE28B96B6854
:10C75000186801F023FF024650E08C490A22404647
:10C7600014F021FE48B96B6893F87B208849204675
:10C7700016B0BDE8F04114F055BD8649122240467E
:10C7800014F011FE20B96B6893F87C209200EDE75D
:10C7900081490A22404614F006FE18B96B6893F8E6
:10C7A0007320E3E77D490F22404614F0FCFD40B9B9
:10C7B0006B687B4A93F872107A4B002918BF1A46AF
:10C7C0001CE079491522404614F0EDFD18B96B685C
:10C7D00093F84F20CAE775490F22404614F0E3FD55
:10C7E00020B96B6893F84E205200BFE770490E22C3
:10C7F000404614F0D8FD18B96A6858326D49B6E75A
:10C80000DFB96D490722404614F0CDFDA8B9A868EC
:10C8100003685B6C9847402206A9FDF707FF1C35AB
:10C82000024606A92846FEF799FD62492A46204697
:10C8300014F0F8FC16B0BDE8F081604904224046CF
:10C8400014F0B1FD10B96A680432D7E75C490622DA
:10C85000404614F0A8FD28B96B68524A93F84D1071
:10C860004F4BAAE757490322404614F09CFD28B9D4
:10C870006B68D3E90A01F4F717F96AE75249032212
:10C88000404614F090FD18B96B68D3E90C01F2E74B
:10C890004E490522404614F086FDE8B96B68986C55
:10C8A00001F07CFE014602A814F0DFFE6B68586FB1
:10C8B00001F0EAFE014606A814F0D7FE6B68444971
:10C8C00093F87120019293F87030009302AA06AB9E
:10C8D000204614F0A7FCADE73E490722404614F07D
:10C8E00062FD10B96B68186D33E73B49072240467B
:10C8F00014F059FD10B96B68586D2AE737491022BA
:10C90000404614F050FD18B96B6893F87A202DE773
:10C9100033491222404614F046FD18B96B6893F86B
:10C92000792023E72F490922404614F03CFD18B92D
:10C930006B6893F8782019E72B490E22404614F0D3
:10C9400032FD10B96B68986E03E728490A22404609
:10C9500014F029FD002854D123463E2203F8022B6F
:10C96000202262706968AB3111F8012F002A3FD193
:10C9700000221A705EE700BF794802080000C84232
:10C9800000002041834802088D48020895480208AB
:10C99000A0480208A5480208B8480208C34802088F
:10C9A0008A490208C94E0208D3480208D948020839
:10C9B000E948020890480208F8480208C04A0208FC
:10C9C00000490208074902080B490208174F0208EC
:10C9D0000F4902081D4902085A4902082549020860
:10C9E00036490208494902085349020862490208C7
:10C9F000181B9E28BCDC0A2A08BF7C2203F8012BE6
:10CA0000B2E755490E22404614F0CDFC18B96B68C8
:10CA100093F82521AAE651490B22404614F0C3FCA5
:10CA200098B96B6893F8263133B94D49204616B052
:10CA3000BDE8F04114F019BE012B01D14949F5E7D9
:10CA4000022B0CBF48494949F0E7494902224046B8
:10CA500014F0A9FC38B9B37913F0DF0F03D16B6878
:10CA600093F94C2082E643490422404614F09BFC93
:10CA700010B96B68986C6CE63F490A22404614F086
:10CA800092FC78B93D49204614F0EFFDA868036890
:10CA90005B6C984720220146A01C16B0BDE8F0410F
:10CAA000FEF75CBC36490422404614F07CFC20B9F9
:10CAB000A8680368DB6898474DE632490B22404678
:10CAC00014F071FC08B9304A98E630490E2240460D
:10CAD00014F069FC08B92E49A8E72E490E224046F9
:10CAE00014F061FCB0B9E8680368DB68984700217E
:10CAF0000546F4F7CBFA08B1274997E72846F3F73C
:10CB000083FC0B4625490246204616B0BDE8F0419D
:10CB100014F088BB22490E22404614F044FC08B9A8
:10CB2000204983E720490D22404614F03CFC08B917
:10CB30001E497BE71E491122404614F034FC0028B0
:10CB4000F6D01C490D22404614F02DFC0028EFD0F1
:10CB5000194942460BE600BF6D4902087C490208AC
:10CB6000884902088E49020898490208A349020828
:10CB7000AC490208AF490208B4490208E54002087E
:10CB8000BF490208C4490208D0490208D549020831
:10CB9000E4490208F749020836480208064A020832
:10CBA0000D4A02081C4A02082A4A0208384A0208AA
:10CBB0005E4A0208704A02087E4A02082DE9F04FD8
:10CBC0000023137089B005460F4614460B461E46D7
:10CBD00001333278202AFAD096490A22304614F0DE
:10CBE00032FC002878D1B37A13F0DF0F74D106F14C
:10CBF0000A031E4601333278202AFAD03046FEF767
:10CC000025FF337833B98C49204609B0BDE8F04F91
:10CC100014F02BBD6B694FF0000903F28C48337898
:10CC2000202BB34606F10106F9D0002B4CD05B4611
:10CC30001A781E46013322B1202AF9D186F80090D5
:10CC40001E46D5F814A05B461A4613F8017B6FB157
:10CC50007C2F01D02C2FF7D182F800901F4613F8BB
:10CC6000012B202AFAD03846FEF7F0FE59461BF871
:10CC7000013B202BFAD00BB97049C5E71FB13B78B7
:10CC80000BB96F49C0E7B8F8002003910023504664
:10CC900001F07CF80399804640B96A4A0B46A0210E
:10CCA000204609B0BDE8F04F14F088BA80F804902F
:10CCB000002FB4D03946504601F0B6F8804600281F
:10CCC000ADD1614A3B46EAE76869A022214609B036
:10CCD000BDE8F04F01F094B938462023042204A99E
:10CCE000FEF798FB0128074607D16869A022214674
:10CCF00001F086F909B0BDE8F08F40F36481059E2C
:10CD000052493046F4F76AFA20B9A86803685B6DA7
:10CD10009847EFE74E493046F4F760FA98B9D5E9FD
:10CD2000000603681B689847C6F8A4002846FFF76A
:10CD3000C9F8A86803689B6D9847464A4649002889
:10CD400008BF114660E7022F64D044493046F4F72B
:10CD500045FA60B90699686901F066F828B1037967
:10CD600023F0010303713C494EE73D494CE73D493F
:10CD70003046F4F733FA48B90699686901F054F877
:10CD80000028F2D0037943F00103EBE7364930463F
:10CD9000F4F724FA38BB0699686901F045F80646AD
:10CDA0000028E2D04188686901F07CF83379721D6F
:10CDB00070B1018861B12D4913F0010F2C4B18BFE0
:10CDC0000B4600932B49431D204614F02BFA91E7A4
:10CDD000274913F0010F2046244B08BF0B46264974
:10CDE00014F020FA86E725493046F4F7F7F90028D1
:10CDF0004CD10699686901F017F806460028B4D0AE
:10CE00000146686901F069F81D49721D204614F059
:10CE100009FA6FE719493046F4F7E0F9002872D1B2
:10CE2000686901F057F810B1421D1649EEE7164A3D
:10CE3000FBE700BF994A0208A44A0208B44A020864
:10CE4000C54A0208D64A0208EB4A0208024B020809
:10CE5000074B0208854A0208EF3E02080C4B020805
:10CE6000134B0208284B02082E4B0208DF5402081D
:10CE7000E0DF0208324B02083E4B0208454B020835
:10CE80004A4B02085A4B0208974A02084F4930465B
:10CE9000F4F7A4F9002845D1069F4D493846F4F728
:10CEA0009DF9064668696EB9314601F020F8A86818
:10CEB00003683146DB6D9847A86803689B6D984707
:10CEC0004449A1E6394600F0AFFF064638B90346AB
:10CED00002460699686900F059FF064688B10023AA
:10CEE00033716869314601F002F8A8680368314679
:10CEF000DB6D9847A86803689B6D98473649721D9B
:10CF000084E7364980E631493046F4F767F900286E
:10CF100059D1686900F0E5FF10B1421D304975E74D
:10CF20002B4AFBE72F493046F4F758F9B8B9032FDD
:10CF3000686905D0079900F077FF18B92A4963E6B8
:10CF400000F28C40028806996869002300F01EFFF9
:10CF500008B9264958E600232549037154E62549B6
:10CF60003046F4F73BF978B90699686900F0DEFEBF
:10CF7000014638B1686900F0BEFF00287FF4F3AEC7
:10CF80001D4941E61D493FE61D493046F4F726F9A3
:10CF9000C8B9069E1B493046F4F720F938B11A4942
:10CFA0003046F4F71BF908B118492DE6012000902E
:10CFB00068690123A022214601F03CF800287FF493
:10CFC00099AE134920E613491EE600BF664B0208DE
:10CFD000844B02086E4B02088B4B0208A44B0208DC
:10CFE000BC4B0208F64B0208D14B0208E64B020884
:10CFF000FA4B02080F4C0208164C0208264C020895
:10D00000464E0208364C02083E4C0208454C0208C7
:10D010007B3D0208654C02082DE9F04F14468DB0A7
:10D020000546884608227A4920461E4614F0BBF978
:10D0300028B178490822204614F0B5F930B9E868DB
:10D0400003681B6A0DB0BDE8F04F1847724906220D
:10D05000204614F0A8F918B9E8680368DB69F1E71D
:10D060006E490922204614F09EF928B928686C49B7
:10D0700003685B689847EFE76A490E22204614F080
:10D0800092F980B9A27B12F0DF020CD1A868036884
:10D0900040F2DC515B699847634930460DB0BDE80A
:10D0A000F04F14F0E2BA61490622204614F07BF9F1
:10D0B00040B9A868036840F2DC515B6901229847D7
:10D0C0005B49EAE75B490A22204614F06CF930BB61
:10D0D000286803681B68984780451ED9286803683C
:10D0E0005B6808F101019847286803681B68984746
:10D0F000014604A808F026F99DF810309DF8132089
:10D100004D4903F5FA6302939DF8113001939DF8A0
:10D11000123000939DF814302FE04849BDE748498C
:10D120000922204614F03FF948B9E86869680368A5
:10D1300032461B6C0431984710BB4249ADE7424967
:10D140000522204614F02FF9E8B9286803681B6807
:10D150009847014604A808F0F5F89DF810309DF8AE
:10D1600013203A4903F5FA6302939DF811300193B5
:10D170009DF8123000939DF81430304614F052F8A8
:10D180000DB0BDE8F08F32490522204614F00BF9AE
:10D1900080B9601DFEF74CFC0446286803681B68D4
:10D1A0009847844204D92868036821465B689AE757
:10D1B000284972E728490922204614F0F4F838B9C2
:10D1C000A86803681B6B31460DB0BDE8F04F1847E7
:10D1D00022491022204614F0E6F8002844D11034E9
:10D1E0002046F4F705F8402828BF40204710224683
:10D1F000394604A8FEF7EAF838B1A868036804A91C
:10D200005B6B3A469847164947E7164945E700BF22
:10D21000774C0208804C02088C4C0208894C0208AA
:10D22000EF934466934C0208A24C02082F4902086F
:10D23000BB4C0208CC4C0208D74C0208004D020837
:10D240001F4D0208294D02082F4D0208E74C020825
:10D25000354D02083B4D0208343F02085C4D020880
:10D26000EF3E02086D4D0208A2490A22204614F042
:10D270009AF8074600286BD105F11C0304F10A0156
:10D2800018461C4614F0F1F92C23052204A9204667
:10D29000FEF7C0F8B0F1000858DD0498394613F0E5
:10D2A000EBFDB8F1010F834646D00598002113F03D
:10D2B000E3FDB8F1020F814643D0069812F04CFE10
:10D2C000B8F1030F5FFA80FA3ED0079812F044FEDF
:10D2D000B8F1040FC4B203D0089812F03DFE07461F
:10D2E00085495846F3F7F0FE80B384495846F3F772
:10D2F000E1FE58B3AAF10503072B27D8631F032BC0
:10D3000024D87F494846F3F7DFFEF8B17D49484607
:10D31000F3F7D0FED0B1002F18DDA8680368CDE97F
:10D3200000474A461C6D59465346A04776493A463F
:10D33000304613F077FF23E70024A2464FF00009A0
:10D34000CEE70024A246CBE70024C9E76F49A4E654
:10D350006F490922204614F026F8B8B968681022EF
:10D3600004F10901383001F0FFF82846FEF7AAFD64
:10D370006849304614F079F969689122383106F12C
:10D380000E000DB0BDE8F04F01F0EEB862490B227F
:10D39000204614F008F828B9A8680368DB6C9847A1
:10D3A0005E497AE65E490422204613F0FCFF40B94C
:10D3B00033462246414628460DB0BDE8F04FFFF700
:10D3C0008BB958490422204613F0EDFF40B933468B
:10D3D0002246414628460DB0BDE8F04FFEF7C4BDD9
:10D3E000B8F1000F14D150492046F3F7F7FE78B991
:10D3F000A86803681B6998474C4A4D4B4D49002863
:10D4000018BF1A4630460DB0BDE8F04F13F00ABF02
:10D4100049490322204613F0C6FF88B9A86803686B
:10D420005B6898470446A86803689B689847434927
:10D430000346224630460DB0BDE8F04F13F0F2BE71
:10D440003F490522204613F0AEFF28B9E86803687B
:10D450001B699847014620E63A490B22204613F003
:10D46000A2FF0746F8B904F10B082C69236820468F
:10D47000DB6898470546BD420FDD236839461B69C6
:10D48000204698474146F3F7A9FE40B9236839463C
:10D490005B6920469847024618B92B49FDE50137DC
:10D4A000E9E72A49AEE72A490B22204613F07BFF21
:10D4B000002855D105F11C0304F10B0118461C4648
:10D4C00014F0D3F82023022204A92046FDF7A2FF7E
:10D4D00000280ADD0128049908D0059A2869036804
:10D4E0009B69984720B11B49D7E51B49164AF5E7C8
:10D4F0001A49D2E57D4D02080000164300401C4544
:10D500000000E0400000FA43884D0208A54D0208E3
:10D510005C460208BB4D0208CA4D0208D64D0208FF
:10D52000154E0208214E0208E84E02086E4C020811
:10D53000EF3E0208E94D0208E0490208FF4D0208EB
:10D54000514802080E4E0208724C02089048020828
:10D550001A4E0208264E0208DF540208294E02081D
:10D560006E490B22204613F01EFF0746002842D1C9
:10D5700028690368DB68984780462046F3F738FE41
:10D580000B2804D904F10C00FEF752FA0746474570
:10D5900001DB634981E56349DFF88C9142463046FF
:10D5A00013F040FE3046F3F723FE3418A31B852BFF
:10D5B00005DDB8451BDD5D493A46204623E728696D
:10D5C000036839461B6998478246286903683946CB
:10D5D0005B699847524603464946204613F022FEAF
:10D5E0002046F3F705FE0137B8450444DED1002399
:10D5F00004F8013CC4E54E490622204613F0D3FE50
:10D6000038B93246214628460DB0BDE8F04FFFF745
:10D61000D5BA48490E22204613F0C5FE08B946493E
:10D620003BE546490F22204613F0BDFE38B96B6832
:10D6300083F899002846FEF745FC41492DE541490C
:10D640000B22204613F0AFFE30B96B6893F8993087
:10D65000002BF2D03C4920E53C490922204613F03A
:10D66000A2FE30B9A868036801211B6A98473849AF
:10D6700013E538490822204613F095FE014628B9E3
:10D68000A86803681B6A9847334906E533490922AD
:10D69000204613F088FE28B9A86803685B6A98479B
:10D6A0002F49FAE4B8F1000F35D12E490322204664
:10D6B00013F079FE28B9A86803689B6A98472A493D
:10D6C000EBE42A490D22204613F06DFE38B9637B46
:10D6D00013F0DF0F03D1A86803681B6C73E52449BE
:10D6E0000B22204613F05FFE38B9E37A13F0DF0F08
:10D6F00003D1A8680368DB6B65E51E490A22204652
:10D7000013F051FE38B9A37A13F0DF0F03D1A868E4
:10D7100003689B6B57E51849BFE400BF3F4E020802
:10D720004B4E0208594E0208624E0208694E02082A
:10D73000214B0208754E0208844E0208984E0208DA
:10D740008A490208A84E0208C94E0208B44E0208CF
:10D75000BE4E0208CC4E0208D54E0208E44E020826
:10D76000EE4E0208303D0208FC4E0208034F02084C
:10D77000114F02081D4F0208284F020830B50D4610
:10D78000CBB093490446284607F04FFF02A8904AC1
:10D790000123294607F033FF02A808F098F8002873
:10D7A00000F0138100236168042202A8CDE9003350
:10D7B00007F04FFF61682022043102A807F049FFFB
:10D7C0000422694602A807F044FF61680822283154
:10D7D0000DEB020007F03DFF6168082230310DEBD0
:10D7E000020007F036FF61681022383102A807F006
:10D7F00030FF61680422483102A807F02AFF6168FF
:10D8000001224C3102A807F024FF616801224D314A
:10D8100002A807F01EFF616801224E3102A807F03E
:10D8200018FF0122694602A807F013FF616804226D
:10D83000503102A807F00DFF61680422543102A89C
:10D8400007F007FF61681022583102A807F001FFB6
:10D8500061680422683102A807F0FBFE04226946D1
:10D8600002A807F0F6FE61680122703102A807F0F5
:10D87000F0FE61680122713102A807F0EAFE6168DA
:10D880000122723102A807F0E4FE616801227331BF
:10D8900002A807F0DEFE61680422743102A807F0D6
:10D8A000D8FE616801227C3102A807F0D2FE6168CF
:10D8B000012201F2251102A807F0CBFE61680122C6
:10D8C00001F5937102A807F0C4FE0122694602A87F
:10D8D00007F0BFFE61680122783102A807F0B9FEA7
:10D8E000616801224F3102A807F0B3FE616801228E
:10D8F0007B3102A807F0ADFE616801227D3102A8EC
:10D9000007F0A7FE616802227E3102A807F0A1FE9F
:10D9100061680122803102A807F09BFE6168042241
:10D92000843102A807F095FE61680122883102A8BF
:10D9300007F08FFE61681022893102A807F089FE86
:10D9400061680122993102A807F083FE032269462B
:10D9500002A807F07EFE616801229A3102A807F052
:10D9600078FE616804229C3102A807F072FE6168AB
:10D970000122A03102A807F06CFE61680422A431E4
:10D9800002A807F066FE61680422A83102A807F029
:10D9900060FE61687822AC3102A807F05AFE616827
:10D9A000012201F5927102A807F053FE616801227D
:10D9B000793102A807F04DFE616801227A3102A890
:10D9C00007F047FE02A807F03AFF4BB030BD00BF9A
:10D9D000384F020838B50C4605461049204607F076
:10D9E00018FE30B1214628460C4ABDE83840FEF703
:10D9F0003DB80B49204607F00CFE70B12146284681
:10DA0000074AFEF733F821462846FFF7B7FE2046BF
:10DA10000349BDE8384007F008BE38BD384F02085A
:10DA2000434F020870B50546D2B00B461646104962
:10DA30004268684613F0F6FB2868694607F0E9FD7E
:10DA4000044690B1296800236A460AA807F0D7FD6A
:10DA50000AA807F03CFF044638B10AA93046FCF793
:10DA6000B5FD04460AA807F0EAFE204652B070BD94
:10DA70004F4F020830B50446D3B00B4615460F4948
:10DA80004268684613F0CEFB2068694607F0CDFD7A
:10DA9000216801236A460AA807F0B1FD0AA807F029
:10DAA00016FF044630B10AA92846FCF7A6FD0AA8CD
:10DAB00007F0C5FE204653B030BD00BF4F4F0208EF
:10DAC00000207047836910B544695A1CA24208D2ED
:10DAD00004698261E154026983690021D154012003
:10DAE00010BD0020FCE7F8B505460F461646002499
:10DAF000B44201D12046F8BD2B68395D1B68284629
:10DB000098470028F6D00134F2E7002070474FF024
:10DB1000FF3070474FF0FF307047704710B500235B
:10DB20000122C0E9012304460160C0F88C3480F86A
:10DB30009034034900F2914013F097FD204610BD48
:10DB4000974A0208A0F12303DBB2162B04D8064A39
:10DB500042FA03F3DB0704D5402894BF00200120DC
:10DB600070470120704700BFFC1B80FFF0B5434B9E
:10DB70000D46002A14BF16461E46E9B0044631463B
:10DB8000284607F046FD18B90026304669B0F0BDBA
:10DB900032460023294620A807F031FD20A807F0CF
:10DBA00096FE06460028EFD000230127C4E9017342
:10DBB0000322694620A807F008FE032803D020A806
:10DBC00007F03DFEE1E7022204F1080120A807F07A
:10DBD000FCFD02280246F2D1A11D20A807F0F5FDA8
:10DBE00002280546EBD13A4604F5926120A807F0D9
:10DBF000ECFD0128E3D12A46211D20A807F0E5FD10
:10DC00000228DCD1242765891F2DD8D87D4305F152
:10DC10000C010222214420A807F0D7FD0228024669
:10DC2000CDD105F10E01214420A807F0CEFD022838
:10DC3000C5D105F111011F22214420A807F0C5FD1F
:10DC40001F28BCD105F110010122214420A807F0B2
:10DC5000BCFD0128B3D1802269460DEB020007F01C
:10DC6000B4FD8028ABD12544A288AB899A429CBFE1
:10DC70000133A380638901336381C4E7584F0208ED
:10DC800070B50C464979242988B00546164606D158
:10DC90002188006808B0BDE8704000F0C3BB2329AC
:10DCA00004F1050207D133462868218800F01FFCE3
:10DCB000012008B070BD232311460DF101008DF83D
:10DCC000003013F0D2FC33466A46EDE72DE9F04F01
:10DCD000054691B00F46904600F10C064FF0000942
:10DCE0006B894B4505DC4FF0000A504611B0BDE88A
:10DCF000F08F347918EA0404B24608D104236A4646
:10DD000031462846FFF7BCFF83465C4503DB09F13B
:10DD100001092436E4E739460DEB041000F0AAFBB4
:10DD2000FB888342E1D00134EFE700002DE9F041A8
:10DD30000D46064614492846F3F750FA18B906F27C
:10DD40008C40BDE8F0812B78B6F80A80232B08BF01
:10DD5000013506F112070024444501DB0020F0E7FD
:10DD600017F8013C232B3946284618BF07F1FF312D
:10DD7000F3F734FA243720B9242303FB04600C3072
:10DD8000DFE70134E8E700BF974A02082DE9F843CE
:10DD90008846054617461E46013911F8019FB9F11C
:10DDA000000F0AD141462846FFF7C0FF044668B17C
:10DDB0000388BB4235D0478005E04846FFF7C2FEE6
:10DDC00004460028E9D12046BDE8F8836889C6B139
:10DDD000431C6B812423434303F10C042B44012295
:10DDE0002C441A742423584305EB00091130A9F878
:10DDF0000C601F224146284400F0B6FBA9F80E70C3
:10DE0000E1E71F28DFD8431C6B812423434303F140
:10DE10000C042B4401221A74AE88B3182C44AB8036
:10DE2000E0E74C46CFE700002DE9F0470D460446F9
:10DE30001B492846F3F7D2F920B904F28C44204656
:10DE4000BDE8F0872B78B4F80AA0232B4FF0000729
:10DE500008BF013504F10C06B846BA4501DC44465A
:10DE6000EDE77379232B14BF06F1050906F10609C6
:10DE7000494628463446F3F7B1F90028DFD0284652
:10DE8000F3F7B6F949460246284613F08CFA002803
:10DE90000CBF3446444601372436A046DDE700BFB8
:10DEA000974A0208F0B541B144890023242500F1C6
:10DEB0000C06A34204DB002001E000F28C40F0BD20
:10DEC00005FB03F2B75A8F4202D10C321044F6E739
:10DED0000133EEE7C188FFF7E5BF01B10988C180D2
:10DEE0007047018909B1FFF7DDBF0846704701B1EE
:10DEF000098801817047F8B50B8863B14189002218
:10DF000000F10E042425914207DC002400F10C02EC
:10DF10002426A14208DC00201DE005FB02F6A65BDA
:10DF20009E42F8D00132EEE706FB04F5575B9F42B4
:10DF300001D00134EDE74B1E9BB21A1B05F13001F5
:10DF400072430C35438101449C42C8BF00222844DF
:10DF500013F039FA0120F8BD2DE9F843054688464B
:10DF600014461E46002747451DDB2179637920882A
:10DF700011F0010F04F10502E9881AD0232B194F83
:10DF8000194B08BFA21D884218BF3B4617493046AF
:10DF90000FF0EFF905F10C074FF000096B894B45C5
:10DFA00011DCBDE8F883202130460FF0B9F90137C4
:10DFB000D9E7232B0B4F0C4B08BFA21D884218BF7B
:10DFC0003B460B49E3E77A8823889A4206D13346D9
:10DFD0003A4608F101012846FFF7BEFF09F10109A1
:10DFE0002437DBE7DF540208624F0208B5DD020880
:10DFF000644F02080B4600F28C420021FFF7ACBFD1
:10E0000010B588B091B172B100234FF47A74CDE9A4
:10E010000512CDE902340B70054C019401A9079358
:10E02000FFF7E8FF079A104608B010BD0A46FAE766
:10E03000744F02082DE9F74F98469DF830A090F8EC
:10E040009034009207460D4608EA0303BAF1000F28
:10E0500002D01BB92C4607E0002BFBD12C462A230B
:10E0600004F8023B2C236B7007F112064FF00009F5
:10E070004FF02C0B7A894A4509DCAC4288BF04F189
:10E08000FF340023601B237003B0BDE8F08F16F847
:10E09000022C314608EA0202BAF1000F04D02AB974
:10E0A00009F101092436E5E7002AF9D116F8012C17
:10E0B000232A18BF06F1FF3108460191F3F798F8BB
:10E0C0000246601B009B0199104402309842E7DA37
:10E0D0002046019213F0D1FA019A144404F801BBCE
:10E0E000DEE70000F0B53B4B0D46002A14BF164694
:10E0F0001E46E9B031460446284607F096FA3246F5
:10E100000123294620A807F07AFA20A807F0DFFBB0
:10E11000064670B180220021684613F06EF9032292
:10E12000694620A807F095FA032805D020A807F033
:10E1300086FB304669B0F0BD022204F1080120A838
:10E1400007F087FA02280246F0D1A11D20A807F0A7
:10E1500080FA02280546E9D1012204F5926120A83F
:10E1600007F077FA0128E1D12A46211D20A807F0FF
:10E1700070FA0228DAD104F1100500276389BB4246
:10E18000D4DD0222291F20A807F063FA02280246E4
:10E19000CCD1A91E20A807F05CFA0228C6D11F2204
:10E1A000691C20A807F055FA1F28BFD10122294673
:10E1B00020A807F04EFA0128B8D1802269460DEB5D
:10E1C000020007F046FA802805F12405AED1013798
:10E1D000D4E700BF584F0208806A70474069704713
:10E1E000836953F8210070476FF06043994270B51E
:10E1F00034BF8E004FF0FF36044630460D46F7F729
:10E20000C8FB20602846F7F7C4FB60603046F7F78C
:10E21000C0FB0023C4E902052361204670BD4B1CEE
:10E2200030B5024605690DD000231846AB4200DB2D
:10E2300030BD946854F82340641A002CD8BF0130D4
:10E240000133F3E72846F3E71830FFF7E8BF70B56E
:10E25000024604694FF0FF330020FF2584420ADCA8
:10E26000002B26DB1168013C51F823001461116971
:10E2700099420EDC70BD966856F82060761A002E22
:10E2800005DC5668365CAE423CBF0346354601307D
:10E29000E4E7990014680431655844F82350546841
:10E2A000E5186D78E5549468615844F823100133FB
:10E2B000DDE70020DEE71830FFF7C9BF2C30FFF79D
:10E2C000C6BF02698A4230B5034618DD0068013ACC
:10E2D00050F821001A611A698A4200DC30BD8A00B8
:10E2E0001C680432A55844F821505C6865186D78A4
:10E2F00065549C68A25844F821200131EBE70020C6
:10E30000ECE700210430FFF7DCBF1830FFF7D9BF7E
:10E3100030B5D0E90354AC420CD0056845F8241060
:10E3200041680A550269816841F822300132026170
:10E33000012030BD0020FCE700231A460430FFF71F
:10E34000E7BF70B5044618300D46FFF7E1FF30B95E
:10E350002368294620465B68BDE87040184770BDB9
:10E3600070B51346044600222C300D46FFF7D0FF4F
:10E3700030B92368294620465B68BDE870401847DD
:10E3800070BD00002DE9F0410646134B46F8043BF2
:10E3900004460D463046FFF727FF294604F11800D2
:10E3A000FFF722FF294604F12C00FFF71DFF00278D
:10E3B000AF4202DB2046BDE8F0814FF48270F7F7F0
:10E3C000E6FA8046FCF739FF00231A4641463046FC
:10E3D000FFF79EFF0137EBE7A04F0208431E0F3007
:10E3E00013F8012F1AB98342FAD101207047002097
:10E3F0007047F0B5D0F820510F2D044611DCAB1C4E
:10E4000020F8151000EB031302F110071068516893
:10E410001E4603C60832BA423346F7D10135C4F866
:10E420002051F0BD2DE9F047064600258E462846CE
:10E4300006F12008D6F82011A94201DD984201DB3F
:10E44000BDE8F08736F81510714511D108EB051CB1
:10E4500000F1010902EB00140CF1100A674603CF2A
:10E46000574520606160BC4604F10804F6D1484677
:10E470000135DFE730B5A3B0054604A80C4605F02A
:10E4800047FF10220DEB0200294606F0A8F823787A
:10E490000122C3F383030DF10D0104A88DF80D30A3
:10E4A00006F01EF8628804F14A0104A806F018F884
:10E4B00002231022009329460DF10E030DEB0200FA
:10E4C00006F0A5F8BDF80E3053B90123ADF80E30B3
:10E4D00004A8BDF80E4005F001FF204623B030BD72
:10E4E0004FF6FF729342F3D14FF6FE73EEE72DE93C
:10E4F000F0419846D0F820319EB005460E461746AA
:10E500000024A34218DC684605F002FF3846F2F703
:10E510006FFE39460246684605F0E2FF414668460E
:10E52000102206F00FF8284642463146FFF761FFF9
:10E53000684605F0D3FE12E035F81420B24211D13E
:10E54000023405EB0414424604F11003254603CDC2
:10E550009D42106051602C4602F10802F6D11EB0B7
:10E56000BDE8F0810134CCE701390244131A012BD4
:10E5700002D800230370704711F8013F002BF8D038
:10E5800000F8013BF2E7013810F8013F0BB9012018
:10E590007047202BF8D000207047000070B5002194
:10E5A0000646F2F773FD374C054640B13023237021
:10E5B0002E22A37000236270E370324870BDC6F350
:10E5C000C7537F3B1E2B99B257DC13F1170F54DB57
:10E5D000C6F31602162B42F4000216DD173902FAB2
:10E5E00001F0002E40DB0A2221460FF0CFF82378FD
:10E5F00022460134002BFAD12E231370EDB93021BD
:10E60000931C517000221A70D7E7002B08DBC1F170
:10E610001700013142FA00F08A4022F07F45E0E71E
:10E62000DB43002E42FA03F54FF0300320DA63702B
:10E630002D222E232270A3700334E11D23460A20CD
:10E6400045432A16303203F8012B8B4225F07F45D3
:10E65000F6D106342278302A234603D114F8012D4E
:10E660002E2AF7D10133CDE72D2304F8013BBAE779
:10E6700023702E2363700234DFE7302323700023DE
:10E6800063709AE78431002037B520490546F2F7D8
:10E6900069FB002104462846F2F716FD70B34FF0DF
:10E6A0007C512046F2F756FAF2F738FD4FF47A72B1
:10E6B00090FBF2F302FB13000028154C154AB8BF7B
:10E6C000404210210090204612F078FD2046F2F7DB
:10E6D0008FFD0021431E2044002B03DD10F8012C88
:10E6E000302A0ED00A48F2F783FD0138235C2E2B26
:10E6F00004BF00232354064803B030BD4FF03F4110
:10E70000CFE700F8011D013BE6E700BF00007A44B7
:10E7100074310020CC4F0208024A137843F01003F2
:10E72000137070479431002038B504464068114991
:10E730000368D3F8B0309847236820461B6D98478C
:10E74000034684F8240060680268082B8CBF1021FF
:10E750002021126E9047084BA06800251D700368A9
:10E760009B6B9847012801D1FFF7D6FFA561A583D0
:10E77000256238BD19E7000894310020838B41835E
:10E780003F2B82BF0023838303627047034B1878BB
:10E7900000F0EF00431E584258417047943100206A
:10E7A0002DE9F041174E347814F0100405460F4659
:10E7B000904616D0406803680121DB6E9847041E1E
:10E7C0000DDD686844450368A8BF44461B6B2246BC
:10E7D0003946984790B16B6901336B61002400237F
:10E7E00033703378012B06D0686803689B699847BB
:10E7F00008B9012333702046BDE8F081EB6801338E
:10E80000EB60ECE794310020406808B50368DB6FEB
:10E8100098474FF47A73B0FBF3F008BD10B5044687
:10E82000406803689B6A9847A06803689B6998479B
:10E83000014B00221A7010BD9431002070B5094EB2
:10E840003378DB0604460CD40368DB6B9847054637
:10E8500038B9236820461B6C984735702583A583FB
:10E86000256270BD9431002010B5174B1A78838B48
:10E87000012A044617D13F2B17D80368DB6B984752
:10E8800080B923682046DB6C9847F2F747FCB4F95F
:10E8900018300D33984205DCA38B0133A383236A20
:10E8A0000344236210BD3F2BFCD9236A002BF9D00F
:10E8B000B8BF3F3343F38F136FF077029342B8BF73
:10E8C000134623830023ECE79431002006490B789C
:10E8D000024613F0100005D000230B7013690133BA
:10E8E00013610120704700BF943100200739234B8A
:10E8F0002DE9F04153F82180044601464046154673
:10E90000F2F7ECFBC0BB2846F1F76CFD1C4B002274
:10E91000F1F7D2FD02460B4600201A49F1F714FC2C
:10E9200006460F4620464146F2F712F9F1F76CFD14
:10E93000154B0022F1F7EAFE02460B4630463946F7
:10E94000F1F7BAFD0F4B002204460D46F2F726F808
:10E9500060B10022002320462946F2F73DF840B17D
:10E9600020462946F2F7A0F8BDE8F081054D0024C5
:10E97000F6E700240025F3E70020F5E7D44F02086E
:10E980000000703F0000F03F0000244040686FF03E
:10E99000004104F0C4BC406803685B6D1847000088
:10E9A000406808B503681B699847024B00221A703B
:10E9B00008BD00BF94310020F8B5044680680368A4
:10E9C0005B690D46164698476068036832465F6A81
:10E9D00029460023B84720B9064B03221A700120AC
:10E9E000F8BD2046FFF7DCFFA06803689B699847E5
:10E9F0000020F5E79431002038B5B0F91A3004460C
:10EA000093B10368DB6C9847B4F91A300546B4F942
:10EA100018001844F2F752F901462846F2F75EFB57
:10EA2000003818BF012038BD1846FCE708461146DB
:10EA300006291A4601DDFFF759BF00207047002064
:10EA400070470000F0B51D4F1D4CD7F8E03585B07C
:10EA5000002200921B4A04EA832303EBC12307CA66
:10EA600001AD85E80700D7F8E02504EA822203F12A
:10EA7000FF6602F1FF6106F5F02601F5F021B142D3
:10EA800018D802F10062013AB24213D3A3F5004351
:10EA9000DB0A0293F3F79EFA69462846F3F72CFB4C
:10EAA0000446F3F7A9FA002C14BF6FF0040000200D
:10EAB00005B0F0BD6FF01500FAE700BF0070FF1F52
:10EAC00000FCFF03543402082DE9F047204E214F8B
:10EAD000D6F8E04507EA842404F1FF6404F5F02445
:10EAE00014441D4604EBC124F3F774FA804678B948
:10EAF000089B23F0070303EB04096FF0784AA14554
:10EB00000AD1F3F779FA40EA080010F0FF0001D0CB
:10EB10006FF00400BDE8F087D6F8E03507EA8323FC
:10EB200003F1FF6202F5F022A24202D85344A3424D
:10EB300004D2F3F761FA6FF01500EBE72146F5E830
:10EB400002230120F3F792FA08348046D7E700BF8A
:10EB50000070FF1F00FCFF0338B518461546049AE5
:10EB60008BB182B1094B0A4CD3F8E03504EA832417
:10EB70002C4404F1FF6404F5F02404EBC12112F0ED
:10EB80007CFD002038BD6FF01500FBE70070FF1F13
:10EB900000FCFF0310B5034B0360044606F0DFFCE6
:10EBA000204610BDF44F020810B50446FFF7F2FFEF
:10EBB00020465021F6F7EFFE204610BD10B504495F
:10EBC000044606F0D5FC034B2360204610BD00BF71
:10EBD00024010020F44F020813B500238DF80730FC
:10EBE0009DF80730044603F0FF014BB1204606F0C4
:10EBF000E2FC0021204602B0BDE8104006F0CABC8D
:10EC000006F0C8FC0028F1D002B010BD0148FFF7A3
:10EC1000D5BF00BF9831002008B50248FFF7BAFF02
:10EC200008BD00BF98310020028BC08A101A7047BF
:10EC3000C28A018B914288BF0169034683BF885C09
:10EC40000132DA824FF0FF307047028BC38A9A425A
:10EC500086BF0269D05C4FF0FF30704770B54FF44B
:10EC60007A730E460021C0E90113034615462B4A6C
:10EC700043F8C42B0446C0F8C4109C22C3E9011118
:10EC8000C0E93411C0E93611C0F8E010283012F0A4
:10EC9000B4FBF3B22A2B19D8214A52F8233006F4D8
:10ECA000E0661E43EBB22A2BC4F8846022D81C4ACB
:10ECB00052F8233005F4E0651D430023C4F8885062
:10ECC000E36123842361A382204670BD06F0C00265
:10ECD000C02A0CD1CB2B0AD8124B06F03F0206F407
:10ECE000E06653F822200E4B53F82230D9E74FF05C
:10ECF000FF36D7E705F0C002C02A0CD1CB2B0AD8CB
:10ED0000084B05F03F0205F4E06553F82220044B60
:10ED100053F82230D0E74FF0FF35CEE70450020819
:10ED2000203A0208F039020838B50446283000F0CD
:10ED3000A9F8E06918B111F01BF90023E36120691B
:10ED40000025258410B111F013F92561A58238BD85
:10ED500038B50546074B45F8D43B0446FFF7E4FFBA
:10ED60002846F6F724FB04F1C400F6F720FB204602
:10ED700038BD00BF04500208B1F5806F70B505467C
:10ED80000C4610D8038C99420AD920290E4638BF68
:10ED90002026C069314611F00DFA18B1E8612E84C1
:10EDA000204670BDFEE70024FAE713B590F8243042
:10EDB0008DF8071004467BB1418C0131FFF7DCFF71
:10EDC00040B1638CE2699DF80710D154638C013324
:10EDD0006384012002B010BD01220DF1070128302B
:10EDE00000F0A0F8B0FA80F04009F3E770B590F8B1
:10EDF000243004460E46154693B1418C1144FFF76A
:10EE0000BBFF10B90025284670BD638CE0692A4617
:10EE10001844314612F031FC638C2B446384F2E7D2
:10EE200092B2283000F07EF80028EBD1EBE70346E1
:10EE3000006918B19A8A002112F0DFBA70470346C0
:10EE4000C06918B11A8C002112F0D7BA704738B5D2
:10EE500004460025C5820583FFF7E9FF6584204647
:10EE6000FFF7EDFF38BD000002480922C021FFF77F
:10EE7000F5BE00BFE83100200148FFF769BF00BFC1
:10EE8000E831002010B5044690F96400F2F74EFF17
:10EE900094F96500F2F74AFF201DF3F7EBFA206EB4
:10EEA0000321F7F7DFF9E06D0321F7F7DBF92368BA
:10EEB000194A93420ED14FF0B0439A6B42F40012BC
:10EEC0009A639A6B22F400129A639A6D22F40012EC
:10EED0009A6510BD114A93420DD14FF0B0439A6B21
:10EEE00042F480029A639A6B22F480029A639A6DCC
:10EEF00022F48002ECE70A4A9342EAD14FF0B04391
:10EF00009A6B42F400029A639A6B22F400029A63AD
:10EF10009A6D22F40002DBE70054004000580040E4
:10EF2000005C0040202A30B514D800239CB2A242D5
:10EF300007D890F894301344DBB280F89430002066
:10EF400030BD90F89440CD5C1C440444013384F8F7
:10EF50007450EBE70120F3E770B590F89130012B86
:10EF600004460E46A0F1040509D1436E3BB1836E01
:10EF700028469847022384F8913000236366012EC7
:10EF80004FF0000312D1E26E84F891301AB184F888
:10EF900090302846904794F8902004F17001204664
:10EFA0004FF00073BDE87040F3F77EBA012263664C
:10EFB00084F89120616E7431294420464FF08073AB
:10EFC000BDE87040F3F7D2BA10B590F89130012B3C
:10EFD000044604D1436E13B1836E0438984702236C
:10EFE00084F89130002363662046BDE81040F3F7B3
:10EFF0001FBB436E1F2BDEBF436E0133436690F889
:10F000009130012BDAB206D1416E70314FF080732E
:10F010000144F3F7ABBA7047002380F89030704793
:10F0200090F892300BB9F3F703BB7047014B1868A7
:10F03000F3F712BBCC320020014B1868F3F709BE7E
:10F04000CC320020014B5868F3F706BBCC320020CD
:10F05000014B5868F3F7FDBDCC320020014B986896
:10F06000F3F7FABACC320020014B9868F3F7F1BD00
:10F07000CC3200202DE9F041104D2F4604468C463D
:10F0800090469E46061D0FCF0FC697E80700069BC9
:10F0900086E807001C35A362079BE3620FCD04F1ED
:10F0A0003006C4E9088E0FC62B6833600023636402
:10F0B0002046C4F800C0BDE8F08100BF60340208FB
:10F0C00010B50446006803685B6C98472068216AA5
:10F0D000036882689B6898472068216A0368026910
:10F0E000DB689847004B10BD5C0100200068036896
:10F0F0009B6C18472DE9F0410D461946037C0446E8
:10F10000407CADF5067DDE08082B5FFA85FC06EB3A
:10F11000D00663898D9FD0B295BF40EA0C004CEABF
:10F12000122C8DF800008DF8010092BF0DF1010046
:10F130008DF800C00DF10200AB423E443A462CD19E
:10F1400012F09BFA206803685B6B98472068216A7D
:10F150000368C268DB689847206803683246D3F8C2
:10F160003880694643ABC0472068216A036802695A
:10F17000DB68984720680368DB6B98472389AB42BC
:10F1800007D1217C8C9843AB3A4603EBD10112F0B6
:10F1900074FA0DF5067DBDE8F081A18912F02DF914
:10F1A000D0E72DE9F04FADF5077D0446929F9DF81D
:10F1B0004CA21646D5199946002B55D0684612F038
:10F1C0005CFA90993A460DEB060012F056FA206868
:10F1D0000368BAF1000F05D0E26A013254D1DB694D
:10F1E00032219847206803685B6B98472068216A42
:10F1F0000368C268DB689847206803680DF5867865
:10F20000D3F838B02A4643466946D8472068216A71
:10F2100003680269DB68984720680368DB6B9847DE
:10F22000BAF1000F07D0E26A20680132036845D1C5
:10F23000DB6901219847656935B1002F5CD0E37C1B
:10F2400018F80300A8470546B9F1000F07D1A37CC1
:10F25000919806EBD3013A46414412F00EFA284643
:10F260000DF5077DBDE8F08F837C68464FEAD30833
:10F2700005EBD30512F001FAA18908EB07020DEBAB
:10F28000060012F0BAF8A2E75B6A98478046206849
:10F29000E16A03681B6998470028A3D020680368C7
:10F2A0005B6D9847206803685B6A9847E369A0EB49
:10F2B00008009842EBD36FF43075D0E71B6A012148
:10F2C0009847206803685B6A984705462068E16AAA
:10F2D00003681B6998470028ADD0206803685B6D00
:10F2E0009847206803685B6A9847E369401B984227
:10F2F000ECD36FF43075A7E73D46A5E7F0B51E46A1
:10F30000037987B005460F463BB9CDE900620A464E
:10F310000189FFF7EFFE07B0F0BD90F9114090F8BA
:10F3200011C0002CB8BF0734E410013C64B204AB38
:10F33000E0001946002C12DA2C7CE408601E40B272
:10F34000B0F1FF3F15D10123CDE90223002301963F
:10F35000009304EBDC022846FFF723FFDBE7B5F858
:10F3600008E0013C4EFA00FE03F801EB64B20838F5
:10F37000E0E74FEAC00E27FA0EFE03F801EB013872
:10F38000DDE7F0B589B000238DF817300379044626
:10F390000A465BB9012101910DF117010091018924
:10F3A000FFF7A8FE9DF8170009B0F0BD90F91130E5
:10F3B000467C002BB8BF0733DB10013B5BB206A8CD
:10F3C000DD000146002B13DA257CED086B1E5BB2D5
:10F3D0005F1C15D10123CDE902330DF11703019311
:10F3E0000023009305EBD6022046FFF7DAFED9E7AB
:10F3F0002789013B2F4100F8017B5BB2083DE1E723
:10F40000DF0022FA07F700F8017B013BDFE7F0B5E8
:10F4100016461A46037987B005460F4643B9CDE92B
:10F4200000320A4633464189FFF764FE07B0F0BD5B
:10F4300090F9114090F811C0002CB8BF0734E410C7
:10F44000013C64B204ABE0001946002C12DA2C7CBB
:10F45000E408601E40B2B0F1FF3F15D10123CDE9B1
:10F4600002230022CDE90062284604EBDC02FFF70C
:10F4700098FEDBE7B5F80AE0013C4EFA00FE03F81F
:10F4800001EB64B20838E0E74FEAC00E27FA0EFE3F
:10F4900003F801EB0138DDE7F0B5037989B00446E4
:10F4A0000D468DF8172053B90122CDE900320A46E6
:10F4B0000DF117034189FFF71DFE09B0F0BD90F96A
:10F4C0001130467C002BB8BF0733DB10013B5BB229
:10F4D00006A8DA000146002B13DA227CD208531E5C
:10F4E0005BB25F1C15D10020012301900DF11700C4
:10F4F0000090CDE9023302EBD6022046FFF751FE21
:10F50000DBE76789013B174100F8017B5BB2083AF2
:10F51000E1E7DF0025FA07F700F8017B013BDFE7B1
:10F520002DE9F0479DF820A09DF828709DF82C90BB
:10F530001C4643EA0A03072B05460E46904642D86E
:10F54000544540D3FFF71DFF631CFF22DBB2CAF115
:10F55000080A02FA03F342FA0AF21343DB43DBB26E
:10F5600080EA0802134205D1B9F1000F02D1002050
:10F57000BDE8F08720EA030403EA08031C43E4B271
:10F58000224631462846FFF787FF286803689B6AB2
:10F5900098479DF824804FF47A73814603FB08F85E
:10F5A000286803689B6A9847A0EB0903434502D388
:10F5B0006FF00F00DCE731462846FFF7E2FE6040BF
:10F5C0000742EDD1D3E76FF00A00D1E77FB59DF890
:10F5D00024600396089E9DF82850CDE9013600234B
:10F5E00000930446FFF7DDFD38B935B1A36923B1B7
:10F5F000204604B0BDE87040184704B070BDF0B5B7
:10F6000090F9114090F811C0002CB8BF0734E410F5
:10F6100087B0013C64B205AD0F46E6002946002CD8
:10F620000DDA9DF8344002949DF83040CDE9003465
:10F6300013464FEADC02FFF7C9FF07B0F0BD47FAF7
:10F6400006FE013C05F801EB64B2083EE7E77FB532
:10F650009DF824600396089E02960026CDE90036A8
:10F6600001239DF828500446FFF79BFD38B935B1BA
:10F67000A36923B1204604B0BDE87040184704B028
:10F6800070BDF0B590F9114090F811C0002CB8BFD2
:10F690000734E41087B0013C64B205AD0F46E600C4
:10F6A0002946002C0DDA9DF8344002949DF8304034
:10F6B000CDE9003413464FEADC02FFF7C8FF07B07C
:10F6C000F0BD47FA06FE013C05F801EB64B2083EC6
:10F6D000E7E770B586B000238DF8133090F911304C
:10F6E000427C002BB8BF0733DB10013B04465BB202
:10F6F00005A8DD000146002B16DA0123CDE902330F
:10F700000DF11303019300230093D2082046FFF765
:10F7100048FD054628B963691BB19DF81300984759
:10F72000E080284606B070BDE689013B2E4100F816
:10F73000016B5BB2083DDEE770B50B46054601F193
:10F740001404303053F8046B40F8046BA342F9D131
:10F750006A640E1F01F11004286856F8041F03683C
:10F7600082689B689847A642F6D170BD406C18B974
:10F7700070478B4204D018300378002BF9D118461B
:10F780007047F8B50546FFF7F1FF88B1041D05F194
:10F790002C0605F1400756F8041F002904DB2868F1
:10F7A00022680368DB689847BE4204F10404F2D182
:10F7B000F8BD00000648074B074A1B68B3FBF2F38D
:10F7C00010B544684B434268121B9342FBDC10BDEA
:10F7D000001000E04000002040420F00CBB22A2B76
:10F7E00009D80F4A52F8233001F4E0601843431C53
:10F7F00018BF0846704701F0C002C02A0CD1CB2BBD
:10F800000AD8084B01F03F0201F4E06053F82220CF
:10F81000034B53F82230E9E74FF0FF30704700BF49
:10F82000203A0208F0390208704790F82C2008B5F9
:10F8300012B103681B6B9847BDE80840F6F746BB5A
:10F84000006A00210EF0FABB006A0EF030BCF8B579
:10F8500007460C465D1E8E18B44200D1F8BD14F860
:10F86000011B386A00220EF024FC05F8010FF3E7B3
:10F870000DF08BBF4B1C084603D00021C0B20DF029
:10F88000B7BE7047084611461A46431C02D0C0B2A4
:10F890000DF02EBE7047006A0EF008BCD0E90912C8
:10F8A000006A0EF0E1BB084611461A46431C01D01F
:10F8B0000EF02EB9002070470EF094B90EF090B9FA
:10F8C00008460EF091B94B1C084601D00DF0D2BE8F
:10F8D000704700001FB5084611461A46431C13D056
:10F8E0000024CDE90044CDE9024421B1074B039344
:10F8F000074B0091029369460DF0EEFE029B1BB18F
:10F90000694603220846984704B010BD4D5F0008C1
:10F910002D5F00084B1C084601D00EF0BBB800203C
:10F9200070470846431C114601D00EF079B8704765
:10F930000846431C114601D00EF008B8704710B5B8
:10F9400030210446F6F727F8204610BD90F82C2009
:10F9500012B103681B6C18477047000070B586B081
:10F9600004AD85E80C0004230322CDE90132012215
:10F9700000230E4600921946044603F00FFE95E858
:10F980000300064B236004F12403266283E803008E
:10F990000023204684F82C3006B070BD3050020899
:10F9A0007047000008B5A1F12B030846032B16D8B9
:10F9B000DFE803F00A0206110B4807F099FD08BDC5
:10F9C000094807F061FDFAE7074807F073FD80F08A
:10F9D0000100C0B2F3E7044807F083FDF7E7BDE894
:10F9E00008400EF057B800BF943300200846A0F13D
:10F9F0002B03032B114601D90DF0A8BF704710B59A
:10FA000030210446F5F7C7FF204610BD08462D28D3
:10FA1000114604D82B2810D809D00EF001B82E2892
:10FA2000FBD1B2FA82F10548490907F04DBDB2FA9F
:10FA300082F10248490907F02FBD70479433002036
:10FA400037B504463020F5F7A2FF0A4B0A490546B0
:10FA50000CCBFFF783FF094B2B602C222E23CDE923
:10FA6000003229462D232B222046FFF703FB204698
:10FA700003B030BDF85002089433002098500208BB
:10FA80000368D3F8DC3018470368D3F8E030184730
:10FA900070472DE9F04385B00F464FF00008012371
:10FAA0000DF10F0240F6E70106468DF80F8002F0D7
:10FAB000C4FA0446002855D133683046D3F8D8300C
:10FAC000984704218146FFF751FE03210546484629
:10FAD000FFF74CFE28B165B90E2F47DD6FF00C041F
:10FAE00040E017F1090FF9DB002DF7D007F109030A
:10FAF00003E00E2FFBB20EDD0933DBB21F2BEDD876
:10FB000001250723224600950421304602F076FAAB
:10FB1000042304460DE01133DBB21F2BDED8012293
:10FB2000234600920421304602F068FA4546044616
:10FB3000032386F86431ACB92946304601F001FB55
:10FB4000044678B90422F9B2304602F00CFB0446B0
:10FB500040B901230DF10F0240F6E701304602F0F3
:10FB600065FA0446204605B0BDE8F08307F11103AD
:10FB7000DBB21F2BB2D8012223460092042130466B
:10FB800002F03CFA03230446D3E7000010B502F06C
:10FB9000A8FA0446054807F074FC044807F065FC21
:10FBA00010B1024807F067FC204610BD94330020D6
:10FBB00010B50446034807F061FC2368BDE8104017
:10FBC000184700BF94330020014807F03DBC00BF38
:10FBD0009433002010B54FF4E4710446F5F7DBFED2
:10FBE000204610BD10B5044600F0B2F9014620B918
:10FBF0002046BDE8104003F0E3B910BD012A02D150
:10FC0000016000207047022A05D0032AF9D0002A9B
:10FC1000F7D10260F5E70B680360F2E71FB5002338
:10FC2000CDE90013084B03930848094B029369463A
:10FC300007F0D0FB029B1BB1694603220846984798
:10FC400005B05DF804FB00BFB1FB00089433002051
:10FC5000FDFB000810B5044600F04FF9014620B93D
:10FC60002046BDE8104003F0ABB910BDF0B587B039
:10FC700004469DF93450BDF838609DF840700497F3
:10FC8000CDE901560F9F0C9D0397009500F06AF88F
:10FC9000014628B9204607B0BDE8F04003F090B90E
:10FCA00007B0F0BDF0B587B004469DF844E09DF87C
:10FCB00030509DF834609DF93870BDF83CC0CDF8E7
:10FCC00014E0DDF840E0CDF810E0CDE9027CCDE9AC
:10FCD000005600F015F8014628B9204607B0BDE8E7
:10FCE000F04003F06DB907B0F0BD000010B5044658
:10FCF00000F090F9014B2360204610BD0851020826
:10FD0000F0B51E46164B04468C4617460FCB85B001
:10FD10006D4685E80F009DF828308DF809309DF874
:10FD20002C308DF80A309DF930308DF80B30BDF84D
:10FD30003430ADF80C300E9BC4F850319DF83C3097
:10FD400084F854312368CDF800C0D3F8F03001971F
:10FD50008DF8086029462046984705B0F0BD00BFE1
:10FD600090340208F0B5144D06468E4694461F4660
:10FD70000FCD87B001AC0FC42B6823600C9B04939C
:10FD80009DF934308DF81430BDF83830ADF81630A8
:10FD90000F9BC6F850319DF8403086F854313368D7
:10FDA000CDF804E0D3F8F830CDF808C0039701A9E6
:10FDB0003046984707B0F0BDA0340208F0B51646AB
:10FDC0000D4A04460F4607CA85B001AD85E8070015
:10FDD0008DF80C300A9BC4F850319DF82C3084F813
:10FDE000543123680197D3F8003102962946204602
:10FDF000984705B0F0BD00BFB434020813B58DF8C4
:10FE000005309DF810308DF806309DF914308DF8CE
:10FE10000730069BC0F850319DF81C3080F85431F3
:10FE200003680091D3F808318DF80420694698479B
:10FE300002B010BD4AB116290B466FF00800A8BFEA
:10FE400016238342B8BF034613700931C9B21F2974
:10FE50008CBF6FF00C0000207047000010B5012926
:10FE600086B006D002292BD0C9B16FF0130006B0BE
:10FE700010BD002203680592194A04924FF0080C45
:10FE80000A22CDE9022C4FF0120E0722CDE9002EF6
:10FE90001449D3F8F440144A0923A047E7E7104A6D
:10FEA0000368039210240A22CDE901240F4A049129
:10FEB0000092D3F8FC400E4A0E4B0A49A047D6E701
:10FEC000002302680393064B02930A210123CDE924
:10FED00000310449D2F80C410622A047C7E700BF11
:10FEE000CDCCCC3F0000D9430000FA4233331C4351
:10FEF0009A9999400000A040704770B58B898A7A22
:10FF00000D46497A044601F0DDFA00BB2368297AE0
:10FF1000D3F8E83020469847C8B923686968D3F811
:10FF2000E4302046984790B923682968DB6B204667
:10FF3000984760B90121204601F003F938B92368D8
:10FF400095F90B105B6D2046BDE87040184770BDF9
:10FF500037B54B8A0093CB688A680C4649680546DA
:10FF600001F004FB98B92B682168DB6B28469847A1
:10FF700068B90121284601F0E4F840B92B6894F9EA
:10FF800010105B6D284603B0BDE83040184703B041
:10FF900030BD70B50C464968054601F057FB90B975
:10FFA0002B682168DB6B2846984760B901212846F9
:10FFB00001F0C7F838B92B6894F908105B6D284632
:10FFC000BDE87040184770BD70B58B794A790D4611
:10FFD0000979044601F04EFB90B923682968DB6B70
:10FFE0002046984760B90121204601F0AAF838B9A7
:10FFF000236895F907105B6D2046BDE870401847EF
:020000040801F1
:1000000070BD10B54FF4E4710446F5F7C4FC20460A
:1000100010BD000010B5044600F068FC034B2360DF
:10002000034BC4F85831204610BD00BF28520208C7
:100030001852020870B50C4605461449204616466B
:10004000F1F742F8F0B112492046F1F733F8C8B1A0
:100050002EB121462846BDE8704003F019B8D5F806
:1000600060112046F0F774FD0A4920F00040F1F7D6
:100070002BF80028EDD02146284600F07AFE002813
:10008000E7D070BD6FF00B00FBE700BF0000164328
:10009000000070440000A0410022FFF7CBBF000029
:1000A000036873B59B6D1646002205460C469847BB
:1000B00090B99EB10B4B04F1090203EB420113F816
:1000C000123091F9014003F00F021B090021009149
:1000D0002846214602F086FF02B070BD04220723A5
:1000E000F4E700BF385302080122FFF7D9BF000030
:1000F00030B5074B05460FCB85B06C4684E80F0042
:100100002B682146D3F8A0302846984705B030BD6B
:10011000C034020813B5036800220092DC6940F283
:10012000722202236FF07F41A04702B010BD000091
:1001300030B5074B05460FCB85B06C4684E80F0001
:100140002B682146D3F894302846984705B030BD37
:10015000C034020882B02DE9F041012906A880E8E8
:100160000C000B9C9DF826609DF8277009D0022991
:1001700075D000294BD06FF01300BDE8F04102B0FC
:1001800070479DF8188042F2107000FA08F0F0F7FE
:1001900091FD514905460798F0F7E4FD01462846D0
:1001A000F0F794FEF0F7E0FFA8F10503DBB2012BB6
:1001B0009DF8283005468BBF082100211120192009
:1001C0000BBB4FEA880304EB4707002EC8EB47023E
:1001D0000CBF1426002601EB8201DBB2314409B2C8
:1001E0005A1E0029A8BF521892FBF3F3BDF8242031
:1001F0009DF820109BB2083201FB032300EB830023
:1002000068438008B9E7A8F102039B00DBE7F80028
:10021000F0F754FD05463046F0F750FD01462846FC
:10022000F0F798FC0546BDF82400F0F747FD0146BD
:100230002846F0F78FFC0546E000F0F73BFD01464D
:100240002846F0F787FC254904460698F0F73EFE5D
:1002500001462046F0F73AFEF0F786FF8DE79DF85D
:100260001930032B34D8DFE803F002282D300623A1
:10027000634304330522B3FBF2F39CB23022B4FB98
:10028000F2F303EB830000EB800002FB1344400019
:10029000A4B280B214B10234204480B29DF824305C
:1002A000C3EBC30203EBC20300EB43000C4B80B271
:1002B0005843F0F7FFFC0B49CCE704EB4404C4F3CC
:1002C0004F04DBE76400A4B2D8E704EB4404FAE788
:1002D0006FF0090051E700BF0000204100007A44A0
:1002E00000127A001D24F44308B50846F0F7E2FC3A
:1002F0000249F0F7EBFDF0F737FF08BD00007A4147
:10030000036889B2D3F8EC3018470368D3F8DC30BF
:100310001847D0F86801704700F00E03062B0BD089
:10032000082B0CD00A2B0CD00138C0B2FD288CBF92
:100330006FF00100002070476FF430707047024882
:1003400070470248704700BF3EFDFFFF3DFDFFFFC5
:10035000704700002DE9F0428AB004460F4601F0D4
:10036000EFFE05AE00230DF11C090128C9E9013398
:10037000054607930593B3803DD194F86D31042B66
:1003800035D80433DBB28DF8243094F86C318DF815
:100390001C30D4F874310893B4F87231ADF81430CD
:1003A00094F86F31003B18BF01238DF8173094F893
:1003B0007031591E4B424B418DF8163094F86E3116
:1003C000003B18BF01238DF81830039796E803000F
:1003D000099B0190ADF808100093216899E80C0082
:1003E0008E6F20462946B0470AB0BDE8F082072B41
:1003F00008BF0823C7E730BBD4F87C01F0F75AFCEC
:1004000001462148F0F762FD0790D4F88001F0F72B
:1004100051FC94F88731089013F0FB0F11D0022B98
:1004200003D09A1F534253415B00B4F88C21ADF8BE
:10043000142094F888218DF816208DF817300025A7
:10044000C3E70123F1E703280ED1B4F8A8315BBA62
:10045000ADF81C3094F8AF318DF81E3094F8AA3105
:100460008DF814300225B0E7022809D1D4F87C01B8
:10047000F0F720FC01460448F0F728FD0790DEE77E
:100480006FF01300B0E700BF00007A4910B50C46CA
:1004900059B101F055FE012802D0032803D038B924
:1004A0002070002010BD0220FAE76FF00200F9E78B
:1004B0006FF01300F6E708B5D0F868010221FFF7E6
:1004C00060F94FF0FF3008BD37B50D46044690F88F
:1004D0006411D0F86801FFF754F95DB90123CDE943
:1004E00000330023D4F868011A46D121FFF7C9F878
:1004F00003B030BD2946204601F004FE0028EDD0AF
:10050000F6E707B500238AB20093114601F0CCFD4F
:1005100003B05DF804FB1FB50023ADF80C300123D8
:10052000CDE9003303AA02231221D0F86801FFF7B6
:1005300066F8BDF80C0040BA80B205B05DF804FB67
:100540002DE9F041002486B0FF270226CDE9027490
:10055000CDE9004605462346224640F6E201D0F8A2
:100560006801FEF7DDFFCDE90274CDE900462346C0
:10057000224640F6E501D5F86801FEF7D1FF6FF09D
:100580007F41284601F0D5FCD5F86831186803682A
:100590000A21DB6998472746264601230DF11702F9
:1005A00040F6190128468DF8176001F046FD9DF8C8
:1005B000170000F00100A04001343843082CC7B2F6
:1005C000EBD12B6802244FF0FF081B69284698479F
:1005D000CDE9014803960096D5F868010023012271
:1005E00040F6E201FEF79CFFCDE90286CDE900640A
:1005F0000023D5F86801012240F6E501FEF790FFDF
:10060000384606B0BDE8F08190F83810022938B5B8
:10061000044605D0032911D06FF01805284638BDCF
:10062000D0F86801FFF7ADF8D4F8A411204601F026
:1006300080FC0546002384F83830EFE790F8641119
:10064000D0F86801FFF79DF80021204601F05BFC1F
:1006500005460028E2D1D4F868311868D96A0268E2
:10066000126990470028E5D0D4F86831186803680B
:100670005B6D9847EFE7D0F8683110B5044618680D
:1006800003681B699847C1B22046BDE8104002F0DC
:1006900063BE10B54FF4E4710446F5F77CF92046CB
:1006A00010BD036810B5D3F8EC3044F2FF310446B6
:1006B000984728B9236820461B69BDE810401847B1
:1006C00010BD000010B5044601F03AFD01280ED11E
:1006D00023682046D3F884309847C3050AD410F025
:1006E000800F14BF6FF00E004FF0FF3010BD6FF0A1
:1006F0001300FBE70048F9E742FDFFFFF7B50546A9
:100700000E4601F01DFD012833D12B6828461B69D8
:100710009847044650BBD5F868010221FFF731F82D
:10072000B168284602F0E8FDF1680746284602F065
:10073000E3FD0094234682B2B9B2284601F0B4FC2E
:10074000044698B92B6844F2FF31D3F8EC302846C0
:100750009847044650B973680193F3780093B378CF
:1007600072783178284601F0FBFB0446204603B03E
:10077000F0BD6FF01304F9E710B5044601F0E0FC9A
:10078000012812D1204601F013FE10F4004FC0F3EF
:10079000072018BFA0F58070EFF724FE044B00225D
:1007A000EFF78AFEF0F780F910BD0248FCE700BFC2
:1007B0000000D03F0000A0C12DE9F3411D460368B1
:1007C0001B6904460F4616469847002846D16DB966
:1007D0002368002EDB6F14BF3146FF212046984767
:1007E0004FF47A7300EB8000B0FBF3F52846F0F786
:1007F00061FA2D49F0F7B6FA2C49F0F767FBF0F7EC
:10080000B3FC236800220092D3F81C800146022327
:1008100040F272222046C04700BBD4F86831186805
:1008200003685B6A98478046D4F868311868596A4B
:10083000026812699047A0B10025236820461B6911
:10084000984718B16FF43073984207D12368D5B137
:1008500023682046DB6A98476FF0050002B0BDE8C8
:10086000F081D4F86831186803685B6D9847D4F854
:100870006831186803685B6A9847A0EB08008542F6
:10088000D2D20125D9E7D3F8843020469847636B4C
:100890001842DDD123681B6B32463946204602B030
:1008A000BDE8F041184700BF00007A4400007A41DB
:1008B000036810B5D3F894300446984730B110BDA2
:1008C000D4F86831186803685B6D9847D4F86831CC
:1008D0001868596A0268126990470028F0D02368A6
:1008E0002046D3F89830BDE81040184738B5044684
:1008F0000D4602F0DDFC344AC4F850210022C4F851
:100900006021C4F87421C4F8902140F20162A4F877
:10091000A8212E4A2E4B12692360032000230121B7
:10092000C4E95F3384F84D3184F85431C4F8583148
:1009300084F85C3184F86401C4F86C3184F8703157
:10094000A4F8723184F87811C4F88431A4F888319D
:1009500084F88A31A4F88C31C4F89431A4F8983121
:1009600084F89A31C4F89C3184F8A031C4F8A431D9
:1009700084F8AA01C4F8AB2184F8AF31C4E96C3320
:10098000C4E96F33A4F8B831C4F8C431114B6360C3
:10099000FF23A36002220423C4E90523216110235D
:1009A0000821C4E9071320204023C4E90903C4F83F
:1009B00068514FF480738025C4E90B534FF40073E2
:1009C0006363204638BD00BFCDCCCC3FC0340208A5
:1009D000805302080024743F10B5032ABDF8084074
:1009E00011D8092980F8A82110D85A1E032A80F8A6
:1009F000A9110ED8B4F5007F80F8AA310CD2A0F866
:100A0000B841002010BD6FF00900FBE76FF0070050
:100A1000F8E76FF00A00F5E76FF06900F2E7D0F849
:100A2000683170B50446186802680D469668996A80
:100A30008268B047D4F868311868996A0268D66845
:100A4000C268B047D4F86831186803680121DB69CF
:100A50009847D4F868311868996A0268D6680269BC
:100A6000B047F5B1D4F86831186803685B6A9847F5
:100A70000646236820461B699847054688B1D4F886
:100A80006831186803685B6A9847801BB0F57A7F05
:100A900008D2D4F86831186803680A21DB699847DE
:100AA000E7E70025284670BD036810B5D3F8843009
:100AB00004469847430410D5D4F8C411204601F0E9
:100AC0000F0101F04FF950B923682046D3F8EC30FC
:100AD000BDE8104044F2FF3118476FF0040010BD2C
:100AE0002DE9F047984603681B6904460F461646F1
:100AF0009847002841D194F86D31042B3FD9072E37
:100B00005BD994F86F31012B39D1FD2E58D8236869
:100B10003146DB6F2046984723680546D3F824907A
:100B20003246434639462046C84730BB20464FF43C
:100B30007A7305EB8505B5FBF3F501F001FBD4F8FD
:100B400068310646186803685B6A984705350746AA
:100B5000D4F86831186803685B6D9847D4F8683139
:100B6000186803685B6A9847C01B854209D22368EE
:100B700020469B6A98476FF00400BDE8F087FF2E7F
:100B8000C4E7D4F868311868596A02681269904756
:100B90000028DDD0032E236809D1D3F88430204605
:100BA0009847C30703D42046FFF77EFFD0E72368AA
:100BB00020469B6ABDE8F04718476FF01D00DCE750
:100BC0006FF00300D9E700001FB571B101F0F0FB31
:100BD000C0B2EFF707FC0F4B002201F10041EFF725
:100BE0006BFCEFF761FF04B010BD0123CDE90033CA
:100BF0008DF80F100DF10F021521D0F86801FEF7E6
:100C0000FEFC9DF80F00F0F755F84FF03F41F0F76C
:100C1000A9F8E8E70000E03F0121FFF7D5BF30B5B4
:100C200085B00546144601F08BFA012808D195F8E5
:100C30007031012B04D11CB9D5F89C0105B030BD31
:100C40000023ADF80C300123CDE9003303AAD5F819
:100C5000680102231321FEF7D2FC14B19DF80D3078
:100C600023709DF80C00E9E72DE9F3410546D0F823
:100C700068010F461646FEF72CFD2B680446D3F894
:100C80008430284698476FF430739C4208D110F4A2
:100C9000007F18BF6FF00504204602B0BDE8F08168
:100CA000002CF9D143062CD400F03000202814BFCA
:100CB0004FF000086FF0060800230DF10702012134
:100CC00028468DF80730FFF7AAFF16B1B04228BFBB
:100CD0003046C2B29DF807303946284601F0D0F9B7
:100CE00004460028D8D12B6844F2FF31D3F8EC3009
:100CF00028469847B8F1000F0CBF04466FF0060471
:100D0000CAE76FF00608D7E70022FFF788BF73B580
:100D1000054608464FF07E511646EFF719FF4FF093
:100D20007A51F0F71FF80DF0DBFCF0F71DFA4FF0E9
:100D30007E51C4B23046EFF70DFF4FF07A51F0F715
:100D400011F80DF08BFCF0F70FFAE107C3B25CBFAE
:100D500004F1FF34E4B2DA075CBF0133DBB201A96E
:100D600028468DF804408DF8053001F0DBF902B01B
:100D700070BD73B5002305460846ADF804300C4637
:100D8000F0F7CCF9A0F286331A2B21D9A0F25F3309
:100D9000072B28D9A0F20B33082B27D9A0F5EB732A
:100DA000282B26D9A0F5D7730A2B25D94FF08141DE
:100DB0002046EFF7CFFE4FF0814106462046EFF781
:100DC000C7FE324601462846FFF7A1FF02B070BDBC
:100DD000E122E92301A928468DF804208DF8053089
:100DE00001F0A0F9F2E7D722DB23F3E7C122C52304
:100DF000F0E775228123EDE76B226F23EAE700001D
:100E000037B500238DF807300DF10702012340F6B6
:100E10008901044601F011F9E8B9204601F090F982
:100E200001289DF8075018D10D49D4F87401EFF747
:100E30008FFE0C4920F00040F0F73CF968B105F056
:100E4000FB0501230DF1070240F6890120468DF8CC
:100E5000075001F0EBF803B030BD45F00405F0E7B2
:100E60000000FA436F12833A2DE9F0410229C8B01D
:100E700005460E46174606D003297DD06FF01800B0
:100E800048B0BDE8F08190F87031012B03D1D368F0
:100E90000BB1C0F89C312B6828461B699847002885
:100EA000EED13A6879686FF07F439A421EBFBB6803
:100EB00043F40073BB60284602F01EFAB96804468A
:100EC000284602F019FA002382B20093A1B2284604
:100ED00001F0EAF80028D3D102460146284601F085
:100EE00046FA0028CCD12B6844F2FF31D3F8EC301D
:100EF000284698470028C3D1284601F021F9012847
:100F00001AD195F8A031019395F87031009395F8B6
:100F10009C3195F86F21B5F87211284601F0ACF9B3
:100F20003B68013304BF6FF07F433B603B68C5F80B
:100F3000A43185F83860A3E710B14FF0FF309FE788
:100F400095F88A01B5F88C1195F8842195F88731C8
:100F500095F888C195F889E160B995F89C41CDF87C
:100F600008E0CDE903040020CDE900C0284601F0E7
:100F7000A9F9D5E7FF24F2E75368FF2B00F2DE80E2
:100F800001F0DEF80128044616D195F8A03101934E
:100F900095F8703100933B7995F86F21B5F872118F
:100FA000284601F069F900287FF46AAF0023009316
:100FB000012240F2012138E0A8B93B79049395F869
:100FC0008A31039395F88931CDE9010395F8883189
:100FD000009395F8873195F88421B5F88C1128464F
:100FE00001F070F9DFE7022818D1D5F87C31796873
:100FF000642B4FEAC1039BB241F6705243F20F706B
:101000000093C9B240F2E14308BF134640F62F12E5
:1010100008BF0246284601F07EF9C4E703288CD1B8
:10102000002344F2010200931146284601F03CF8E7
:1010300000287FF425AF02460146284601F097F9C3
:1010400000287FF41DAF032C19D003463A79396884
:10105000284601F001F800287FF412AF2B6844F213
:10106000FF31D3F8EC302846984700287FF408AFCA
:101070002846FFF7C5FE00283FF45BAF00E728468F
:1010800000F0C0FD00287FF4FBAE044695F8AA31BD
:10109000C3F10403A3424CDC0024FB22214609A82F
:1010A000089410F0AAF905F5E073C5E96F44C5F896
:1010B000C4410DF11C08029305F5DE73CDE90083F0
:1010C0002846D7E9001208AB079400F01DFB002862
:1010D0007FF4D6AE03469DF81C2008A9284600F0F0
:1010E000BBFF00287FF4CCAE01238DF81830079B9E
:1010F0008DF81930D5F8C0318DF81A3006AA0323BF
:1011000040F28531284600F091FF00287FF4B8AE08
:1011100095F8C071102F28BF10270446A7429DD90B
:10112000E1B2284600F01EFE00287FF4A9AE01348B
:10113000F4E7284600F0FCFD0134A7E76FF0030058
:101140009EE637B500230D468DF807300DF10702F6
:10115000012340F6D801044600F06FFF70B99DF8F6
:1011600007306DB143F01E038DF807300DF1070213
:10117000012340F6D801204600F058FF03B030BDEF
:1011800023F01E0343F00803EEE737B590F8703103
:10119000012B044602D0002003B030BD00F0D0FF88
:1011A00001280546F7D100238DF806300DF106021F
:1011B000034640F60211204600F038FF0028EBD12C
:1011C0008DF807002B460DF1070240F6441120462A
:1011D00000F033FF0028DFD19DF8073043F0020311
:1011E0008DF807300DF107022B4640F644112046DA
:1011F00000F01CFFD0E7036810B51B690446984750
:1012000060B92046FFF7C1FF40B923682046D3F8F4
:10121000EC30BDE8104044F2FF31184710BD37B53F
:1012200000230D468DF807300DF10702012340F22F
:101230003671044600F001FF88B99DF80730012D92
:101240000CBF03F0FB0343F004038DF807300DF1EE
:101250000702012340F23671204600F0E7FE03B09A
:1012600030BDF0B585B0044600F06AFF02460028A4
:1012700078D1D4F87C31D4F868010392FF26B3F515
:10128000966F029609D102210423CDE9003140F680
:10129000B801FEF745F905B0F0BDB3F5167F4FF084
:1012A00002054FF00303CDE900354FF004032ED1C2
:1012B000182240F2D161FEF733F90028EBD1CDE9D5
:1012C0000260CDE900550423D4F868011A4640F6BF
:1012D0009B01FEF725F90028DDD1CDE90260042746
:1012E0000195009702463B46D4F8680140F6B801E4
:1012F000FEF716F90028CED1CDE90260CDE90075E0
:1013000006235022D4F8680140F2AC61C1E70822FC
:1013100040F2D161FEF704F90028BCD1CDE90260AA
:10132000CDE9005502460423D4F8680140F69B013C
:10133000FEF7F6F80028AED1CDE90260042701954A
:101340000097D4F868013B46102240F6B801FEF73A
:10135000E7F800289FD1CDE90260CDE900750623AA
:101360000246CFE7002096E7F0B5054685B00F4668
:101370000A2400262B7B1BB101212846FFF74FFBD7
:10138000D5F8680110224FF448716B46CDE900662C
:10139000CDE90266FDF7B2FF06226946384610F035
:1013A00052F810B9012005B0F0BDD5F868311868C1
:1013B00003680A21DB69013C984714F0FF04D9D186
:1013C0002046F0E770B50446D0F868010E46FDF7F8
:1013D00077FED4F868311868596A026895684268DF
:1013E000A847D4F868311868D96A026895684268D5
:1013F000A847D4F8683130484FF401621A820122BC
:10140000DA74D4F868314FF440011A712B4A5A61EA
:10141000C3E90201D4F858112046FFF7A5FF38B9F7
:10142000D4F86801FDF762FE6FF00105284670BD33
:10143000D4F8505100212846EFF750FE68B93146E4
:10144000204601F03AFE054688B994F854316BBB4A
:101450002046BDE8704001F0D0BC294641F28832F8
:10146000204601F0F3FC05460028E8D0DEE72368BB
:1014700020461B699847204600F0BCFF104B9D4258
:10148000D4D18306D2D50021C4F8501141F288325C
:10149000204601F0DBFC05460028C7D13146204636
:1014A00001F00BFE05460028CFD0BFE72046BDE87F
:1014B000704001F09FBC00BF1D000D001903010822
:1014C0003DFDFFFFF7B51D46254BC0F874310623DF
:1014D00080F85C3100231646C0F89431214A80F828
:1014E0007031FF230F46A0F87251C0F86C21C0F88C
:1014F0009C3101210446FFF765FF70BB0246394667
:10150000204601F052F840BB44223146204601F00B
:1015100079F810BB236829461B6E20469847E0B92E
:101520001149204601F08EF8B8B90121204601F09A
:1015300047FD90B90123009341F60F5241F2210378
:101540000221204601F088FB38B923681B6D014653
:10155000204603B0BDE8F040184703B0F0BD00BF1F
:101560000000FA4309030001000070422DE9FF4129
:1015700017461E4645F255324CF6CC43C0E95F2370
:10158000304BC0F890311A23BDF8285080F88531CF
:1015900040F209638846A0F88631A0F88C510021FA
:1015A0000446FFF70FFF002849D1236841461B6C12
:1015B00020469847002842D1236839465B6C204674
:1015C000984700283BD13146204601F05DFA0028BB
:1015D00035D11D49204601F035F880BB23682946E6
:1015E0001B6E2046984750BB4AF61253ADF80C309C
:1015F00023680222DB6D03A920469847F8B92368C7
:1016000001469B6C20469847C8B923680146DB6CAD
:101610002046984798B9FF21204601F035FD70B962
:101620000125009541F2210341F60F520221204687
:1016300001F012FB18B92946204601F0C1FC04B0A4
:10164000BDE8F08133331C430000704238B50D46CD
:1016500002210446FFF7B6FE58B9236829461B6CE1
:101660002046984728B920460121BDE8384001F0BE
:10167000A7BC38BD70B50D4686B080F8AF310321E8
:1016800004461646FFF79EFE88BB1D49204600F023
:10169000D9FF60BB0121204601F092FC38BBCDE9A7
:1016A0000300CDE9010000900346024601462046B2
:1016B00000F008FED8B90B2384F88631236884F83B
:1016C0008501C4F880011B6C0E492046984770B90B
:1016D000032E0ED8092D84F8A8610DD8032384F8B1
:1016E000AA314FF4807384F8A951A4F8B83106B038
:1016F00070BD6FF00900FAE76FF00700F7E700BF71
:10170000000070420000FA3E2DE9F04F83469146FA
:10171000ADF5297D1C460020FF22484540F0CA80D7
:10172000B04810230026037047F25B574FF6FF7353
:101730004A462146C0E90173C66001F053FEC0F37A
:10174000072304F8093004EB09034FF417725870AB
:1017500009F102033146E65409AD11A8059310962C
:101760000FF04BFEA0482E60032101F07FFE09F12F
:101770000203DA00063210AB21469B48009501F0C7
:1017800079FEFF22314620460FF037FE9BF8A87104
:10179000032F2ED0954B0CAA03F1080C186859683A
:1017A000164603C6083363453246F7D11868998850
:1017B0009B79B371022F98BF8D4B3060B18098BF79
:1017C00013F807C02B6802934FF0000388BF4FF057
:1017D000000C1A4618460DF130084FF0010A029924
:1017E00099427BD109920732D208214610A80FF006
:1017F00044FF099B0293002293B202985B43834209
:10180000114602F10102F7D38BB25B009BB2049345
:101810009BF8AA31BDF90850C1F34E020692C3EB02
:10182000C30203EBC20300215B009BB28A460A4657
:10183000002D74DC9BF8AA216A4F8DF828906FF078
:10184000710101FB023309939BF8AF319BF8A8218A
:101850009BF8A9119B0043EAC20343EAD10343F07A
:1018600002038DF82930BBF8B8311A091B0142EA8E
:1018700041128DF82B3008238DF82A203B702F223F
:10188000FF23C7E901230026FE6035469BF8AA1115
:10189000B14200F2AF80059B9BF8A821DB00063324
:1018A0009BB2032A00F27B81DFE812F06D01750123
:1018B000A001A2010B5C53401D0145EA1313235400
:1018C000130983EA521383EAD20303F0010383EA84
:1018D000D2135200D2B21A4301301EE718F800109A
:1018E000B9B110AFDE084FEAD20EBE5D14F80E108B
:1018F000DF43D54307F0070705F007053E41F6072C
:101900000AFA05F546BF2943C9B2A94304F80E10E7
:1019100001320130844508BF002001335FE7302DDC
:1019200028464FEAD306A8BF30200390D843A75DCE
:101930004FF0010C00F007000CFA00F027EA000756
:1019400003EB0C00A755C710C043E65D00F007008D
:101950000CFA00F026EA0006E6554FF0000C9F1C3A
:10196000FE434FF0010E06F007060EFA06F60DF1E3
:1019700040084FEAD20EF81018F80EE007906FEA10
:10198000020808F00708205C4EFA08FE1EF0010F5E
:1019900014BF3043B0434FEAE70618BFC0B2A055AA
:1019A00004980244029892B290420BD8069A049886
:1019B000524492B290429FBF013189B20A468A4690
:1019C00088BF9246039E0CF1010C0FFA8CF0864200
:1019D00007F10107C4DC30460230303D18442DB217
:1019E00083B225E7DC320020D8320020D834020848
:1019F000775402089DF82B300139891B23F00C0322
:101A000043EA810304220AA938468DF82B3001F0FD
:101A1000E9FC0DF130084FF00009C8F800908DF88E
:101A20002C0002217448CDF83490ADF8389001F0C4
:101A30001DFD28220DEB020143466F48CDF80090B2
:101A400001F018FD28220DEB020143466A48CDF84B
:101A5000009001F00FFDEA08EB43A15C4FF0010E8E
:101A600003F007030EFA03F321EA0303A35405EB83
:101A70000E03DA10DB43A15C03F007030EFA03F355
:101A800021EA0303A3545D4B029305F1020C05F117
:101A90002A00029B13F8011B02934FEAD1094FEA77
:101AA000DC0A18F8099014F80A30C9436FEA0C02EE
:101AB00001F0070102F0070249FA01F919F0010FDC
:101AC0000EFA02F218BF13430CF1010C14BFDBB283
:101AD0009343604504F80A30DBD105F17203DFF867
:101AE0002091029305F14A0C0DF1300A19F8011FFB
:101AF0006FEA0C024FF0010E02F007020EFA02F23A
:101B00004FEAD10E4FEADC081AF80EE014F808305C
:101B1000C94301F007014EFA01FE1EF0010F1ABF82
:101B20001343DBB2934304F80830029B0CF1010C21
:101B30006345DBD100214FF001090BEBD10C4FEADB
:101B4000D0089CF8ABC114F808306FEA010EC2430C
:101B50000EF0070E02F007024CFA0EFC1CF0010F0B
:101B600009FA02F218BF134301F1010114BFDBB2FD
:101B70009343202904F8083000F10100DDD17235CB
:101B8000ADB2013682E60622534304330522B3FB8D
:101B9000F2F39BB203E003EB4303C3F34F033020A4
:101BA00003F12F02B2FBF0F20A44B4990A60B3FBCE
:101BB000F0F101EB810202EB820200FB11335200D3
:101BC0009BB292B213B102331A4492B29BF8AA119B
:101BD000722313FB0123B39A1360B29A0733DB0815
:101BE000002013600DF5297DBDE8F08F5B00D0E784
:101BF00003EB4303CDE700BFD83200207A5402083C
:101C0000A154020870B5464A8AB0034605AC02F1F9
:101C1000100610685168254603C50832B2422C46AA
:101C2000F7D110683F4A286010689288ADF81020FC
:101C30003D4A029249F28E52ADF8042093F8AF214A
:101C40000390002A93F8A9210AA800EB42020CBFD6
:101C50003421082132F8142CB2FBF1F20621632A58
:101C6000A3F8B021A3F8B2112AD037D83C2A53D018
:101C700022D81E2A19D8092A1BD92C4921FA02F286
:101C8000D20716D5B3F8B8210AA901EB9211B2F523
:101C9000C07F11F81C1CA3F8B41102F03F01A3F897
:101CA000B61106D200200AB070BD232AEAD02F2A2E
:101CB000E8D06FF06900F6E73E2A2DD0562AF8D119
:101CC000B3F8B8210AA901EBD21102F07F0211F892
:101CD000201CA3F8B411A3F8B621E3E7B2F5C37F43
:101CE00013D00ED8B92A01D0C62AE2D1B3F8B82150
:101CF0000AA901EB1221D2B211F8241CA3F8B411E5
:101D0000E9E740F293118A42D3D14FF48472A3F8E9
:101D1000B421B3F8B821DEE73822A3F8B221B1E745
:101D2000E834020870540208414447480004405017
:101D300010B5B0F8B231B0F8B611B0F8B041024603
:101D400003F001005B0818B1B2F8B40143409BB244
:101D5000994214BF81EA030008468442F0D3A2F8F6
:101D6000B23110BDD0F8C0312DE9F34104460E4622
:101D7000002B66D0FFF7DCFFB4F8B031471EBAB2D3
:101D80003FB2B7EB530FA8BFD21A03F0010594F886
:101D9000AF31A8BF17B20135002B56D0AD004FF4BC
:101DA00080584FF09841D4F86001EEF7DBFF4FF018
:101DB0007451EEF7D7FFEFF7D7F9D4F8C42194F8B0
:101DC000AA316D0208FB07559A42A0EB050004D228
:101DD0009B1ADB0758BF00F5807006EB460700BA78
:101DE0007F00042301900DEB030207F28A312046A5
:101DF00000F01CF930BB6EB394F8AA31B3422BD873
:101E0000D4F8BC51312D29D8ADB200238DF8003063
:101E10006A46022307F5627120468DF8015000F0F2
:101E200005F978B9D4F8BC315B1BC4F8BC31D4F8DF
:101E3000C031013BC4F8C031D4F8C4310133C4F817
:101E4000C431002002B0BDE8F0811A235D434FF495
:101E5000D048A6E77325D8E77225D6E73225D4E720
:101E6000014801F0FFBA00BFD832002030B5044667
:101E700085B0D0F868010D460121FDF782FC0023F2
:101E8000CDE900330DF10F02D4F86801AD00012354
:101E900084218DF80F50FDF7F4FBD4F86831054626
:101EA000186803680121DB699847284605B030BDF2
:101EB0000121FFF7DBBF7FB504460D461646D0F87B
:101EC00068010121FDF75DFC46B10023CDE9003337
:101ED0001A46D4F868011946FDF7D3FB0123CDE972
:101EE000003303AAD4F868018DF80C508021FDF767
:101EF000C8FB04B070BD90F84D110122FFF7DBBFA5
:101F00000122FFF7D8BF1FB50B0C8DF80C300B0A60
:101F10008DF80D300123CDE900338DF80E10032329
:101F200003AA8321D0F86801FDF7ABFB05B05DF88B
:101F300004FB1FB50B0C8DF80C300B0A8DF80D301F
:101F400000220123CDE900328DF80E10032303AAED
:101F50008221D0F86801FDF794FB05B05DF804FB21
:101F60002DE9F04385B090F86C919DF830800646DD
:101F70000D981C4617460D46EEF79CFE1E49EEF7DF
:101F8000A5FFEFF7F1F8FF2D08BF0225FF2F04BFD3
:101F900009F10D095FFA89F7FF2C08BF0A248DF8B3
:101FA0000A400124CDE90044030CB8F1FF0F8DF87D
:101FB0000C304FEA102308BF4FF000088DF80D30A9
:101FC0008DF80E000723D6F868018DF8085002AA94
:101FD00088218DF809708DF80B80FDF752FB40B910
:101FE000CDE9004403460246C521D6F86801FDF755
:101FF00048FB05B0BDE8F08300007A411FB58DF8BD
:102000000D309DF818308DF80F300123CDE90033E5
:102010008DF80C108DF80E20042303AA9521D0F81A
:102020006801FDF72EFB05B05DF804FB08B5D0F89C
:102030006801FDF7ECF9002008BD10B50446104614
:102040001A460346D4F86801FDF758F9D4F8680138
:10205000BDE81040FDF73DBB10B586B00E248DF8ED
:1020600015300123CDE9013300920B46022205A968
:10207000D0F868018DF81440FDF7E9FA06B010BDFC
:1020800010B586B01E248DF815300123CDE901333B
:1020900000920B46022205A9D0F868018DF8144081
:1020A000FDF794FA06B010BD1FB55BBAADF80C3061
:1020B000BDF818305BBAADF80E300123CDE900331E
:1020C00049BA082352BAADF80810ADF80A201946EB
:1020D0000DEB0302D0F86801FDF7D3FA05B05DF807
:1020E00004FB1FB50123CDE9003349BA0223ADF843
:1020F0000C1003AA1946D0F86801FDF7C2FA05B022
:102100005DF804FB1FB50123CDE9003309BA039143
:10211000042303AA8621D0F86801FDF7B2FA05B0BE
:102120005DF804FB07B50123CDE900330A4602231D
:102130009821D0F86801FDF7A4FA03B05DF804FB1C
:102140001FB5FF238DF80F300123CDE900330DF1CA
:102150000F021121D0F86801FDF751FA9DF80F0028
:1021600005B05DF804FB30B5012385B0CDE900333F
:1021700004460D468DF80C108DF80D20D0F868013E
:10218000022303AA8E21FDF77CFA08B984F898513E
:1021900005B030BD2DE9F0431E4685B090F878318A
:1021A0009DF83040054688461746A3B190F86C016B
:1021B0004FF0010909FA00F0EEF77CFDD5F8741133
:1021C000EEF784FE4FF08341EEF77EFF00280446D1
:1021D00018BF4C46E4B2012385F86E41CDE90033C7
:1021E00003AAD5F868018DF80C8004238B218DF8A3
:1021F0000D708DF80E608DF80F40FDF742FA05B0B6
:10220000BDE8F08330B585B00D0C089C8DF80C301E
:10221000230C8DF80D300123CDE9003308238DF810
:1022200008508DF80A100D0A8DF80B2064BA0DEBDA
:1022300003028B21D0F868018DF80950ADF80E40EB
:10224000FDF71FFA05B030BD1FB50B0C8DF80C3033
:102250000B0A8DF80D300123CDE900338DF80E10F7
:102260008DF80F20042303AA8B21D0F86801FDF715
:1022700008FA05B05DF804FB2DE9FF419DF82C80BC
:102280000C464146064617461D46FEF7C8FFB0B944
:102290009DF828308DF80A300123CDE9003364BA67
:1022A000D6F86801ADF80840062302AA8C218DF803
:1022B0000B508DF80C708DF80D80FDF7E2F904B02D
:1022C000BDE8F0817FB58DF813309DF828308DF88A
:1022D0000E208DF814309DF820208DF80F2001235A
:1022E000CDE900339DF824208DF810209DF82C2096
:1022F0008DF8112049BA9DF83020ADF80C108DF8FA
:102300001220092303AA8C21D0F86801FDF7B9F93E
:1023100007B05DF804FB30B585B00546BDF8200078
:102320008DF808108DF80A20110A8DF80C301A0A61
:10233000030A8DF80D300123CDE900338DF8091023
:102340008DF80B208DF80E0002AAD5F868018C21BB
:10235000FDF797F9044638B9D5F8680106230DF161
:102360000902F021FDF753F8204605B030BD1FB536
:102370000123CDE900338DF80C108DF80D200223D8
:1023800003AA8F21D0F86801FDF77BF905B05DF84D
:1023900004FB1FB50123CDE900338DF80C1003AA0F
:1023A0009621D0F86801FDF76CF905B05DF804FBE3
:1023B0001FB50F4B1A889B788DF80E300123CDE99D
:1023C0000033ADF80C20032303AA1421D0F86801D0
:1023D000FDF715F99DF80D309DF80C209DF80E00C5
:1023E0001B0243EA0243184305B05DF804FB00BF3B
:1023F000FC3402081FB50023ADF80C300123CDE9F1
:10240000003303AA02231721D0F86801FDF7F7F87B
:10241000BDF80C0040BA80B205B05DF804FB1FB5F2
:102420000023ADF80C300123CDE9003303AA0223C9
:102430000721D0F86801FDF724F905B05DF804FB29
:10244000D0F868312DE9F0411D682A6804465769C3
:10245000926D0E462846596A9047D4F868311B6839
:10246000014632462846BC465B69BDE8F0416047FC
:10247000D0F8683170B51C68596A226820469569A1
:10248000926D90472B4601462046BDE870401847A4
:102490000368D3F8DC3018470368D3F8E0301847F6
:1024A00073B505460E46FFF74BFE0128044656D18C
:1024B00000213046EEF708FE00283BD0294930467F
:1024C000EEF7F8FD002835D04FF07C513046EEF79E
:1024D00049FC2549EEF73EFBEEF746FEC3B2142B4E
:1024E00021D8022B26D9033B112B23D8DFE803F098
:1024F0002F2209220A222229222222222B222222D0
:10250000222D082495F86E3185F85C41C5F8746178
:10251000009395F86D3195F86C1122462846FFF727
:1025200039FE02B070BD7D2B13D006D81F2B12D000
:102530003E2B12D06FF00700F3E7FA2BFAD10624F6
:10254000E0E70924DEE70224DCE70A24DAE70024D6
:10255000D8E70524D6E70324D4E70424D2E76FF0B4
:102560001300DEE70000FF430AD7233C37B50446DB
:102570000D46FFF7E5FD012811D16B1F072B11D880
:1025800094F86E3184F86C51009394F86D3194F89E
:102590005C2129462046FFF7FDFD03B030BD6FF0FA
:1025A0001300FAE76FF00800F7E773B505460C462D
:1025B0001646FFF7C5FD01281ED1231FDBB2042BF1
:1025C0001DD8BEB1062C11D8042C08BF002495F8E4
:1025D0006E3185F86D41009395F85C2195F86C118A
:1025E00023462846FFF7D6FD02B070BD082C06D161
:1025F0000724ECE71C46EAE76FF01300F4E76FF0FE
:102600000900F1E773B506460D461446FFF798FD3D
:10261000012814D125F00F0343EA141304F00F042A
:1026200044EA05118DF804308DF80510022301AA43
:102630004FF4E8613046FFF7F9FC02B070BD6FF06F
:102640001300FAE737B50C46054600212046EEF7A1
:102650003BFDB0B10C492046EEF72CFD88B10B498B
:102660002046EEF733FCEEF77FFD01238DF80700DF
:102670000DF1070240F6E7012846FFF7D7FC03B04B
:1026800030BD6FF01000FAE700000C43000020405E
:10269000F0B587B005460C46FFF752FD012811D171
:1026A00095F8A031A1B2A5F87211019395F8703197
:1026B000009395F89C3195F86F212846FFF7DCFDD3
:1026C00007B0F0BD78BB95F88801A1B281420A46F7
:1026D000A8BF02461F2AA5F88C111CDC172A1CDC97
:1026E0000F2A1CDC003A18BF0122920095F88A419B
:1026F00095F8873195F8897185F884218CB995F81A
:102700009C610297CDE903460024CDE900042846E8
:10271000FFF7D8FDD4E70722E8E70622E6E705221F
:10272000E4E7FF26EDE74FF0FF30C9E737B5044691
:102730000D46FFF705FD68BB00212846EEF7B0FC0B
:1027400060B916492846EEF7BFFC20B11449284667
:10275000EEF7B0FC18B96FF0650019E00F4D1149A4
:102760002846EEF7FFFA4FF09841EEF7FBFA0E49D4
:10277000EEF7ACFBEEF7F8FCC4F88001009094F89B
:10278000853194F88621D4F87C112046FFF73AFD74
:1027900003B030BD6FF01300FAE700BF9A99193FFC
:1027A0000000484300007A440024F44B37B5044647
:1027B0000D46FFF7C5FC002839D0032805D00228B4
:1027C00010D06FF0130003B030BD25492846EEF756
:1027D0007BFC20B123492846EEF76CFC38BB6FF038
:1027E0006400F0E720492846EEF76EFC0028F6D09A
:1027F0001E492846EEF75EFC0028F0D01C4928460A
:10280000EEF7B0FA01461B48EEF760FBEEF7ACFCC2
:1028100016220146C4F87C012046FFF715FD00286A
:10282000D1D1204603B0BDE83040FEF71ABD1049B3
:102830002846EEF797FA01460E48EEF747FBEEF70B
:1028400093FCD4F88031C4F87C010093014694F8DD
:10285000853194F886212046FFF7D4FCDFE700BFDE
:1028600023DBF93E355EFA3ECDCCCC3D9A99193F3B
:1028700000007A440024744EF0B589B003AC84E8BB
:102880000E0003689DF83860D3F8CC30049F0DF13A
:102890001F01054698470446002851D1032E9DF894
:1028A0001F3002D09E420FD13346E3B92B68039903
:1028B0001B6C284698470446002841D12B683946AE
:1028C0005B6C284698470CE02B6828461B699847A4
:1028D00038B92B683146D3F8C830284698470028C5
:1028E000E2D004462CE0012B17D12B689DF80C1088
:1028F000D3F8E83028469847044608BB2B68394689
:10290000D3F8E430284698470446C8B902469DF8F3
:1029100014102846FFF749FEE3E7022B10D14FF4CD
:10292000807300939DF80D209DF80C10032328461A
:10293000FEF752F80028D4D19DF80E3085F8AF315B
:10294000204609B0F0BD000030B585B004AC04E904
:102950000E009DF82030029C032B07D1036808A9C4
:10296000D3F8CC30984718B105B030BD4FF0FF30E8
:102970009DF82030CBB9019D1F492846EEF7A4FBF6
:1029800068B31E492846EEF795FB40B31A49204626
:10299000EEF79AFB30B31A492046EEF78BFB00287E
:1029A00014BF00206FF06500DEE7012BDCD19DF83D
:1029B0000430053B072B18D800212046EEF784FB96
:1029C000B0B110492046EEF775FB88B19DF80C3088
:1029D000043B042B94BF00206FF00900C4E76FF0A4
:1029E0006400C1E76FF06500BEE76FF00800BBE769
:1029F0006FF00700B8E700BF9A99193F00009643AF
:102A0000000048430000FF43F0B51D4C8BB01D464D
:102A10006B468C46164604F1280E1F4620686168F6
:102A20001A4603C2083474451346F7D11549604667
:102A3000EEF798F9EEF798FB6C1E80B23A46002349
:102A40009C420DD8EEF73AF90E4905461098EEF77C
:102A500089F901462846EEF72DFB68B1335D04E0A5
:102A600032F8021B814205D9F35C119A00201370E1
:102A70000BB0F0BD0133E3E76FF06700F8E700BF8C
:102A80000035020800002041F0B589B004460F4629
:102A9000FFF756FB48BB164B02AD03F1100C2A465C
:102AA000186859682E4603C6083363453546F7D182
:102AB00018681B79337104F28513306001930D4B54
:102AC0000093394615232046FFF79EFF58B9D4F8E6
:102AD0008031009394F8853194F88621D4F87C11E4
:102AE0002046FFF78FFB09B0F0BD6FF01300FAE747
:102AF000CA5402080080E94337B500290CBF94236B
:102B00009623154680F89A118DF803300DF10302D3
:102B1000012340F6AC010446FFF788FA70B96DB1A5
:102B2000074B1A889B78ADF804208DF8063001AA6F
:102B3000032340F29F212046FFF778FA03B030BD0F
:102B4000E054020837B505460C46FFF7F9FA08B11C
:102B500003281CD1042C1DD8DFE804F0040313154E
:102B600017000824D5F8803185F88641009395F840
:102B70008531D5F87C1122462846FFF743FB03B088
:102B800030BD0924EEE70A24ECE70B24EAE76FF0F6
:102B90001300F4E76FF06900F1E7F0B587B0054680
:102BA0000E461446FFF7CCFA00283CD1082C50D82A
:102BB000E4B2234632464FF4D8612846FFF736FA8E
:102BC00038BBB5F88C11E400E4B2A1420A46A8BFB4
:102BD00022461F2A85F888411DDC172A1DDC0F2A92
:102BE0001DDC003A18BF0122920095F88A0195F881
:102BF000873195F8897185F8842190B995F89C61A1
:102C00000297CDE903060020CDE900402846FFF7F2
:102C100059FB07B0F0BD0722E7E70622E5E70522EA
:102C2000E3E7FF26ECE7012809D1012C11D8317820
:102C30004422284607B0BDE8F040FFF7E3BC032874
:102C400004D1042C05D13368C5F8AB316FF0130003
:102C5000DFE76FF06800DCE72DE9F04188B004465B
:102C60009DF838800D4617461E46FFF769FA002882
:102C70004AD1012D08D0022D3DD0002D40D06FF457
:102C80002F7008B0BDE8F0814FEA88085FFA88F538
:102C900094F88A31B4F88C1194F8842194F888C19E
:102CA00094F889E184F8875163BB94F89C01CDF8CE
:102CB00008E0CDE903300023CDE900C320462B46D0
:102CC000FFF700FB0028DCD17FBA022307AA40F2FD
:102CD000BC612046ADF81C70FFF7A8F90028D0D1E0
:102CE00076BA022307AA40F2BE612046ADF81C6006
:102CF000FFF79CF9C5E7B8F1000F18BF0625C7E735
:102D00000125C5E7FF20D2E7012812D12A1E94F839
:102D1000A03118BF012284F86F21019394F870311B
:102D2000009394F89C31B4F872112046FFF7A4FA8E
:102D3000A7E74FF0FF30A4E7F0B589B004460E4690
:102D40001546FFF7FDF9002851D1DEB994F88A0144
:102D500084F88961B4F88C1194F8842194F887314F
:102D600094F8886160B994F89C51CDE9030500207E
:102D70000290CDE900602046FFF7A4FA09B0F0BD4B
:102D8000FF25F2E7012384F8893107AA4FF4D761C0
:102D90002046FFF752F90028F0D19DF81C308DF83D
:102DA0001D50C5F3002223F0010313438DF81C309E
:102DB00007AA02234FF4D7612046FFF737F900280E
:102DC000DCD194F88A01B4F88C1194F8842194F839
:102DD000873194F8886194F8897130B994F89C51DE
:102DE0000297CDE903050020C3E7FF25F8E76FF060
:102DF0001300C3E70021FFF7CCBA0121FFF7C9BADE
:102E0000003940F2FF1218BF0121FFF795BFD0F83B
:102E10006801FCF791BC37B504460D46FFF790F901
:102E2000012810D184F8A051019594F870310093D5
:102E300094F89C3194F86F21B4F872112046FFF792
:102E40001BFA03B030BD6FF01300FAE7F0B503686A
:102E500085B01B6906460D46174698473046FFF772
:102E6000C9FA830602D53046FFF7D9FA494925F059
:102E70000040EEF71FF9044630B10121304605B09D
:102E8000BDE8F040FDF7CBBD43492846EDF760FEB5
:102E9000404920F00040EEF70DF9002869D13F4984
:102EA0002846EDF755FE3B4920F00040EEF702F9C9
:102EB000002860D13A492846EDF74AFE354920F00E
:102EC0000040EEF7F7F8002857D136492846EDF7CD
:102ED0003FFE304920F00040EEF7ECF800284ED1DC
:102EE00031492846EDF734FE2A4920F00040EEF73C
:102EF000E1F8002845D12D492846EDF729FE25495E
:102F000020F00040EEF7D6F800283CD128492846AA
:102F1000EDF71EFE1F4920F00040EEF7CBF8A0BBF6
:102F200024492846EDF714FE1A4920F00040EEF738
:102F3000C1F860B3072338468DF80C30EDF7BAFEC0
:102F40001D49EDF7C3FFEEF70FF9030C8DF80D30B7
:102F50000123C6F89471CDE9003340BAADF80E00F4
:102F60000423D6F8680103AA9721FCF78AFB05B071
:102F7000F0BD2346DFE70123DDE70223DBE7032380
:102F8000D9E70423D7E70523D5E70623D3E70B4882
:102F9000EDE700BF6F12833ACDCCCC3F9A99D93F71
:102FA0006666E63FCDCC0C409A991940CDCC2C40BA
:102FB000000040403333534000007A4141FDFFFFA1
:102FC0001FB5012380F89911CDE900338DF80F105A
:102FD0000DF10F029D21D0F86801FCF752FB05B0FE
:102FE0005DF804FB2DE9FF411F4600230D46164600
:102FF0008DF80F300DF10F02012340F6E701044672
:10300000FFF71BF8C8B94FF001089DF82820CDF84C
:1030100000803B4631462046FEF7F0FF68B90422A7
:10302000E9B22046FFF79FF838B943460DF10F0289
:1030300040F6E7012046FEF7F9FF04B0BDE8F08155
:1030400070B586B004460E461546FFF779F8C0B94C
:10305000CDE9036594F88931CDE9010394F888310D
:10306000009394F8873194F88421B4F88C112046A9
:10307000FFF728F918B984F88A61C4F89C5106B0A2
:1030800070BD6FF01300FAE70A460121FFF7D8BFC1
:1030900010B504460846C4F860114FF09841EDF7AA
:1030A00061FE4FF07451EDF75DFEEEF75DF80146FD
:1030B0002046BDE81040FFF725B8F0B5037B85B08A
:1030C00005460C4673B90126CDE900663346D5F8AE
:1030D00068018DF8084002AA8A21FCF7D2FA40B1B3
:1030E00005B0F0BD00221146FFF741F90028EAD0F3
:1030F000F6E795F84D31CDE90066002B0CBF202393
:1031000030238DF80830D5F86801334602AA9321A0
:10311000FCF7B7FA0028E3D103228DF8082095F8D0
:103120006C21ADF80C00CDE900660D328DF8092058
:103130000A22ADF80A208DF80E000723D5F86801A1
:1031400002AA8821FCF79DFA07460028C8D12B68FF
:1031500044F2FF31D3F8EC302846984700970446F4
:103160003B463A4639462846FEF79EFF204300B2CA
:103170000028B5D1CDE900607F238DF80830D5F85F
:103180006801334602AA8921FCF77BFA0028A7D1FF
:10319000D5F86831186803680521DB699847D5F8C8
:1031A00068311868D96A02681269904720B9D5F861
:1031B0006801FCF78EFA93E7D5F868311868036860
:1031C0005B6D9847EBE76FF0180070476FF01800E1
:1031D00070476FF018007047036800215B6918475B
:1031E0006FF0180070476FF0180070476FF018000C
:1031F00070476FF0180070476FF0180070476FF05D
:10320000180070476FF01800704784B004A800E9F8
:103210000E006FF0180004B07047002070470000E7
:10322000004870470000C8C182B08DE80C00002043
:1032300002B07047002070476FF0180070476FF0C1
:1032400018007047002070477047704770476FF054
:103250001800704730B585B00025CDE902558DF8CE
:1032600008300368CDE90012D3F8D0306A46032154
:103270000446984720B923682046D3F8D4309847AD
:1032800005B030BD1FB50293069B03930368CDE9DB
:103290000012D3F8D0306A4602210446984720B97C
:1032A00023682046D3F8D430984704B010BD0000FE
:1032B00070B5104B036004460126002506732822D2
:1032C000002110300EF099F8A5634FF48072294662
:1032D00004F13C000EF091F84FF07E5384F8445115
:1032E000C4E94F55C4F8485184F84C516360A66056
:1032F000204670BDEC540208002330B51A46012563
:10330000103005FA03F40C4204D050F823401F2C6F
:1033100018BF22430133202BF3D1104630BDF7B53F
:1033200006460C46A9B101AF002533683046D3F8F4
:10333000A43098470135EDB2042D07F8010BF4D104
:10334000019B1BBA002BB8BF5B4293FBF4F204FB5A
:103350001234204603B0F0BD38B590F84C31044625
:103360009BB9D0F83C2141EA4201D0F84821C0F88D
:103370003C111140D0F84021914205D1012280F842
:103380004C2180F83930438738BD90F83A2094F8C2
:1033900039300244012592F83C009D40B9B12843E0
:1033A000C0B2591CC9B2082982F83C0084F839100F
:1033B000EAD100F0D9F894F83A30E218013382F8F3
:1033C0003C0084F83A30002384F83930DCE720EA06
:1033D0000500E6E7082202700022C0E90122C2606F
:1033E000028270472DE9F843002684684FEAC2083C
:1033F00005460F463246B04510D1EB6884EA03001B
:103400006B7C13B1297800F0AFF82A784FF0FF33C6
:10341000C2F12002D3401840BDE8F88373070CD1F5
:103420002B7CB85C02F1010913B1082100F09CF873
:103430002B78083B984044404A462B78013B24FABD
:1034400003F313F0010F18BF6B684FEA440418BF71
:103450005C400136CFE700000148FFF7BBBF00BF6B
:10346000DC3200200022027042707047002303709B
:10347000417070472DE9F74F019200296CD0002B65
:103480006AD0002296461546019CA54212D16907D2
:1034900008D04178032904BF110C03F8011B110A5D
:1034A00019705A700C9B0BB1C3F800E0002003B0F8
:1034B000BDE8F08FEC0890F8018011F804C0284CAA
:1034C000284EEF4307F00707B8F1020F4CFA07FC4C
:1034D00008BFA2460CF0010C047818BFB246CCF12C
:1034E00001064FEA940B6FEA04094FEA860609F0D9
:1034F0000309F6B206EBC9065AF82B904FF0020A00
:1035000029FA06F61AFB04C40CBF4FF010094FF05D
:103510004009B4FBF9FC09FB1C4406F00F060470DB
:1035200007FB08F705F00704BE40072C42EA060235
:103530000CD1B8F1030F04BF140C03F8014B1C4667
:10354000160A04F8026B5A70234600224478744429
:103550001FFA84FE013597E74FF0FF30A7E700BF61
:10356000C8550208D85502080023F0B504460125C5
:1035700018464E1EDAB2914200D8F0BD05FA03F2A9
:103580002240DA40F71ABA4010430133F2E770479D
:1035900070477047084670477047000010B5C0E993
:1035A0000223029B0361039B4361049B836100230D
:1035B000C361044B044C1A68C0E9004102B91860A9
:1035C00010BD00BFF03200202056020810207047C6
:1035D00010B5064B0446B02140F80C3B00F0CFFA82
:1035E000204600F085F8204610BD00BF885602082E
:1035F00010B50446FFF7ECFF2046BC21F2F7CBF9EB
:10360000204610BD102AF8B54AD100F10C0301F193
:10361000100251F8044B43F8044B9142F9D100F1E8
:10362000180400F1B80601250423042B04F1040753
:1036300022D12A462146384600F084FA237914F82C
:103640000C2CE1795340237114F80B2C637953400F
:10365000637114F80A2CA3795340A37114F8093C40
:1036600001355940EDB200230133B742E171DBB2BD
:103670003C46DAD10120F8BD14F80C1C22784A40EF
:10368000227114F80B1C62784A40627114F80A1C0B
:10369000A2784A40A271E17814F8092C5140E3E77E
:1036A0000020E8E710B5044600F014F8044B23604E
:1036B0000A23237104F10C03A360204610BD00BF50
:1036C000885602081020704701798068013109018D
:1036D00000F055BA10B5044600F04AFA034B2360D7
:1036E00000232371A360204610BD00BFB05602081E
:1036F00010B5034B0360044600F040FA204610BDAD
:10370000B0560208184B0A789A5C02704A799A5CA3
:1037100042708A7A9A5C8270CA7B9A5CC2700A791B
:103720009A5C02714A7A9A5C42718A7B9A5C8271D5
:10373000CA789A5CC2710A7A9A5C02724A7B9A5C75
:1037400042728A789A5C8272CA799A5CC2720A7BE7
:103750009A5C02734A789A5C42738A799A5C8273A3
:10376000CA7A9B5CC3737047E3570208184B0A7808
:103770009A5C02704A7B9A5C42708A7A9A5C827088
:10378000CA799A5CC2700A799A5C02714A789A5C2A
:1037900042718A7B9A5C8271CA7A9A5CC2710A7A97
:1037A0009A5C02724A799A5C42728A789A5C827256
:1037B000CA7B9A5CC2720A7B9A5C02734A7A9A5CF0
:1037C00042738A799A5C8273CA789B5CC373704730
:1037D000E3560208F0B50E7891F801C08D78CF78E5
:1037E000F40904EB44044FEADC1104EBC40401EBDC
:1037F000410184EA46048CEA050E01EBC101E4B202
:1038000087EA0E0E81EA4C01C9B2EB0984EA0E0E7A
:1038100081EA0E0EFA0903EB430303EBC30302EB49
:10382000420280F800E086EA050E83EA450387EA53
:103830000E0E86EA0C0602EBC202DBB282EA4702F7
:1038400081EA0E0177407540D2B259406C407B400E
:103850005340624041708370C270F0BD2DE9F04169
:10386000846888B0531E0D46671E0F326E4613F8EB
:10387000011F17F801CF934281EA0C0106F8011BE2
:10388000F5D1077910343E46A046012E1BD87B1E89
:10389000002FDBB24FEA031308BF00231C44694624
:1038A00004A8FFF72FFF013D631E0F3413F8011F1B
:1038B00010F8012BA34282EA010205F8012FF5D18D
:1038C00008B0BDE8F08104A86946FFF71BFF014678
:1038D0006846FFF77FFF05A901A8FFF77BFF06A950
:1038E00002A8FFF777FF03A807A9FFF773FF08F106
:1038F000FF336A4608F10F00117813F801CF81EA0F
:103900000C01834202F8011BF6D1013E08F11008B8
:10391000F6B2BAE72DE9F04F91F800B04E78CF78C3
:103920008D784FEADB1303EB430303EBC30387B04C
:1039300083EA4B03DBB20193F309FA0903EB430378
:1039400003EBC30302EB420283EA460302EBC2022B
:1039500082EA4702DBB20293B409D3B2484A039326
:103960004FEA971C145D12F80CC084EA8604E3B297
:103970008CEA870C04935FFA8CF34FEA5B1CAC096A
:1039800012F80CA005934FEA561C4FEA9B1912F847
:103990000C80145D12F80990019B4FEA551C84EAD3
:1039A000850412F80CE04FEA571CE4B212F80CC080
:1039B00086EA05027A405A40029B88EAC6085A40C5
:1039C0005FFA88F88AEACB0A8EEAC50E62405FFA8F
:1039D0008EFE5FFA8AFA8CEAC70C89EA8B0988EABC
:1039E00002025FFA8CFC8AEA09098EEA0202E909FE
:1039F0005FFA89F98CEA020289EA020201EB4101CD
:103A0000027001EBC1018BEA05027A4081EA4501AF
:103A1000C9B25340049A4B405340059A53408AEA36
:103A2000030388EA03038EEA03038CEA03038BEAA9
:103A3000060643707740039B039A79405940019BE7
:103A400075406B405340049A5340059A4C40534094
:103A500088EA04048AEA030A8EEA040488EA0A0867
:103A60008CEA04048EEA080E89EA04098CEA0E0C3A
:103A700080F8029080F803C007B0BDE8F08F00BF67
:103A8000DB5602082DE9F0438468077989B00D46BA
:103A900004EB07146946531E661E0F32894613F85D
:103AA000010F16F801CF934280EA0C0001F8010BD8
:103AB000F5D1494604A8FFF759FE3E46A046012E1F
:103AC000A8F1100819D87B1E6FF00F02DBB2002F8F
:103AD00002FB03F308BF00231C44A21804AB013D02
:103AE00012F8010B13F8011BA24281EA000105F84C
:103AF000011FF5D109B0BDE8F08304AA434608F1DF
:103B00001000117813F801CB81EA0C01834202F80E
:103B1000011BF6D104A94846FFF7FCFE05A901A840
:103B2000FFF7F8FE06A902A8FFF7F4FE07A903A80D
:103B3000FFF7F0FE013E494604A8FFF717FEF6B274
:103B4000BDE7000030B5084B4C78084D1C5DAA5C01
:103B5000544004708A789A5C4270CA789A5C827089
:103B60000A789B5CC37030BDE3570208D056020848
:103B7000014B0360704700BFEC58020870470144D6
:103B80000023884200D1704700F8013BF9E730B5C7
:103B900002440023904204D1C3F58070C0F300209A
:103BA00030BD10F8014B11F8015B6C402343F1E785
:103BB0002DE9F0419CB0164F164B4FF00908054611
:103BC000082603A8CDF8008010220C4601F05EF90B
:103BD0003B46424613A903A8009601F057F9334625
:103BE00003AA2146204601F0E7F833463A4621462B
:103BF000284601F04DF933463A462946284601F059
:103C000047F9642103A8FFF7BAFF1CB0BDE8F081B3
:103C1000305902080C59020838B5144605464023AD
:103C200020460A46102101F0AEF800232364214605
:103C30002846BDE83840FFF7BBBF2021FFF79FBFF4
:103C40002DE9F0410D46A0B000F12008044605F131
:103C5000200602464146684601F044FA2A463146AB
:103C600010A801F03FFA10AA6946684601F0D6F99B
:103C70002246414608A801F01EFA2A46314610A8FD
:103C800001F019FA08A904F1600610AA084601F02B
:103C9000C5F905F16002314610A801F0BFF910A97D
:103CA00004F140070846224A01F0C8F905F1400234
:103CB000394618A801F0B2F918AA1146104601F0C9
:103CC000FAF96A4608A9304601F00CFA10AA18A9B8
:103CD000384601F007FA18A910AA084601F0EBF9D6
:103CE00008A96A46084601F0E6F93A4631462046F8
:103CF00001F094F908AA18A9404601F08FF918AA12
:103D00003946384601F08AF908AA3146304601F0B2
:103D100085F96846FFF791FF08A8FFF78EFF10A806
:103D2000FFF78BFF18A8FFF788FF20B0BDE8F081F0
:103D3000D05902082DE9F041064690B001F1400843
:103D40000D464246014606F14007684601F066F915
:103D50003A46294608A801F061F920220DEB02013C
:103D60006846FFF714FF424606F120010446684604
:103D700001F054F93A4605F1200108A801F04EF986
:103D800020220DEB02016846FFF701FF0440684660
:103D9000FFF753FF08A8FFF750FFE4B2204610B02A
:103DA000BDE8F0812DE9F041044600F120060A4605
:103DB000202388B00821304600F0E5FFE36B334D47
:103DC000DF0F04F1400823F00043E363424605F1AE
:103DD000200C2B4603CB6345106051601D4602F159
:103DE0000802F6D104F1600532463146284601F05A
:103DF00015F942462946204601F074F9244A29461D
:103E0000284601F01BF942462946284601F053F99D
:103E10002946684601F0EBF96A462146284601F03A
:103E2000FDF86846FFF709FF236E2A4604F17C017E
:103E300052F8040F8A4243EA0003F9D15BB91FB17B
:103E4000002008B0BDE8F0812022394620460DF060
:103E5000D4FA0120F5E72946204601F0F3F90028BD
:103E6000EED0236803F00103BB4209D020220021D9
:103E700028460DF0C2FA22462946204601F032F9C2
:103E800032462146284601F0C9F8E2E77059020897
:103E9000F05902088021FFF772BE00002DE9F04FB3
:103EA000C5B00546029114460021802201930126E7
:103EB0000DF0A3FAFF232E622E6400934FF0000A48
:103EC00004F12008029B53F82A70019B37400BB97C
:103ED000002F7BD005F120092A46494604A801F0AD
:103EE00001F92246414614A801F0FCF804A908464D
:103EF00014AA01F093F82A4649460CA801F0DBF811
:103F00002246414614A801F0D6F80CA9084614AA86
:103F100001F084F805F16003194604F1600214A869
:103F2000039301F07BF814A908466E4A05F1400B93
:103F300001F084F804F1400259461CA801F06EF823
:103F40001CAA1146104601F0B6F804AA0CA93CA818
:103F500001F0C8F814AA1CA934A801F0C3F81CA9E0
:103F6000084614AA01F0A7F80CA904AA084601F013
:103F7000A2F8019B34AA3CA9002B00F09F8024A842
:103F800001F04CF80CAA1CA92CA801F047F834A9A0
:103F900008461CAA01F042F83CA908460CAA01F008
:103FA0003DF824AA2946384601F0CAF82CAA494609
:103FB000384601F0C5F834AA5946384601F0C0F831
:103FC0003CAA05F16001384601F0BAF822464146A4
:103FD00004A801F087F804AA1146104601F01EF863
:103FE000224641460CA801F066F80CAA04F16007CD
:103FF0001146104601F012F83A46394614A801F06D
:104000000DF814A904F140090846364A01F016F8E3
:104010004A4649461CA801F001F81CAA1146104660
:1040200001F049F804AA0CA9384601F05BF814AA7B
:104030001CA9484601F056F81CA9084614AA01F02C
:104040003AF80CA9084604AA01F035F84A46394660
:10405000204600F0E3FF0CAA1CA9404600F0DEFF5A
:104060001CAA4946484600F0D9FF0CAA39463846F2
:1040700000F0D4FFB6F1004F04BF0AF101035FFA6C
:1040800083FA009B03F1FF3314BF7600012613F07F
:10409000FF0300937FF416AF24A8FFF7FBFE04A8EC
:1040A000FFF7CBFD0CA8FFF7C8FD14A8FFF7C5FD6F
:1040B0001CA8FFF7C2FD45B0BDE8F08F284600F010
:1040C000ADFF0CAA1CA9484600F0A8FF1CAA34A901
:1040D000584600F0A3FF0CAA3CA905F1600000F0CF
:1040E0009DFF73E7D0590208F0B5174D9446064678
:1040F0000F460FCDA1B06C460FC495E80F00134DCD
:1041000084E80F000FCD08AC0FC495E80F00104DE8
:1041100084E80F000FCD10AC0FC495E80F000D4DD3
:1041200084E80F000FCD18AC0FC495E80F0084E8A9
:104130000F0063466A4639463046FFF7AFFE6846D1
:10414000FFF7A8FE21B0F0BDB0590208905902084F
:104150007059020850590208F0B5ADF5397D0D4689
:10416000044680A816461F4600F0CEFA2946684647
:10417000FFF718FE98B900246846FFF78BFE20A8C9
:10418000FFF788FE40A8FFF785FE60A8FFF782FED4
:1041900080A800F09FFA20460DF5397DF0BD21463C
:1041A00020A8FFF7FFFD0028E5D080A800F076FAF0
:1041B0002146202280A800F009FD2022294680A85F
:1041C00000F004FD3A46314680A800F0FFFC0022D2
:1041D00092A980A800F039FD2023E218082178A8D0
:1041E00000F0D1FD002278A940A8FFF77DFF60AA6A
:1041F00092A958A8FFF710FD00236A4658A960A8A5
:10420000FFF74CFE60A920A8FFF71AFD20A940A8DF
:10421000FFF790FD0446AFE705494FF40052A0F8C0
:1042200080200022C0E92121A0F89C20704700BF17
:1042300080EE360010B540210446FFF7A0FC402177
:104240006018FFF79CFC204610BD00000148FFF7F6
:10425000E3BF00BFF43200200148FFF7EBBF00BF0F
:10426000F432002020207047402070470E4A0F4B48
:104270000F49DFF840C0C0E902230F4BC0E9041327
:104280000E4BC0E906C30E4B036203F17453A3F552
:104290002303A3F692434362002380F87030002288
:1042A0000023C0E91A23704767E6096A85AE67BB39
:1042B00072F36E3C7F520E513AF54FA58C68059B08
:1042C000ABD9831F10B5044670210830FFF757FCA7
:1042D000236820461B69BDE81040184710B5064BFF
:1042E0000446702140F8083BFFF749FC204600F0E7
:1042F000E9FF204610BD00BF185A020810B5044659
:10430000FFF7ECFF20467821F1F745FB204610BD72
:1043100010B5044600F0D0FF024B23602046FFF7A3
:10432000A5FF10BD185A02082DE9F04F00F1240531
:104330008BB000F164072B4653F8042F12BA9F424A
:104340001A60F9D183680293C368039303690493E5
:104350004369059383690693C3690793036A0893C6
:10436000436A0993DDE908B8DDE9061CDDE904E9E3
:10437000DDE90246594B0193019B55F804AF53F810
:10438000042B01934FEAF12383EAB113524483EAE9
:104390007163134401EA0C0A2BEA010282EA0A0261
:1043A000134486EA0E024344224006EA0E0882EADB
:1043B00008024FEA743888EAB40888EAB458984486
:1043C000AF424B444244F146D84678D1102501957E
:1043D000019D0F3D05F00F050A3550F825A0019D00
:1043E000023D05F00F050A3550F82590019D05F0B6
:1043F0000F08073D05F00F0500EB88080A35D8F8CF
:10440000287050F825503D442F464FEABA4585EABA
:10441000FA1585EADA054FEAF94A8AEA794A8AEA18
:10442000992A3D4455444FEAF329C8F8285003EA35
:10443000010A89EAB3192CEA030889EA736988EA50
:104440000A08C844254FDDF8049057F82970B8448D
:10445000A84408EB0B054FEA723984EA060889EA9A
:10446000B20908EA020804EA060A89EAB25988EAA7
:104470000A08C844A84405EB0E09019D0135402DEA
:104480000195B646E34621D1029D45448560039DD2
:104490001544049AC56022440261059A324442617F
:1044A000069A4A448261079A1A44089BC2610B44E7
:1044B0000362099B634443620BB0BDE8F08FE3469F
:1044C000B6468C4626461946144655E78C4626467F
:1044D000194614464B4642467AE700BF405A020846
:1044E0002DE9F84315468946D100D0E91A325B1808
:1044F00042EB5572C0E91A32044600F128074FF02A
:1045000000080DB9BDE8F88394F87000C0F14006CA
:10451000F6B2AE4288BFEEB24946324638440DF09C
:10452000ACF894F870303344DBB2402B84F8703030
:10453000A5EB0605B144E4D12046FFF7F5FE84F86B
:104540007080DEE7F8B500F1280590F87030174666
:104550008022EA5490F87020372B04460E4602F170
:1045600001002FD8C2F13702002128440CF045FF8A
:10457000A36E19BAE36E1A06180A42EA136200F42F
:104580007F401B02024303F47F031343C4E9183145
:104590002046FFF7C9FE231D04F1240153F8042F20
:1045A00012BA8B421A62F9D1236820469B68984759
:1045B000B8420246294628BF3A463046BDE8F84090
:1045C0000DF05BB8C2F13F02002128440CF015FF4A
:1045D0002046FFF7A9FE382200212846C6E713B57A
:1045E00013463622044600920A4600F1280100F0E4
:1045F0006AFED4E91A3213F5007342F10002204634
:10460000C4E91A3202B0BDE81040FFF78DBE2DE9B3
:10461000F04106461D4656F8283B8AB00F469046A4
:1046200002A99B692022044698475C2331460093E7
:104630003A464346204600F046FED4E91A2312F5D6
:10464000007243F10003C4E91A232046FFF76CFE11
:1046500023685E699B68984702A902462046B047D6
:104660002368109A9B69294620469847202102A872
:10467000FFF785FA0AB0BDE8F0814020704780203E
:10468000704710B50446D8210830FFF778FA236840
:1046900020461B69BDE810401847000070B50C4D5E
:1046A000034600F1080405F140062A4603CAB24257
:1046B00020606160154604F10804F6D10020002155
:1046C0000022C3E93201C3E9340183F8D82070BD68
:1046D000F05D020810B5064B0446D82140F8083BAF
:1046E000FFF74DFA204600F0EDFD204610BD00BF5B
:1046F000485B020810B50446FFF7ECFF2046E021B6
:10470000F1F749F9204610BD10B5044600F0D4FD7C
:10471000034B23602046FFF7C1FF204610BD00BFBA
:10472000485B02082DE9F04FA1B000F1C00300F191
:10473000400104930B4653F8082F5C6812BA24BA60
:10474000C3E90042049A9A42F5D183680E93C36884
:104750000F93036910934369119383691293C3699B
:104760001393036A1493436A1593836A1693C36A77
:104770001793036B1893436B1993836B1A93C36B53
:104780001B93036C1C93436C1D931D461C9E1A9B2C
:104790000B931B9B0C93189B0793199B0893149BDB
:1047A0000D93159B1E93129B0993139B0A93109BC9
:1047B0000593DDE916AB119B0693DFF83C830E9B56
:1047C000DDF83C9001934FEA9A324FEA9A4747EA64
:1047D0008B3742EA8B427A404FEA9B344FEA9B4345
:1047E0004FEACA5743EA8A3347EA5B2744EA8A44D6
:1047F000D8E900EC5C407A404FEACB5351F8087F8F
:1048000043EA5A235C404B681EEB07074CEB030C52
:104810000B9B23EA0A0E0C9BD21923EA0B07079B7A
:1048200044EB0C04DDF820C00AEA03030BEA0C0C8D
:104830008EEA030387EA0C07D31844EB07049B199D
:1048400045EB0404059A099DDDF828C0DDF804E075
:1048500082EA0507069A0A9D82EA0506019A099DE1
:104860001740059A1540069A06EA090602EA0C0264
:104870005640019A6F404FEA19754FEA127C45EA9B
:1048800002154FEA897242EA9E024FEA8E7E4EEA94
:10489000990E55404CEA091C019A8CEA0E0C4FEA1D
:1048A000496E4EEAD21E520642EAD9128CEA020240
:1048B00012EB030C0D9A85EA0E0544EB05059B18D7
:1048C0001E9A44EB02041CEB0702029245EB06021F
:1048D0000392099A0D920A9A1E92049A8A42DDE97D
:1048E0000B6508F1080840F04C8110220492049AEC
:1048F000A2F10F0101F00F01093100EBC10250F8E4
:104900003110D2F804E0049A023A02F00F020932A0
:1049100000EBC20550F832200D92049AD5F804C07D
:10492000D61F02F00F0706F00F0600EBC707093687
:10493000BA6C00EBC60550F836606D68B618FA6CB4
:1049400045EB02024FEA5E051E924FEA510845EA26
:10495000C1720D0A1F9248EACE7845EA0E624FEA0C
:104960001E2588EA020845EA01651F9AC90941EA3D
:104970004E61554088EA01011E9A711885EADE15DC
:1049800042EB05050D9A4FEADC484FEACC0646EAB1
:1049900052764FEAD24E48EA4238D20042EA5C727E
:1049A0004EEA4C3E8EEA020E0D9A920942EA8C6261
:1049B0008EEA020288EA060888EA9C188E1845EBFF
:1049C0000802C7E91262A50BA70C47EA833745EA3C
:1049D00083457D40990B4FEA934CE7054CEA843CB4
:1049E00047EA532741EA844185EA070E81EA0C0130
:1049F000049F414D4FEAC35C4CEA542C81EA0C0100
:104A000005EBC70C55F83750DCF8047049194EEB2C
:104A10000705079F27EA0308089F27EA040C03EA13
:104A20000A0788EA070704EA0B0E8CEA0E0CC9197C
:104A300045EB0C05891942EB05060B9A029DDDF842
:104A400008C08A180C994FEA1577039D41EB0601BF
:104A5000029E47EA05172D0F45EA0615039EDDF86D
:104A60000CE0B60746EA9C064FEA8C7C4CEA9E0CAA
:104A700087EA0C077540DDF808C07646760646EAF8
:104A8000DC164FEA4C6C4CEADE1C87EA0C077540DA
:104A9000DDF814C0019E86EA0C08069E89EA060E1F
:104AA000029E08EA0608039E0EEA060E019E06EA2A
:104AB0000C06DDF818C088EA060609EA0C0CBE19D7
:104AC0008EEA0C0C099F45EB0C05DDF828C0D719C0
:104AD00041EB0C0C921941EB0501049D0135049545
:104AE000059D0995069D0A95079D0B95089D0C95BA
:104AF000049D502D59D101E0705B02080E9DAA184B
:104B00000F9D45EB0101C0E902210299109A039D16
:104B10005218119941EB0501C0E904210199129A3B
:104B2000069D5218139941EB0901C0E90621059928
:104B3000149A5218159941EB0501C0E90821169AFB
:104B4000D719179A42EB0C01189AD318199A42EB0D
:104B50000404C0E90C341A9B1B9A13EB0A0342EBC2
:104B60000B02C0E90A71C0E90E32079A1C9B089932
:104B70009B181D9A42EB0102C0E9103221B0BDE83A
:104B8000F08F079A0B92089A0C92CDE907AB9A46E0
:104B9000059B0993069B0A93019BCDE90539029B6E
:104BA000DDF80C900193A3460DE6019DCDE9055972
:104BB000029DDDF80C900195CDE907ABCDE902210E
:104BC0009A46A3463B46644691E600BF2DE9F8436A
:104BD0000446D0E932601546EB009B194FEA527249
:104BE000424189464FF0000128BF0121C4E9323219
:104BF00031B1D4E93432013342F10002C4E9343234
:104C000004F148074FF000080DB9BDE8F88394F8A7
:104C1000D800C0F18006F6B2AE4288BFEEB2494677
:104C2000324638440CF029FD94F8D8303344DBB2D6
:104C3000802B84F8D830A5EB0605B144E4D120469A
:104C4000FFF770FD84F8D880DEE7F8B500F148057D
:104C500090F8D83017468022EA5490F8D8206F2B6D
:104C600004460E4602F1010032D8C2F16F02002163
:104C700028440CF0C2FBD4F8D030D4F8D4201BBAAE
:104C800012BAC4E92E23D4F8C830D4F8CC201BBA09
:104C900012BAC4E930232046FFF744FD234604F14D
:104CA000400053F8082F596812BA09BA9842C3E96C
:104CB0001012F6D1236820469B689847B8420246F6
:104CC000294628BF3A463046BDE8F8400CF0D5BC2E
:104CD000C2F17F02002128440CF08FFB2046FFF731
:104CE00021FD702200212846C3E713B51346362262
:104CF000044600920A4600F1480100F0E4FAD4E9C3
:104D0000323213F5806342F100022046C4E93232A8
:104D100002B0BDE81040FFF705BD2DE9F0410646A1
:104D20001D4656F8483B92B00F46904602A99B6933
:104D30004022044698475C23314600933A46434656
:104D4000204600F0C0FAD4E9322312F5806243F124
:104D50000003C4E932232046FFF7E4FC23685E69C0
:104D60009B68984702A902462046B0472368189AD4
:104D70009B69294620469847402102A8FEF7FFFE7E
:104D800012B0BDE8F081F8B50F46B3EB870F0546CA
:104D900011461C464FEA870609D21A460CF06DFCF4
:104DA000321B28190021BDE8F8400CF026BB324622
:104DB000BDE8F8400CF061BCF0B5002507462C4674
:104DC000AB4204F0010000D1F0BD51F82540261A95
:104DD00052F8250064EB0404361A47F8256064F1A4
:104DE00000040135ECE72DE9F04700241D68A446D6
:104DF000264696420BD140F8224000EB820901265C
:104E00004FF0000A089CA6420CD3BDE8F08751F889
:104E10002670E7FB054C40F82640644601364FF00B
:104E2000000CE6E7002453F8267000EB860EA4463B
:104E3000944503D149F826400136E3E7DEF80050F7
:104E400051F82C802D194AF10004E8FB07544EF864
:104E5000045B0CF1010CEBE7F8B50446FFF7ACFF7F
:104E60001D46002316464042043C1A4605B9F8BDCB
:104E700056F8041B54F8047F0140C91942EB02079D
:104E8000C918216047F10003013DEFE7FFF7ABBF11
:104E9000FFF7E2BF2DE9F041CC691326E30F24F0C0
:104EA0000044A3FB0636CC6101EB82078C464FF031
:104EB000260E674549D1072A0CD83C4625680132A1
:104EC000ED18D2B246F10003082A44F8045B4FF013
:104ED0000006F3D12622A3FB023402FB0644CA6972
:104EE0001325D60F22F00042E6FB0534CA610A1FE3
:104EF000A44601F11C05164656F8044FE4184CF17F
:104F00000003B54234604FF0000CF5D1164613276C
:104F1000634656F8044FE41943F10007B542346282
:104F20004FF00003F5D1CB6BDC1723F00043CB63CC
:104F3000043852F8041F136A4B4023404B409542FB
:104F400040F8043FF5D1BDE8F081DCF80050EC18E2
:104F5000DCF8205046F10003E5FB0E434CF8044B0F
:104F60000026A6E7F0B589B06D46034600F120079C
:104F70000146002613202C4651F8042B121846F146
:104F800000008F4245F8042B4FF00006F4D1079A39
:104F9000D61722F00042191FF04307921C3351F834
:104FA000045F54F8042B6A4032406A408B420A6026
:104FB000F5D109B0F0BD0023D1F800C02DE9F047CC
:104FC00002F12006074615461C4655F804EBEEFB99
:104FD0000C34B54247F8043B23464FF00004F4D1AB
:104FE00040F8203F01F11C0851F804EFA0F11C0C1F
:104FF0001746002557F8049BDCF80030A246E9FB71
:105000000E3A5B194AF10005B7424CF8043BF1D166
:10501000884540F8045FE7D1BDE8F08710B590B04F
:1050200004466846FFF7C7FF082269462046FFF797
:1050300031FF10B010BD0A46FFF7F0BF2DE9F04F69
:1050400093B002AF0023D2F800C00D4601F1200852
:105050000E461C46394656F804EBEEFB0C3446452A
:1050600047F8043B23464FF00004F4D10A930AAFFB
:1050700002F11C09019452F8043FA7F11C0E1C46D2
:10508000AC460026DEF800305CF804ABDDF804B076
:10509000EAFB043B9B194BF10006C4454EF8043B68
:1050A000F0D1914547F8046FE5D10822FFF7F2FEF1
:1050B00013B0BDE8F08FF0B4002401F1200C0546D8
:1050C000264651F8043B52F8047BDB1946EB0607F1
:1050D0001B1947F10004614545F8043BF1D1F0BCD0
:1050E000FFF740BFF0B5002301F12007054651F856
:1050F000044B52F8046B03F00103E41A63EB03035F
:10510000A41B63F10003B94245F8044BEFD10146FB
:1051100003F0130251F8043B04469B1A44F8203B69
:1051200062EB02020B6802F001029B1A41F8043B99
:1051300062EB0202A142F5D123F00043C361F0BD4E
:10514000404230B5A1F1040065EB0505043A1C317D
:1051500050F8044F52F8043F63402B4063408842AC
:105160000360F5D130BD70B588B0044668460E4680
:10517000FFF761FF092569466846013DFFF75BFFC0
:1051800015F0FF05F7D1324669462046FFF746FF86
:1051900017260A2569466846013DFFF74CFF15F0C2
:1051A000FF05F7D16A4621462046013EFFF736FF4C
:1051B00016F0FF06EDD121466846FFF73CFF6A4630
:1051C00021462046FFF72AFF082569466846FFF773
:1051D00032FF013D6A4621462046FFF71FFF15F0CA
:1051E000FF05F2D16846FEF728FD08B070BD38B55E
:1051F00004460D46FFF7B7FF21462046FFF71BFF89
:1052000021462046FFF717FF2A4621462046FFF792
:1052100005FF21462046FFF70EFF21462046FFF7F7
:105220000AFF2A4621462046FFF7F8FE214620467F
:10523000FFF701FF2A4621462046BDE83840FFF728
:10524000EDBE000030B5044689B00D46FFF78BFF78
:1052500021462046FFF7EFFE2A4621462046FFF76B
:10526000DDFE21462046FFF7E6FE21466846FFF7B1
:10527000E2FE2022694628460CF095F828B96846D7
:10528000FEF7DBFC012009B030BD0A4A214620466A
:10529000FFF7D4FE21466846FFF7CDFE202269467F
:1052A00028460CF080F80028E9D06846FEF7C5FCD7
:1052B0000020E8E7305E0208014B0360704700BF42
:1052C000585E020870472DE9F8431D4603689DF8B3
:1052D0002090DB6804460E469046984723680746B0
:1052E0001B6920469847AF420ED32A4641463046B6
:1052F0000CF0C3F974197A1B494620460CF07DF86E
:10530000B44217D1BDE8F88323682A4641462046B7
:105310005B699847236820469B6898472368024644
:105320009B690546314620469847236820461B69FD
:105330009847DFE716F8013B89EA030306F8013CCA
:10534000DEE70000224BF0B50B443C24B3FBF4F144
:1053500004FB1133B1FBF4F204FB121101711821AB
:105360004371B2FBF1F301FB1322C2709BB2002226
:1053700040F26D164FF6936512F0030413BF3746E3
:105380004FF4B77701210021BB421AD2114D0270B0
:1053900001216A5C4CB9022907D10132D2B29A428A
:1053A0000BD89A1A93B203211F229A4205D80131D1
:1053B000C9B29A1A0C2993B2EBD1013341708370B0
:1053C000F0BD691A0B4401329BB2D2B2D4E700BFE0
:1053D00080BC92C77F5E0208704738B5044600253E
:1053E00008462171A5710AF0BBFD65712060204659
:1053F00038BD10B5044600680AF0BAFD204610BD5D
:10540000002343717047407970470068704700007F
:105410008E2912D8702903D8032908D80120704793
:10542000074B7139C9B2CB4003F0010070476439B2
:1054300004298CBF0020012070470020704700BF66
:10544000BD91FE20882914D8702906D803290BD8CD
:10545000012994BF002001207047074B7139C9B260
:10546000CB4003F001007047A1F167035842584157
:1054700070470020704700BF1901A0002DE9F84FC8
:1054800004460E4690461D46FFF7C2FFC8B18E2E59
:1054900098BF2D4B94F805909CBF9F5D2B4B2279B4
:1054A00094BF33F816B0002709EB070303F101039B
:1054B00088BFBB46934206DB0123A3710020BDE8F1
:1054C000F88F0223F9E700212846EBF7E9FD0021D8
:1054D000B0F1000A284618BF4FF0010AEBF7E0FDD3
:1054E00008B105F100455846EBF7E4FB2946EBF718
:1054F00039FCEBF739FE314605462046FFF7A2FF9F
:1055000040B1BAF1000F05D0FA00012393405A1EB2
:105510002A409D1A236809F10102627103F809808B
:1055200063792268591C6171D65400220132637973
:10553000D1B28F423B4402D2D8B26071BFE721683A
:105540009B1ACD542D0AF1E7AA5F02088C5E02086F
:1055500008B513460A467421FFF790FF08BD70474F
:1055600010B550210446F0F716FA204610BD000091
:1055700038B5074B04460D4640F80C3B4422002149
:105580000BF03BFF0023A5602371204638BD00BF10
:105590004460020810B50446007958B901B1A16011
:1055A000A16839B104F10C0000F092FEB0FA80F06D
:1055B0004009207110BD38B50379044600F10C058F
:1055C0003BB98168284601F069FDB0FA80F04009D6
:1055D00038BD00230371284600F0BCFE0028F4D13A
:1055E000A168284601F05AFD0028EED1A16828469E
:1055F00000F06EFE0028E8D101232371E5E738B5FD
:105600000D46044611461A462B4600F052F9204634
:1056100038BD00B5C3B06A460C3000F01DFEB0FACC
:1056200080F0400943B05DF804FB08B50C3001F090
:1056300067FEB0FA80F0400908BD07B503688DF831
:1056400007105B6801220DF10701984703B05DF870
:1056500004FB1346027D10B54AB904690A46816904
:1056600004F10C0000F0E9FF20EAE07010BD00201A
:10567000FCE773B504460069257D0DBBA1690C30BC
:1056800000F0DEFD06462069A1698DF80750012370
:105690000DF107020C3001F06AF900282069A169B8
:1056A000C8BF9DF807504FF00003324600F10C00D0
:1056B000D8BF4FF0FF3501F0BEF9284602B070BDEB
:1056C0004FF0FF35F9E738B5037D044663B900694B
:1056D000A1690C3000F0B6FD05462069A1690C30C7
:1056E00000F0AEFD281A38BD0020FCE7037D2BB981
:1056F0000369816903F10C0001F093BB704700005E
:1057000010B500224FF47A74C0E90124054C0460FE
:10571000C0E906220161027580F8202080F81F216F
:1057200010BD00BF54600208F8B504460E46154689
:105730001AB1012A17D00120F8BD012738200AF03C
:105740000FFC0146A06160B1206932463B460C3037
:1057500001F0CFFD024648B1A0690AF009FC002320
:10576000A3610020E8E740F20317E7E7012D05D128
:105770002069A16902230C3001F05DF90023237533
:10578000D9E770B504462C200E460AF0E9FB014625
:10579000A06150B1206932460C3000F01CFD30B1E0
:1057A000A0690AF0E5FB0023A361002070BD01257C
:1057B00025753046EBF71CFD28440AF0D1FB314635
:1057C000E0610BF052FF2846F0E71346027D10B46B
:1057D0003AB904690A46816904F10C0010BC01F071
:1057E000C6B8002010BC704707B501220DF10701B3
:1057F000FFF7EBFF0028CCBF9DF807004FF0FF300C
:1058000003B05DF804FB816938B5044679B10069DD
:10581000257D0C3065B100F006FDA0690AF0A8FBFB
:10582000E0690025A56108B10AF0A2FBE56138BD79
:1058300001F030FBA0690AF09BFBA561F7E7FFF7D9
:10584000E2BF70B58369C2B005460E4614460BB17F
:10585000FFF7D9FF28696A4631460C3000F0FCFC9E
:10586000E0B99DF80030112B05D12246314628467B
:10587000FFF75AFF03E031462846FFF782FF044650
:1058800070B12F2130460BF003FE203500B1461CCD
:10589000FF22314628460BF0E8FD02E0023003D03B
:1058A0000024204642B070BD012CF9D1DDE7FFF79E
:1058B000C8BF70B504460D4616461946FFF720FFCF
:1058C000324629462046FFF7F2FF204670BD806928
:1058D000003818BF0120704703681A6AC36AD31AD8
:1058E0001944B1FBF2F302FB1311036B8B4210B5A9
:1058F0000AD94C09C06B01F01F0150F82430012275
:105900008A40134340F82430002010BD036801335F
:1059100004D04068431C58425841704701207047EA
:1059200010B50B6804689C4209D0406849688842F9
:1059300005D08C4203D0181A18BF012010BD0020DA
:10594000FCE72DE9F74FDDE90C470E9D83468846BD
:10595000924699460DB9002064E0DBF80000BAF1E8
:10596000000F1ED0DAF800304B451AD1DAF80410D7
:10597000A14216D886690E44A64212D9361BAE4201
:10598000DAF8083028BF2E46611A384632461944E4
:105990000BF073FEAD1B37443444DCD0DBF8000061
:1059A000E0E7D8F8002043694A4517D1D8F8041039
:1059B000A14213D8CE18A64210D9361BAE42D8F851
:1059C000083028BF2E46611A3246384619440BF07B
:1059D00054FE37443444AE1B3546BBE74168B4FB44
:1059E000F3F203FB12428C467AB9AB420DD8B5FBF9
:1059F000F3F603FB1656AD1B00953B46224649467F
:105A0000E04778B92F442C44E6E7A21AC8F8009082
:105A1000C8F804200093D8F8083049466646B047D5
:105A200000289AD003B0BDE8F08F1FB5069C009205
:105A3000CDE9013400220B4600F11401FFF781FF8C
:105A400004B010BD2DE9F04786B005460F46144658
:105A500000F11409D6184FF0010A0DF11708A642FB
:105A600003D1002006B0BDE8F0870094CDE9018A9B
:105A70003B46002249462846FFF763FF01340028D1
:105A8000F0D10E980122414601F078FCE7E72DE9BC
:105A9000F04F8BB0136804930026536805930746B4
:105AA0000C46B0460DF1100A06AD4FF0100B5AF837
:105AB0002690CDF800B02B46002249463846FFF725
:105AC000B4FF70B110F1340F06D146B1B8F1000F38
:105AD0000CBF6FF0330000200BB0BDE8F08F012643
:105AE000E5E7B8F1000F04D0E269069B9B1A002B92
:105AF000EBDB079B23F00043132BE6D93A68D2690E
:105B00009342E2D84FF0FF3303A8102229460393B3
:105B100001F034FC079B03A823F000430090103BE6
:105B2000102249463846FFF78DFF0028CAD1039B53
:105B3000002BCAD10AAA86F0010302EB830304F109
:105B40001C0C53F8183CA3601023E36095E80F0089
:105B5000C4F804904FF001088CE80F00B5E7F7B5E2
:105B6000044604300E461546FFF7D0FE10B1002063
:105B700003B0F0BD009001236A46294620460193F8
:105B8000FFF785FF0028F3D105F124073846FFF71A
:105B9000BDFE0028EBD131463846FFF7C1FE38B1D3
:105BA0003A4629462046FFF772FF0028EED0DFE78D
:105BB0000120DDE72DE9F04F87B0DDE9104506460D
:105BC0008B46174625444FF001090DF1170AA3EB48
:105BD0000408AC4201D1012011E008EB040300935A
:105BE000CDE901A93B46002259463046FFF7A9FE00
:105BF00028B914F8013B9DF817209A42E9D007B064
:105C0000BDE8F08F03689B6A10B5044613B9C069FC
:105C10000AF0AEF92368DB6A13B9A06A0AF0A8F9A2
:105C200023681B6B23B9E06BBDE810400AF0A0B9F4
:105C300010BDF8B5C6690D68083EB5420F4613D3CE
:105C4000B5FBF6F0013807F0EDFF841CA5EB8404EA
:105C5000B4FBF6F4204607F0E5FFA5EB800504FB56
:105C600016553D602046F8BD0020FCE72DE9F04FB9
:105C700089B00646DDF84C8005920F464BB94FF0CF
:105C8000FF32C8F80020149A0020136009B0BDE864
:105C9000F08F0468013B07A920460793FFF7C9FF6F
:105CA00012A905462046FFF7C4FF4FF0040A8146BB
:105CB0000DF1140BA945059B03D3C8F80030129BC6
:105CC000E1E7A5EB0904B4FA84F495FAA5F2B2FA77
:105CD00082F2C4F11F04944228BF1446A20000922D
:105CE000CDE901BA002239463046FFF72AFE0028E6
:105CF000CCD10123A340ED1ADCE72DE9F04F89B0A8
:105D000006461298DDF850A00F4690469946E8B135
:105D10000138059005A93068FFF78BFF0DF1180BCE
:105D20000446139B49465046984778B974B104F02D
:105D30000105C5F102029200CDE901B200904B4687
:105D4000424639463046FFF7FCFD10B109B0BDE8C8
:105D5000F08F06992DB9139B504698470028F5D12E
:105D6000012008AB03EB8000023D50F8089C2C4456
:105D7000D7E704300844104470472DE9F341064644
:105D80000C46154601F124074FF01008216AE2681D
:105D900021F0004302F10C00043B984215D80C237B
:105DA000009361682B1D3046FFF73FFE034688B91C
:105DB000E668EA79A97968792E60FFF7DAFFA269C7
:105DC00006440244E660A26104E0002906DB2A6082
:105DD0006FF00103184602B0BDE8F0813A46214653
:105DE0003046FFF754FE03460028F3D1A369C4F8F8
:105DF0000C801433A361C9E730B5044693B0043076
:105E00000D46FFF783FD10B1002013B030BD0190A7
:105E1000012301AA07A920460293FFF738FE0028B4
:105E2000F3D110A8FFF772FD0028EDD110AA07A941
:105E30002046FFF72CFE0028E7D103AA07A9204639
:105E4000FFF79BFF10B1831CEBD0DEE79DF910300C
:105E5000002BF2DB0822294605A80BF0A4FA002843
:105E6000EBD10120D1E72DE9F843054604300F4678
:105E700014461E46FFF74AFD10B10020BDE8F88326
:105E800001235062936202F1240806F1080940469A
:105E9000FFF73CFD0028F0D1424621462846FFF797
:105EA000F6FD0028EAD1324621462846FFF765FF75
:105EB00010B1831CEBD0E1E7337903F07003202BA2
:105EC000F1D139464846FFF72BFD0028EBD10120E0
:105ED000D4E700002DE9F04F87B01F68049340F627
:105EE0002203536043689360DFF82C918368039129
:105EF00005461446D360494638460BF0DFFA07EBF7
:105F000000088346494640460BF08CFA01280646B5
:105F100008EB000A05D117F80B302E2B0AD1574693
:105F2000E9E7022806D102463C4940460BF03BFA1D
:105F30000028F4D057464FF0010B494650460BF06D
:105F4000BDFA8244494650460BF06CFA024690B1C5
:105F500002280CD10590314950460BF024FA059ADD
:105F600028B9BBF1010B04D10AF10207C3E70BF119
:105F7000010B9244E1E798F80000002841D0049B0F
:105F8000C3F800802379222B43D104F1080A039936
:105F900052462846FFF77BFD98BB05F1140B039989
:105FA00022462846FFF7E9FE58BB237903F07F031A
:105FB000112B01D0222BF2D1E379B342EFD1236828
:105FC000627904331344A279CDE900861344039A1D
:105FD000594652682846FFF7EDFD002811DBDED058
:105FE00095F84130002B86D194F90430002B82DAE9
:105FF00051462846FFF700FF002805D001DB6FF06F
:10600000010007B0BDE8F08F237903F07F0323710F
:1060100071E76FF01300F4E7786002087A60020815
:10602000C368184710B50C468269A068FF210BF0C1
:10603000E4F94FF0FF33236010BD38B58B6A01607F
:1060400004460D46CBB1C361EB6A13B3A36204F1FE
:1060500020012846FFF7E6FF4FF0FF336361236816
:106060001A6BEAB1E26300204FF0FF33C4E9013359
:10607000C4E90300A4F8400038BD486909F070FF86
:10608000E0610028E0D12046FFF7BCFD6FF00B0077
:10609000F2E7A86909F064FFA0620028D7D1F2E70F
:1060A000586AC00809F05CFFE0630028DBD1EAE72A
:1060B000F7B50C4609684B1C0546164602D1002070
:1060C00003B0F0BD006883690093D4E901238768B9
:1060D000B8470028F4D12B6826B928682146FFF775
:1060E000A1FFECE79B690193A3680093D4E9002327
:1060F00031462846FFF75EFD0028E1DBEDD16FF069
:106100003300DDE72DE9F74FDDE90C480E9E8146AF
:106110000F4693469A46002E38D1304606E05A463E
:1061200039464846FFF7C4FF002850D003B0BDE809
:10613000F08FB4FBF2F302FB13431BBB964221D357
:10614000B6FBF2F502FB1565761B009683682246C6
:106150009C4651464346E0470028E7D1BBF1000F7B
:1061600002D1B044344434E0CDE90086234652469F
:1061700059464846FFF71EFD0028D7DBF1D16FF0E6
:106180003300D3E7E31AC7F800A07B603B68D9F877
:10619000000053458269CCD17B68A342C9D89D18C1
:1061A000A542C6D92D1BE01AB542BB6828BF3546AB
:1061B0002A46184441460BF060FAD9F800309A6933
:1061C0002C44B4FBF2F302FB1343002BA7D0A844EA
:1061D000751B2E469FE730B543684B6087B08368D8
:1061E00001928B6002AA01AB05460C46FFF772FED6
:1061F000A0B99DF80C30222B12D104AA21462846C2
:10620000FFF745FC50B963682361A36863610E23FF
:10621000A3611023E3602B6923602C6107B030BDBC
:106220006FF01300FAE7036900F110021BB18B4213
:1062300003D11B681360002070471A461B68F5E7FE
:10624000086A7047CB6948699B0303D50B6A98427B
:1062500038BF18467047000070B594B015460391DA
:1062600003AB05AA09A90646FFF734FE0446C0B9E8
:1062700001464FF4847228460BF0BFF89DF81830A1
:106280002B70112B04BF089B6B60311D07A8FFF713
:1062900047FB05F10803044630B90C4918460BF0DA
:1062A000E4F9204614B070BD059A9DF819109DF8C8
:1062B0001B00009004320A449DF81A1030460A442C
:1062C0000A99FFF7B2FB0446EBE700BF78600208CB
:1062D00030B599B00546FFF7B0FE044658BB2B68B1
:1062E00068631B6AAB63C5E90B000290012302AA35
:1062F0000DA928460393FFF7CAFB044600BB2023E1
:1063000000930E9905AB10222846FFF78EFB04463A
:10631000B0B9069B6B60079B0D49AB6008220BA8C8
:106320000BF041F8044648B90A9B1A0C012A0BD11C
:106330009BB2012B08D8204619B030BD6FF0330452
:106340002846FFF75FFCF6E76FF01504F8E700BF9B
:106350007D60020808B5FFF755FC002008BD2DE957
:10636000F043064697B004300F469046FFF7CEFA4A
:1063700020B10024204617B0BDE8F083012305902A
:10638000069305994046B84704460028F2D106997D
:106390004046B84704460028ECD105AA0BA9304670
:1063A000FFF775FB04460028E4D14FF00C09139B5E
:1063B0000E9D23F0004305F10C02043B9A4223D9C1
:1063C000149B059305A8159B0693FFF79FFA0028D9
:1063D000D7D0F56806F11409002DCAD0EB69DA03AD
:1063E0003CD4EB699B030DD5CDE901782B6A009372
:1063F0006B6A05F12C0249463046FFF77EFC0446E5
:106400000028B7D12D68E7E70C99CDF8009008ABCC
:106410002A463046FFF709FB04460028AAD19DF81A
:1064200023209DF822109DF82100FFF7A2FC9DF883
:10643000203003F070032844102B0E90B7D10A9B34
:1064400000932246CDE90178099B06F114013046FC
:10645000FFF753FC04460028A9D08BE7CDE901786B
:106460006B6900932B6905F12C0249463046FFF712
:1064700044FC04460028B4D07CE70000F8B504468C
:106480000D460126236BD4E90D219A421DD1002926
:1064900049D0E06A22680344106A526A8A4294BF73
:1064A00022632163B3FBF0F7002100FB1733616324
:1064B000D208E06BE3620AF0A0FF1C4922462046A6
:1064C000FFF74DFF0028DDD024E00139501CA16307
:1064D0005709E16B606351F8277002F01F0006FA5C
:1064E00000F03842CFD1E36A13442268126AB3FB4A
:1064F000F2F002FB10332B60266B0125636BB34275
:106500000FD05A0903F01F0051F8222005FA00F0BD
:10651000104000D1F8BD01336363A36B013BA3635B
:10652000ECE70020F6E76FF01B00F3E7D95801080D
:1065300073B50C4604310646FFF7A0FF0546F0B9D7
:1065400004F108013046FFF799FF0546B8B9042366
:1065500000930246616804F11C033046FFF765FAB8
:1065600010B110F1340F0DD1E3690133E36114224E
:106570004FF0FF33C4E90823A3621023E3602846E9
:1065800002B070BD0546FAE72DE9F04F044689B028
:106590000E4600F1140B07A92046FFF76FFF0546D2
:1065A00058B9DDF81C9020684946FFF739FD0546CB
:1065B00000283BD010F1340FEDD0284609B0BDE8DB
:1065C000F08F0DF11B07CDE90087CDF808A0736AA5
:1065D000059A59462046FFF7B4F970B9CDE9017A1A
:1065E000CDF800804B465A4604F120012046FFF7C3
:1065F00089FD20B110F1340FCDD00546DDE708F15B
:106600000108B36A4345DCD82368A16A9A69706BB4
:106610000BF033F8236AF362636A2068336304F192
:106620002001FFF7FFFCC6F82490C6E706F12C0313
:10663000804605934FF0010AE3E72DE9F04F8FB054
:10664000CDE90623CB6903F00302012A05460C4677
:1066500000F01F815E031AD4E669320520D4276A50
:10666000079BDF4200F1188116F400361ED005F1B9
:106670001403DDF81CA0099304F12C08E369BAF1B6
:10668000000F25D123F40023079AE36104E000F012
:1066900006F902460028DFD010460FB0BDE8F08FA3
:1066A0006269216A8A4288BF2262D8E763699F4291
:1066B000DDD92362236A9F42D9D90DAA012321463D
:1066C00028468DF83460FFF7B8FF021EF2DAE3E7E0
:1066D0009B0324D52B68A26ADB699A4240F098801C
:1066E0002B681B6AAB6305F114030493D4E90832E9
:1066F000CDE90B230DA92846FFF7C0FE024608BBD3
:106700000D9B286805931946FFF78AFC024618B3CB
:1067100012F1340F16D14FF0FF332B62EAE7236AF0
:10672000002BDDD004F128020292013B04F1240287
:1067300001920093D4E9042341462846FFF796FAD4
:10674000024620B1E36943F40023E361A4E728682B
:106750004146FFF767FCC3E70C9F2E680890002FA7
:106760004FD0013F0CA930460C97FFF762FA0C9FFF
:10677000F369089A01379F420C9768D1461C96FA34
:10678000A6F6B6FA86F606F1010B91460BAF4FEA74
:10679000890308930423CDE901734FEA8903009329
:1067A0004146DDE904232846FFF7ACFC0B9B02467B
:1067B0000028ADD14E4550D109F10109CB45E6D8AD
:1067C0004FEA8B071DE00022CDE9016B0B9B04997A
:1067D000CDF800902846FFF7B4F802460028B1D162
:1067E000DDE90423CDE9016BCDF800904146284650
:1067F000FFF788FC024600288AD109F101094F45BC
:10680000E1D8059BC4E90937E36943F40033E36148
:106810002B68DE69A36AF61A564528BF5646069BC2
:1068200002960193A36A0093099A636A4146284637
:10683000FFF768FC0246E8B110F1340F82D121461F
:106840002846FFF7A1FE02460028E8D07AE79146E5
:106850004FF0010B0DF12B06D1E70421CDE90171B9
:106860000899009128460499FFF76BF80246002822
:10687000A2D067E7236A33442362A36A3344A36246
:10688000069B334406932B681B6AAB63AAEB060A8C
:10689000F4E66FF00802FFE66FF01A02FCE6CB693F
:1068A0005A032DE9F04144BF23F48023CB61CB6927
:1068B00044BF4FF0FF32CA629B0390B005460C46BE
:1068C00003D4002010B0BDE8F0810F6A2C22002113
:1068D00002A805F114060AF090FD2369069396E8D4
:1068E0000700636907930123CDE9093710AB03E97A
:1068F00007004FF0FF38C5F81480226A63699A4296
:1069000011D304F12C08324641462846FFF7D0FB4C
:1069100008B310F1340FD5D121462846FFF734FED5
:106920000028F0D0CEE701230DF1070202A9284686
:1069300000F01DF80028C5DB01230DF107022146F8
:106940002846FFF77AFE0028BCDB6B690133D4D000
:10695000CDF83480CFE7636A2361236A6361E3691A
:1069600023F4003343F48033C4E90737A9E72DE962
:10697000F04F1D46CB69904603F00302022A87B010
:1069800007460C4654D09A0305D4236A6669B3427D
:1069900008D3002003E0FFF782FF0028F5D007B0FE
:1069A000BDE8F08FF61AAE4228BF2E4604F1280348
:1069B000B14604F12C0A059304F1240BB9F1000F40
:1069C00001D13046EBE7E3695B0304D53B68A26A7B
:1069D000DB699A4210D1059BCDE901B3236A00938C
:1069E000D4E9042351463846FFF740F90028D6D1B0
:1069F000E36943F48023E3613A68A36AD5690093AD
:106A0000ED1A4D4528BF4D46CDE901850022636A48
:106A100051463846FEF795FF0028C0D1236A2B4423
:106A20002362A36A2B44A362A844A9EB0509C5E726
:106A30006FF00800B3E770B50D4614461E46FFF729
:106A40002EFF70B92B6A36B1012E01D11C4402E031
:106A5000022E07D01C46002CA6BF2C6220466FF0E9
:106A6000150070BD6B69F1E7F0B5012680F8406054
:106A7000A7B004460430FEF749FF0546002879D147
:106A800001462C2205A80AF0B8FC4FF0004328224A
:106A9000294610A80D930AF0B0FC1A9623681B6AC9
:106AA0009D4202D36FF0330020E019A8FEF72EFFBD
:106AB00000285FD119AA10A92046FEF7E8FFA8B95F
:106AC0000D9B002B34DB01AB1BAA0EA92046FFF760
:106AD000CAF900280ADB0BD1199B0E931A9B0F935E
:106AE00000231A4605A9204600F046F827B0F0BD5D
:106AF000039A0E99049B0F988A4201D1984217D0AD
:106B0000904201D1994213D00E92E8E79DF970307E
:106B1000002B0DDA1DA92046FFF76EF90028E5DBF2
:106B20001BD01BAA10A9204600F03DFA0028DDD199
:106B30001BAA10A92046FFF720F90028E6D0831CE5
:106B4000D4D110AF0FCF05AE0FC60FCF0FC697E849
:106B50000700013586E80700A0E79DF8703003F0D4
:106B60007F038DF870301BAA034610A9204600F061
:106B70003FF9DBE70020B9E72DE9F04F9DB00D4666
:106B80000993CB6905920133CB610B1D0646079330
:106B900009984B6889680693C5E9011302EB001454
:106BA00013469C4212D1069B0C9300230B91089331
:106BB00069683068FFF734FA044678B114F1340F8D
:106BC00000F0DF8020461DB0BDE8F08FD8682A6A4B
:106BD00002445868121A2A621033E2E705F11C08D1
:106BE0004FF0FF33102241460DA810270D9300F0FF
:106BF000C5FBCDE90187009406F1200A22466B68A7
:106C000051463046FFF77EFA04460028D6D1834627
:106C1000B84629E0099B9B4580F28D80059A4FEA92
:106C20000B1302EB0B19D358434540F08480D9E98C
:106C300002120DA800F0A2FBD9F80C300293D9F88B
:106C40000830CDE9007300226B6851463046FFF7EB
:106C500059FA04460028B1D1D9F804309844D9F83B
:106C60000C300BF1010B1F442B6A23F00043043B53
:106C7000BB42CFD80DF13408CDE90078042302934C
:106C80006B68002251463046FFF73CFA0446002864
:106C900094D14FF0FF370246776151463046FFF7F7
:106CA00007FA0446002889D13068036998470446EA
:106CB000002883D12B6A119711AF009723F000436E
:106CC00002466968043B3046FEF7BCFE04460028D5
:106CD0007FF478AF119A0D9B9A4252D1089B2BB347
:106CE00043463A460BA93046FFF7BDF80028FFF6A9
:106CF0006AAF5ED06B680F93AB6810934246234631
:106D00003946304600F074F800287FF45CAF311D3E
:106D10000BA8FEF705FE18B96B687360AB68B3602B
:106D20003046FFF7A1FE00287FF44DAF3269002AFC
:106D300053D1104647E74FF001090699CDF800906E
:106D400011AB42463046FEF770FE044600287FF441
:106D500039AF4A4611A90DA800F010FB11ABCDE9DF
:106D60000073CDF8089022466B6851463046FFF715
:106D7000C9F9044600287FF421AF08F10108013762
:106D800072E74FF0FF3333620124002311A90BA8EF
:106D9000CDE91134FEF7C4FD10B96FF0330012E7EE
:106DA00007993046FFF76AFB089400283FF400AFCC
:106DB00009E73A460BA93046FEF7D1FE0028FFF658
:106DC00002AFB3D06B681A93AB681B9300231A46CB
:106DD00039463046FFF7D0FEA5E70799101DFEF7AC
:106DE0009FFD18B96B685360AB68936012689EE7AB
:106DF00070B5154688B055F8044BD27900940C262E
:106E0000002BCDE90523079234440CBF0123022354
:106E10006A46CDE9016503960494FFF7ADFE08B01C
:106E200070BD70B592B006460D46FFF738FD0446BA
:106E300058BBEB6903F41023B3F5803F25D12A1D1D
:106E40001046FEF763FD00BB07A93046FEF71FFEA4
:106E5000F0B90C23EA6808990093304604ABCDE9F9
:106E6000044406940392FEF7E0FD88B92B6905936C
:106E70006B69069303AA234607A93046FFF7B8FFBC
:106E800030B9EB6923F48033EB61204612B070BD5A
:106E90000446FAE770B505460C46FFF7C2FFEB68FB
:106EA000064605F10C021BB1A3420DD12368136005
:106EB000A3690BB11B682BB92B685B6B13B9606BB3
:106EC00009F056F8304670BD1A461B68EBE72DE90D
:106ED000F043804695B00E461746994601F12405C9
:106EE000FA79B9797879346AFEF743FFD8F8003037
:106EF000DB692044984215D8043C47F8044B002332
:106F00000C21CDE90A37CDE90C14CDE90E391092E8
:106F10000994022309AA31464046FFF72DFE15B019
:106F2000BDE8F083002C36DB35460FCD09AC0FC42D
:106F30000FCD0FC495E8070084E8070031464046AE
:106F4000FFF7F6FA0028EAD1129B7362139BB36233
:106F5000336A3A46043B42F8043B03920C22CDE9E3
:106F60000130CDE90423FB790893CDE9060902231A
:106F700001AA31464046FFF7FFFD0028CFD1119B03
:106F800043F00043119373681293B368139302465E
:106F9000034609A9C0E72A4631464046FEF777FD79
:106FA00000289DD0BBE72DE9F04714460D46D27965
:106FB000A1798CB080466079FEF7DBFE2B6A143035
:106FC00023F0004383421DD101AA291D4046FEF74C
:106FD000C6FD061E12DB099A002A13DA2B6A63F03B
:106FE0000043134009936B6A0A93AB6A0B93002327
:106FF0001A4601A94046FFF7BFFD064630460CB0D1
:10700000BDE8F0872368E279A17960790193FEF702
:10701000B0FE0023CDE903330290012301AA2946E3
:107020004046FFF7A9FD06460028E7D1D8F80C70C6
:1070300005F1040A4FF0FF39CFB9D8F810700435C4
:10704000002FDBD02946381DFEF76AFC68B9FB68C3
:107050002268934209D9E279A1796079FEF789FE25
:107060001B1AFB60BB691B1ABB613F68E8E751460E
:10707000381DFEF755FC28B9FB682268934203D1FE
:10708000C7E901993F68D7E7FCD9E279A17960792E
:10709000FEF76FFE1B1AFB60F4E70000F0B5A5B029
:1070A0000546FEF7CAFF0446002877D12B685A6AC6
:1070B0000146D208E86B0AF0A0F92A68EC62D2E92E
:1070C00008320EA9C5E90D439A4294BF2A632B6387
:1070D0002846FFF72DFA044600285CD119A9284656
:1070E000FFF726FA0446002855D10346024619A99F
:1070F0002846FFF741FD044600284CD1294B1A9E33
:107100001B9A6E601027CDE905732B68AA60D969B8
:10711000099125491B6A08680A93496801974FF04D
:1071200001130B930CAB03C33423CDE90762CDE904
:107130001762169306AE2023CDE90363029301AADA
:1071400001230EA92846FFF717FD20B110F1340FD7
:1071500002D004461FE001242023CDE90236049327
:1071600001AA01230EA928460197FFF705FD20B1CA
:1071700010F1340FEDD1002CEBD000220123CDE92A
:1071800001230EA901AA2846FEF781FC044610B986
:107190002B681B6AAB632846FEF734FD204625B0FA
:1071A000F0BD00BF2E1400087D6002082DE9F047F5
:1071B0001F4692B003F00303012BDDF868800192B3
:1071C00006460C4611D101AB03AA07A93046FEF7CB
:1071D00081FE0546B0B99DF81030222B00F0868064
:1071E000B90534D56FF0100508E090F84030002B59
:1071F000E9D1FFF739FC05460028E4D0284612B053
:10720000BDE8F087821CF9D1DDF804A02F2150469B
:107210000AF0FBF881460028F0D1FB05EED540F6D8
:1072200011038DF812005046ADF81030E9F7E0FF79
:107230004FF0FF33CDE905398DF81300534603AA0B
:1072400007A93046FFF743FE05460028D6D1089B24
:107250006360099BA360039BE360059B236100229D
:10726000069BC4F8188078056361E761226210D438
:107270004FF0FF33E362B8F1000F02D0D8F80030CE
:107280006BBB3268536B73B1F26842B36FF00B059E
:10729000B4E713B147F48037E7614FF0FF320023C2
:1072A000C4E90423E4E7E36903F00303012B0AD1F3
:1072B000506908F055FE60630028E7D0F36823604A
:1072C0000025F4609AE7906908F04AFE60630028A0
:1072D000DCD0306804F12C01FEF7A4FEEEE7636316
:1072E000E36903F00303012BE8D0F2E76FF0140524
:1072F00084E713B500240094FFF758FF02B010BDD7
:1073000010B590F840309CB00446019143B101ABF8
:1073100002AA06A92046FEF7DDFD30B11CB010BD63
:10732000FFF7A2FB0028F2D0F8E79DF80C30222BE3
:107330001CD002AA06A92046FFF735FE0028EDD191
:107340009DF80C30222BE9D106AA12A92046FEF79F
:1073500006FC0028E2DB1A9B0F931B9B1093002373
:107360001A4606A92046FFF707FCD7E704AA11A989
:107370002046FEF78CFB0028DBD0CFE770B50D4D23
:107380000A44914200D170BD066811F8013B83EABE
:10739000060404F00F0455F8244084EA161484EA25
:1073A000131303F00F0355F8233083EA141303601B
:1073B000E7E700BF88600208D0F888301BB1D0F83A
:1073C0008C308030184770470148FFF7F5BF00BF89
:1073D0009433002070B586B0002302AC029305936D
:1073E000C4E901338B6805460E4633B102222046BC
:1073F0009847F3680593B368049394E803006A46DA
:1074000005F1800382E8030093E8030084E80300A9
:1074100092E8030083E80300049BD5F88820C5F8B0
:107420008830059B04922046D5F88C20C5F88C3016
:107430000592EDF7BCFF3220EAF7B0FC322006B02F
:10744000BDE87040EAF764BC10B504463220EAF7A4
:107450006DFCD4F888303BB104F18001032208466A
:1074600098470023C4E9223310BDD0F888000038C3
:1074700018BF012070473220EAF74ABC3220EAF7F1
:1074800055BC3220EAF78ABC08B53220EAF774FC12
:10749000003818BF012008BD054BD3F8902021B15A
:1074A00022F40042C3F89020704742F40042F9E70A
:1074B00000040058034BD3F8900080F40040C0F360
:1074C000C0307047000400584FF0B043D3F8942008
:1074D00021B142F40042C3F89420704722F40042E4
:1074E000F9E74FF0B043D3F89400C0F3C0307047D1
:1074F000024B5869C0F34000704700BF00040058B9
:1075000013B5094C4FF0FF3300931A461946204635
:1075100006F0FEFC054B63660023C4E92033C4E992
:10752000223302B010BD00BF943300200000015888
:1075300008B50248EDF73BFF08BD00BF143400203A
:10754000F0B5CFB006460C466D4602F12007106834
:1075500051682B4603C30832BA421D46F7D19DF845
:10756000003023F007038DF800309DF81F3003F042
:107570003F0343F04003214608A88DF81F3001F077
:1075800093F844A800F031FF44AA08A93AA800F0F3
:1075900039FF44A908AA084602F0D2F944A90846CE
:1075A00001F018FF44AA3AA908A801F084F912A82A
:1075B00000F01BFF1CA800F00CFF08A926A801F092
:1075C0005BF830A800F011FF0024FE25EB102746E1
:1075D0001DF8034005F007031C4104F00104674057
:1075E0003A4626A912A800F097FF3A4630A91CA8EF
:1075F00000F092FF30AA26A93AA802F0A1F91CAA2D
:1076000012A944A802F09CF912A908461CAA00F08D
:10761000F9FE30AA26A91CA800F0F4FE12AA3AA985
:1076200030A801F048F91CA944AA084601F043F922
:1076300044A93AA801F0F1FC12A944A801F0EDFC1C
:107640001CAA30A926A800F0DDFE1CAA104630A90D
:1076500002F076F93AAA44A912A801F02CF944A93B
:107660003AAA084602F06CF91CA9084601F0D5FCBC
:1076700044A930A801F0CEFB26A9084601F0CDFCB4
:107680003AA9084630AA00F0BDFE1CAA08A930A8F5
:1076900001F011F93AAA44A91CA801F00CF9013D26
:1076A00094D2224626A912A800F036FF224630A91D
:1076B0001CA800F031FF1CA9084601F08BFE12A99E
:1076C0001CAA084601F0F7F812A9304602F069F941
:1076D0004FB0F0BD30B50C46A9B0054610460A467D
:1076E000202100F00FFE237823F007032370E37FAF
:1076F00003F03F0343F04003E3772146684602F07E
:10770000C2FB6946284602F09EFB29B030BD10B589
:10771000A8B00446684602F0B6FB6946204602F06F
:1077200092FB28B010BD00002DE9F04FADF53D7D76
:1077300003460B900C4608330CAD00F14806186860
:1077400059682A4603C20833B3421546F7D11CA82C
:10775000214604F1800504464B780A780F798E782B
:107760001B0443EA0263CA7942EA07624F7943EA9B
:10777000062342EA0742CE788F79083142EA07228F
:1077800033438D42C4E9002304F10804E4D10446E4
:107790001026D4E91C19CB0C4FEAD9424FEAC90E86
:1077A000CF004EEA517E47EA597743EA493342EA2D
:1077B00041328909A04641EA89617B4082EA0E0292
:1077C0004B40D8E91217D8E900E8D4E9025C11EB84
:1077D0000E0147EB080782EA99125B1842EB070E8D
:1077E0004FEA15296A0842EACC7249EA0C6982EA32
:1077F00009014FEA5C074FEA1C28EA0947EAC57706
:1078000048EA056842EA4C624A4087EA08079B1842
:1078100087EADC1106F101064EEB01010834502E17
:10782000C4E91E31B5D11A9B03931B9B0493149B8F
:107830000593159B0693189B0793199B0893169B1A
:107840000993179B0A930C9B01930D9B0293DDE90F
:107850000E89DDE910ECDDE912320149009101E009
:10786000C860020805994FEA913A06994AEA814AA6
:107870004FEA913B05994BEA814B8D0C069945EAFD
:1078800081358C0C059944EA81348BEA040B069C03
:10789000E40544EA51248AEA050ACD05069945EA39
:1078A000512500998AEA050A8BEA040BD1E90057B1
:1078B000D0E900640799AD19099E47EB04044E40D6
:1078C0000A9F08994F4005990E4006990F40079965
:1078D0004E4008991AEB050587EA010703994BEB1F
:1078E0000404AD1944EB07046D18049941EB04043A
:1078F0005B19039342EB04030493019B01991E0F50
:10790000029B46EA03161A0F019B42EA0312029BEE
:107910009B0743EA91038F0702995A4047EA910770
:10792000019B7E404F0647EAD3175B0643EAD1131B
:10793000734001995B1982EA070244EB020241EAB3
:107940000804029941EA0905019901EA0807029928
:1079500004EA0E0401EA09063C4305EA0C0513EBB0
:10796000040A45EA060542EB050B009A009BD56820
:107970009B680799D0E902421B1945EB02025B188C
:107980000899099C41EB0202059981EA04050699D0
:107990000A9C4C4003990D4004990C4009994D40B4
:1079A0000A994C4003995B1942EB04028C0B049931
:1079B00044EA81448E0B039946EA81468F0C049970
:1079C00047EA81378D0C039945EA813504996E4069
:1079D000CD0503997C4045EA5125CF05049947EA36
:1079E00051277C401C1985EA060542EB05051EEB74
:1079F000040307934CEB050308934FEA1B724FEA0D
:107A00008B7343EA9A034FEA1A7642EA0A124FEA64
:107A10008A7747EA9B0746EA0B165A404FEA4A63C1
:107A20007E4043EADB134FEA4B67029947EADA17D5
:107A300073401C1982EA070245EB0202019B41EAEE
:107A40000B05019943EA0A0301EA0A07029903EACE
:107A5000080301EA0B063B4305EA090514EB030C96
:107A600045EA060542EB050E009A009B55691B6925
:107A70000999D0E904421B1945EB02025B180A99E7
:107A8000039C41EB0202059981EA04050699049CD6
:107A90004C4007990D4008990C4005994D400699B6
:107AA0004C4007995B1942EB04028C0B089944EA9D
:107AB00081448E0B079946EA81468F0C089947EA64
:107AC00081378D0C079945EA813508996E40CD05BF
:107AD00007997C4045EA5125CF05089947EA512787
:107AE0007C401C1985EA060542EB050518EB0403EA
:107AF0000A934FEA1E724FEA8E7343EA9C034FEAE1
:107B00001C7642EA0C124FEA8C7747EA9E0746EA57
:107B10000E1682EA03024FEA4C6386EA070643EA3E
:107B2000DE13019983EA06034FEA4E6749EB050924
:107B300047EADC171C194AEA0C0382EA070203EA47
:107B40000103029945EB02020AEA0C074BEA0E0513
:107B50000BEA0E060D403B43E31845EA060542EBEF
:107B600005080993009A009B9B69D5690599D0E99E
:107B700006421B1945EB02025B180699079C41EB74
:107B80000202039981EA04050499089C4C400A9971
:107B90000D4003994D40049904EA09044C400A99A8
:107BA0005B1942EB04028F0C8C0B47EA893744EADD
:107BB00089444FEA99364FEA99457C40CF0545EA1A
:107BC000813547EA592746EA81466E407C404FEAB4
:107BD000C9551C1945EA5125019B099985EA0605F5
:107BE00042EB05051B190593029B43EB0503069326
:107BF000099B4FEA18721E0F42EA03124FEA88737C
:107C000043EA91038F0747EA980746EA08165A4065
:107C10004B067E4043EAD8134FEA486747EAD1173C
:107C200073401C194CEA010682EA070245EB020286
:107C30004EEA080306EA0A060CEA01050EEA0807FE
:107C4000354303EA0B03611943EA070342EB0303DD
:107C5000009A0293009B556A1B6A0191D0E9084281
:107C600003991B1945EB02025B1804990A9C41EB2E
:107C70000202079981EA0405089981EA0904059935
:107C80000D4006990C4007994D4008994C400599C4
:107C90005B1942EB04028C0B069944EA81448E0B7B
:107CA000059946EA81468F0C069947EA81378D0C83
:107CB000059945EA813506996E40CD0505997C40C8
:107CC00045EA5125CF05069947EA51277C401C1902
:107CD00085EA060542EB05051AEB040303934BEB1B
:107CE00005030493019B01991E0F029B46EA0316AC
:107CF0001A0F019B42EA0312029B9B0743EA91037E
:107D00008F0702995A4047EA9107019B7E404F0630
:107D100047EAD3175B0643EAD113734009991B194D
:107D2000019C41EA0406029982EA070245EB02023D
:107D300048EA0104019D09990D40029906EA0C06E2
:107D400008EA01073543009904EA0E045B1944EA86
:107D5000070442EB0402D0E90A67D1E90A45079912
:107D6000A41945EB070564180899059E41EB050524
:107D70000A9981EA0607069989EA010603990F40E4
:107D800004990E400A994F40039986EA0906E419BE
:107D900045EB06058E0B049946EA814A8E0B039942
:107DA0008F0C46EA8146049947EA813B8F0C039980
:107DB00047EA813704997E40CF0503998AEA0B0B85
:107DC00047EA512ACF05049947EA51278BEA07076A
:107DD000E41986EA0A0645EB0605170F1CEB0401B9
:107DE0004FEA8276079146EA93064EEB05014FEA89
:107DF000137C47EA03174FEA837E08914EEA920EFE
:107E0000019977404CEA021C5E068CEA0E0C46EAA9
:107E1000D2164FEA426E8CEA06064EEAD31E41EABB
:107E2000030C0299341987EA0E0745EB070741EA6C
:107E3000020509990CEA010C019901EA030602996D
:107E40004CEA060601EA020E05EA0805009945EA31
:107E50000E0514EB060E47EB050CD0E90C67D1E9D3
:107E60000C450A99A41945EB0705039E641805996A
:107E700081EA06070699049E81EA0606079907EA41
:107E80000107089906EA0106059987EA010706999C
:107E900086EA0106079949EB0505E41945EB060555
:107EA0008E0B089946EA814A8E0B079946EA81466D
:107EB0004FEA9149089949EA81398F0C079947EAB5
:107EC000813708998AEA090A4FEAC15907997E4021
:107ED00049EA5129CF05089947EA51278AEA070755
:107EE0000999E41986EA090645EB06054FEA1C776D
:107EF00009194FEA8C76099146EA9E0648EB05017E
:107F000047EA0E174FEA1E784FEA8E7949EA9C0934
:107F1000774048EA0C184FEA4E660A9188EA090849
:107F200001994FEA4C6946EADC1688EA060649EAF6
:107F3000DE1943EA0E08341908EA010887EA09073E
:107F4000029945EB070703EA0E0642EA0C050D40CD
:107F500002EA0C09009948EA060614EB060845EA0D
:107F6000090547EB0509D0E90E67D1E90E450599EA
:107F7000A41945EB070564180699079E41EB050512
:107F8000039981EA06070499089E4E4009990F401B
:107F90000A990E4003994F4004994E4009994FEABF
:107FA000913A0A99E41945EB06054AEA814A8E0B93
:107FB000099946EA81464FEA914B0A994BEA813B7F
:107FC0008F0C099947EA81370A998AEA0B0A4FEA26
:107FD000C15B09997E404BEA512BCF050A9947EACC
:107FE00051278AEA0707E41986EA0B0645EB0605DE
:107FF00001994FEA19774FEA897646EA98064FEADF
:10800000187A47EA08174FEA887B09194BEA990B57
:1080100087EA06074AEA091A4FEA48668AEA0B0A1B
:1080200005914FEA496B029946EAD9168AEA060693
:108030004BEAD81B41EB050187EA0B0734194EEADE
:10804000080A45EB07070AEA030A4CEA09050EEAA3
:10805000080615400CEA090B4AEA0606069145EAAD
:108060000B05A119019147EB0501029100994031DF
:108070000091009C1B49A14200F140007FF4F2AB4B
:10808000CDE91232079B1893089B1993099B16930D
:108090000A9B1793059B1493069B03990B9A1593C0
:1080A000CDE910EC019B1A91CDE90E8904990C934E
:1080B000029B0D931B910CAB02F1400552F8081F77
:1080C000D3E900405668091940EB0600AA42C2E90C
:1080D000001003F10803F1D100200DF53D7DBDE84E
:1080E000F08F00BF4863020830B5034600282ED049
:1080F00000240025C3E9004517A5D5E90045C3E9DB
:10810000024517A5D5E90045C3E9044516A5D5E9FB
:108110000045C3E9064516A5D5E90045C3E908456C
:1081200015A5D5E90045C3E90A4515A5D5E90045DA
:10813000C3E90C4514A5D5E90045C3E90E4514A5CE
:10814000D5E90045C3E910450020986430BD012001
:10815000FCE700BFAFF3008008C9BCF367E6096A1B
:108160003BA7CA8485AE67BB2BF894FE72F36E3CC6
:10817000F1361D5F3AF54FA5D182E6AD7F520E5123
:108180001F6C3E2B8C68059B6BBD41FBABD9831FDD
:1081900079217E1319CDE05B2DE9F8430D46164693
:1081A0000446002847D0002945D0836C802B42D854
:1081B00000F14C0716B93046BDE8F883A36C93B9BB
:1081C0007F2E10D929462046FFF7AEFA0028F3D1BA
:1081D000D4E9003213F5806342F10002C4E90032B1
:1081E0008035803EE6E7C3F18008B04528BFB04641
:1081F00003F14B02224405EB08094D4516D14344D7
:10820000802BA3640ED139462046FFF78DFA002853
:10821000D2D1D4E9003213F5806342F10002C4E9FF
:108220000032A0644D46A6EB0806C3E715F8011B13
:1082300002F8011FE1E70120BEE7F8B50D4604464C
:1082400000285DD000295BD0836C7F2B58D8D0E903
:1082500000670822E3FB02675A1C03448021702A4E
:10826000C0E90067826483F84C100AD90022A36C2D
:108270007F2B39D904F14C012046FFF755FA002332
:10828000A3640022A36C772B34D93B0E84F8C4304E
:108290003B0C84F8C53036BA3B0A04F14C0184F833
:1082A000C63084F8C770C4F8C8602046FFF73CFAAF
:1082B000294604F14002E37B0B70E3894B70E368CD
:1082C0001B0A8B70E368CB70E37A0B7163894B7187
:1082D000A3681B0A08348B712368CB71944201F1A7
:1082E0000801E8D10020F8BD591C2344A16483F89B
:1082F0004C20BCE7591C2344A16483F84C20C1E7FF
:108300000120F0E730B5B5B0054668461446FFF7E2
:10831000EBFE48B90A4668462946FFF73DFF18B903
:1083200021466846FFF789FF35B030BD2DE9F041A1
:10833000FCB00446DDF8088248A81F460D461646E4
:10834000FFF7D2FE202208EB020148A8FFF724FF26
:108350003246294648A8FFF71FFF10A948A8FFF793
:108360006CFF10A801F010FE10A920A801F08BFDF1
:1083700020A9204601F067FD48A8FFF7B5FE214679
:10838000202248A8FFF708FF3946202248A8FFF717
:1083900003FF3246294648A8FFF7FEFE694648A873
:1083A000FFF74BFF684601F0EFFD10AB4246694610
:1083B00004F1200002F02AFE7CB0BDE8F081837851
:1083C000417802781B0443EA012343EA02000021BA
:1083D00070470023C0E90033C0E90233C0E9043329
:1083E000C0E90633C0E90833704700230122C0E921
:1083F0000023C0E90233C0E90433C0E90633C0E911
:10840000083370472DE9F04753684E688D68CC6893
:108410000F69D1F824A01E4493681D44D3681C44FE
:10842000136907EB030C4F69536907EB030E8F6960
:10843000936907EB0308CF69D36907EB0309136A54
:108440000F6A09681F44536A126853440A44C0E91A
:108450000026C0E90254C0E904CEC0E90689C0E99B
:108460000873BDE8F0872DE9F74F83688D68CC6805
:108470004E685D40C36852425C4004EA02030193C7
:1084800004690B69634003EA020E44694B69634067
:1084900003EA020884698B69634003EA0209C4693C
:1084A000CB69634003EA020A046A0B6AD0E900C799
:1084B000634003EA020B446A4B6A09687E406340EA
:1084C0008CEA010116401540134011408268019C5E
:1084D0005540C268856054400269C46082EA0E0259
:1084E0000261426981EA0C0182EA08027740016078
:1084F00047604261826982EA09028261C26982EA56
:108500000A02C261026A82EA0B020262426A5340B4
:10851000436203B0BDE8F08F2DE9F04F8BB00B68DC
:10852000019304684B68019D029384EA050A8B68F5
:108530004468029D039384EA0509CB688468039D1F
:10854000049384EA05080B69C468049D059384EAD2
:10855000050E4B690469059D06938B69079384EAB0
:10856000050CCB69069D446908930B6A099384EA5C
:1085700005074B6A8469079DDDF824B084EA050687
:10858000C469089D6540046A84EA0B04D0F824B0ED
:1085900052428BEA030B0AEA020A09EA020908EAD4
:1085A00002080EEA020E0CEA020C174016401540B3
:1085B00014400BEA0202D0F800B08BEA0A0BC0F8B4
:1085C00000B0D0F804B08BEA090BC0F804B0D0F8C2
:1085D00008B08BEA080BC0F808B0D0F80CB08BEAF2
:1085E0000E0BC0F80CB0D0F810B08BEA0C0BC0F832
:1085F00010B0D0F814B08BEA070BC0F814B0D0F864
:1086000018B08BEA060BC0F818B0D0F81CB08BEA93
:10861000050BC0F81CB0D0F820B08BEA040BC0F8F2
:1086200020B0D0F824B08BEA020BC0F824B0019837
:1086300080EA0A000860029880EA0900486003980E
:1086400080EA08008860049880EA0E00C8600598F7
:1086500080EA0C0008610698474007984F61464041
:1086600008988E6145400998CD61444053400C62A2
:108670004B620BB0BDE8F08F2DE9F043D1E90098D3
:10868000D1E902E3D1E90476D1E90654D1E9082120
:10869000C0E90098C0E902E3C0E90476C0E90654E5
:1086A000C0E90821BDE8F0832DE9F04F04460846F3
:1086B0008DB050F8042B05920D46FFF780FE8B011C
:1086C00043EA90630B938301E81D0293FFF777FE63
:1086D0004FEA4118430148EAD06805F10A000693C1
:1086E000FFF76DFE4FEAC10BC3004BEA507B05F16B
:1086F0000D000393FFF763FE83004FEA810A4AEA05
:10870000907A079305F114002B690193FFF757FE48
:10871000CF01C30147EA506705F117000893FFF73F
:108720004EFE4FEA4119430149EAD06905F11A00AA
:108730000493FFF744FE0E01030146EA107605F1AB
:108740001D000993FFF73BFE810021F07E4121F0DF
:10875000030101F18075059A680E4FF0130CA0FB20
:108760000C0C831805F07E4505932CBF01200020DA
:108770004B1B0A93029B069D13F180720B9B4FEAE1
:10878000526143F1000341EAC311491948EB6368A0
:10879000029B069102F07E429B1A0B93039B079962
:1087A00013F180734BF1000B5A0E42EACB125218B0
:1087B0000292039A03F07E434AEB6B61D31A039350
:1087C000019B13F180732CBF012500255A0E42EA4C
:1087D000C512089D5219019D03F07E4347F1000E1A
:1087E000EB1A0793049B099F13F1807549F1000967
:1087F0006B0E43EAC913DB1946EB6969049E05F069
:108800007E45751B0495059D15F1007C40F1000B1C
:10881000069810F10077029848F1000810F10076F0
:1088200041F10001019112F1007505994EF1000E20
:108830000CF07C4A13F1007049F100094FEA9C6C7E
:10884000B1EB0A0A0B99C4F800A04CEA8B1C1CEB94
:10885000010C0699C4F804C007F07C4CB1EB0C0C79
:10886000BF0E0399C4F808C047EA88177F18029919
:10887000E76006F07C47CF1B01992761B60E46EAF8
:1088800081160799761805F07C41521AA261AD0E47
:10889000049A666145EA8E15AD1800F07C429B1A79
:1088A0002362800E0A9BE56140EA8910C01860626D
:1088B0000DB0BDE8F08F2DE9F04F8246D1E90003FD
:1088C000A5B0D2E9005808938B680193CB6809934F
:1088D0000B6902934B690A93D1E906930B93D1E993
:1088E00008630C9393680393D36805931369069305
:1088F00053690D9393690F93D3691693136A189371
:10890000536A1993039B019C4FF0130B0BFB03FC61
:10891000059B0BFB03F7069B0BFB03F317930D9BC8
:108920000BFB03F310930F9B0BFB03F30E93169BB0
:108930000BFB03F30793189BDDF81CE00BFB03F222
:10894000199B0BFB03F30493089B04995B001193A1
:10895000099B5B0012930A9B5B0013930B9B5B00CC
:1089600014930C9B5B001593119B83FB0131C0FB9F
:108970000531C4FB0231129CC4FB0E31029CDDF8B0
:1089800038E0C4FB0E31139CDDF840E0C4FB0E312F
:10899000179CC9FB0431149CC4FB0731159C0BFBCD
:1089A00008FEC6FB0C31C4FB0E31CDE91A31089B21
:1089B000019C049985FB033EC0FB083EC1FB043EBD
:1089C000099C0299C2FB043E079CC4FB013E0E9920
:1089D0000A9CC1FB043E10990B9CC1FB093E1799F0
:1089E000C1FB043E0C99049CC7FB063ECCFB013E38
:1089F000CDE91C3E119B039988FB033CC0FB013C65
:108A00000199C5FB013C1299C4FB013C0299139CDE
:108A1000C2FB013C0799C1FB043C0E99C1FB093C18
:108A20001099149CC1FB043C1799049CC1FB063CA3
:108A30001599C7FB013CCDE91E3C0899039B83FBBC
:108A400001370599C0FB01370199C8FB0137099926
:108A5000C5FB01370299C4FB01370A990B9CC2FB85
:108A600001370799C1FB09370E99C1FB04371099EB
:108A70000C9CC1FB06371799C1FB0437179311995A
:108A8000059B209783FB01730699019CC0FB017332
:108A90000399C1FB04731299049CC8FB01730299EA
:108AA000C5FB01731399C4FB01730799149CC2FBA6
:108AB0000973C1FB04730E99159CC1FB06731099D1
:108AC000C1FB04730699089C109781FB047C0D99E7
:108AD000019CC0FB017C0599C1FB047C0399099CA6
:108AE000C1FB047C02990C9CC8FB017C0A99C5FB64
:108AF000017C0499C1FB097C0B99C2FB017C07999D
:108B0000C1FB067C0E99C1FB047C0D99119C0E974C
:108B100081FB047E0F99019CC0FB017E0699C1FB7D
:108B2000047E0599129CC1FB047EDDE90241C1FB74
:108B3000047E1399049CC8FB017E1499C5FB097E31
:108B4000C4FB017E0799159CC2FB067EC1FB047E17
:108B50000F99089CCDF884E0079781FB047E169955
:108B6000019CC0FB017E0D99C1FB047E0699099C06
:108B7000C1FB047E0599029CC1FB047E03990A9CFB
:108B8000C1FB047E0B99019CC8FB097EC5FB017EDD
:108B90000499C1FB067E0C99C2FB017E1199169ABD
:108BA000CDE9227E82FB01271899C0FB01270F998E
:108BB000C1FB04270D99129CC1FB04270699029C56
:108BC000C1FB04270599139CC1FB04270399C1FB32
:108BD00009271499049CC8FB01271599C5FB062792
:108BE000C4FB012711920899189A82FB0124199954
:108BF000C0FB012416990198C1FB00241046099975
:108C00000F9AC2FB01040D9A0299C2FB01040A9952
:108C1000069AC2FB0104059A0B99C2FB0904039A48
:108C2000C2FB01040C9A1A99C8FB0604C5FB020496
:108C30001A9A0E9D12F100761B9ACDE9080442F1B2
:108C40000000B40E1C9A44EA8014A4181D9A06F081
:108C50007C4642EBA062891B0A911B9961EB0001E3
:108C60000B91109911F1007143F10006880E40EA52
:108C700086104019109D01F07C414CEBA66C691ADE
:108C800063EB060314F180761E9D42F100024FEA69
:108C9000566E4EEAC21E1EEB050504951F9D06F09A
:108CA0007E4645EB6262A41B0C9410F18074079D14
:108CB0004CF1000C660E46EACC1675190595219DFF
:108CC00004F07E4445EB6C6C001B0D900498179CDF
:108CD000089D10F10070019042F10002800E40EA00
:108CE0008210001906902098229C40EBA262059801
:108CF00010F1007002904CF1000C800E40EA8C10D4
:108D00000019239C44EBAC6C069C14F18074039412
:108D100042F10002640E44EAC214641843EB626339
:108D200010F18079119A4CF1000C4FEA596141EA37
:108D3000CC11891847EB6C6C14F1007743F10003F8
:108D400011F100784CF1000C4FEA9862079342EA67
:108D50008C12099B521943EBAC6C12F1807E4CF1E2
:108D6000000C4FEA5E650A9B45EACC15A5FB0B6536
:108D7000F6184FEA6C6C0B9B0BFB0C5545EB03058F
:108D800016F1007C0C9B45F100050CF07C4B4FEA82
:108D90009C6C4CEA851CB6EB0B061CEB0305019B97
:108DA000CAF8045003F07C45049BCAF800605D1BC0
:108DB000039BCAF8085003F07E45069B5D1B079B8A
:108DC000CAF80C5007F07C45BF0E47EA83170D9B8D
:108DD000641BFF18029BCAF81040059CCAF8147067
:108DE00009F07E4908F07C480EF07E4E03F07C438B
:108DF000E31AB0EB0900B1EB0801B2EB0E02CAF8BE
:108E00001830CAF81C00CAF82010CAF8242025B06F
:108E1000BDE8F08F2DE9F04F6C4B0A68CC684D68C7
:108E20008BB082FB0382039284FB034204924A6963
:108E300082FB03E20592CA6982FB032601924A6A19
:108E4000069682FB039219F1807C42F100024FEA00
:108E50005C664FF0130B46EAC216A6FB0B6A52166D
:108E60000BFB02AA16EB08020292039A85FB03573A
:108E70000CF07E4C4AEB020AB9EB0C0215F180763D
:108E8000079247F100078A684FEA566C4CEAC71C04
:108E900006F07E467F16C2FB03C7AA1B0892049AFF
:108EA000CDF80CC014F1807542F10006B9460A698C
:108EB0006F0E47EAC61705F07E457616C2FB0376AD
:108EC000621B0992059A04971EF1807842F1000412
:108ED0004FEA58658A69096A45EAC4156416C2FBF7
:108EE0000354019A059508F07E48BEEB080812F17C
:108EF000807E069A4FEA5E6542F1000245EAC2159D
:108F00005216C1FB0352019B0EF07E4EB3EB0E0EC8
:108F1000029B13F1007C039B4AF1000A13F10077D6
:108F200049F100030193049BAB4613F10075059BC7
:108F300046F1000613F1007144F100041BF10073C7
:108F400042F100020692029A0CF07C49B2EB090948
:108F50004FEA9C6C089AC0F800904CEA8A1C1CEB03
:108F6000020C039AC0F804C007F07C4CB2EB0C0C66
:108F7000019AC0F808C0BF0E47EA8217099ABF18C5
:108F8000C760049A05F07C47AD0E45EA8615D71BED
:108F900015EB0805059A456101F07C45890E41EA0B
:108FA0008411551B11EB0E01069AC16103F07C413F
:108FB0009B0E43EA8213079A0761BBEB01019B18E2
:108FC0008561016243620BB0BDE8F08F42DB0100B6
:108FD0004B682DE9F041C3F1000E8B68CF680E6934
:108FE0004D698C69C3F1000CCB69C3F100080B6AB1
:108FF0005A424B6A09687F4276426D4264425B4244
:109000004942C0E9001EC0E902C7C0E90465C0E9E1
:109010000648C0E90823BDE8F0812DE9F04F0A4673
:109020008246D2E9024097B04FF0260C0690D2E972
:1090300004B00190D2E906E00390106A526A0892E7
:1090400062000592069A039E0490520000924FEA35
:109050004B020C92019A52000292039A0CFB06F703
:109060005200049E0992D1E90013132202FB06F874
:10907000089E079302FB0EF0019A5D000CFB06F6BA
:109080000CFB02F385FB062CC1FB012C4FEA4109C6
:1090900061464FEA440CCCFB0821DDF800C0CCFB54
:1090A00007214FEA4B0CCCFB00219446019AC2FBEE
:1090B00003C1CDE90AC1079B009984FB06C2C9FB25
:1090C00003C2C1FB08C20299CBFB07C2C1FB00C2AD
:1090D000CDF834C0009983FB053CC9FB043CC1FBBF
:1090E000063C4FEA4B01C8FB013C0299C1FB073C1F
:1090F0001946CEFB001CCDE90E1C069984FB0530F9
:10910000C9FB01300299CBFB0630C1FB0830194680
:10911000CEFB0710CDE91010009985FB0103C9FBB8
:109120000B030299C4FB04034FEA4E0CC1FB060378
:109130000399C8FB0C03C1FB0703019907908BFB44
:109140000540C9FB0140DDE90571C1FB07400999F4
:10915000CEFB0640C1FB08400299129485FB014CEE
:10916000C9FB0E4C0699CBFB074C009FC1FB074C7B
:109170000999C1FB064C0499C1FB084C039906945C
:109180008EFB0547DDF81480C9FB01470199C1FB3F
:1091900008470099CBFB01470499C1FB0647CDE97D
:1091A00013470999029C85FB01780499C9FB017852
:1091B0000599CEFB01780099C1FB04780899059CBC
:1091C000CBFB0B78C1FB06780499099781FB0565F9
:1091D0000899CDF85480C9FB01650399C1FB04656A
:1091E00000990C9CCEFB01650199C1FB04650A99AD
:1091F000089611F100770B99129CAE464FEA9766DC
:1092000041F100050D9946EA851676180A9907F08E
:109210007C4742EBA562B1EB070B0B9961EB0501B3
:109220000A91079911F1007143F100078D0E45EA8B
:1092300087152D19079C01F07C4140EBA760611A4E
:1092400063EB070316F180770E9C42F100024FEAB0
:10925000576848EAC21818EB040403940F9C07F0FF
:109260007E4744EB6262F41B15F1807640F100000A
:109270000794770E069C47EAC0173C1906F07E4615
:109280004CEB606CA81B04940B900398109C159DEC
:1092900010F10070009042F10002800E40EA82104E
:1092A000001905901198139C40EBA262049810F1EC
:1092B000007001904CF1000C800E40EA8C100019F7
:1092C000149C44EBAC6C059C14F18074029442F144
:1092D0000002640E44EAC214641843EB626310F1A6
:1092E0008079099A4CF1000C4FEA596141EACC119E
:1092F000891845EB6C6C14F1007743F1000311F110
:109300000078089D06934CF1000C4FEA986242EAFF
:109310008C1252194EEBAC6C12F1807E4CF1000CA9
:109320004FEA5E65132345EACC15A5FB03654FEABA
:109330006C6C03FB0C550A9B16EB0B0645EB030507
:1093400016F1007C079B45F100050CF07C4B4FEAC1
:109350009C6C4CEA851CB6EB0B061CEB0305009BD2
:10936000CAF8045003F07C45039BCAF800605D1BFB
:10937000029BCAF8085003F07E45059B5D1B069BC7
:10938000CAF80C5007F07C45BF0E47EA83170B9BC9
:10939000641BFF18019BCAF81040049CCAF81470A3
:1093A00009F07E4908F07C480EF07E4E03F07C43C5
:1093B000E31AB0EB0900B1EB0801B2EB0E02CAF8F8
:1093C0001830CAF81C00CAF82010CAF8242017B0B8
:1093D000BDE8F08F30B5A9B0044668460D46FFF7EA
:1093E0001CFE69460AA8FFF718FE0AA90846FFF7FF
:1093F00014FE0AAA29461046FFF75DFA0AAA694632
:109400006846FFF758FA694614A8FFF706FE0AA94E
:10941000084614AAFFF74FFA0AA914A8FFF7FDFDA2
:10942000042514A90846FFF7F8FD013DF9D10AAA61
:10943000104614A9FFF73FFA0AA914A8FFF7EDFD9B
:10944000092514A90846FFF7E8FD013DF9D114A943
:1094500008460AAAFFF72FFA14A91EA8FFF7DDFD98
:1094600013251EA90846FFF7D8FD013DF9D114AA1E
:1094700010461EA9FFF71FFA14A90846FFF7CDFDF5
:10948000092514A90846FFF7C8FD013DF9D10AAA2C
:10949000104614A9FFF70FFA0AA914A8FFF7BDFD9B
:1094A000312514A90846FFF7B8FD013DF9D114A9EB
:1094B00008460AAAFFF7FFF914A91EA8FFF7ADFD99
:1094C00063251EA90846FFF7A8FD013DF9D114AA9E
:1094D00010461EA9FFF7EFF914A90846FFF79DFDF6
:1094E000312514A90846FFF798FD013DF9D10AAAD4
:1094F000104614A9FFF7DFF90AA90846FFF78DFD0A
:1095000004250AA90846FFF788FD013DF9D16A46FE
:109510000AA92046FFF7CFF929B030BD2DE9F04F59
:1095200097B00A6902924A690392D1E906A2D1E989
:10953000026705920A6A06924A6A089272000792C6
:109540007A000992029ADDF814C0019052000A9242
:10955000039A52000492059A262000FB0CF8520050
:10956000DDF818C00B92D1E90053132202FB0CF96D
:10957000DDF820C002FB0AF4039A00FB0CFB4FEA63
:10958000430E50438EFB0B2CC5FB052C6900654632
:109590004FEA460CCCFB09254FEA470CCCFB0825CB
:1095A000DDF828C0CCFB04259446039AC2FB00C515
:1095B00086FB0B20CDF838C0C1FB03204FEA470CD7
:1095C000CCFB0920DDF808C0CCFB08209446049AA7
:1095D000C2FB04C083FB0E32CDF83CC0C1FB063297
:1095E0004FEA470CCCFB0B32DDF828C00C90C9FBCE
:1095F0000C32DDF810C00298CCFB08329C46CAFB46
:1096000004C2CDF840C0029C86FB0E3CC1FB073C67
:10961000C4FB0B3C049CC4FB093C1C46CAFB084C25
:1096200011947C008EFB0434C1FB00340498C6FB0B
:109630000634C0FB0B344FEA4A00C9FB00340598DE
:109640001E46C0FB08640298129680FB0E630398C6
:10965000C1FB00630798C7FB00630B98CAFB0B6351
:10966000C0FB096304980D931396079B8EFB00685B
:109670000298C1FB0A68C0FB03687800C7FB00685A
:109680000B984746C0FB0B670698C0FB0967059817
:1096900014968AFB0E68C1FB00680398DDF82490DD
:1096A000C0FB03680298C0FB09680698C0FB0B6802
:1096B00015960B988EFB00960698C1FB0096CAFB88
:1096C00003960998049BC0FB03960298109BC0FB6D
:1096D00000960898C0FB0B960698CDF8089080FB82
:1096E0000EE90898C1FB00E949460598DDF81C9091
:1096F000C0FB09E10998DDF82890CAFB00E1039856
:10970000DDF84CA0C0FB09E10E98F14610EB000E0D
:109710000F986D4110EB000B0C984041DB18039340
:10972000119B5241DB184CEB0C0CCDF81CC0DDF842
:1097300048C006931CEB0C0C0D9B64411AEB0A0A03
:109740005B410493149BDB180593159B7F41DB1849
:109750000B93029B0A9748EB0808DB1876410C93A1
:109760000D9619EB09060E9649411EF1007645F15A
:1097700000070F91B10E41EA871111EB0B0106F0C2
:109780007C4640EBA760BEEB060B65EB0705089532
:109790001CF1007544F10006AF0E049BDDF80CE0EF
:1097A00047EA861717EB0A0705F07C4543EBA663EB
:1097B000BCEB050564EB060611F1807440F1000076
:1097C0004FEA546C4CEAC01C1CEB0E0C04F07E44B7
:1097D00042EB6062091B099117F18071059CCDF87D
:1097E00010C043F10003480E40EAC3100019059071
:1097F0000A9801F07E4140EB636C791A0A91049952
:1098000011F10071029142F100028B0E069943EAB8
:1098100082135B180799069341EBA26205990B9B93
:1098200011F100714CF1000C880E039140EA8C108C
:109830000699C01848EBAC6C11F1807A42F1000334
:109840004FEA5A6444EAC314641946EB636310F1A7
:1098500080790C9A0D9D4CF1000C4FEA596141EA58
:10986000CC11891845EB6C6C14F1007743F10003BF
:1098700011F100780E9D07934CF1000C4FEA9862AD
:1098800042EA8C1252190F9D45EBAC6C12F1807EAE
:109890004CF1000C4FEA5E65132345EACC15A5FB9D
:1098A00003654FEA6C6C03FB0C55089B16EB0B062B
:1098B00045EB030516F1007C019B0CF07C4B45F158
:1098C0000005B6EB0B061E604FEA9C6C099B4CEA48
:1098D000851C1CEB0305019B5D60029B03F07C452E
:1098E000049B5D1B019B9D60069B0AF07E4AB3EBC7
:1098F0000A05019BDD6007F07C45641B1C61079B2A
:10990000059CBF0E47EA83170A9BFF18019B5F6106
:10991000039B03F07C43E31A09F07E49019C08F0A5
:109920007C480EF07E4EB0EB0900B1EB0801B2EBC3
:109930000E02A361E0612162626217B0BDE8F08FA0
:109940002DE9F04753684E688D68CC680F69F61AA8
:109950009368ED1AD368A4EB030A13694C6AA7EB6A
:10996000030C4F695369A7EB030E8F699369A7EB4B
:109970000308CF69D369A7EB0309136A0F6A096863
:10998000FF1A536A1268E31A8A1AC0E90026C0E96E
:10999000025AC0E904CEC0E90689C0E90873BDE8EF
:1099A000F0870B462DE9F047D3E90892D1E9008E04
:1099B0004FF0130AD3E90476D3E906540AFB02F305
:1099C000D1E902C103F1807308EB63630EEBA3637B
:1099D0000CEB636301EBA36307EB636306EBA36329
:1099E00005EB636304EBA36309EB636302EBA3631F
:1099F0005B160AFB03880EEBA86E0CEB6E6C01EB9A
:109A0000AC6107EB616706EBA76605EB666504EBE7
:109A1000A56428F07C4809EB646929F07C4302EBDB
:109A2000A9624FEA28292EF07E4E80F801904FEA75
:109A3000284980F802904FEA8E0980F8008049EAB0
:109A4000186880F803804FEAAE182CF07C4C80F840
:109A500004804FEAAE3880F805804FEACC0848EA27
:109A60009E5E80F806E04FEA6C1E21F07E4180F891
:109A700007E04FEA6C3E80F808E04FEA411E4EEAEC
:109A80005C5C80F809C04FEAE10C80F80AC04FEA3C
:109A9000E12C80F80BC04FEA871C4CEAD1410173DE
:109AA000C7F3970126F07E464173C7F38F21817378
:109AB000311225F07C45417431148174690041EA0A
:109AC0001661C174E91124F07E440175C7F387471C
:109AD000E913C77306744175E10041EAD5518175F8
:109AE0006111C17561130176190141EA5451417642
:109AF000191122F07E4281761913C176910141EA53
:109B00001353037793104377931292148377C2779A
:109B1000BDE8F08700B589B001466846FFF741FF10
:109B20009DF8000000F0010009B05DF804FB70B57D
:109B300004460D461646FEF796FC324605F128010E
:109B400004F12800FEF78FFC324605F1500104F1C4
:109B50005000BDE87040FEF786BC00002DE9F047DC
:109B60000646D4B29EB0D70F06F1280A04EAE27284
:109B70008846A4EB420406F15009FEF736FC504635
:109B8000E4B2FEF732FC4FF47075484605FB08F569
:109B9000FEF71FFCDFF8D88084F00102B2FA82F2EF
:109BA00008EB050130465209FFF7C1FF84F00202BD
:109BB00005F17801B2FA82F2414430465209FFF7CA
:109BC000B6FF84F0030205F1F001B2FA82F24144DB
:109BD00030465209FFF7ABFF84F0040205F5B4717B
:109BE000B2FA82F2414430465209FFF7A0FF84F0F6
:109BF000050205F5F071B2FA82F24144304652098D
:109C0000FFF795FF84F0060205F51671B2FA82F2AD
:109C1000414430465209FFF78AFF84F0070205F5F8
:109C20003471B2FA82F2414430465209FFF77FFFA5
:109C300084F0080205F55271B2FA82F252094144E9
:109C40003046FFF774FF51466846FEF715FD314672
:109C50000AA8FEF711FD494614A8FFF7B9F93A46DC
:109C600069463046FFF763FF1EB0BDE8F08700BFCE
:109C7000486302082DE9F043054601F128088BB03E
:109C800005F128060C4617460A464146FEF7BAFB80
:109C900022464146304605F15008FFF751FE3A464C
:109CA00029464046FEF707FE05F1780907F128022C
:109CB00031463046FEF7FFFD04F1780207F150010E
:109CC0004846FEF7F8FD04F1500211466846FEF7DB
:109CD00099FB324641462846FFF732FE324641465E
:109CE0003046FEF78FFB4A4669464046FEF78AFB40
:109CF0004A4669464846FFF723FE0BB0BDE8F083AD
:109D0000F8B501F178070C4605463A4604F15006CD
:109D1000FEF7D1FD324604F1280105F12800FEF7D7
:109D2000CAFD3A46314605F15000BDE8F840FEF75D
:109D3000C2BD2DE9F0410C4601F1780805464246C6
:109D400004F1280604F15007FEF7B5FD3A46314606
:109D500005F12800FEF7AFFD4246394605F15000F7
:109D6000FEF7A9FD3246214605F17800BDE8F04135
:109D7000FEF7A1BD2DE9F04304460E468BB004F179
:109D8000500506F12809FFF748F904F1780849461B
:109D90002846FFF742F904F1280706F15001404632
:109DA000FFF7BCFB4A4631463846FEF72BFB3946E7
:109DB0006846FFF732F9224629463846FEF722FB6D
:109DC000224629462846FFF7BBFD3A46694620460B
:109DD000FFF7B6FD2A4641464046FFF7B1FD0BB0FE
:109DE000BDE8F08310B50446FEF7F3FA04F128004D
:109DF000FEF7FBFA04F15000FEF7F7FA04F17800E1
:109E0000BDE81040FEF7E5BA38B504460D46FEF74A
:109E100033FC05F1280104F12800FEF72DFC05F1C3
:109E2000500104F15000BDE83840FEF725BC10B5E4
:109E30009EB004466846FFF7E7FF69462046FFF7F5
:109E400099FF1EB010BD30B59FB004460D46684660
:109E50005031FFF7BFFA6A4629460AA8FEF72BFDE4
:109E60006A4605F1280114A8FEF725FD14A920462D
:109E7000FFF797FD0AA8FFF74DFEE37F83EAC013C3
:109E8000E3771FB030BDF0B5F5B06A464D1E04460D
:109E90001F311346164615F8010F00F00F078D42CB
:109EA0004FEA10101F70587003F10203F3D1002520
:109EB000294692F900300B44DBB203F1080141F36B
:109EC0000311C8B20135A3EB00133F2D02F8013B8B
:109ED000EFD196F83F30184486F83F002046FFF750
:109EE00081FF0125725769102EA8FFF737FE2EAAB1
:109EF00021464CA8FFF7BEFE02354CA92046FFF7CD
:109F000018FF412DEED121464CA8FFF790FF4CA938
:109F100010A8FFF7F5FE10A94CA8FFF72BFF4CA9DE
:109F200010A8FFF7EDFE10A94CA8FFF723FF4CA9DE
:109F300010A8FFF7E5FE10A94CA8FFF71BFF4CA9DE
:109F40002046FFF7F6FE0025725769102EA8FFF78E
:109F500005FE2EAA21464CA8FFF78CFE02354CA91F
:109F60002046FFF7E6FE402DEED175B0F0BD8378B8
:109F7000417802781B0443EA012343EA02000021EE
:109F800070470068002170472DE9F04F9DB083466F
:109F9000FFF7EDFFC0F314030BF102000B93FFF783
:109FA000F0FFC0F354130BF105000C93FFF7DFFF34
:109FB000C0F394030BF107000D93FFF7E2FFC0F32A
:109FC000D4130BF10A000993FFF7DBFFC0F314135E
:109FD0000BF10D000A93FFF7CAFFC0F354030BF116
:109FE0000F000E93FFF7CDFFC0F394130BF1120097
:109FF0000893FFF7BCFFC0F3D4030BF115000793E0
:10A00000FFF7B5FFC0F314030BF117000F93FFF731
:10A01000B8FFC0F354130BF11A000593FFF7A7FF25
:10A02000C0F394030BF11C000693FFF7AAFFC0F3E3
:10A03000D4160BF11F00FFF7A4FFC0F314170BF1A8
:10A040002200FFF794FFC0F354080BF12400FFF740
:10A0500098FFC0F394190BF12700FFF788FFC0F3B6
:10A06000D40A0BF12A00FFF782FFC0F314030BF1AF
:10A070002C000393FFF785FFC0F354130BF12F005F
:10A080001093FFF774FFC0F394030BF131000193B9
:10A09000FFF777FFC0F3D4130BF134000293FFF7FF
:10A0A00070FFC0F314140BF13700FFF760FFC0F32B
:10A0B00054030BF13900FFF764FFC0F394120BF166
:10A0C0003C00FFF75EFFDFF848E3C00840EA41705C
:10A0D000CD08A0FB0EC11CEB060C0EFB051141F1D7
:10A0E00000011191CB498E46A0FB0161F6190EFBD0
:10A0F0000511C94F129641F100011391A0FB0761B0
:10A1000016EB0806DFF814831496C0F1000608FB6E
:10A11000056E07FB0511A0FB088741F1000118EB54
:10A120000909CDF854904EEB0709CDF85890DFF8A7
:10A13000F092A0FB09E709FB05771EEB0A0ACDF8B0
:10A140005CA047F1000ACDF860A0DFF8D8A2039F19
:10A15000DFF8BCE20AFB0566A0FB0A05C019039004
:10A1600046EB050004900698119DA2FB0E7A3F185D
:10A17000A848A2FB00694AF1000A16EB0C06DFF8BA
:10A1800098C2129845EB0909A2FB0C582818139D98
:10A190000690A24845EB0808149DA2FB000E40194A
:10A1A000AEEB020E4EEB010E9D49159DA2FB01C1C7
:10A1B0001CEB05051195169D45EB0101129199497E
:10A1C000944DA2FB01C1891A179A1CEB020213924B
:10A1D000189A41EB020214928D4AA3FB021C059AC5
:10A1E0008918A3FB05254CF1000CD2194AEB050791
:10A1F000DFF824A2A3FB0AA51AEB060A49EB050522
:10A20000864E1595069DA3FB069619EB0505A6EB54
:10A21000030646EB0806DFF80882A3FB088918EB63
:10A2200000084EEB090016907E48A3FB00E0C01A20
:10A23000119B1EEB03030593129BDFF8D4E140EB67
:10A24000030306930F9BA4FB0E0EC018714BA4FBD7
:10A2500003934EF1000E19EB0101DFF8BC914CEBBA
:10A26000030CA4FB09399B1847EB09070F976B4FA9
:10A27000A4FB077917EB0A07DDF854A0A9EB040942
:10A2800049EB0A09DFF898A1A4FB0A2A5219654D87
:10A29000119246EB0A0AA4FB05652D1B16EB080478
:10A2A0001294169C5A4A45EB04041594029C079E8E
:10A2B000DDF80880A4FB0245A419564E029AA8FBBB
:10A2C000068645F1000518EB00004EEB0606DFF8A8
:10A2D0004881DDF808E0AEFB08E81EEB010E4CEB10
:10A2E000080C4E49DDF80880A8FB0118C9180F9B1F
:10A2F000A8EB020848EB0308494BA2FB0323D7193C
:10A3000049EB0309474A029BA3FB02230F92029ADF
:10A310009B1A07930F9A119BD218079B029243EB4B
:10A320000A0ACDF81CA03A4ADDF804A0AAFB02A351
:10A33000089A1AEB020A43F100030893019A354B7D
:10A34000A2FB0323121945EB0305334C019B0F922B
:10A35000A3FB0423121846EB03063048019B019C23
:10A36000A3FB000310EB0E00DFF8B4E0A3EB040343
:10A3700043EB0C0CA4FB0E3E5B1848EB0E01A04611
:10A38000284CA8FB048E019C18EB0707AEEB040ECB
:10A39000DDF8208011974EEB09091AF580170F9C04
:10A3A00048F100084FEA575E4EEAC82E1EEB040E35
:10A3B0004FEA575745F100057F050195BAEB0705B0
:10A3C0000F95089D65EB080512F5801446F100070E
:10A3D0001695650D45EAC725640D2D184FEA4454BE
:10A3E0004CF1000C101B179066EB070613F580105C
:10A3F00041F100041896420D119E42EAC422400D1C
:10A4000092194FEA405049EB64571E1A0CE000BF06
:10A41000132C0A00182D070067FB090053C6F0FF34
:10A42000D11502008390F5FF61EB040119910299A7
:10A43000119611F580100799029E41F10004430D19
:10A44000129943EAC4235B184FEA505015990893B8
:10A450004FEA405041EB6451361A0296079E139B17
:10A4600066EB04061296059E16F58010069E46F1D0
:10A470000004460D46EAC42616EB030A149E109B00
:10A4800046EB64560796400D059E4005361A059624
:10A49000069E66EB04060696039E16F58014049E3F
:10A4A0004FEA545046F1000840EAC820C0184FEA6D
:10A4B0005454039B4FEA68564FEA445446F1000651
:10A4C0001B1B1093049B63EB08031393019B1EF566
:10A4D000801443F100094FEA5458179B48EAC928F1
:10A4E00018EB03031493189B4FEA545443F10003F1
:10A4F00064051593BEEB04031793019B63EB0909F5
:10A5000015F580144CF10008119B4FEA545E4EEA99
:10A51000C82E1EEB030311934FEA5454199B4FEAC4
:10A52000445443EB68532D1B19956CEB080512F549
:10A53000801418931A95029B47F100054FEA545C6A
:10A540004CEAC52C1CEB03030193129B4FEA5454B5
:10A5500043EB655364050493131B1293089B67EB4D
:10A5600005051B9513F5801541F10004059B069F19
:10A570006A0D42EAC422D31802934FEA5555089B4C
:10A58000D14A4FEA455547EB64575D1B61EB040127
:10A590000691079903951AF5801341F10004109D67
:10A5A0000597590D41EAC42149194FEA5353139DA8
:10A5B000079F4FEA435345EB6455BAEB0303DFF8BB
:10A5C0000CA367EB0404A0FB027EA0FB0A8C02FB39
:10A5D00006EE0E9A0AFB06CCDDF83CA0BF184EF141
:10A5E000000E18EB0A08CDF83880DDF858804CEBE7
:10A5F000080CCDF83CC0DFF8D8C2E246A0FB0C8CBA
:10A600000AFB06CCDDF85CA018EB0A084CEB090C41
:10A61000DFF8C092CDF84CC0C0F1000CCDF84080FE
:10A6200009FB06C8A0FB099AD044DDF850A019EB3D
:10A630000A0ADDF8549048EB0908CDF85080DFF89D
:10A6400098824246A0FB089802FB0688199A19EBEB
:10A6500002091A9A48EB0208A04A02FB06CCA0FBAA
:10A660000206119A821818980792B4444CEB000C19
:10A67000954ACDF820C0DDF828C0A1FB026016EB9A
:10A680000C0C02FB050040F100000A908F480246C6
:10A69000A1FB006002FB0500F21940EB0E00DFF8A1
:10A6A00030E211920E9A1590A1FB0E60B2180E9234
:10A6B000884E0F9A0EFB050040EB020237464842D7
:10A6C000A1FB077E06FB05067644DDF840E00F920D
:10A6D000139A17EB0E0E46EB02027F4E1092324693
:10A6E000A1FB067602FB0566149A17EB0A0A46EBF5
:10A6F00002027A4E139206FB0500734A734FA1FBC8
:10A700000615284411EB09051495A3FB025602FB1C
:10A710000466099A40EB08001690AD18A3FB0701E8
:10A72000DFF8AC81119A46F1000610EB0C00DDF861
:10A7300028C007FB041141EB0C0CA3FB0871BA18ED
:10A740001192159A08FB041141EB0202614915921E
:10A750005F420E9A01FB0479A3FB0118C844DDF89F
:10A760003C90891848EB0909CDF83890DFF86891DA
:10A770004A46A3FB099819EB0E09DDF840E002FBFD
:10A78000048848EB0E0ECDF83CE0DFF850E1029A69
:10A79000DFF83C810EFB0477A3FB0E34274413EB58
:10A7A0000A04139B099447EB03030A93464B059C49
:10A7B000DDF814A0A2FB037E03FB04EE0D9B434ACD
:10A7C000FF18029BA3FB02434EF1000E02FB0A336B
:10A7D000641943EB06030D93029B029EA3FB0853EF
:10A7E0002A1808FB0A3343EB0C0A029B05981092C7
:10A7F000DFF8E0C0029ADDF854805B420CFB0035C4
:10A80000A2FB0C0C119AAC44334D80184CEB080C95
:10A810002A46A6FB0585059E02FB06550E9E029A5A
:10A8200018EB010145EB0608059E2C4D05FB063390
:10A83000A2FB052512EB09060F9A05962B4443EB64
:10A840000203039E0E93204BA6FB0392069E03FB7E
:10A8500006220C9E19EB060942F100030C931B4AD9
:10A86000039EA6FB0235069EDB1902FB0655184F18
:10A87000039E45EB0E053A46A6FB07E7069E02FB44
:10A8800006770D9A1EEB040647EB02040D94039C19
:10A89000039F0F96DDF818E0109A66420D4C04FBFA
:10A8A0000E6EA7FB0447A418774447EB0A02DFF8B3
:10A8B00028E0039FDDF818A010927246A7FB0EE770
:10A8C00002FB0A770CE000BF132C0A00182D0700CA
:10A8D00067FB090053C6F0FFD11502008390F5FF16
:10A8E0001EEB000ECDF844E047EB0C0ECDF84CE02B
:10A8F000DFF824C3DDF80CE00CFB0A66AEFB0C07A6
:10A9000042183E4446EB080102920391C34A019962
:10A91000049EC348C34FA1FB021C02FB06CC019E50
:10A920000B9AA6FB00E8049E891800FB06880C9A87
:10A93000019E4CF1000C1EEB090EDDF8109048EB67
:10A940000208A6FB0726D21807FB0966DDF804906B
:10A95000049F46EB0506B44DC9F1000905FB0793BA
:10A96000019FA7FB057018440F9BFF180D9B40EB40
:10A9700003030693019DAD4BDDF810A01846A5FB1F
:10A9800003351B1900FB0A555446DFF88CA21098BA
:10A990000AFB0499019CA4FB0AA44C44DDF84490F2
:10A9A00045EB000513981AEB090944EB00040494E5
:10A9B00011F58014CDF804904CF1000A4FEA545977
:10A9C00049EACA29640D19EB0E0E4FEA445448EBCC
:10A9D0006A58B1EB04096CEB0A0C12F58014CDF83F
:10A9E00030C04FEA545146F1000C0698CDF82C9037
:10A9F00041EACC21640DC9194FEA445440EB6C5034
:10AA0000B2EB040966EB0C0613F58012019F0D965C
:10AA10004FEA525445F10006DDF810C0CDF8189009
:10AA200044EAC624520DE4194FEA42524CEB665CEC
:10AA3000B3EB020965EB06060F96029ECDF8109067
:10AA400016F58013039E149F46F100055A0D059ECE
:10AA500042EAC52292190E9E4FEA535346EB6559BE
:10AA6000029E5B05F61A0596039E66EB05060E969A
:10AA7000099E16F580130A9E46F100055E0D46EA12
:10AA8000C526F6190196169E46EB655602965B0D95
:10AA9000099E5B05F61A09960A9E129FDDF81CA016
:10AAA00066EB05060A96079E16F58015089E4FEA86
:10AAB000555346F1000643EAC623DB194FEA5555C4
:10AAC0001B9F03934FEA455547EB6657BAEB0505C5
:10AAD0000795089D069B65EB06061EF5801548F157
:10AAE000000A08966E0D46EACA26F61806960D9ECE
:10AAF000049B4FEA555546EB6A566D050D96BEEB25
:10AB0000050668EB0A0811F5801540F1000E109655
:10AB10006E0D46EACE26F3180F9E04934FEA555564
:10AB200046EB6E566D050F964E1B119660EB0E06AA
:10AB300014F580114CF10005059B1296480D0E9EF0
:10AB400040EAC520C3184FEA515146EB6556490506
:10AB50000E96661A13966CEB050612F5801149F1F4
:10AB600000040593480D099B149640EAC4200A9EF0
:10AB7000C3184FEA515146EB645649050A96561AD6
:10AB80001593169669EB04061796019E079BDDF850
:10AB90004090254C16F58012029E4FEA525146F124
:10ABA000000041EAC021089ECB1846EB605619967A
:10ABB000520D019E18935205B61A039B0196029EF0
:10ABC00066EB000613F580114FEA51524FEA5151DE
:10ABD0004FEA415147F1000002965E1A0F4B1A9658
:10ABE00042EAC02267EB00064FEA605E1B96A2FBBA
:10ABF000036703FB0E770B9B09490A48F6180C9B69
:10AC000047EB0307A2FB01C31CEB090C01FB0E334E
:10AC1000069943EB08030BE08390F5FF132C0A0021
:10AC2000182D070067FB090053C6F0FFD11502007D
:10AC3000A2FB0059DDF8348003936D1800FB0E99D8
:10AC4000C2F1000A04FB0EA149EB0809A2FB04486B
:10AC500088441199E74B6418129948EB0108A2FB4C
:10AC6000030103FB0E11049BC0180F9B41EB030172
:10AC7000E14B03FB0EAAA2FB03E25244DDF84CA019
:10AC8000149B1EEB0A0E4FEA565A42EB03024AEAA5
:10AC9000C72A039B1AEB0C0AC6F3140643EB67534F
:10ACA00009964FEA5A5646EAC326761949EB63538A
:10ACB000750D45EAC3252D1948EB63536C0D44EA25
:10ACC000C324241841EB6351600D40EAC12010EB0E
:10ACD0000E0042EB6153C4F3140C059ACDF820C06A
:10ACE000440DDDF838C044EAC324A4184CEB635388
:10ACF000C0F3140CCDF81CC0600D169ADDF85CC0D2
:10AD000040EAC32080184CEB6353159AC4F3140C2B
:10AD1000410DCDF818C041EAC321DDF828C08918DB
:10AD20004CEB6353019AC0F3140C480DCDF814C0DA
:10AD300040EAC320DDF808C080184CEB6353189A32
:10AD4000C1F3140C410DCDF810C041EAC321DDF868
:10AD500064C089184CEB63534A0DC0F3140C1A9865
:10AD6000CDF80CC042EAC322DDF86CC012184CEBDF
:10AD70006353C1F3140CCDF808C0510DC2F3140C89
:10AD80009E4ACDF804C041EAC321A1FB024C5B15E9
:10AD900002FB03CC099AA418994AA1FB02E002FB2A
:10ADA0000300984ACAF314074CF1000C1EEB070E7F
:10ADB000A1FB027802FB0388934AC1F10009C6F3A4
:10ADC000140602FB039AC5F3140540F10000BF19F5
:10ADD000A1FB022648F1000852190992854A4AEB64
:10ADE000060AA1FB026502FB0355089AB618824ABF
:10ADF00002FB0399A1FB0213079A45F1000589188C
:10AE000049EB03034FEA545949EACC2919EB0E09DF
:10AE100040EB6C504FEA595C4CEAC02C1CEB070C21
:10AE2000099A48EB60504FEA5C5E4EEAC02E1EEB7A
:10AE3000020E4AEB60504FEA5E5242EAC022961977
:10AE400045EB6055720D42EAC522521843EB65533B
:10AE500006990598550D45EAC3256D184FEA6353C9
:10AE600043F10003690D41EAC32109184FEA635316
:10AE7000049843F100034FEA515A4AEAC32A1AEBF5
:10AE8000000A4FEA635343F100034FEA5A504FEA76
:10AE9000635840EAC320039BC018C9F3140748F164
:10AEA00000034FEA5059DDF8088049EAC32919EB3D
:10AEB00008094FEA635343F100034FEA595848EA3F
:10AEC000C328019BC4F3140418EB0308C9F314034B
:10AED0004FEA14298BF801904FEA47198BF800408C
:10AEE00049EA14448BF80240FC08CCF3140C8BF8AC
:10AEF0000340FC0A8BF804404FEA8C0444EAD74430
:10AF00008BF80540CEF3140E4FEA9C148BF80640E4
:10AF10004FEACE1444EA9C348BF807404FEA5E04B3
:10AF2000C6F314068BF808404FEA5E248BF80940FC
:10AF3000340144EA5E448BF80A403409C2F3140237
:10AF40008BF80B40340B8BF80C40941844EA1654E1
:10AF5000C5F314058BF80D40D4098BF80E40AC01F5
:10AF600044EAD2328BF80F20AA08C1F314018BF8FF
:10AF70001020AA0A8BF81120CA0042EA9542CAF3AF
:10AF8000140A8BF812204A09C0F314008BF813201E
:10AF90004FEA1A228BF81620420142EA1A428BF835
:10AFA0001720C2088BF81820C20A8BF819209A00C3
:10AFB00042EAD0424FEAC81949EA93398BF81A207D
:10AFC0009A094FEA5803490B8BF81D304FEA582372
:10AFD0004FEA58488BF814108BF815A08BF81B20FB
:10AFE0008BF81C908BF81E308BF81F801DB0BDE8CD
:10AFF000F08F00BFD11502008390F5FF132C0A00DB
:10B00000182D070067FB090053C6F0FF2DE9F04F2C
:10B01000B9B09146019008469B460D46FEF7A7FF42
:10B02000C0F31408A81CFEF7ACFFC0F35416681D4B
:10B03000FEF79DFFC0F39404E81DFEF7A2FFC0F3E6
:10B04000D41305F10A000293FEF79BFFC0F314131B
:10B0500005F10D000393FEF78AFFC0F3540305F1D9
:10B060000F000493FEF78DFFC0F3941305F1120057
:10B070000593FEF77CFFC0F3D40305F1150006939A
:10B08000FEF775FFC0F3140305F117000793FEF7F1
:10B0900078FFC0F3541305F11A000893FEF767FF19
:10B0A000C0F3940305F11C000993FEF76AFFCB0976
:10B0B0004FEAD01A48464AEA416A1393FEF757FF0F
:10B0C000C0F3140709F10200FEF75BFFC0F354154B
:10B0D00009F10500FEF74BFFC0F3940309F10700E7
:10B0E0000A93FEF74EFFC0F3D41309F10A000B9345
:10B0F000FEF747FFC0F3141309F10D000C93FEF7A0
:10B1000036FFC0F3540309F10F000D93FEF739FF2A
:10B11000C0F3941309F112000E93FEF728FFC0F359
:10B12000D40309F115000F93FEF721FFC0F31403B8
:10B1300009F117001093FEF724FFC0F3541309F12F
:10B140001A001193FEF713FFC0F3940309F11C00DA
:10B150001293FEF716FFCB094FEAD019584649EA79
:10B1600041691493FEF703FF15900BF10200FEF7FF
:10B1700008FF18900BF10500FEF7F9FE17900BF190
:10B180000700FEF7FEFE19900BF10A00FEF7F9FE2C
:10B190001A900BF10D00FEF7EAFE1B900BF10F0069
:10B1A000FEF7EFFE1C900BF11200FEF7E0FE1D9083
:10B1B0000BF11500FEF7DBFE1E900BF11700FEF7FA
:10B1C000E0FE1F900BF11A00FEF7D1FE20900BF16C
:10B1D0001C00FEF7D6FE159A8C468646C2F3140272
:10B1E000A8FB07108B18159340F100031693189BCA
:10B1F000A8FB0512C3F354135B18A6FB071042F11A
:10B2000000025B18239342EB00032493179BC3F3C4
:10B2100094010A9BA8FB03238818A6FB051243F19F
:10B220000003401843EB0203A4FB0721821843EB01
:10B2300001031893199B1792C3F3D4110B9BA8FB1E
:10B24000032388180A9AA6FB021243F10003401850
:10B2500043EB0203A4FB0512401843EB0203029ADE
:10B26000A2FB0721821843EB0103259226930C9A37
:10B270001A9BA8FB0212C3F314135B180B99A6FBCD
:10B28000010142F100021B1842EB01020A99A4FBE2
:10B2900001011B1842EB01020299A1FB05011B18D9
:10B2A00042EB01020399A1FB071013EB010B42EBE8
:10B2B000000319930D9A1B9BA8FB0212C3F35403BE
:10B2C0005B180C99A6FB010142F100021B1842EB2E
:10B2D00001020B99A4FB01011B1842EB0102029928
:10B2E0000A98A1FB00011B1842EB01020399A1FB84
:10B2F00005011B1842EB01020499A1FB07105B1822
:10B30000279342EB000328930E9A1C9BA8FB021282
:10B31000C3F394135B180D99A6FB010142F10002DF
:10B320001B1842EB01020C99A4FB01011B1842EB14
:10B3300001020B980299A1FB00011B1842EB0102CC
:10B340000A980399A1FB00011B1842EB0102049922
:10B35000A1FB05011B1842EB01020599A1FB071097
:10B360005B181A9342EB00031B930F9A1D9BA8FBDB
:10B370000212C3F3D4035B180E99A6FB010142F13C
:10B3800000021B1842EB01020D99A4FB01011B18DE
:10B3900042EB01020C980299A1FB00011B1842EB41
:10B3A00001020B980399A1FB00011B1842EB01025B
:10B3B0000A980499A1FB00011B1842EB01020599B0
:10B3C000A1FB05011B1842EB01020699A1FB071026
:10B3D0005B18299342EB00032A93109B1E99A8FB4C
:10B3E0000332C1F314015B180F99A6FB010142F16E
:10B3F00000021B1842EB01020E99A4FB01011B186D
:10B4000042EB01020D980299A1FB00011B1842EBCF
:10B4100001020C980399A1FB00011B1842EB0102E9
:10B420000B980499A1FB00011B1842EB01020A983A
:10B430000599A1FB00011B1842EB01020699A1FB33
:10B4400005011B1842EB01020799A1FB07105B18CD
:10B450001C9342EB00031D93119A1F9BA8FB021241
:10B46000C3F354135B181099A6FB010142F10002CB
:10B470001B1842EB01020F99A4FB01011B1842EBC0
:10B4800001020E980299A1FB00011B1842EB010278
:10B490000D980399A1FB00011B1842EB01020C98C7
:10B4A0000499A1FB00011B1842EB01020B980599BE
:10B4B000A1FB00011B1842EB01020A980699A1FBAF
:10B4C00000011B1842EB01020799A1FB05011B18A3
:10B4D00042EB01020899A1FB07105B182B9342EB8A
:10B4E00000032C93129A209BA8FB0212C3F394032F
:10B4F0005B181199A6FB010142F100021B1842EBF7
:10B5000001021099A4FB01011B1842EB01020F98E4
:10B510000299A1FB00011B1842EB01020E9803994E
:10B52000A1FB00011B1842EB01020D980499A1FB3D
:10B5300000011B1842EB01020C980599A1FB0001C8
:10B540001B1842EB01020B980699A1FB00011B1886
:10B5500042EB01020A980799A1FB00011B1842EB7C
:10B5600001020899A1FB05011B1842EB0102099990
:10B57000A1FB07105B181E93149942EB00034FEADE
:10B58000DE1E1F934EEA4C6EA8FB092308FB013315
:10B5900012EB0E0E43EBDC12129BA6FB03311EEBEB
:10B5A000030342EB01021199A4FB01011B1842EBBA
:10B5B000010210980299A1FB00011B1842EB010245
:10B5C0000F980399A1FB00011B1842EB01020E9892
:10B5D0000499A1FB00011B1842EB01020D9805998B
:10B5E000A1FB00011B1842EB010206990C98DDF843
:10B5F0004CC0A1FB00011B1842EB01020B980799FC
:10B60000A1FB00011B1842EB01020A980899A1FB5B
:10B6100000011B1842EB01020999A1FB05011B184F
:10B6200042EB0102AAFB07011B1807FB0C1141EBBF
:10B63000020C14992D93A6FB093206FB01221299E4
:10B64000139EA4FB01011B1842EB01021198029901
:10B65000A1FB00011B1842EB010210980399A1FB0A
:10B6600000011B1842EB01020F980499A1FB000195
:10B670001B1842EB01020E980599A1FB00011B1853
:10B6800042EB01020D980699A1FB00011B1842EB49
:10B6900001020C980799A1FB00011B1842EB010263
:10B6A0000B980899A1FB00011B1842EB0102DDE990
:10B6B0000910A1FB00011B1842EB0102AAFB0501C6
:10B6C00005FB06111B18209341EB020314992193EB
:10B6D000A4FB093204FB0122029912980A9DA1FBE6
:10B6E00000011B1842EB010211980399A1FB000114
:10B6F0001B1842EB010210980499A1FB00011B18D2
:10B7000042EB01020F980599A1FB00011B1842EBC7
:10B7100001020E980699A1FB00011B1842EB0102E1
:10B720000D980799A1FB00011B1842EB01020C9830
:10B730000899A1FB00011B1842EB01020B98099923
:10B74000A1FB00011B1842EB01020A99AAFB0101AF
:10B7500005FB06111B182E9341EB02032F93029B4E
:10B7600014990298A3FB093200FB01220399129855
:10B77000A1FB00011B1842EB010211980499A1FBE7
:10B7800000011B1842EB010210980599A1FB000172
:10B790001B1842EB01020F980699A1FB00011B1830
:10B7A00042EB01020E980799A1FB00011B1842EB26
:10B7B000010208990D980B9DA1FB00011B1842EB9B
:10B7C00001020C980999A1FB00011B1842EB010230
:10B7D0000B99AAFB010105FB06111B18029341EB13
:10B7E00002030A93039B149903980C9DA3FB09324F
:10B7F00000FB012204991298A1FB00011B1842EBE7
:10B80000010211980599A1FB00011B1842EB0102EE
:10B8100010980699A1FB00011B1842EB01020F983A
:10B820000799A1FB00011B1842EB01020E98089931
:10B83000A1FB00011B1842EB01020D980999A1FB25
:10B8400000011B1842EB01020C99AAFB010105FB48
:10B8500006111B18309341EB02033193049B14999A
:10B860000498A3FB093200FB012205991298A1FB61
:10B8700000011B1842EB0102069911980D9DA1FBD6
:10B8800000011B1842EB010210980799A1FB00016F
:10B890001B1842EB01020F980899A1FB00011B182D
:10B8A00042EB01020E980999A1FB00011B1842EB23
:10B8B00001020D99AAFB010105FB06111B18039358
:10B8C00041EB02030493059B149905980E9DA3FB7D
:10B8D000093200FB012206991298A1FB00011B18F6
:10B8E00042EB010211980799A1FB00011B1842EBE2
:10B8F000010210980899A1FB00011B1842EB0102FC
:10B900000F980999A1FB00011B1842EB01020E9947
:10B91000AAFB010105FB06111B18329341EB020340
:10B920003393069B14990698A3FB093200FB01226E
:10B9300007991298A1FB00011B1842EB010208991C
:10B9400011980F9DA1FB00011B1842EB01021098FA
:10B950000999A1FB00011B1842EB01020F99AAFBF8
:10B96000010105FB06111B18059341EB0203069329
:10B97000079B149A0798109DA3FB091300FB023341
:10B98000089A1298A2FB0002091843EB02031198CF
:10B99000099AA2FB0002091843EB0203109AAAFBC2
:10B9A0000202091805FB062242EB03033593089BAC
:10B9B000089834911499A3FB092300FB01330999DA
:10B9C0001298A1FB0001121843EB010334461199B0
:10B9D0002046119CAAFB0116521804FB006646EB98
:10B9E0000306099B099CA3FB0901149BDDE9127561
:10B9F00004FB0311129BAAFB0343001907FB053349
:10BA000041EB030336903793149B16980AFB03F31C
:10BA1000AAFB097E09FB053303EB0E012291159960
:10BA2000239D11F5801140F100004C0D44EAC02423
:10BA300064190794249C4FEA515144EB6059159CBA
:10BA40004905611A23911699259C61EB0001169115
:10BA50001799189811F5801140F10005480D40EA3A
:10BA6000C5200019269C4FEA515144EB6558179C9C
:10BA70004905611A17911899279C61EB05011891E6
:10BA800019991BF5801541F1000A690D41EACA2197
:10BA90000919289C4FEA555544EB6A546D050894E2
:10BAA000BBEB05042494199C64EB0A0419941A9CBA
:10BAB00014F580151B9C4FEA555B44F1000A299C44
:10BAC0004BEACA2B1BEB040409942A9C44EB6A54EE
:10BAD0000B946D0D1A9C6D05641B1A941B9C64EBF2
:10BAE0000A041B941C9C14F580151D9C4FEA555AA2
:10BAF00044F1000B2B9C4AEACB2A1AEB04040C9469
:10BB00002C9C44EB6B540D946D0D1C9C6D05641BBB
:10BB10001C941D9C64EB0B041D941E9C14F5801555
:10BB20001F9C4FEA555A44F1000B2D9C4AEACB2A40
:10BB30001AEB04040E944FEA55551E9C4FEA4555E6
:10BB40004CEB6B5C641B1E941F9C64EB0B041F94FA
:10BB5000209C14F58015219C4FEA555A44F1000BA6
:10BB60002E9C4AEACB2A1AEB04040F942F9C44EB38
:10BB70006B5410946D0D209C6D05641B2094219CCA
:10BB800064EB0B042194029C14F580150A9C4FEA87
:10BB9000555A44F1000B309C4AEACB2A1AEB0404B4
:10BBA0001194319C44EB6B5412946D0D029C6D0505
:10BBB000641B02940A9C64EB0B042594039C14F50B
:10BBC0008015049C4FEA555A44F1000B329C4AEA16
:10BBD000CB2A1AEB04040A94339C44EB6B54139461
:10BBE0006D0D039C6D05641B0394049C64EB0B04B6
:10BBF0002694059C14F58015069C4FEA555A44F18D
:10BC0000000B349C4AEACB2A1AEB04040494359CBA
:10BC100044EB6B5414946D0D059C6D05641B0594E9
:10BC2000069C64EB0B0412F5801546F1000B06949C
:10BC30004FEA555A369C4AEACB2A1AEB040A4FEAD5
:10BC40005555379C4FEA455544EB6B54521B1594A0
:10BC500066EB0B06279217F580124FEA525B4FEA0C
:10BC600052524FEA425243EB0E03BF1A229A179CDC
:10BC70004BEAC32B4FEA635E62EB03032293079BFD
:10BC800013F5801349F100055A0D42EAC522121935
:10BC90001792189A42EB655218925B0D079A5B0552
:10BCA000D31A289369EB0503299310F5801348F103
:10BCB0000004249D5A0D42EAC422521924924FEAEC
:10BCC0005353199A4FEA435342EB6452C31A1992E1
:10BCD0002A93089A68EB04032B9311F5801342F121
:10BCE00000001A9C5A0D42EAC02212191A924FEA19
:10BCF00053531B9A4FEA435342EB6052CB1A2C9397
:10BD0000089B1B9263EB00032D93099B0B9A1C98D5
:10BD100013F5801342F100015A0D42EAC1221218B4
:10BD20001C921D9A42EB61521D925B0D099A5B05B4
:10BD3000D31A2E930B9B0D9A1E9863EB01032F933E
:10BD40000C9B13F5801342F100015A0D42EAC12207
:10BD500012180B921F9A209842EB61521E925B0DB3
:10BD60000C9A5B05D31A0C930D9B63EB01030D93A7
:10BD70000E9B13F580124CF10003510D41EAC321D3
:10BD800011EB00092199029841EB63510891520D82
:10BD90000E9952058A1A6CEB030C0F9B099213F54E
:10BDA0008012109B4FEA525143F1000341EAC32134
:10BDB00009180E912599039841EB63511F91520D7B
:10BDC0000F9952058A1A0F92109A62EB030310938F
:10BDD000119B13F58012129B4FEA525143F100035D
:10BDE00041EAC321091820912699059841EB635136
:10BDF0002191520D119952058A1A1192129A62EBF1
:10BE0000030312930A9B139A13F5801342F1000265
:10BE1000590D41EAC221091802910699279841EB70
:10BE2000625105915B0D0A995B05CB1A2593139B13
:10BE300063EB02031393049B13F58011149B4FEAE9
:10BE4000515243F1000342EAC3221218039246EB17
:10BE500063520692490D049A099E4905521A0492AA
:10BE6000149A62EB0303159A07931AF5801342F1B3
:10BE700000015C0D229A44EAC124E4194FEA5353AD
:10BE800042EB61585B05159ABAEB030362EB0101C3
:10BE9000D34AABFB0250AF1902FB0E00D14E40EB70
:10BEA0000C000A90DDF820C0ABFB065015EB090929
:10BEB00006FB0E0040EB0C0ADFF82CC30F9EABFB19
:10BEC0000C50AD190F95109D0E9A0CFB0E0040EB17
:10BED00005001090C548CBF1000500FB0E5CABFBE4
:10BEE0000060B6181F9A0E96604440EB0202DFF81D
:10BEF00000C31492119AABFB0C60B2181192129A03
:10BF0000BC4E0CFB0E0040EB02021292209A06FB84
:10BF10000E55ABFB060682180892219ADFF8C8B2CC
:10BF2000354445EB02020992AD4A1E9DA4FB026E08
:10BF300002FB08EE0B9AB6184EEB050EA94D0F9AB0
:10BF4000A4FB050C05FB08CC0A9DC0194CEB050CA5
:10BF5000A4FB0B7517EB09070BFB08550A97A34FBA
:10BF6000DDF840B045EB0A0A654207FB0859CDF8F9
:10BF70002CA0A4FB077ACA44DFF87492BF184AEBDE
:10BF80000B0A4A46A4FB09B902FB08990E9A1BEB5F
:10BF9000020B149A49EB0209CDF83890DFF854925D
:10BFA000119A09FB0855A4FB0948A2180F92129A8E
:10BFB0008C4C454445EB02021092894ADDF83480EE
:10BFC000A3FB025902FB01990C9AAD1849EB080931
:10BFD0002246A3FB0448A419834E02FB018848EBC8
:10BFE0000E083246A3FB06E61EEB000E02FB0166BE
:10BFF00046EB0C067D480D965E4200FB016CCDF8C9
:10C0000030E00A9AA3FB000EE644DDF82CC080184D
:10C010004EEB0C02DFF8D8C111926246A3FB0CEC88
:10C0200002FB01CC7246D7194CEB0A0CDFF8C4A115
:10C03000039A0AFB0166A3FB0A3113EB0B0E0E9B5E
:10C04000CDF828E00E4446EB03030B93644BDDF878
:10C0500018E0DFF894B1A2FB036A03FB0EAA1C9B55
:10C06000DDF874E05F4AF618039B4AEB0E0ADDF830
:10C0700018E0A3FB021302FB0E334D1943EB090931
:10C08000039BA3FB0B130A190BFB0E3343EB080EA8
:10C09000039B0E92CDF848E0039ADDF818E053496F
:10C0A0005B4201FB0E34A2FB01180C9ADDF834E070
:10C0B0008918A0444E4A039C48EB0E08DDF818E0AE
:10C0C000A4FB02B402FB0E44119A1BEB000B44EBE1
:10C0D000020E4848069C039A00FB0433A2FB002092
:10C0E000D219034443EB0C070C973D4B049F079870
:10C0F0000692A7FB037203FB00222E9B0498394C87
:10C10000FF182F9BDDF81CC042EB0302A0FB04309C
:10C110009B1904FB0C00049EDFF8CCC00D9340EB90
:10C120000A00DDF81CA00E9BA6FB0C6475190CFB25
:10C130000A4444EB0909049C2C4E1195654206FB08
:10C140000A5CCDF85090A146A4FB0646E418129B69
:10C15000DFF89CA0664446EB0306079BA9FB0A9CFC
:10C160000AFB03CC19EB01034CEB0808CDF848801F
:10C170002049DDF81C800E9301FB0855DDF8108086
:10C18000174BA8FB011C11EB0B08654445EB0E0E89
:10C19000CDF810E0DDF808E0CDF80C80DDF8148073
:10C1A000104DDDF814B0DFF840C0AEFB031E03FBFA
:10C1B00008EE1A9BDDF86C80C9184EEB080EDDF80E
:10C1C00008800D9BA8FB058918EB0708029F05FB5B
:10C1D0000B9949EB0209A7FB0C27D2180CE000BF12
:10C1E000132C0A00182D070067FB090053C6F0FF47
:10C1F000D11502008390F5FF0CFB0B77DDF808B03A
:10C20000029D059B47EB0007DF48CBF1000B00FBCD
:10C2100003B3A5FB00C01844119B1CEB030C149B3B
:10C2200040EB030307935046A5FB0A35DDF814A045
:10C230001B1900FB0A5545EB0605D44E06FB0ABB4D
:10C24000DDF808A00E98AAFB0664361812985C4424
:10C2500044EB0004029411F580144EF1000B4FEAF8
:10C26000545A4AEACB2A640D1AEB08084FEA4454A0
:10C2700049EB6B59091B0D916EEB0B010E9112F5F9
:10C28000801147F100044FEA515E0798DDF80CB0C9
:10C290004EEAC42E490D1EEB0C0C4FEA415140EB07
:10C2A0006450511A059167EB0401079113F5801151
:10C2B00045F100044A0D029F42EAC422490D921939
:10C2C0004FEA415147EB645E591A119165EB040145
:10C2D00012910399069D0C9F0F9E11F580130499EE
:10C2E00041F10004590D41EAC4215B0D49194FEA9F
:10C2F000435347EB6457BBEB030BCDF80CB0DDF8B1
:10C3000010B06BEB040BCDF810B0DDF828B01BF5C6
:10C310008014DDF82CB04FEA54534BF1000543EA8A
:10C32000C523DDF840B09B194BEB655BCDF830B011
:10C33000640DDDF828B0259E6405BBEB040BCDF839
:10C3400028B0DDF82CB06BEB050BCDF82CB0DDF888
:10C3500020B01BF58015DDF824B04FEA55544BF1A1
:10C36000000A44EACA24A4190294DDF84CB0059CE2
:10C370004BEB6A566D0DDDF820B06D05BBEB050B80
:10C38000CDF83CB0DDF824B06BEB0A0B18F5801546
:10C39000CDF824B04FEA555A49F1000B4AEACB2AAE
:10C3A0001AEB040ACDF840A0DDF81CA0119C4FEA5E
:10C3B00055554AEB6B5A6D05CDF84CA0B8EB050A04
:10C3C00069EB0B0B1CF5801540F100094FEA55583D
:10C3D00048EAC92818EB0408CDF84480DDF8488005
:10C3E000039C4FEA555548EB69586D05CDF84880D8
:10C3F000BCEB0508CDF8508060EB090812F5801001
:10C400004EF1000C450DCDF8548045EACC25DDF801
:10C4100010802D194FEA505048EB6C584005CDF86C
:10C420001880B2EB00080395CDF868806EEB0C081D
:10C4300011F5801547F100000A9CCDF86C806A0D5B
:10C44000DDF82C8042EAC0226D0D12194FEA4555E5
:10C4500048EB6058491B059167EB000108910C9966
:10C460000F9CCDF81C8013F5801741F10000790D69
:10C47000DDF82480049241EAC0217F0D09194FEABA
:10C48000475748EB6055DB1B0C9F414A029C67EB0A
:10C4900000002C9FDDF83890A4FB02C81CEB070CB1
:10C4A0002D9F3C4C02FB068848EB0708029FA7FB28
:10C4B000047E04FB06EE0D9C3F194EEB090ECDF8F1
:10C4C00028E0DDF80890DFF8D0E07446A9FB0E9E66
:10C4D00019EB0A0904FB06EE029CDFF8ACA0CDF8CC
:10C4E0002C904EEB0B0ECDF830E0C4F1000E0AFBA1
:10C4F00006E9A4FB0AABD944DDF840B01AEB0B0BFC
:10C50000DDF84CA049EB0A09CDF83490DDF808A01D
:10C51000DFF888904C46AAFB09A904FB0699149CF5
:10C520001AEB040A159C49EB0409184C04FB06EEAF
:10C530002646029CA4FB0646B644119EA419129EF0
:10C5400002944EEB06060996A1FB026402FB054429
:10C55000249AB618199A44EB02020E4C0E92224607
:10C56000A1FB044E14EB0C0402FB05EE4EEB080E8F
:10C57000DFF82480CDF83CE0A1FB08EC1EEB0707B8
:10C5800010970A9F0CE000BF53C6F0FF8390F5FFA1
:10C59000132C0A00182D070067FB0900D1150200B3
:10C5A000DFF850E308FB05CC4CEB07070A974F4236
:10C5B0000EFB057CA1FB0EE8C444DDF82C801EEBCD
:10C5C0000808DDF830E04CEB0E0EDFF82CC3CDF898
:10C5D0002CE06246A1FB0CEC1EEB0B0BDDF834E00B
:10C5E00002FB05CC4CEB0E0CCDF830C0DFF80CC3D1
:10C5F000C34A0CFB0577A1FB0C152F4411EB0A0570
:10C600000D9547EB0905A3FB027C02FB00CC2A9A9F
:10C61000BC4911952B9DDFF8F092DFF8D8A2BF1826
:10C620004CEB050CA3FB015EAD190E9E01FB00EE69
:10C630004EEB060EA3FB096132190E920F9A09FB0D
:10C64000001141EB02025C420AFB00460F92A3FB81
:10C650000A19109AB1440A9E891849EB0602A64E9F
:10C6600010923246A3FB06A61AEB0808DFF88CA24C
:10C67000914602FB00660B9A0AFB0044A3FB0A30BA
:10C6800046EB020613EB0B030A930C9B9C4ADFF864
:10C6900074B2044444EB03030B93049BA3FB024AD0
:10C6A000079B02FB03AA179B079AE418189B4AEB07
:10C6B000030A049BA3FB0B300BFB0200DB1940EBCE
:10C6C0000C07049A90488346A2FB00C0079A1CEB13
:10C6D00005050BFB02000C95049A40EB0E05129524
:10C6E0008448079DC2F1000C00FB05CEA2FB0005AB
:10C6F0000E9A80180F9A754445EB0205CE464A46BD
:10C70000DDF81090A9FB0EEBDDF81C9002FB09BBD5
:10C71000109A1EEB010E4BEB02097849DDF81CB0B4
:10C72000049A01FB0BCCA2FB01218C4412EB080103
:10C730004CEB0606724A0E96059E0791A6FB02C1B7
:10C74000089EDFF8C081DDF820B002FB0611289EAC
:10C75000299A1CEB060C059E41EB0201A6FB08265C
:10C7600008FB0B66121946EB0A04059EDFF898A138
:10C770000F92A6FB0A860AFB0B6618EB03031093C5
:10C7800046EB07031393059B059E0C9A5F42594B9A
:10C7900003FB0B78A6FB03369B18129ADFF858B1FF
:10C7A0000C934644DDF8148046EB0206089AA8FB79
:10C7B0000BA80BFB02881AEB000248EB0505149549
:10C7C0004E48089D129200FB0577059D4C4AA5FB3B
:10C7D00000052F4410EB0E05049547EB0905059560
:10C7E000039D484FA5FB0209069D02FB0599239A6C
:10C7F000169D801849EB0509039DDDF818E0DDF86A
:10C8000018800F9AA5FB07A51AEB0C0A07FB0E551B
:10C81000DFF8F4C0DDF80CE045EB0105AEFB0C1EC3
:10C820000CFB08EEDDF80C8089184EEB040EC8F105
:10C83000000C304CDDF8188004FB08C2DDF80C80D9
:10C840005B46A8FB0484DDF840B01444139A18EB4F
:10C850000B0844EB0204039A9B46A2FB0327069BAA
:10C860000BFB03770C9BD21847EB0607069B234E66
:10C8700006FB03CC039BA3FB06636344DDF848C0BF
:10C8800016EB0C0C149E43EB060310F58016039375
:10C8900049F1000B730D43EACB23760D13EB0A032A
:10C8A0004FEA465645EB6B55B0EB060A69EB0B09B0
:10C8B00011F580104EF10006CDF820904FEA505946
:10C8C00049EAC629400D19EB08084FEA405044EBED
:10C8D0006654B1EB00096EEB060E12F5801147F1BC
:10C8E00000004E0DCDF83CE046EAC026DDF80CE035
:10C8F0000CE000BF53C6F0FFD11502008390F5FF96
:10C90000132C0A00182D070067FB0900CDF83090A2
:10C91000490D16EB0C064FEA41514EEB6059B2EB54
:10C92000010ECDF840E067EB000ECDF848E0DDF8F1
:10C9300010E0079FCDF818A01EF58012DDF814E076
:10C940004FEA52504EF1000140EAC120DDF838E0D4
:10C95000C0194EEB615A520DDDF810E003905205FC
:10C96000BEEB020ECDF81CE0DDF814E06EEB010E1C
:10C97000CDF814E0DDF828E00D981EF58012DDF802
:10C980002CE04FEA52514EF1000741EAC721DDF891
:10C9900044E009184EEB675ECDF810E0520DDDF86B
:10C9A00028E01A985205BEEB020ECDF828E0DDF81B
:10C9B0002CE06EEB070ECDF82CE0DDF808E01EF55C
:10C9C0008017DDF824E04FEA57524EF1000C42EA9E
:10C9D000CC221218DDF86CE002984FEA57574FEA64
:10C9E00047574EEB6C5EC01B0290099860EB0C0041
:10C9F00013F5801745F1000B09904FEA575C0C982E
:10CA00004CEACB2C1CEB00000C904FEA57570F98C8
:10CA10004FEA475740EB6B50DB1B65EB0B0B0E935C
:10CA200018F5801344F100070D905D0D109845EA4C
:10CA3000C7252818129D0F904FEA535345EB6755B1
:10CA40005B051095B8EB0305119564EB070516F52A
:10CA50008013079812954FEA535449F10005DDF809
:10CA6000148044EAC52420184FEA535348EB655814
:10CA70005B05CDF81480B6EB03080790CDF84C8029
:10CA8000039B0A98DDF82C8069EB050513F58013EC
:10CA900014954FEA53544AF1000544EAC52420187E
:10CAA00015904FEA5353039848EB65585B05CDF852
:10CAB0002C80B0EB03086AEB05051695049DCDF8B4
:10CAC0000C8011F5801345F10004580D029D40EAD9
:10CAD000C4204019099D02904FEA535345EB645519
:10CAE0005B051795CD1A1895049D65EB040512F5A5
:10CAF00080114FEA51534FEA51514FEA41514EF1E3
:10CB000000000495551AE44AE449199543EAC02304
:10CB10004FEA6058A3FB026702FB0877069AE04CD5
:10CB20006EEB0005B618089ADE481A9547EB020727
:10CB30000E9DDDF834E0A3FB01C201FB08220C9935
:10CB40001CEB050CA3FB005942EB0B0200FB089900
:10CB50006D18C3F1000A04FB08A149EB0E09A3FB01
:10CB6000044E8E441199DFF840B30692641812996E
:10CB70000F9A4EEB010EA3FB0B018018109A0BFBD2
:10CB8000081141EB0201C94A02FB08AAA3FB028378
:10CB90005344DDF84CA0149A18EB0A084FEA565A91
:10CBA00043EB02034AEAC72A069A1AEB0C0AC6F3B9
:10CBB00014060A9642EB67524FEA5A5646EAC226D4
:10CBC000761949EB6252750D45EAC2252D194EEBD7
:10CBD00062526C0D44EAC2242018C5F3140541EBDF
:10CBE00062510995450D45EAC12515EB080543EB52
:10CBF0006152C0F3140C079BCDF820C06C0DDDF81A
:10CC000014C044EAC224E4184CEB6252039B600D4A
:10CC1000C5F3140B40EAC220169DC01845EB6252C2
:10CC2000159BC4F31405410D079541EAC2210B9DE4
:10CC3000C91845EB6252189BC0F31405480D0695C0
:10CC400040EAC220049DC01845EB6252029BC1F32A
:10CC50001405410D059541EAC221179DC91845EB00
:10CC600062524B0DC0F314051998049543EAC22390
:10CC70001A9D1B1845EB6252C1F314050395580D1C
:10CC8000C3F31405844B029540EAC220A0FB034C79
:10CC9000521503FB02CC0A9BE418804BCAF314071D
:10CCA000A0FB03E14CF1000C03FB02111EEB070E8D
:10CCB00041F100030A937B4B0999A0FB037903FB25
:10CCC0000299774B4542C6F31406BF1903FB025A7B
:10CCD000A0FB033649F100095B1873494AEB060AC9
:10CCE000A0FB016801FB0288089976186F4901FBD7
:10CCF0000255A0FB010248F1000810EB0B0045EBC8
:10CD00000205620D0A9942EACC2212EB0E0241EBB7
:10CD10006C514FEA525C4CEAC12C1CEB070C49EBFE
:10CD200061514FEA5C5747EAC127FF184AEB61514E
:10CD30007B0D43EAC1239B1948EB61515E0D46EA26
:10CD4000C126361845EB6151700D079DDDF8148042
:10CD5000DDF81090DDF80CA040EAC12040194FEA40
:10CD6000615141F10001450D4FEA615E45EAC1257F
:10CD700006996D184EF100014FEA555E4EEAC12E3C
:10CD80001EEB08084FEA615141F100014FEA585E7D
:10CD90004EEAC12E1EEB09094FEA615141F1000133
:10CDA0004FEA595E4EEAC12E1EEB0A0A4FEA615164
:10CDB000C9F3140E41F100014FEA5A5949EAC12959
:10CDC000029919EB01090199C4F314040C70DDF800
:10CDD00004B0C2F31402210A8BF80110510141EA98
:10CDE00014418BF80210D108CCF3140C8BF803100B
:10CDF000D10A8BF804104FEA8C0141EAD242C7F302
:10CE000014078BF805204FEA9C128BF80620FA01D4
:10CE100042EA9C328BF807207A08C3F314038BF89C
:10CE200008207A0A8BF809201A0142EA57428BF847
:10CE30000A201A09C6F314068BF80B201A0B8BF87C
:10CE40000C20B21942EA1353C0F314008BF80D30D2
:10CE5000F3098BF80E30830143EAD6338BF80F3099
:10CE60008308C5F314058BF81030830A8BF8113052
:10CE7000EB0043EA9043C8F314088BF812306B09B7
:10CE80008BF813304FEA18238BF816304FEA4E1305
:10CE900043EA18430CE000BF132C0A00182D0700CA
:10CEA00053C6F0FF67FB0900D11502008390F5FF20
:10CEB0008BF817304FEADE03CAF3140A8BF81830E8
:10CEC0004FEADE238BF819304FEA8A0343EADE4348
:10CED0008BF81A304FEA9A138BF81B304FEAC91EB1
:10CEE0004FEA59036D0B4EEA9A3E8BF81D304FEA1C
:10CEF00059234FEA59498BF814508BF815808BF859
:10CF00001CE08BF81E308BF81F9039B0BDE8F08F15
:10CF1000B0F85431B0F85021981A00F03F00704733
:10CF2000B0F85431B0F850219BB293421ABFD0F8F8
:10CF30004831985C4FF0FF30704790F85231B0F8AC
:10CF40005601C0B2834227BFC3F13F03C018C01AC5
:10CF500000F1FF30704707B503688DF807105B6874
:10CF600001220DF10701984703B05DF804FB13B5EA
:10CF70000DF107010446E9F793FB90B9B4F8C0300E
:10CF8000B4F8BC20013303F03F03934209D0B4F856
:10CF9000C020D4F8B4109DF8070092B28854A4F8C9
:10CFA000C03002B010BD0000B0F8C220D0F8C410EC
:10CFB00011FA82F202F03F0210B5A0F8C220B0F8D8
:10CFC000C210B0F8BE2089B28A421BD0B0F8C2406D
:10CFD000B0F8C210A4B24032121B544289B204F01D
:10CFE0003F0402F03F02C1F1400158BF62428A4251
:10CFF00028BF0A46C0F8C4200349E9F78DFB4FF06B
:10D00000FF3010BD0020FCE7A9CF010803682DE91F
:10D01000F0479B68044688461646984701232374C8
:10D02000D4F83831B4F8529101338246C9F140093D
:10D0300004F1940708D194F85D312BB1002384F8F2
:10D040005D313846E9F78AFB236820469B6898479C
:10D050000028F9D035464D4523D8554521D8B4F898
:10D060005221D4F84C015319402B10442FD82A4692
:10D07000414604F002FBA946B4F852311D4405F0C4
:10D080003F05A4F852513846E9F7F8FA30B9174984
:10D09000C4F858914A463846E9F73EFB3046BDE8A9
:10D0A000F087D145236828BFD1464A4641465B6890
:10D0B00020469847236820469B689847A5EB0905BA
:10D0C000C844B4F852918246C9F14009C3E7C2F19D
:10D0D00040094A46414604F0D0FAD4F84C01A5EB89
:10D0E000090208EB090104F0C8FAC5E7A9CF010855
:10D0F000C0F83C31009BC0F84031914208BF4FF06E
:10D10000FF3100F11403C0E94D21C0F8483100F1AE
:10D1100054020023A0F85431C0E95323A0F856313B
:10D1200070470000F7B54FF47A7317460022C0E944
:10D1300001231C4B03604FF0FF33C0F838311A4B0A
:10D140001A4E04469C42B06D0D4605D1F36DC4F8ED
:10D150003831C4F834010AE01549E9F729F9854264
:10D1600015D1F36DC4F83831B36DC4F83431012FE3
:10D170004FF0FF3308BFC4F8383100932046D4E99C
:10D180004D214FF0FF33FFF7B3FF03B0F0BD094966
:10D190002846E9F71EF90649C4F838012846E9F798
:10D1A00018F9D6E764DB020824340020203A02088C
:10D1B000B03702085C370208037C70B504460D46A0
:10D1C000A3B1E4F70FF90646B4F85221B4F856318A
:10D1D0009BB29A420AD0002DF8D0E4F703F9801BE5
:10D1E0008542F1D8B4F85631A4F8523170BD00210F
:10D1F000FFF7E2BFD0F83831013310B504460ED145
:10D200000368DB68984794F85D3143B9012384F8DB
:10D210005D3104F19400BDE81040E9F7AFBA10BDEC
:10D220007FB502F00703023BDBB2042B0446C0F8D3
:10D23000601180F85E219CBF1B48C05C02F0300387
:10D2400088BF0020302B24D101304FF4C063073851
:10D25000022825D8E67C0396A67C0296C2F3C0027B
:10D260005203667C0092114A019604F1940552F82B
:10D2700020202846E9F786FB84F85C0188B1204627
:10D28000FFF7B8FF0A49284604B0BDE87040E9F747
:10D2900023BA12F020031CBF01304FF48063D6E79D
:10D2A000FEE704B070BD00BF54DB020848DB020893
:10D2B0006FCF010810B50446FFF79CFFB4F8542166
:10D2C000B4F8503192B29A421FBFD4F84821D05CD2
:10D2D000013303F03F0314BFA4F850314FF0FF3087
:10D2E00010BD0000024903480022FFF71BBF00BF2A
:10D2F000008000402434002070B505460C460846E6
:10D3000049B1E3F775FF2B680246214628465B6862
:10D31000BDE87040184770BD08B5FFF7EDFF08BDC8
:10D3200003681B681847000008B50249FFF7E4FFCF
:10D3300008BD00BF88DB020838B50546FFF7DCFFF3
:10D3400004462846FFF7F0FF204438BDFFF7F4BF3E
:10D3500070B50D46144630B1461E012E05D8114653
:10D360002846E9F72BFD204670BD03685B689847A7
:10D37000F9E70EB403B503AA52F8041B019203F0B7
:10D38000D9FF02B05DF804EB03B0704730B58BB045
:10D390000023012A0C468DF8243098BF0A2209A9DF
:10D3A0002546B4FBF2F404FB125303F0FF03092BF0
:10D3B00094BF30333733DBB2AA4201F8013DEFD9D5
:10D3C000FFF79AFF0BB030BD2DE9F04107460E463E
:10D3D00014462AB90368BDE8F0411B68C9B2184772
:10D3E0000A2A05D1002905DBBDE8F041FFF7CEBFD1
:10D3F000D2B2F9E72D21FFF793FF2246054671428D
:10D400003846FFF7C3FF2844BDE8F08138B505462C
:10D41000FFF7DAFF04462846FFF786FF204438BDB1
:10D4200010B5044600F0DCFBE060236820465B6931
:10D430009847002808DA00F0D3FBE368C01AA36815
:10D440009842F2D34FF0FF3010BDF8B507460D46B5
:10D450008E180C46B44201D1601BF8BD3846FFF768
:10D46000DFFF031EF8DB04F8013BF3E72DE9F04191
:10D470000746884616461D4673B100243846FFF716
:10D48000CFFF031E05DB434503D033550134A542CE
:10D49000F4D12046BDE8F0811C46FAE71148036844
:10D4A0001A0912F00C0F10B519D10F4902F00F0232
:10D4B00051F822209AB141680C4C03F00F03002967
:10D4C00054F823300CD0C4BF01F1FF3141605169E1
:10D4D00001EA030023EA010343EA0043936110BD1C
:10D4E0009362FCE7C001002008000020883B02088E
:10D4F0002DE9FF41364D2A282B680E4614461FD8C9
:10D50000344A52F8207043B9B420E8F740FA32495F
:10D510008046E8F7A3F9C5F80080781C1DD02F4B92
:10D520001A68511C01D0BA4217D1B6F5803F14D207
:10D530000EBB286888B104B0BDE8F041E7F740BFF2
:10D5400000F0C002C02A0BD03BB9B420E8F71FFAA4
:10D5500021490446E8F782F92C6004B0BDE8F08167
:10D56000CB28F1D81E4A00F03F0052F82010194A8B
:10D5700052F82170C7E776001F6034B374434FF44C
:10D580007A72B4FBF2F4012138465C60E8F76AFE77
:10D59000286802223146E8F7FFF800230193114B77
:10D5A0000093114B03932868104B02936946E8F7E8
:10D5B0009DF9029B1BB169460322084698472868DB
:10D5C00004B0BDE8F041E7F7E8BF4FF0FF34DAE719
:10D5D00088350020203A020800440140C0010020A4
:10D5E000F03902089DD401084D5F00082D5F000846
:10D5F0002A2838B523D81B4B53F820305A1C1DD08D
:10D60000194D2A689A4219D1184C2068B0B129B333
:10D61000E8F7E8F82868431C05D00021E8F722FE67
:10D620004FF0FF332B60256835B12846E8F71CF82A
:10D63000B4212846E8F7AFF90023236038BD00F095
:10D64000C003C02BFAD1CB28F8D8094B00F03F001B
:10D6500053F82020034B53F82230CFE7BDE8384081
:10D66000E7F7AEBE203A0208C0010020883500204E
:10D67000F0390208C3B22A2B16D8144A52F82330C4
:10D6800000F4E06003431A0912F00C0F1DD1104999
:10D6900002F00F0251F82200B8B103F00F0301218C
:10D6A000994089B2E8F75ABC00F0C002C02A0CD1F8
:10D6B000CB2B0AD8074B00F03F0200F4E06053F890
:10D6C0002220024B53F82230DCE77047203A020850
:10D6D00008000020F039020830B5C3B22A2B85B00B
:10D6E0001CD81B4C54F8234000F4E0600443022A89
:10D6F00028D0032A29D0002A0CBF4FF404154FF478
:10D7000088156846E8F7BFF82A4669462046E8F7D4
:10D710009FFC6846E7F74BFE05B030BD00F0C00443
:10D72000C02C0CD1CB2B0AD80A4B00F03F0400F4DC
:10D73000E06053F82440064B53F82440D6E74FF0FE
:10D74000FF34D4E74FF44415DBE74FF40415D8E772
:10D75000203A0208F039020808B102F0BFBC704755
:10D7600010B5044628B102F0E7FC90FBF4F303FB8C
:10D770001404204610BD884210B5044603DA081A86
:10D78000FFF7EEFF0444204610BD7047F0B5034696
:10D790008BB0084661B3911E222935D80A2A06D1DA
:10D7A000002B04DA5B42012701AD29460DE000277A
:10D7B000FAE7B3FBF2F602FB1633092BDCB21BD8F7
:10D7C0003033DBB201F8013B3346002BF1D1A942E3
:10D7D00010D0034617B12D2203F8012B5C1E0A4618
:10D7E000AA420CD84A1B8D4288BF002200219954BE
:10D7F0000BB0F0BD1E46E3E704F15703E1E712F872
:10D80000016D04F8016FEBE70020F1E708B5032094
:10D81000E4F73AFABDE8084000F002BA08B5AFF301
:10D820000080EBF7A1FFECF759F800F0EBF9FAE70D
:10D83000C1B20B2910B5024611D8194850F8211071
:10D8400002F4E0630B43C9B22A2912D8154850F8F4
:10D85000210003F4E0631843431C10D010BD00F016
:10D86000C003C02B0BD1CB2909D80D4802F03F01D2
:10D87000E4E703F0C004C02C01D1CB2908D9A2F100
:10D88000CC03022B94BF02F635704FF0FF30E5E772
:10D8900003F03F0150F82100024951F82000D8E779
:10D8A000F0390208203A02080D488546E8F7B2FD33
:10D8B0000C480D490D4A002302E0D458C4500433EB
:10D8C000C4188C42F9D30A4A0A4C002301E01360C1
:10D8D0000432A242FBD303F0A1FEFFF79FFFFEE755
:10D8E0000000012000000020B003002050E00208EA
:10D8F000B003002068370020FEE791420FD008D91E
:10D90000891A01238B40984208D30130C84001385E
:10D91000704720B10130521A9040F8E7002070475C
:10D9200010B5FFF785FF431C0AD0064C2168E8F7C5
:10D93000F7F8054B21681A68BDE81040FFF7DDBF16
:10D94000002010BDC8010020CC010020C3B22A2B4A
:10D950002DE9F0410D462AD82C4A52F8233000F424
:10D96000E0641C43621C4ED0294EC4F3031704F03C
:10D970000F0856F8273023FA08F3DB0710D525499E
:10D980002046E8F760FC18B32046E8F779F856F827
:10D990002730012202FA08F223EA020346F8273070
:10D9A000052D1FD8DFE805F01F2B2527292D00F0B6
:10D9B000C002C02A27D1CB2B25D8174B00F03F023D
:10D9C00000F4E06453F82220104B53F82230C8E7EB
:10D9D00012492046E8F737FC0028D8D02046E8F75F
:10D9E0009BF9D4E7FEE700212046BDE8F041E8F7C7
:10D9F00039BC1021F8E72021F6E70321F4E70121E3
:10DA0000F2E70921F0E7BDE8F08100BF203A020803
:10DA10008C3500203C390208F0390208043802082D
:10DA2000C3B22A2B1BD8174A52F8233000F4E06007
:10DA30001843431C25D0030913F00C0F04BF124AEE
:10DA400003F00F0300F00F0008BF52F823300F4A15
:10DA500018BF002352F8202091B19A61704700F05E
:10DA6000C002C02A0DD1CB2B0BD8094B00F03F02CE
:10DA700000F4E06053F82220024B53F82230D7E73D
:10DA80009A627047203A020808000020883B02088A
:10DA9000F0390208C3B22A2B1BD8194A52F8233096
:10DAA00000F4E0601843431C24D0030913F00C0F6A
:10DAB00022D103F00F03134A00F00F0052F8232085
:10DAC000114B126953F8203093430CBF0120002002
:10DAD000704700F0C002C02A0CD1CB2B0AD80B4BE8
:10DAE00000F03F0200F4E06053F82220044B53F8AA
:10DAF0002230D7E70020704700231B69FFDE00BFFC
:10DB0000203A020808000020883B0208F039020889
:10DB10002DE9F843C3B22A2B0C46154610D82D4ADE
:10DB200052F8233000F4E0601843000903F00F03BB
:10DB3000012610F00C0F06FA03F612D0002715E0AC
:10DB400000F0C002C02A2BD1CB2B29D8224B00F0E9
:10DB50003F0200F4E06053F822201E4B53F82230BD
:10DB6000E2E71E4B00F00F0053F82070002C18BFA6
:10DB7000344600F037F880463B693340A34212D068
:10DB80003B693340A34217D100F02CF881463B6932
:10DB90003340A34217D000F025F8A0EB090009E0BC
:10DBA0004FF40046CAE700F01DF8A0EB0800A842B9
:10DBB000E2D90020BDE8F88300F014F8A0EB0800DB
:10DBC000A842DDD9F5E700F00DF8A0EB0800A84267
:10DBD000DDD9EEE7203A0208F039020808000020FB
:10DBE000E8F7ECB8E8F7C6B838B5044648B1E8F746
:10DBF000E5F80546FFF7C9FDE8F7E0F8431BA34247
:10DC0000F8D338BD08B5044B2BB10448FFF780F9B1
:10DC100008B1AFF3008008BD0000000024340020EC
:10DC2000E8F772B9430803F05533C01A830803F0CC
:10DC3000333300F03330184400EB101000F00F3095
:10DC400000EB002000EB0040000E70472DE9F0478C
:10DC5000089D0C46002B4ED194468C458646B2FA60
:10DC600082F262D94AB1C2F12003914020FA03F353
:10DC70000CFA02FC194300FA02FE4FEA1C471FFA95
:10DC80008CF6B1FBF7F44FEA1E4307FB141143EA8D
:10DC9000014304FB06F199420AD91CEB030304F18A
:10DCA000FF3080F01281994240F20F81023C6344C0
:10DCB000591A1FFA8EF3B1FBF7F007FB101143EA74
:10DCC000014300FB06F69E420AD91CEB030300F158
:10DCD000FF3180F0FC809E4240F2F98063440238BC
:10DCE0009B1B40EA044000211DB1D3400022C5E93E
:10DCF0000032BDE8F0878B4205D90DB1C5E90001BE
:10DD000000210846F5E7B3FA83F1002946D1A34282
:10DD100002D39042C0F0F080861A64EB0303012026
:10DD2000002DE6D0C5E90063E3E7002A40F09080CB
:10DD3000A1EB0C044FEA1C481FFA8CF70121B4FB3D
:10DD4000F8F64FEA1E4308FB164443EA044307FB78
:10DD500006F0984208D91CEB030306F1FF3402D207
:10DD6000984200F2CD8026461C1A1FFA8EF3B4FBAF
:10DD7000F8F008FB104443EA044300FB07F79F4216
:10DD800008D91CEB030300F1FF3402D29F4200F2DA
:10DD9000B0802046DB1B40EA0640A5E7C1F1200623
:10DDA0008B4022FA06F71F4320FA06FC04FA01F31F
:10DDB00043EA0C03F44000FA01F8380C4FEA134927
:10DDC000B4FBF0FE1FFA87FC00FB1E4449EA044442
:10DDD0000EFB0CF9A14502FA01F20AD93C190EF129
:10DDE000FF3A80F08480A14540F28180AEF1020EBE
:10DDF0003C44A4EB09041FFA83F9B4FBF0F300FBE5
:10DE0000134449EA044403FB0CFCA44507D93C191C
:10DE100003F1FF3067D2A44565D9023B3C4443EA95
:10DE20000E40A0FB0293A4EB0C049C42CE469C4601
:10DE300051D34ED055B1B8EB0E0364EB0C0404FA89
:10DE400006F6CB401E43CC40C5E90064002150E7F4
:10DE5000C2F1200320FA03F10CFA02FC24FA03F3C6
:10DE600094400C434FEA1C4800FA02FE1FFA8CF75C
:10DE7000B3FBF8F008FB1031230C43EA014300FB2D
:10DE800007F1994208D91CEB030300F1FF362CD2AD
:10DE900099422AD9023863445B1AA4B2B3FBF8F161
:10DEA00008FB113344EA034401FB07F3A34208D9FA
:10DEB0001CEB040401F1FF3613D2A34211D902393D
:10DEC0006444E41A41EA004139E70446F0E60846B2
:10DED00006E7C845AED2B9EB020E63EB070C01387A
:10DEE000A8E73146EDE7034699E73046D4E7D64642
:10DEF0007FE7634402384DE70646234608460FE7AE
:10DF0000023E634430E700BF08B502F01BF8000092
:10DF10002DE9F0411C46464B83670D460123002145
:10DF20001646A0F87C3080F87E106822DDF8188054
:10DF3000074603F062FAF3B22A2B28D83D4A52F87A
:10DF4000233006F4E0661E43EBB22A2BBE6632D8BD
:10DF5000384A52F8233005F4E0651D43E3B22A2B1A
:10DF6000FD663CD8334A52F8233004F4E0641C4385
:10DF70005FFA88F22A2A3C6745D82E4951F82220B8
:10DF800008F4E06313437B673846BDE8F08106F090
:10DF9000C002C02A0CD1CB2B0AD8274B06F03F0277
:10DFA00006F4E06653F82220224B53F82230CAE7E9
:10DFB0004FF0FF36C8E705F0C002C02A0CD1CB2BCA
:10DFC0000AD81D4B05F03F0205F4E06553F8222006
:10DFD000184B53F82230C0E74FF0FF35BEE704F08E
:10DFE000C002C02A0CD1CB2B0AD8134B04F03F023D
:10DFF00004F4E06453F822200E4B53F82230B6E7C5
:10E000004FF0FF34B4E708F0C003C02B0CD1CB2A8B
:10E010000AD8094B08F03F0253F82210054A08F4C9
:10E02000E06352F82120ADE74FF0FF33ABE700BFCC
:10E0300000093D00203A0208F039020837B50123F3
:10E040000D460022074980F85D20816780F87C300A
:10E0500080F87D2080F87E50009500F07DF803B0B8
:10E0600030BD00BF00093D001FB502AB83E80600CC
:10E07000816F029A9142044605D1C26F03994A40CA
:10E0800032F07F4210D09A8802989B79A067A4F85A
:10E090007C2084F87E30009394F87C3094F87D20C6
:10E0A000A16F204600F058F804B010BD704700F092
:10E0B00093B907B5002A8DF807100DF107014FF04D
:10E0C00001030CBF0A46002200F0C8F99DF80700C2
:10E0D00003B05DF804FB000007B52B230093062274
:10E0E000012307210248FFF713FF03B05DF804FB8B
:10E0F0009C35002030B591FAA1F391FAA1F1B3FA61
:10E1000083F3C4685B000325B1FA81F105FA03F3D8
:10E11000490024EA03038A401A43C26030BD00006C
:10E12000094A0346106873B1084A934201D1E5F7E2
:10E1300077BC074A934201D1E5F762BC054A934296
:10E1400001D1E5F74BBC7047400000200030014092
:10E1500000380040000001582DE9F04F0E4685B010
:10E1600015461F460446002838D0626E914BC06E9B
:10E170009A4236D09049E8F71BF990498146A06E43
:10E18000E8F716F98E498346206FE8F711F98D49B3
:10E190008046606FE8F70CF98246B9F1000F1DD098
:10E1A000BBF1000F1AD0B8F1000F17D059464846FE
:10E1B000E8F725F9514681464046E8F720F901463F
:10E1C00080464846E8F71BF96066B9F1000F05D0B4
:10E1D000B8F1000F02D0002840F0A68005B0BDE8DD
:10E1E000F08F0130FAD1A36E0133F7D1236F0133E1
:10E1F000F4D1636F0133F1D14FF40073A3619DF843
:10E200003830606E2060002B14BF00234FF48273FF
:10E210006360FFF785FFB6EB500F80F08C80B6EBA4
:10E22000900F80F08A80B6EBD00F80F08880B6EB3C
:10E23000101F80F08680B6EB501F80F08480B6EB14
:10E24000901F80F08280B6EBD01F2CBF3023382384
:10E25000E361002D7BD0022D7BD0013D18BF01254D
:10E260006D000123C4E904530723E3624FF4E06324
:10E270002268E360B7FA87F74E4B7F090026FF015B
:10E280009A42C4E90876A660A66266632CD04A4921
:10E29000E06EE8F775F84949A06EE8F771F8206F6D
:10E2A0004749E8F76DF82369B342236F4FEA13112A
:10E2B00014BF0122022211F00C0F04BF424801F0EA
:10E2C0000F0103F00F0308BF50F821003F4918BFAA
:10E2D0003046022A51F8231018BF0122FFF70AFF27
:10E2E0003849606FE8F74CF82368394A934232D1D5
:10E2F0004FF0B0431A6E42F480521A661A6E02F45E
:10E3000080520192019A1A6C42F480521A641A6C7B
:10E3100022F480521A642046E5F7B5FB22681368A0
:10E3200043F04003136059E7636F01333FF464AF78
:10E330004FF4802362E700238AE7082388E710234D
:10E3400086E7182384E7202382E7282380E72B46EB
:10E3500088E7002386E71F4A934213D14FF0B0436A
:10E360009A6D42F480429A659A6D02F4804202925C
:10E37000029A9A6B42F480429A639A6B22F480422A
:10E380009A63C8E70B4A9342C5D14FF0B0435A6E27
:10E3900042F001025A665A6E02F001020392039A99
:10E3A0005A6C42F001025A645A6C22F001025A641B
:10E3B000B1E700BF0000015854360208F4350208E6
:10E3C000883502082835020808000020883B02082A
:10E3D000003001400038004010B5044698B1E5F720
:10E3E000C0FB23681A4A93420ED14FF0B0431A6C17
:10E3F00042F480521A641A6C22F480521A641A6E23
:10E4000022F480521A6610BD124A93420ED14FF088
:10E41000B0439A6B42F480429A639A6B22F4804232
:10E420009A639A6D22F480429A65ECE70A4A934215
:10E43000E9D14FF0B0435A6C42F001025A645A6C71
:10E4400022F001025A645A6E22F001025A66DAE79B
:10E450000030014000380040000001582DE9F04133
:10E460000D4616461C4633B30768E2F7BBFF8046ED
:10E47000BB689907FCD5D5B115F8013B3B73BB6868
:10E48000DA07FCD53B7B0EB106F8013BE2F7AAFFA9
:10E49000A0EB0800B0F57A7F04F1FF3409D2002C1C
:10E4A000E6D12046BB681B06FCD4BDE8F081FF2303
:10E4B000E4E70120F6E70220F7E700002DE9F84342
:10E4C00014461D468046894600F04EF9224606460F
:10E4D0000F462B4620462946E2F788FA78B90022F3
:10E4E000002340464946E2F74FFAD8B10022002304
:10E4F00020462946E2F748FA28B1264F0026304642
:10E500003946BDE8F8832046294600F099F80028EE
:10E51000F5D02046294600220023E2F73FFA0028E2
:10E52000EDD02CE03046394600F08AF8A0B1002248
:10E53000002330463946E2F727FA0028DFD040466C
:10E54000494600F07DF80028D9D02046294600F041
:10E5500077F80028D3D012E04046494600F070F822
:10E560000028E4D02046294600F06AF80028DED0D2
:10E5700032463B4630463946E2F738FA20B903F0D6
:10E5800047F822230360BAE703F042F8212303602F
:10E59000B5E700BF0000F03F70B50C46064600F03E
:10E5A0008FFE214605462046E2F7A2FD58B900211C
:10E5B0003046E2F76BFDA0B100212046E2F766FD90
:10E5C00018B14FF07E55284670BD204600F03EF849
:10E5D0000028F8D000212046E2F762FD0028F2D0A2
:10E5E00023E0284600F032F880B100212846E2F707
:10E5F0004DFD0028E7D0304600F028F80028E2D092
:10E60000204600F023F80028DDD00EE0304600F070
:10E610001DF80028E9D0204600F018F80028E4D0C2
:10E6200029462846E2F764FD20B902F0F1FF2223D3
:10E630000360C8E702F0ECFF21230360C3E700BFDB
:10E6400041F0004000F58010C00F704720F00040FE
:10E65000B0F1FF4FACBF0020012070472DE9F04121
:10E66000C0F3C7557F3D162D044620F0004724DC3B
:10E67000002D804614DB184F2F4138421AD017491D
:10E68000E2F768FA0021E2F729FD98B1002C03DDDA
:10E690004FF400032B41984428EA0700BDE8F081BD
:10E6A0000E49E2F757FA0021E2F718FD10B1002CED
:10E6B0000EDB57B92046BDE8F081B7F1FF4FF9D323
:10E6C0000146E2F747FABDE8F0814FF07E50F2E7ED
:10E6D0004FF00040EFE700BFFFFF7F00CAF2497133
:10E6E0002DE9F041C0F3C7557F3D162D044620F0BB
:10E6F000004725DC002D804614DB184F2F4138429F
:10E700001BD01749E2F726FA0021E2F7E7FCA0B197
:10E71000002C03DA4FF400032B41984428EA070049
:10E72000BDE8F0810E49E2F715FA0021E2F7D6FCC8
:10E7300018B1002C0CDB002000E02046BDE8F08181
:10E74000B7F1FF4FF9D30146E2F704FABDE8F081D3
:10E7500017B94FF00040F1E70248EFE7FFFF7F00F5
:10E76000CAF24971000080BF2DE9F04F23F0004745
:10E77000044657EA020093B092469B460D4610D1DC
:10E780002319824985F4002252419842914121D2B5
:10E7900052465B4620462946E1F7D8FC13B0BDE857
:10E7A000F08F98467A4B0E4621F000419942009135
:10E7B000A14614D906F1404606F5801656EA090628
:10E7C000E6D15346DB1871498BF4002252419E4238
:10E7D0009141DDD36F49002013B0BDE8F08F14D014
:10E7E0009F42E7D8009B00F0B780002E15DB002A7F
:10E7F00040F0A48067498F4240F0CA83B8F1000F0F
:10E80000C0F2BF8420462946C8E7002CC0D18F4201
:10E81000BED800F0F283009BE7E75F498F4200F229
:10E82000C6835E498F420DD93915A1F2FF311429F3
:10E8300040F38E84C1F1340122FA01F000FA01F1B3
:10E84000914236D0002A45D1B8F1804F3BD0029298
:10E8500020462946049300F02FFD049BB9F1000FD8
:10E8600043D0DDF808C0F20F013A52EA0C0C00F078
:10E870008A80029C013C224314BF464D484D00242F
:10E88000B7F1844FCDE9064540F28E80454B009AA2
:10E890009F42424B40F2E8839A4200F29484B8F1DE
:10E8A000000FC0F29484002013B0BDE8F04F01F0D7
:10E8B00059B900F00100C0F102010291002A3FD1D4
:10E8C000B8F1804FC4D122462B4620462946E1F7B5
:10E8D000F3FD63E720462946029300F0EDFC029B1E
:10E8E000B9F1000F4FD1CDF808902A4A26F0404CDC
:10E8F000944502D0009A002AB3D1B8F1000F05DA8E
:10E9000002460B4600202349E1F700FF002EBFF628
:10E9100045AF009B03F1404A029B0AF5801A5AEA70
:10E92000030A40F0368402460B4610461946E1F7CA
:10E930000BFC02460B46E1F7E9FE2FE700220292AC
:10E9400020462946049300F0B7FC049BB9F1000F60
:10E95000CBD0F20F013A8CE7002A7FF42BAF009B5B
:10E9600003F1404303F5801323433FF433AF0B4BD4
:10E97000009A9A4240F2DF83B8F1000FC0F2498456
:10E98000504659460AE722462B46CEE70000F0FFE4
:10E990000000F07F0000F03FFFFF3F43FFFFEF3F2D
:10E9A0000000F0BF0000F043D74A3240002A40F098
:10E9B0002883D64B0022E1F77FFD6FF034040B462D
:10E9C0001A15A2F2FF321519D14A0B95C3F313039E
:10E9D00043F07F54934244F4401407DDCD4A934200
:10E9E00040F3E08301350B95A4F580140022002349
:10E9F000CDE90823CDE91023C74B0022CDE904233C
:10EA00000025DDE9042321468046E1F79DFBA14670
:10EA1000DDE9042306460F4640462146CDE90C8930
:10EA2000E1F794FB02460B460020BB49E1F76EFE7E
:10EA30000A460146CDE90E121346394602463046D3
:10EA4000E1F73AFD0A4601464FF0000CCDE902120B
:10EA50001146CDE900016410CDF800C0DDE9008960
:10EA600044F0005404F500230020591904460D46D3
:10EA700002460B4640464946E1F71EFD02460B465C
:10EA800030463946E1F760FBDDE9042306460F46D0
:10EA900020462946E1F758FB02460B46DDE90C010A
:10EAA000E1F752FB42464B46E1F706FD02460B46B4
:10EAB00030463946E1F748FBDDE90E23E1F7FCFC7F
:10EAC000DDE90245CDE9040122462B4620462946D0
:10EAD000E1F7F2FC7AA3D3E9002304460D46E1F7FF
:10EAE000EBFC79A3D3E90023E1F730FB22462B4668
:10EAF000E1F7E2FC76A3D3E90023E1F727FB224606
:10EB00002B46E1F7D9FC74A3D3E90023E1F71EFB00
:10EB100022462B46E1F7D0FC71A3D3E90023E1F7AD
:10EB200015FB22462B46E1F7C7FC6FA3D3E9002370
:10EB3000E1F70CFB224606460F462B4620462946A7
:10EB4000E1F7BAFC02460B4630463946E1F7B4FC21
:10EB5000424604460D464B46DDE90201E1F7F6FA6E
:10EB6000DDE90423E1F7A8FC22462B46E1F7EEFAA3
:10EB7000424604460D464B4640464946E1F79CFC5A
:10EB8000664B002206460F46E1F7E0FA22462B4686
:10EB9000CDE90C45E1F7DAFA00240D4622462B4672
:10EBA00040464946E1F788FC5C4B80468946002296
:10EBB00020462946E1F7C8FA32463B46E1F7C4FA57
:10EBC00002460B46DDE90C01E1F7BEFADDE902235E
:10EBD000E1F772FC224606460F462B46DDE90401AA
:10EBE000E1F76AFC02460B4630463946E1F7AEFAD9
:10EBF00006460F4602460B4640464946E1F7A6FA4E
:10EC000000243BA3D3E9002320460D46E1F754FC42
:10EC100042464B468046894620462946E1F794FA0B
:10EC200002460B4630463946E1F78EFA32A3D3E965
:10EC30000023E1F741FC32A3D3E9002306460F4647
:10EC400020462946E1F738FC02460B463046394655
:10EC5000E1F77CFADDE91023E1F778FA06460B9834
:10EC60000F46E1F7BFFB324604460D463B464046A1
:10EC70004946CDE90289E1F769FADDE90823E1F7C0
:10EC800065FA22462B46E1F761FA002022462B4620
:10EC900080468946E1F758FADDE90823E1F754FA9E
:10ECA000DDE90223E1F750FA02460B4630463946C9
:10ECB000E1F74AFACDE9020132E000BFAFF300808C
:10ECC000EF4E454A287ECA3F65DBC9934A86CD3F51
:10ECD00001411DA96074D13F4D268F515555D53F37
:10ECE000FFAB6FDBB66DDB3F033333333333E33FCF
:10ECF000000000E009C7EE3FFD033ADC09C7EE3F24
:10ED0000F5015B14E02F3EBE0000F07F00004043A1
:10ED10008E98030079B60B000000F03F0000084019
:10ED20000023CDE900AB0093DDE900675946324688
:10ED30003B465046E1F708FA42464B46E1F7BCFB3A
:10ED40005B4604460D465246DDE90201E1F7B4FB9D
:10ED500002460B4620462946E1F7F8F932460446BA
:10ED60000D463B4640464946E1F7A6FB0B460246A8
:10ED700006460F4620462946E1F7E8F9B44B99428A
:10ED8000A046A94604460D468B4640F3168101F184
:10ED90003F4303F5E003034340F01F829AA3D3E906
:10EDA000002340464946E1F7D1F93246CDE900015A
:10EDB0003B4620462946E1F7C7F902460B46DDE906
:10EDC0000001E1F709FE002840F007824FF40073CC
:10EDD0005B44C3F30A529F4CA2F2FF32C3F3130108
:10EDE000144141F48011C2F1140241FA02FA0020E8
:10EDF00004EA0301BBF1000F02460B4630463946D8
:10EE0000B8BFCAF1000AE1F79FF902460B46064671
:10EE10000F4640464946E1F799F94FEA0A5B0D462D
:10EE200000247BA3D3E9002320462946E1F744FBD5
:10EE30003246CDE900013B4620462946E1F784F9F8
:10EE400002460B4640464946E1F77EF972A3D3E9F4
:10EE50000023E1F731FB72A3D3E9002306460F46F6
:10EE600020462946E1F728FB02460B463046394644
:10EE7000E1F76CF9DDE9008906460F4602460B46CC
:10EE800040464946E1F762F942464B4604460D4684
:10EE9000E1F75AF902460B4630463946E1F754F994
:10EEA0002246804689462B4620462946E1F704FB48
:10EEB0005DA3D3E9002306460F46E1F7FDFA5CA304
:10EEC000D3E90023E1F740F932463B46E1F7F4FA93
:10EED00059A3D3E90023E1F739F932463B46E1F77C
:10EEE000EBFA57A3D3E90023E1F72EF932463B466C
:10EEF000E1F7E2FA54A3D3E90023E1F727F9324618
:10EF00003B46E1F7D9FA02460B4620462946E1F78F
:10EF10001BF906460F4602460B4620462946E1F7F6
:10EF2000CBFA0022CDE900014FF08043304639464C
:10EF3000E1F70AF902460B46DDE90001E1F7E6FBDD
:10EF4000424606460F464B4620462946E1F7B4FAAC
:10EF500042464B46E1F7FAF802460B463046394640
:10EF6000E1F7F2F822462B46E1F7EEF802460B46AF
:10EF700000203949E1F7E8F80C465C44B4F5801FFD
:10EF8000C0F235812146DDE90623E1F795FA05E473
:10EF9000B8F1804F3FF497AC304988457FF457ACC7
:10EFA0002046294613B0BDE8F04F00F065BE002AA8
:10EFB00000F0338102220292C2E4DFF8A4C021F003
:10EFC0000043634540F2D580264B0B4403430AD1EE
:10EFD00032463B46E1F7B8F842464B46E1F7F2FCD1
:10EFE00000283FF4F3AEDDE9060100220023E1F73B
:10EFF000D5FC003818BF012056E4002A7FF4C8ABC6
:10F00000B5E40024DCE400BFFE822B654715973C85
:10F0100000000000432EE63FEF39FAFE422EE63FA5
:10F02000396CA80C615C20BED0A4BE726937663E04
:10F03000F16BD2C541BDBB3E2CDE25AF6A56113FF8
:10F0400093BDBE166CC1663F3E5555555555C53FDF
:10F05000FFFF8F400000F0FF0000F03F0000E03FA6
:10F06000FFCB904000346F3F9A42C0F0C480009ABA
:10F070008D4B9A424FF0000200F2D7808A4BE1F7A5
:10F0800063F87DA3D3E9002304460D46E1F714FAA3
:10F090007BA3D3E9002306460F4620462946E1F725
:10F0A0000BFA824B80468946002220462946E1F72A
:10F0B00003FA02460B4674A1D1E90001E1F744F8D6
:10F0C00022462B46E1F7F8F902460B460020784924
:10F0D000E1F73AF82246CDE900012B4620462946C1
:10F0E000E1F7EAF902460B46DDE90001E1F7E4F950
:10F0F00067A3D3E90023E1F7DFF902460B46404658
:10F100004946E1F721F802460B4604460D463046D3
:10F110003946E1F71BF8002032463B4680468946D7
:10F12000E1F712F802460B4620462946E1F70CF8B3
:10F13000CDE90201F4E5B8F1000F4FF000004FF007
:10F140000001BFF62BAB50460BF10041FFF726BB89
:10F15000002A7FF4BFABC1F1140147FA01F000FAB5
:10F1600001F1B9426ED050498F423FF447ABFFF7EF
:10F170006BBB4F4A934274D8DDE900239346924615
:10F180004EE622462B4648490020E1F7BFFAFFF73A
:10F1900005BB029B012B7FF401AB01F10043194633
:10F1A000FFF7FCBA3CA3D3E90023CDE908233CA335
:10F1B000D3E90023CDE910233E4B0022CDE90423FF
:10F1C0004FF480251DE4B8F1000F7FF76CAB0020F1
:10F1D00013B0BDE8F04F00F0CBBCDDE90601002222
:10F1E0000023E1F7DBFB003818BF0120F0E75246AF
:10F1F00000F026FCC7E6DDE9060100220023E1F766
:10F20000CDFB003818BF0120B8F1000FBFF64CABA2
:10F21000DEE700200021FFF7C1BAB8F1804F3FF4CC
:10F2200052AB02220292FFF713BBDDE90601002375
:10F23000E1F7B4FB003818BF0120B8F1000FC7DCBC
:10F24000FFF732BB184A97423FF4D8AAB8F1804F73
:10F250003FF439AB00F00100C0F102020292FFF767
:10F26000F7BA1B15A3F2FE334FF4801242FA03F3F0
:10F27000AEE500BFAFF30080000000604715F73F28
:10F2800044DF5DF80BAE543E555555555555D53FA9
:10F29000FE822B654715F73F0000004003B8E23FB0
:10F2A00006D0CF43EBFD4C3E0000F03F0000D03FC6
:10F2B0000000E03F0000F83F21F00043194670478E
:10F2C0002DE9F04F31F0004A87B00C468046814668
:10F2D0000DD180F480094FEA490919F5000F18D9BA
:10F2E00021464046E1F736FC07B0BDE8F08F20F03C
:10F2F000004BBBF1FF4F0D4602D8BAF1FF4F0DD9BD
:10F30000B9F17E5FECD185F480056D0015F5000F35
:10F31000E6D84FF07E5007B0BDE8F08F00285F467A
:10F32000C0F23081BAF1FF4F00F04081BAF17E5F48
:10F3300000F07E81B1F1804F00F0AA810026B5F186
:10F340007C5F40F05381B9F1000F404680F2A58107
:10F3500000F072FBBBF1FF4F00F05D81BBF1000FCD
:10F3600000F05981BBF17E5F00F04A814FEAD9730A
:10F37000013B56EA0302009300F09481BAF19A4FE0
:10F3800040F29881B04B9B4540F2E482AF4B9B45E5
:10F3900000F2EC824FF07E51E1F7DAFBAC49804697
:10F3A000E1F7E0FCAB4981464046E1F7DBFC4FF07A
:10F3B0007A5182464046E1F7D5FC0146A648E1F77E
:10F3C000C7FB4146E1F7CEFC01464FF07C50E1F728
:10F3D000BFFB414683464046E1F7C4FC0146584620
:10F3E000E1F7C0FC9D49E1F7BDFC01465046E1F75D
:10F3F000AFFB014680464846E1F7ACFB20F47F6B4B
:10F400002BF00F0B49465846E1F7A2FB0146404658
:10F41000E1F79EFB25F47F67009B013E27F00F0775
:10F420001E438046394620460CBF8D4E4FF07E5617
:10F43000E1F78EFB5946E1F795FC2146054640462B
:10F44000E1F790FC01462846E1F784FB3946054682
:10F450005846E1F787FC014604462846E1F77AFB67
:10F46000002807468046014620F0004240F33D82D6
:10F47000B2F1864F00F2CA8200F0AA82B2F17C5F3C
:10F4800000F2CC824FF00008474621F47F6A2AF050
:10F490000F0A74495046E1F765FC21468146504603
:10F4A000E1F756FB01462846E1F752FB6E49E1F7CA
:10F4B00059FC6E4904465046E1F754FC014620468B
:10F4C000E1F748FB044601464846E1F743FB49465D
:10F4D0000546E1F73DFB01462046E1F739FB2946A9
:10F4E00081462846E1F73EFC61490446E1F73AFCD3
:10F4F0006049E1F72DFB2146E1F734FC5E49E1F775
:10F5000029FB2146E1F72EFC5C49E1F721FB21466E
:10F51000E1F728FC5A49E1F71DFB2146E1F722FCFF
:10F5200001462846E1F714FB044601462846E1F768
:10F5300019FC4FF0804182462046E1F709FB014665
:10F540005046E1F7C3FC494604462846E1F70AFC69
:10F550004946E1F7FFFA01462046E1F7F9FA294664
:10F56000E1F7F6FA01464FF07E50E1F7F1FA034673
:10F570004344B3F5000FC0F2F58118463146E1F778
:10F58000F1FBB1E6BAF1974F19D2BAF17E5F1BD207
:10F59000B1F1804F7CD0B1F17C5F26D100F04CFA04
:10F5A000BBF1FF4F3FF4A0AE0026D7E6BBF17E5F74
:10F5B0003FF4AFAE42D9002D3EDB204694E6BAF1CF
:10F5C000FF4FF3D00226BAE64FEAEA52C2F19602A2
:10F5D0004AFA02F101FA02F2524500F07381BAF1DF
:10F5E0007E5F25D0B4F1804F52D00026404600F017
:10F5F00023FABBF1FF4F03D0BBF1000F7FF4B2AE93
:10F60000002D04DA01464FF07E50E1F75FFCB9F1BE
:10F61000000FBFF669AEABF17E5B5BEA060B40F014
:10F620005E810146E1F794FA0146E1F74FFC5BE6A3
:10F63000002D27DB404657E6002055E6002DFBDA7B
:10F6400004F1004050E600BFF3FF7F3F0700803F1A
:10F6500000AAB83F70A5EC36ABAAAA3E3BAAB83FB9
:10F66000000080BF0072313F1872313F8CBEBF3541
:10F670004CBB31330EEADD3555B38A38610B363B6E
:10F68000ABAA2A3E41464FF07E50E1F71FFC2BE625
:10F6900041464046E1F766FB26E607B0BDE8F04F7D
:10F6A00000F0D8BB41464046E1F752FA0146E1F787
:10F6B0000DFC19E619F0FF4F40F04A814FF09741D9
:10F6C000E1F750FB6FF017010746FA157F3A0A443D
:10F6D000AF490192C7F316038B4243F07E5707DD13
:10F6E000AC498B4240F34A8101320192A7F50007F1
:10F6F000002305934FF07E5B04934FF000085946BA
:10F700003846E1F725FA594681463846E1F722FAAC
:10F7100001464FF07E50E1F7D9FB01460390484681
:10F72000E1F720FB7A1042F0005202F580224244B9
:10F7300020F47F6828F00F081146BA460746404675
:10F740000292E1F70FFB01464846E1F701FA029AFF
:10F75000814659461046E1F7FBF901465046E1F76C
:10F76000F7F94146E1F7FEFA01464846E1F7F0F9BC
:10F77000039B1946E1F7F6FA394683463846E1F726
:10F78000F1FA85498146E1F7EDFA8449E1F7E2F9BA
:10F790004946E1F7E7FA8249E1F7DCF94946E1F742
:10F7A000E1FA8049E1F7D6F94946E1F7DBFA7E490B
:10F7B000E1F7D0F94946E1F7D5FA7C49E1F7CAF912
:10F7C000494682464846E1F7CDFA01465046E1F700
:10F7D000C9FA414681463846E1F7BCF95946E1F796
:10F7E000C1FA4946E1F7B6F9414682464046E1F79B
:10F7F000B9FA6F490290E1F7ADF95146E1F7AAF97C
:10F8000020F47F6929F00F0949464046E1F7AAFA3A
:10F81000674980464846E1F79BF90299E1F798F974
:10F8200001465046E1F794F93946E1F79BFA49461B
:10F8300082465846E1F796FA01465046E1F78AF9C2
:10F84000834601464046E1F785F920F47F6A2AF0B5
:10F850000F0A58495046E1F785FA4146814650461D
:10F86000E1F776F901465846E1F772F95249E1F7B6
:10F8700079FA524980465046E1F774FA014640460B
:10F88000E1F768F90499E1F765F980460198E1F735
:10F8900015FA414682464846E1F75CF9059F39462C
:10F8A000E1F758F95146E1F755F920F47F6B2BF059
:10F8B0000F0B51465846E1F74BF93946E1F748F945
:10F8C0004946A1E5BAF17E5F3FF4B2AEB4F1804F94
:10F8D0003FF4DEAE01F00101C1F1020686E6012E21
:10F8E0007FF402AD00F10040FEE4354B9A4200F295
:10F8F00097807FF4C3AD2146E1F72AF92946E1F765
:10F90000E3FB002840F08C8086227E3A4FF400030F
:10F91000134143442B49C3F3C7527F3AC3F316073D
:10F92000114147F40007C2F117021741B8F1000F67
:10F9300001EA0301B8BF7F422046E1F709F9014619
:10F9400004462846E1F706F94FEAC75801469CE508
:10F950000021BAE6002D0BDB002007B0BDE8F04F18
:10F9600000F082B9394600F009F907E6002DF3DD11
:10F97000002007B0BDE8F04F00F07AB9124B0593B4
:10F98000124B04934FF07F5B4FF40018B7E600BFB3
:10F9900071C41C00D6B35D0042F1533E55326C3E3B
:10F9A00005A38B3EABAAAA3EB76DDB3E9A99193FE1
:10F9B000000040400038763F4F38763FA0C39D3668
:10F9C00000001643000080FF00C0153FDCCFD1359A
:10F9D00017492846E1F7BEF8214681463846E1F747
:10F9E000B7F801464846E1F779FB78B907F50043D7
:10F9F000DA1510497F3A11411940C3F31603C2F1D9
:10FA0000170243F4000343FA02F795E7002130465A
:10FA1000E1F746FB003818BF0120AAE7D21574E7CA
:10FA200000213046E1F73CFB003818BF012094E785
:10FA30003CAA3833000080FF20F00040704700BF30
:10FA400070B51646C1F30A5204460D460B465ABB22
:10FA500021F00043034326D02D4B0022E0F72CFD7C
:10FA60002C4B9E4204460D4643DBC1F30A520B4623
:10FA7000363A4CF250318E421EDC164440F2FE7291
:10FA8000964219DC002E23DC16F1350F28DB23F01B
:10FA9000FF4323F4E003363643EA065120461E4B6B
:10FAA0000022E0F709FD70BD40F2FF7C6245E0D125
:10FAB0000246E0F74BFB70BD11A3D3E90023ED0F25
:10FAC0001C4665F3DF7421461448E0F7F5FC70BD71
:10FAD00023F0FF4323F4E003204643EA065170BDC0
:10FAE00005F0004343F0D27141F4B7310C4841F0C6
:10FAF0001F0105A3D3E90023E0F7DEFC70BD00BFC2
:10FB00009C7500883CE4377E59F3F8C21F6EA5014E
:10FB100000005043B03CFFFF0000903C9C75008803
:10FB200059F3F8C2D0B506460F46144601F070FDF1
:10FB30000346394630461C60D0BD00BF10B50446B0
:10FB400082B0104619460CB103F10043CDE9002301
:10FB5000DDE90023E0F7B0FC222202B0BDE810404E
:10FB6000FFF7E0BF00224FF08053FFF7E7BF00BF71
:10FB700000224FF0E043FFF7E1BF00BF10B50C4695
:10FB800030F0004103461DD0B1F1FF4F1BD210F001
:10FB9000FF4F02461BD14FF09841E1F7E3F8204AAE
:10FBA000944203462CDBC0F3C75102464CF250305E
:10FBB0008442A1F1190110DD1A49184661F31E00B3
:10FBC000E1F7D0F810BD0146E0F7C4FF10BD4CF2DC
:10FBD000503084424FEAD151EEDC2144FE29EBDC67
:10FBE000002911DC11F1160F13DB01F1190022F0CD
:10FBF000FF424FF04C5142EAC050E1F7B3F810BD5C
:10FC00000949E1F7AFF810BD22F0FF4242EAC150C6
:10FC100010BD0549184661F31E00E1F7A3F810BDB9
:10FC2000B03CFFFFCAF249716042A20D38B50546EB
:10FC30000C4601F0EDFC034628461C6038BD00BFB1
:10FC400008B540B101F10040E1F78CF8BDE808408B
:10FC50002221FFF7EBBF0846E1F784F8BDE8084032
:10FC60002221FFF7E3BF00BF4FF08051FFF7E8BF4D
:10FC70004FF0E041FFF7E4BF2DE9F84F724F8F439B
:10FC800004460D4600F0B28000290B4606460246A7
:10FC900055DD081500F09B80C3F31303C107A0F2E4
:10FCA000FF3743F4801303D4D10F01EB4303520019
:10FCB0005B00002603EBD2737F1052001624B4467B
:10FCC0004FF400110CEB0100984203DC1B1A01EB0E
:10FCD000000C0E445B00013C03EBD2734FEA510170
:10FCE0004FEA4202EED1A04620254FF000400AE044
:10FCF00039D0590001EBD271013D0B464FEA420267
:10FD00004FEA50003BD09C4508EB000EF0DABEF104
:10FD1000000F0EEB00080CDBE146A3EB0C0196454F
:10FD200088BF01F1FF314900CC46A2EB0E0204442A
:10FD3000E0E7B8F1000FEFDB0CF10109EDE721F08E
:10FD4000004707433DD0002973D1D10A153B520526
:10FD50000029FAD0CD02184616460B4637D5202486
:10FD60004FF0FF313EE0964502D94FEA4C01C1E722
:10FD7000BEF1000F0EEB000825DB0021D5E7114393
:10FD800012D0DFF8C8A0DFF8C8B0DAE90001DBE97B
:10FD90000023E0F7D9F9DAE9008902460B4640462C
:10FDA0004946E0F705FE58BB6508731003F17F5321
:10FDB000F20703F5001348BF45F0004503EB075178
:10FDC0002846BDE8F88FB8F1000FB5DAD5E7002274
:10FDD0005B00DC02114602F10102F9D5C2F12004F8
:10FDE00006FA02F2E640401A334355E702460B4654
:10FDF000E0F762FB22462B46E0F7A8F9BDE8F88F52
:10FE0000B4F1FF3FDAE90001DBE9002318D0E0F7A5
:10FE10009DF9DAE9008902460B4640464946E0F77B
:10FE2000BDFD78B1A11C04F1020508BF01366D08C3
:10FE3000BBE7E0F789F902460B46E0F767FCC0E74D
:10FE40000136B2E70134AFE70000F07FD8010020AF
:10FE5000D001002020F00042B2F1FF4F2DE9F04127
:10FE6000044654D2002A50D00028034657DB14F031
:10FE7000FF4F4FEAE05009D114F400025BD15B0060
:10FE80001C02114602F10102F9D5401AC3F3160211
:10FE900042F40002C307A0F17F0558BF52000024BE
:10FEA0006D1052004FF0190E21464FF0807C01EB8F
:10FEB0000C039342DDBF03EB0C016444D31A1346D9
:10FEC000BEF1010E4FEA43024FEA5C0CEFD1BBB129
:10FED0001A4E1B4F30683968D6F80080E0F738FEBC
:10FEE00001464046E1F7E6F850B1306839683668B7
:10FEF000E0F730FE01463046E1F7D2F8B8B10234FF
:10FF0000601000F17C5000EBC550BDE8F081014667
:10FF1000E0F728FF2146E0F71DFEBDE8F08101462D
:10FF2000E0F716FE0146E0F7D1FFBDE8F0810134AD
:10FF300024F00104E4E74FF0FF31A6E7E4010020DC
:10FF4000E001002008B5062001F0F0FA0120E6F7F4
:10FF5000C1FF002100F084BF0A22002101F062B835
:10FF6000024B0146186800F02DB800BF6003002066
:10FF7000024B0146186801F0B7BB00BF60030020C8
:10FF800070B50F4E0C463168054611B901F01EFBE5
:10FF900030602146284601F019FB431C03D14FF085
:10FFA000FF34204670BDC41C24F00304A042F8D0E6
:10FFB000211A284601F00AFB0130F2D1EFE700BF19
:10FFC0001C3600202DE9F843CD1C25F0030508352B
:10FFD0000C2D38BF0C25002D064601DBA94204D9A3
:10FFE0000C2333600020BDE8F883DFF8D48000F0F4
:10FFF00069F8D8F800301C4644BB29463046FFF764
:020000040802F0
:10000000BFFF431C044658D1D8F800402746002FB4
:1000100043D1002C4BD023683946304604EB03090A
:1000200001F0D4FA814542D121686D1A2946304643
:10003000FFF7A6FF01303AD023682B442360D8F89D
:1000400000305A6862BBC8F800700FE02268521B8B
:1000500020D40B2A17D96119A342256018BF596013
:10006000636808BFC8F8001062514B60304600F06A
:100070002FF804F10B00231D20F00700C21A1CBF4B
:100080001B1AA350AFE76268A3420CBFC8F8002058
:100090005A60EBE723466468AEE73C467F68B6E704
:1000A0001A465B68A342FBD100235360DEE70C23B2
:1000B0003360304600F00CF894E70560D6E700BFE7
:1000C00020360020014801F0CEBA00BF643700207E
:1000D000014801F0C9BA00BF6437002038B5104BA1
:1000E0001D682B6B0446B3B91820FFF739FF024691
:1000F000286320B90B4B0C48462101F0D7FA0B4975
:100100000B4BC0E900130B4B83600B238381002151
:100110000120C2E904012B6B00221C615A6138BD29
:10012000600300208BDB0208A2DB02080E33CDAB9C
:1001300034126DE6ECDE0500164B10B51C68236B1F
:10014000B3B91820FFF70CFF0246206320B9124B09
:100150001248522101F0AAFA1149124BC0E90013CA
:10016000114B83600B23838100210120C2E904012C
:10017000216B0E480B694C690D4A584302FB040081
:10018000A3FB0232013340EB0200C1E9043020F04E
:10019000004010BD600300208BDB0208A2DB0208D8
:1001A0000E33CDAB34126DE6ECDE05002DF4515864
:1001B0002D7F954C024B0A460146186800F002B8A4
:1001C000600300202DE9F041804615460C4621B918
:1001D000BDE8F0411146FFF7F5BE2AB901F084FAF7
:1001E00000242046BDE8F08102F0BEFA85420646B2
:1001F00002D8B5EB500FF4D829464046FFF7E2FE8F
:1002000007460028ECD0B5422A46214628BF324690
:1002100001F033FA2146404601F066FA3C46E0E739
:100220002DE9F0410F46904602F068F904460D466C
:10023000B8F1000F11D0C7F30A53C3F16B03002BC1
:100240000BDD1B0503F17F55002405F54015224603
:100250002B46E0F731F904460D4620462946BDE815
:10026000F0810000000000002DE9F04F9DB08246B3
:100270000E92002218920C464FF000084FF0000931
:100280000A46179211782B293BD02CD80D2926D855
:10029000082926D800292FD000220C92179D2A78F1
:1002A000302A7BD16A7802F0DF02582A6CD102939F
:1002B0000C9B019318AB0093884A19AB17A95046C1
:1002C00001F0C2FA10F00F0604463ED0062E1AD1F5
:1002D0000E9B0BB101351D604046494640E0202988
:1002E000DAD10132CDE72D29D6D101210C91511C53
:1002F00017915278002AD1D10E9B002BECD01C60B4
:10030000EAE70021F2E7189A3AB135211AA802F07B
:10031000E7F91899504601F0BBFD013E199A042EE9
:1003200006D8DFE806F02003292C2000DDE91A8931
:10033000E10548BF49F0004929F000431B0D1B05AA
:100340001BB901F065F9222303600E9B13B10E9ACD
:10035000179B13600C9B002BBED0404609F1004157
:100360001DB0BDE8F08FDDE91A8302F2334223F4B9
:10037000801343EA0259DBE7DFF86491D8E76FF0B6
:1003800000494FF0FF38D3E7179B5A1C17925B7850
:10039000302BF9D0002BD8D0012300E00023002718
:1003A000CDE905770493179B0A930A2217980578DD
:1003B000A5F13003D9B2092924D94A49012201F013
:1003C00042F800282DD000202A46059D834603468A
:1003D000652A01D0452A13D11DB9049A02438BD056
:1003E0000025179C621C179262782B2A6DD02D2A4B
:1003F00071D04FF0000CA2F13001092978D917947F
:10040000002696E005990829DDBF069902FB013315
:10041000069302FB0737059B0130013305931790C4
:10042000C4E7179B5A1C17925A78059BABB38346B7
:100430001D46A2F13003092B12D90123C8E7179BEF
:100440005A1C17925A780130302AF8D0A2F13103A1
:10045000082B00F2EA84179B0A9383460020054686
:10046000303A00F1010312D09B4400EB050C2B46FF
:100470000A219C4513D12B18082B05F101050544D1
:1004800019DC06990A2303FB012306930023179A1C
:10049000511C179152781846CBE70598D4E7082BE2
:1004A00003F1010303DC069E4E430696E1E7102BA1
:1004B000D8BF4F43DDE70F2BDCBF0A2303FB072721
:1004C000E4E74FF0000B012387E74FF0000CA21C7C
:1004D0001792A2788FE74FF0010CF8E738DC02089A
:1004E0000000F07F7B600208179A511C1791527828
:1004F000302AF9D0A2F13101082981D8303A079287
:10050000179A0D92179A561C17965278A2F1300E30
:10051000BEF1090F38D90D99761A082E44F61F66D8
:1005200003DC07998E42A8BF0E46BCF1000F00D035
:100530007642002D4FD1049908437FF406AF002B7B
:100540007FF4DAAE692A29D026DC492A26D04E2A41
:100550007FF4D2AE9C4917A801F098FB00283FF425
:10056000CBAE179B1B78282B2FD198491AAA17A816
:1005700001F0A0FB052828D11B9BDDF8688043F023
:10058000FF4949F4E009E0E6079E0A2101FB062144
:10059000A1F130020792B5E76E2AD9E78C4917A876
:1005A00001F074FB00283FF4A7AE179B8949013B7B
:1005B00017A8179301F06AFB10B9179B0133179323
:1005C000DFF814924FF00008BFE6844801F064F8A9
:1005D00080468946B9E6A6EB0B030F93059B069868
:1005E000002B08BF2B46102D05932C46A8BF1024C6
:1005F000DFF7E8FE092D8046894614DCA6EB0B03E5
:10060000002B3FF4A2AEA6EB0B0379DD162B45DCE5
:100610000F9B734901EBC301D1E9000142464B46F0
:10062000DFF74AFFD4E76E4B03EBC40353E9122311
:10063000DFF742FF804638468946DFF7C3FE0246B1
:100640000B4640464946DFF781FD0F2D804689461F
:10065000D4DD2C1BA6EB0B031C44002C26DC00F085
:10066000A380644214F00F020AD05D4B03EBC20377
:1006700040464946D3E90023E0F748F880468946DA
:10068000241100F091801F2C40F3B28022234FF000
:1006900000084FF00009CAF8003056E6C5F12503FE
:1006A000A6EB0B02934219DA2C1B144414F00F032F
:1006B0000AD04B4901EBC30142464B46D1E9000148
:1006C000DFF7FAFE8046894634F00F046CD0B4F5AB
:1006D0009A7F41DD2223CAF8003071E7404CC5F112
:1006E0000F0504EBC50142464B46D1E90001DFF797
:1006F000E3FE0F9B5D1B04EBC504D4E900238FE7E9
:100700001633A6DB364BABEB060203EBC203D3E991
:10071000002340464946DFF7F9FF59E700230693D7
:100720002223DFF8B490CAF800304FF0000818997F
:10073000504601F0ADFB0699504601F0A9FB059922
:10074000504601F0A5FB1099504601F0A1FB079916
:10075000504601F09DFBF8E50023224F049324113D
:1007600040464946012C22DC0BB180468946049B59
:100770001C49A9F1547901EBC30142464B46D1E92A
:100780000001DFF799FE144B0A460B4016498B42D5
:1007900080469FD8A1F580118B4286BFDFF84C9030
:1007A0004FF0FF3802F15479002304934BE0E20745
:1007B00004D5D7E90023DFF77FFE0123049A013235
:1007C000049264100837CDE720DC020824DC02081C
:1007D00017DC02081ADC02080000F07FDF54020870
:1007E000F8DE0208D0DE02080000A07CFFFFEF7FE9
:1007F00014F0100318BF6A23AB4F049340464946D8
:100800000023E20704D5D7E90023DFF755FE0123D3
:10081000641007F10807F4D10BB180468946049BA8
:1008200043B1C9F30A52C2F16B03002B494650DCB5
:100830006A2304930022002340464946E0F7A4F8C7
:1008400000287FF423AF069B0093059A0A992B4654
:10085000504601F085FB109000283FF43BAF0F9B02
:10086000ABEB060B002BB4BF5B46002311930F9B31
:1008700023EAE3731593002307930593109B5046D7
:10088000596801F0C5FA069000283FF449AF109B63
:100890001A69023203F10C0192000C3000F0EDFEF7
:1008A0001AAB019319AB009342464B465046CDE933
:1008B0000A8901F08DFE189000283FF431AF012124
:1008C000504601F0E7FB05900346D0B9002305939D
:1008D00026E71F2B0EDD342BDEBF4FF0FF33C2F1B6
:1008E0004B0293404FF00008CCBF4FF05C7903EA15
:1008F00001099DE74FF0FF3202FA03F303EA08080B
:1009000096E7199C1A9A002CABBF119B159B159E5C
:10091000119FACBFE7181E1B049BE41A1444634BE1
:10092000013C9C42C2F1360280F2B2801B1B1F2B9D
:10093000C2BFC4F17F4404F57F0404F57B444FF04B
:100940000105C8BFE234A2EB0302DABF9D400024D8
:1009500005FA04F407EB020B049B5F4516441E44A2
:100960003B46A8BF5B46B342A8BF3346002BC2BF7D
:10097000ABEB030BF61AFF1A119B002B16DD059942
:100980001A46504601F046FC059000289ED00146CC
:10099000189A504601F094FB0D9000283FF4C0AE29
:1009A0001899504601F074FA0D9B1893BBF1000F93
:1009B00071DC0F9B002B08DD159A0699504601F05B
:1009C00029FC069000283FF4A9AE002E08DD069908
:1009D0003246504601F078FC069000283FF49EAE67
:1009E000002F08DD05993A46504601F06DFC059050
:1009F00000283FF495AE069A1899504601F0ECFC99
:100A0000079000283FF48CAEC3680D93002305992E
:100A1000C36001F0C5FC00284ADA0D9B53EA0803C5
:100A200040F0BC80C9F31303002B40F0B78029F0DD
:100A300000431B0D1B05B3F1D66F40F2AF80079B3F
:100A40005B6923B9079B1B69012B40F3A7800799BA
:100A50000122504601F038FC0599079001F0A0FCF6
:100A6000002840F39B8029F00043049A1B0D1B05CE
:100A7000002A79D0B3F1D66F6DD8B3F15C7F45D839
:100A80004FF000084FF000092223CAF800304EE66C
:100A9000002401255EE718995A46504601F014FCDF
:100AA0001890002885D13BE650DC020802FCFFFFCD
:100AB000CB4640F0A4800D9AC9F31303002A41D01D
:100AC000974A934259D1049B42467BB9B8F1FF3F04
:100AD00040F08A80934B99453FF422AE924BDDF86B
:100AE000108009EA030303F5801920E68E4B09EA1A
:100AF0000303B3F1D46F17D918F101011CD1894A4E
:100B000091453FF40DAE03F580198046874B404672
:100B100049460022DFF7D0FC834B0B4080468946D4
:100B2000002B7FF404AEAFE71E0DC6F16B064FF04D
:100B3000FF31B1408845E6D0002C5ED014EA0B0F9F
:100B4000E4D01EE0002B4AD1B8F1000F8BD064B383
:100B500014EA0B0F2BE0A3F580136FEA13596FEA29
:100B600009594FF0FF38D1E7A3F580136FEA135905
:100B70006FEA09594FF0FF38D9E59CB114EA090F23
:100B80000CD0049A40464946FFF74AFB02460B4602
:100B9000DDE90A01DFF7DAFA80468946049B002B7B
:100BA000B4D1C4E515EA080FEAE718EA050FF5D055
:100BB000049A40464946FFF733FB02460B46DDE9FF
:100BC0000A01DFF7C1FA0022002304460D46DFF7D1
:100BD000DBFE00287FF454AFA046A946DEE7002CD8
:100BE000B6D115EA080FE2E724B114EA090F3FF481
:100BF0009EADC6E718EA050FF9E72A42A0E7059976
:100C0000079801F03DFD00224FF0804304460D4659
:100C1000DFF7CEFE00286DD00D9B002B78D1B8F108
:100C2000000F56D1C9F31303002B59D1404B0022BA
:100C300020462946DFF7B2FE002858D12046294633
:100C40003C4B0022DFF738FC04460D4605F100431B
:100C500008940993344B344A0BEA03031493364B3C
:100C60000BEA02029A42DDE9086740F09F80ABF18F
:100C700054794046494601F041FCDDE90823DFF79D
:100C80001BFC42464B46DFF761FA0B4626492B4ACE
:100C900019409142804655D90B9A224B9A4203D172
:100CA0000A9B01333FF43CADDFF878904FF0FF38FA
:100CB0001899504601F0ECF80699504601F0E8F812
:100CC0000599504601F0E4F80799504601F0E0F824
:100CD000D4E5B8F1010F03D1B9F1000F3FF4D0AE64
:100CE000174C134D0023CDE908340024B2E7114D11
:100CF0000024ABE70F4B204629460022DFF7DCFB40
:100D00000D9B04460D46002BA0D0CDE90845A1E778
:100D1000074C0023CDE9083425461C469AE700BF5E
:100D2000FFFF0F00FFFFEF7F0000F07F0000503952
:100D30000000F03F0000E03F0000E07FFFFF9F7CED
:100D40000000F0BF03F15479049B4E46002BAFD155
:100D500029F00043149A1B0D1B059A42A8D1204686
:100D6000294602F02DFBDFF779FB0B4602462946A8
:100D70002046DFF7E9F9C9F313060D9B46EA08069A
:100D80001E4304460D464AD02DA3D3E90023DFF7C6
:100D900005FE00287FF4CBAC2BA3D3E9002320462B
:100DA0002946DFF719FE002882D0C0E4049B13B364
:100DB000149BB3F1D46F1ED825A3D3E9002320469A
:100DC0002946DFF7F5FD90B129462046DFF74CFEB6
:100DD000012838BF0120DFF7F5FA0D9B04460D46C8
:100DE000D3B901F1004312901393DDE91267149A0D
:100DF00007F1D6639F1ADDE90A0101F07FFB024685
:100E00000B4630463946DFF757FBDDE90A23DFF7AB
:100E10009DF98046894697E7CDE91245E5E70EA39F
:100E2000D3E90023DFF7BAFDBDE7652A3FF449ABFC
:100E3000452A3FF446AB0123FFF77DBBAFF30080AB
:100E40009535A094FFFFDF3F35E5AF350000E03F6B
:100E50000000C0FFFFFFDF419535A094FFFFCF3FAB
:100E60000A4601460248034B0068FFF7FDB900BF80
:100E700060030020F40100202DE9F843244D254BA8
:100E80000A4601462868FFF7EFF902460B46064678
:100E90000F46DFF7ABFD68B1002F1F4806DA00F000
:100EA00001FC00F100442046BDE8F883BDE8F843AA
:100EB00000F0F8BB39463046DFF7F6FD20F0004879
:100EC000044616494046E0F713F9B0B913494046C5
:100ED000E0F7F0F888B927F00049114B4FF0FF32E6
:100EE00030464946DFF782FD70B90D4B4FF0FF32B7
:100EF00030464946DFF75CFD30B914F0FF4FD2D1E0
:100F0000084B3B40002BCED02B6822221A60CAE748
:100F100060030020F4010020DF540208FFFF7F7F00
:100F2000FFFFEF7F0000F07F242B2DE9F04786467E
:100F3000904601D8012B06D100F06AFB162303600E
:100F40000020BDE8F08736480D462A4615F8014BCB
:100F5000065D16F00806F8D12D2C24D12C78012638
:100F6000951C2BBB302C30D00A2306F1004C0CF121
:100F7000FF3C0022BCFBF3F9104603FB19CAA4F1A5
:100F80003007092F28D83C46A34234DD571C07D030
:100F900081452DD301D1A2452ADB00FB034001226C
:100FA00015F8014BEBE72B2C04BF2C78951CD8E7E8
:100FB000102BDAD1302CD8D12A7802F0DF02582A4F
:100FC000D3D16C7810230235CFE72B7803F0DF0301
:100FD000582BF6D00823C8E7A4F14107192F01D8F0
:100FE000373CD1E7A4F16107192F04D8573CCBE770
:100FF0004FF0FF32D4E7531C08D12223CEF8003043
:101000006046B8F1000F9CD0691E06E006B1404270
:10101000B8F1000F95D0002AF6D1C8F8001090E77B
:1010200079DC020813460A46014602480068FFF7C9
:101030007BBF00BF60030020002310B50446C0E959
:101040000033C0E90433836081814366C2818361D8
:10105000194608225C3000F0D0F90D4B63620D4B4D
:10106000A3620D4BE3620D4B23630D4B24629C4244
:1010700006D003F16802944202D0D0339C4205D1DD
:1010800004F15800BDE8104000F0ECBA10BD00BFFC
:101090006512020887120208BF120208E312020852
:1010A00024360020024A0349034800F069B800BF13
:1010B000E8010020752E02086403002041680C4BF3
:1010C000994210B5044601D001F0D4FEA168094B45
:1010D000994202D0204601F0CDFEE168064B9942CC
:1010E00004D02046BDE8104001F0C4BE10BD00BFD2
:1010F000243600208C360020F436002010B50B4B2F
:101100000B4C0C4A1A60204600220421FFF794FF82
:1011100004F1680001220921FFF78EFF04F1D000DD
:101120000222BDE810401221FFF786BF5C37002085
:1011300024360020A5100208014800F094BA00BF30
:1011400065370020014800F08FBA00BF65370020E6
:1011500010B50446FFF7F0FF236A1BB1BDE810404D
:10116000FFF7F0BF044B2362044B1B68002BF5D143
:10117000FFF7C4FFF2E700BFBD1002085C37002094
:101180002DE9F8430746884614460026D4E9019520
:10119000B9F1010905D52468002CF7D13046BDE826
:1011A000F883AB89012B07D9B5F90E30013303D091
:1011B00029463846C04706436835E9E70CB430B5E0
:1011C000174B0C1E1D689DB008DA8B232B604FF067
:1011D000FF301DB0BDE8304002B070474FF40273DD
:1011E000ADF8143014BF04F1FF3323460493079382
:1011F0004FF6FF7302900690ADF81630209A21AB9F
:1012000002A92846019301F01FFB431CBCBF8B239E
:101210002B60002CDDD0029B00221A70D9E700BFA2
:10122000600300200EB400B59CB01DAB0290069088
:101230006FF00041094807910491094953F8042BC4
:1012400005910068019302A901F0FEFA029B0022B9
:101250001A701CB05DF804EB03B070476003002007
:101260000802FFFF10B50C46B1F90E1000F088F926
:101270000028ABBF636DA3891B1823F48053ACBF58
:101280006365A38110BD2DE9F0411F468B89DB0505
:1012900005460C46164605D5B1F90E10022300226C
:1012A00000F05CF9A389B4F90E1023F48053A381F4
:1012B00032463B462846BDE8F04100F097B910B5EC
:1012C0000C46B1F90E1000F049F9431CA38915BF73
:1012D000606523F4805343F48053A38118BFA38136
:1012E00010BDB1F90E1000F029B9F0B5ADF5057DCE
:1012F0000E4604AF4FF40071039100933946134634
:1013000003AA054600F020F8044680B10246039B7C
:101310003146284600F06AF9BC42039003D02146CA
:10132000284600F0E1F903980DF5057DF0BD4FF07A
:10133000FF30F9E713460A46014602480068FFF706
:10134000D4BF00BF6003002030B515469BB02C68A9
:101350001A46D9B1002C19D04FF4C1630091049101
:10136000ADF80C30214619DB4FF6FF730291059161
:10137000ADF80E3069461E9B01F066FA00280FDBBF
:10138000009B286000221A7004980AE000214FF4A4
:101390002273ADF80C3000910491E5E78B230360D4
:1013A00000201BB030BD10B501390244904201D17C
:1013B000002005E0037811F8014FA34201D0181B6B
:1013C00010BD0130F2E7884210B501EB020402D9EA
:1013D0008442234607D8431EA14208D011F8012BAE
:1013E00003F8012FF8E7024401468A4200D110BDFC
:1013F00013F8014D02F8014DF7E70244034693420A
:1014000000D1704703F8011BF9E7C9B2034618463B
:1014100013F8012B12B18A42F9D17047002918BF85
:101420000020704770B503461E4613F8014B44B1C7
:101430004A1E01E0A54204D012F8015F002DF9D147
:10144000F2E7301A70BD10B56AB10139841810F88E
:10145000012B11F8013F9A4203D1A04201D0002A8A
:10146000F5D1D01A10BD1046FCE710B5013903467E
:1014700032B111F8014F03F8014B013A002CF7D1BA
:101480001A440021934200D110BD03F8011BF9E773
:1014900038B511F0FF0403460ED12146BDE83840AF
:1014A000FFF7B3BF431C054621461846FFF7ADFFC3
:1014B0000028F7D1284638BD0025F5E770B503466A
:1014C0001E4613F8014B3CB14A1E01E0A542F7D07D
:1014D00012F8015F002DF9D1301A70BD1F2938B5FF
:1014E00005460C4604D9162303604FF0FF3038BD83
:1014F000C26B12B152F821304BB9284600F064F8A3
:10150000224601462846BDE8384000F04BB8012B82
:101510000AD0591C03D1162303600120E7E70021FC
:1015200042F82410204698470020E0E7024B01468D
:101530001868FFF7D3BF00BF6003002038B5064D21
:101540000023044608462B60E5F7B6FC431C02D195
:101550002B6803B1236038BD6037002038B5074DD4
:1015600004460846114600222A601A46E5F7AEFCFA
:10157000431C02D12B6803B1236038BD60370020C3
:1015800038B5074D04460846114600222A601A461F
:10159000E5F79EFC431C02D12B6803B1236038BDE4
:1015A0006037002038B5074D002304460846114631
:1015B0002B60E5F791FC431C02D12B6803B123603B
:1015C00038BD00BF60370020E5F78EBC38B5064D4A
:1015D0000023044608462B60E5F750FC431C02D16B
:1015E0002B6803B1236038BD6037002038B5074D44
:1015F00004460846114600222A601A46FBF7A8FE58
:10160000431C02D12B6803B1236038BD6037002032
:10161000014B1868704700BF6003002070B50D4D86
:101620000D4C641BA4100026A64209D10B4D0C4C96
:1016300001F0FCFE641BA4100026A64205D170BD7B
:1016400055F8043B98470136EEE755F8043B9847B8
:101650000136F2E7FCDF0208FCDF0208FCDF0208CB
:1016600034E00208704770477047034611F8012BB9
:1016700003F8012B002AF9D170470A44914200F186
:10168000FF3300D1704710B511F8014B03F8014F3B
:101690009142F9D110BD000001490020704700BF00
:1016A0000000F87F004870470000C07F1FB5144657
:1016B0001A46094B1B680546D86854B9074B1C46A7
:1016C000CDE9013400912B46054901F0FBFBFEF703
:1016D00039FC044BF4E700BF60030020DF5402082C
:1016E0008CDD02087FDD020838B50546002941D0AF
:1016F00051F8043C0C1F002BB8BFE418FEF7E2FCC5
:101700001D4A136833B9636014602846BDE8384049
:10171000FEF7DEBCA34208D9206821188B4201BF26
:1017200019685B6809182160EDE71A465B680BB120
:10173000A342FAD911685018A0420BD12068014485
:10174000501883421160E0D118685B685360084408
:101750001060DAE702D90C232B60D6E72068211845
:101760008B4204BF19685B68636004BF091821607D
:101770005460CAE738BD00BF203600200369B3EBD0
:10178000611F2DE9F0434FEA611204DC002303617D
:101790000023436130E000F1140411F01F0104EB59
:1017A000830604EB82050CD100F110072946B142F3
:1017B00030D39B1A9B00EA1E964238BF0023234475
:1017C00015E054F82270C1F12008CF4005F1040E55
:1017D000A1467645F44611D89A1A9200043A01358A
:1017E000AE4238BF0022A318A75007B104331A1B1A
:1017F0009210A3420261CBD0BDE8F083DCF800C0B8
:101800000CFA08FC4CEA070749F8047B5EF8047BF5
:10181000CF40DEE751F804CB47F804CFC7E7A0F18B
:101820003003092B02D82038C0B27047A0F1610301
:10183000052B01D84738F7E7A0F14103052B01D864
:101840002738F1E7002070472DE9F04F85B08A4630
:1018500002930B68019090469C1CA14614F8010B62
:101860003028FAD0A9EB0303A3F1020BFFF7D7FF4F
:101870000546002868D1A04901224846FFF7E3FD4C
:101880000746002867D199F801002646FFF7C7FFF1
:10189000002862D0234618783028994603F10103C6
:1018A000F9D0FFF7BCFFB0FA80F56D094FF0010BDE
:1018B0004A46164601323078FFF7B1FF0028F8D1CA
:1018C0008D4901223046FFF7BEFD00283FD144B9C3
:1018D000741C2246164601323078FFF7A0FF00281C
:1018E000F8D1A41BA700337803F0DF03502B3ED1BF
:1018F00073782B2B33D02D2B34D0711C0024087817
:10190000FFF78DFF431EDBB2182B30D8A0F1100279
:1019100011F8010FFFF783FF00F1FF3C5FFA8CFC29
:10192000BCF1180F4FF00A031ED904B152421744FC
:10193000CAF80010EDB1BBF1000F0CBF0625002561
:10194000284605B0BDE8F08F00252C46B0E7002CF6
:10195000C7D12746C7E74E462F460125C3E70024D7
:10196000B11CCCE70124FBE703FB0200CEE73146C4
:10197000DEE7A6EB0903013B2946072B0ADC0198A9
:1019800000F046FA044640B95C4B0246E4215C484C
:10199000FFF78CFE01315B10EFE700F1140A002322
:1019A00055469B46B14537D345F804BBA5EB0A0520
:1019B000AD102561584600F01DFB6D01D8F80060A0
:1019C0002D1AB54254DDAD1B2946204600F0ABFE72
:1019D000814678B16B1E591103F01F025AF821108D
:1019E0004FF0010909FA02F20A4203D04B4536DCF6
:1019F0004FF0020929462046FFF7C0FE2F44D8F8D1
:101A00000830BB4242DA0198214600F041FA0E9AB2
:101A100000231360A32593E716F8012D2E2A12D078
:101A2000202B04D145F804BB4FF0000B5B46307807
:101A30000393FFF7F4FE039B00F00F0098404BEA7E
:101A4000000B0433AEE7B145EAD82B4903930122DA
:101A50003046FFF7F8FC039B0028E1D1A2E7A91E5E
:101A6000204600F060FE0028C2D04FF00309C1E715
:101A700009DA751B214601982A4600F025FC7F1BD8
:101A8000044600F1140A4FF00009B8E7D8F80450F2
:101A9000BD426FDDED1BAE4234DCD8F80C30022BBA
:101AA00022D0032B24D0012B15D1AE4213D1012E0D
:101AB0000BD1029AD8F80430136001232361CAF8CD
:101AC00000300E9B62251C603AE7711E204600F034
:101AD0002AFE0028EDD10198214600F0D9F90E9A8E
:101AE0000023136050252BE70F9B002BF3D1E0E779
:101AF0000F9B002BDDD1EEE77B600208BBDD020807
:101B0000CCDD02086F1EB9F1000F30D127B1394684
:101B1000204600F008FE81467A1101235AF822205F
:101B200007F01F07BB4013422946204618BF49F063
:101B30000209FFF723FED8F80470761B0225B9F1DD
:101B4000000F47D0D8F80C30022B15D0032B17D03C
:101B5000012B09D119F0020F06D0DAF8003049EA5A
:101B6000030919F0010F0ED145F0100532E04FF0D6
:101B70000109D1E70125E2E70F9BC3F101030F93B0
:101B80000F9B002BF0D0D4F810B004F114034FEAEF
:101B90008B0A03EB8B014FF0000C184653F8042B13
:101BA000B2F1FF3F1BD001320260022D04F1140399
:101BB0003CD1D8F80020013AB24209D1711101227A
:101BC00053F8213006F01F0602FA06F61E423AD1FB
:101BD00045F020050E9B1C60029B1F60B0E69942F9
:101BE00043F804CCD9D8A3689B4517DB61680198FA
:101BF000013100F00DF9814618B91A4B02468421D3
:101C0000C5E62269023204F10C0192000C30FFF7A4
:101C100034FD2146019800F03BF94C4623695A1CDB
:101C200004EB8303226101225A61BEE722695A450F
:101C30000BDD01212046FFF7A1FDD8F80830013760
:101C4000BB42FFF6E0AE0125C2E716F01F06FAD050
:101C50005344C6F1200653F8040C00F0CBF9B0420F
:101C6000E7DBF0E7BBDD0208C2F10802920070B5C5
:101C7000C2F120064368046803FA06F52C43D340FA
:101C8000046040F8043F8842F4D370BD30B5036867
:101C9000013311F8014B14B90360012030BD13F872
:101CA000012BA2F14105192D98BF2032A242F0D09C
:101CB0000020F3E72DE9F04F0B6801685E1102EB9D
:101CC000860613F01F0387B018BF04360025371FA0
:101CD00082469046019346F8045CB9463C4602951C
:101CE000AB464A784B1C039342B3104605910492CD
:101CF000FFF795FD002851D1049A0599202A18D89C
:101D0000029B9B4513DD4C4506D2072D04DC2A4679
:101D100049462046FFF7A8FF444552D90023A4F1C5
:101D2000040944F8043CCDF808B04C461D4603991C
:101D3000D7E7292A57D10231CAF80010BBF1000FAA
:101D400051D04C4506D2072D04DC2A464946204690
:101D5000FFF78AFF444536D9A8F10402234653F819
:101D6000041B42F8041F9F42F9D23B1B23F00303DC
:101D700004330134033EB44288BF042343440022A9
:101D800043F8042B9F42FBD23B681BB9474528D13F
:101D900001233B60052007B0BDE8F08F0135082D19
:101DA0000BF1010B06DD4445C1D9002344F8043C86
:101DB0000125043C226800F00F0040EA0210206078
:101DC000B5E70825B3E7019B002BDDD0C3F1200365
:101DD0004FF0FF32DA4056F8043C134046F8043C1A
:101DE000D2E7043FD0E70420D5E782B001B901A9CA
:101DF00042B14BB113780B601278101E18BF01204E
:101E000002B070471046FBE76FF00100F8E70000F2
:101E100070B5C66904460D4676B91020FEF7A0F8E5
:101E20000246E06120B9184B18486B21FFF73EFCD1
:101E3000C0E901660660C660E669F36883B1E369DC
:101E4000DB6853F82500B8B9012101FA05F6721DC7
:101E50009200204601F048F860B1C0E901560EE05A
:101E600021220421204601F03FF8E369F060DB689D
:101E7000002BE4D1002070BD026843F82520002328
:101E8000C0E90333F7E700BF8BDB020849DE020835
:101E900070B5C66905460C4676B91020FEF760F8A5
:101EA0000246E86120B9094B09488F21FFF7FEFB84
:101EB000C0E901660660C6603CB1EB696268DB6838
:101EC00053F82210216043F8224070BD8BDB0208DA
:101ED00049DE02082DE9F0410D6907460C461E4611
:101EE00001F1140C0020DCF8003099B202FB016112
:101EF0001E0C0B0C02FB063389B2013001EB0341CF
:101F000085424CF8041B4FEA1346ECDC0EB3A36881
:101F1000AB4219DC616838460131FFF779FF804632
:101F200028B902460C4B0D48BA21FFF7BFFB2269C6
:101F3000023204F10C0192000C30FFF79EFB2146A7
:101F40003846FFF7A5FF444604EB850301355E6183
:101F500025612046BDE8F081BBDD020849DE0208AC
:101F60002DE9F8430C4615461F460922083306465C
:101F700093FBF2F3002101229A4209DB3046FFF77E
:101F800047FF40B90246194B1948D321FFF78EFB92
:101F900052000131F0E7089B4361092D4FF0010326
:101FA000036116DD04F10909C8462C4418F8013B09
:101FB0000146303B0A223046FFF78CFFA045F5D1A1
:101FC000A5F108044C442D1B6319BB4204DBBDE89A
:101FD000F8830A340925F6E714F8013B0146303B43
:101FE0000A223046FFF776FFEEE700BFBBDD0208AE
:101FF00049DE0208B0F5803F034636BF03040020E7
:102000001020B3F1807F3CBF1B020830B3F1805F2A
:102010003CBF1B010430B3F1804F03D3002B0ADB1C
:10202000013070479B0001D5023070475B0001D53D
:1020300003307047202070470368024613F0070002
:102040000BD0D90721D4980749BF5B089B08012012
:1020500013605CBF13600220704799B209B91B0C72
:102060001020D9B209B908301B0A190704BF1B098F
:102070000430990704BF9B080230D90703D45B08DA
:1020800000F1010003D0136070470020704720204A
:102090007047000010B50C460121FFF7B9FE02465B
:1020A00028B9054B054840F24511FFF7FFFA012317
:1020B0004461036110BD00BFBBDD020849DE0208B8
:1020C0002DE9F04F14460A6923699A42A8BF2346B6
:1020D0000F46A4BF0C461F46D4F810A0D7F81090A6
:1020E000A36861680AEB0906B34285B0B8BF013145
:1020F000FFF78EFE30B90246444B45484FF4B171AC
:10210000FFF7D4FA00F1140505EB86082B460022F0
:10211000434521D307F1140104F1140202EB8A02B2
:1021200001EB89030293131B153B23F003030433D4
:1021300004F11507BA4238BF04230193029B0391AF
:102140008B420CD8002E03DD58F8043D002B5AD0EA
:10215000066105B0BDE8F08F43F8042BD8E7B1F86D
:1021600000A0BAF1000F23D004F1140EA9464FF0DD
:10217000000C5EF8047BD9F800301FFA87FB9BB295
:102180000AFB0B336344D9F800C03F0C4FEA1C4CE8
:102190000AFB07C707EB13479BB243EA07437245A5
:1021A00049F8043B4FEA174CE3D8019B45F803C0BC
:1021B000039BB3F802900431B9F1000F21D02B68D2
:1021C00004F1140CAE464FF0000ABCF800B0BEF8A3
:1021D000027009FB0B7757449BB243EA07434EF862
:1021E000043B5CF8043B4FEA134ABEF8003009FB9D
:1021F0000A3303EB174362454FEA134AE5D8019FC0
:10220000EB5104359AE7013E9CE700BFBBDD0208B5
:1022100049DE02082DE9F843154612F0030207468D
:102220000E4607D0254C013A002354F82220FFF730
:1022300051FE0646AD103DD0FC697CB91020FDF77B
:102240008FFE0246F86128B91D4B1E4840F2B311BB
:10225000FFF72CFAC0E901440460C460D7F81C8081
:10226000D8F808404CB940F271213846FFF712FF08
:102270000023C8F80800044603604FF00009EB078C
:102280000AD5314622463846FFF71AFF31468046C6
:102290003846FFF7FDFD46466D100BD0206838B973
:1022A000224621463846FFF70BFF2060C0F8009019
:1022B0000446E4E73046BDE8F88300BFC0DE02080C
:1022C0008BDB020849DE02082DE9F0470C4649681D
:1022D000236903EB6218A368074691464FEA621A26
:1022E00008F10106B3420BDB3846FFF791FD0546C6
:1022F00048B90246284B29484FF4EF71FFF7D6F949
:1023000001315B00EEE7002300F1140100F110023F
:102310001846534533DB20692AEAEA7A04F11403AC
:1023200019F01F0901EB8A0103EB800C2BD0C9F1D6
:10233000200E8A460022186800FA09F010434AF875
:10234000040B53F8042B9C4522FA0EF2F3D8ACEBA5
:102350000403153B23F00303043304F11500844503
:1023600038BF0423CA500AB108F10206013E3846BC
:102370002E612146FFF78CFD2846BDE8F08742F824
:10238000040F0133C5E7043953F8042B41F8042F37
:102390009C45F9D8EAE700BFBBDD020849DE020828
:1023A0000A6903460069801A30B50ED1143314311E
:1023B00003EB820401EB820154F8045D51F8042D13
:1023C000954203D005D24FF0FF3030BDA342F3D386
:1023D000FBE70120F9E700002DE9F74F89460646A3
:1023E000114648461446FFF7DBFF051E12D1294669
:1023F0003046FFF70DFD024628B93E4B40F237212B
:102400003D48FFF753F90123C0E90435104603B0F6
:10241000BDE8F08FBCBF4B46A1463046D9F804104A
:10242000BABF1C4601250025FFF7F2FC024618B989
:10243000304B40F24521E3E7D9F810702669C560BA
:1024400009F1100309F1140504F1140E00F1140B45
:1024500005EB87080EEB86060193D9464FF0000C7A
:10246000019B5EF8040B53F804AF019381B21FFA8D
:102470008AF35B1A000C6344C0EB1A4000EB234064
:102480009BB243EA0043764549F8043B4FEA204CAF
:10249000E6D8331B153B23F0030315340433A6425F
:1024A00038BF04231D445B441E462C4644450ED3CE
:1024B00008F10301491B21F00301033DA84538BF82
:1024C00000210B4453F8041D91B117619EE754F8A5
:1024D000041BE646080C1CFA81FC714400EB2C40FE
:1024E00089B241EA004146F8041B4FEA204CDDE77F
:1024F000013FE7E7BBDD020849DE02080E4B0B4057
:10250000A3F15073002B08DC5B42B3F1A07F4FEACC
:10251000235204DA4FF400231341002208E0A2F111
:1025200014031E2BDABF4FF00042DA4001220023D1
:1025300019461046704700BF0000F07F0269F8B5E9
:1025400000F1140606EB8202204F52F8044C20469C
:10255000FFF750FD03460A2BC0F12000A2F104054D
:10256000086013DCAE4238BF52F8082CC3F10B0CE4
:1025700028BF0022153324FA0CFE04FA03F322FAD2
:102580000CF24EEA07011A431046F8BDAE4236BFC0
:10259000A2F10805002252F8082C0B3B12D0C3F11F
:1025A000200722FA07F19C400C43B54244F07F51CA
:1025B0008CBF55F8044C00249A40FC4041F4401173
:1025C0002243E1E744EA0701DEE700BF0000F03FF5
:1025D0002DE973430121089E90469946FFF718FCA8
:1025E000044630B90246244B244840F20F31FFF72D
:1025F0005DF8C9F30A55C9F313030DB143F4801311
:102600000193B8F1000324D068460093FFF714FD4E
:10261000DDE90012D8B1C0F1200302FA03F30B4345
:10262000C24063610192019BA361002B0CBF012298
:1026300002222261ADB1A5F2334505443560C0F1F7
:102640003500099B1860204602B0BDE870836161C7
:10265000E9E701A8FFF7F0FC019B6361203001224C
:10266000E7E704EB8203A0F2324030601869FFF71D
:10267000C1FCC0EB4210E4E7BBDD020849DE020802
:102680002DE9F04F85B0CDE9001002A9FFF756FF04
:102690008B4606460F46009803A9FFF74FFF019BA4
:1026A00089460D461969009B1B69C91ADDE902328A
:1026B0009B1A03EB4113002BCDBF3A46C3EB033308
:1026C0002A4602EB035BD8BF02EB035904462246BD
:1026D0004B4630465946DEF719F805B0BDE8F08F95
:1026E000013970B549111469013102F1140300EB8D
:1026F000810103EB8404051FA3420CD3A31A113BF1
:1027000023F003031132A24288BF002318440023A0
:10271000884205D370BD53F8046B45F8046FEBE7AE
:1027200040F8043BF4E700F1140200694B119842B1
:1027300010B511DB0ADD11F01F0107D052F823405C
:1027400024FA01F000FA01F18C420BD102EB830371
:10275000934203D8002010BD0346F7E753F8041D49
:102760000029F5D00120F6E751F8043C181F002B92
:10277000BCBF0B58C01870470346084641B1FF2A3A
:1027800004D98A221A604FF0FF3070470A70012086
:1027900070472DE9F0478E681F46BE420B6882469F
:1027A0000C4690462DD8B1F90C2012F4906F26D02B
:1027B0006569096905EB4505A3EB010905EBD575CD
:1027C0007B1C4B446D109D4238BF1D46530527D5D9
:1027D0002946FDF7F7FB064660B321694A46FEF736
:1027E0004CFFA38923F4906343F08003A381266107
:1027F00065614E44A5EB09052660A5603E46BE42D4
:1028000000D93E46206832464146FEF7DCFDA3680B
:102810009B1BA3602368334423600020BDE8F0873E
:102820002A46FDF7CFFC06460028E0D12169504634
:10283000FEF75AFF0C23CAF80030A38943F0400387
:10284000A3814FF0FF30E9E72DE9F04F98468B89DF
:102850001B069DB007460D46144610D50B6973B98B
:102860004021FDF7AFFB2860286130B90C233B60A5
:102870004FF0FF301DB0BDE8F08F40236B610023A7
:10288000099320238DF82930CDF80C803023DFF810
:102890009C818DF82A304FF0010923469A4613F89F
:1028A000012B0AB1252AF9D1BAEB040B0BD05B46F8
:1028B000224629463846FFF76CFF013000F0A7801A
:1028C000099A5A4409929AF80030002B00F09F8030
:1028D00000234FF0FF32CDE905230AF1010A0493EA
:1028E00007938DF853301A935446052214F8011BB0
:1028F0004E48DEF785FC049AD8B9D00644BF2023A1
:102900008DF85330110744BF2B238DF853309AF8BC
:1029100000302A2B15D0079A544600204FF00A0C9D
:10292000214611F8013B303B092B4BD9B0B107923E
:1029300014E0A0EB080309FA03F313430493A2463F
:10294000D2E7039B191D1B680391002BBBBF5B42A1
:1029500042F0020207930793B8BF049223782E2B0C
:102960000AD163782A2B32D1039B1A1D1B6803926C
:1029700043EAE37302340593DFF8B4A0217803221D
:102980005046DEF73DFC38B1049BA0EB0A00402224
:10299000824013430134049314F8011B25488DF839
:1029A00028100622DEF72CFC002836D0224B1BBB59
:1029B000039B073323F0070308330393099B334436
:1029C00009936AE70CFB02320C460120A8E70023BA
:1029D0000134059319464FF00A0C204610F8012BDC
:1029E000303A092A03D9002BC6D00591C4E70CFB65
:1029F000012104460123F0E703AB00932A460F4B65
:102A000004A93846AFF30080421C0646D6D1AB89F4
:102A10005B063FF52DAF09982CE703AB00932A46E0
:102A2000064B04A9384600F079F8EDE7C0DF02084C
:102A3000C6DF0208CADF0208000000009327020870
:102A40002DE9F047164698468A680B69DDF8209014
:102A50009342B8BF1346336091F8432007460C46B3
:102A60000AB1013333602368990642BF33680233E9
:102A70003360256815F0060506D104F1190AE368EC
:102A800032689B1AAB4226DC94F843302268003B44
:102A900018BF012392062BD404F143024146384665
:102AA000C84701301ED02368226903F00603042BB7
:102AB00002BFE5683368ED1AA3680CBF25EAE57527
:102AC00000259342C4BF9B1AED1800261A34B54264
:102AD0001AD1002008E00123524641463846C84733
:102AE000013003D14FF0FF30BDE8F0870135C6E774
:102AF000E1185A1C302081F84300224494F8451014
:102B000082F843100233C7E7012322464146384684
:102B1000C8470130E6D00136D9E700002DE9FF476C
:102B20000F7E0C9E782F914680460C469A4601F106
:102B3000430207D8622F0AD8002F00F0DD80582FFB
:102B400000F0C38004F1420684F842703AE0A7F135
:102B50006303152BF6D801A151F823F0B52B020819
:102B6000C92B0208452B0208452B0208452B0208F9
:102B7000452B0208C92B0208452B0208452B0208E9
:102B8000452B0208452B0208DF2C0208572C0208AF
:102B9000972C0208452B0208452B0208012D02083C
:102BA000452B0208572C0208452B0208452B02082A
:102BB0009F2C020833681A1D1B68326004F142061C
:102BC00084F842300123A8E031682368081D306092
:102BD0001E0601D50D6803E05D06FBD5B1F9005076
:102BE0006168002D78DA2D20002984F84300A16067
:102BF0002DDA5E486D420A231646B5FBF3F103FB5E
:102C00001157C75D06F8017D2F46BB420D46F4D92A
:102C1000082B0BD12368DF0708D523696168994227
:102C2000DEBF302306F8013C06F1FF36921B22611D
:102C3000CDF800A04B4603AA21464046FFF700FF0F
:102C400001306FD14FF0FF3004B0BDE8F08723F0C2
:102C500004032360CDE721683368080653F8045B5A
:102C600002D4490648BFADB26F2F4048336014BF4D
:102C70000A230823002184F843106668A660002E0A
:102C8000BADB216821F004012160002DB4D1002EAF
:102C9000B2D11646BCE7236843F0200323603448D2
:102CA000782784F84570236831681F0651F8045B63
:102CB00002D45F0648BFADB23160D90744BF43F0CC
:102CC000200323601DB11023D4E72848E9E72368D7
:102CD00023F020032360F6E724480A23CDE7336876
:102CE00025686169181D30602E061B6801D51960C2
:102CF00002E06806FBD5198000232361164697E79A
:102D000033681A1D32601E68626800213046DEF7A3
:102D100077FA08B1801B606063682361002384F840
:102D2000433085E72369324649464046D047013063
:102D300088D023689B0714D4E068039B9842B8BFEF
:102D4000184681E70123324649464046D0470130C4
:102D50003FF478AF0135E36803995B1AAB42F1DCCD
:102D6000EAE7002504F11906F5E700BFD1DF020804
:102D7000E2DF0208B1F90C20F8B5170705460C464A
:102D800056D44B68002B02DC0B6C002B3DDDE66A51
:102D9000002E3AD0002312F480522F68216A2B6053
:102DA00025D0626DA389580705D56368D21A636B75
:102DB0000BB1236CD21A216AE66A00232846B04779
:102DC000411C24D00023636023692360A389DA04B3
:102DD00000D56065616B2F60B9B104F1440399427D
:102DE00002D02846FEF780FC002363630DE0012338
:102DF0002846B047461C0246D4D12B68002BD1D0C0
:102E00001D2B01D0162B2AD12F6000202EE02A681E
:102E1000B4F90C3042B11D2A01D0162A21D1002369
:102E2000636023692360D5E7626022692260CEE790
:102E30000F69002FE9D093070E6808BF4B690F6038
:102E400018BF0023F61B8B60002EDEDD216AD4F84C
:102E500028C033463A462846E047002807DCB4F944
:102E60000C3043F04003A3814FF0FF30F8BD07441E
:102E7000361AE9E738B50B6905460C4613B9002543
:102E8000284638BD18B1036A0BB9FEF761F9B4F9E9
:102E90000C30002BF3D0626ED00704D4990502D415
:102EA000A06DFEF7E0FB28462146FFF763FF636E47
:102EB000DA070546E4D4A3899B05E1D4A06DFEF7AB
:102EC000D3FBDDE70EB403B5014603AB054853F869
:102ED000042B0068019300F043F802B05DF804EBA6
:102EE00003B070476003002070B5A1FB02543CB9E9
:102EF0002946FDF767F8064628B90026304670BD1A
:102F00000C220260F9E72A462146FEF776FAF5E739
:102F10009368013B002B10B4936007DA9469A342D5
:102F200001DB0A2902D110BC00F032B91368581C29
:102F300010601970084610BC7047F8B506460F4679
:102F40001446D518AC4201D1002007E014F8011B4B
:102F50003A463046FFF7DCFF431CF3D1F8BD0000D2
:102F60002DE9F04F0D469DB014469846064618B11F
:102F7000036A0BB9FEF7ECF86B6ED90705D4AB8981
:102F80009A0502D4A86DFEF76EFBAB891B0701D52D
:102F90002B699BB92946304600F038F970B16B6E49
:102FA000DC0704D54FF0FF301DB0BDE8F08FAB89D2
:102FB0009805F7D4A86DFEF757FBF3E700230993B4
:102FC00020238DF82930CDF80C803023DFF8AC8138
:102FD0008DF82A304FF0010923469A4613F8012B49
:102FE0000AB1252AF9D1BAEB040B0BD05B46224675
:102FF00029463046FFF7A1FF013000F0A780099A6B
:103000005A4409929AF80030002B00F09F80002368
:103010004FF0FF32CDE905230AF1010A049307932B
:103020008DF853301A935446052214F8011B534867
:10303000DEF7E6F8049AD8B9D10644BF20238DF80C
:103040005330130744BF2B238DF853309AF80030C8
:103050002A2B15D0079A544600204FF00A0C21461F
:1030600011F8013B303B092B4BD9B0B1079214E06A
:10307000A0EB080309FA03F313430493A246D2E733
:10308000039B191D1B680391002BBBBF5B4242F0E1
:10309000020207930793B8BF049223782E2B0AD11C
:1030A00063782A2B32D1039B1A1D1B68039243EAD3
:1030B000E37302340593DFF8C8A021780322504659
:1030C000DEF79EF838B1049BA0EB0A004022824054
:1030D00013430134049314F8011B2A488DF8281077
:1030E0000622DEF78DF800283FD0274B1BBB039B41
:1030F000073323F0070308330393099B3B440993E9
:103100006AE70CFB02320C460120A8E700230134D9
:10311000059319464FF00A0C204610F8012B303A5F
:10312000092A03D9002BC6D00591C4E70CFB012165
:1031300004460123F0E703AB00932A46134B04A98E
:103140003046AFF300800746781CD6D16B6ED907A6
:1031500005D4AB899A0502D4A86DFEF785FAAB8930
:103160005B063FF51FAF09981EE703AB00932A46A5
:10317000064B04A93046FFF7D1FCE4E7C0DF0208A4
:10318000C6DF0208CADF0208000000003B2F020869
:10319000F8B50E461446054618B1036A0BB9FDF79B
:1031A000D7FFA369A360A3891A0701D5236943B98F
:1031B0002146284600F02AF818B14FF0FF3738466C
:1031C000F8BD23682269981A6369F6B283423746CC
:1031D00005DC21462846FFF74DFE0028EDD1A36807
:1031E000013BA36023685A1C22601E706269431C65
:1031F0009A4204D0A389DB07E1D50A2EDFD121460C
:103200002846FFF737FE0028D9D0D6E738B5294B36
:10321000054618680C4618B1036A0BB9FDF798FF0C
:10322000B4F90C30190722D4DA0607D409222A602F
:1032300043F04003A3814FF0FF3033E0580712D52D
:10324000616B41B104F14403994202D02846FEF774
:103250004BFA00236363A38923F02403A381002393
:10326000636023692360A38943F00803A381236972
:103270004BB9A38903F42073B3F5007F03D0214633
:10328000284600F03FF8B4F90C3013F001020AD0E0
:103290000022A26062695242A261226942B913F01F
:1032A0008000C5D138BD990758BF6269A260F4E7B4
:1032B0000020F7E76003002070B50C46B1F90E104E
:1032C000002996B015461E460DDAA38913F0800F2B
:1032D0004FF0000114BF40234FF4806300203160A1
:1032E0002B6016B070BD6A4600F048F80028ECDB91
:1032F000019901F47041A1F50053594259414FF42D
:103300008063EBE78B89F7B59D0706460C4607D52A
:1033100004F14703236023610123636103B0F0BD1F
:1033200001AB6A46FFF7C8FF009F054639463046A5
:10333000FCF748FE48B9B4F90C309A05EED423F0F6
:10334000030343F00203A381E2E7A389206043F073
:103350008003A381019BC4E904075BB1B4F90E109B
:10336000304600F01DF828B1A38923F0030343F091
:103370000103A381A3891D43A581CFE738B5074D7C
:1033800000230446084611462B60E3F798FD431CD2
:1033900002D12B6803B1236038BD00BF6037002025
:1033A00038B5064D0023044608462B60E3F78CFD34
:1033B000431C02D12B6803B1236038BD6037002065
:1033C00038B50022002304460D46DDF7E7FA28B998
:1033D00020462946BDE8384000F00AB8204605F1ED
:1033E000004100F005F8404261EB410138BD00BFEB
:1033F000D0B50C4B002206460F46DDF75DF8DDF731
:1034000033FB0446DCF7DEFF074B0022DDF754F800
:1034100002460B4630463946DCF796FEDDF724FBC4
:103420002146D0BD0000F03D0000F041F8B500BFDE
:10343000F8BC08BC9E467047F8B500BFF8BC08BC95
:043440009E467047ED
:10344800000000000100000002000000020000006F
:1034580000000000010000000000FFFF00008000E5
:103468000000000008000800000000000000000044
:10347800E8030000FFFFFFFFFFFFFFFFFFFFFFFF65
:10348800FFFFFFFFFFFFFFFF0000D9430000FA42E4
:103498000907120A080000000000D9439A999940C8
:1034A8000000A0400000FA420A0010000000D943C2
:1034B8009A9999400A000000FFFFFFFF00000000F2
:1034C800800100008001000012AD101B0000000008
:1034D80001010000010001000000010001000000DE
:1034E8005000B00018017801B0021803C805300672
:1034F800300C980C000000003500420055006B00AD
:103508008400AB00D70008015601AE011002AC02DE
:103518005C0320045805B5063C08AC0A640D6B1022
:103528000400000000300140120500000401000002
:1035380000000158020D000009000000003800409A
:10354800120300000F0000000030014012050000C7
:1035580012000000003001401205000019000000B0
:1035680000380040120500001C0000000038004030
:1035780012050000FFFFFFFF000000000000000030
:1035880001000000003001401205000005000000A5
:10359800003001401205000005010000000001583C
:1035A800020D00000800000000380040120500006D
:1035B8000900000000380040120500001300000058
:1035C80000300140120500001A00000000380040D9
:1035D800120500001D000000003800401205000020
:1035E800FFFFFFFF000000000000000005000000D2
:1035F80000380040120300000600000000300140BF
:10360800120500000601000000000158020D00002C
:103618000B000000003001401205000014000000FB
:1036280000300140120500001E0000000038004074
:1036380012050000220000000038004012050000BA
:10364800FFFFFFFF0000000000000000070000006F
:103658000030014012050000070100000000015879
:10366800020D00000A0000000038004012050000AA
:103678000C00000000300140120500001500000099
:1036880000300140120500001F0000000038004013
:10369800120500002100000000380040120300005D
:1036A800230000000038004012050000FFFFFFFF64
:1036B800000000000000000000000000004400407E
:1036C80012070000060000000080004012080000F9
:1036D8000B00000000380140120700001400000031
:1036E80000380140120700001D0000000080004063
:1036F80012080000FFFFFFFF0000000000000000AC
:1037080001000000008000401208000001010000D4
:1037180000440040120700000C000000003801407F
:10372800120700001100000000800040120800008D
:103738001300000000380140120700001C000000C0
:103748000080004012080000FFFFFFFF000000009B
:103758000000000003000000008000401208000084
:103768000301000000440040120700000A000000A6
:10377800003801401207000017000000003801401F
:10378800120700001A000000008000401208000024
:10379800200000000080004012080000FFFFFFFF2B
:1037A800000000000000000002000000008000404F
:1037B8001208000002010000004400401207000047
:1037C8000900000000380140120700001600000040
:1037D80000380140120700001B0000000080004074
:1037E80012080000210000000080004012080000BC
:1037F800FFFFFFFF000000000000000000000000C5
:10380800000000401281000001000000000000409C
:1038180012010100020000000000004012810100B6
:103828000300000000000040120102000500000033
:103838000000004012810000060000000044014022
:10384800128E000007000000002C014012811000B9
:103858000701000000480140128E00000800000027
:10386800002C01401281000009000000002C0140DA
:10387800120101000A000000002C01401281010021
:103888000B000000002C0140120102000F00000094
:1038980000000040128100001300000000000040FA
:1038A800120101001600000000440140128E1000B1
:1038B8001700000000480140128E10001800000098
:1038C800002C0140120111001801000000440140C1
:1038D800128E000019000000002C01401281110016
:1038E8001901000000480140128E00001A00000073
:1038F80000000040128101001B0000000000004091
:10390800120102001D000000002C0140128110006D
:103918001E000000002C0140120111001F000000D1
:10392800002C014012811100FFFFFFFF0000000082
:10393800000000000A00000000740040038000003E
:10394800FFFFFFFF00000000000000000A00000069
:1039580000240140030003000B0000000024014084
:10396800038003000C000000002401400300040051
:103978000D00000000240140038004000E00000038
:1039880000240140030005000F000000002401404E
:10399800038005001100000000240140038002009C
:1039A8001200000000240140030002001300000080
:1039B800002401400300010014000000002401401D
:1039C800038001001D0000000024014003000000E6
:1039D8001E0000000024014003800000FFFFFFFFDD
:1039E80000000000000000000A0000000B000000BA
:1039F8000C0000000D0000000E0000000F00000089
:103A08001100000012000000130000001400000064
:103A18001D0000001E000000000000000100000062
:103A28000200000003000000040000000500000080
:103A38000600000007000000080000000900000060
:103A48000A0000000B0000000C0000000D00000040
:103A58000E0000000F000000100000001100000020
:103A68001200000013000000140000001500000000
:103A780016000000170000001800000019000000E0
:103A88001A0000001B0000001C0000001D000000C0
:103A98001E0000001F0000002000000021000000A0
:103AA8002200000023000000240000002500000080
:103AB800260000002D0000002E0000002F0000004E
:103AC80033000000010002000400060008000A009C
:103AD8000C001000200040008000000102010403D7
:103AE800020408100400400000040000001000B0A8
:103AF800002000B4004000B80100000002000004EB
:103B0800040000080800000C100000102000001439
:103B1800400000188000001C000100200002002462
:103B2800000400280008002C001000300020003499
:103B3800004000380080003C0000014000000244C2
:103B4800010000000200000004000000080000005E
:103B5800100000002000000040000000800000006D
:103B6800000100000002000000040000000800003E
:103B7800001000000020000000400000008000004D
:103B8800010000000200000004000000080000001E
:103B9800100000002000000040000000800000002D
:103BA80000010000000200000004000000080000FE
:103BB800001000000020000000400000008000000D
:103BC800A0860100400D0300801A060000350C0095
:103BD80040420F0080841E0000093D0000127A0058
:103BE8000024F40000366E010048E801006CDC0295
:103BF80000000000000000000000000000000000BD
:103C080000000000000000000000000000000000AC
:103C18000100000002000000030000000400000092
:103C28000100000003000000050000000100000082
:103C380001000000060000000A000000200000004B
:103C4800020000000400000008000000100000004E
:103C58004000000080000000000100000002000099
:103C6800010002000400060008000A000C00100011
:103C7800200040008000000176312E31362E302D94
:103C8800303761336361390030362D4A756E2D3215
:103C9800303236007265706561746572007B22721D
:103CA800656376223A25752C2273656E74223A254F
:103CB800752C22666C6F6F645F7478223A25752CB8
:103CC800226469726563745F7478223A25752C22C0
:103CD800666C6F6F645F7278223A25752C2264696E
:103CE800726563745F7278223A25752C2272656357
:103CF800765F6572726F7273223A25757D00253082
:103D080032643A253032643A25303264202D202539
:103D1800642F25642F25642055005F6D61696E004E
:103D28002F7061636B65745F6C6F67007B226261E3
:103D380074746572795F6D76223A25752C227570D8
:103D480074696D655F73656373223A25752C226506
:103D580072726F7273223A25752C227175657565BA
:103D68005F6C656E223A25757D0025733A25643AA5
:103D78002564002D6E6F6E652D007B226E6F697352
:103D8800655F666C6F6F72223A25642C226C6173D2
:103D9800745F72737369223A25642C226C617374A0
:103DA8005F736E72223A252E32662C2274785F6118
:103DB80069725F73656373223A25752C2272785F86
:103DC8006169725F73656373223A25757D00257397
:103DD8000A25730A25730044003A2052582C206C97
:103DE800656E3D25642028747970653D25642C2016
:103DF800726F7574653D25732C207061796C6F61E5
:103E0800645F6C656E3D25642920534E523D2564E0
:103E180020525353493D25642073636F72653D25D5
:103E28006400205B25303258202D3E202530325842
:103E38005D0A003A2054582C206C656E3D2564209C
:103E480028747970653D25642C20726F7574653D02
:103E580025732C207061796C6F61645F6C656E3DB1
:103E6800256429003A205458204641494C212C20E9
:103E78006C656E3D25642028747970653D25642C39
:103E880020726F7574653D25732C207061796C6F95
:103E980061645F6C656E3D2564290A0057494F2DA2
:103EA8004535205265706561746572004C565349FA
:103EB80054414E4F53004F4B202D206C6F61646569
:103EC8006420256420726567696F6E73007365747A
:103ED8007065726D2000457272202D206261642029
:103EE800706172616D73004F4B00457272202D2016
:103EF800696E76616C696420706172616D730045EA
:103F08007272202D20626164207075626B65790081
:103F18006765742061636C0041434C3A0025303278
:103F2800582000646973636F7665722E6E656967E1
:103F380068626F727300457272202D206469736322
:103F48006F7665722E6E65696768626F7273206836
:103F58006173206E6F206F7074696F6E73004F4BC2
:103F6800202D20446973636F7665722073656E74C3
:103F7800000000000000000000000000A1AC0008E4
:103F8800696F0008F9880008A9890008218A0008D3
:103F9800E1700008056F00083171000843A70008A8
:103FA8007F9D00080B6F0008116F0008ED6E000878
:103FB80029730008758A0008D77700083378000845
:103FC8001D6F00086B6F0008D16F0008D1920008C0
:103FD800F56E000889710008C77F0008F18E000897
:103FE800F76E00082D800008F96E00080FA700087A
:103FF800FB6E0008FD6E0008256F0008356F00088D
:10400800456F0008ED720008017000087D72000815
:104018002B900008557000087D700008556F000847
:10402800D572000851960008697200082D7D0008B5
:104038000772000875780008AD7E0008A5700008B2
:10404800CB71000891720008FF720008616F0008C8
:10405800A9720008A16F000838FFFFFF00000000E8
:10406800F97200082D6F00083D6F00084D6F0008B9
:104078008972000869900008757000089D70000832
:104088005B6F0008E57200089D96000875720008CD
:104098002D7E000861720008BD780008197F0008AD
:1040A800D9700008656F0008CD720008C96F000854
:1040B8004B700008FF7100089F7200082173000808
:1040C800FF6E0008016F0008036F000852657065F5
:1040D800617465722049443A200020202D3E20005A
:1040E8000000000000000000C19600080000000069
:1040F80000000000A5960008000000000000000075
:10410800F3960008C59600084E6F742061766169C1
:104118006C61626C650053656565642057696F2042
:1041280045352044657620426F61726400455252DD
:104138004F523A20726164696F20696E6974206613
:1041480061696C65643A200000000000000000000E
:10415800D79A00080000000000000000D59A000867
:104168001F9B0008E10A0108B11E0108F71E01089B
:10417800011F01081501010885320108B907010866
:1041880055320108A3060108F7110108690C010856
:10419800C9040108B704010899000108AD270108FE
:1041A8002D270108452B0108012E0108172E0108AB
:1041B80093FA000835FE00089B2B01089126010898
:1041C8007928010849290108090D0108190C010875
:1041D800790701085501010855030108E90201089A
:1041E8001705010803050108010301083101010849
:1041F800FD060108C5060108F1000108B10801081B
:10420800410501080B0301087706010881FA000837
:1042180089FA000881FA000889FA000881FA00087A
:1042280089FA00085DFE00088D040108690E01087E
:1042380009060108130301081DFC0008C9FB000852
:10424800A12401086D2501088DFB000855FC000814
:10425800A5FC0008E5FB00086DFC000893FF0008BA
:10426800BDFD0008C9FF0008FDFD000800000000B2
:104278000000000029E70008A1E7000809E8000895
:10428800839B0008B9E90008CDE800081DE800088C
:1042980069E80008359A00087DE700083DE800084D
:1042A8008DE700086B9B00089B7E0008A37E000832
:1042B800759A00080F9C00082D9A00084B7E00088C
:1042C8002F9B00088D9A00083B9A00083D9A000829
:1042D8000000000000000000959A0008559B0008A7
:1042E800379B00080000000000000000AD9A00089D
:1042F800B19A0008B59A0008B79A0008BB9A000856
:10430800BF9A0008C39A0008C79A00080000000076
:1043180000000000139B0008E5990008ED990008CB
:10432800F1990008CD9A0008F5990008F799000856
:104338004D9A0008039B0008F9990008FB990008AA
:10434800019A0008039A0008079A0008479A00088B
:10435800099A0008719A00080D9A0008119A000835
:10436800159A0008199A0008219A0008259A000849
:10437800419A000801000000000000000000000051
:104388000000000000000000000000000200000023
:104398000100000000000000000000000000000014
:1043A8000000000004000000000000000100000000
:1043B80000000000000000000000000000000000F5
:1043C80000000000000000000000000000000000E5
:1043D800000000000400000005000000FFFFFFFFD0
:1043E800FFFFFFFFFFFFFFFF0000000000000000CD
:1043F800000000005D9D00085F9D0008619D0008A9
:10440800639D0008659D0008759D0008859D00084E
:104418007B9D00087F9D00086D9D0008719D000828
:10442800ED6E00087065E18FD9FABB70C1ED90DCC4
:10443800A19907DE698C88B709EA146EAFD93D9B4C
:10444800830C7B60C4681193C79BBC39945BA80636
:104458004104BB618F8FD7A84A0AF6F57033D6E8B6
:10446800DDCD6471001EC77175B0918ED206F9AEAC
:1044780004EC136D6D5D4315BB26305427F645B427
:1044880092E9350C10000000000000000000000058
:10449800A1AC00085D9D00085F9D0008619D0008B3
:1044A800639D0008659D0008759D0008859D0008AE
:1044B80043A700087F9D00086D9D0008719D0008B6
:1044C800ED6E0008EDA60008FFA6000813A7000877
:1044D80003A7000807A700080BA70008F1A6000813
:1044E800F3A60008F56E0008F5A60008F9A600086E
:1044F800FBA60008F76E0008FDA60008F96E000884
:104508000FA70008FB6E0008FD6E0008303132333B
:10451800343536373839414243444546002F735FB6
:10452800636F6E7461637473004F4B202D20726546
:1045380070656174206973206E6F77204F4646005E
:104548004F4B202D20726570656174206973206E51
:104558006F77204F4E00647574796379636C6520BA
:10456800004552524F523A20647574796379636CEE
:1045780065206D75737420626520312D31303000EF
:104588004F4B202D2025642E2564252500616620AB
:1045980000696E742E7468726573682000616763C1
:1045A8002E72657365742E696E74657276616C20FF
:1045B800004F4B202D20696E74657276616C2072F5
:1045C8006F756E64656420746F202564006D756C6A
:1045D80074692E61636B732000616C6C6F772E7247
:1045E8006561642E6F6E6C792000666C6F6F642E47
:1045F8006164766572742E696E74657276616C207A
:10460800004572726F723A20696E74657276616CD9
:104618002072616E676520697320332D313638202A
:10462800686F757273004572726F723A20696E74A2
:10463800657276616C2072616E67652069732025EA
:10464800642D323430206D696E757465730067753A
:104658006573742E70617373776F72642000707263
:10466800762E6B657920004F4B2C207265626F6F38
:104678007420746F206170706C7921204E657720EA
:104688007075626B65793A20004572726F722C20E2
:10469800626164206B6579006E616D6520007265EA
:1046A8007065617420004F4B202D207265626F6F1A
:1046B8007420746F206170706C79004572726F722B
:1046C8002C20696E76616C696420726164696F2060
:1046D800706172616D73006C617420006C6F6E2084
:1046E80000727864656C617920004572726F722C73
:1046F800206D75737420626520302D32300045724C
:10470800726F722C206D75737420626520302D32A3
:1047180000666C6F6F642E6D61782E756E73636FB3
:1047280070656420004572726F722C206D6178206C
:10473800363400666C6F6F642E6D61782E61647616
:104748006572742000666C6F6F642E6D617820004E
:104758006469726563742E747864656C617920008D
:104768006F776E65722E696E666F2000706174686F
:104778002E686173682E6D6F646520004572726FD4
:10478800722C206D75737420626520302C312C20BA
:104798006F722032006C6F6F702E6465746563747D
:1047A80020004572726F722C206D757374206265DB
:1047B8003A206F66662C206D696E696D616C2C20DD
:1047C8006D6F6465726174652C206F7220737472EA
:1047D80069637400747820006672657120006164F2
:1047E800632E6D756C7469706C69657220004F4B2F
:1047F800202D207573696E672064656661756C7419
:1048080020626F617264206D756C7469706C696583
:1048180072004F4B202D206D756C7469706C696542
:10482800722073657420746F20252E3366004572DC
:10483800726F723A20756E737570706F72746564FA
:10484800206279207468697320626F6172640075F0
:104858006E6B6E6F776E20636F6E6669673A2000C5
:104868004572726F722C2062616420636861727392
:1048780000647574796379636C65003E2025642E45
:1048880025642525006166003E20257300696E7445
:104898002E746872657368003E2025640061676342
:1048A8002E72657365742E696E74657276616C001C
:1048B8006D756C74692E61636B7300616C6C6F77D6
:1048C8002E726561642E6F6E6C7900666C6F6F6412
:1048D8002E6164766572742E696E74657276616C89
:1048E8000067756573742E70617373776F726400F7
:1048F8007072762E6B657900726570656174006CF4
:104908006174006C6F6E003E2025732C25732C2576
:10491800642C256400727864656C617900666C6F3C
:104928006F642E6D61782E61647665727400666CB2
:104938006F6F642E6D61782E756E73636F7065642A
:1049480000666C6F6F642E6D6178006469726563D0
:10495800742E747864656C6179006F776E65722E59
:10496800696E666F00706174682E686173682E6D79
:104978006F6465006C6F6F702E6465746563740096
:104988003E206F6666003E206D696E696D616C0041
:104998003E206D6F646572617465003E20737472A9
:1049A8006963740074780066726571007075626C72
:1049B80069632E6B657900726F6C65006272696459
:1049C80067652E74797065006E6F6E6500626F6F33
:1049D800746C6F616465722E766572004552524F31
:1049E800523A20756E737570706F727465640061E9
:1049F80064632E6D756C7469706C696572003E2015
:104A0800252E3366007077726D67742E737570701B
:104A18006F7274003E20756E737570706F72746576
:104A280064007077726D67742E736F7572636500BA
:104A38004552524F523A20506F776572206D616E21
:104A48006167656D656E74206E6F74207375707024
:104A58006F72746564007077726D67742E626F6F21
:104A680074726561736F6E007077726D67742E6211
:104A78006F6F746D76003F3F3A2025730045727260
:104A8800202D2073617665206661696C6564002A53
:104A980000726567696F6E206465660045727220F2
:104AA8002D20656D707479206465660045727220EA
:104AB8002D20656D707479206E616D650045727288
:104AC800202D20656D707479206A756D70004572AF
:104AD80072202D20707574206661696C65643A20B7
:104AE800257300457272202D20756E6B6E6F776E80
:104AF800206A756D703A202573006C6F61640073CD
:104B080061766500616C6C6F776600457272202D66
:104B180020756E6B6E6F776E20726567696F6E00B9
:104B280064656E7966006765740020257320282502
:104B380073292025730020257320257300686F6D65
:104B4800650020686F6D65206973206E6F7720257A
:104B5800730020686F6D6520697320257300646594
:104B68006661756C74002064656661756C74207389
:104B7800636F7065206973206E6F77203C6E756C6B
:104B88006C3E002064656661756C742073636F7099
:104B980065206973206E6F77202573004572722037
:104BA8002D20726567696F6E207461626C6520667E
:104BB800756C6C002064656661756C742073636F36
:104BC800706520697320257300457272202D207549
:104BD8006E6B6E6F776E20706172656E74004572D1
:104BE80072202D20756E61626C6520746F2070755F
:104BF80074004F4B202D2028666C6F6F6420616C09
:104C08006C6F776564290072656D6F766500457213
:104C180072202D206E6F7420656D70747900457256
:104C280072202D206E6F7420666F756E6400616C43
:104C38006C6F7765640064656E69656400457272BF
:104C4800202D207573652027616C6C6F776564274C
:104C5800206F72202764656E69656427004572724B
:104C6800202D203F3F00457272006E756C6C0070FD
:104C78006F7765726F66660073687574646F776EB8
:104C880000636C6B7265626F6F7400616476657245
:104C9800742E7A65726F686F70004F4B202D207AE2
:104CA80065726F686F7020616476657274207365D1
:104CB8006E74004F4B202D2041647665727420730A
:104CC800656E7400636C6F636B2073796E63004F5D
:104CD8004B202D20636C6F636B207365743A20251D
:104CE8003032643A25303264202D2025642F256423
:104CF8002F256420555443004552523A20636C6F67
:104D0800636B2063616E6E6F7420676F20626163EE
:104D18006B7761726473007374617274206F74616D
:104D2800004572726F7200636C6F636B0074696D1B
:104D3800652000284552523A20636C6F636B2063EC
:104D4800616E6E6F7420676F206261636B7761724A
:104D5800647329006E65696768626F722E72656D8B
:104D68006F766520004552523A2062616420707562
:104D7800626B65790074656D70726164696F20009B
:104D88004F4B202D2074656D7020706172616D73BA
:104D980020666F72202564206D696E7300457272FB
:104DA8006F722C20696E76616C6964207061726123
:104DB8006D730070617373776F7264206E6F773AEA
:104DC8002000636C65617220737461747300284FEE
:104DD8004B202D2073746174732072657365742978
:104DE8000046696C652073797374656D206572611E
:104DF80073653A20257300257320284275696C6411
:104E08003A202573290073656E736F722067657485
:104E1800200073656E736F722073657420006F6B6A
:104E28000063616E27742066696E6420637573740D
:104E38006F6D207661720073656E736F72206C6996
:104E48007374006E6F20637573746F6D2076617272
:104E580000256420766172730A0025733D25730A64
:104E6800002E2E2E206E6578743A256400706F77B8
:104E78006572736176696E67206F6E00426F61724A
:104E880064206E6F7420737570706F72746564003F
:104E9800706F776572736176696E67206F666600FA
:104EA800706F776572736176696E67006C6F6720E3
:104EB8007374617274002020206C6F6767696E6775
:104EC800206F6E006C6F672073746F700020202055
:104ED8006C6F6767696E67206F6666006C6F672026
:104EE8006572617365002020206C6F6720657261B0
:104EF80073656400202020454F4600737461747305
:104F08002D7061636B6574730073746174732D72B3
:104F18006164696F0073746174732D636F726500E7
:104F2800556E6B6E6F776E20636F6D6D616E64008A
:104F38002F636F6D5F7072656673002F6E6F6465A7
:104F48005F70726566730025732F25732E69640080
:104F58002F726567696F6E7332005E002573257363
:104F680020460A000000000000000000C5DA000822
:104F7800E7DA0008C1DA00081BDB00080BDB0008D1
:104F88000FDB000815DB00084BD401086DD40108BD
:104F9800000000000000000003E3000839E30008F7
:104FA80043E30008B7E2000849E20008D9E1000835
:104FB800DDE10008E1E100080BE3000861E3000817
:104FC800BDE2000825642E25303364000000F0C0DF
:104FD800000020C1000048C1000070C100008CC161
:104FE8000000A0C1000000000000000095EB0008D0
:104FF800A9EB00080000000000000000ABED00086D
:10500800EDED0008C1DA00084FEE000829EC0008B1
:1050180031EC00084BEC00084BD401086DD40108B2
:10502800000000000000000029F800083FF900080F
:1050380031F9000823F9000815F90008D5F8000827
:10504800C7F80008C1F80008B5F70008BDF800085F
:10505800B9F80008A7F8000841F800089DF800080A
:105068004FF8000897F8000849F800082BF80008DE
:105078004DF9000885F8000875F8000871F800086F
:10508800DDF7000899350108000000000000000065
:10509800A1F90008FFF90008EDF900080DFA000869
:1050A800A5F90008D5F80008C7F80008C1F80008F5
:1050B800B5F70008BDF80008B9F80008A7F8000817
:1050C80041F800089DF800084FF8000897F8000814
:1050D80049F800082BF800084DF9000885F8000881
:1050E80075F8000871F80008DDF70008993501081F
:1050F8000024F4000100000000000000000000008F
:1051080091FA0008D5FB0008E10A0108B11E010860
:10511800F71E0108011F0108150101088532010861
:10512800B907010855320108A3060108F71101085B
:10513800690C0108C9040108B704010899000108AD
:10514800AD2701082D270108452B0108012E01086C
:10515800172E010893FA000835FE00089B2B01085A
:10516800912601087928010849290108090D010833
:10517800190C0108790701085501010855030108B0
:10518800E9020108170501080305010801030108E0
:1051980031010108FD060108C5060108F1000108F2
:1051A800B1080108410501080B0301087706010849
:1051B80081FA000889FA000881FA000889FA0008CB
:1051C80081FA000889FA00085DFE00088D040108CC
:1051D800690E010809060108130301081DFC0008EF
:1051E800C9FB0008A12401086D2501088DFB0008F2
:1051F80055FC0008A5FC0008E5FB00086DFC00084C
:1052080093FF0008BDFD0008C9FF0008FDFD000868
:105218005358313236310000000000000000000011
:10522800F9FE000803000108E10A0108B11E01089F
:10523800F71E0108011F0108150101088532010840
:10524800B907010855320108A3060108F71101083A
:10525800690C0108C9040108B7040108990001088C
:10526800AD2701082D270108452B0108012E01084B
:10527800172E0108E900010835FE00089B2B0108DC
:10528800912601087928010849290108090D010812
:10529800190C01087907010855010108550301088F
:1052A800E9020108170501080305010801030108BF
:1052B80031010108FD060108C5060108F1000108D1
:1052C800B1080108410501080B0301087706010828
:1052D80091240108992401089124010899240108BE
:1052E80091240108992401085DFE00088D04010835
:1052F800690E010809060108130301084124010881
:1053080071240108A12401086D250108E320010882
:10531800FBFE000801FD000851FF000865FD0008BC
:1053280093FF0008BDFD0008C9FF0008FDFD000847
:1053380022FB120011032100110621032202140688
:10534800110B120B110E120E11141116220B13153C
:105358002111240D2114211622152315411341145E
:1053680033145213611652165316631664167416C4
:105378000000000000000000510301089306010826
:10538800E10A0108B11E0108F71E0108011F010802
:105398001501010885320108B907010855320108CD
:1053A800A3060108F7110108690C0108C9040108DE
:1053B800B7040108F3310108AD2701082D270108BA
:1053C800452B0108012E0108172E0108FF3101089D
:1053D800053201089B2B010891260108792801084C
:1053E80049290108090D0108190C01087907010864
:1053F8005501010855030108E902010817050108CC
:10540800030501080103010831010108FD0601082F
:10541800C5060108F1000108B108010841050108A5
:105428000B03010877060108912401089924010853
:10543800912401089924010891240108992401085C
:10544800E13101088D040108690E01080906010807
:10545800130301084124010871240108A12401084B
:105468006D250108E3200108212D30333639000F5E
:10547800060300122436480416283A4C081A2C3E13
:105488000C1E3042102234460113253749051729CE
:105498003B4D091B2D3F0D1F314311233547021486
:1054A80026384A06182A3C4E0A1C2E400E20324442
:1054B800031527394B07192B3D4F0B1D2F410F2182
:1054C80033451F170F1E160E1D150D1C140C1B132C
:1054D8000B1A120A191109000108AC00000000009B
:1054E800000000000000000000000000C7310108B3
:1054F800D3310108D9310108E1310108D33101085C
:1055080085320108CD31010855320108D33101082F
:10551800D3310108E7310108ED310108D331010821
:10552800F3310108F3310108F3310108E1310108D1
:10553800E1310108F9310108FF310108053201089C
:10554800E7310108ED3101080B3201080B3201087F
:105558001B320108213201082132010829320108D1
:10556800353201083532010839320108ED310108B8
:10557800ED310108D33101083F320108D331010868
:10558800D33101083F320108453201084932010888
:105598004B320108493201084D32010849320108ED
:1055A8004D320108493201084D320108E131010844
:1055B8003F3201084F320108D331010800000000D2
:1055C800302112031203302103122130213003123B
:1055D800437034072516526152612516340743700B
:1055E80007347043615216251625615270430734FB
:1055F80034074370526125162516526143703407EB
:1056080070430734162561526152162507347043DA
:105618000000000000000000000000000000000082
:105628000000000000000000000000000000000072
:105638000000000000000000000000000000000062
:105648000000000000000000000000000000000052
:105658000000000000000000000000008F35010875
:105668008F35010891350108933501088F350108F8
:105678009535010899350108000000000000000078
:10568800D1350108F1350108C5360108CD350108C5
:10569800053601085D380108853A0108C936010850
:1056A80000000000000000000000000000000000F2
:1056B800C536010800000000000000005D38010840
:1056C800853A0108C9360108000102040810204083
:1056D800801B36001B362D6C775A4152096AD5302B
:1056E80036A538BF40A39E81F3D7FB7CE339829B64
:1056F8002FFF87348E4344C4DEE9CB547B9432A613
:10570800C2233DEE4C950B42FAC34E082EA16628E3
:10571800D924B2765BA2496D8BD12572F8F66486DE
:10572800689816D4A45CCC5D65B6926C704850FD40
:10573800EDB9DA5E154657A78D9D8490D8AB008CDD
:10574800BCD30AF7E45805B8B34506D02C1E8FCA57
:105758003F0F02C1AFBD0301138A6B3A9111414F4C
:1057680067DCEA97F2CFCEF0B4E67396AC7422E722
:10577800AD3585E2F937E81C75DF6E47F11A711D02
:1057880029C5896FB7620EAA18BE1BFC563E4BC6C8
:10579800D279209ADBC0FE78CD5AF41FDDA8338871
:1057A80007C731B11210592780EC5F60517FA919E2
:1057B800B54A0D2DE57A9F93C99CEFA0E03B4DAE0D
:1057C8002AF5B0C8EBBB3C83539961172B047EBA0A
:1057D80077D626E169146355210C7D637C777BF2CB
:1057E8006B6FC53001672BFED7AB76CA82C97DFACD
:1057F8005947F0ADD4A2AF9CA472C0B7FD9326362A
:105808003FF7CC34A5E5F171D8311504C723C31887
:1058180096059A071280E2EB27B27509832C1A1BAA
:105828006E5AA0523BD6B329E32F8453D100ED2002
:10583800FCB15B6ACBBE394A4C58CFD0EFAAFB43C8
:105848004D338545F9027F503C9FA851A3408F9264
:105858009D38F5BCB6DA2110FFF3D2CD0C13EC5FFE
:10586800974417C4A77E3D645D197360814FDC229D
:105878002A908846EEB814DE5E0BDBE0323A0A491D
:1058880006245CC2D3AC629195E479E7C8376D8D84
:10589800D54EA96C56F4EA657AAE08BA78252E1C5E
:1058A800A6B4C6E8DD741F4BBD8B8A703EB566484A
:1058B80003F60E613557B986C11D9EE1F898116946
:1058C800D98E949B1E87E9CE5528DF8CA1890DBF00
:1058D800E6426841992D0FB054BB16000000000045
:1058E80000000000000000000000000000000000B0
:1058F80000000000000000000000000000000000A0
:10590800000000001B132C0AA3E59CEDA7296308DF
:105918005D210621EBFFFFFFFFFFFFFFFFFFFFFFFA
:10592800FFFFFFFF0F000000EDD3F55C1A6312586C
:10593800D69CF7A2DEF9DE1400000000000000008B
:105948000000000000000010A3DDB7A5B38ADE6DDB
:10595800F5525177809FF0207DE3AB648E4EEA6666
:1059680065768BD70F5F8767010000000000000095
:10597800000000000000000000000000000000001F
:1059880000000000000000005866666666666666ED
:10599800666666666666666666666666666666669F
:1059A80066666666666666661AD5258F602D56C970
:1059B800B2A7259560C72C695CDCD6FD31E2A4C08E
:1059C800FE536ECDD336692159F1B226949BD6EB9E
:1059D80056B183829A14E00030D1F3EEF2808E192A
:1059E800E7FCDF56DCD90624A3785913CA4DEB75BA
:1059F800ABD841414D0A700098E879777940C78C57
:105A080073FE6F2BEE6C03520000000000000000D4
:105A1800DD420108FD4201086542010869420108AA
:105A28006D420108E144010845450108C5420108E5
:105A3800DF4501080F460108982F8A4291443771C3
:105A4800CFFBC0B5A5DBB5E95BC25639F111F159F9
:105A5800A4823F92D55E1CAB98AA07D8015B83123B
:105A6800BE853124C37D0C55745DBE72FEB1DE80E7
:105A7800A706DC9B74F19BC1C1699BE48647BEEF16
:105A8800C69DC10FCCA10C246F2CE92DAA84744AA1
:105A9800DCA9B05CDA88F97652513E986DC631A817
:105AA800C82703B0C77F59BFF30BE0C64791A7D5F6
:105AB8005163CA0667292914850AB72738211B2E7E
:105AC800FC6D2C4D130D385354730A65BB0A6A7666
:105AD8002EC9C281852C7292A1E8BFA24B661AA872
:105AE800708B4BC2A3516CC719E892D1240699D682
:105AF80085350EF470A06A1016C1A419086C371EFB
:105B08004C774827B5BCB034B30C1C394AAAD84ED8
:105B18004FCA9C5BF36F2E68EE828F746F63A57813
:105B28001478C8840802C78CFAFFBE90EB6C50A4A6
:105B3800F7A3F9BEF27871C600000000000000006B
:105B4800D5460108F54601087B4601087F4601084D
:105B58009D460108CD4B01084B4C010883460108BE
:105B6800EB4C01081B4D010822AE28D7982F8A421A
:105B7800CD65EF23914437712F3B4DECCFFBC0B57A
:105B8800BCDB8981A5DBB5E938B548F35BC256397A
:105B980019D005B6F111F1599B4F19AFA4823F9264
:105BA80018816DDAD55E1CAB420203A398AA07D808
:105BB800BE6F7045015B83128CB2E44EBE85312402
:105BC800E2B4FFD5C37D0C556F897BF2745DBE725C
:105BD800B196163BFEB1DE803512C725A706DC9BC1
:105BE800942669CF74F19BC1D24AF19EC1699BE4A6
:105BF800E3254F388647BEEFB5D58C8BC69DC10FC0
:105C0800659CAC77CCA10C2475022B596F2CE92D1F
:105C180083E4A66EAA84744AD4FB41BDDCA9B05CB7
:105C2800B5531183DA88F976ABDF66EE52513E98A8
:105C38001032B42D6DC631A83F21FB98C82703B098
:105C4800E40EEFBEC77F59BFC28FA83DF30BE0C675
:105C580025A70A934791A7D56F8203E05163CA0627
:105C6800706E0E0A67292914FC2FD246850AB727B9
:105C780026C9265C38211B2EED2AC45AFC6D2C4DF2
:105C8800DFB3959D130D3853DE63AF8B54730A65EC
:105C9800A8B2773CBB0A6A76E6AEED472EC9C28148
:105CA8003B358214852C72926403F14CA1E8BFA2A3
:105CB800013042BC4B661AA89197F8D0708B4BC242
:105CC80030BE5406A3516CC71852EFD619E892D1CA
:105CD80010A96555240699D62A20715785350EF4E2
:105CE800B8D1BB3270A06A10C8D0D2B816C1A419F6
:105CF80053AB4151086C371E99EB8EDF4C77482720
:105D0800A8489BE1B5BCB034635AC9C5B30C1C396B
:105D1800CB8A41E34AAAD84E73E363774FCA9C5BA8
:105D2800A3B8B2D6F36F2E68FCB2EF5DEE828F7423
:105D3800602F17436F63A57872ABF0A11478C884FD
:105D4800EC39641A0802C78C281E6323FAFFBE9038
:105D5800E9BD82DEEB6C50A41579C6B2F7A3F9BE93
:105D68002B5372E3F27871C69C6126EACE3E27CAAD
:105D780007C2C021C7B886D11EEBE0CDD67DDAEACE
:105D880078D16EEE7F4F7DF5BA6F1772AA67F0066D
:105D9800A698C8A2C57D630AAE0DF9BE04983F1146
:105DA8001B471C13350B711B847D0423F577DB28F7
:105DB8009324C7407BABCA32BCBEC9150ABE9E3C01
:105DC8004C0D109CC4671D43B6423ECBBED4C54C97
:105DD8002A7E65FC9C297F59ECFAD63AAB6FCB5FDB
:105DE8001758474A8C19446C08C9BCF367E6096A16
:105DF8003BA7CA8485AE67BB2BF894FE72F36E3C52
:105E0800F1361D5F3AF54FA5D182E6AD7F520E51AE
:105E18001F6C3E2B8C68059B6BBD41FBABD9831F68
:105E280079217E1319CDE05BB0A00E4A271BEEC482
:105E380078E42FAD0618432FA7D7FB3D99004D2BCB
:105E48000BDFC14F8024832B0000000000000000FE
:105E5800000000000000000000000000000000003A
:105E6800000000000000000000000000000000002A
:105E780000000000000000001F1C1F1E1F1E1F1F27
:105E88001E1F1E00010001006400640000000000E5
:105E980000000000000000000000000000000000FA
:105EA80000000000000000000000000000000000EA
:105EB80000000000000000000000000000000000DA
:105EC80000000000000000000000000000000000CA
:105ED80000000000000000000000000000000000BA
:105EE80000000000000000000000000000000000AA
:105EF800000000000000000000000000000000009A
:105F08000000000000000000000000000000000089
:105F18000000000000000000000000000000000079
:105F28000000000000000000000000000000000069
:105F38000000000000000000000000000000000059
:105F48000000000000000000000000000100010047
:105F580001000A000200000000000000000000002C
:105F6800000000000000E80300000A006400E803E5
:105F78000100000001000100000000000000010015
:105F88000000000001000000E803E8030100010030
:105F98006400010000000000000000000000000094
:105FA80001000101020200000000000000000000E2
:105FB80000000000000000000000000000000000D9
:105FC80000000000000000000000000000000000C9
:105FD80000000000000000000000000000000000B9
:105FE80000000000000000000000000000000000A9
:105FF8000000000000000000000000000000000099
:10600800000000000000040201020100000000007E
:106018000000000600020202040001020000000263
:106028000000020004040204060309000000000046
:106038000100000000000000000000005F5501089A
:106048006155010800000000000000003B560108EF
:1060580053560108C1DA0008ED560108C756010871
:10606800E9570108735601084BD401086DD401089B
:106078002F002E2E006C6974746C65667300000026
:10608800000000006410B71DC8206E3BAC30D92654
:106098009041DC76F4516B6B5861B24D3C71055000
:1060A8002083B8ED44930FF0E8A3D6D68CB361CB28
:1060B800B0C2649BD4D2D38678E20AA01CF2BDBDDC
:1060C80022AE28D7982F8A42CD65EF2391443771A5
:1060D8002F3B4DECCFFBC0B5BCDB8981A5DBB5E917
:1060E80038B548F35BC2563919D005B6F111F159E4
:1060F8009B4F19AFA4823F9218816DDAD55E1CAB15
:10610800420203A398AA07D8BE6F7045015B8312A9
:106118008CB2E44EBE853124E2B4FFD5C37D0C5564
:106128006F897BF2745DBE72B196163BFEB1DE805C
:106138003512C725A706DC9B942669CF74F19BC14D
:10614800D24AF19EC1699BE4E3254F388647BEEFEA
:10615800B5D58C8BC69DC10F659CAC77CCA10C24A2
:1061680075022B596F2CE92D83E4A66EAA84744A14
:10617800D4FB41BDDCA9B05CB5531183DA88F9764C
:10618800ABDF66EE52513E981032B42D6DC631A881
:106198003F21FB98C82703B0E40EEFBEC77F59BF65
:1061A800C28FA83DF30BE0C625A70A934791A7D550
:1061B8006F8203E05163CA06706E0E0A67292914BC
:1061C800FC2FD246850AB72726C9265C38211B2E04
:1061D800ED2AC45AFC6D2C4DDFB3959D130D385331
:1061E800DE63AF8B54730A65A8B2773CBB0A6A7644
:1061F800E6AEED472EC9C2813B358214852C7292DA
:106208006403F14CA1E8BFA2013042BC4B661AA856
:106218009197F8D0708B4BC230BE5406A3516CC70F
:106228001852EFD619E892D110A96555240699D6C7
:106238002A20715785350EF4B8D1BB3270A06A1088
:10624800C8D0D2B816C1A41953AB4151086C371E37
:1062580099EB8EDF4C774827A8489BE1B5BCB03452
:10626800635AC9C5B30C1C39CB8A41E34AAAD84E34
:1062780073E363774FCA9C5BA3B8B2D6F36F2E68FB
:10628800FCB2EF5DEE828F74602F17436F63A578C1
:1062980072ABF0A11478C884EC39641A0802C78C70
:1062A800281E6323FAFFBE90E9BD82DEEB6C50A482
:1062B8001579C6B2F7A3F9BE2B5372E3F27871C60B
:1062C8009C6126EACE3E27CA07C2C021C7B886D13C
:1062D8001EEBE0CDD67DDAEA78D16EEE7F4F7DF504
:1062E800BA6F1772AA67F006A698C8A2C57D630A96
:1062F800AE0DF9BE04983F111B471C13350B711BDB
:10630800847D0423F577DB289324C7407BABCA320E
:10631800BCBEC9150ABE9E3C4C0D109CC4671D43EB
:10632800B6423ECBBED4C54C2A7E65FC9C297F591B
:10633800ECFAD63AAB6FCB5F1758474A8C19446CC6
:10634800853B8C01BDF124FFF825C30160DC3700D3
:10635800B74C3EFFC3423D00324CA401E1A44CFFC0
:106368004C3DA3FF753E1F00519140FF76410E0042
:10637800A273D6FF068A2E007CE6F4FF0A8A8F00F5
:10638800341AC200B8F44C00818F2901BEF413FFFF
:106398007BAA7AFF6281440079D5930056651EFF77
:1063A800A1679B008C5943FFEFE5BE01430BB50085
:1063B800C6F089FEEE45BCFFEA713CFF25FF39FFB8
:1063C80045B2B6FE80D0B300761A7DFE0307D6FF2D
:1063D800F1324DFF55CBC5FFD387FAFF193064FF63
:1063E800BBD5B4FE1158690053D19E0105736200F4
:1063F80004AE3CFEAB376EFFD9B511FF14BCAA0042
:10640800929C66FE57D6AEFF727A9B01E92CAA00D1
:106418007F08EF01D6ECEA00AF05DB00316A3DFFEB
:106428000642D0FF026A6EFF51EA13FFD76BC0FF26
:106438004397EE00132A6CFFE5557101324487FF3C
:10644800116A0900326701FF5001A80123981EFF55
:1064580010A8B9013859E8FF65D2FC0029FA4700AD
:10646800CCAA4FFF0E2EEFFF504DEF00BDD64BFFCD
:10647800118DF90026504CFFBE55750056E4AA0050
:106488009CD8D001C3CFA4FF96424CFFAFE110FFC8
:106498008D5062014CDBF200C6A272002EDA980021
:1064A8009B2BF1FE9BA068FFB209FCFE646ED40032
:1064B8000E05A700E9EFA3FF1C979D0165920AFF4F
:1064C800FE9E46FE47F9E400581E3200443AA0FFFB
:1064D800BF186801814281FFC03255FF08B38AFFA7
:1064E80026FAC9007350A00083E671007D58930016
:1064F8005A44C700FD4C9E001CFF760071FAFE004E
:10650800424B2E00E6DA2B00E578BA0194442B00C2
:10651800887CEE01BB6BC5FF5435F6FF3374FEFF74
:1065280033BBA5000211AF004254A001F73A1E0088
:10653800234135FE45ECBF002D86F501A37BDD0028
:10654800206E14FF3417A500BAD64700E9B06000E2
:10655800F2EF360139598A00530054FF88A06400CD
:106568005C8E78FE687CBE00B5B13EFFFA29550006
:1065780098822A0160FCF60097973FFEEF853E005F
:1065880020389C002DA7BDFF8E85B3018356D3000C
:10659800BBB396FEFAAA0EFF447115FFDEBA3BFFA5
:1065A8004207F10145064800569C6CFE37A7590082
:1065B8006D34DBFE0DB017FFC42C6AFFEF9547FF63
:1065C800A48C7DFF9FAD01003329E700913E210097
:1065D8008A6F5D01B953450090732E00619710FFD3
:1065E80018E41A0031D9E200714BEAFEC1990CFF98
:1065F800B63060FF0E0D1A0080C3F9FE45C13B009E
:10660800842551FE7D6A3C00D6F0A901A4E342002E
:10661800D2A34E0025349700634D1A00EE9CD5FF97
:10662800D5C0D101492E54001441290136CE4F005E
:10663800C98392FEAA6F18FFB12132FEAB26CBFFA9
:106648004EF77400D1DD99008580B2013A2C19000B
:10665800C9273B01BD13FC0031E5D20175BB7500AC
:10666800B5B3B8010072DB00305E9300F52938003D
:106678007D0DCCFEF4AD77002CDD20FE54EA14002D
:10668800F9A0C601EC7EEAFF8F3EDD008159D6FFF6
:10669800378B05FE4414BFFF0ECCB20123C3D900CB
:1066A8002F33CE0126F6A500CE1B06FE9E572400EA
:1066B800D93492FF7D7BD7FF553C1FFFAB0D0700F8
:1066C800DAF558FEFC233C0037D6A0FF8565380074
:1066D800E02013FE9340EA001A91A20172767D0031
:1066E800F8FCFA00655EC4FFC68DE2FE332AB600E8
:1066F800870C09FE6DACD2FFC5ECC201F1419A00CE
:10670800309C2FFF994337FFDAA522FE4AB4B30025
:10671800DA424701587A6300D4B5DBFF5C2AE7FF09
:10672800EF009A00F54DB7FF5E51AA0112D5D800C7
:10673800AB5D4700345EF8001297A1FEC5D142FF59
:10674800AEF40FFEA230B700313DF0FEB65DC300D7
:10675800C7E40601C80511FF892DEDFF6C940400FC
:106768005A4FEDFF273F4DFF3552CF018E1676FF6A
:1067780065E812015C1A430005C858FF21A88AFF82
:1067880095E1480002D11BFF2CF5A801DCED11FFB3
:106798001ED369FE8DEEDD008050F5FE6FFE0E0003
:1067A800DE5FBE01DF09F100924CD4FF6CCD68FFBB
:1067B8003F7599009045300023E46F00C021C1FF68
:1067C80070D6BEFE7398970017665800334AF800D3
:1067D800E2C78FFECCA265FFD061BD01F56812004B
:1067E800E6F61EFF179445006E5834FEE2B559FFD1
:1067F800D02F5AFE72A150FF2174F800B39857FFAA
:106808004590B10158EE1AFF3A207101014D45003B
:106818003B7934FF98EE53003408C100E727E9FFBD
:10682800C7228A00DE44AD005B39F2FEDCD27FFF6E
:10683800C007F6FE9723BB00C3ECA5006F5DCE0032
:10684800D4F785019A85D1FF9BE70A00404E2600C0
:106858007AF964011E1361FF3E5BF901F8854D006A
:10686800C53FA8FE740A5200B8EC71FED4CBC2FF33
:106878003D64FCFE2405CAFF775B99FF814F1D002C
:106888006767ABFEEDD76FFFD8354500EFF017000F
:10689800C295DDFF26E1DE00E8FFB4FE765285FFF3
:1068A80039D1B1018BE885009EB02EFEC2732E004F
:1068B80058F7E5011C67BF00DDDEAFFE95EB2C0045
:1068C80097E419FEDA6967008E55D2009581BEFFFC
:1068D800D5415EFE7586E0FF52C675009DDDDC0081
:1068E800A3652400C572250068ACA6FE0BB600009F
:1068F8005148BCFF61BC10FF45060A00C79391FFD1
:106908000809730141D6AFFFD9ADD100507FA60069
:10691800F7E504FEA7B77CFF5A1CCCFEAF3BF0FF9F
:106928000B29F8016C2833FF90B1C3FE96FA7E005C
:106938008A5B4101783CDEFFF5C1EF001DD6BDFF43
:1069480080021900509AA2004DDC6B01EACD4AFF83
:1069580036A667FF74480900E45E2FFF1EC819FFBA
:1069680023D659FF3DB08CFF53E2A3FF4B82AC0006
:10697800802611005F8998FFD77C9F014F5D00003A
:1069880094529DFEC382FBFF28CA4CFFFB7EE000A9
:106998009D633EFECF07E1FF6044C3008CBA9DFFB4
:1069A8008313E7FF2A80FE0034DB3DFE66CB4800F8
:1069B8008D070BFFBAA4D5001F7A770085F29100E6
:1069C800D0FCE8FF5BD5B6FF8F04FAFEF9D74A0082
:1069D800A51E6F01AB09DF00E57B22015C821AFF6F
:1069E8004D9B2D01C38B1CFF3BE04E008811F70027
:1069F8006C7920004FFABDFF60E3FCFE26F13E00F3
:106A08003EAE7DFF9B6F5DFF0AE6CE0161C528FFA4
:106A1800003139FE41FA0D0012FB96FFDC6DD2FF02
:106A280005AEA6FE2C81BD00EB2393FF25F78DFF55
:106A3800488D04FF676BFF00F75A0400352C2A00C5
:106A4800021EF000043B3F00584E240071A7B4001A
:106A5800BE47C1FFC79EA4FF3A08AC004D210C00F9
:106A6800413F0300994D21FFACFE6601E4DD04FFC0
:106A7800571EFE01922956FF8ACCEFFE6C8D11FF3E
:106A8800BBF28700D2D07F00442D0EFE49603E0045
:106A9800513C18FFAA0624FF03F91A0023D56D00FC
:106AA800168136FF1523E1FFEA3D38FF3AD9060083
:106AB8008F7C5800EC7E4200D126B7FF22EE06FFFD
:106AC800AE9166005F16D300C40F99FE2E54E8FFFE
:106AD80075229201E7FA4AFF1B8664015CBBC3FF7B
:106AE800AAC67000781C2A00D14643001D511F0019
:106AF8001DA86401A9ADA0006B2375003E603BFF93
:106B0800510C450187EFBEFFDCFC1200A3DC3AFF05
:106B18008989BCFF53666D0060064C00EADED2FF2F
:106B2800B9AECD013C9ED5FF0DF1D600AC818C00ED
:106B38005D68F200C09CFB002B751E00E1519E00B1
:106B48007FE8DA00E21CCB00E91B97FF752B05FFF5
:106B5800F20E2FFF2114060089FB2CFE1B1FF5FFE8
:106B6800B7D67DFE28799500BA9ED5FF5908E3006F
:106B7800455800FECB87E100C9AECB009347B8006B
:106B8800127929FE5E054E00E0D6F0FE2405B40019
:106B9800FB87E701A38AD400D2F974FE5881BB00B1
:106BA800130831FE3E0E90FF9F4CD300D63352009F
:106BB8006D75E4FE67DFCBFF4BFC0F019A47DCFFE6
:106BC800170D5B018DA860FFB5B68500FA33370055
:106BD800EAEAD4FEAF3F9E0027F034019EBD24FFB1
:106BE800D528550120B4F7FF13661A01541861FF20
:106BF8004515DE00948B7AFFDCD5EB01E8CBFF006E
:106C080079399300E3079A00351693014801E100AA
:106C1800528630FE533C9DFF9148A9002267EF0041
:106C2800C6E92F00741304FFB86A09FFB78153003F
:106C380024B0E60122674800DBA28600F52A9E0000
:106C4800209560FEA52C9000CAEF48FED796050057
:106C58002A42240184D7AF0056AE56FF1AC59CFFBE
:106C680031E887FE67B65200FD80B00199B27A001C
:106C7800F5FA0A00EC18B200896A8400281D290078
:106C8800321E98FF7C692600E6BF4B008F2BAA00B6
:106C98002C8314FF2C0D17FFEDFF9B019F6D64FFE4
:106CA80070B518FF68DC6C0037D38300630CD5FF20
:106CB800989791FFEE059F00619B0800216C510099
:106CC800010367003E6D22FFFA9BB4002047C3FF13
:106CD800264691019F5FF50045E56501881CF00097
:106CE8004FE019004E6E79FFF8A87C00BB80F700D2
:106CF8000293EBFE4F0B8400463A0C01B508A3FF44
:106D08004F8985FF25AA0BFF8DF355FFB0E7D7FF05
:106D1800CC96A4FFEFD727FF2E579CFE08A358FF59
:106D2800AC22E800422C66FF1B3629FEEC6357FFB5
:106D3800297BA90134722B00758628009B861A00CE
:106D4800E7CF5BFE238426FF13667DFE24E385FFE1
:106D5800760371FF1D0D7C0098604A015892CEFFA2
:106D6800A7BFDCFEA21258FFB66417001F753400D7
:106D7800512E6A010C0207004550C901D1F6AC003A
:106D88000C308D01E0D3580074E29F007A628200D3
:106D980041ECEA01E1E209FFCFE27B0159D63B0071
:106DA800708758015AF4CBFF310B2601816CBA0069
:106DB80059700F01652ECCFF7FCC2DFE4FFFDDFFF4
:106DC800334912FF7F2A65FFF115CA00A0E30700C7
:106DD8006932EC004F34C5FF68CAD001B40F100007
:106DE80065C54EFF624DCB0029B9F10123C17C0076
:106DF800239B17FFCF35C0000B7DA301F99EB9FF78
:106E080004833000155D6FFF3D79E70145C824FF15
:106E1800B930B9FF6FEE15FF273219FF63D7A3FF0B
:106E280057D41EFFA49305FF800623016CDF6EFF75
:106E3800C24CB2004A65B400F32F3000AE192BFFE4
:106E480052ADFD013672C0FF28375B00D76CB0FF2A
:106E58000B380700E0E94C00D162CAFEF2197D0048
:106E68002CC15DFECB08B10087B013007047D5FF79
:106E7800CE3BB00104431A000E8FD5FE2A37D0FF4F
:106E88003C437800C115A30063A473000A1476007C
:106E98009CD4DEFEA007D9FF72F54C01753B7B0040
:106EA800B0C256FED50FB0004ECECFFED5813B0006
:106EB800E9FB1601603798FFECFF0FFFC55954FF37
:106EC8005D958500AEA07100EA63A9FF987458002B
:106ED80090A453FF5F1DC6FF222F0FFF637886FF24
:106EE80005ECC100F9F77EFF93BB1E0032E675FF83
:106EF8006CD9DBFFA351A6FF4819A9FE9B794FFF68
:106F08001C9B59FE077E1100934121012FEAFD00C9
:106F18001A3312006953C7FFA3C4E60071F8A4002E
:106F2800E2FEDA00BDD1CBFFA4F7DEFEFF23A50009
:106F380004BCF3017FB3470025EDFEFF64BAF000FF
:106F4800053947FE674849FFF41251FEE5D284FF30
:106F5800EE06B4FF0BE5AEFFE3DDC00111311C0006
:106F6800A3D7C4FE097604FF33F0470071816DFF93
:106F78004CF0E700BCB17F007D472C011AAFF3004D
:106F88005EA919FE1BE61D000F8B7701A8AABAFFA0
:106F9800ACC54CFFFC4BBC00897CC400481660FFA4
:106FA8002D97F901DC91640040C09FFF78EFE20063
:106FB80081B2920000C07D00EB8AEA00B79D920082
:106FC80053C7C0FFB8AC48FF49E180004D06FAFF3F
:106FD800BA41430068F6CF00BC208AFFDA18F200F5
:106FE800438A51FEED8179FF14CF960129C710FF1E
:106FF800061480009F760500B5108FFFDC260F0071
:10700800174093FE491A0D0057E43901CC7C8000E3
:107018002B18DF00DB63C700164B14FF131B7E0021
:107028009D3ED7006E1DE600B3A7FF0136FCBE00EB
:10703800DDCCB6FEB39E41FF519D0300C2DA9F002E
:10704800AADF0000E00B20FF26C56200A8A42500E7
:1070580017580701A4BA6E0060248600EAF2E5001A
:10706800FA791300F2FE70FF032F5E0109EF06FFA5
:10707800518699FED6FDA8FF437CE000F55F4A00E3
:107088001C1E2CFE016DDCFFB2595900FC244C007B
:1070980018C62EFF4C4D6F0086EA88FF275E1D003C
:1070A800B948EAFF464487FFE76607FE4DE78C00CC
:1070B800A72F3A01946176FF101BE101A6CE8FFF3E
:1070C8006EB2D6FFB483A2008F8DE1010DDA4EFFB8
:1070D800729921016268CC00AF727501A7CE4B008E
:1070E800CAC453013A4043008A2F6F01C4F780FF96
:1070F80089E0E0FE9E70CF009A64FF0186256B0050
:10710800C6804FFF7FD19BFFA3FEB9FE3C0EF30064
:107118001FDB70FE1DD94100C80D74FE7B3CC4FF07
:10712800E03BB8FEF259C4007B104BFE9510CE0030
:1071380045FE3001E774DFFFD1A04101C85062006D
:1071480025C2B8FE943F22008BF041FFD99084FFFE
:1071580038262DFEC778D2006CB1A6FFA0DE040049
:10716800DC7E77FEA56BA0FF52DCF801F1AF88004A
:10717800908D17FFA98A5400A0894EFFE27650FF30
:10718800341B84FF3F608BFF98FA2700BC9B0F00DD
:10719800E83396FE280FE8FFF0E509FF89AF1BFFEB
:1071A8004B496101DAD40B008705A2016BB9D50000
:1071B80002F96BFF28F24600DBC81900199D0D0083
:1071C800435250FFC4F917FF9114950032489200BA
:1071D8005E4C940118FB41001FC01700B8D4C9FFCA
:1071E8007BE9A201F7AD4800A257DBFE7E86590075
:1071F8009F0B0CFEA6691D00491BE4017178B7FFBF
:1072080042A36D01D48F0BFF9FE7A801FF805A00AE
:10721800390E3AFE59340AFFFD08A3010091D2FF46
:107228000A8155012EB51B006788A0FE7EBCD1FFE0
:1072380022236F00D7DB18FFD40BD6FE6505760036
:10724800E8C585FFDFA76DFFED5056FF468B5E0052
:107258009EC1BF019B0F33FF0FBE73004E87CFFF48
:10726800F90A1B01B57DE9005FAC0DFEAAD5A1FFA7
:1072780027EC8AFF5F5D57FFBE805F007D0FCE0061
:10728800A6969F00E30F9EFFCE9E78FF2A8D800072
:1072980065B278019C6D8300DA0E2CFEF7A8CEFF4C
:1072A800D4701C007011E4FF5A102501C5DE6C0073
:1072B800FECF53FF095AF3FFF3F4AC001A5873FFDB
:1072C800CD747A00BFE6C100B4640B01D92560FF14
:1072D8009A4E9C00EBEA1FFFCEB2B2FF95C0FB00AE
:1072E800B6FA8700F61669007CC16DFF02D295FFD9
:1072F800A911AA0000606EFF75090801327B28FFFA
:10730800C1BD630022E3A000305046FED333EC0039
:107318002D7AF5FE2CAE0800AD25E9FF9E41AB00A5
:107328007A45D7FF5A5002FF836A60FEE3728700EE
:10733800CD3177FEB03E40FF523311FFF114F3FF19
:10734800820D08FE80D9F3FFA21B01FE5A76F100D8
:10735800F6C6F6FF371076FFC89F9D00A3110100FF
:107368008C6B790055A176FF260095009C2FEE00C6
:1073780009A6A6014B62B5FF324A1900420F2F0039
:107388008BE19F004C038EFF0EEEB8000BCF35FF4C
:10739800B7C0BA01AB20AEFFBF4CDD01F7AADB00D6
:1073A80019AC32FED909E900CB7E44FFB75C300046
:1073B8007FA7B7014131FE00103F7F01FE15AAFFEC
:1073C8003BE07FFE16303FFF1B4E82FE28C31D00A8
:1073D800FA8470FE23CB900068A9A800CFFD1EFF99
:1073E800682826FE5EE45800CE1080FFD4377AFF66
:1073F800DF16EA00DFC57F00FDB5B50191667600AE
:10740800EC9924FFD4D948FF142618FE8A3E3E0082
:10741800988C0400E6DC63FF0115D4FF94C9E700EB
:10742800F47B09FE00ABD200333A25FF01FF0EFFC3
:10743800F4B791FE00F2A600164A840079D8290014
:107448005FC372FE851897FF9CE2E7FFF7054DFFC3
:10745800F69473FEE15C51FFDE50F6FEAA7B59FFFD
:107468004AC78D001D1408FF8A8846FF5D4B5C00E3
:10747800DD9331FE347EE200E57C17002E09B5006D
:10748800CD40340183FE1C00979ED40083404E00FB
:10749800CE19AB0000E68B00BFFD6EFE67F7A700B4
:1074A800402828012AA5F1FF3B4BE4FE7CF3BDFFF1
:1074B800C45CB2FF828C56FF8D59380193C605FF14
:1074C800CBF89EFE90A28D000BACE200822A15FF3D
:1074D80001A78FFF902424FF3058A4FEA8AADC003F
:1074E8006247D6005BD04F009F4CC901A62AD6FF41
:1074F80045FF00FF06807DFFBE018C009253DAFF36
:10750800D7EE48017A7F3500BD74A5FF540842FFC5
:10751800D603D0FFD56E8500C3A82C019EE7450091
:10752800A240C8FE5B3A6800B63ABBFEF9E48800A0
:10753800CB864CFE63DDE9004BFED6FE50459A0033
:107548004098F8FEEC88CAFF9D6999FE95AF140033
:10755800162313FF7C79E900BAFAC6FE84E58B008E
:107568008950AEFFA57D440090CA94FEEBEFF80069
:1075780087B87600655E11FF7A4846FE458292001C
:107588007FDEF801457F76FF1E52D7FEBC4A13FF07
:10759800E5A7C2FE751942FF41EA38FED5169C00E0
:1075A800973B5DFE2D1C1BFFBA7EA4FF2006EF0053
:1075B8007F726301DB3402FF6360A6FE3EBE7EFF7E
:1075C8006CDEA8014BE2AE00E6E2C7003C75DAFFCC
:1075D800FCF81401D6BCCC001FC286FE7B45C0FF58
:1075E800A9AD24FE37625B00DF2A66FE89016600CA
:1075F8009D5A1900EF7A40FFFC06E900073614FF90
:107608005274AE00872536FF0FBA7D00E370AFFFD6
:1076180064B4E1FF2AEDF4FFF4ADE2FEF8122100B4
:10762800AB6396FF4AEB32FF755220FE6AA8ED0065
:10763800CF6DD001E409BA00873CA9FEB35C8F0086
:10764800F4AA68FFEB2D7CFF4663BA007589B70082
:10765800E01FD700280964001A105F0144D95700B9
:10766800089714FF1A643AFFB0A5CB013476460098
:107678000720FEFEF4FEF5FFA790C2FF7D7117FFFD
:10768800B079B5008854D1008A061EFF59301C0015
:10769800219B0EFF19F09A008DCD6D0146733EFFB8
:1076A80014286BFE8A9AC7FF5EDFE2FF9DAB2600B7
:1076B800A3B119FE2D7603FF0EDE1701D1BE51FFCF
:1076C800767BE8010DD565FF7B377BFE1BF6A500B1
:1076D80032634CFF8CD620FF614143FF180C1C001D
:1076E800AE564E0140F76000A08743004237F3FFD3
:1076F80093CC60FF1A0621FF6233530199D5D0FF5E
:1077080002B836FF19DA0B003143F6FE129548FF2E
:107718000D1948002A4FD6002A0426011B8B90FF1A
:1077280095BB170012A48400F554B8FE78C668FF0C
:107738007EDA60003875EAFF0D1DD6FE442F0AFF79
:10774800A79A84FE9826C60042B259FFC82EABFFFE
:107758000D6353FFD2BBFDFFAA2D2A018AD17C00FD
:10776800D6A28D000CE69C00662470FE03934300AD
:1077780034D77BFFE9AB36FF62893E00F7DA27FF93
:10778800E7DAEC00F7BF7F00C3925400A5B05CFFB6
:1077980013D45EFF114AE30058289901C69301FFEC
:1077A800CE43F5FEF003DAFF3D8DD5FF61B76A00E1
:1077B800C3E8EBFE5F569A00D130CDFE76D1F1FFDB
:1077C800F078DF01D51D9F00A37F93FF0DDA5D00E0
:1077D800551844FE461450FFBD058C015261FEFF4A
:1077E8006363BFFF845485FF6BDA74FF707A2E00E1
:1077F80069112000C2A03FFF44DE2701D8FD5C00CC
:10780800B169CDFF95C9C3002AE10BFF28A2730017
:1078180009075100A5DADB00B41600FE1D92FCFF33
:1078280092CFE101B48760001FA37000B10BDBFFAA
:10783800850CC1FE2B4E3200417179013BD906FF00
:107848006E5E180170AC6F00070F600024557B0056
:10785800479615FFD049BC00C00BA701D5F52200FB
:1078680009E65C00A28E27FFD75A1B006261590007
:107878005E4FD3005A9DF0005FDC7E0166B0E200E7
:10788800241EE0FE231F7F00E7E8730155538200A2
:10789800D249F5FF2F8F72FF4441C5003B483EFF98
:1078A800B785ADFE5D7976FF3BB151FFEA45ADFF87
:1078B800CD80B100DCF433001AF4D10149DE4DFF6C
:1078C800A30860FE9695D3009EFECB01367F8B0001
:1078D800A1E03B00046D16FFDE2A2DFFD09266FF63
:1078E800EC8EBB0032CDF5FF0A4A59FE304F8E00B0
:1078F800DE4C82FF1EA63F00EC0C0DFF31B8F400F1
:10790800BB716600DA65FD009939B6FE20962A003B
:1079180019C69201EDF138008C4405005BA4ACFF58
:107928004E91BAFE4334CD00DBCF81016D73110057
:10793800368F3A0115F878FFB3FF1E00C1EC42FFFD
:1079480001FF07FFFDC030FF1345D90103D600FF33
:1079580040659201DF7D23FFEB49B3FFF9A7E20001
:10796800E1AF0A0161A23A006A70AB0154AC05FFAD
:10797800858CB2FF86F58E00615A7DFFBACBB9FFC0
:10798800DF4D17FFC05C6A000FC673FFD998F80077
:10799800ABB278FFE4863500B036C101FAFB35009A
:1079A800D50A640122C76A00971FF4FEACE057FFAE
:1079B8000EED17FFFD551AFF7F2774FFAC686400B2
:1079C800FB0E46FFD4D08AFFFDD3FA00B031A500E4
:1079D8000F4C7BFF25DAA0FF5C8710010A7E72FF3F
:1079E8004605E0FFF7F98D0044143C01F1D2BDFFD4
:1079F800C3D9BB0197037100975CAE00E73EB2FFA5
:107A0800DBB7E100171721FFCDB5500039B8F8FFF3
:107A180043B401FF5A7B5DFF2700A2FF60F834FFE3
:107A280054428C00227FE4FFC28A0701A66EBC0084
:107A380015119B019ABEC6FFD6503BFF12078F0057
:107A4800481DE201C7D9F900E8A1470195BEC90060
:107A5800D9AF5FFE719343FF8A8FC7FF7FCC0100C8
:107A68001DB65301CEE69BFFBACC3C000A7D55FFFC
:107A7800E86019FFFF59F7FFD5FEAF01E8C15100D3
:107A88001C2B9CFE0C4508009318F80012C6310008
:107A9800863C230076F612FF3158FEFEE415BAFF45
:107AA800B6417001DB1601FF167E34FFBD3531FF8C
:107AB80070198F00267F37FFE265A3FED0853DFF52
:107AC8008945AE01BE7691FF3C62DBFFD90DF5FF1B
:107AD800FA880A0054FEE200C91F7D01F033FBFF5B
:107AE8001F8382FF028A32FFD7D7B101DF0CEEFF76
:107AF800FC9538FF7C5B44FF487EAAFE77FF640054
:107B08008287E8FF0E4FB200FA83C5008AC6D0000C
:107B180079D88BFE771224FF1DC17A00102A2DFF19
:107B2800D5F0EB01E6BEA9FFC623E4FE6EAD480022
:107B3800D6DDF1FF38948700C0754EFE8D5DCFFF0E
:107B48008F419500151262FF5F2CF4016ABF4D004A
:107B5800FE5508FED66EB0FF49AD13FEA0C4C7FFA0
:107B6800ED5A9000C1AC71FFC89B88FEE45ADD0055
:107B780089314A01A4DDD7FFD1BD05FF69EC37FF84
:107B88002A1F8101C1FFEC002ED93C008A58BBFF97
:107B9800E252ECFF514597FF8EBE10010D8608009A
:107BA8007F7A30FF51409C00ABF38B00ED23F60049
:107BB8007A8FC1FED47A92005F29FF0157844D0065
:107BC80004D41F00111F4E00272DADFE188ED9FFBB
:107BD8005F0906FFE3530600623B82FE3E1E21005A
:107BE8000873D301A26180FF07B817FE741CA8FFB1
:107BF800F88A97FF62F4F000BA76820072F8EBFF19
:107C080069ADC801A07C47FF5E24A401AF4192FF83
:107C1800EEF1AAFECAC6C500E4478AFE2DF66DFF3E
:107C2800C2349E0085BBB00053FC9AFE59BDDDFFEF
:107C3800AA49FC00943A7D00244433FE2A45B1FF4A
:107C4800A84C56FF2664CCFF26352300AF136100ED
:107C5800E1EEFDFF51518700D21BFFFEEB496B009F
:107C680008CF7300527F8800546315FECF13880035
:107C780064A4650050D04DFF84CFEDFF0F030FFFC4
:107C880021A66E009C5F55FF25B96F01966A23FFF8
:107C9800A6974C00725787FF9FC240000C7A1FFFBF
:107CA800E80765FEAD7762009A47DCFEBF3935FF0D
:107CB800A8E8A0FFE02063FFDA9CA5009799A3003D
:107CC800D90D9401C5715900951CA1FECF171E004E
:107CD8006984E3FF36E65EFF85ADCCFF5CB79DFFA8
:107CE8005890FCFE66215A009F610300B5DA9BFF9D
:107CF800F07277006AD635FFA5BE7301985BE1FF85
:107D0800586A2CFFD03D710097347C00BF1B9CFF44
:107D18006E36EC010E1EA6FF277FCF01E5C71C00BB
:107D2800BCE4BCFE649DEB00F6DAB7016B16C1FF3C
:107D3800CEA05F004CEF9300CFA1750033A602FFE1
:107D480034750AFE4938E3FF98C1E100845E88FF74
:107D580065BFD100206BE5FFC62BB40164D2760065
:107D6800724399FF17581AFF599A5C01DC788CFF07
:107D78009072CFFFFC73FAFF22CE48008A857FFFFE
:107D880008B27C01574B61000FE55CFEF04383FFAE
:107D9800767BE3FE927868FF91D5FF0181BB46FFB1
:107DA800DB7736000113AD002D969401F853480097
:107DB800CBE9A9018E6B3800F7F926012DF250FFA7
:107DC8001EE967006052460017C96F0051271EFF61
:107DD800A1B74EFFC2EA21FF44E38CFED8CE74005F
:107DE800461BEBFF68904F00A4E65DFED6879C001B
:107DF8009ABBF2FEBC1483FF246DAE009F70F100A5
:107E0800056E950124A5DA00A61D1301B22E4900BE
:107E18005D2B20FEF8BDED00669B8D00C95DC3FF9C
:107E2800F18BFDFF0F6F62FF6C41A3FE9B4FBEFFFE
:107E380049AEC1FEF62830FF6B580BFECA6155FFEC
:107E4800FDCC12FF71F242006EA0C2FED012BA0041
:107E580051153C00BC68A7FF7CA661FED2858E0048
:107E680038F289FE296F82006F973A016FD58DFF2E
:107E7800B7ACF1FF2606C4FFB9077BFF2E0BF6004F
:107E8800F56977010F02A1FF08CE2DFF12CA4AFF3C
:107E9800537C7301D48D9D005308D1FE8B0FE8FFEE
:107EA800AC36ADFE32F78400D6BDD50090B8690077
:107EB800DFFEF800FF93F0FF17BC480007333600D9
:107EC800BC19B4FEDCB400FF53A01400A3BDF3FF3B
:107ED8003AD1C2FF57493C006A183100F5F9DC0075
:107EE80016ADA700760BC3FF137EED006E9F25FF2E
:107EF8003B522F00B4BB5600BC94D001642585FFCB
:107F08000770C10081BC9CFF546A81FF85E1CA00EB
:107F18000EEC6FFF28146500ACAC31FE33364AFF17
:107F2800FBB9B8FF5D9BE0FFB4F9E001E6B292004F
:107F3800483936FEB23EB80077CD4800B9EFFDFFAC
:107F48003D0FDA00C44338FFEA20AB012EDBE40022
:107F5800D06CEAFF143FE8FFA535C70185E405FFAB
:107F680034CD6B004AEE8CFF969CDBFEEFACB2FF83
:107F7800FBBDDFFE208ED3FFDA0F8A01F1C450006B
:107F88001C2462FE16EAC7003DEDDCFFF639250029
:107F98008E118EFF9D3E1A002BEE5FFE03D906FF61
:107FA800D519F00127DCAEFF9ACD30FE130DC0FFC6
:107FB800F42236FE8C109B00F0B505FE9BC13C00F8
:107FC800A68004FF249138FF96F0DB0078339100F7
:107FD80052992A018CEC92006B5CF801BD0A0300EF
:107FE8003F88F200D327180013CAA101AD1BBAFFBE
:107FF800D2CCEFFE29D1A2FFB6FE9FFFAC743400AD
:10800800C367DEFECD453B0035162901DA30C200D4
:1080180050D2F200D2BCCF00BBA1A1FED811010002
:1080280088E17100FAB83F00DF1E62FE4DA8A20089
:108038003B35AF0013C90AFF8BE0C20093C19AFF1A
:10804800D4BD0CFE01C8AEFF328571015EB35A0083
:10805800ADB687005EB171002B59D7FF88FC6AFF67
:108068007B8653FE05F542FF52312701DC02E00012
:108078006181B1004D3B59003D1D9B01CBABDCFF3D
:108088005C4E8B009121B5FFA9188D013796B3007E
:108098008B3C50FFDA27610002936BFF3CF84800E5
:1080A800ADE62F010653B6FF1069A2FE89D451FF31
:1080B800B4B8860127DEA4FFDD69FB01EF707D00FF
:1080C8003F0761003F68E3FF943A0C005A3CE0FF29
:1080D80054D4FC004FD7A800F8DDC701737901001C
:1080E80024AC780020A2BBFF396B31FF932A15001E
:1080F8006AC62B01394A57007ECB51FF8187C300DE
:108108008C1FB100DD8BC20003DED7008344E7007B
:10811800B156B2FE7C97B400B87C260146A3110084
:10812800F9FBB5012A37E300E2A12C0017EC6E0039
:1081380033958E015D05EC00DAB76AFE43184D00F1
:1081480028F5D1FFDE799900A5391E00537D3C0042
:1081580046265201E506BC006DDE9DFF37763FFFDF
:10816800CD97BA00E32195FFFEB0F601E3B1E30035
:10817800226AA3FEB02B4F006A5F4E01B9F17AFF65
:10818800B90E3D002401CA000DB2A2FFF70B84000E
:10819800A1E65C014101B9FFD432A5018D9240FFEF
:1081A8009EF2DA0015A47D00D58B7A01434757006B
:1081B800CB9EB201975C2B00986F05FF2703EFFF5A
:1081C800D9FFFAFFB03F47FF4AF54D01FAAE12FF5B
:1081D8002231E3FFF62EFBFF9A2330017D9D3DFF00
:1081E8006A244EFF61EC990088BB78FF7186ABFF6B
:1081F80013D5D9FED85ED1FFFC053D005E03CA0049
:10820800031AB7FF40BF2BFF1E171500818D4DFFC6
:1082180066780701C24C8C00BCAF34FF1151940042
:10822800E8563701E130AC00862A2AFFEE322F00EB
:10823800A912FE00149357FF0EC3EFFF45F717006E
:10824800EEE580FFB1317000A862FBFF7947F800C6
:10825800F30891FEF6E399FFDBA9B1FEFB8BA5FFBE
:108268000CA3B9FFA428ABFF999F1BFEF36D5BFF1E
:10827800DE18700112D6E7006B9DB5FEC39300FFB0
:10828800C26368FF598CBEFFB1427EFE6AB94200E4
:1082980031DA1F00FCAE9E00BC4FE601EE29E0007B
:1082A800D4EA0801880BB500A67553FF44C35E00E5
:1082B8002E84C900F0985800A43945FEA0E02AFF92
:1082C8003BD743FF77C38DFF24B479FECF2F08FF38
:1082D800AED2DF0065C544FFFF528D01FA89E9007F
:1082E800615685011050450084839F00745D6400C9
:1082F8002D8D8B0098AC9DFF5A2B5B0047992E0063
:10830800271070FFD98861FFDCC619FEB13531002E
:10831800DE5886FF800F3C00CFC0A9FFC074D1FF94
:108328006A4ED301C8D5B7FF070C7AFEDECB3CFFF7
:10833800216EC7FEFB6A7500E4E10401783A07FF85
:10834800DDC154FE70851B00BDC8C9FF8B87960030
:10835800EA37B0FF3D324100986CA9FFDC5501FFB8
:108368007087E300A21ABA00CF60B9FEF4886B00E8
:108378005D993201C66197006E0B56FF8F75AEFF8F
:1083880073D4C80005CAB700EDA40AFEB9EF3E00D1
:10839800EC7812FE627B63FFA8C9C2FE2EEAD60003
:1083A800BF8531FF63A97700BEBB230173152DFF7D
:1083B800F983480070067BFFD631B5FEA6E9220096
:1083C8005CC566FEFDE4CDFF033BC9012A622E00B1
:1083D800DB2523FFA9C326005E7CC1019C2BDF009F
:1083E8005F4885FE78CEBF007AC5EFFFB1BB4FFF6F
:1083F800FE2E0201FAA7BE0054811300CB71A6FF1E
:10840800F91FBDFE489DCAFFD04749FFCF18480055
:108418000A101201D2514CFF58D0C0FF7EF36BFFF7
:10842800EE8D78FFC779EAFF890C3BFF24DC7BFFE0
:1084380094B33CFEF00C1D0042006101241E26FF8F
:1084480073015DFF6067E7FFC59E3B01C0A4F000B4
:10845800CACA39FF18AE3000594D9B012A4CD700C3
:10846800F497E90017305100EF7F34FEE38225FFCF
:10847800F8745D017C847600ADFEC00106EB53FF05
:108488006EAFE701FB1CB60081F95DFE54B88000B1
:108498004CB53E00AF80BA00643588FE6D1DE20021
:1084A800DDE93A0114634A000016A000860D1500A4
:1084B800093437FF11598C00AF223B0054A577FFD0
:1084C800E0E2EAFF0748A6FF7B73FF0112D6F60039
:1084D800FA074701D9DCB900D4234CFF267DAF0049
:1084E800BD61D20072EE2CFF29BCA9FE2DBA9A00FC
:1084F800515C160084A0C10079D062FF0D512CFF99
:10850800CB9C5200473A15FFD072BFFE322693002B
:108518009AD8C300651912003CFAD7FFE984EBFF2B
:1085280067AF8E01100E5C008D1F6EFEEEF12DFF01
:1085380099D9EF0161A82FFFF95510011CAF3EFF33
:1085480039FE3600DEE77E00A62D75FE12BD60FFFF
:10855800E44C3200C8F45E00C6987801442245FF16
:108568000C41A0FE65135A00A7C578FF4436B9FF31
:1085780029DABC0071A830005869BD011A5220FFE1
:10858800B95DA401E4F0EDFF42B63500ABC55CFF70
:108598006B09E901C77890FF4E310AFF6DAA69FFA0
:1085A8005A041FFF1CF471FF4A3A0B003EDCF6FF29
:1085B800799AC8FE90D2B2FF7E3981012BFA0EFF5C
:1085C800656F1C012F56F1FF3D4696FF354905FFA3
:1085D8001E1A9E00D11A56008AED4A00A45FBC00FC
:1085E8008E3C1DFEA274F8FFBBAFA00097121000CE
:1085F800D16F41FECB8627FF586C31FF831A47FFA6
:10860800DD1BD7FE68695DFF1FEC1FFE8700D3FFE7
:108618008F7F6E01D449E500E943A7FEC301D0FF6F
:108628008411DDFF33D95A0043EB32FFDFD28F00CC
:10863800B3358201E96AC600D9ADDCFF70E518FFE1
:10864800AF9A5DFE47CBF6FF304285FF0388E6FF11
:1086580017DD71FEEB6FD500AA785FFEFBDD020027
:108668002D829EFE695ED9FFF234B4FED5442DFFFB
:1086780068261C00F49E4C00A1C860FFCF350DFF92
:10868800BB439400AA36F80077A2B2FF53140B003C
:108698002A2AC001929FA3FFB7E86F004DE515FF96
:1086A80047358F001B4C2200F6882FFFDB27B6FFCB
:1086B8005CE0C901138E0EFF45B6F1FFA376F50005
:1086C800096D6A01AAB5F7FF4E2FEEFF54D2B0FF2D
:1086D800D56B8B0027260B0048159600488245006D
:1086E800CD4D9BFE8E851500476FACFEE22A3BFF01
:1086F800B300D7012180F100EAFC0D01B84F080052
:108708006E1E49FFF68DBD00AACFDA014A9A45FFD1
:108718008AF631FF9B2064007D4A69FF5A553DFF68
:1087280023E5B1FF3E7DC1FF9956BC014978D400CD
:10873800D17BF6FE87D126FF973A2C015C45D6FF00
:108748000E0C58FFFC99A6FFFDCF70FF3C4E53FF5F
:10875800E37C6E00B460FCFF357521FEA4DC52FF9B
:1087680029011BFF26A4A6FFA463A9FE3D9046FF8E
:10877800C0A612006BFA4200C541320001B312FFD5
:10878800FF6801FF2B9923FF506FA8006EAFA80068
:1087980029692DFFDB0ECDFFA4E98CFE2B017600A5
:1087A800E943C300B2529FFF8A577AFFD4EE5AFFBB
:1087B80090237CFE198CA400FBD72CFE85466BFF0A
:1087C80065E350FE5CA93700D72A310072B455FF23
:1087D80021E81B01ACD519003EB07BFE208518FFAF
:1087E800E1BF3E005D469900B52A680116BFE0FF6B
:1087F800C8C88CFFF9EA250095398D00C338D0FF29
:10880800FE8246FF20ADF0FF1DDCC7006E6473FFDB
:1088180084E5F900E4E9DFFF25D8D1FEB2B1D1FF44
:10882800B72DA5FEE06172008961A8FFE1DEAC000A
:10883800A50D3101D2EBCCFFFC041CFE46A097002D
:10884800E8BE34FE53F85DFF3ED74D01AFAFB3FF2E
:10885800A03242007930D0003FA9D1FF00D2C80031
:10886800E0BB2C0149A2520009B08FFF134CC1FF95
:108878001D3BA701182B9A001CBEBE008DBC8100B1
:10888800E8EBCBFFEA006DFF36419F003C58E8FF5C
:1088980079FD96FEFCE983FFC66E2901534D47FF1B
:1088A800C8163BFE6AFDF2FF150CCFFFED42BD0076
:1088B8005AC6CA01E1AC7F003516CA0038E6840002
:1088C8000156B7006DBE2A00F344AE016DE49A006C
:1088D800C8B17A0123A0B7FFB13055FF5ADAA9FF12
:1088E800F8984E00CAFE6E0006342B008E6241FFD7
:1088F8003F911600466A5D00E88A6B016EB33DFF42
:10890800D381DA01F2D15C00235AD901B68F6AFF0C
:108918007465D9FF72FADDFFADCC06003C96A30062
:1089280049AC2CFFEF6E50FFED4C99FEA18CF9007D
:1089380095E8E500851F28FFAEA477007133D600BF
:1089480081E402FE4022F3006BE3F4FFAE6AC8FF45
:108958005499460132231000FA4AD8FEECBD42FF72
:1089680099F90D00E6B204FFDD29EE0076E379FF00
:108978005E578CFEFE775C0049EFF6FE7557800067
:1089880013D391FFB12EFC00E55BF6014580F7FF9C
:10899800CA4D3601080B09FF9960A600D9D6ADFF6C
:1089A80086C0020100CF0000BDAE6B018C8664005A
:1089B8009EC1F301B666AB00EB9A33008E057BFFD0
:1089C8003CA85901D90E5CFF13D60501D3A7FE00B8
:1089D8002C06CAFE7812ECFF0F71B8FFB8DF8B00C7
:1089E80028B177FEB67B5AFFB0A5B000F74DC2009C
:1089F8001BEA7800E700D6FF3B271E007D6391FF46
:108A0800964444018DDEF800997BD2FF6E7F98FF73
:108A1800E521D60187DDC500896102000C8FCCFFF6
:108A28005129BC00734F82FF5E03840098AFBBFFDF
:108A38007C8D0AFF7EC0B3FF0B67C60095062D002C
:108A4800DB55BB01E612B2FF48B6980003C6B8FF73
:108A58008070E00161A1E600FE6326FF3A9FC50031
:108A68009742DB003B458FFFB970F90077882FFFED
:108A78007B828400A8475FFF71B02801E8B9AD0088
:108A8800CF5D7501449D6CFF660593FE3161210041
:108A980059416FFEF71EA3FF7CD9DD0166FAD800A5
:108AA800C6AE4BFE39371200E305EC01E5D5AD0043
:108AB800C96DDA0131E9EF001E379E0119B26A006B
:108AC8009B6FBC015E7E8C00D71FEE014DF010003D
:108AD800D5F219012647A800CDBA5DFE31D38CFF27
:108AE800DB00B4FF8676A500A09386FF6EBA23FF4D
:108AF800C6F32A00F392770086EBA30104F187FFFF
:108B0800C12EC1FE67B44FFFE104B8FEF2768200C1
:108B18009287B001EA6F1E004542D5FE29607B00AE
:108B2800795E2AFFB2BFC3FF2E822A00755408FF60
:108B3800E931D6FEEE7A6D0006475901ECD37B0089
:108B4800F40D30FE77940E00721C56FF4BED19FFA2
:108B580091E510FE816435FF869678FEA89D320067
:108B6800174868FFE0310E00FF7B16FF97B997FFA3
:108B7800AA50B80186B6140029646501992110002D
:108B88004C9A6F0156CEEAFFC0A0A4FEA57B5DFFFC
:108B980001D8A4FE4311AFFFA90B3BFF9E293DFF5F
:108BA80049BC0EFFC30689FF16931DFF146703FF18
:108BB800F682E3FF7A288000E22F18FE23242000A3
:108BC80098BAB7FF45CA1400C385C300DE33F7005F
:108BD800A9AB5E01B700A0FF40CD12019C530FFF67
:108BE800C53AF9FEFB596EFF320A58FE332BD800FE
:108BF80062F2C601F5977100ABECC201C51FC7FF51
:108C0800E5512601293B1400FD68E600985D0EFF3A
:108C1800F6F292FED6A9F0FFF0666CFEA0A7EC0073
:108C28009ADABC0096E9CAFF1B13FA01024785FFCE
:108C3800AF0C3F0191B7C600687873FF82FBF7005D
:108C480011D4A7FF3E7B84FFF764BD009BDF98002B
:108C58008FC521009B3B2CFF965DF0017F0357FFDA
:108C68005F47CF01A75501FFBC9874FF0A1717008B
:108C780089C35D0136626100F000A8FF94BC7F00E3
:108C8800866B97004CFDAB005A84C00092163600E4
:108C9800E04236FEE6BAE5FF27B6C40094FB82FF41
:108CA80041836CFE8001A000A931A7FEC7FE94FF96
:108CB800FB068300BBFE81FF55523E00B2173AFF08
:108CC800FE840500A4D5270086FC92FE253551FFB9
:108CD8009B865200CDA7EEFF5E2DB4FF8428A1002D
:108CE800FE6F7001364BD900B3E6DD01EB5EBFFFC6
:108CF80017F33001CA91CBFF27762AFF758DFD0047
:108D0800FE00DE002BFB320036A9EA015044D000F9
:108D180094CBF3FE9107870006FE0000FCB97F00A4
:108D2800620881FF262348FFD324DC01281A590052
:108D3800A840C5FE03DEEFFF0253D7FEB49F6900CB
:108D48003A73C200BA746AFFE5F7DBFF8176C100A7
:108D5800CAAEB701A6A14800C96B93FEED884A00C8
:108D6800E9E66A01696FA80040E01E0101E5030019
:108D78006697AFFFC2EEE4FFFEFAD400BBED7900C0
:108D880043FB6001C51E0B00B75FCC00CD598A00BC
:108D980040DD2501FFDF1EFFB230D3FFF1C85AFFC7
:108DA800A7D160FF3982DD002E72C8FF3DB84200AE
:108DB80037B618FE6EB62100ABBEE8FF725E1F0024
:108DC80012DD08002FE7FE00FF705300760FD7FF73
:108DD800AD1928FEC0C11FFFEE1592FFABC176FF8B
:108DE80065EA35FE83D4700059C06B0108D01B00BA
:108DF800B5D90FFFE795E8008CEC7E009009C7FF16
:108E08000C4FB5FE93B6CAFF136DB6FF31D4E1001F
:108E18004AA3CB00AFE994001A703300C1C109FF1F
:108E28000F87F90096E38200CC00DB0118F2CD0031
:108E3800EED075FF16F470001AE522002550BCFF2D
:108E4800262DCEFEF05AE1FF1D032FFF2AE04C002D
:108E5800BAF3A70020840FFF05337D008B87180025
:108E680006F1DB00ACE585FFF6D63200E70BCFFF55
:108E7800BF7E5301B4A3AAFFF5381801B2A4D3FFEB
:108E88000310CA01623976FF8D8359FE2133180019
:108E9800F3955BFFFD340E0023A943FE311E58FFF6
:108EA800B31B24FFA58CB7003ABD9700581F0000DC
:108EB8004BA942004265C7FF18D8C70179C41AFFF9
:108EC8000E4FCBFEF0E251FF5E1C0AFF53C1F0FFCC
:108ED800CCC183FF5E0F5600DA289D0033C1D10054
:108EE80000F2B10066B9F7009E6D740026875B003A
:108EF800DFAF9500DC4201FF563CE800196025FF12
:108F0800E17AA201D7BBA8FF9E9D2E0038ABA20034
:108F1800E8F065017A160900330915FF3519EEFFE7
:108F2800D91EE8FE7DA994000DE866009409250085
:108F3800A5618D01E4832900DE0FF3FFFE12110005
:108F4800063CED016A0371003B84BD005C701E00A5
:108F580069D0D5003054B3FFBB79E7FE1BD86DFF4D
:108F6800A2DD6BFE49EFC3FFFA1F39FF958759FF52
:108F7800B917730103A39DFF1270FA001939BBFFDB
:108F8800A160A4002F10F3000C8DFBFE43EAB8FF8C
:108F98002912A100AF0660FFA0AC34FE18B0B7FFDD
:108FA800C6C155017C7989FF973272FFDCCB3CFF43
:108FB800CFEF050100266BFF37EE5EFE46985E0098
:108FC800D5DC4D01781145FF55A4BEFFCBEA510011
:108FD800263125FE3D907C00894E31FEA8F73000F1
:108FE8005FA4FC0069A98700FDE4860040A64B0049
:108FF800514914FFCFD20A00EA6A96FF5E225AFF4F
:10900800FE9F39FEDC8563008B93B4FE1817B90008
:1090180029391EFFBD614C0041BBDFFFE0AC25FFD5
:10902800223E5F01E790F0004D6A7EFE40985B00AB
:109038001D629B00E2FB35FFEAD305FF90CBDEFF04
:10904800A4B0DDFE05E71800B37ACD00240186FF41
:109058007D4697FE61E4FC00AC8117FE305AD1FFD3
:1090680096E0520154861E00F1C42E006771EAFF93
:109078002E6579FE287CFAFF872DF2FE09F9A8FFF4
:109088008C6C83FF8FA3AB0032ADC7FF58DE8EFF19
:10909800C85F9E008EC0A3FF077587006F7C16000F
:1090A800EC0C41FE442641FFE3AEFE00F4F5260039
:1090B800F032D0FFA13FFA003CD1EF007A23130031
:1090C8000E21E6FE029F71006A147FFFE4CD600066
:1090D80089D2AEFEB4D490FF59629A0122588B000F
:1090E800A7A27001416EC500F125A900423883FF8F
:1090F8000AC953FE85FDBBFFB1702DFEC4FB0000FD
:10910800C4FA97FFEEE8D6FF96D1CD001CF07600A2
:10911800474C5301EC635B002AFA8301601240FF5D
:1091280076DE230071D6CBFF7A77B8FF421324008E
:10913800CC40F90092598B00863E870168E96500AA
:10914800BC541A0031F98100D0D64BFFCF824DFFB5
:1091580073AFEB00AB0289FFAF91BA0137F587FF18
:109168009A56B501643AF6FF6DC73CFF52CC86FFAC
:10917800D731E6018CE5C0FFDEC1FBFF51880FFF48
:10918800B395A2FF17271DFF075F4BFEBF51DE00F7
:10919800F1515AFF6B31C9FFF4D39D00DE8C95FF66
:1091A80041DB38FEBDF65AFFB23B9D0130DB34008F
:1091B8006222D7001C11BBFFAFA918005C4FA1FFAA
:1091C800ECC8C201938FEA00E5E10701C5A80E00CB
:1091D800EB333501FD78AE00C506A8FFCA75AB00B4
:1091E800A315CE0072555AFF0F290AFFC213630058
:1091F8004137D8FEA292740032CED4FF40921DFFB0
:109208009E9E830164A582FFAC1781FF7D3509FF0F
:109218000FC112011A310BFFB5AEC90187C90EFF84
:1092280064139500DB624F002A638FFE600030FFF5
:10923800C5F953FE68954FFFEB6E88FE52802CFFF0
:10924800412924FE58D30A00BB79BB006286C700B7
:10925800ABBCB3FED20BEEFF427B82FE34EA3D008C
:10926800307117FE065678FF77B2F5005781C900AE
:10927800F28DD100CA7255009416A10067C3300060
:109288001931ABFF8A438200B6497AFE94188200EE
:10929800D3E59A00209B9E0054693D00B1C209FFA6
:1092A800A65956013653BB00F92875FF6D03D7FF41
:1092B80035922C013F2FB300C2D803FE0E5488000C
:1092C80088B10DFF48F3BAFF75117DFFD33AD3FF7C
:1092D8005D4FDF005A58F5FF8BD16FFF46DE2F0038
:1092E8000AF64FFFC6D9B200E3E10B014E7EB3FF89
:1092F8003E2B7E00679423008108A5FEF5F09400BC
:109308003D338E0051D086000F8973FFD377ECFF71
:109318009FF5F8FF028688FFE68B3A01A0A4FE00BD
:1093280072558DFF31A6B6FF9046540155B6070019
:109338002E355D0009A6A1FF37A2B2FF2DB8BC00EB
:10934800921C2CFEA95A310078B2F1010E7B7FFFE6
:1093580007F1C701BD4232FFC68F65FEBDF387FF27
:109368008D1818FE4B61570076FB9A01ED369C006C
:10937800AB92CFFF83C4F6FF8840710197E83900AC
:10938800F0DA7300313D1BFF40814901FCA91BFF46
:1093980028840A015AC9C1FFFC79F001BACE290014
:1093A8002BC661009164B700CCD850FEAC96410042
:1093B800F9E5C4FE687B49FF4D6860FE82B4080089
:1093C800687B3900DCCAE5FF66F9D300560EE8FF72
:1093D800B64ED100EFE1A4006A0D20FF784911FFD5
:1093E8008643E90053FEB500B7EC7001304083FFB7
:1093F800F1D8F3FF41C1E200CEF164FE6486A6FF16
:10940800EDCAC500370D5100207C66FF28E4B10085
:1094180076B51F01E7A086FF77BBCA00008E3CFF28
:109428008026BDFFA6C99600CF781A0136B8AC00D1
:109438000CF2CCFE8542E60022261F01B8705000CF
:109448002033A5FEBFF337003A4992FE9BA7CDFF14
:10945800646898FFC5FECFFFAD13F700EE0ACA0097
:10946800EF97F2005E3B27FFF01D66FF0A5C9AFF4C
:10947800E554DBFFA1815000D05ACC01F0DBAEFFF0
:109488009E66910135B24CFF346CA80153DE6B0027
:10949800D3246D00763A3800081D1600EDA0C700E9
:1094A800AAD19D0089472F008F562000C6F20200DE
:1094B800D43088015CACBA00E697690160BFE5006A
:1094C8008A50BFFEF0D882FF622B06FEA8C4310086
:1094D800FD125B01904979003D9227013F6818FF12
:1094E800B8A570FE7EEB620050D562FF7B3C57FF4B
:1094F800528CF501DF78ADFF0FC68601CE3CEF0038
:10950800E7EA5CFF21EE13FFA5718E01B077260014
:10951800A02BA6FEEF5B69006B3DC2011904440055
:109528000F8B3300A4846AFF22742EFEA85FC50047
:1095380089D41700489C3A00897045FE96699AFFBD
:10954800ECC99D0017D49AFF8852E3FEE23BDDFF89
:109558005F95C000517634FF212BD7010E934BFF46
:10956800599C79FE0E124F0093D08B0197DA3EFF7B
:109578009C580801D2B862FF14AF7BFF6653E50020
:10958800DC41740196FA04FF5C8EDCFF22F742FF8F
:10959800CCE1B3FE975197004728ECFF8A3F3E0085
:1095A800064FF0FFB7B9B50076321B003FE3C000A5
:1095B8007B633A0132E09BFF11E1DFFEDCE04DFF07
:1095C8000E2C7B018D80AF00F8D4C800963BB7FF06
:1095D80093611D0096CCB500FD2547009155770095
:1095E8009AC8BA000280F9FF53187C000E578F0002
:1095F800A833F5017C97E7FFD0F0C5017CBEB90020
:10960800303AF60014E9E8007D1262FF0DFE1FFFF4
:10961800F5B182FF6C8E2300AB7DF2FE8C0C22FF2D
:10962800A5A1A200CECD6500F719220164913900E9
:109638002746390076CCCBFFF200A200A5F41E0025
:10964800C674E200806F99FF8C36B6013C7A0FFF32
:109658009B3A39013632C600ABD31DFF6B8AA7FF90
:10966800AD6BC7FF6DA1C1005948F2FFCE7359FF1A
:10967800FAFE8EFEB1CA5EFF51593200076942FFF9
:1096880019FEFFFECB4017FF4FDE6CFF27F94B009A
:10969800F17C3200EF988500DDF169009397620054
:1096A800D5A179FEF2318900E925F9FE2AB71B0018
:1096B800B877E6FFD920A3FFD0FBE401893E83FFFA
:1096C8004F4009FE5E307100118A32FEC1FF16005C
:1096D800F712C5014337680010CD5FFF30254200FF
:1096E800379C3F0140524AFFC83547FEEF437D0093
:1096F8001AE0DE00DF895DFF1EE0CAFF09DC840096
:10970800C626EB01668D56003C2B5101881C1A00B9
:10971800E92408FECFF29400A4A23F00332EE0FF14
:1097280072304FFF09AFE200DE03C1FF2FA0E8FF50
:10973800FF5D69FE0E2AE6001A8A5201D02BF4005A
:109748001B2726FF62D07FFF4095B6FF05FAD100A0
:10975800BB3C1CFE3119DAFFA974CDFF77127800E3
:109768009C7493FF84356DFF0D0ACA006E53A700E1
:109778009DDB89FF060382FF32A71EFF3C9F2FFF58
:1097880081809DFE5E03BD0003A6440053DFD70021
:10979800965AC2010FA84100E35333FFCDAB42FFF5
:1097A80036BB3C0198662DFF779AE100F0F78800F8
:1097B80064C5B2FF8B47DFFFCC52100129CE2AFFC8
:1097C8009CC0DDFFD87BF4FFDADAB9FFBBBAEFFF44
:1097D800FCACA0FFC334160090AEB5FEBB6473FFAB
:1097E800D34EB0FF1B07C10093D568FF5AC90AFFC3
:1097F800507B42011621BA00010763FE1ECE0A0003
:10980800E5EA0500351ED2008A08DCFE4737A700C6
:1098180048E1560176BEBC00FEC16501ABF9ACFF5C
:109828005E9EB7FE5D026CFFB05D4CFF49634FFF63
:109838004A4081FEF62E410063F17FFEF69766FFEF
:109848002C35D0FE3B66EA009AAFA4FF58F2200000
:109858006F260100FFB6BEFF73B00FFEA93C810062
:109868007AEDF1005A4C3F003E4A78FF7AC36E0009
:109878007704B200DEF2D20082212EFE9C28290055
:10988800A792700131A36FFF79B0EB004CCF0EFFA8
:109898000319C60129EBD5005524D601315C6DFFAB
:1098A800C8181EFEA8ECC30091277C01ECC39500E4
:1098B8005A24B8FF4355AAFF26231AFE837C44FF87
:1098C800EF9B23FF36C9A400C41675FF310FCD00E6
:1098D80018E01D017E7190007515B600CB9F8D00B4
:1098E800DF874D00B0E6B0FFBEE5D7FF6325B5FFC3
:1098F80033158AFF19BD59FF3130A5FE982DF700A1
:10990800AA6CDE0050CA05001B4567FECC1681FF15
:10991800B4FC3EFED2015BFF926EFEFFDBA21C0090
:10992800DFFCD5013B082100CE10F40081D33000C4
:109938006BA0D000703BD1006D4DD8FE2215B9FF49
:10994800F66338FFB38B13FFB91D32FF5459130068
:109958004AFA62FFE12AC8FFC0D9CDFFD210A7009A
:1099680063845F012BE63900FE0BCBFF63BC3FFF2E
:1099780077C1FBFE50693600E8B5BD01B74570FFF9
:10998800D0ABA5FF2F6DB4FF7B53A50092A234FF87
:109998009A0B04FF97E35AFF928961FE3DE929FF7C
:1099A8005E2A37FF6CA4EC009844FE000A8C83FF03
:1099B8000A6A4FFEF39E890043B242FEB17BC6FF9E
:1099C8000F3E2200C5582AFF955FB1FF9800C6FFD9
:1099D80095FE71FFE15AA3FF7DD9F7001211E0004F
:1099E800804278FEC01909FF32DDCD0031D446002F
:1099F800E9FFA40002D10900DD34DBFEACE0F4FF8E
:109A08005E38CE01F2B302FF1F5BA401E62E8AFF87
:109A1800BDE6DC00392F3DFF6F0B9D00B15B980060
:109A28001CE6620061577E00C65991FFA74F6B0084
:109A3800F94DA0011DE9E6FF961556FE3C0BC10045
:109A4800972524FEB996F3FFE4D45301AC97B400EC
:109A5800C9A99B00F43CEA008EEB040143DA3C0000
:109A6800C0714B0174F3CFFF41AC9B00511E9CFFAA
:109A7800504821FE12E76DFF8E6B15FE7D1A84FF9C
:109A8800B0103BFF96C93A00CEA9C900D079E200D0
:109A980028AC0EFF963D5EFF38399CFF8D3C91FF48
:109AA8002D6C95FFEE919BFFD1551FFEC00CD20087
:109AB80063625DFE98109700E1B9DC008DEB2CFF26
:109AC800A0AC15FE471A1FFF0D405DFE1C38C600EE
:109AD800B13EF801B608F100A66594FF4E5185FF26
:109AE80081DED701BCA981FFE807610031703CFF26
:109AF800D9E5FB00776C8A0027137BFE8331EB00E6
:109B08008454910082E694FF194ABB0005F536FF9C
:109B1800B9DBF10112C2E4FFF1CA66006971CA003B
:109B28009BEB4F001509B2FF9C01EF00C8943D0064
:109B380073F7D2FF31DD87003ABD0801232E0900F3
:109B4800514105FF349EB9FF7D742EFF4A8C0DFFED
:109B5800D25CACFE93174700D9E0FDFE736CB4FFEE
:109B6800913A30FEDBB118FF9CFF3C019A93F2005A
:109B7800FD865700354BE50030C3DEFF1FAF32FFCF
:109B88009CD278FFD023DEFF12F8B301020A65FFEA
:109B98009DC2F8FF9ECC65FF68FEC5FF4F3E0400DE
:109BA800B2AC65016092FBFF410A9C000289A5FFE7
:109BB8007404E700F2D7010013231DFF2BA14F0007
:109BC8003B95F601FB42B000C82103FF506E8EFFA3
:109BD800C3A11101E43842FF7B2F91FE8404A40045
:109BE80043AEAC0019FD720057615701FADC54000E
:109BF800605BC8FF257D3B0013417600A134F1FF6F
:109C0800EDAC06FFB0BFFFFF014182FEDFBEE600FC
:109C180065FDE7FF92236D00FA1D4D013100130029
:109C28007B5A9B01165620FFDAD541006F5D7F00F5
:109C38003C5DA9FF087FB60011BA0EFEFD89F6FF4C
:109C4800D51930FE4CEE00FFF85C46FF63E08B0050
:109C5800B809FF0107A4D000CD83C60157D6C700B5
:109C680082D65F00DD95DE001726ABFEC56ED500F7
:109C78002B738CFED7B1760060344201759EED00DF
:109C88000E40B6FF2E3FAEFF9E5FBEFFE1CDB1FF97
:109C98002B058EFFAC63D4FFF4BB93001D3399FFF3
:109CA800E47418FE1E65CF0013F696FF86E70500DC
:109CB8007D86E2014D416200EC8221FF056E3E0087
:109CC800456C7FFF07711600911453FEC2A1E7FF90
:109CD80083B53C00D9D1B1FFE594D4FE0383B80025
:109CE80075B1BB011C0E1FFFB0665000325497FFC0
:109CF8007D1F36FF159D85FF13B38B01E0E81A0021
:109D08002275AAFFA7FCABFF498DCEFE81FA23007E
:109D1800484FEC01DCE514FF29CAADFF634CEEFFA8
:109D2800C616E0FF6CC6C3FF248D6001EC9E3BFFA6
:109D38006A6457006EE20200E3EADE009A5D77FF8C
:109D48004A70A4FF435B02FF159121FF66D689FF85
:109D5800AFE667FEA3F6A6005DF774FEA7E01CFF5A
:109D6800DC023901ABCE54007BE411FF1B7877008D
:109D7800770B9301B42FE1FF68C8B9FEA502720002
:109D88004D4ED4002D9AB1FF18C479FE529DB600ED
:109D98005A10BE010C93C5005FEF98FF0BEB47000C
:109DA800569277FFAC86D6003C83C400A1E18100BF
:109DB8001F8278FE5FC8330069E7D2FF3A0994FF33
:109DC8002BA8DDFF7CED8E00C6D332FE2EF5670092
:109DD800A4F854009846D0FFB475B100464FB900B6
:109DE800F34A2000959CCF00C5C4A101F535EF00CA
:109DF8000F5DF6FE8BF031FFC45824FFA2267B00CE
:109E080080C89D01AE4C67FFADA922FED801ABFF0B
:109E18007233110088E4C2006E9638FE6AF69F001D
:109E280013B84FFF964DF0FF9B50A2000035A9FFD5
:109E38001D975600445E10005C076EFE627595FF24
:109E4800F94DE6FFFD0A8C00D67C5CFE2376EB001C
:109E5800593039011635A600B8903DFFB3FFC2004E
:109E6800D6F83DFE3B6EF600791551FEA603E400D8
:109E78006A401AFF45E886FFF2DC35FE2EDC550005
:109E88007195F7FF61B367FFBE7F0B0087D1B600FE
:109E98005F348101AA90CEFF7AC8CCFFA8649200F3
:109EA8003C9095FE463C28007A34B1FFF6D365FF16
:109EB800AEED080007337800131FAD007EEF9CFF5E
:109EC8008FBDCB00C48058FFE985E2FF1E7DADFF42
:109ED800C96C32007B643BFFFEA30301DD94B5FF30
:109EE800D68839FEDEB489FFCF5836FF1C21FBFF28
:109EF80043D63401D2D0640051AA5E0091283500BF
:109F0800E06FE7FE231CF4FFE2C7C3FEEE11E60094
:109F1800D9D9A4FEA99DDD00DA2EA201C7CFA3FFDF
:109F28006C73A2010E60BBFF763C4C00B89F980092
:109F3800D1E747FE2AA4BAFFBA9933FEDDABB6FFD4
:109F4800A28EAD00EB2FC100078B10015FA440FF6C
:109F580010DDA600DBC51000841D2CFF644575FFCD
:109F68003CEB58FE2851AD0047BE3DFFBB589D0055
:109F7800E70B1700ED75A400E1A8DFFF9A7274FFE4
:109F8800A398F2011820AA007D6271FEA8134C0064
:109F9800119DDCFE9B340500136FA1FF475AFCFF9F
:109FA800AD6EF0000AC679FFFDFFF0FF427BD200DC
:109FB800DDC2D7FE79A311FFE1076300BE31B60009
:109FC80073098501E81A8AFFD54484002C777AFF43
:109FD800B3623300955A6A004732E6FF0A9976FF62
:109FE800B1461900A557CD00378AEA00EE1E610078
:109FF800719BCF0062997F00226BDBFE7572ACFF0C
:10A008004CB4FFFEF239B3FFDD22ACFE38A231FFBB
:10A018005303FFFF71DDBDFFBC19E4FE105859FF63
:10A02800471CC6FE161195FFF379FEFF6BCA63FF46
:10A0380009CE0E01DC2F99006B8927016131C2FF1F
:10A048009533C5FEBA3A0BFF6B2BE801C8060EFF25
:10A05800B58541FEDDE4ABFF7B3EE701E3EAB3FFF4
:10A0680022BDD4FEF4BBF900BE0D50018259010097
:10A07800DF85AD0009DEC6FF427F4A00A7D85DFF35
:10A088009BA8C6014291000044662E01AC5A9A0072
:10A09800D8804BFFA02833009E111B017CF03100B3
:10A0A800ECCAB0FF977CC0FF26C1BE005FB63D007A
:10A0B800A3937CFFFFA533FF1C2811FED7604E0039
:10A0C8005691DAFE1F24CAFF560905006F29C8FFFA
:10A0D800ED6C6100393E2C0075B80F012DF174004C
:10A0E8009801DCFF9DA5BC00FA0F83013C2C7DFF85
:10A0F80041DCFBFF4B32B800355A80FFE750C2FF06
:10A1080088817F011512BBFF2D3AA1FF47932200DA
:10A11800AEF90BFE238D1D00EF44B1FF736E3A00BC
:10A12800EEBEB10157F5A6FFBE31F7FF9253B8FF57
:10A13800AD0E27FF92D768008EDF780095C89BFF89
:10A14800D4CF910110B5D900AD2057FFFF23B5003A
:10A1580077DFA101C8DF5EFF4606BAFFC04355FF9F
:10A1680032A99800901A7BFF38F3B3FE1444880094
:10A17800278CBCFEFDD005FFC87387012BACE5FF1B
:10A188009C68BB0097FBA700348717009799480085
:10A1980093C56BFE949E05FFEE8FCE007E9989FFD6
:10A1A8005898C5FE0744A700FC9FA5FFEF4E36FF51
:10A1B800183F37FF26DE5E00EDB70CFFCECCD2008D
:10A1C8001327F6FE1E4AE700876C1D01B3730000D3
:10A1D800757674018406FCFF9181A10169438D00A5
:10A1E8005225E2FFEEE2E4FFCCD681FEA27B64FFBB
:10A1F800B979EA002D6CE700420838FF84888000AE
:10A20800ACE042FEAF9DBC00E6DFE2FEF2DB4500BB
:10A21800B80E770152A23800727B1400A26755FF6E
:10A2280031EF63FE9C87D7006FFFA7FE27C4D600D7
:10A2380090264F01F9A87D009B619CFF1734DBFF36
:10A24800961690002C95A5FF287FB700C44DE9FF0E
:10A258007681D2FFAA87E6FFD677C600E9F0230009
:10A26800FD3407FF756630FF15CC9AFFB388B1FF40
:10A2780017020301958259FFFC119F01463C1A0001
:10A28800906B1100B4BE3CFF38B63BFF6E4736FFFB
:10A29800C61281FF95E057FFDF1598FF8A16B6FFB3
:10A2A800FA9CCD00EC2DD0FF4F94F2016546D10009
:10A2B800674EAE006590ACFF9888ED01BFC288007C
:10A2C80071507D0198048D009B9635FFC474F5008C
:10A2D800EF7249FE135211FF7C7DEAFF2834BF005C
:10A2E8002AD29EFF9B84A500B2052A01405C28FF64
:10A2F80024554DFFB2E47600894260FE73E24200C5
:10A308006EF045FE976F5000A7AEECFFE36C6BFF55
:10A31800BCF241FFB751FF0039CEB5FF2F22B5FF80
:10A32800D5F09E01474B5F009C2818FF66D251006C
:10A33800ABC7E4FF9A222900E3AF4B0015EFC30037
:10A348008AE55F014CC03100757B5701E3E182006B
:10A358007D3E3FFF02C6AB00FE240DFE91BACE0043
:10A3680094FFF4FF2300A6001E96DB015CE4D400F2
:10A378005CC63CFE3E85C8FFC9293B007DEE6DFFEB
:10A38800B4A3EE018C7A5200091658FFC59D2FFF21
:10A39800995E3900581EB60054A15500B2927C004F
:10A3A800A6A607FF15D0DF009CB6F2009B79B9007E
:10A3B800539CAEFE9A1076FFBA53E801DF3A79FF54
:10A3C8001D175800237D7FFFAA0595FEA40C82FF68
:10A3D8009BC41D00A160880007231D01A225FB0066
:10A3E800032EF2FF00D9BC0039AEE201CEE902002B
:10A3F80039BB88FE7BBD09FFC9757FFFBA24CC0035
:10A40800E719D800504E6900138681FF94CB4400A9
:10A418008D517DFEF8A5C8FFD69087009737A6FF17
:10A4280026EB5B00152E9A00DFFE96FF2399B4FFFA
:10A438007DB01D012B621EFFD87AE6FFE9A00C0053
:10A4480039B90CFEF07107FF050910FE1A5B6C00A4
:10A458006DC6CB00089328008186E4FF7CBA28FFEC
:10A46800726284FEA684170063452C0009F2EEFF91
:10A47800B8353B00848166FF3420F3FE93DFC8FFC4
:10A488007B53B3FE8790C9FF8D253801973CE3FFC6
:10A498005A499C01CBACBB0050972FFF5E89E7FF60
:10A4A80024BF3BFFE1D1B5FF4AD7D5FE0676B3FFFF
:10A4B8009936C1013200E700689D48018CE39AFF94
:10A4C800B6E210FE60E15CFF7314AAFE06FA4E00C5
:10A4D800F84BADFF355906FF00B4760048AD0100D2
:10A4E8004008CE01AE85DF00B93E85FFD60B62007D
:10A4F800C51FD000ABA7F4FF16E7B50196DAB9007F
:10A50800F7A96101A58BF7FF2F78950167F833004C
:10A518003C451CFE19B3C4007C07DAFE3A6B5100B7
:10A52800B8E99CFFFC4A240076BC43008D5F35FFE8
:10A53800DE5EA5FE2E3D3500CE3B73FF2FECFAFF05
:10A548004A052001819AEEFF6A20E20079BB3DFFAF
:10A5580003A6F1FE43AAACFF1DD8B2FF17C9FC0041
:10A56800FD6EF300C87D39006DC060FF3473EE00E6
:10A578002679F3FFC9382100C27682004B6019FFA3
:10A58800AA1EE6FE273FFD00242DFAFFFB01EF007F
:10A59800A0D45C012DD1ED00F32157FEED54C9FF85
:10A5A800D4129DFED4637FFFD96210FE8BACEF00FE
:10A5B800A8C982FF8FC1A9FFEE97C101D7682900FA
:10A5C800EF3DA5FE0203F20016CBB1FEB1CC16009A
:10A5D8009581D5FE1F0B29FF009F79FEA01972FFF8
:10A5E800A250C8009D970B009A864E01D836FC00F1
:10A5F8003067850069DCC500FDA84DFE35B317003E
:10A608001879F001FF2E60FF6B3C87FE62CDF9FFE1
:10A618003FF977FF783BD3FF72B437FE5B55ED0007
:10A6280095D44D013849310056C696005DD1A00039
:10A6380045CDB6FFF45A2B001424B0007A74DD001F
:10A6480033A72701E7013FFF0DC5860003D122FF8D
:10A65800873BCA00A7644E002FDF4C00B93C3E0080
:10A66800B2A67B01840CA1FF3DAE2B00C345900030
:10A678007F2FBF01222C4E0039EA3401FF1628FF34
:10A68800F65E920053E480003C4EE0FF0060D2FF8B
:10A6980099AFEC009F154900B473C4FE83E16A00CA
:10A6A800FFA786009F0870FF7844C2FFB0C4C6FFAA
:10A6B8007630A8FF5DA9010070C866014A18FE003F
:10A6C800138D04FE8E3E3F0083B3BBFF4D9C9BFF62
:10A6D8007756A400AAD092FFD0859AFF949B3AFFA0
:10A6E800A278E8FEFCD59B00F10D2A005E328300BB
:10A6F800B3AA70008C5397FF377754018C23EFFF70
:10A70800992D4301ECAF2700369767FF9E2A41FF3A
:10A71800C4EF87FE5635CB0095612FFED82311FF75
:10A728004603460167245AFF281AAD00B8300D00C9
:10A73800A3DBD9FF510601FFDDAA6CFEE9D05D005D
:10A7480064C9F9FE562423FFD19A1E01E3C9FBFF11
:10A7580002BDA7FE643903000D802900C5644B00C3
:10A7680096CCEBFF91AE3B0078F895FF5537E100AA
:10A7780072D235FEC7CC77000EF74A013FFB810045
:10A7880043689701878250004F5937FF75E69DFF50
:10A7980019608F00D591050045F1780195F35FFFA9
:10A7A800722A1400834802009A3514FF493E6D004E
:10A7B800C4669800290CCCFF7A260B01FA0A91008E
:10A7C800CF7D9400F6F4DEFF2920550170D57E0078
:10A7D800A2F9560147C67FFF51091501622704FFF8
:10A7E800CC472D014B6F8900EA3BE70020305FFF23
:10A7F800CC1F72011DC4B5FF33F1A7FE5D6D8E003D
:10A8080068902D00EB0CB5FF3470A4004CFECAFF15
:10A81800AE0EA2003DEB93FF2B40B9FEE97DD900B7
:10A82800F358A7FE4A3108009CCC42007CD67B0036
:10A8380026DD76019270EC007262B1009759C7006C
:10A8480057C57000B995A1002C60A500F8B314FF96
:10A85800BCDBD8FE283E0D00F38E8D00E5E3CEFF6D
:10A86800ACCA23FF75B0E1FF526E26012AF50EFF30
:10A878001453610031AB0A00F277780019E83D0003
:10A88800D4F093FF047338FF9111EFFECA11FBFF58
:10A89800F912F5FF6375EF00B804B3FFF6ED33FF67
:10A8A80025EF89FFA670A6FF51BC21FFB9FA8EFFDC
:10A8B80036BBAD00D070C900F62BE40168B858FF6C
:10A8C800D434C4FF33756CFFFE759B002E5B0FFFFD
:10A8D800570E90FF57E3CC00531A53019F4CE300E7
:10A8E8009F1BD50118976C007590B3FE89D1520053
:10A8F800269F0A007385C900DFB69C016EC45DFF00
:10A90800393CE90005A769FF9AC5A4006022BAFF8F
:10A9180093852501DC63BE0001A754FF1491AB00A9
:10A92800C2C5FBFE5F4E85FFFCF8F3FFE15D83FFC8
:10A93800BB86C4FFD899AA0014769EFE8C017600C7
:10A94800569E0F012DD329FF930164FE71744CFFAD
:10A95800D37F6C01670F3000C110660145335FFF7C
:10A968006B809D0089ABE9005A7C90016AA1B60012
:10A97800AF4CEC01C88DACFFA33A6800E9B434FFD2
:10A98800F0FD0EFFA271FEFF26EF8AFE342EA60010
:10A99800F16521FE83BA9C006FD03EFF7C5EA0FF6C
:10A9A8001FACFE0070AE38FFBC631BFF438AFB0080
:10A9B8007D3A80019C98AEFFB20CF7FFFC549E00D4
:10A9C80052C50EFEACC853FF25272E016ACFA7003B
:10A9D80018BD220083B29000CED50400A1E2D200B7
:10A9E800483369FF612DBBFF4EB8DFFFB01DFB0088
:10A9F8004FA056FF7425B200524DD50152548DFF19
:10AA0800E265D401AF58C7FFF55EF701AC766DFF7C
:10AA1800A6B9BE0083B5780057FE5DFF86F049FFF2
:10AA280020F58FFF8BA267FFB36212FED9CC7000AE
:10AA380093DF78FF350AF300A68C96007D50C8FF97
:10AA48000E6DDBFF5BDA01FFFCFC2FFE6D9C74FFD3
:10AA580073317F01CC57D3FF94CAD9FF1A55F9FF38
:10AA68000EF586014C59A9FFF22DE6003B62ACFFBA
:10AA7800724984FE4E9B31FF9E7E540031AF2BFFFE
:10AA880010B654FF9D67230068C16DFF43DD9A002F
:10AA9800C9AC01FE08A25800A5011DFF7D9BE5FF7A
:10AAA8001E9ADC0167EF5C00DC016DFFCAC601007D
:10AAB8005E028E0124362C00EBE29EFFAAFBD6FF35
:10AAC800B94D0900614AF200DBA395FFF02376FF38
:10AAD800DF7258FEC0C703006A2518FFC9A176FFB8
:10AAE80061596301E03A67FF65C793FEDE3C630086
:10AAF800EA193B0134871B0066035BFEA8D8EB000C
:10AB0800E5E88800683C81002EA8EE0027BF4300D6
:10AB18004BA32F008F6162FF38D8A801A8E9FCFF7A
:10AB2800236F16FF5C542B001AC857015BFD980071
:10AB3800CA3846008E084D00500AAF01FCC74C00C9
:10AB4800166E52FF8101C2000B803D01570E91FF26
:10AB5800FDDEBE010F48AE0055A356FE3A632CFF3A
:10AB68002D18BCFE1ACD0F0013E5D2FEF843C30022
:10AB78006347B8009AC725FF97F379FF26334BFF41
:10AB8800C95582FE2C41FA003993F3FE922B3BFF04
:10AB9800591C3500215418FFB33312FEBD4653002B
:10ABA8000B9CB301628677009E6F6F00779A49FF0E
:10ABB800C83F8CFE2D0D0DFF9AC002FE51482A0099
:10ABC8002EA0B9FE2C70060092D795011AB0680025
:10ABD800441C5701EC3299FFB380FAFECEC1BFFF87
:10ABE800A65C89FE3528EF00D201CCFEA8AD230073
:10ABF8008DF32D0124326DFF0FF2C2FFE39F7AFF20
:10AC0800B0AFCAFE4639480028DF3800D0A23AFF64
:10AC1800B7625D000F6F0C001E084CFF847FF6FFC3
:10AC28002DF2670045B50FFF0AD11E0003B3790066
:10AC3800F1E8DA017BC758FF02D2CA01BC8251FF92
:10AC48005E65D00167242D004CC118015F1AF1FF21
:10AC5800A5A2BB0024728C00CA4205FF25389300C8
:10AC6800980BF3017F55E8FFFA87D401B9B1710059
:10AC78005ADC4BFF45F89200326F32005C165000E8
:10AC8800F42473FEA36452FF19C106017F3D24001A
:10AC9800FD431EFE41ECAAFFA111D7FE3FAF8C0079
:10ACA800377F04004F70E9006DA028008F5307FF1D
:10ACB800411AEEFFD9A98CFF4E5EBDFF0093BEFF7F
:10ACC8009347BAFE6A4D7FFFE99DE9018757EDFF7B
:10ACD800D00DEC019B6D24FFB464DA00B4A312001C
:10ACE800BE6E0901113F7BFFB388B4FFA57B7BFFD4
:10ACF80090BC51FE47F06CFF19700BFFE3DA33FF8D
:10AD0800A732EAFF724F6CFF1F1373FFB7F063009F
:10AD1800E3578FFF48D9F8FF66A95F018195950031
:10AD2800EE850C01E3CC2300D0731A016608EA0013
:10AD380070588F0190F90E00F09EACFE6470770099
:10AD4800C28D99FE283853FF79B02E002A354CFF62
:10AD58009EBF9A005BD15C00AD0D10010548E2FF73
:10AD6800CCFE950050B8CF0064097AFE7665ABFF3B
:10AD7800FCCB00FEA0CF36003848F901388C0DFF17
:10AD88000A406BFE5B6534FFE1B5F8018BFF840078
:10AD9800E6911100E93817007701F1FFD5A997FF6F
:10ADA800636309FEB90FBFFFAD676D01AE0DFBFF11
:10ADB800B25807FE1B3B44FF0A2102FFF8613B0023
:10ADC8001A1E9201B0930A005F79CF01BC5818008F
:10ADD800B95EFEFE7337C9001832460078350600A2
:10ADE8008E429200E4E2F9FF68C0DE01AD44DB0068
:10ADF800A2B824FF8F6689FF9D0B17007D2D620086
:10AE0800EB5DE1FE3870A0FF4674F30199F937FF56
:10AE180081271101F150F400574515015EE449FFFF
:10AE28004E4241FFC2E3E7003D9257FFAD9B17FF3B
:10AE38007074DBFED8260BFF83BA85005ED4BB0096
:10AE4800642F5B00CCFEAFFFDE12D7FEAD446CFF73
:10AE5800E3E44FFF26DDD500A3E396FE1FBE1200F4
:10AE6800A0B30B010A5A5EFFDCAE5800A3D3E5FF7E
:10AE7800C7883400825FDDFF8CBCE7FE8B7180FFE2
:10AE880075ABECFE31DC14FF3B14ABFFE46DBC008A
:10AE980014E120FEC310AE00E3FE88018727690095
:10AEA800964DCEFFD2EEE20037D484FEEF397C0017
:10AEB800AAC25DFFF910F7FF18973EFF0A970A002C
:10AEC8004F8BB2FF78F2CA001ADBD5003E7D23FF14
:10AED80090026CFFE62153FF512DD801E03E11008E
:10AEE800D6D97D00629999FFB3B06AFE835D8AFF67
:10AEF8006D3E24FFB27920FF78FC4600DCF825007F
:10AF0800CC58670180DCFBFFECE307016A31C6FF20
:10AF18003C386B006372EE00DCCC5E0149BB01007B
:10AF2800599A22004ED9A5FF0EC3F9FF09E6FDFF85
:10AF3800CD87F5001AFC07FF54CD1B01860270006F
:10AF4800259E2000E75BEDFFBFAACCFF9807DE0037
:10AF58006DC03100C1A692FFE813B5FF698E34FFBA
:10AF680067101B01FDC8A500C3D904FF34BD90FFBD
:10AF78007B9BA0FE578236FF4E783DFF0E38290096
:10AF880019297DFF57A8F500D6A54600D4A906FFC4
:10AF9800DBD3C2FE485DA4FFC52167FF2B8E8D0061
:10AFA80083E1AC00F4691C004444E10088540DFFBF
:10AFB800823928FE8B4D380054963500365F9D0047
:10AFC800900DB1FE5F73BA00751776FFF4A6F1FF16
:10AFD8000BBA8700B26ACBFF61DA5D002BFD2D004A
:10AFE800A49804008B76EF00600118FEEB99D3FF5C
:10AFF800A86E14FF32EFB0007229E800C1FA3500DC
:10B00800FEA06FFE887A29FF616C4300D79817FF6E
:10B018008CD1D4002ABDA300CA2A32FF6A6ABDFFB8
:10B02800BE44D9FFE93A7500E5DCF301C503040025
:10B03800257836FE049C86FF243DABFEA58864FF78
:10B04800D4E80E005AAE0A00D8C641FF0C034000EF
:10B05800747173FFF8670800E77D12FFA01CC50034
:10B068001EB82301DF49F9FF7B142EFE873825FF20
:10B07800AD0DE50177A122FFF53D4900CD7D7000BA
:10B0880089688600D9F61EFFED8E8F00419F66FF06
:10B098006CA4BE00DB75ADFF222578FEC8455000C4
:10B0A8001F7CDAFE4A1BA0FFBA9AC7FF47C7FC00FD
:10B0B80068519F0111C82700D33DC0011AEE5B00FB
:10B0C80094D90C003B5BD5FF0B51B7FF81E67AFFA3
:10B0D80072CB910177B442FF488AB400E0956A00C8
:10B0E800775268FFD08C2B006209B6FFCD6586FFCA
:10B0F800126526005FC5A6FFCBF193003ED091FFF5
:10B1080085F6FB0002A90E000DF7B8008E07FE00B9
:10B1180024C817FF58CDDF005B8134FF15BA1E0025
:10B128008FE4D201F7EAF8FFE6451FFEB0BA87FFC1
:10B13800EECD34018B4F2B0011B0D9FE20F3430024
:10B14800F26FE9002C2309FFE372510104470CFF59
:10B158002669BF00077532FF514F10003F4441FF79
:10B168009D246EFF4DF103FFE22DFB018E19CE00E9
:10B17800787BD1011CFEEEFF05807EFF5BDED7FFEA
:10B18800A20FBF0056F0490087B951FE2CF1A30069
:10B19800D4DBD2FF70A29B00CF657600A84838FFA9
:10B1A800C405340048ACF2FF7E169DFF92603BFF59
:10B1B800A27998FE8C105F00C3FEC8FE5296A200CA
:10B1C800772B91FECCAC4EFFA6E09F006813EDFFF5
:10B1D800F57ED0FFE23BD50075D9C5009848ED0053
:10B1E800DC1F17FE0E5AE7FFBCD440013C65F6FF92
:10B1F8005518560001B16D00925320014BB6C0009E
:10B2080077F1E000B9ED1BFFB8655201EB254DFF62
:10B21800FD861300E8F67A003C6AB300C30B0C0005
:10B228006D42EB017D713B003D28A400AF68F00042
:10B23800022FBBFF320C8D00C28BB5FF87FA680066
:10B24800615CDEFFD995C9FFCBF176FF4F974300CC
:10B258007A8EDAFF95F5EF008A2AC8FE502561FF3D
:10B268007C70A7FF248A57FF821D93FFF1574EFF7A
:10B27800CC611301B1D116FFF7E37FFE637753FF6B
:10B28800D419C60110B3B300914DACFE59990EFF05
:10B29800DABDA7006BE93BFF2321F3FE2C7070FF9A
:10B2A800A17F4F01CCAF0A0028158AFE6874E4001C
:10B2B800C75F89FF85BEA8FF92A5EA01B76327008B
:10B2C800B7DC36FEFFDE8500A2DB79FE3FEF060025
:10B2D800E16636FFFB12F600042281018724830011
:10B2E800CE323B010F61B700ABD887FF65982BFFC3
:10B2F80096FB5B0026915F0022CC26FEB28C53FFA2
:10B308001981F3FF4C9025006A241AFE7690ACFF51
:10B3180044BAE5FF6BA1D5FF2EA344FF95AAFD0013
:10B32800BB110F00DAA0A5FFAB23F601600D1300D7
:10B33800A5CB7500D66BC0FFF47BB1016403680030
:10B34800B2F261FFFB4C82FFD34D2A01FA4F46FF50
:10B358003FF450016965F6003D883A01EE5BD5007F
:10B368000E3B62FFA7544D0011842EFE39AFC5FF76
:10B37800B93EB8004C40CF00ACAFD0FEAF4A250074
:10B388008A1BD3FE947DC2000A595100A8CB65FFE1
:10B398002BD5D101EBF536001E23E2FF097E4600CE
:10B3A800E27D5EFE9C7514FF39F87001E63040FFBF
:10B3B800A45CA601E0D6E6FF24788F0037082BFFAF
:10B3C800FB01F5016A62A5004A6B6AFE350436FF87
:10B3D8005AB2960103787BFFF405590172FA3DFFD2
:10B3E800FE9952014D0F110039EE5A015FDFE60058
:10B3F800EC342FFE6794A4FF79CF24011210B9FF13
:10B408004B144A00BB0B65002E3081FF16EFD2FFAC
:10B418004DEC81FF6F4DCCFF3D4861FFC7D9FBFF65
:10B428002AD7CC008591C9FF39E69201EB64C600A2
:10B43800924923FE6CC614FFB64FD2FF52678800AC
:10B44800F66CB00022113CFF134A72FEA8AA4EFF08
:10B458009DEF14FF9529A8003A791C004FB386FF89
:10B46800E77987FFAED162FFF37ABE00ABA6CD00C5
:10B47800D47430001D6C42FFA2DEB6010E771500B1
:10B48800D527F9FFFEDFE4FFB7A5C60085BE30006B
:10B498007CD06DFF77AF55FF09D1790130ABBDFF87
:10B4A800C347860188DB33FFB65B8DFE319F4800BA
:10B4B8002376F5FF70BAE3FF3B891F00892CA300B0
:10B4C80072673CFE08D59600A20A71FFC268480060
:10B4D800DC8374FFB24F5C00CBFAD5FE5DC1BDFFC3
:10B4E80082FF22FED4BC9700881114FF146553FF15
:10B4F800D4CEA600E5EE49FF974A03FFA857D70028
:10B508009BBC85FFA6814900F04F85FFB2D351FF50
:10B51800CB48A3FEC1A8A5000EA4C7FE1EFFCC0001
:10B5280041485B01A64A66FFC82A00FFC271E3FFD3
:10B538004217D000E5D864FF18EF1A000AE93EFF69
:10B548007B0AB2011A24AEFF77DBC7012DA3BE0028
:10B5580010A82A00A639C6FF1C1A1A007EA5E70003
:10B56800FB6C64FF3DE579FF3A768A004CCF110009
:10B578000D2270FE5910A80025D069FF23C9D7FFF6
:10B58800286A65FE06EF72002867E2FEF67F6EFF06
:10B598003FA73A0084F08E00059E58FF81499EFF20
:10B5A8005E599200E6369200082DAD004FA90100C1
:10B5B80073BAF7005440830043E0FDFFCFBD40005D
:10B5C8009A1C51012DB836FF57D4E0FF006049FF9F
:10B5D8008121EB01344250FFFBAE9BFF04B32500F1
:10B5E800EAA45DFE5DAFFD00C64557FFE06A2E0088
:10B5F800631DD2003EBC72FF2CEA0800A9AFF7FF1A
:10B60800176D89FFE5B62700C0A55EFEF565D90070
:10B61800BF586000C45E63FF6AEE0BFE357EF30020
:10B628005E0165FF2E930200C97C7CFF8D0CDA0059
:10B638000DA69D0130FBEDFF9BFA7CFF6A9492FFFB
:10B64800B60DCA001C3DA700D99808FEDC822DFF64
:10B65800C8E6FF01374157FF5DBF61FE72FB0E0070
:10B6680020695C011ACF8D0018CF0DFE153230FF0E
:10B67800BA9474FFD32BE1002522A2FEA4D22AFF9C
:10B68800441760FFB6D608FFF57589FF42C332003C
:10B698004B0C53FE508CA40009A52401E46EE30072
:10B6A800F1115A011934D40006DF0CFF8BF339006D
:10B6B8000C714B01F6B7BFFFD5BF45FFE60F8E00F3
:10B6C80001C3C4FF8AAB2FFF403F6A0110A9D6FF10
:10B6D800CFAE3801584985FFB6858C00B10E19FFE9
:10B6E80093B835FF0AE3A1FF78D8F4FF494DE90084
:10B6F8009DEE8B013B41E90046FBD80129B899FF33
:10B7080020CB70009293FD0057656D012C5285FF88
:10B71800F49635FF5E98E8FF3B5D27FF5893DCFF02
:10B728004E510D01202FFCFFA01372FF5D6B27FF08
:10B738007610D301B977D1FFE3DB7FFE5869ECFFC0
:10B74800A26E17FF24A66EFF5BECDDFF42EA7400D1
:10B758006F13F4FE0AE91A0020B706FE02BFF200D2
:10B76800DA9C35FE293C46FFA8EC6F0079B97EFFCC
:10B77800EE8ECFFF377E3400DC81D0FE50CCA4FFA4
:10B78800431790FEDA286CFF7FCAA400CB2103FF81
:10B79800029E00002560BCFFC0314A006D04000015
:10B7A8006FA70AFE5BDA87FFCB42ADFF96C2E200C5
:10B7B800C9FD06FFAE667900CDBF6E0035C2040034
:10B7C80051282DFE23668FFF0C6CC6FF101BE8FF67
:10B7D800FC47BA01B06E72008E037501714D8E0080
:10B7E800139CC5015C2FFC0035E816013612EB00EE
:10B7F8002E23BDFFECD481000260D0FEC8EEC7FF47
:10B808003BAFA4FF922BE700C2D934FF03DF0C0043
:10B818008A36B2FE55EBCF00E8CF2200313432FF32
:10B82800A67159FF0A2DD8FF3EAD1C006FA5F60082
:10B8380076735BFF80543C00A790CB00570DF30054
:10B84800161EE401B17192FF81AAE6FEFC9981FF00
:10B8580091E12B0046E705FF7A697EFE56F694FFD4
:10B868006E259AFED1035B0044913E00E410A5FFCB
:10B8780037DDF9FEB2D25B005392E2FE4592BA0080
:10B888005DD268FE1019AD00E7BA2600BD7A8CFFBC
:10B89800FB0D70FF696E5D00FB48AA00C017DFFF53
:10B8A8001803CA01E15DE4009993C7FE6DAA16006A
:10B8B800F865F6FFB27C0CFFB2FE66FE3704410065
:10B8C8007DD6B400B76093002D7517FE84BFF900CC
:10B8D8008FB0CBFE88B736FF92EAB100926556FF6B
:10B8E8002C7B8F0121D19800C05A29FE530F7DFF70
:10B8F800D5AC5200D7A99000100D220020D164FFCA
:10B908005412F901C511ECFFD9BAE60031A0B0FF15
:10B918006F7661FFED68EB004F3B5CFE45F90BFF6E
:10B9280023AC4A0113764400DE7CA5FFB44223FF12
:10B9380056AEF6002B4A6FFF7E9056FFE4EA5B0096
:10B94800F2D518FE452CEBFFDCB4230008F807FFFE
:10B95800662F5CFFF0CD66FF71E6AB011FB9C9FF2A
:10B96800C2F646FF7A11BB008646C7FF950396FFCD
:10B97800753F670041687BFFD4361301068D580078
:10B988005386F3FF88356700A91BB400B13118004E
:10B998006F36A700C33DD7FF1F016C013C2A460044
:10B9A800B903A2FFC29528FFF67F26FEBE7726FFC1
:10B9B8003D77080160A1DBFF2ACBDD01B1F2A4FFCE
:10B9C800F59F0A0074C40000055DCDFE807FB300BA
:10B9D8007DEDF6FF95A2D9FF572514FE8CEEC00029
:10B9E8000909C1006101E2001D260A0000883FFF25
:10B9F800E548D2FE26865CFF4EDAD001682454FF63
:10BA08000C05C1FFF2AF3DFFBFA92E01B39393FF11
:10BA180071BE8BFE7DAC1F00034BFCFED7240F00CC
:10BA2800C11B1801FF4595FF6E817600CB5DF900BB
:10BA38008A8940FE264606009974DE00A14A7B00EA
:10BA4800C1634FFF763B5EFF3D0C2B0192B19D0019
:10BA58002E93BF0010FF26000B331F013C3A62FFF4
:10BA68006FC24D019A5BF4008C289001AD0AFB006F
:10BA7800CBD132FE6C824E00E4B45A00AE07FA0015
:10BA88001FAE3C0029AB1E00746352FF76C18BFFCA
:10BA9800BBADC6FEDA6F3800B97BD800F99E34001A
:10BAA80034B45DFFC9095BFF382DA6FE849BCBFF2C
:10BAB8003AE86E0034D359FFFD00A2010957B700D8
:10BAC80091882C015E7AF50055BCAB01935CC600E9
:10BAD800000868001E5FAE00DDE63401F7F7EBFFF3
:10BAE80089AE35FF2315CCFF47E3D601E852C200E3
:10BAF8000B30E3FFAA49B8FFC6FBFCFE2C702200FE
:10BB0800836583FF48A8BB0084877DFF8A6861FF3F
:10BB1800EEB8A8FFF36854FF87D8E2FF8B90ED00DA
:10BB2800BC89960150388CFF56A9A7FFC24E19FF51
:10BB3800DC11B4FF110DC1007589D4FF8DE09700A9
:10BB480031F4AF00C163AFFF13639A01FF413EFFB9
:10BB58009CD237FFF2F403FFFA0E95009E58D9FFE6
:10BB68009DCF86FEFBE81C002E9CFBFFAB38B8FF80
:10BB7800EF33EA008E8A83FF19FEF3010AC9C20077
:10BB88003F614B00D2EFA200C0C81F0175D6F30079
:10BB98001847DEFE3628E8FF4CB76FFE900E57FFB9
:10BBA800D64F88FFD8C4D400841B8CFE8305FD00C3
:10BBB8007C6C13FF1CD74B004CDE37FEE9B63F0008
:10BBC80044ABBFFE346FDEFF0A694DFF50AAEB009D
:10BBD8008F1858FF2DE779009481E0013DF6540055
:10BBE800FD2EDBFFEF4C2100319412FEE6254500C7
:10BBF800438616FE8E9B5E001F9DD3FED52A1EFF30
:10BC080004E4F7FEFCB00DFF27001FFEF1F4FFFF70
:10BC1800AA2D0AFEFDDEF900DE728400FF2F06FF62
:10BC2800B4A3B301545E97FF59D152FEE534A9FF7E
:10BC3800D5EC0001D638E4FF877797FF70C9C100BB
:10BC480053A035FE0697420012A21100E9615B007D
:10BC580083054E01B57835FF755F3FFFED75B90077
:10BC6800BF7E88FF9077E900B73961012FC9BBFF14
:10BC7800A7A577012D647E00156206FE91965FFFE9
:10BC880078369800D16268008F6F1EFEB894F9006C
:10BC9800EBD82E00F8CA94FF395F1600F2E1A30032
:10BCA800E9F7E8FF47AB13FF67F431FF54675DFF1F
:10BCB8004479F40152E00D00294F2BFFF9CEA7FF7C
:10BCC800D73415FEC02016FFF76F3C00654A26FFE3
:10BCD800165B54FE1D1C0DFFC6E7D7FEF49AC8007C
:10BCE800DF89ED00D3840E005F40CEFF113EF7FFE1
:10BCF800E98379015D174D00CDCC34FE51BD880034
:10BD0800B4DB8A018F125E00CC2B8CFEBCAFDB004B
:10BD18006F628FFF973FA2FFD33247FE1392350021
:10BD2800922D53FEB252EEFF108554FFE2C65DFF1E
:10BD3800C96114FF787623FF7232E7FFA2E59CFF02
:10BD4800D31A0C00722773FFCED48600C5D9A0FF82
:10BD580074815EFEC7D7DBFF4BDFF901FD74B5FFC9
:10BD6800E8D768FFE482F6FFB97556000E050800AB
:10BD7800EF1D3D01ED5785FF7D9289FECCA8DF00C0
:10BD88002EA8F5009A691600DCD4A1FF6B4518FFB0
:10BD980089DAB5FFF154C6FF827AD3FF8D0899FF7F
:10BDA800BEB176006059B200FF1030FE7A6069FFBC
:10BDB8007536E8FF227E69FFCC43A600E8348AFF87
:10BDC800D3930C00193607002C0FD7FE33EC2D0047
:10BDD800BE4481016A93E1001C5D2DFEEC8D0FFFCE
:10BDE800113DA100DC73C000EC9118FE6FA8A900FA
:10BDF800E03A3FFF7FA4BC0052EA4B01E09E860078
:10BE0800D1446E01D9A6D90046E1A601BBC18FFF76
:10BE1800100758FF0ACD8C0075C09C011138260008
:10BE28001B7C6C01ABD737FF5FFDD4009B87A8FF55
:10BE3800F6B299FE9A444A00E83D60FE69843B00E8
:10BE4800214CC701BDB082FF096819FE4BC666FFC9
:10BE5800E90170006CDC14FF72E646008CC285FFB5
:10BE6800399EA4FE920650FFA9C4610155B782000D
:10BE7800469EDE013BEDEAFF60191AFFE8AF61FF5D
:10BE88000B79F8FE5823C200DBB4FCFE4A08E30035
:10BE9800C3E34901B86EA1FF31E9A40180352F0041
:10BEA800520E79FFC1BE3A0030AE75FF84172000EC
:10BEB800280A8601163319FFF00BB0FF6E3992007D
:10BEC800758FEF019D6576FF36544C00CDB812FF93
:10BED8002F0448FF4E7055FFC13242015D1034FFF8
:10BEE800086986000C6D48FF3A9CFB009023CC0043
:10BEF8002CA075FE326BC2000144A5FF6F6EA20034
:10BF08009E5328FE4CD6EA003AD8CDFFAB6093FF8B
:10BF180028E37201B0E3F10046F9B70188548BFFBA
:10BF28003C7AF7FE8F0975FFB1AE89FE49F78F009D
:10BF3800ECB97EFF3E19F7FF2D4038FFA1F406004B
:10BF48002239380169CA53008093D00006670AFF76
:10BF58004A8A41FF615064FFD6AE21FF32864AFF0C
:10BF68006E9782FE6F54AC0054C74BFEF83B70FFCF
:10BF780008D8B20109B75F00EE1B08FEAACDDC00A5
:10BF8800C3E58700624CEDFFE25B1A0152DB27FF35
:10BF9800E1BEC701D9C879FF51B308FF8C41CE0073
:10BFA800B2CF57FEFAFC2EFF68596E01FDBD9EFF09
:10BFB80090D69EFFA0F536FF35B75C0115C8C2FFC5
:10BFC80092217101D101FF00EB6A2BFFA734E80031
:10BFD8009DE5DD00331E1900FADD1B01419357FF73
:10BFE8004F7BC40041C4DFFF4C2C110155F14400C4
:10BFF800CAB7F9FF41D4D4FF09219A01473B500041
:10C00800AFC23BFF8D48090064A0F400E6D03800B9
:10C018003B194BFE50C2C2001203C8FEA09F73001A
:10C02800848FF7016F5D39FF3AED0B0186DE87FFDC
:10C038007AA36C017B2BBEFFFBBDCEFE50B648FF3A
:10C04800D0F6E001113C0900A1CF26008D6D5B0000
:10C05800D80FD3FF884E6E0062A368FF155079FF92
:10C06800ADB2B7017F8F0400683C52FED6100DFFB9
:10C0780060EE21019E94E6FF7F813EFF33FFD2FFF1
:10C088003E8DECFE9D37E0FF7227F400C0BCFAFF3E
:10C09800E44C3500625451FFADCB3DFE933237FF7F
:10C0A800CCEBBF0034C5F400582BD3FE1BBF770080
:10C0B800BCE79A004251A1005CC1A001FAE37800F4
:10C0C8007B37E200B811480085A80AFE16879CFF56
:10C0D800291967FF30CA3A00BA9551FFBC86EF00AC
:10C0E800EBB5BDFED98BBCFF4A3052002EDAE50015
:10C0F800BDFDFB0032E50CFFD38DBF0180F419FFB5
:10C10800A9E77AFE562FBDFF84B717FF25B296FF21
:10C118003389FD00C84E1F0016693200823C0000BA
:10C1280084A35BFE17E7BB00C04FEF009D66A4FF2A
:10C13800C052140118B567FFF009EA00017BA4FF9B
:10C1480085E900FFCAF2F2003CBAF500F110C7FF1A
:10C15800E0749EFEBF7D5BFFE056CF007925E7FFC8
:10C16800E309C6FF0F99EFFF79E8D9FE4B7052003B
:10C178005F0C39FE33D669FF94DC6101C762240085
:10C188009CD10CFE0AD43400D9B437FED4AAE8FFF7
:10C19800D81454FF9DFA87009D637FFE01CE2900C5
:10C1A8009524460136C4C9FF577400FEEBAB9600D0
:10C1B8001BA3EA00CA87B400D05F00FE7B9C5D0029
:10C1C800B73E4B0089EBB600CCE1FFFFD68BD2FF20
:10C1D800027308FF1D0C6F00349C0100FD15FBFF66
:10C1E80025A51FFE0C82D3006A1235FE2A639A0029
:10C1F8000ED93DFED80B5CFFC8C570FE9326C7005C
:10C2080024FC78FE6BA94D00017B9FFFCF4B660095
:10C21800A3AFC4002C01F00078BAB0FE0D624CFF49
:10C22800ED7CF1FFE892BCFFC860E000CC1F29005C
:10C23800D0C80D0015E160FFAF9CC400F7D07E00A8
:10C248003EB8F4FE02AB510055739E0036402DFFF8
:10C25800138A72008747CD00E32F9301DAE7420083
:10C26800FDD11C00F40FADFF060F76FE1096D0FF2F
:10C27800B91632FF5670CFFF4B71D7013F922BFF93
:10C2880004E113FEE3173EFF0EFFD6FE2D08CDFF97
:10C2980057C597FED252D7FFF5F8F7FF80F846004A
:10C2A800E1F757005A784600D5F55C000D85E200A5
:10C2B8002FB505015CA369FF061E85FEE8B23DFFA8
:10C2C800E69518FF12319E00E4643DFE74F3FBFF0F
:10C2D8004D4B5C0151DB93FF4CA3FEFE8DD5F60060
:10C2E800E82598FE612C6400C9253201D4F4390090
:10C2F800AEABB7FFF94A7000A69C1E00DEDD61FFF9
:10C30800F35D49FEFB6564FFD8D95DFFFE8ABBFF7C
:10C318008EBE34FF3BCBB1FFC85E340073729EFF04
:10C32800A59868017E63E2FF769DF4016BC8100052
:10C33800C15AE500790658009C205DFE7DF1D3FFC7
:10C348000EED9DFFA59A15FFB8E016FFFA1898FFA5
:10C35800714D1F00F7AB17FFEDB1CCFF348991FF8A
:10C36800C2B67200E0EA95000A6F6701C98104004D
:10C37800EE8E4E00340628FF6ED5A5FE3CCFFD009C
:10C388003ED74500606100FF312DCA00787916FF5D
:10C39800EB8B3001C62D22FFB6321B0183D25BFF27
:10C3A8002E368000AF7B69FFC68D4EFE43F4EFFF4B
:10C3B800F53667FE4E26F2FF025CF9FEFBAE57FF2C
:10C3C8008B3F9000186C1BFF226612012216980002
:10C3D80042E576FE328F630090A99501761E98009B
:10C3E800B2087901089F12005A65E6FF811D77009F
:10C3F80044240B01E8B7370017FF60FFA129C1FFEC
:10C408003F8BDE000FB3F300FF640FFF5235870048
:10C418008939950163F0AAFF16E6E4FE31B452FFAC
:10C428003D522B006EF5D900C77D3D002EFD34002E
:10C438008DC5DB00D39FC100377969FEB714810031
:10C44800A977AAFFCBB28BFF8728B6FFAC0DCAFF2E
:10C4580041B2940008CF2B007A357F014AA1300001
:10C46800E3D680FE560BF3FF64560701F54486FFBA
:10C478003D2B150198545EFFBE3CFAFEEF76E8FFAF
:10C48800D6882501714C6BFF5D68640190CE17FF5B
:10C498006E969A01E467B900DA3132FE874D8BFF58
:10C4A800B9014E0000A194FF611DE9FFCF9495FFEB
:10C4B800A0A800005B80ABFF061C13FE0B6FF70003
:10C4C80027BB96FF8AE89500753E44FF3FD8BCFF1E
:10C4D800EBEA20FE1D39A0FF190CF101A93CBF00B1
:10C4E80020838DFFED9F7BFF5EC55EFE74FE03FF1C
:10C4F8005CB361FE79615CFFAA700E001595F800C7
:10C50800F8E3030050606D004BC04A010C5AE2FF8B
:10C51800A16A4401D0727FFF722AFFFE4A1A4AFFBD
:10C52800F7B396FE798C3C009346C8FFD628A1FF46
:10C53800A1BCC9FF8D4187FFF273FC003E2FCA00E2
:10C54800B495FFFE8237ED00A511BAFF0AA9C20013
:10C558009C6DDAFF708C7BFF6880DFFEB18E6CFF0C
:10C568007925DBFF804D12FF6F6C17015BC04B0014
:10C57800AEF516FF04EC3EFF2B409901E3ADFE003B
:10C58800ED7A84017F59BAFF8E5280FEFC54AE00CA
:10C598005AB3B101F3D657FF673CA2FFD0820EFF12
:10C5A8000B828B00CE81DBFF5ED99DFFEFE6E6FFB5
:10C5B80074739FFEA46B5F0033DA0201D87DC6FF57
:10C5C8008CCA80FE0B5F44FF37095DFEAE9906FFFB
:10C5D800CCAC600045A06E00D52631FE1B50D500BE
:10C5E800767D7200464643FF0F8E49FF837AB9FF76
:10C5F800F31432FE82ED2800D29F8C01C59741FFCB
:10C6080054994200C37E5A0010EEEC0176BB66FFD7
:10C61800031885FFBB45E60038C55C01D5455EFFBC
:10C62800508AE501CE07E600DE6FE6015BE977FF99
:10C638000959070102620100944A85FF33F6B4FFE5
:10C64800E4B170013ABD6CFFC2CBEDFE15D1C30059
:10C65800930A2301569DE2001FA38BFE38074BFF68
:10C668003E5A7400B53CA9008AA2D4FE51A71F0007
:10C67800CD5A70FF2170E30053977501B1E049FF6F
:10C68800AE90D9FFE6CC4FFF164DE8FF724EEA0098
:10C69800E0397EFE09318D00F293A50168B68CFF62
:10C6A800A7840C017B447F00E1572701FB6C08003D
:10C6B800C6C18F017987CFFFAC164600324474FF9C
:10C6C80065AF28FFF869E900A6CB07006EC5DA0058
:10C6D800D7FE1AFEA8E2FD001F8F60000B67290035
:10C6E800B781CBFE64F74AFFD57E8400D2932C0035
:10C6F800C7EA1B01942FB5009B5B9E013669AFFF0B
:10C70800024E91FE669A5F0080CF7FFE347CECFF7C
:10C7180082544700DDF3D30098AACF00DE6AC70031
:10C72800B7545EFE5CC838FF8AB673018E6092000B
:10C738008588E4006112960037FB42008C6604008D
:10C74800CA6797001E13F8FF33B8CF00CAC659004E
:10C7580037C5E1FEA95FF9FF424144FFBCEA7E000C
:10C76800A6DF640170EFF4009017C2003A27B60004
:10C77800F42C18FEAF44B3FF98769A01B0A2820059
:10C78800D972CCFEAD7E4EFF21DE1EFF24025BFF78
:10C79800028FF30009EBD70003AB970118D7F5FF19
:10C7A800A82FA4FEF192CF004581B40044F3710094
:10C7B800903548FEFB2D0E00176EA80044444FFF2D
:10C7C8006E465FFEAE5B90FF21CE5FFF892907FFB3
:10C7D80013BB99FE23FF70FF0991B9FE329D250016
:10C7E8000B7031016608BEFFEAF3A9013C5517003A
:10C7F8004A27BD007431EF00ADD5D2002EA16CFFE1
:10C808009F962500C478B9FF226206FF99C33EFFB0
:10C8180061E647FF663D4C001AD4ECFFA4611000A6
:10C82800C63B9200A317C40038183D00B562C1008A
:10C83800FB93E5FF62BD18FF2E36CEFFEA52F600E5
:10C84800B76726016D3ECC000AF0E000921675FF2E
:10C858008E9A780045D42300D063760179FF03FFD0
:10C868004806C2007511C5FF7D0F17009A4F990041
:10C87800D65EC5FFB93793FF3EFE4EFE7F52990044
:10C888006E663FFF6C52A1FF69BBD401508A270036
:10C898003CFF5DFF480CBA00D2FB1F01BEA790FF0A
:10C8A800E42C13FE8043E800D6F96BFE889156FF0E
:10C8B800842EB000BDBBE3FFD0168C00D9D3740022
:10C8C8003251BAFE8BFA1F001E40C601879B6400D6
:10C8D800A0CE17FEBBA2D3FF10BC3F00FED0310094
:10C8E8005554BF00F1C0F2FF997E9101EAA2A2FF60
:10C8F800E661D80140877E00BE94DF0134002BFF3B
:10C908001C27BD014088EE00AFC4B90062E2D5FF24
:10C918007F9FF401E2AF3C00A0E98E01B4F3CFFFA2
:10C92800459859011F6515009019A4FE8BBFD100C9
:10C938005B1979002093050027BA7BFF3F73E6FF58
:10C948005DA7C6FF8FD5DCFFB39C13FF19427A00A1
:10C95800D6A0D9FF022D3EFF6A4F92FE338963FFAE
:10C968005764E7FFAF91E8FF65B801FFAE097D00A6
:10C978005225A10124728DFF30DE8EFFF5BA9A0090
:10C9880005AEDDFE3F729BFF8737A001501F870071
:10C998007EFAB301ECDA2D00141C910110934900C2
:10C9A800F9BD840111BDC0FFDF8EC6FF48140FFF1B
:10C9B800FA35EDFE0F0B12001BD371FED56B38FF55
:10C9C800AE9392FF607E300017C16D0125A25E0014
:10C9D800C79DF9FE1880BBFFCD31B2FE5DA42AFFCA
:10C9E8002B77EB0158B7EDFFDAD201FF6BFE2A0077
:10C9F800E60A63FFA200E200DBED5B0081B2CB0038
:10CA0800D0325FFECED05FFFF7BF59FE6EEA4FFF10
:10CA1800A53DF300147A70FFF6F6B9FE67047B00B3
:10CA2800E963E601DB5BFCFFC7DE16FFB3F5E9FF50
:10CA3800D3F1EA006FFAC0FF55548800653A32FF17
:10CA480083AD9CFE772D33FF76E910FEF25AD600AF
:10CA58005E9FDB010303EAFF624C5CFE5036E60092
:10CA680005E4E7FE3518DFFF71387601148401FF0D
:10CA7800ABD2EC0038F19EFFBA7313FF08E5AE00A5
:10CA8800302C00017272A6FF0649E2FFCD59F4006E
:10CA980089E34B01F8AD38004A78F6FE77030BFFBF
:10CAA8005178C6FF887A62FF92F1DD016DC24EFFB0
:10CAB800DFF14601D6C8A9FF61BE2FFF2F67AEFF81
:10CAC800635C48FE76E9B4FFC123E9FE1AE520FF5E
:10CAD800DEFCC600CC2B47FFC754AC008666BE0000
:10CAE8006FEE61FEE628E600E3CD40FEC80CE100EB
:10CAF800A619DE00714533FF8F9F1800A7B84A00BA
:10CB08001DE074FE9ED0E900C1747EFFD40B85FF42
:10CB1800163A8C01CC2433FFE81E2B00EB46B5FFF8
:10CB2800403892FEA91254FFE2010DFFC832B0FF4F
:10CB380034D5F5FEA8D16100BF473700224E9C00CE
:10CB4800E8903A01B94ABD00BA8E95FE40457FFF8C
:10CB5800A1CB93FFB097BF0088E7CBFEA3B68900AF
:10CB6800A17EFBFEE920420044CF42001E1C2500A6
:10CB78005D726001FE5CF7FF2CAB4500CA770BFFC6
:10CB8800BC763201FF5388FF47521A0046E3020081
:10CB980020EB7901B5299A004786E5FECAFF2400F3
:10CBA800299805009A3F49FF22B67C0079DD96FF57
:10CBB8001ACCD50129AC57005A9D92FF6D821400FA
:10CBC800476BC8FFF366BD0001C391FE2E58750080
:10CBD80008CEE300BF6EFDFF6D8014FE865533FF5F
:10CBE80089B17001D82216FF8310D0FF7995AA0069
:10CBF80072131701A6501FFF71F07A00E8B3FA000C
:10CC0800446EB4FED2AA7700DF6CA4FFCF4FE9FFD1
:10CC18001BE5E2FED16251FF4F44070083B964006F
:10CC2800AA1DA2FF11A26BFF39150B0164C8B5FF3D
:10CC38007F41A601A586CC0068A7A80001A44F00E3
:10CC480092873B01463280FF66770DFEE306870038
:10CC5800A28EB3FFA064DE001BE0DB019E5DC3FF74
:10CC6800EA8D890010187DFFEECE2FFF611162FF5B
:10CC7800746E0CFF60734D005BE3E8FFF8FE4FFF36
:10CC88005CE506FE58C68B00CE4B8100FA4DCEFF00
:10CC98008DF47B018A45DC002097060183A716FFE7
:10CCA800ED44A7FEC7BD9600A3AB8AFF33BC06FFC1
:10CCB8005F1D89FE94E2B300B56BD0FF861F52FF5B
:10CCC80097652DFF81CAE100E0489300308A97FFFD
:10CCD800C340CEFEEDDA9E006A1D89FEFDBDE9FF68
:10CCE800670F11FFC261FF00B22DA9FEC6E19B00CC
:10CCF800273075FF876A73006126B500962F41FFBC
:10CD08005382E5FEF62681005CEF9AFE5B637F00A6
:10CD1800A16F21FFEED9F2FF83B9C3FFD5BF9EFFF4
:10CD28002996DA0084A983005954FC01AB4680FF98
:10CD3800A3F8CBFE0132B4FF7C4C5501FB6F5000C9
:10CD48006342EFFF9AEDB6FFDD7E85FE4ACC63FFB6
:10CD5800419377FF6338A7FF4FF895FF749BE4FF73
:10CD6800ED2B0EFE45890BFF16FAF1015B7A8FFF5A
:10CD7800CDF9F300D41A3CFF30B6B0013017BFFF2D
:10CD8800CB7998FE2D4AD5FF3E5A12FEF5A3E6FF51
:10CD9800B96A74FF53239F000C2102FF50223E0002
:10CDA8001057AEFFAD655500CA2451FEA045CCFF13
:10CDB80040E1BB003ACE5E0056902F00E556F500E4
:10CDC8003F91BE01250527006DFB1A008993EA00F3
:10CDD800A27991FF9074CEFFC5E8B9FFB7BE8CFF6A
:10CDE800490CFEFF8B14F2FFAA5AEFFF6142BBFF0A
:10CDF800F5B587FEDE883400F50533FECB2F4E00EF
:10CE08009865D80049177D00FE602101EBD249FFE3
:10CE18002BD1580107816D007A68E4FEAAF2CB0095
:10CE2800F2CC87FFCA1CE9FF41067F009F904700AC
:10CE3800648C5F004E960D00FB6B7601B63A7DFF61
:10CE480001266CFF8DBDD1FF089B7D0171A35BFF9F
:10CE5800794FBEFF86EF6CFF4C2FF800A3E4EF007C
:10CE6800116F0A0058954BFFD7EBEF00A79F18FFEB
:10CE78002F976CFF6BD1BC00E9E763FE1CCA94FFD7
:10CE8800AE238AFF6E1844FF0245B5006B66520058
:10CE980066ED07005C24EDFFDDA2530137CA06FFEB
:10CEA80087EA87FF18FADE00415EA8FEF5F8D2FF90
:10CEB800A76CC9FEFFA16F00CD08FE00880D7400A5
:10CEC80064B084FF2BD77EFFB18582FF9E4F94000C
:10CED80043E025010CCE15FF3E226E01ED68AFFF41
:10CEE80050846FFF8EAE480054E5B4FE69B38C00E1
:10CEF80040F80FFFE98A1000F5437BFEDA79D4FF8A
:10CF08003F5FDA01D58589FF8FB652FF301C0B00D1
:10CF1800F4728D01D1AF4CFF9DB596FFBAE503FFC2
:10CF2800A49D6F01E7BD8B0077CABEFFDA6A40FF98
:10CF380044EB3FFE601AACFFBB2F0B01D712FBFF7F
:10CF480051545900443A80005E7105015C81D0FF5C
:10CF5800610F53FE091CBC00EF09A4003CCD9800EA
:10CF6800C0A362FFB8123C00D9B68B006D3B78FFB6
:10CF780004C0FB00A9D2F0FF25AC5CFE94D3F5FFFA
:10CF8800B3413400FD0D7300B9AECE0172BC95FFFC
:10CF9800ED5AAD002BC7C0FF586C710034234C000C
:10CFA800421994FFDD0407FF97F172FFBED1E80034
:10CFB8006232C7009796D5FF124A24013528070028
:10CFC800138741FF1AAC4500AEED5500635F290099
:10CFD8000338100027A0B1FFC86ADAFEB94454FF2D
:10CFE8005BBA3DFE438F8DFF0DF4A6FF6372C6004A
:10CFF800C76EA3FFC112BA007CEFF6016E4416009B
:10D0080002EB2E01D43C6B00692A69010EE69800F8
:10D01800070583008D689AFFD503060083E4A2FF05
:10D02800B3641C01E77B55FFCE0EDF01FD60E6000F
:10D038002698950162897A00D6CD03FFE298B3FF5E
:10D04800068589009E458CFF71A29AFFB4F3ACFF58
:10D058001BBD73FF8F2EDCFFD586E1FF7E1D4500CB
:10D06800BC2B8901F24609005ACCFFFFE7AA9300BE
:10D07800173813FE387D9DFF30B3DAFF4FB6FDFF3A
:10D0880026D4BF0129EB7C0060971C008794BE0062
:10D09800CDF927FE346088FFD42C88FF43D183FF65
:10D0A800FC8217FFDB8014FFC68176006C650B00DD
:10D0B800B20592013E0764FFB5EC5EFE1C1AA4009F
:10D0C8004C1670FF78664F00CAC0E501C8B0D7009B
:10D0D8002940F4FFCEB84E00A72D3F01A02300FF42
:10D0E8003B0C8EFFCC0990FFDB5EE5017A1B7000DC
:10D0F800BD696DFF40D04AFFFB7F370102E2C600E1
:10D108002C4CD10097984DFFD2172E01C9AB45FF83
:10D118002CD3E700BE25E0FFF5C43EFFA9B5DEFF2E
:10D1280022D3110077F1C5FFE5239801154528FFA3
:10D13800B2E2A10094B3C100DBC2FE0128CE33FFE6
:10D14800E75CFA014399AA001594F100AA4552FF39
:10D158007912E7FF5C720300B83EE600E1C957FFA9
:10D168009260A2FFB5F2DC00ADBBDD01E23EAAFF92
:10D17800387ED901750DE3FFB32CEF009D8D9BFF21
:10D1880090DD5300EBD1D0002A11A501FB51850099
:10D198007CF5C9FE61D318FF53D6A6009A2409FF6F
:10D1A800F82F7F005ADB8CFFA1D926FED4933FFFCE
:10D1B80042549401CF030100E68659017F4E7AFF5D
:10D1C800E09B01FF52884A00B29CD0FFBA1931FF98
:10D1D800DE03D201E596BEFF55A234FF29548DFF28
:10D1E800497B54FE5D11960077131C012016D7FF6A
:10D1F8001C17CCFF8EF134FFE4347D001D4CCF00AA
:10D20800D7A7FAFEAFA4E60037CF69016DBBF5FFDB
:10D21800A12CDC01296580FFA7105E005DD66BFF9D
:10D22800764800FE503DEAFF79AF7D008BA9FB00F0
:10D23800612793FEFAC431FFA5B36EFEDF46BBFF3C
:10D24800168E7D019AB38AFF76B02A010AAE99003C
:10D258009C5C6600A80DA1FF8F102000FAC5B4FFE2
:10D26800CBA32C0157202400A19914FF7BFC0F00AD
:10D2780019E350003C588E001116C9019ACD4DFF94
:10D28800273F2F00087A8D008017B6FECC2713FFA2
:10D2980004701DFF17248CFFD2EA74FE35323FFF5D
:10D2A80079AB68FFA0DB5E0057520EFEE72A050047
:10D2B800A58B7FFE564E2600823C42FECB1E2DFFDC
:10D2C8002EC47A01F935A2FF888F67FED7D2720083
:10D2D800E707A0FEA9982AFF6F2DF6008E8387FF27
:10D2E8008347CCFF24E20B00001CF2FFE18AD5FF44
:10D2F800F72ED8FEF503B7006CFC4A01CE1A30FFB2
:10D30800CD36F6FFD3C624FF7923320034D8CAFFBE
:10D31800268B81FEF249940043E78DFF2A2FCC002B
:10D328004E74190104E1BFFF0693E4003A58B100B6
:10D338007AA5E5FFFC53C9FFE0A76001B1B89EFFDD
:10D34800F269B301F8C6F0008542CB01FE242F0034
:10D358002D1873FF773EFE00C4E1BAFE7B8DAC004A
:10D368001A5529FFE26FB700D5E79700043B07FF7E
:10D37800EE8A9400429321FF1FF68DFFD18D74FF32
:10D3880068701F0058A1AC0053D7E6FE2F6F9700B6
:10D398002D263401842DCC008A806DFEE97586FF28
:10D3A800F3BEADFEF1ECF000527FECFE28DFA1FFEA
:10D3B8006EB6E1FF7BAEEF0087F2910133D19A00A0
:10D3C800960373FED9A4FCFF379C4501545EFFFF0A
:10D3D800E8492D011413D4FF60C53BFE60FB210012
:10D3E80026C7490140ACF7FF757438FFE4111200F5
:10D3F8003E8A6701F6E5A4FFF476C9FE56209FFF32
:10D408006D22890155D3BA000AC1C1FE7AC2B100A2
:10D418007AEE66FFA2DAAB006CD9A1019EAA2200BF
:10D42800B02F9B01B5E40BFF089C0000104B5D007A
:10D43800CE62FF013A9A23000CF3B8FE437542FF0F
:10D44800E6E57B00C92A6E0086E4B2FEBA6C76FF78
:10D458003A139AFF52A93EFF728F7301EFC432FF4D
:10D46800AD30C1FF930254FF968693FE5FE84900F2
:10D478006DE334FEBF890A0028CC1EFE4C3461FFE0
:10D48800A4EB7E00FE7CBC004AB61501791D23FF83
:10D49800F11E07FE55DAD6FF075496FE511B75FF9D
:10D4A800A09F98FE4218DDFFE30A3C018D876600C5
:10D4B800D0BD960175B35C00841688FF78C71C0040
:10D4C80015814FFEB6094100DAA3A900F693C6FFFD
:10D4D8006B2690014EAFCDFFD605FAFE2F581DFFE3
:10D4E800A42FCCFF2B3706FF8386CFFE7464D600AB
:10D4F800608C4B016ADC9000C3201C01AC5105FF15
:10D50800C7B334FF2554CB00AA70AE000B045B00F0
:10D5180045F41B0175835C002198AFFF8C996BFF64
:10D52800FB872BFE578A04FFC6EA93FE799854FFBF
:10D53800CD659B019D091900486A11FE6C9900FF91
:10D54800BDE5BA00C108B0FFAE95D100EE821D005E
:10D55800E9D67E013DE2660039A30401C66F33FFB8
:10D568002D4F4E0173D20AFFDA0919FF9E8BC6FFB1
:10D57800D352BBFE508553009D81E601F38586FF9B
:10D58800288810004D6B4FFFB7555C01B1CCCA001D
:10D59800A34793FF9845BE00AC33BC01FAD2ACFF59
:10D5A800D3F2710159591AFF40426FFE74982A004C
:10D5B800A1271BFF3650FE006AD17301677C61000A
:10D5C800DDE662FF1FE70600B2C078FE0FD9CBFF89
:10D5D8007C9E4F007091F7005CFA3001A3B5C1FF43
:10D5E800252F8EFE90BDA5FF2E92F000064B8000E1
:10D5F800299DC8FE5779D5000171EC00052DFA0068
:10D60800900C52001F6CE700E1EF77FFA707BDFF02
:10D61800BBE484FF6EBD22005E2CCC01A234C500A1
:10D628004EBCF1FE39148D00F4922F01CE64330004
:10D638007D6B94FE1BC34D0098FD5A01078F90FF28
:10D6480033251F00227726FF07C5760099BCD30033
:10D65800971474FEF54134FFB4FD6E012FB1D1006B
:10D66800A16311FF76DECA007DB3FC017B367EFF25
:10D678009139BF0037BA79000AF38A00CDD3E5FFA4
:10D688007D9CF1FE949CB9FFE313BCFF7C2920FF2D
:10D698001F22CEFE11395300CC1625FF2A606200E6
:10D6A8007766B80103BE1C006E52DAFFC8CCC0FF13
:10D6B800C991760075CC920084206201C0C27900BD
:10D6C8006AA1F801ED587C0017D41A00CDAB5AFFB7
:10D6D800F830D8018D25E6FF7CCB00FE9EA81EFF02
:10D6E800D6F8150070BB07FF4B85EFFF4AE3F3FF41
:10D6F800FA934600D678A200A709B3FF169E120037
:10D70800DA4DD101616D51FFF421B3FF393439FF8E
:10D7180041ACD2FFF947D1FF8EA9EE009EBD99FF1B
:10D72800AEFE67FE62210E008D4CE6FF718B34FF62
:10D738000F3AD400A8D7C9FFF8CCD701DF44A0FF1F
:10D74800399AB7FE2FE779006AA6890051888A00BE
:10D75800A52B3300E78B3D00395F3BFE766219FF4E
:10D76800973FEC015EBEFAFFA9B9720105FA3AFFCC
:10D778004B696101D7DF86007163A301803E7000A9
:10D78800636A9300A3C30A0021CDB600D60EAEFF8C
:10D798008126E7FF35B6DF00622A9FFFF70D2800D4
:10D7A800BCD2B101061500FFFF3D94FE892D81FF13
:10D7B800591A74FE7E267200FB32F2FE798680FFCB
:10D7C800CCF9A7FEA5EBD700CAB1F300858D3E00C2
:10D7D800F082BE016EAFFF000014920125D279FFDE
:10D7E800072782008EFA54FF8DC8CF00095F68FFB3
:10D7F8000BF4AE0086E87E00A7017BFE10C195FF02
:10D80800E8E9EF01D54670FFFC74A0FEF2DEDCFF0C
:10D81800CD55E30007B93A0076F73F01744DB1FFE3
:10D828003EF5C8FE3F1225FF6B35E8FE32DDD3001A
:10D83800A2DB07FE025E2B00B63EB6FEA04EC8FF76
:10D84800878CAA00EBB8E400AF358AFE503A4DFF4A
:10D8580098C902013FC42200051EB800ABB09A0067
:10D86800793BCE0026632700AC504DFE008697001A
:10D87800BA21F1FE5EFDDFFF2C72FC006C7E39FFE1
:10D88800C9280DFF27E51BFF27EF1701977933FFFD
:10D898009996F8000AEAAEFF76F604FEC8F5260067
:10D8A80045A1F20110B2960071388200AB1F6900E1
:10D8B8001A586CFF312A6A00FBA94200455D9500A1
:10D8C8001439FE00A4196F005ABC5AFFCC04C500D5
:10D8D80028D53201D46084FF588AB4FEE4927CFFD4
:10D8E800B8F6F700417556FFFD66D2FEFE792400B2
:10D8F800897303FF3C18D80086121D003BE26100C3
:10D90800B08E470007D1A100BD5433FE9BFA4800F2
:10D91800D554EBFF2DDEE000EE948FFFAA2A35FFE9
:10D928004EA77500BA0028FF7DB167FF45E14200A8
:10D93800E30758014BAC0600A92DE301102446FF6C
:10D94800320209FF8BC116008FB7E7FEDA453200B5
:10D95800EC38A101D5832A008A912CFE88E528FF9E
:10D96800313F23FF3D91F5FF65C002FEE8A7710036
:10D978009868260179B9DA00798BD3FE77F023000D
:10D9880041BDD9FEBBB3A2FFA0BBE6003EF80EFF27
:10D998003C4E6100FFF7A3FFE13B5BFF6B473AFF9B
:10D9A800F12F21013275EC00DBB13FFEF45AB300D0
:10D9B80023C2D7FFBD4332FF1787810068BD25FF0B
:10D9C800B939C200233EE7FFDCF86C000CE7B2006F
:10D9D8008F505B01835D65FF90270201FFFAB2005B
:10D9E8000511ECFE8B202E00CCBC26FEF57334FF0F
:10D9F800BF7149FEBF6C45FF1645F50117CBB20054
:10DA0800AA63AA0041F86F00256C99FF40254500DC
:10DA180000583EFE599490FFBF44E001F1273500BD
:10DA280029CBEDFF917EC2FFDD2AFDFF1963970028
:10DA380061FDDF014A7331FF06AF48FF3BB0CB0001
:10DA48007CB7F901E4E46300810CCFFEA8C0C3FFF2
:10DA5800CCB010FE98EAAB004D2555FF217887FF22
:10DA68008EC2E3011FD63A00D5BB7DFFE82E3CFFEE
:10DA7800BE742AFE97B213FF333EEDFECCECC10014
:10DA8800C2E83C00AC229DFFBD10B8FE67035FFFF3
:10DA98008DE924FE29190BFF15C3A60076F52D0084
:10DAA80043D595FF9F0C12FFBBA4E301A019050005
:10DAB8000C4EC3012BC5E100308E29FEC49B3CFFF0
:10DAC800DFC7120191889C00FC75A9FE91E2EE0067
:10DAD800EF176B006DB5BCFFE67031FE49AAEDFF8C
:10DAE800E7B7E3FF50DC1400C26B7F017FCD650010
:10DAF8002E34C501D2AB24FF58035AFF38978D0046
:10DB080060BBFFFF2A4EC800FE464601F47DA80010
:10DB1800CC448A017CD746006642C8FE1134E40032
:10DB280075DC8FFECBF87B003812AEFFBA97A4FFE6
:10DB380033E8D001A0E42BFFF91D190144BE3F00D2
:10DB480000000010000000000010000006000700A0
:10DB580008000000000000000000000057CF010886
:10DB68000DD001083BCF0108EFD1010811CF010802
:10DB7800B5D2010821CF01084BD401086DD40108A2
:10DB88000D0A005245454E54206D616C6C6F632040
:10DB9800737563636565646564002F5F5F772F61E4
:10DBA800726D2D6E6F6E652D656162692D67636399
:10DBB8002D787061636B2F61726D2D6E6F6E652DA0
:10DBC800656162692D6763632D787061636B2F628D
:10DBD80075696C642F6C696E75782D7836342F737F
:10DBE8006F75726365732F6E65776C69622D6379E3
:10DBF8006777696E2F6E65776C69622F6C696263EF
:10DC08002F7374646C69622F72616E642E63006E88
:10DC18006600696E69747900616E00003400000066
:10DC2800CEFBFFFFCB030000010000000000000056
:10DC380035000000CEFBFFFFCB0300000100000011
:10DC48000000000000000000BC89D897B2D29C3CBC
:10DC580033A7A8D523F649393DA7F444FD0FA532CB
:10DC68009D978CCF08BA5B25436FAC642806681172
:10DC78000020202020202020202028282828282094
:10DC8800202020202020202020202020202020208C
:10DC980020881010101010101010101010101010F4
:10DCA80010040404040404040404041010101010E4
:10DCB80010104141414141410101010101010101AE
:10DCC8000101010101010101010101011010101000
:10DCD8001010424242424242020202020202020280
:10DCE80002020202020202020202020210101010D4
:10DCF80020000000000000000000000000000000FC
:10DD0800000000000000000000000000000000000B
:10DD180000000000000000000000000000000000FB
:10DD280000000000000000000000000000000000EB
:10DD380000000000000000000000000000000000DB
:10DD480000000000000000000000000000000000CB
:10DD580000000000000000000000000000000000BB
:10DD680000000000000000000000000000000000AB
:10DD780000504F534958002C2066756E6374696FC4
:10DD88006E3A2000617373657274696F6E20222584
:10DD98007322206661696C65643A2066696C652047
:10DDA800222573222C206C696E6520256425732535
:10DDB800730A0042616C6C6F6320737563636565F9
:10DDC800646564002F5F5F772F61726D2D6E6F6ED3
:10DDD800652D656162692D6763632D787061636B7A
:10DDE8002F61726D2D6E6F6E652D656162692D678D
:10DDF80063632D787061636B2F6275696C642F6C37
:10DE0800696E75782D7836342F736F757263657304
:10DE18002F6E65776C69622D63796777696E2F6EEF
:10DE280065776C69622F6C6962632F7374646C69BF
:10DE3800622F6764746F612D6765746865782E63F7
:10DE4800002F5F5F772F61726D2D6E6F6E652D6588
:10DE58006162692D6763632D787061636B2F6172EE
:10DE68006D2D6E6F6E652D656162692D6763632D1B
:10DE7800787061636B2F6275696C642F6C696E755D
:10DE8800782D7836342F736F75726365732F6E65CE
:10DE9800776C69622D63796777696E2F6E65776C29
:10DEA80069622F6C6962632F7374646C69622F6D89
:10DEB800707265632E630000050000001900000001
:10DEC8007D000000000000000080E03779C3414376
:10DED800176E05B5B5B89346F5F93FE9034F384DC8
:10DEE800321D30F94877825A3CBF737FDD4F157574
:10DEF800000000000000F03F000000000000244087
:10DF080000000000000059400000000000408F4061
:10DF1800000000000088C34000000000006AF840CC
:10DF28000000000080842E4100000000D0126341F0
:10DF38000000000084D797410000000065CDCD4166
:10DF4800000000205FA00242000000E87648374247
:10DF5800000000A2941A6D42000040E59C30A242E5
:10DF68000000901EC4BCD64200003426F56B0C435A
:10DF78000080E03779C3414300A0D8855734764301
:10DF880000C84E676DC1AB43003D9160E458E14362
:10DF9800408CB5781DAF154450EFE2D6E41A4B44D7
:10DFA80092D54D06CFF08044F64AE1C7022DB5441C
:10DFB800B49DD9794378EA44232D302B2000686C2E
:10DFC8004C00656667454647003031323334353694
:10DFD80037383941424344454600303132333435CD
:0CDFE800363738396162636465660000FA
:08DFF400E831FD7F010000008F
:10DFFC000DD80108C51200082961000855980008C1
:10E00C00C99C0008C9B600080DEC000869EE0008B0
:10E01C00611E0108593401084D42010801750108BF
:08E02C00E5D20108D9E001086A
:10E03400A112000801620008BD98000819EC00084C
:0CE0440079EE000859420108317501080E
:10E05000010000001000000000000048000400481B
:10E0600000080048001C0048FFFFFFFF003002408E
:10E0700000000000000000000000000000000000A0
:10E08000000000000000000000000000010000008F
:10E0900000093D000000000000000000000000003A
:10E0A0000000000000000000000000000000000070
:10E0B0000000000000000000000000000000000060
:10E0C0000000000000000000000000000000000050
:10E0D0000000000000000000000000000000000040
:10E0E0000000000000000000000000000000000030
:10E0F0000000000000000000000000000000000020
:10E10000000000000000000000000000000000000F
:10E1100000000000000000000000000000000000FF
:10E1200000000000000000000000000000000000EF
:10E1300000000000FFFFFFFFFFFFFFFFFFFFFFFFEB
:10E14000FFFFFFFF000300000000000000000000D0
:10E150000000000000000000000000006837002000
:10E160000001010100020101000402017800000029
:10E17000FC4002080000000059EB0008C9EA000852
:10E1800045EA00083FEA0008000800000008000017
:10E1900000080000100000008000000000000000E7
:10E1A0000000000000000000000000000D0A5261A5
:10E1B00064696F4C696220496E666F0A56657273B6
:10E1C000696F6E3A202022372E372E312E30220DE5
:10E1D0000A506C6174666F726D3A202241726475E8
:10E1E000696E6F2053544D333220286F6666696321
:10E1F00069616C29220D0A224A756E202036203270
:10E2000030323622202231313A33323A333322004F
:10E21000FFFFFFFF000000000A0000000A000000EE
:10E2200059F3F8C21F6EA501000000000000F03F86
:10E230006042A20D0000803F0000000003000000CB
:10E240002436002043000000000000000000000011
:10E2500000000000000000000000000000000000BE
:10E26000000000004300000000000000000000006B
:10E27000000000000000000000000000000000009E
:10E28000000000004300000000000000000000004B
:10E29000000000000000000000000000000000007E
:10E2A000000000004300000000000000000000002B
:10E2B000000000000000000000000000000000005E
:10E2C000000000004300000000000000000000000B
:10E2D000000000000000000000000000000000003E
:10E2E00000000000430000000000000000000000EB
:10E2F000000000000000000000000000000000001E
:10E3000000000000430000000000000000000000CA
:10E3100000000000000000000000000000000000FD
:10E320000000000079270208EB1D02080000000031
:10E3300078DC02087B600208DF540208DF54020820
:10E34000DF540208DF540208DF540208DF540208D9
:10E35000DF540208DF540208DF540208FFFFFFFF0A
:10E36000FFFFFFFFFFFFFFFFFFFF00000100415322
:10E3700043494900000000000000000000000000C8
:10E3800000000000000000000000000000004153F9
:10E3900043494900000000000000000000000000A8
:10E3A000000000000000000000000000000000006D
:10E3B0006403002000000000243600208C3600207A
:10E3C000F436002000000000000000000000000003
:10E3D000000000000000000000000000000000003D
:10E3E000000000000000000000000000000000002D
:10E3F000000000000000000000000000000000001D
:040000050801D8A96D
:00000001FF
