:020000040800F2
:10000000000001205DF50108ADF50108ADF501081E
:10001000ADF50108ADF50108ADF5010800000000DF
:10002000000000000000000000000000ADF5010825
:10003000ADF5010800000000ADF5010857690008A2
:10004000ADF50108ADF50108ADF50108ADF5010804
:10005000ADF50108ADF50108A16B0008A76B00081C
:10006000AD6B0008B36B0008B96B0008ADF5010873
:10007000ADF50108ADF50108ADF50108ADF50108D4
:10008000ADF50108ADF50108ADF50108ADF50108C4
:1000900000000000ADF50108BF6B0008ADF50108D8
:1000A00091630008ADF50108A5630008A963000885
:1000B000BD630008D16300087506010881060108C8
:1000C0008D06010899060108ADF50108ADF5010896
:1000D00091730008A9730008C5730008ADF5010805
:1000E000ADF50108D56B0008ADF50108ADF50108C7
:1000F000ADF501080000000000000000ADF50108AA
:10010000A5060108B1060108398A0108ADF5010804
:10011000ADF50108ADF50108ADF50108ADF5010833
:10012000ADF50108ADF50108ADF50108ADF5010823
:08013000ADF50108ADF5010871
:1001400081F0004102E000BF83F0004330B54FEA88
:1001500041044FEA430594EA050F08BF90EA020FF5
:100160001FBF54EA000C55EA020C7FEA645C7FEA88
:10017000655C00F0E2804FEA5454D4EB5555B8BFAB
:100180006D420CDD2C4480EA020281EA030382EA1C
:10019000000083EA010180EA020281EA0303362DAE
:1001A00088BF30BD11F0004F4FEA01314FF4801C81
:1001B0004CEA113102D0404261EB410113F0004F93
:1001C0004FEA03334CEA133302D0524263EB43034A
:1001D00094EA050F00F0A780A4F10104D5F1200EE8
:1001E0000DDB02FA0EFC22FA05F2801841F1000143
:1001F00003FA0EF2801843FA05F359410EE0A5F117
:1002000020050EF1200E012A03FA0EFC28BF4CF047
:10021000020C43FA05F3C01851EBE37101F00045FD
:1002200007D54FF0000EDCF1000C7EEB00006EEB0A
:100230000101B1F5801F1BD3B1F5001F0CD3490894
:100240005FEA30004FEA3C0C04F101044FEA4452EB
:1002500012F5800F80F09A80BCF1004F08BF5FEA72
:10026000500C50F1000041EB045141EA050130BD52
:100270005FEA4C0C404141EB0101013C28BFB1F564
:10028000801FE9D291F0000F04BF01460020B1FAAF
:1002900081F308BF2033A3F10B03B3F120020CDA82
:1002A0000C3208DD02F1140CC2F10C0201FA0CF060
:1002B00021FA02F10CE002F11402D8BFC2F1200CC5
:1002C00001FA02F120FA0CFCDCBF41EA0C0190407B
:1002D000E41AA2BF01EB0451294330BD6FEA0404C4
:1002E0001F3C1CDA0C340EDC04F11404C4F12002AF
:1002F00020FA04F001FA02F340EA030021FA04F3C1
:1003000045EA030130BDC4F10C04C4F1200220FA17
:1003100002F001FA04F340EA0300294630BD21FA55
:1003200004F0294630BD94F0000F83F4801306BF1B
:1003300081F480110134013D4EE77FEA645C18BF0F
:100340007FEA655C29D094EA050F08BF90EA020FA6
:1003500005D054EA000C04BF1946104630BD91EA9E
:10036000030F1EBF0021002030BD5FEA545C05D1A1
:100370004000494128BF41F0004130BD14F58004E0
:100380003CBF01F5801130BD01F0004545F0FE4154
:1003900041F470014FF0000030BD7FEA645C1ABF89
:1003A000194610467FEA655C1CBF0B46024650EAC0
:1003B000013406BF52EA033591EA030F41F40021EC
:1003C00030BD00BF90F0000F04BF0021704730B572
:1003D0004FF4806404F132044FF000054FF0000147
:1003E00050E700BF90F0000F04BF0021704730B508
:1003F0004FF4806404F1320410F0004548BF4042DD
:100400004FF000013EE700BF42004FEAE2014FEA31
:1004100031014FEA02701FBF12F07F4393F07F4F0C
:1004200081F06051704732F07F4208BF704793F00F
:100430007F4F04BF41F40021704730B54FF4607422
:1004400001F0004521F000411CE700BF50EA010225
:1004500008BF704730B54FF000050AE050EA0102CE
:1004600008BF704730B511F0004502D5404261EB3E
:1004700041014FF4806404F132045FEA915C3FF47F
:10048000D8AE4FF003025FEADC0C18BF03325FEA1C
:10049000DC0C18BF033202EBDC02C2F1200300FACD
:1004A00003FC20FA02F001FA03FE40EA0E0021FAF2
:1004B00002F11444BDE600BF70B54FF0FF0C4CF4E0
:1004C000E06C1CEA11541DBF1CEA135594EA0C0F92
:1004D00095EA0C0F00F0DEF82C4481EA030621EACD
:1004E0004C5123EA4C5350EA013518BF52EA033508
:1004F00041F4801143F4801338D0A0FB02CE4FF0BA
:100500000005E1FB02E506F00042E0FB03E54FF0E9
:100510000006E1FB03569CF0000F18BF4EF0010EE1
:10052000A4F1FF04B6F5007F64F5407404D25FEADD
:100530004E0E6D4146EB060642EAC62141EA555190
:100540004FEAC52040EA5E504FEACE2EB4F1FD0CD2
:1005500088BFBCF5E06F1ED8BEF1004F08BF5FEA50
:10056000500E50F1000041EB045170BD06F0004602
:1005700046EA010140EA020081EA0301B4EB5C04AF
:10058000C2BFD4EB0C0541EA045170BD41F48011A7
:100590004FF0000E013C00F3AB8014F1360FDEBFCC
:1005A000002001F0004170BDC4F10004203C35DAA8
:1005B0000C341BDC04F11404C4F1200500FA05F32B
:1005C00020FA04F001FA05F240EA020001F00042CC
:1005D00021F0004110EBD37021FA04F642EB060142
:1005E0005EEA430E08BF20EAD37070BDC4F10C046C
:1005F000C4F1200500FA04F320FA05F001FA04F230
:1006000040EA020001F0004110EBD37041F100011B
:100610005EEA430E08BF20EAD37070BDC4F1200526
:1006200000FA05F24EEA020E20FA04F301FA05F28E
:1006300043EA020321FA04F001F0004121FA04F236
:1006400020EA020000EBD3705EEA430E08BF20EA06
:10065000D37070BD94F0000F0FD101F00046400040
:1006600041EB010111F4801F08BF013CF7D041EAC2
:10067000060195F0000F18BF704703F000465200C6
:1006800043EB030313F4801F08BF013DF7D043EA97
:100690000603704794EA0C0F0CEA135518BF95EA4D
:1006A0000C0F0CD050EA410618BF52EA4306D1D1D4
:1006B00081EA030101F000414FF0000070BD50EAF3
:1006C000410606BF1046194652EA430619D094EA7D
:1006D0000C0F02D150EA013613D195EA0C0F05D167
:1006E00052EA03361CBF104619460AD181EA0301BB
:1006F00001F0004141F0FE4141F470014FF0000073
:1007000070BD41F0FE4141F4780170BD70B54FF00D
:10071000FF0C4CF4E06C1CEA11541DBF1CEA13558D
:1007200094EA0C0F95EA0C0F00F0A7F8A4EB05046F
:1007300081EA030E52EA03354FEA013100F0888066
:100740004FEA03334FF0805545EA131343EA12632F
:100750004FEA022245EA111545EA10654FEA0026E4
:100760000EF000419D4208BF964244F1FD0404F59D
:10077000407402D25B084FEA3202B61A65EB0305F9
:100780005B084FEA32024FF480104FF4002CB6EBB6
:10079000020E75EB030E22BFB61A754640EA0C0036
:1007A0005B084FEA3202B6EB020E75EB030E22BF76
:1007B000B61A754640EA5C005B084FEA3202B6EBB7
:1007C000020E75EB030E22BFB61A754640EA9C0076
:1007D0005B084FEA3202B6EB020E75EB030E22BF46
:1007E000B61A754640EADC0055EA060E18D04FEA04
:1007F000051545EA16754FEA06164FEAC30343EAA4
:1008000052734FEAC2025FEA1C1CC0D111F4801F70
:100810000BD141EA00014FF000004FF0004CB6E769
:1008200011F4801F04BF01430020B4F1FD0C88BF08
:10083000BCF5E06F3FF6AFAEB5EB030C04BFB6EB13
:10084000020C5FEA500C50F1000041EB045170BD06
:100850000EF0004E4EEA113114EB5C04C2BFD4EB33
:100860000C0541EA045170BD41F480114FF0000EB7
:10087000013C90E645EA060E8DE60CEA135594EA33
:100880000C0F08BF95EA0C0F3FF43BAF94EA0C0F36
:100890000AD150EA01347FF434AF95EA0C0F7FF4AB
:1008A00025AF104619462CE795EA0C0F06D152EAFF
:1008B00003353FF4FDAE1046194622E750EA4106E3
:1008C00018BF52EA43067FF4C5AE50EA41047FF4F4
:1008D0000DAF52EA43057FF4EBAE12E74FF0FF3C59
:1008E00006E000BF4FF0010C02E000BF4FF0010C2A
:1008F0004DF804CD4FEA410C7FEA6C5C4FEA430CA3
:1009000018BF7FEA6C5C1BD001B050EA410C0CBFF1
:1009100052EA430C91EA030F02BF90EA020F002053
:10092000704710F1000F91EA030F58BF994208BFBA
:1009300090422CBFD8176FEAE37040F00100704777
:100940004FEA410C7FEA6C5C02D150EA013C07D1CE
:100950004FEA430C7FEA6C5CD6D152EA033CD3D019
:100960005DF8040B704700BF8446104662468C4613
:100970001946634600E000BF01B5FFF7B7FF002846
:1009800048BF10F1000F01BD4DF808EDFFF7F4FF6F
:100990000CBF012000205DF808FB00BF4DF808EDFA
:1009A000FFF7EAFF34BF012000205DF808FB00BF1D
:1009B0004DF808EDFFF7E0FF94BF012000205DF83F
:1009C00008FB00BF4DF808EDFFF7CEFF94BF0120F4
:1009D00000205DF808FB00BF4DF808EDFFF7C4FFED
:1009E00034BF012000205DF808FB00BF4FEA410C36
:1009F0007FEA6C5C02D150EA013C0AD14FEA430C19
:100A00007FEA6C5C02D152EA033C02D14FF0000055
:100A100070474FF0010070474FEA410212F5001293
:100A200015D211D56FF47873B3EB625212D94FEA35
:100A3000C12343F0004343EA505311F0004F23FA1F
:100A400002F018BF404270474FF00000704750EA74
:100A5000013005D111F0004008BF6FF00040704731
:100A60004FF00000704700BF4A0011D212F500128B
:100A700011D20DD56FF47873B3EB62520ED44FEAF6
:100A8000C12343F0004343EA505323FA02F0704776
:100A90004FF00000704750EA013002D14FF0FF30B4
:100AA00070474FF0000070474FEA4102B2F1E04357
:100AB00024BFB3F5001CDCF1FE5C0DD901F0004C45
:100AC0004FEAC0024CEA5070B2F1004F40EB830095
:100AD00008BF20F00100704711F0804F21D113F1C1
:100AE0003872BCBF01F00040704741F480114FEAFA
:100AF0005252C2F11802C2F1200C10FA0CF320FA83
:100B000002F018BF40F001004FEAC1234FEAD3239F
:100B100003FA0CFC40EA0C0023FA02F34FEA430309
:100B2000CCE77FEA625307D150EA01331EBF4FF092
:100B3000FE4040F44000704701F0004040F0FE40AD
:100B400040F40000704700BF80F0004002E000BFAA
:100B500081F0004142001FBF5FEA410392EA030FA8
:100B60007FEA226C7FEA236C6AD04FEA1262D2EBF2
:100B70001363C1BFD218414048404140B8BF5B42F7
:100B8000192B88BF704710F0004F40F4000020F090
:100B90007F4018BF404211F0004F41F4000121F0A6
:100BA0007F4118BF494292EA030F3FD0A2F10102F0
:100BB00041FA03FC10EB0C00C3F1200301FA03F12E
:100BC00000F0004302D5494260EB4000B0F5000F51
:100BD00013D3B0F1807F06D340084FEA310102F110
:100BE0000102FE2A51D2B1F1004F40EBC25008BFC2
:100BF00020F0010040EA03007047490040EB00008C
:100C0000013A28BFB0F5000FEDD2B0FA80FCACF18C
:100C1000080CB2EB0C0200FA0CF0AABF00EBC250B9
:100C200052421843BCBFD0401843704792F0000FA7
:100C300081F4000106BF80F400000132013BB5E7FA
:100C40004FEA41037FEA226C18BF7FEA236C21D070
:100C500092EA030F04D092F0000F08BF08467047D5
:100C600090EA010F1CBF0020704712F07F4F04D1A3
:100C7000400028BF40F00040704712F100723CBFB6
:100C800000F50000704700F0004343F0FE4040F4E0
:100C9000000070477FEA226216BF08467FEA23639E
:100CA0000146420206BF5FEA412390EA010F40F489
:100CB000800070474FF0000304E000BF10F00043D5
:100CC00048BF40425FEA000C08BF704743F09643BC
:100CD00001464FF000001CE050EA010208BF7047D7
:100CE0004FF000030AE000BF50EA010208BF70475E
:100CF00011F0004302D5404261EB41015FEA010C73
:100D000002BF84460146002043F0B64308BFA3F16A
:100D10008053A3F50003BCFA8CF2083AA3EBC2534C
:100D200010DB01FA02FC634400FA02FCC2F120026B
:100D3000BCF1004F20FA02F243EB020008BF20F0A2
:100D40000100704702F1200201FA02FCC2F1200208
:100D500050EA4C0021FA02F243EB020008BF20EAFD
:100D6000DC7070474FF0FF0C1CEAD0521EBF1CEA2B
:100D7000D15392EA0C0F93EA0C0F6FD01A4480EA19
:100D8000010C400218BF5FEA41211ED04FF0006302
:100D900043EA501043EA5111A0FB01310CF000402E
:100DA000B1F5000F3EBF490041EAD3715B0040EA54
:100DB000010062F17F02FD2A1DD8B3F1004F40EB24
:100DC000C25008BF20F00100704790F0000F0CF0F7
:100DD000004C08BF49024CEA502040EA51207F3ABB
:100DE000C2BFD2F1FF0340EAC250704740F4000096
:100DF0004FF00003013A5DDC12F1190FDCBF00F087
:100E000000407047C2F10002410021FA02F1C2F134
:100E1000200200FA02FC5FEA310040F1000053EAD0
:100E20004C0308BF20EADC70704792F0000F00F01E
:100E3000004C02BF400010F4000F013AF9D040EA24
:100E40000C0093F0000F01F0004C02BF490011F4B8
:100E5000000F013BF9D041EA0C018FE70CEAD153B6
:100E600092EA0C0F18BF93EA0C0F0AD030F0004C36
:100E700018BF31F0004CD8D180EA010000F00040EA
:100E8000704790F0000F17BF90F0004F084691F0A8
:100E9000000F91F0004F14D092EA0C0F01D14202E2
:100EA0000FD193EA0C0F03D14B0218BF084608D1AB
:100EB00080EA010000F0004040F0FE4040F40000F5
:100EC000704740F0FE4040F4400070474FF0FF0C88
:100ED0001CEAD0521EBF1CEAD15392EA0C0F93EACF
:100EE0000C0F69D0A2EB030280EA010C49024FEA21
:100EF000402037D04FF0805343EA111143EA1013DA
:100F00000CF000408B4238BF5B0042F17D024FF491
:100F1000000C8B4224BF5B1A40EA0C00B3EB510F6C
:100F200024BFA3EB510340EA5C00B3EB910F24BF55
:100F3000A3EB910340EA9C00B3EBD10F24BFA3EBDA
:100F4000D10340EADC001B0118BF5FEA1C1CE0D1A2
:100F5000FD2A3FF650AF8B4240EBC25008BF20F055
:100F6000010070470CF0004C4CEA50207F32C2BFA9
:100F7000D2F1FF0340EAC250704740F400004FF046
:100F80000003013A37E792F0000F00F0004C02BF77
:100F9000400010F4000F013AF9D040EA0C0093F041
:100FA000000F01F0004C02BF490011F4000F013B9B
:100FB000F9D041EA0C0195E70CEAD15392EA0C0F03
:100FC00008D142027FF47DAF93EA0C0F7FF470AF3B
:100FD000084676E793EA0C0F04D14B023FF44CAF7E
:100FE00008466EE730F0004C18BF31F0004CCAD113
:100FF00030F000427FF45CAF31F000437FF43CAF4F
:101000005FE700BF4FF0FF3C06E000BF4FF0010C70
:1010100002E000BF4FF0010C4DF804CD4FEA400252
:101020004FEA41037FEA226C18BF7FEA236C11D09C
:1010300001B052EA530C18BF90EA010F58BFB2EB4F
:10104000030088BFC81738BF6FEAE17018BF40F0CF
:10105000010070477FEA226C02D15FEA402C05D183
:101060007FEA236CE4D15FEA412CE1D05DF8040B08
:10107000704700BF844608466146FFE70FB5FFF79B
:10108000C9FF002848BF10F1000F0FBD4DF808ED53
:10109000FFF7F4FF0CBF012000205DF808FB00BF44
:1010A0004DF808EDFFF7EAFF34BF012000205DF89E
:1010B00008FB00BF4DF808EDFFF7E0FF94BF0120EB
:1010C00000205DF808FB00BF4DF808EDFFF7D2FFE8
:1010D00094BF012000205DF808FB00BF4DF808ED2B
:1010E000FFF7C8FF34BF012000205DF808FB00BFF8
:1010F0004FEA40024FEA41037FEA226C02D15FEAE5
:10110000402C08D17FEA236C02D15FEA412C02D146
:101110004FF0000070474FF0010070474FEA400267
:10112000B2F1FE4F0FD34FF09E03B3EB12620DD915
:101130004FEA002343F0004310F0004F23FA02F07F
:1011400018BF404270474FF00000704712F1610F26
:1011500001D1420205D110F0004008BF6FF00040FD
:1011600070474FF00000704742000ED2B2F1FE4FC0
:101170000BD34FF09E03B3EB126209D44FEA002366
:1011800043F0004323FA02F070474FF0000070472D
:1011900012F1610F01D1420202D14FF0FF307047CE
:1011A0004FF00000704700BF7BB972B90029BEBF85
:1011B00000204FF0004106E008BF00281CBF6FF080
:1011C00000414FF0FF3000F057B8ADF1080C6DE969
:1011D00004CE002909DB002B1ADB1EF0AFFBDDF883
:1011E00004E0DDE9022304B07047404261EB4101B5
:1011F000002B1BDB1EF0A2FBDDF804E0DDE902237F
:1012000004B0404261EB4101524263EB430370473B
:10121000524263EB43031EF091FBDDF804E0DDE98D
:10122000022304B0404261EB41017047524263EB3C
:1012300043031EF083FBDDF804E0DDE9022304B084
:10124000524263EB4303704753B94AB9002908BFC0
:1012500000281CBF4FF0FF314FF0FF3000F00CB8FA
:10126000ADF1080C6DE904CE1EF068FBDDF804E07A
:10127000DDE9022304B07047704700BF10F8012B6E
:1012800011F8013B012A28BF9A42F7D0D01A7047C3
:10129000034613F8012B002AFBD1181A01387047B6
:1012A00001F0FF01102A2BDB10F0070F08D010F817
:1012B000013B013A8B422DD010F0070F42B3F6D11B
:1012C000F0B441EA012141EA014122F007047FF034
:1012D00000070023F0E80256083C85EA010586EA8B
:1012E000010685FA47F5A3FA87F586FA47F6A5FAC7
:1012F00087F68EB9EED1F0BC01F0FF0102F00702D3
:1013000032B110F8013B013A83EA010313B1F8D17D
:101310000020704701387047002D06BF354603385E
:10132000073815F0010F07D1013015F4807F02BF97
:10133000013015F4C03F0130F0BC0138704700BFE8
:1013400010B5054C237833B9044B13B10448AFF3FF
:1013500000800123237010BDB003002000000000B6
:101360001C51020808B5034B1BB103490348AFF3F6
:10137000008008BD00000000B40300201C510208DA
:1013800000B59BB04822002108A821F0AEFE18222B
:10139000002102A821F0A9FE02F0E4F94FF0B042CA
:1013A0000120D2F8903023F01803C2F89030D2F820
:1013B000003423F4C06343F40073C2F80034D2F85D
:1013C000003403F4C0630193019B24230893812319
:1013D0000B930023CDE91003B02208A8CDE9122316
:1013E00002F0ECFA00B1FEE74F23CDE90230CDE97F
:1013F0000400CDE90600022102A802F07BFD00B145
:10140000FEE71BB05DF804FB7047000038B5104CD8
:10141000237805460BB9012038BD02F0BFFA2278C7
:101420004FF47A73B3FBF2F3B0FBF3F000F0ECFC93
:1014300004460028EFD10F2DEDD8024629464FF083
:10144000FF3000F08FFC034B20461D60E4E700BF37
:10145000000000200400002010B5032000F070FC04
:1014600002F09CFA064B18600020FFF7CFFF0446FD
:1014700018B9FFF7C9FF204610BD0124FBE700BFE4
:1014800040000020034A044B11681B780B44136092
:10149000704700BFCC03002000000020014B1868FB
:1014A000704700BFCC0300208068C0F38000704705
:1014B000F7B5002301930446002800F0E780856D0E
:1014C00025B905F0BFF8E56584F8545023689A689B
:1014D000D00040F19F809A68D10000F1B280A26DE7
:1014E00042F01002A265E26D42F00102E2650125C0
:1014F0001846FFF7D9FFA26D02F01002024340F038
:10150000C780A26D206922F4817242F00202A265B6
:101510009A68D2075BD4226BA67E94F82CC0003A5E
:1015200018BF01221703D4E902120A43217E42EABE
:101530008132617E42EAC13242EA4632002842EA02
:101540004C02B4BF20F000414FF400113A430A436B
:1015500094F82010012903D1002E74D142F4803276
:10156000616A21B1A66A01F4E07131430A43DE6881
:101570004A4931401143D96094F83C206168E66CD7
:1015800001F0404C012A4CEA060609D1D4E91027A3
:101590003A433243A66C324342EA0C0242F001065F
:1015A0001F693F4A3A4032431A6121F00042B2F1CA
:1015B000804F0CD0B1F1004F09D03A4ED6F8082731
:1015C00001F4701122F470120A43C6F808275A6910
:1015D000666BA16B22F0070232435A615A6922F00E
:1015E000700242EA01125A61002835D19A6A62F00B
:1015F0000F029A625B6903F007039E423CD100230D
:10160000E365A36D23F0030343F00103A3652846BC
:1016100003B0F0BD9A68244922F0104222F017026C
:1016200042F080529A60214A1268B2FBF1F2013214
:1016300052000192019A002A3FF44DAF019A013AFB
:10164000F7E7002554E7A16D41F02001A165E16DA8
:1016500041F00101E16583E7B0F5001FCAD19A6A44
:10166000E269013A92006FF00F0102F01C0201FAE8
:1016700002F2216E0A43BCE7A36D23F0120343F08C
:101680001003A365E36D43F00103E3650125BEE7A5
:10169000A36D43F01003A365F8E700BF0102DEFF6E
:1016A00002FCFF1F00200140400D0300400000200D
:1016B000F8B54569082D04460E460AD00368DB6874
:1016C000D80705D5A36D43F02003A3650120F8BD1D
:1016D0000425FFF7E3FE074623681A682A4220D054
:1016E000A26D42F40072A265DA6812F4406F14D160
:1016F000A27E92B91A6812070FD51846FFF7D4FEDA
:1017000020BB5A6822F00C025A60A26D22F480724B
:1017100022F0010242F00102A265227EFAB100200D
:10172000D5E7711CD9D0FFF7B9FEC01BB04201D874
:10173000002ED1D123681B682B40CDD1A26D84F837
:10174000543042F00402A2650320C0E7A26D42F0CB
:101750002002A265E26D42F00102E265DDE70C22A3
:101760001A60DCE70368186C70470000F7B50023C7
:10177000019390F85430012B044600F0C0800568B6
:101780000269012380F854302846FFF78DFE0028B7
:1017900040F0AF8048680B68022822F004027ED037
:1017A000B2F1004FC3F3110E35D1AA6A42EA0E021C
:1017B000AA628A68686902EA032222F07C4222F067
:1017C000FF0220EA03210A43002B6A611DDA4D4A19
:1017D0004D4DD2F80817AB4201F0E07043D10D0235
:1017E00013D4D2F8083723F0E073034343F4000323
:1017F000C2F80837454B1A68454BB2FBF3F20C238D
:1018000002FB03330193019B53BB0020002384F8A8
:10181000543003B0F0BD226E00F01F074FF00F0CE4
:101820000CFA07FC6FEA0C0622EA0C0CBEF1000F62
:1018300011D1C3F38462BA4042EA0C0222668008E6
:10184000E26901309042B4D8A86AC3F38362BA4017
:1018500006403243ACE793FAA3F2B2FA82F2EAE727
:10186000019B013BCEE72B4DAB420BD1C901CCD440
:10187000D2F8083723F0E073034343F08073C2F8D3
:101880000837C2E7244DAB42BFD14B02BDD4D2F8DA
:10189000083723F0E073034343F48003EFE7B2F12A
:1018A000004F01BFAA6AC3F311018A43AA62002B49
:1018B000ABDA154813498342D1F8082709D1D1F88A
:1018C000083702F0A07223F0E0731A43C1F808272A
:1018D0009BE71048834204D1D1F8083702F4400254
:1018E000F1E70D48834290D1D1F8083702F0C07279
:1018F000E9E7A26D42F02002A265184686E70220C1
:1019000087E700BF00200140001000B04000002029
:10191000400D0300004000B8002000B4806D704707
:10192000026838B504461046FFF7BEFD08B900202E
:1019300038BD9368990707D4936823F0004323F0D8
:10194000170343F010039360FFF7A8FD05462368D3
:101950009B685B07EBD5FFF7A1FD401B0228F6D97A
:1019600023689B685A07F2D5A36D43F01003A36563
:10197000E36D43F00103E3650120D9E773B500236C
:10198000026801939368DD07044602D5002002B087
:1019900070BD9168214B194209D0A36D43F010032B
:1019A000A365E36D43F00103E3650120EFE793686E
:1019B00023F0004323F0170343F001039360184B17
:1019C000D3F8083718021CD4637E012BDED0FFF752
:1019D00065FD144E054622681368DB07D6D493686C
:1019E000D9075FBF9368334043F001039360FFF76B
:1019F00055FD401B0228EED923681B68DA07EAD49C
:101A0000CBE7094B094A1B68B3FBF2F3013301939F
:101A1000019B002BD8D0019B013BF8E71700008009
:101A200000200140E8FFFF7F40000020400D030040
:101A300038B504460068FFF737FD054620BB94F82B
:101A40005430012B20D0012384F854302046FFF776
:101A500095FFB0B9A36D226823F4706323F00103EE
:101A600043F48073A3651C23E065136084F854007D
:101A7000936823F0004323F0170343F004039360BB
:101A800038BD84F85450FBE70220F9E738B5036805
:101A90009A680446900704D49A68D10703D40020BA
:101AA00038BD9B68FBE79A6802F00502012A19D14C
:101AB0009A6822F0004222F0170242F002029A6075
:101AC00003221A60FFF7EAFC054623689B68DB07E0
:101AD000E5D5FFF7E3FC401B0228F6D923689B6895
:101AE000DA07F2D5A36D43F01003A365E36D43F06D
:101AF0000103E3650120D3E770B5044600284BD00D
:101B0000836D43F002038365FFF70AFF054668B95A
:101B10002046FFF7BBFF054608B90123A3652268ED
:101B2000936823F0104323F01703936023685A68E7
:101B300022F4677222F003025A6040F29F321A6068
:101B4000D968164A0A40DA605A6922F007025A61D7
:101B500000269A6A9E621A6A02F0F0221A625A6A93
:101B600002F0F0225A62DA6A02F0F022DA621A69AE
:101B700022F040421A610A4AD2F8083723F0FE7375
:101B8000C2F80837204604F07DFDE6652666A665A6
:101B900084F85460284670BD0125FBE700021E83CF
:101BA0000020014010B590F85430012B044615D0A8
:101BB000012380F85430FFF7B3FE58B92046FFF7F1
:101BC00065FF38B9A36D23F4807323F0010343F05C
:101BD0000103A365002384F8543010BD0220FCE704
:101BE000F7B50023009390F85430012B044600F021
:101BF000A080012380F85430FFF748FF23689A68DB
:101C000012F00102054607D0A36D43F01003A3654F
:101C1000002384F854302DE0A16D474F21F48171E9
:101C200041F00201A165DE68D96826F4FF4626F07E
:101C30007C0621F40041360421F00301360CD96002
:101C400008209968394041F000419960996800295D
:101C500013DA0099013100910099B1F52E3FF5D3C7
:101C6000A36D23F0120343F01003A365002384F84F
:101C700054300125284603B0F0BDD3F8B410013824
:101C800001F07F010A44DCD1D1089A6822F00042B9
:101C900022F0170242F001029A601A69B2F1804FF5
:101CA0001ED3D3F8B42022F07F020A43C3F8B42035
:101CB0009A6822F0004222F0170242F002029A6073
:101CC000FFF7ECFB074623689A68D2071FD4DA684F
:101CD0003243DA60A36D23F0030343F0010396E778
:101CE000164AD2F8082702F47012B2F5E01FD8D3D2
:101CF000920C0120033A00FA02F20192019AC240CA
:101D00000192019A002ACCD0019A013AF8E7FFF734
:101D1000C5FBC01B0228D6D923689B68D907D2D53A
:101D2000A36D43F01003A365E36D43F00103E36586
:101D30009FE702259EE700BFE8FFFF7F00200140EC
:101D40000749CA6822F4E0620302120403F4E06364
:101D5000120C134343F0BF6343F40033CB6070476E
:101D600000ED00E0164B30B5DC68C4F30224C4F18A
:101D70000703251D042B28BF0423062D4FF0FF3534
:101D80008CBF033C002405FA03F321EA0303A540BA
:101D900022EA0502A340002843EA0203ACBF00F197
:101DA0006040084A4FEA0313B8BF00F00F00DBB2EF
:101DB000AABF00F56140135480F8003330BD00BF66
:101DC00000ED00E014ED00E0002807DB044A4109C3
:101DD000012300F01F00834042F82130704700BF0C
:101DE00000E100E000280CDB4309064900F01F0079
:101DF00020330122824041F82320BFF34F8FBFF3ED
:101E00006F8F704700E100E00138B0F1807F0BD2A6
:101E10004FF0E023054A5861F02182F8231000209A
:101E2000072298611A6170470120704700ED00E0B9
:101E30000028A1BF43094033054A52F82330A3BF0D
:101E400000F01F0023FA00F000F0010000207047AE
:101E500000E100E0002808DB4309044900F01F000E
:101E600001226033824041F82320704700E100E006
:101E7000704708B5FFF7FCFF08BD704710B5044672
:101E800008B9012010BD437F03F0FF0213B90277A8
:101E9000FFF7F3FF022363772379E3B92368134A3B
:101EA0005A619A6822F018029A6062792368D2B95E
:101EB0004FF0FF321A619A68616922F060020A43AA
:101EC0009A609A68A16922F080020A439A6001230D
:101ED00063770020D6E7D4E90212204600F008F824
:101EE0000028E2D0CDE72269E4E700BFB71DC104B6
:101EF000CB0710B50CD51F23013B1CD321FA03F4EB
:101F0000E407F9D5102A12D004D83AB1082A10D023
:101F100001200BE0182AFBD1062BF9D8006841619B
:101F2000836823F0180313438360002010BD072B40
:101F3000F3E70F2BF1E7102AEAD0E9D8002AE7D11E
:101F4000ECE710B5044640B10223037104F04CFBEA
:101F5000002020616071207110BD0120FCE710B5E8
:101F6000012358B1046801F01001226803FA01F15D
:101F700022EA010222600371002010BD1846FCE72E
:101F8000034640B190F82520022A06D00422C263FD
:101F9000002280F82420012070470268116821F097
:101FA00001011160116821F00E011160816C0A6855
:101FB00022F480720A60D0E9100202F01C010122B2
:101FC0008A404260D3E9132151605A6D32B11168E1
:101FD00021F480711160D3E91621516001220020A3
:101FE00083F8252083F82400704708B590F8253041
:101FF000022B03D00423C363012008BD03681A68C1
:1020000022F001021A601A6822F00E021A60826C35
:10201000136823F480731360D0E9101303F01C02DB
:10202000012393404B60D0E913325A60436D33B1C2
:102030001A6822F480721A60D0E916325A600123BD
:1020400080F82530002380F82430836B03B1984753
:102050000020D2E790F82500704700000A4A536933
:1020600043F4802330B55361EFF3108472B600233C
:10207000CD58C5500433B3F5807FF9D11369DB0324
:10208000FCD484F3108830BD00400058064B5A69D8
:10209000002ABFBF054A9A6002F188329A60BABF2F
:1020A0005869C00F00207047004000582301674561
:1020B000044B5A6942F000425A615869C043C00F4C
:1020C000704700BF0040005870B50546FFF7E6F9BD
:1020D000124E04463369D90313D43369DA0744BF77
:1020E000012232614CF2FA32134011D10B4E3069A9
:1020F00010F480200BD0FFF7D1F9001BA842F6D3D3
:1021000004E0FFF7CBF9001BA842E3D3032070BD26
:10211000024A1361024A01205360F8E70040005868
:10212000D00300202DE9F041184D98462B78012B63
:1021300006460C46174626D001232B704FF47A70C2
:1021400000236B60FFF7C0FFA0B9012E16D1104A23
:10215000536943F0010353612760BFF36F8FC4F8E5
:1021600004804FF47A70FFF7AFFF094A536923EAFE
:102170000603536100232B70BDE8F08139462046E9
:10218000FFF76CFFEDE70220F6E700BFD003002069
:1021900000400058054A536923F47E7343EAC000A7
:1021A00040F4803040F00200506170470040005819
:1021B0002DE9F041364F3B78012B0546884665D026
:1021C00001233B704FF47A7000237B60FFF77CFFA4
:1021D0000446002836D12B68042B38D12D4A536988
:1021E00043F4803343F0040353614FF47A70FFF7F4
:1021F0006BFF0446274B1A6891050FD51A6822F425
:1022000000721A601A6842F400621A601A6822F4B6
:1022100000621A601A6842F400721A601D4B1A6854
:1022200052050FD51A6822F480621A601A6842F4C7
:1022300080521A601A6822F480521A601A6842F4B6
:1022400080621A6000233B702046BDE8F0814FF0A9
:10225000FF33C8F800306E68D5E901321344B34249
:102260000AD93046FFF796FF4FF47A70FFF72CFF3C
:1022700050B1C8F800600446064A536923F47E73DF
:1022800023F002035361B5E70136E5E70224DBE7FB
:10229000D0030020004000582DE9F04F564C002399
:1022A0004FF00F080A6832FA03F501D1BDE8F08F4C
:1022B000012505FA03F919EA020275D04E680327D1
:1022C00006F003054FEA430E07FA0EFC6F1E012FBE
:1022D0006FEA0C0C6AD8876807EA0C0ACF6807FA1D
:1022E0000EF747EA0A078760476827EA0909C6F335
:1022F00000179F4047EA09074760C76807EA0C09CB
:102300008F6807FA0EF747EA0907022DC76059D010
:10231000076805FA0EF507EA0C073D4316F4403F3F
:10232000056041D023F0030707F1804707F58037A8
:1023300003F0030CBD684FEA8C0C4FF0070E0EFA49
:102340000CFEB0F1904F25EA0E0E51D02B4DA84255
:1023500050D005F58065A84214BF0725022505FA6F
:102360000CF545EA0E05BD602568D74316F4801FBD
:102370000CBF3D4015432560656816F4001F0CBF77
:102380003D4015436560D4F8805016F4803F0CBF83
:102390003D401543C4F88050D4F88450B60354BF70
:1023A0003D401543C4F8845001337BE7032DAFD083
:1023B000C76807EA0C098F6807FA0EF747EA0907AA
:1023C000C760A5E74FEAD30900EB890903F0070AC4
:1023D000D9F820704FEA8A0A08FA0AFB27EA0B0BA1
:1023E0000F6907FA0AF747EA0B07C9F820708FE769
:1023F0000025B4E70125B2E70008005800040048B2
:10240000044AD168014208B502D0D06004F0B2FBA2
:1024100008BD00BF0008005803689A69910744BFCF
:1024200000229A629A69D2075EBF9A6942F001025D
:102430009A61704730B5039D04682B4343EA024319
:10244000064A6068C1F309010B4342EA555223F082
:10245000004320EA02000343636030BDFF63FF03D3
:102460001E4A436B934270B501F002020DB201F0B7
:1024700001041DD01A4EB3421AD01A4EB34217D0DF
:10248000002DACBF0023B8230CB143F0F2030AB116
:1024900043F0F403102902D143F0900303E0202914
:1024A00001D143F0200301680A6813430B6070BD3B
:1024B000002DACBF0023B8230CB143F0F2030AB1E6
:1024C00043F0F4031029E7D0202902D143F0600340
:1024D000E9E7402908BF43F04003E4E72132000860
:1024E0003D350008F930000811F0010307D090F8DD
:1024F000413003F02803282B14BFF22342238A071C
:1025000009D590F8412002F02802282A0CBF43F098
:10251000440343F0F4030A0401680A6848BF43F027
:10252000B80322EA03030B60704703682DE9F0410A
:102530009C6914F0100405460F4616466CD0102214
:102540000024DA61A0462B689A69920660D4B8F13B
:10255000000F2ED044F0040401202E68B36913F458
:10256000807F03F4806203F4007357D04FF48071CE
:1025700044F00104F161002A51D1002B56D12846C4
:10258000FFF74AFF736823F0FF7323F48B3323F4C0
:10259000FF7323F0010373606B6C23436B64202390
:1025A00085F84130002385F8423085F8403001201D
:1025B00044E07A1C05D19A699606FCD52022DA619E
:1025C000C8E7FEF76BFF801BB84201D8002FBAD1D5
:1025D0002B68596895F8422098690004D2B20AD550
:1025E000480408D4202A06D05A6842F480425A602F
:1025F000FEF754FF06462B689B699906A3D4FEF7A5
:102600004DFF801B1928F6D920244FF001089AE7C6
:10261000B8F1000F9ED1D1E720469EE72AB14FF4D2
:10262000806244F00804F261A7E72BB14FF4007315
:1026300044F00204F361A2E70028A0D1BDE8F081D4
:102640002DE9F041DDF8188004460F4616461D4678
:1026500023689B6937EA03030CBF01230023B342BD
:1026600001D0002025E0424629462046FFF75DFFC5
:10267000F0B96B1CECD0FEF711FFA0EB0800A842EC
:1026800001D8002DE4D123689B6937EA03030CBF0E
:1026900001230023B342DBD1636C43F02003636466
:1026A000202384F84130002384F8423084F84030FD
:1026B0000120BDE8F081C36AAA2B02D10023C362C6
:1026C0007047C36AB3F52A4FFAD14FF00073F6E7AB
:1026D000704710B5044600284ED090F8413003F002
:1026E000FF021BB980F84020FFF7F2FF242384F893
:1026F000413023681A6822F001021A60626822F0F1
:1027000070621A619A6822F400429A60D4E9022148
:10271000012906D142F400429A605A6822F400620C
:1027200007E042F4044202299A60F6D15A6842F462
:1027300000625A605A6842F0007242F400425A60E5
:10274000DA6822F40042DA60D4E904210A43A1697C
:1027500042EA0122DA60D4E907210A431A601A68C2
:1027600042F001021A6000202023606484F84130A6
:10277000206384F8420010BD0120FCE7704710B5CB
:10278000044698B10268242380F84130136823F08E
:1027900001031360FFF7F2FF0020606484F840003B
:1027A00084F84100206384F8420010BD0120FCE75A
:1027B0002DE9F04385B01D460023039390F8413086
:1027C000202B0446174672D103689B6913F400431B
:1027D0006DD190F84020012A69D00122C1F3090689
:1027E00080F8402046F00078242280F8412048F408
:1027F00020584364E3682268012B06BF46F000734B
:1028000043F4005343465360FEF748FE8146226876
:1028100093699269C3F34013C2F30012134316D0B5
:1028200023689A69CDF8009012F010022B4624D14B
:1028300020212046FFF704FFE8B922682023D36156
:1028400084F8413084F8400005B0BDE8F0836B1C8B
:10285000DDD0FEF723FEA0EB0900A84201D8002D31
:10286000D5D1202384F84130636C43F020036364A6
:10287000002384F840300120E6E700222021204692
:10288000FFF7DEFE0028F6D123681022DA6120224D
:10289000DA61039B01330393039BBB42AAD384F801
:1028A0004120636C84F8400013436364E3E7022033
:1028B000CAE70000F7B50446104694F84120089E88
:1028C000202A65D194F84020012A61D0012284F8A1
:1028D0004020212284F84120102284F84220002246
:1028E00062646385E6622B4B6363638D60629BB2B7
:1028F000FF2B99BF638D2385FF232385228D94BFF2
:10290000E56A4FF080756AB136F000731DD1236817
:1029100010F8017B9F62638D6062013B9BB263850F
:10292000531E2385236B112B16D1AA2E0FD12046BF
:10293000FFF7C1FE638D9BB2FF2B00D8E56A1648F6
:10294000009094F828202B4615E00022EAE7B6F51F
:102950002A4FECD0002008E02046FFF7ACFE638D44
:102960009BB2FF2B00D8E56A0B4836F00073E7D125
:1029700000902B46D2B220460025FFF75BFD204693
:1029800084F840500121FFF76BFD284603B0F0BDED
:102990000220FBE7C12F00080020008037B5044665
:1029A000069894F84150202D44D194F84050012DC0
:1029B00040D0012584F84050222584F8415010254C
:1029C00084F84250002565646385E0621A4B6363B6
:1029D000638D62629BB2FF2B9BBF638D2385FF23B8
:1029E000E26A88BF2385236B88BF4FF08072122B69
:1029F00004D1AA2802D0B0F52A4F09D12046FFF70A
:102A00005AFE638D9BB2FF2B00D8E26A0B4B00E0AD
:102A10000023009320461346002594F82820FFF752
:102A200009FD204684F840500221FFF719FD284691
:102A300003B030BD0220FBE7C12F00080024008056
:102A4000F8B51F4690F8413003F02803282B0446C0
:102A50000E46154601D00120F8BD01B11AB94FF458
:102A600000736364F7E748F20101FFF73DFD90F85A
:102A70004030012B40D0012380F8403090F84130A5
:102A80002A2B14D10221FFF72FFD03681A681004C6
:102A90000DD51A68E06B22F400421A6038B1174B6A
:102AA0008363FFF7A2FA10B1E06B836B9847292389
:102AB00084F8413020682023002284F84230626488
:102AC000436823F4004343606585638D2385E76293
:102AD0000B4B6363836981696662C90303D51B0776
:102AE00044BF0823C361204684F8402048F2010116
:102AF000FFF7B6FC0020AFE70220ADE7453700083E
:102B000033360008F8B51F4690F8413003F028032B
:102B1000282B04460E46154601D00120F8BD01B110
:102B20001AB94FF400736364F7E748F20201FFF744
:102B3000DBFC90F84030012B3FD090F84130012170
:102B4000292B80F8401013D1FFF7CEFC03681A68D8
:102B500050040DD51A68A06B22F480421A6038B177
:102B6000174B8363FFF741FA10B1A06B836B984753
:102B70002A2384F8413020682023002284F8423040
:102B80006264436823F4004343606585638D238555
:102B9000E7620C4B6363836981696662C90303D48E
:102BA0001B0744BF0823C361204684F8402048F235
:102BB0000201FFF755FC0020B0E70220AEE700BF9E
:102BC000453700083336000808B590F84120202A20
:102BD0000AD1282280F84120044A42634FF4004180
:102BE000FFF73EFC002008BD0220FCE7333600085A
:102BF0000268436B9169126803B1184770477047C8
:102C0000704738B5002580F8425090F84130212BAC
:102C10004FF0200380F841300AD11123036345634C
:102C20000121FFF761FC80F84050FFF7E8FF38BD55
:102C30001223036345630221FFF756FC80F84050DE
:102C4000FFF7DEFFF3E708B503681A68002180F894
:102C50004210510415D51A6822F480421A6090F887
:102C60004130292B13D1282380F8413021230363DD
:102C70000121FFF739FC002380F840300DF0F0FC13
:102C800008BD1204EBD51A6822F40042E6E790F87A
:102C900041302A2BF4D1282380F8413022230363CA
:102CA0000221FFF721FC002380F840300DF0C5FC25
:102CB000E6E790F8412002F02802282AF8B50368D8
:102CC00034D19E69C2689D699968DF682D0C022A1B
:102CD000C6F3004605F0FE051FD185EAD11515F0B3
:102CE0000605C1F309020ED1816C01318164816C4A
:102CF000022907D108218564D96180F84050314606
:102D00000DF04EFCF8BD4FF40041FFF7EDFB002342
:102D100080F8403007F0FE02F1E74FF40041FFF782
:102D2000E3FB002380F840302A46E8E70822DA6116
:102D3000002380F84030E5E708B5164BC362202237
:102D400000230363436380F8412080F842304B073F
:102D500012D503685A6A436A1A70436A01334362A0
:102D6000038D4BB1013B0385438D013B9BB24385F2
:102D7000436C43F00403436448F20301FFF7B4FBE0
:102D800003681022DA61002380F840300DF040FC27
:102D900008BD00BF0000FFFF70477047704790F804
:102DA0004120602A08B54FF0000208D1202180F8A8
:102DB000411080F840200263FFF7F0FF08BD026376
:102DC00080F840200DF050FCF8E7000070B50022BC
:102DD0003D4D90F8413080F84220C5624285426CFA
:102DE000283B0A43022B044642642AD80321FFF7FA
:102DF0007BFB282380F84130344BA06B6363236B4B
:102E0000002841D0112B01D0212B3DD123681A6815
:102E1000510442BF1A6822F480421A60FFF71AF97F
:102E200001282CD0A06B2A4B8363002384F8403008
:102E3000FFF7DBF8002845D0A06B836BBDE870403E
:102E4000184748F20301FFF74FFBFFF7E5FA90F848
:102E50004130602B11D0202380F8413003689A69FB
:102E600095060AD59A69D00605D51022DA61626CFA
:102E700042F0040262642022DA610023BDE72046AA
:102E8000BDE87040FFF78BBFE06B0028F7D0122B36
:102E900001D0222BF3D123681A68120442BF1A68AA
:102EA00022F400421A60FFF7D5F80128E7D0E06B62
:102EB000074B8363002384F84030FFF796F808B18E
:102EC000E06BBAE770BD00BF0000FFFF33360008BB
:102ED0004537000873B505682023EB6190F8413051
:102EE000212B04460E4635D10121FFF7FDFA1123AF
:102EF00023636B6823F0FF7323F48B3323F4FF7396
:102F000023F001036B6000236363F206A3F58033B3
:102F1000E36205D51023EB61636C43F00403636443
:102F200094F84130602B05D1730741BF6B6ADBB267
:102F30000193019B2046FFF76FFA636C94F84120E0
:102F4000602A00D07BB1616C204602B0BDE87040C1
:102F5000FFF73CBF90F84130222BCAD10221FFF786
:102F6000C3FA1223C4E794F84120212A12D1202267
:102F700084F84120236394F8422084F84030402AAA
:102F800084F8423003D1FFF707FF02B070BDFFF7AE
:102F900036FEFAE794F84120222AF6D1202284F85E
:102FA0004120236394F8422084F84030402A84F87A
:102FB000423002D1FFF7F1FEE7E7FFF721FEE4E739
:102FC00073B590F84030012B04460D46164600F0CC
:102FD00091800123CA0680F8403017D5F30615D535
:102FE00003681022DA61436C43F004034364FFF783
:102FF00013FAAA0605D5B30603D529462046FFF7DE
:1030000069FF002084F8400002B070BD680712D547
:10301000710710D523685A6A636A1A70636A25F0CB
:10302000040501336362238D013B2385638D013BDE
:103030009BB26385DDE76A060DD4AB0727D5B007E1
:1030400025D5638D9BB2002BD3D0636A226813F819
:10305000011B9162E6E7290606F0400337D5002BF5
:10306000C7D0638D22689BB22BB3208D18BB5168EB
:10307000638D9BB2FF2BC1F309010DD9FF2222857D
:103080004FF0807300902046FFF7D4F9B1E72A068D
:10309000AFD57306E5D4ACE7628DE36A92B213F55F
:1030A000803F2285D2B202D0E36A0090EBE7009025
:1030B0004FF00073E7E75368980103D42046FFF709
:1030C000A0FD96E740212046FFF780FE91E7002B08
:1030D0008FD0638D9BB2002BF4D123685A68910185
:1030E00087D4E26A12F5803FE8D15A6842F4804200
:1030F0005A607EE7022087E713B590F84030012B35
:10310000044600F08680012380F84030CB0612D5BB
:10311000D30610D503681022DA61436C43F0040330
:1031200043642021FFF79CF9FFF776F9002084F82B
:10313000400002B010BD880708D5930706D5236864
:10314000226D9A624FF0FF332365EFE7080636D50C
:10315000530634D501212046FFF7C6F91021FFF7A9
:103160007FF9638D9BB233B3638D9BB2FF2B18D96C
:10317000FF22E16C2285002300934FF0807389B217
:10318000FFF758F9638D228D9B1A9BB2638594F8E3
:1031900041202368222A1A6830D142F400421A6082
:1031A000C4E7628DE16C92B2228500230093D2B213
:1031B0004FF00073E3E74021FFF708FEB6E748064B
:1031C0001FD553061DD501212046FFF78DF910218B
:1031D000FFF746F994F841100F4A104B222918BF07
:1031E0001346628D92B2FF2A03D9FF22E16C228539
:1031F000C2E7628DE16C92B22285D7E742F4804249
:10320000CDE7880692D5930690D52046FFF762FE5B
:103210008CE702208DE700BF0020008000240080A2
:1032200073B590F84030012B044678D0012380F824
:103230004030CB0612D5D60610D503681022DA61CD
:10324000436C43F0040343642021FFF709F9FFF7BF
:10325000E3F8002084F8400002B070BD0D0641D5AF
:1032600050063FD525682B6823F040032B60638D03
:103270009BB25BB36968638D9BB2FF2BC1F30901FD
:103280001AD9FF2323854FF080730022268D0092E8
:1032900094F828202046FFF7CDF8638D9B1B9BB246
:1032A000638594F84130222B2B680CBF43F4004314
:1032B00043F480432B60CCE7638D2385E36A13F5E9
:1032C000803F14BFE36A4FF00073DEE76B689A013A
:1032D00003D42046FFF795FCBBE740212046FFF7CB
:1032E00075FDB6E74B0612D5560610D5638D9BB219
:1032F000002BF2D123685A689501AAD4E26A12F52C
:10330000803FE6D15A6842F480425A60A1E78806BD
:103310009FD593069DD52046FFF7DCFD99E7022057
:103320009AE7036899691A6810B4CC0508D51406A1
:1033300006D5446C44F0010444644FF48074DC61AD
:103340004C0508D5140606D5446C44F008044464C2
:103350004FF48064DC61890508D5120606D5426CFD
:1033600042F0020242644FF40072DA61416C11F0E3
:103370000B0F02D010BCFFF729BD10BC7047000036
:103380002DE9F0410568D5F80080C76A90F8412022
:103390000E46212A4FF020010446D3B2E96109D03C
:1033A000223B082B0DD8DFE803F06C0C0C0C0C0C46
:1033B00072056C0048F201012046FFF795F82123C1
:1033C00023636B6843F400436B606B6823F0FF7307
:1033D00023F48B3323F4FF7323F001036B60204647
:1033E000FFF71AF818F4804F57D02B6823F4804366
:1033F0002B60A36B1BB11B685B689BB26385720774
:103400000FD5636A6A6A1A70636A01336362238D37
:103410002BB1013B2385638D013B9BB2638526F075
:103420000406638D9BB21BB1636C43F004036364B9
:10343000F30611D518F0100F0ED0638D9BB2002B40
:1034400045D194F84130282B30D1B7F1007F2DD1F0
:1034500031462046FFF770FC002384F84230656C4B
:103460006363002D42D0616C2046FFF7AFFC94F8F7
:103470004130282B4CD131462046BDE8F041FFF7C2
:103480005BBC48F20201FFF72FF8222398E748F2CD
:103490000301FFF729F8002392E718F4004FAED09C
:1034A0002B6823F400432B60E36BA3E794F84120DF
:1034B0002368292A4FF01002DA61CDD117F5803F39
:1034C000CAD02046FEF7A8FFFFF7BDFBC4E723687C
:1034D0001022DA61636C43F00403636437F0807395
:1034E000BAD1616C2046FFF771FCB5E7E36A13F5CA
:1034F000803F0FD02046FFF7A6FB0F4BE36220234F
:1035000084F8413084F84050256320460DF080F85F
:10351000BDE8F08194F8413084F84050222B4FF000
:10352000200384F841302046256302D10DF085F850
:10353000EEE70DF095F8EBE70000FFFF70B590F8AF
:103540004060C56A012E04460B4670D0012680F803
:1035500040608E0607D5960605D5FFF711FF0020BF
:1035600084F8400070BDD80659D5D10657D512F45D
:10357000404F50D0D4E90E10E0B921B1520402D529
:103580000A6852680AB323681022DA61636C43F058
:103590000403636494F8413035F08072DBB2DED10D
:1035A000213B092B30D8DFE803F02D342F2F2F2FAC
:1035B0002F2F2D341604E0D5006840680028DCD198
:1035C00019B1500444BF0A68526894F84120282A6F
:1035D00007D1B5F1007F04D119462046FFF7ACFBB7
:1035E000BDE794F841202368292A4FF01002DA61E0
:1035F000B5D115F5803FB2D02046FEF70DFFFFF79D
:1036000022FBACE721232363616C2046FFF7DEFB3E
:10361000A5E72223F7E723681022DA619FE719075D
:103620009DD513079BD52046FFF743FB97E7022064
:1036300098E770B590F84060C56A012E04460B46C5
:103640007ED0012680F840608E0607D5960605D507
:10365000FFF796FE002084F8400070BDD90630D5F3
:10366000D6062ED5628D92B2E2B994F84120282A6E
:1036700007D1B5F1007F04D119462046FFF75CFB66
:10368000E8E794F841202368292A4FF01002DA6114
:10369000E0D115F5803FDDD02046FEF7BDFEFFF7F7
:1036A000D2FAD7E723681022DA61636C43F004038F
:1036B000636435F08073CDD1616C2046FFF786FBE3
:1036C000C8E758071BD5510719D5638D9BB26BB15D
:1036D00023685A6A636A1A70636A01336362238DCE
:1036E000013B2385638D013B9BB26385638D9BB258
:1036F000002BAFD115F5803FACD02046CFE71E0799
:1037000005D5100703D52046FFF7D3FAA2E799079E
:10371000A0D593079ED5638D9BB26BB1636A226877
:1037200013F8011B91626362638D013B9BB2638559
:10373000238D013B23858DE735F080738AD1DCE74B
:1037400002208AE7806A836B0BB100229A63C36B05
:103750000BB100229A63FFF722BB90F8410070473B
:10376000406C7047024A136843F4807313607047DB
:1037700000040058024B186800F4C060704700BF96
:1037800000040058024A936823F400439360704792
:1037900000040058054A136843F007031360044A05
:1037A000136943F00403136130BF704700040058ED
:1037B00000ED00E04FF0B0431868C0F340407047A0
:1037C0004FF0B0431868C0F3400070474FF0B0426C
:1037D000536823F47F4343EA0023536070474FF05C
:1037E000B0431868C0F34060704700007FB54FF0E9
:1037F000B0432C4AD3F80831C0F3031003F00F0391
:1038000052F82040284A52F82330B4FBF3F4FFF773
:10381000B1FF264B054693E80700B5F5007F04ABE2
:1038200003E9070010D0224B9C4218D303F5B703DD
:1038300003F67F539C4229D903F5741303F51063F3
:103840009C4225D802230BE01A4B9C4207D91A4B05
:103850009C421BD903F5370303F5D853F0E7002347
:1038600004AA02EB830353F80C4C144D2B6823F08D
:10387000070323432B60FDF711FE06462B6803F078
:1038800007039C4206D1002004B070BD0123E7E786
:103890000024EAE7FDF702FE801B0228EED9032090
:1038A000F2E700BF54570208B45702083851020823
:1038B000C0CF6A00BFEA21013F93340200400058A4
:1038C0004FF0B04310B59A68D96812F00C0205D0D9
:1038D0000C2A4AD101F00303012B51D14FF0B04122
:1038E0002B480B6813F0080306D00B6813F008038D
:1038F00037D1D1F8941007E00C68240756BFD1F8EF
:1039000094300968C3F3032350F82330002A0CBF16
:10391000184600204FF0B0418A6802F00C020C2AD1
:103920001ED1CA6802F00302022A2ED0032A06D151
:103930000B68184A13F4801F174B18BF13464FF03B
:10394000B042D068D168D268C0F306205843C1F3B2
:1039500002130133B0FBF3F0530F0133B0FBF3F06C
:1039600010BD0B68C3F30313CEE7042A05D0082A61
:1039700006D11B6813F4801305D006480023C9E75D
:1039800000231846C6E70448C4E7024BD7E700BF48
:10399000545702080024F4000048E80108B5FFF776
:1039A0008FFF4FF0B043044A9B68C3F3031352F8F0
:1039B0002330B0FBF3F008BDB45702082DE9F04105
:1039C0000446002853D04FF0B0439D68DE6803687A
:1039D000990605F00C0506F0030668D5026A1DB1CC
:1039E0000C2D46D1012E44D1002A40D04FF0B043D7
:1039F000A16A1A68120756BFD3F894301B681B09D6
:103A000003F0F00399421FD90846FFF7EFFE0028A4
:103A10002DD14FF0B042136843F0080313601368D0
:103A2000A16A23F0F0030B431360606AFFF7CEFE38
:103A3000FFF7B4FFAC4B1860AC4B1868FDF7E6FC21
:103A4000002834D0BDE8F0814FF0B042136843F055
:103A500008031360136823F0F0030B431360606ADC
:103A6000FFF7B4FE0846FFF7C1FE0028E0D00120B2
:103A7000E8E74FF0B043002A54D01A6842F0010240
:103A80001A60FDF70BFD0746FFF79AFE002842D0AB
:103A90004FF0B042136843F0080313601368A16A43
:103AA00023F0F0030B431360606AFFF78FFE236877
:103AB000DF0748D42368980700F1A18023681E0718
:103AC00040F1FC80A3694FF0B046002B00F0E3808A
:103AD000D6F89430E16903F01002914200F0C680FC
:103AE00003F00302022AC2D0D80740F1B580D6F80D
:103AF000943023F00103C6F89430FDF7CFFC07465D
:103B0000D6F89430990740F1A780FDF7C7FCC31B96
:103B1000112BF5D904E0FDF7C1FCC01B0228B3D975
:103B200003208FE71A6822F001021A60FDF7B6FC45
:103B30000746FFF745FE0028B9D0FDF7AFFCC01BD4
:103B40000228F6D9ECE7082D626803D00C2D1AD1B3
:103B5000032E18D1002A8AD09907AFD523694FF0D8
:103B6000B046002B67D0336843F480733360FDF7B1
:103B700095FC074633685A0555D4FDF78FFCC31BE7
:103B8000022BF7D9CCE74FF0B043A068196821F4B5
:103B900080110143B2F5803F196010D11A6842F4D8
:103BA00080321A60FDF77AFC0746FFF703FE002813
:103BB00080D1FDF773FCC01B6428F6D9B0E7B2F5DD
:103BC000041F04D11A6842F400121A60E6E719686B
:103BD00021F480311960196821F400111960002A5C
:103BE000E0D1FDF75BFC0746FFF7E4FD00283FF45A
:103BF00061AFFDF753FCC01B6428F5D990E7042D95
:103C000003D00C2DAAD1022EA8D12369002B3FF49A
:103C10002EAF4FF0B0426169536823F0FE4343EA90
:103C2000016353604AE77368626923F0FE4343EA25
:103C30000263736042E7336823F480733360FDF7F7
:103C40002DFC074633685B057FF538AFFDF726FC92
:103C5000C31B022BF6D963E74FF0B042E169D2F8FB
:103C6000943023F010030B43C2F894304FF0B04768
:103C7000D7F8943043F00103C7F89430FDF70EFCF9
:103C80000646D7F894309A0718D4FDF707FC831B33
:103C9000112BF6D944E7D6F8943023F00103C6F887
:103CA0009430FDF7FBFB0746D6F894309B0705D50B
:103CB000FDF7F4FBC31B112BF6D931E72368580736
:103CC00054D50B4F3B68D90514D4FFF74BFDFDF7D6
:103CD000E5FB06463B68DA050CD4FDF7DFFB831BEA
:103CE000022BF7D91CE700BF400000200400002091
:103CF00000040058E3684FF0B046002B58D023F082
:103D00008003052B02BFD6F8903043F00403C6F8B9
:103D100090304FF0B046FDF7C1FBD6F8903043F03D
:103D200001030746C6F8903041F28838D6F8903043
:103D30009B0705D4FDF7B2FBC31B4345F6D9EFE65D
:103D4000E36823F00403812B1BD1FDF7A7FBD6F812
:103D5000903043F08003C6F8903007464FF0B046ED
:103D600041F28838D6F89030180504D5E36A002B64
:103D70004AD1002066E6FDF791FBC01B4045F1D912
:103D8000CEE6FDF78BFBD6F8903023F08003C6F823
:103D9000903007464FF0B04641F28838D6F8903060
:103DA0001905E3D5FDF77AFBC01B4045F6D9B7E608
:103DB000FDF774FBD6F8903023F080030746C6F871
:103DC000903041F28838D6F890301A0516D4FDF7B5
:103DD00065FBD6F8903023F00103C6F89030074613
:103DE0004FF0B04841F28836D8F890309B07BDD5E7
:103DF000FDF754FBC31BB342F6D991E6FDF74EFB2A
:103E0000C01B4045DFD98BE60C2D4ED0022B4FF066
:103E1000B0431A6822F080721A6033D1FDF73EFB7E
:103E20000546FFF7DCFC38BBD4E90C314FF0B0425B
:103E30000B43D0682D4901400B43E16B0B43216CD0
:103E40000B43616C0B43A16B43EA0123D3601368FE
:103E500043F080731360D36843F08053D360FDF761
:103E60001DFB0446FFF7BBFC002882D1FDF716FBC3
:103E7000001B0A28F6D953E6FDF710FB401B0A2861
:103E8000CFD94DE6FDF70AFB0446FFF7A8FC30B991
:103E90004FF0B042164BD1680B40D36069E7FDF795
:103EA000FDFA001B0A28F0D93AE6012B3FF4DFADFA
:103EB0004FF0B043D868236B00F003029A427FF4BE
:103EC000D6AD626B00F0700393427FF4D0ADA26B6D
:103ED00000F4FE43B3EB022F7FF4C9AD636C00F036
:103EE0006040C01A18BF0120ACE500BF8C80C11132
:103EF000FCFFFEEE2DE9F0410D46044610B901200D
:103F0000BDE8F081684E336803F007038B4216D397
:103F100023689A0727D54FF0B047A268BB6823F003
:103F2000F0031343BB60FDF7B9FA0646BB68DB0339
:103F300019D4FDF7B3FA831B022BF7D911E03368CC
:103F400023F007030B433360FDF7A8FA07463368F5
:103F500003F00703AB42DBD0FDF7A0FAC01B022839
:103F6000F5D90320CCE72368580617D54FF0B047A2
:103F70006269D7F8083123F00F0343EA1213C7F838
:103F80000831FDF78BFA0646D7F80831D90305D476
:103F9000FDF784FA831B022BF6D9E2E723685A0760
:103FA00013D54FF0B047E268BB6823F4E0631343D6
:103FB000BB60FDF773FA0646BB689B0305D4FDF7AB
:103FC0006DFA831B022BF7D9CBE72368180714D5AA
:103FD0004FF0B0472269BB6823F4605343EAC20341
:103FE000BB60FDF75BFA0646BB68590305D4FDF7D5
:103FF00055FA831B022BF7D9B3E72368DA070FD4EE
:10400000294C236803F00703AB4239D8FFF7C6FCFD
:10401000264B1860264BBDE8F0411868FDF7F6B94D
:104020006268022A1DD1FFF7C5FB00283FF467AF85
:104030004FF0B04641F28838B36823F003031343CE
:10404000B360FDF72BFA0746B368626803F00C0310
:10405000B3EB820FD4D0FDF721FAC01B4045F3D952
:104060007FE7032A02D1FFF7BAFBDEE712B9FFF7B9
:10407000A7FBDAE74FF0B0431B685B05D8D43EE7F7
:10408000236823F007032B432360FDF707FA064656
:10409000236803F00703AB42B8D0FDF7FFF9801B9C
:1040A0000228F5D95DE700BF00400058400000201D
:1040B0000400002008B5FFF703FC4FF0B043054AA9
:1040C000D3F8083103F00F0352F82330B0FBF3F0BC
:1040D00008BD00BFB457020808B5FFF75FFC4FF0FA
:1040E000B043044A9B68C3F3022352F82330D840FC
:1040F00008BD00BF9457020808B5FFF74FFC4FF00A
:10410000B043044A9B68C3F3C22352F82330D8401B
:1041100008BD00BF9457020810B5D8B1D1B14F23E4
:104120004FF0B0420360936803F00C04446003F066
:10413000F004846003F4E06403F46053C46003613A
:10414000D2F808311B01DBB24361034B1B6803F05B
:1041500007030B6010BD00BF004000584FF0B04394
:104160001868C0F3802070474FF0B043D3F8900038
:10417000C0F3400070474FF0B043D3F89400C0F351
:10418000400070474FF0B0431868C0F3C00070475C
:104190004FF0B04210B5D36803F00303022B39D0BF
:1041A000032B10D0FFF7EEFF1B4C014628BBFFF797
:1041B000E9FF012816BFD2F894101368C1F3032158
:1041C00054F8213006E01368144A13F4801F144B8E
:1041D00018BF13464FF0B042D068D168D268C0F320
:1041E00006204343C1F30211C2F3426001310130A2
:1041F000B3FBF1F3B3FBF0F010BDFFF7C3FF0128F1
:104200000BBF1368D2F89430C3F30313002354F8A0
:104210002330DFE7014BDDE7545702080024F400A8
:104220000048E801B0F5807F10B500F08F8123D8F9
:10423000202800F0FA800AD8022800F0D680102842
:1042400000F09481012800F0A780002010BD4028D4
:1042500000F057818028F8D14FF0B044B24AD4F82A
:1042600088301B0903F4406343F44023934200F079
:10427000A48002F5806253E1B0F5804F00F0E58044
:1042800027D8B0F5806F00F08981B0F5006F00F09D
:10429000A281B0F5007FD8D14FF0B043A34AD3F844
:1042A00088301B0C03F00C0343F44023934200F0CE
:1042B000DC80B3F10C1F22D0043A934240F06781B6
:1042C000FFF759FF0128C0D14FF0B043D3F8943025
:1042D00022E0B0F5004F25D0B0F5803FB5D14FF0CA
:1042E000B042D2F8903003F44073B3F5007F0DD0A4
:1042F000B3F5407F00F08581B3F5807FA5D1FFF74E
:1043000033FF441E60426041C0039FE7FFF733FF65
:1043100001289AD1D2F89430D80654BF4FF4FA400D
:10432000FA2093E74FF0B042D2F8883003F04043D0
:10433000B3F1804FEAD0B3F1004FE0D033B9136846
:10434000990182D5BDE81040FFF722BF13689A0794
:104350007FF57BAFFFF716FF7549024668B9FFF797
:1043600011FF4FF0B043012816BFD3F894201B680B
:10437000C2F3032251F8220068E7FFF703FF4FF072
:10438000B04301280BBF1B68D3F89430C3F3031369
:10439000002351F8230059E74FF0B043654AD3F8A2
:1043A000883003F0030343F4403393425DD0B3F10C
:1043B000031FA4D0013A934203D1BDE81040FFF798
:1043C0007FBAFFF77DFA4FF0B0435B499A689B686C
:1043D000C2F30312C3F3C22351F82220B0FBF2F060
:1043E000564A52F82330D84030E74FF0B0444F4A95
:1043F000D4F8883003F00C0343F44023934234D0C4
:10440000B3F10C1F3FF47BAF043A9342D5D0FFF7D2
:1044100057FAA268A3684849C2F30312C3F3022300
:1044200051F82220B0FBF2F0DAE74FF0B044D4F8B4
:10443000883003F44063B3F5006F16D0B3F5406FD6
:104440003FF45DAFB3F5806FE0E74FF0B042D2F8D4
:10445000883003F04053B3F1005F0DD0B3F1405FFB
:10446000ABD0B3F1805F7FF4F0AEFFF777FE0128A9
:104470007FF4EBAE3248E9E613689B017FF5E5AEC9
:10448000D36803F00303022B39D0032B10D0FFF7BE
:1044900079FE274C014628BBFFF774FE012816BFA2
:1044A000D2F894101368C1F3032154F8213006E0C8
:1044B0001368234A13F4801F224B18BF13464FF092
:1044C000B042D068D168D268C0F306205843C1F327
:1044D00002130133B0FBF3F0C2F344430133B0FBEA
:1044E000F3F0B3E6FFF74EFE01280BBF1368D2F8D6
:1044F0009430C3F30313002354F82330DFE7104B49
:10450000DDE74FF0B044104AD4F888301B0903F4BB
:10451000407343F4403393423FF44FAF02F580724F
:104520009342A2D073E700BF00040C0008000C0007
:104530005457020802000300B457020894570208B7
:104540000024F4000048E801000103004FF0B044EB
:104550002D4AD4F888301B0903F4405343F4401328
:1045600093423FF42AAF02F58052D9E74FF0B043AF
:10457000D3F8883003F44073B3F5007F3FF475AF90
:10458000B3F5407F7FF4DEAE4BF680305EE6FFF79A
:1045900097F94FF0B0439A689B683CE74FF0B044FE
:1045A0001A4AD4F888301B0C03F0300343F440134C
:1045B00093423FF45AAFB3F1301F3FF4A0AE103A2C
:1045C00093427FF424AFFFF7D6FD01287FF43DAE80
:1045D000D4F89430A0E64FF0B0440D4AD4F88830B7
:1045E0001B0C03F0C00343F4400393423FF43DAF80
:1045F000B3F1C01F3FF483AE403A93427FF407AF5C
:104600005EE6044822E600BF0010300020003000C3
:104610008000C00040420F00704770B5044600287B
:1046200066D0436A002B5FD14268B2F5827F00D02A
:10463000C3610023A36294F85D3003F0FF0223B945
:1046400084F85C202046FFF7E7FF2268E068A66850
:10465000A169022384F85D30136823F040031360DE
:10466000B0F5E06F4FF000038ABF1D464FF4805550
:10467000B0F5706F18BFA362636806F4044603F4D4
:1046800082733343266906F002063343666906F0F7
:104690000106334301F400763343E66906F0380639
:1046A0003343266A06F080063343A66A06F40056B2
:1046B00033431360666B636A06F0080603F0100369
:1046C00000F470603343090C034301F004010B4311
:1046D0002B435360D36923F40063D361002001238B
:1046E000206684F85D3070BD0023C0E90433A0E784
:1046F0000120F8E7704710B5044680B10268022334
:1047000080F85D30136823F040031360FFF7F2FF79
:104710000020206684F85C0084F85D0010BD012054
:10472000FCE70223026810B580F83D30136A03F0FD
:10473000113323F08853044643B9116A40F24443CD
:10474000194202BF136823F001031360204602F0F0
:104750001AFD002084F8480084F83C0084F83E00EC
:1047600084F83F0084F8400084F8410084F8420057
:1047700084F8430084F8440084F8450084F8460037
:1047800084F8470084F83D0010BD000090F83D30EB
:10479000012B17D102230C4A80F83D300368934265
:1047A00002D0B3F1804F07D19968084A0A40062A1F
:1047B00006D0B2F5803F03D01A6842F001021A60B9
:1047C0000020704701207047002C014007000100C5
:1047D0000268136A03F0113323F0885343B9116A56
:1047E00040F24443194202BF136823F001031360EF
:1047F000012380F83D30002070470368DA6822F01A
:104800000102DA601A6A02F0113222F0885242B9CB
:10481000196A40F24442114202BF1A6822F00102B2
:104820001A60012380F83D300020704790F83C204A
:10483000012A03464FF0020009D01A6883F83D00B0
:1048400051610020012283F83D2083F83C0070472D
:1048500070477047036870B5DD681E69B20704468B
:104860000DD5A9070BD56FF002021A61012202775C
:104870009B699A0775D001F052FE002323777307D6
:1048800010D568070ED523686FF004021A61022262
:1048900022779B6913F4407F204668D001F03FFEE9
:1048A0000023237731070FD52A070DD523686FF032
:1048B00008021A6104222277DB699B0720465CD03C
:1048C00001F02DFE00232377F10610D5EA060ED560
:1048D00023686FF010021A6108222277DB6913F453
:1048E000407F20464FD001F01AFE00232377F307C4
:1048F00008D5E80706D523686FF001021A61204643
:1049000001F0EAFD16F4025F08D0290606D52368F7
:104910006FF402521A61204600F0FDF9F20508D545
:104920002B0606D523686FF480721A61204600F0CA
:10493000F3F9700608D5690606D523686FF04002C2
:104940001A612046FFF785FFB20622D5AB0620D5B7
:1049500023686FF0200220461A61BDE8704000F025
:10496000D9B901F0DAFD2046FFF772FF85E701F0C3
:10497000D4FD2046FFF76CFF92E701F0CEFD204604
:10498000FFF766FF9EE701F0C8FD2046FFF760FFD6
:10499000ABE770BD194A0368904202D0B0F1804F76
:1049A00008D14A6823F070031343CA6823F44073A4
:1049B000134306E0124A9042F7D002F5806290421B
:1049C000F3D04A6923F0800313438A68C2620A68FD
:1049D00082620A4A904207D002F5C052904203D048
:1049E00002F58062904201D10A690263026842F0D6
:1049F000040202600122426103607047002C014002
:104A00000044014010B5044650B390F83D3003F027
:104A1000FF021BB980F83C2002F08EFB02232068C5
:104A200084F83D30211DFFF7B5FF012384F848309D
:104A3000002084F83E3084F83F3084F8403084F819
:104A4000413084F8423084F8433084F8443084F8AC
:104A5000453084F8463084F8473084F83D3010BD46
:104A60000120FCE7036A01F01F0110B501248C400E
:104A700023EA04030362036A8A401A43026210BDF8
:104A8000082908B525D00AD8A9B1042919D090F869
:104A90004330012B13D1022380F843302CE00C2942
:104AA0001FD01029F3D190F84230012B07D10223F7
:104AB00080F8423020E090F83E30012B19D00120E0
:104AC00043E090F83F30012BF9D1022380F83F30CA
:104AD00012E090F84030012BF1D1022380F84030F1
:104AE0000AE090F84130012BE9D1022380F84130EF
:104AF00002E0022380F83E3000680122FFF7B2FF97
:104B0000124B984214D003F5C05398420BD003F5D2
:104B10008063984207D0B0F1804F0DD0036843F016
:104B20000103036010E0436C43F400434364F5E782
:104B3000436C43F4004343648268054B1340062BE7
:104B400002D0B3F5803FE9D1002008BD002C014020
:104B500007000100FFF794BF082910B503465AD09B
:104B600010D809B3042946D093F8434093F847205E
:104B7000012CE0B2D2B26FD1012A3BD1022283F8DC
:104B8000432065E00C2956D01029EDD190F8424021
:104B900093F84720012CE0B2D2B25DD1012A29D18D
:104BA000022283F8422053E090F83E4093F84420DC
:104BB000012CE0B2D2B24FD1012A1BD1022283F8DC
:104BC0003E2083F8442018680122FFF74BFF234B57
:104BD000984202D0B0F1804F07D18268204B134039
:104BE000062B06D0B3F5803F03D0036843F00103E2
:104BF0000360002010BD90F83F4093F84520012C41
:104C0000E0B2D2B228D1012AF4D1022283F83F20A7
:104C100083F84520D7E790F8404093F84620012CD0
:104C2000E0B2D2B218D1012AE4D1022283F84020A6
:104C300083F84620C7E790F8414093F84720012CBD
:104C4000E0B2D2B208D1012AD4D1022283F84120A5
:104C5000022283F84720B6E70120CBE7002C014071
:104C600007000100036A01F00F0110B504248C4015
:104C700023EA04030362036A8A401A43026210BDF6
:104C800008B529B990F84430012B1DD0012039E036
:104C9000042907D190F84530012BF7D1022380F881
:104CA000453014E0082907D090F84730012BEDD1AA
:104CB000022380F847300AE090F84630012BE5D116
:104CC000022380F8463002E0022380F84430006876
:104CD0000422FFF7C7FF436C43F4004343640A4BCD
:104CE000984202D0B0F1804F07D18268074B134041
:104CF000062B06D0B3F5803F03D0036843F00103D1
:104D00000360002008BD00BF002C01400700010027
:104D1000FFF7B6BF704770477047000010B50268D4
:104D200052E8003F23F4907342E800310268002902
:104D3000F5D10F4C02F1080353E8003F234002F184
:104D4000080C4CE800310029F4D1C36E012B07D1C7
:104D500052E8003F23F0100342E800310029F7D168
:104D60002023C0F88C300023C366436710BD00BF0A
:104D7000FEFFFFEF026852E8003F23F0800342E8A5
:104D8000003102680029F5D152E8003F43F04003AA
:104D900042E800310029F7D17047D0F88820212A55
:104DA000034611D1B0F8562092B20AB9FFF7E2BF1C
:104DB000026D016812F8010B88621A65B3F856207B
:104DC000013A92B2A3F856207047D0F88820212AE1
:104DD000034613D1B0F8562092B20AB9FFF7CABF02
:104DE0001A6D006832F8021BC1F3080181621A656E
:104DF000B3F85620013A92B2A3F856207047D0F883
:104E00008830212B10B51BD1B0F86A20C2B1B0F8A0
:104E10005610036889B2A1B903F1080252E8002FC5
:104E200022F4000203F1080040E800210029F3D138
:104E300053E8002F42F0400243E800210029F7D157
:104E400010BDD96909060AD5016D11F8014B9C62A4
:104E5000B0F856300165013B9BB2A0F85630013ADC
:104E600092B2D3E7D0F88830212B10B51BD1B0F81F
:104E70006A20C2B1B0F85610036889B2A1B903F133
:104E8000080252E8002F22F4000203F1080040E873
:104E900000210029F3D153E8002F42F0400243E8FB
:104EA00000210029F7D110BDD96909060CD5016D83
:104EB00031F8024BC4F308049C62B0F85630016527
:104EC000013B9BB2A0F85630013A92B2D1E770474D
:104ED000D0F88830202B10B544D1002944D0002AC6
:104EE00042D0A0F85620A0F85420426E016500235D
:104EF000C0F89030B2F1005F4FF02103C0F8883065
:104F00000268836819D1B3F5805F14D10469174B27
:104F10001749002C08BF0B46836702F1080353E8CA
:104F2000003F43F4000302F1080040E8003100298B
:104F3000F3D1002010BD0D4BEEE7B3F5805F0FD12C
:104F400004690C4B0C49002C08BF0B46836752E8E0
:104F5000003F43F0800342E800310029F7D1E8E741
:104F6000044BF3E70220E5E70120E3E7FF4D0008EB
:104F7000654E00089B4D0008CB4D000808B5806ABF
:104F800002F0E2F908BD70470368D9691A682DE993
:104F9000F04140F60F0631429D68044610D18E065E
:104FA00040F1978002F0200605F080573E4300F064
:104FB0009080436F002B00F08580BDE8F0411847DA
:104FC000A84EA9482E401040304300F08280CF0701
:104FD00009D5D00507D501201862D4F8900040F01B
:104FE0000100C4F890008F0709D5E80707D5022013
:104FF0001862D4F8900040F00400C4F890004F0705
:1050000009D5E80707D504201862D4F8900040F0CD
:105010000200C4F890000F070BD502F020003043C7
:1050200007D008201862D4F8900040F00800C4F8B7
:1050300090000E050AD5500108D54FF400601862A3
:10504000D4F8903043F02003C4F89030D4F8903076
:10505000002B37D08B0609D502F0200205F08055D1
:105060002A4303D0636F0BB1204698472668D4F8D3
:105070009020B36802F0280203F0400353EA0205CF
:10508000204621D0FFF74AFEB3685F0617D5226895
:1050900002F1080353E8003F23F04003083242E8DE
:1050A00000310029F3D1D4F8800040B16F4B836305
:1050B000FCF79BFF30B1D4F88000836B7DE720467E
:1050C00002F042F9BDE8F08102F03EF9C4F89050D8
:1050D000F8E7E06E012840F08D80CE0640F18A802E
:1050E000D00640F1878010221A629968B4F85C20DB
:1050F000490651D5D4F880100868416889B2002962
:1051000042D0914240D2A4F85E10026892062FD499
:1051100053E8002F22F4807243E800210029F7D1E0
:1051200003F1080252E8002F22F0010203F1080007
:1051300040E800210029F3D103F1080252E8002FD2
:1051400022F0400203F1080040E800210029F3D1D9
:105150002022C4F88C20E16653E8002F22F01002D0
:1051600043E800210029F7D1D4F88000FCF708FFBC
:1051700002232367B4F85E30B4F85C10C91A89B210
:105180002046FFF700FF9DE791429BD103689B06F5
:1051900098D502232367F3E7B4F85E10B4F85E00F5
:1051A00080B289B200288DD0521A91B2002989D0DC
:1051B00053E8002F22F4907243E800200028F7D132
:1051C0002B4D03F1080252E8002F2A4003F1080694
:1051D00046E800200028F4D12022C4F88C20606723
:1051E000E06653E8002F22F0100243E80020002878
:1051F000F7D1CEE7CF0209D56E0207D54FF4801262
:1052000020461A62BDE8F04102F0E8B808060BD566
:1052100002F0800005F40005284305D0A36F002BA1
:105220003FF450AF2046C8E64F0611D556060FD5BD
:1052300053E8002F22F0400243E800210029F7D173
:105240002023C4F88830A167204602F079F839E7B6
:105250000D020FD550000DD52046BDE8F04100F0FD
:1052600038BE00BF01000010200100047D4F00087F
:10527000FEFFFFEFCB017FF525AF002ABFF622AF7F
:105280002046BDE8F04100F023BE00BFD0F88C20DE
:10529000B0F86010222A08B5036855D15B6A826DA8
:1052A0000B401370836D01338365B0F85E30013BB2
:1052B0009BB2A0F85E30B0F85E309BB2002B42D1BA
:1052C000026852E8003F23F4907342E8003103681B
:1052D0000029F5D103F1080252E8002F22F0010263
:1052E00003F1080C4CE800210029F3D12022C0F87A
:1052F0008C20184A41679342016705D1C26E012A8A
:105300000ED002F019F81EE05A681102F6D553E8E3
:10531000002F22F0806243E800210029F7D1EDE759
:105320000022C26653E8002F22F0100243E8002159
:105330000029F7D1DA69B0F85C10D20644BF102218
:105340001A62FFF720FE08BD9A6942F008029A61CE
:10535000F9E700BF00800040D0F88C20B0F8601062
:10536000222A08B5036852D15A6A1140826D22F888
:10537000021B8265B0F85E20013A92B2A0F85E206E
:10538000B0F85E2092B2002A40D153E8002F22F4F8
:10539000907243E800210029F7D103F1080252E896
:1053A000002F22F0010203F1080C4CE80021002933
:1053B000F3D12022C0F88C20174A4167934201673D
:1053C00005D1C26E012A0ED001F0B6FF1EE05A6868
:1053D0001102F6D553E8002F22F0806243E8002145
:1053E0000029F7D1EDE70022C26653E8002F22F032
:1053F000100243E800210029F7D1DA69B0F85C1007
:10540000D20644BF10221A62FFF7BDFD08BD9A699B
:1054100042F008029A61F9E70080004003682DE934
:10542000F047DD69D3F800809E68D0F88C20B0F892
:105430006070222A044640F0B580B0F86830002B36
:1054400000F08B804FF0000906F001064FF0040ACF
:10545000AB0640F182802368A26D5B6A3B4013700B
:10546000A36D0133A365B4F85E30013B9BB2A4F891
:105470005E302368DD6968072AD0E9070AD518F489
:10548000807F07D001221A62D4F8902042F00102F6
:10549000C4F89020AA0708D53EB102221A62D4F8B7
:1054A000902042F00402C4F89020680708D53EB16D
:1054B000C3F820A0D4F8903043F00203C4F8903031
:1054C000D4F8903023B1204601F03EFFC4F890900C
:1054D000B4F85E309BB2002BBAD1226852E8003F8C
:1054E00023F4807342E8003123680029F5D1304865
:1054F00003F1080252E8002F024003F1080545E8D5
:1055000000210029F4D12022C4F88C20294A6167A7
:10551000934221670AD05A68110207D553E8002F39
:1055200022F0806243E800210029F7D1E26E012ACF
:1055300034D10022E26653E8002F22F0100243E843
:1055400000210029F7D1DA69B4F85C10D20644BF13
:1055500010221A622046FFF716FDB4F85E309BB2A7
:10556000D3B1B4F868209A4216D9226802F1080330
:1055700053E8003F23F08053083242E800312268AC
:105580000029F2D10C4B636752E8003F43F020033F
:1055900042E800310029F7D1BDE8F087204601F04C
:1055A000CBFEDAE79A6942F008029A61F4E700BF9D
:1055B000FEFFFFEF008000408D52000803682DE9D8
:1055C000F047DD69D3F800809E68D0F88C20B0F8F1
:1055D0006070222A044640F0B280B0F86830002B98
:1055E00000F088804FF0000906F001064FF0040A31
:1055F000AB067FD52368A26D596A394022F8021B99
:10560000A265B4F85E20013A92B2A4F85E20DD698A
:1056100068072AD0E9070AD518F4807F07D001224D
:105620001A62D4F8902042F00102C4F89020AA0730
:1056300008D53EB102221A62D4F8902042F004024A
:10564000C4F89020680708D53EB1C3F820A0D4F86C
:10565000903043F00203C4F89030D4F8903023B176
:10566000204601F071FEC4F89090B4F85E309BB211
:10567000002BBDD1226852E8003F23F4807342E83A
:10568000003123680029F5D12F4803F1080252E8C0
:10569000002F024003F1080545E800210029F4D15C
:1056A0002022C4F88C20294A6167934221670AD0DE
:1056B0005A68110207D553E8002F22F0806243E8B0
:1056C00000210029F7D1E26E012A34D10022E266DE
:1056D00053E8002F22F0100243E800210029F7D1FF
:1056E000DA69B4F85C10D20644BF10221A62204670
:1056F000FFF749FCB4F85E309BB2D3B1B4F8682030
:105700009A4216D9226802F1080353E8003F23F0B9
:105710008053083242E8003122680029F2D10C4B54
:10572000636752E8003F43F0200342E8003100295C
:10573000F7D1BDE8F087204601F0FEFDDAE79A696F
:1057400042F008029A61F4E7FEFFFFEF008000409C
:105750005953000810B590F88430012B1ED0012356
:1057600080F884302423C0F88830026852E8003F73
:1057700023F00C0342E800340168002CF5D151E815
:10578000002F42F0080241E80023002BF7D120222D
:10579000C0F8882080F88430184610BD0220FCE74D
:1057A00010B590F88430012B1ED0012380F884308E
:1057B0002423C0F88830026852E8003F23F00C032D
:1057C00042E800340168002CF5D151E8002F42F086
:1057D000040241E80023002BF7D12022C0F88820E2
:1057E00080F88430184610BD0220FCE7D0F88820ED
:1057F000D0F88C001043704738B50446036821691F
:10580000A2681D68C0690A4361690A437549024379
:1058100029400A431A605A68E16822F440520A4358
:105820005A60714AA16993421CBF226A11439A6867
:1058300022F06E4222F430620A439A60DA6A616AA8
:1058400022F00F020A43DA62684A934217D14FF0FE
:10585000B043674AD3F8883003F0030343F440337E
:1058600093425BD0B3F1031F21D0013A934274D02D
:10587000B0F5004F40F0B080FEF73EFC31E05D4AED
:10588000934231D14FF0B0435B49D3F8883003F0F5
:105890000C0343F440228A4240D005D8E3B1574B71
:1058A0009A425AD0012062E0B2F10C1FFAD1B0F551
:1058B000004F37D04FF400406368616A504A32F8B5
:1058C0001120B0FBF2F000EB5300B0FBF3F04FF609
:1058D000EF73A0F1100274E0B0F5004F77D1FEF73E
:1058E000FBFB002842D01DE03F4A9342DAD14FF043
:1058F000B043D3F8883003F44063B3F5006F3DD074
:1059000006D883B3B3F5806FCCD1FDF7D9FF2CE077
:10591000B3F5406FC6D14FF4004030E0B0F5004F12
:105920003848C9D16268616A354B33F81130B0FB31
:10593000F3F0530803EB4003B3FBF2F34FF6EF72BF
:10594000A3F110019142ADD823F00F02216892B269
:10595000C3F342031343CB6008E0B0F5004F3ED1E0
:10596000FDF7AEFFBDE7FEF7B7FB40B900204FF0F3
:105970000113A3660023C4E91D3338BD21486568BF
:105980001F4B626A05EB450133F81220B0FBF2F3BE
:10599000994287D8B3EB053F84D800231946FBF71B
:1059A00053FC090241EA10616B080002C0182A4644
:1059B0004FF0000341F10001FBF746FC124BA0F54C
:1059C00040729A423FF66EAF2368D860CEE7FEF78A
:1059D00083FB0028CAD06FE7FEF78EFBF9E7FDF7DF
:1059E0006FFFF6E7F369FFCF008000400038014009
:1059F000020003000044004008000C0004000C00FA
:105A0000585602080024F400FFFC0F00836A1A07AE
:105A100010B506D50168846B4A6822F4004222431F
:105A20004A60DC0706D50168C46A4A6822F400327D
:105A300022434A60990706D50168046B4A6822F43C
:105A4000803222434A605A0706D50168446B4A688F
:105A500022F4802222434A60DC0606D50168C46B2A
:105A60008A6822F4805222438A60990606D501682A
:105A7000046C8A6822F4005222438A605A060FD5C9
:105A80000168446C4A6822F480122243B4F5801FF6
:105A90004A6005D14A68846C22F4C00222434A60FD
:105AA0001B0606D50268C16C536823F400230B4320
:105AB000536010BD2DE9F843DDF8209004460D46F3
:105AC000174698462268D36935EA03030CBF0123C1
:105AD0000023BB4201D0002022E0B9F1FF3FF2D009
:105AE000FBF7DCFCA0EB0800484529D8B9F1000F12
:105AF00026D021680B685A07E4D5802DE2D0402DCE
:105B0000E0D0CE6916F008060CD0082520460D62BC
:105B1000FFF704F90023C4F8905084F88430012082
:105B2000BDE8F883CB691B05CCD54FF400630B624D
:105B30002046FFF7F3F82023C4F8903084F88460FF
:105B40000320EDE72DE9F7439846D0F88830202B65
:105B500004460E4617464ED119B9012003B0BDE8E0
:105B6000F083002AF9D021230025C0F89050C0F816
:105B70008830FBF793FCA368A4F85470B3F5805FFA
:105B80008146A4F8567003D123690BB935461E46E9
:105B9000B4F85620CDF8008092B24B464AB9402165
:105BA0002046FFF787FF2023C4F888300028D5D08F
:105BB00008E0002280212046FFF77CFF20B120234F
:105BC000C4F888300320C9E722688EB935F8023B53
:105BD000C3F308039362D4F8883003F02103212B28
:105BE000BBD1B4F85620013A92B2A4F85620CFE7C0
:105BF00016F8013BEEE70220B0E773B50446002635
:105C0000C0F89060FBF74AFC23681B681A0705463A
:105C10001CD56FF07E430093324603464FF40011CB
:105C20002046FFF747FF88B1226852E8003F23F083
:105C3000800342E800310029F6D12023C4F88830DF
:105C40000320002384F8843002B070BD23681B68F1
:105C50005B0724D56FF07E43009300222B464FF460
:105C600080012046FFF726FFC8B1226852E8003FB6
:105C700023F4907342E8003122680029F5D102F143
:105C8000080353E8003F23F0010302F1080040E855
:105C900000310029F3D12023C4F88C30D0E7202331
:105CA0000020C4F88830C4F88C30E0662067C8E76C
:105CB00010B5044650B3D0F888301BB980F8843052
:105CC000FFF705F922682423C4F88830136823F00D
:105CD00001031360A36A13B12046FFF797FE204625
:105CE000FFF78AFD012811D023685A6822F49042F8
:105CF0005A609A6822F02A029A601A6842F00102F9
:105D000020461A60BDE81040FFF777BF012010BDA4
:105D100010B5044670B3D0F888301BB980F88430D1
:105D2000FFF7D5F822682423C4F88830136823F0DD
:105D300001031360A36A13B12046FFF767FE2046F4
:105D4000FFF75AFD012815D023685A6822F49042C3
:105D50005A609A6822F022029A609A6842F0080219
:105D60009A601A6842F0010220461A60BDE81040AD
:105D7000FFF743BF012010BD30B581658168A0F8F1
:105D80005C200023B1F5805FA0F85E20436731D12D
:105D90000369002B40F2FF1318BFFF23A0F8603007
:105DA0000023C0F890302223C0F88C30016801F144
:105DB000080353E8003F43F00103083141E8003491
:105DC0000368002CF2D1456E84680169B5F1005F6B
:105DD00035D1B0F86850954231D8B4F5805F29D1FB
:105DE000C1B1264A426753E8002F42F4807243E86B
:105DF000002121E029B90369002B14BF7F23FF2371
:105E0000CCE7B1F1805FC9D10369002B14BF3F23F8
:105E10007F23C3E71A4A426703F1080252E8002FC2
:105E200042F0805203F1080040E800210029F3D13C
:105E3000002030BD114A42670029D4D1ECE7B4F507
:105E4000805F16D151B10F4A426753E8002F42F4E8
:105E5000907243E800210029F7D1E9E70A4A426736
:105E600053E8002F42F0200243E800210029F7D137
:105E7000DEE7044A42670029F2D0E6E71D54000835
:105E8000BD5500088D52000859530008D0F88C30D9
:105E9000202B30B415D1B9B1B2B100230468C36668
:105EA0000A4B9C420AD063681B0207D554E8003FA6
:105EB00043F0806344E80035002DF7D130BCFFF794
:105EC0005BBF022030BC70470120FBE70080004030
:105ED0007047704790F88430012B0FD0012380F871
:105EE0008430016851E8002F42F0020241E80023AB
:105EF000002BF6D180F88430184670470220704796
:105F000090F88430012B0FD0012380F88430016891
:105F100051E8002F22F0020241E80023002BF6D1C5
:105F200080F884301846704702207047836810B5A7
:105F300004462BB10322014698470023C4E90233EB
:105F400010BD836810B5044613B10322014698477B
:105F5000204610BD10B5044650F8103FDA6822F014
:105F60000102DA60DA6822F00202DA60DA6822F00E
:105F70000402DA60DA6822F00802DA60DA6822F0F5
:105F80001002DA60FEF724FC2269136823F0010393
:105F90001360012384F84E3084F84F3084F8503079
:105FA00084F8513084F8523084F8533084F85430F7
:105FB00084F8553084F8563084F8573010BD4B1EA5
:105FC000032B00D9FEE78900081F70470139435CA5
:105FD00013F0100004D0022916D80C4A32F8110030
:105FE000DB0712D503290FD8DFE801F00205080B03
:105FF00040F00100704740F01000704740F480709E
:10600000704740F480507047FEE7704778560208AA
:106010000139032900D9FEE7014B585C704700BFE6
:10602000745602080139032900D9FEE7014B585C78
:10603000704700BF705602082DE9F04104460E4635
:10604000FFF7BDFF04EB061808F16408054631466A
:106050002046FFF7DDFFD8F808302BB12369C24393
:106060001A61DA680243DA60771E04EB47039B8803
:106070000B2B49D8DFE803F051181818060618183A
:106080004A4A4A2AE35DDE0604D5294604F1100097
:10609000FEF73EFEE35DD80736D5294604F1100031
:1060A000BDE8F041FEF756BDE35DD90604D52946AB
:1060B00004F11000FEF7E4FDE35DDA0724D529467C
:1060C00004F11000BDE8F041FEF7DABC294604F106
:1060D0001000FEF741FD31462046FFF7A3FF25697A
:1060E000014606462046FFF771FF2B6A1843D8F891
:1060F0000830286243B131462046FFF789FFC34389
:106100002B61EB681843E860BDE8F081294604F193
:106110001000BDE8F041FEF71FBD23691B68DB07D7
:10612000F2D404F11000BDE8F041FEF72FBB70B5CA
:1061300001250446861C294636F8023F23B129462C
:106140002046FFF779FF00210135052DF4D1E36EDC
:106150003BB123696FF001021A61DA6842F0010273
:10616000DA6049B123691B68DB0705D404F110002C
:10617000BDE87040FEF70ABB70BD01211030FEF78C
:1061800055BB0369186800F00100704710B502465E
:106190000C46FFF7F6FF80B9CB68DB070ED5CB685E
:1061A00023F00103CB601046FFF7E7FF6FF0010318
:1061B0002361E36843F00103E36010BDBDE81040D4
:1061C0001046FFF7DABF00000B4B98420BD0B0F13E
:1061D000804F0AD003F5C053984208D003F580637E
:1061E000984206D0FEE70020704701207047022049
:1061F00070470320704700BF002C0140024670B575
:10620000044652F8100FFFF7DFFF0546104600F076
:1062100025FF094A002342F8253004F16406E360B3
:1062200004F1B405B54204D0103D2846FFF789FEBD
:10623000F8E7204670BD00BFE803002070B50446B3
:106240000846FFF7C1FF256905B1FEE7204B216134
:1062500004F10C0243F8202004F110060E23C4E9D7
:1062600017353046C4E90C55C4E90E55C4E910553C
:1062700084F82C50A56484F84C5084F84D50E460A8
:1062800000F0C0FE04F16400FFF750FE04F174005A
:10629000FFF74CFE04F18400FFF748FE04F1940080
:1062A000FFF744FE04F1A400FFF740FEC4E90055E7
:1062B0004FF6FF73C4E906538023C4E90855A5606F
:1062C0006561A3623046BDE87040FEF79BBB00BF2E
:1062D000E803002010B588B018220446002102A867
:1062E0001CF003FF002301A902A80193FDF714FF8E
:1062F000206900F059FF012802D002280FD0FEE7E4
:10630000059CFDF7E9FEB4F5C06F05D00BD824F469
:106310008074B4F5806F00D1400008B010BD069CB9
:10632000FDF7EAFEEFE7B4F5E06FF4E7012A38B5D0
:1063300005460C460BD0022A16D004B1013C29694F
:106340002846CC62EC61BDE83840FFF71FBFFFF77D
:10635000C1FF084BB0FBF3F044432A69230C93625E
:106360000133B4FBF3F4E8E7FFF7B4FFB0FBF4F458
:10637000F3E700BF40420F0010B500F110042046C3
:10638000FEF73BFA2046BDE81040FEF7CAB9000010
:10639000034B186810B10430FEF75CBA704700BFB9
:1063A000E8030020FFF7F4BF034B586810B1043036
:1063B000FEF750BA704700BFE8030020034B98680F
:1063C00010B10430FEF746BA704700BFE803002062
:1063D000034BD86810B10430FEF73CBA704700BFD9
:1063E000E80300200022C0E90022C0E90222704731
:1063F000F8B504460E4600F1640500F1B4072846DE
:106400001035FFF7EFFFBD42F9D10023204623618D
:106410003146FFF713FF2046F8BD38B50023C0E929
:106420000033C0E902338B6804460D462BB10222CB
:106430009847EB68E360AB68A360204638BD30B591
:1064400087B002AD04462846FFF7E7FF95E8030052
:106450006B4683E8030094E8030085E8030093E8B3
:106460000300049BA268A360059B049284E80300D8
:10647000E268E36028460592FFF763FD07B030BD90
:1064800038B504460D46E36E64301BB1BDE83840B4
:10649000FFF7D5BFFFF7D3FFAB683BB123696FF0C0
:1064A00001021A61DA6842F00102DA6038BD8268DE
:1064B00010B50AB919F0A0FBBDE81040C368184731
:1064C00008B500B9FEE700F09BFD0068C36E13B18C
:1064D0006430FFF7ECFF08BDFFF7F2BF10B500B95D
:1064E000FEE7037F013B072B10D8DFE803F004141D
:1064F0000F100F0F0F12012400F082FD240100681D
:106500006434204483680BB1FFF7D1FF10BD03242E
:10651000F2E70424F0E70224EEE7FFF7DFBFFFF71E
:10652000DDBF1BF095BB1BF093BB1BF099BB4FF07D
:10653000B04382B0DA6C0243DA64DB6C034001934F
:10654000019B02B07047000008B5032818D8DFE8A7
:1065500000F002080D120120FFF7E9FF4FF0904014
:1065600008BD0220FFF7E3FF0648F9E70420FFF724
:10657000DEFF0548F4E78020FFF7D9FF0348EFE787
:106580000020EDE70004004800080048001C004817
:1065900008B5064900F0FCFCC0F3C430112800D94E
:1065A000FEE7034B53F8200008BD00BF605502080A
:1065B0008C560208A0F580500138022800D9FEE769
:1065C000014B53F8200070478056020808B5054972
:1065D00000F0DEFCC0F3C430012800D0FEE700204C
:1065E00008BD00BF485502080268094B9A420DD108
:1065F0004FF0B0439A6B42F000529A639A6B22F0CC
:1066000000529A639A6D22F000529A65704700BF5B
:106610000074004010B50A4986B0044600F096FCAC
:10662000019050B12046FFF7D1FF014628B901A8DB
:10663000FBF795FC01A8FBF784FC06B010BD00BF7A
:10664000485502084FF0B04382B01A6E42F400720F
:106650001A661A6E02F400720192019AD3F8882029
:1066600042F04052C3F88820044B1868C30403D496
:10667000034902B000F052BC02B07047180000207D
:10668000605502084FF0B0431A6C42F400721A646D
:106690001A6C22F400721A641A6C42F400721A64C2
:1066A0001A6C22F400721A641A6E22F400721A66CE
:1066B00070470000F0B59FB0054664220E4605A85D
:1066C00000211CF012FD0023EA04CDE902330493FB
:1066D000ADF80230019340F1AC8041F203039D42DA
:1066E00000F2A7805D4B05932846FFF763FF07275D
:1066F0000446082E00F0AE800A2E00F0AD80062E73
:106700000CBF182300234FF00042CDE906230023DD
:10671000CDE908320422CDE90E330A92ADF82C30CF
:1067200001228DF82E308DF834308DF840308DF800
:10673000503018931B9319938DF86830484B0C9286
:1067400005A84FF48052CDE9112713971D60FAF781
:10675000AFFE002879D1012C029435D0414B9C42E8
:1067600032D0414B9C422FD0404B9C422CD0404BCE
:106770009C4229D03F4B9C4226D03F4B9C4223D089
:106780003E4B9C4220D03E4B9C421DD03D4B9C42F8
:106790001AD03D4B9C4217D003F104239C4213D0E6
:1067A0003A4A24F0004393420ED0394A93420BD028
:1067B000384A934208D0384A944205D0374A944226
:1067C00002D0374A934240D1012302A905A8CDE95E
:1067D0000337FAF7CBFF002837D105A8FBF700FAFB
:1067E000002832D105A8FBF723F970BB0A2105A8C0
:1067F000FAF75EFF48BB05A8FBF790F8830505D5BF
:1068000005A8FAF7AFFF80B2ADF8020005A8FBF7C4
:10681000C9F9D0B905A8FBF76FF9B0B9214AD2F888
:10682000083723F0E073C2F80837BDF8020080B2E1
:106830000CE01D49284600F089FB01A90590284677
:10684000FFF7A6FE059B044613B900201FB0F0BD5C
:1068500003274EE7102356E7082354E7002401409E
:106860001800002002000004040000080800000CCA
:106870001000001020000014400000188000001CD0
:106880000001002000020024000400280010003055
:1068900000200034004000380080003C000001402F
:1068A000000002440020014060550208F8B5144978
:1068B000144E074600F04AFBFFF786FC56F82030DE
:1068C000044673B9B420FFF72CFE0D49054638463F
:1068D00000F03CFB01462846FFF78AFD56F82430BD
:1068E0001D6056F824301C6844B12046FFF786FC32
:1068F0002046B421BDE8F840FFF717BEF8BD00BF41
:10690000D4530208E803002037B5FAF7C7FD4FF06B
:10691000E0250446AB690093FAF7C0FDAB6901932B
:106920006969844201F101014FF47A7308D0019A38
:106930008A1A5A43B2FBF1F203FB002003B030BDC8
:10694000009A8A1A5A43B2FBF1F203FB0420F5E7DE
:10695000FAF7A4BD704708B5FAF794FDFBF789FA7A
:10696000FFF7F8FF08BD10B594B048220021044697
:1069700002A81CF0BAFBFCF7F5FE4FF0B0439A6D8D
:1069800042F480629A659A6D02F480620192019AE3
:10699000032C11D8DFE804F00219283DD3F8942025
:1069A00042F00102C3F89420D3F894309C0703D43A
:1069B0000823029301230893029B002B3AD002A8DC
:1069C000FCF7FCFF002835D0FEE71A6842F480721D
:1069D0001A601B685905EFD4022302934FF48072AA
:1069E0004023CDE90623E7E7D3F8902042F0810267
:1069F000C3F89020D3F890209407DDD4D3F89020EA
:106A000022F01802C3F890200423029381230593F7
:106A1000D2E71A6842F400121A601A6842F480320F
:106A20001A601B6899035EBF01224FF40413CDE97D
:106A30000223C1E714B010BD70474FF0B04382B0DD
:106A40001A6D42F400221A651A6D02F400220192B6
:106A5000019A9A6C42F480529A649B6C03F48053BE
:106A60000093009B02B070470C4BD3F8FC20D2017E
:106A70005EBFD3F8FC2042F08072C3F8FC20084BC4
:106A800000225A601A6842F001021A6000BF00BF7B
:106A900000BF5868B0FA80F04009704700ED00E090
:106AA000001000E008B5FFF7C8FFFFF7DDFFFAF7B9
:106AB000D3FCFFF7C1FFFAF763FCBDE808400148CB
:106AC000FBF7DCB91C000020012A02D10160002084
:106AD0007047022A05D0032AF9D0002AF7D10260B4
:106AE000F5E70B680360F2E7036818470023C0E985
:106AF0000033C0E90233704770B50024012904F166
:106B000001032CD1184DE4B2142161436E18F368CF
:106B10003BB1043129440322084698470023C6E9C3
:106B20000333142363430022E8560F4B93F90010FC
:106B3000814201D1D968A9B90132102A03F11403A5
:106B4000F4D10A4A0A49D2F8803051F8241023EAD5
:106B50000103BDE87040C2F88030FBF743B9490833
:106B60001C46CBE770BD00BFF803002000080058AA
:106B7000D45602080023012803F101020AD114228D
:106B8000DBB25343054A181D1044816829B11A44E9
:106B90001369184740081346EDE77047F8030020D3
:106BA0000120FBF72DBC0220FBF72ABC0420FBF7D9
:106BB00027BC0820FBF724BC1020FBF721BC38B50C
:106BC00005242025A8B2FBF71BFC013C4FEA450534
:106BD000F8D138BD38B506244FF48065A8B2FBF76C
:106BE0000FFC013C4FEA4505F8D138BD2DE9F041D5
:106BF00000F00F08012606FA08F68CB00D4617467D
:106C0000B3B20024012B04F1010253D1C0F30310ED
:106C1000FFF79AFCD0B1294B53F8283093FAA3F12F
:106C2000B1FA81F14900CDE9076793FAA3F3C66889
:106C300003228A40B3FA83F332405B0022FA03F363
:106C4000099307A902230A93FBF726FB03AEDFF89B
:106C50007080142329463046E4B25C43FFF7DDFB25
:106C600096E8030008EB040301AA043382E803005A
:106C700093E8030086E8030092E80300271D83E8F9
:106C800003004744059BBA68BB60069B05923046EB
:106C9000FA68FB600692FFF754F918F904400022E5
:106CA00006212046FBF75EF82046FBF78DF80CB076
:106CB000BDE8F0815B081446A4E700BF1457020842
:106CC000F8030020344A104608B5062300F8043BB8
:106CD000FFF70CFF072302F118001375FFF706FFFB
:106CE000082302F12C0082F82830FFF7FFFE092369
:106CF00002F1400082F83C30FFF7F8FE0A2302F16F
:106D0000540082F850301621FFF7F0FE02F16800BF
:106D100082F86410FFF7EAFE02F17C0082F8781036
:106D2000FFF7E4FE02F1900082F88C10FFF7DEFE20
:106D300002F1A40082F8A010FFF7D8FE02F1B8001B
:106D400082F8B4102921FFF7D1FE02F1CC0082F8BD
:106D5000C810FFF7CBFE02F1E00082F8DC10FFF76D
:106D6000C5FE02F1F40082F8F010FFF7BFFE02F555
:106D7000847082F80411FFF7B9FE02F58E7082F874
:106D80001811FFF7B3FEBDE8084002F5987082F8CD
:106D90002C11FFF7ABBE00BFF803002038B5054C3F
:106DA000A4F5A075143C201DFFF7CBF8AC42F9D137
:106DB00038BD00BF3805002030B591FAA1F391FA33
:106DC000A1F1B3FA83F3C4685B000325B1FA81F142
:106DD00005FA03F3490024EA03038A401A43C26018
:106DE00030BD431C04D00C3151F80C3C5A1C01D16D
:106DF00000207047834201F10C01F5D1012070475A
:106E0000F8B5471C06460D4600D1FEE700F00F021C
:106E1000414BC0F3031053F82240FFF795FB94FA5F
:106E2000A4F3B3FA83F3876803225B0002FA03F347
:106E300094FAA4F2B2FA82F227EA0307520003237B
:106E400093403B4305F007018360032903D8DFE843
:106E500001F05F032C61FEE7012394FAA4F2B2FA79
:106E600082F206685200032707FA02F226EA0206B7
:106E700094FAA4F2B2FA82F25200934001393343F9
:106E80000129036005D843682A074CBF2343A34365
:106E90004360C5F30112012A02D0022A18BF002262
:106EA0002146BDE8F840FFF787BFC5F306227F2AD9
:106EB00001D10223D1E7360716D5230A93FAA3F6A8
:106EC000B6FA86F6476A93FAA3F3B6004FF00F0CB2
:106ED000B3FA83F30CFA06F69B0027EA060602FAD9
:106EE00003F333434362E4E794FAA4F3B3FA83F37E
:106EF000066A9B000F2707FA03F326EA030694FAB3
:106F0000A4F3B3FA83F39B009A4032430262D0E7C2
:106F10000023A2E70323A0E714570208431C06D16D
:106F20007047834202D18968FFF76ABF0C310B6852
:106F30005A1CF6D1FEE70B685A1C01D1002070479D
:106F4000834201D1486870470C31F4E7431C01D0FB
:106F5000FFF7F1BF002070474B6813B94FF0FF30C7
:106F60007047834201D1086870470C31F4E708B1DB
:106F7000FFF7F2BF4FF0FF30704703460868421C2E
:106F800000D17047984201D1886870470C31F5E70D
:106F9000431C01D0FFF7F1BF704703468B42084600
:106FA00004D01BB100290CBF184600207047000018
:106FB0004FF0B0431A6842F061021A604FF4E022C9
:106FC0009A6061221A60064ADA6000229A6140F2F1
:106FD0003F321A62034B4FF000629A60704700BF65
:106FE0000001042200ED00E04FF0B04382B01A6EC1
:106FF00002431A661B6E03400193019B02B0704767
:10700000043870470368124A934282B004D14FF4A7
:10701000006002B0FFF7E8BFB3F1804F0CD14FF032
:10702000B0439A6D42F001029A659B6D03F0010333
:107030000193019B02B07047064A934202D14FF47C
:107040000030E6E7044A9342F4D14FF48020E0E7B1
:10705000002C014000440140004801400368134AED
:10706000934206D14FF0B042136E23F400631366CF
:107070007047B3F1804F06D14FF0B042936D23F0CB
:107080000103936570470A4A934205D14FF0B0421D
:10709000136E23F40033EAE7064A9342E8D14FF037
:1070A000B042136E23F48023E1E700BF002C0140BF
:1070B0000044014000480140431C10D00C4B984252
:1070C00010D007D8B0F1804F0ED0A3F5C05398422E
:1070D0000CD0FEE7074B9842FBD11D2070476FF0A4
:1070E0000D0070471C2070471B2070471820704708
:1070F0000044014000480140431C10D00C4B984212
:1071000010D007D8B0F1804F0ED0A3F5C0539842ED
:107110000CD0FEE7074B9842FBD11D2070476FF063
:107120000D0070471C2070471B2070471A207047C5
:10713000004401400048014038B50446FFF762FFB3
:107140002068FFF7B9FFD4E91312FAF70BFE2068A5
:10715000FFF7B2FFFAF738FE22681046FFF7CCFFC0
:1071600005461046FFF7A8FF85420BD02846D4E914
:107170001312FAF7F7FD2068FFF7BEFFBDE83840AD
:10718000FAF722BE38BD10B5FFF768FF0446006865
:10719000FFF792FFFAF726FE2068FFF7ADFFBDE884
:1071A0001040FAF71FBE0000431C10D00A4B984253
:1071B0000BD003D8B0F1804F0BD0FEE7074B9842BD
:1071C00003D003F580639842F7D102207047002076
:1071D00070470120704700BF002C0140004401406F
:1071E0004FF0B042D2F8883023F440630343C2F832
:1071F0008830704708B5074B90F8B12053F822004B
:10720000FEF7F4FA00F02200A0F1220358425841A0
:1072100008BD00BF3805002008B5074B90F8B12025
:1072200053F82200FEF7E2FA00F02100A0F121035A
:107230005842584108BD00BF3805002070B50E46C1
:10724000054610B94FF0FF3070BDFFF7D3FF04467D
:107250000028F7D12946012211F8B23F337095F882
:10726000B100034B53F82000FEF710FE2046EBE779
:107270003805002038B50D460446C0B1FFF7BAFF07
:10728000A8B994F9B000C4F89850FAF7ABFD94F897
:10729000B100074B04F1B20153F820000122FEF7C0
:1072A000F5FD94F9B000BDE83840FAF78DBD38BD62
:1072B0003805002038B515460446C8B1C0F89C1002
:1072C00090F9B000FAF78EFDD4F8B830B4F8C210D7
:1072D00094F8B10013FA81F1064BAAB253F82000DA
:1072E000FDF7F6FD94F9B000BDE83840FAF76CBD43
:1072F00038BD00BF3805002050B1D0F8A4300133AC
:1073000006D190F8B120034B53F82200FEF722BAC1
:10731000704700BF3805002050B1D0F8A4300133C9
:1073200006D190F8B120034B53F82200FEF738BA8B
:10733000704700BF38050020D0F894300438184753
:10734000D0F898300438184710B5044650F804397E
:10735000DA69D1070CD501221A62FFF74BFFB0B9E9
:1073600004F1AE0120460122BDE81040FEF78EBDBB
:10737000DA69920701D50222EEE7DA69510701D5F1
:107380000422E9E7DA691207E7D50822E4E710BD2D
:1073900008B52420FAF75EFD024B1868BDE80840E6
:1073A000FDF7F2BD3805002008B52520FAF752FD9B
:1073B000034B586818B1BDE80840FDF7E5BD08BDAE
:1073C0003805002008B52620FAF744FD024B9868DE
:1073D000BDE80840FDF7D8BD38050020012200F1C6
:1073E000AE01FEF753BD000003681C4A934211D161
:1073F0004FF0B043D3F88800194B00F0030040F47D
:107400004030984228D0B0F1031F14BF0020012063
:10741000C0037047134A93420DD14FF0B043D3F8E5
:107420008800114B00F00C0040F44020984213D02B
:10743000B0F10C1FE9E70D4A93420BD14FF0B04376
:10744000D3F8880000F44060B0F5006F04D0B0F5C8
:10745000406FDAE700207047054870470038014068
:10746000020003000044004008000C0000800040BF
:107470000024F40001462DE9F047FFF7B5FF0A6844
:10748000234B4D68234F9A42064626D1DFF8888069
:10749000DFF888A04FEA5509002438F8023B37F896
:1074A0001320002319463046F9F7CEFE090241EABF
:1074B0001061000210EB090041F100012A4600238F
:1074C000F9F7C2FEA0F54070504503D901340C2CE9
:1074D000E3D100242046BDE8F0870F4AC8690024A4
:1074E00069084FF6EF7C32F8023BB0F5004F37F8F1
:1074F0001330B6FBF3F30CBF01EB43035B18B3FB94
:10750000F5F3103B6345E5D901340C2CEBD1E0E7F2
:107510000080004058560208F4570208FFFC0F0094
:107520002DE9F04F8BB0CDE901239DF85430039342
:107530009DF8583004939DF85C3005938B460446C3
:1075400018B900200BB0BDE8F08FB249D0F8A00008
:10755000FFF7FCFCB0498246D4F8A400FFF7F6FC24
:10756000AE490646D4F8A800FFF7F0FCAC49074640
:10757000D4F8AC00FFF7EAFCA7498046D4F8A00095
:10758000FFF7E4FCA3498146D4F8A400FFF7DEFC32
:107590000546BAF1000F02D1B9F1000FD1D0D4F8ED
:1075A000A430013302D00EB9002DCAD0D4F8A830CF
:1075B000013301D0002FC4D0D4F8AC30013302D055
:1075C000B8F1000FBDD031465046FFF7E6FC206011
:1075D00020B929464846FFF7E0FC2060394620687C
:1075E000FFF7DBFC41462060FFF7D7FC2060002856
:1075F000A7D08C4B984240F0C1804FF0B0431A6C3A
:1076000042F480421A641A6C22F480421A641A6EA0
:1076100042F480421A661B6E03F480430793079B73
:107620000022242384F8B12084F8B030BAF1000F8E
:1076300000F0DD807749D4F8A000FFF76FFC002E42
:1076400040F0CF804FF00009002F00F0F380734925
:10765000D4F8A800FFF762FC4FF4807AB8F1000F6D
:1076600006D06F49D4F8AC004AF4007AFFF756FC14
:1076700094F8B1206C4B271D43F822702368C4E9AD
:10768000013B019BE360149B2361029B63610C231C
:10769000C4E9063A002323623846FFF7EBFE0823CD
:1076A0000C28E362039BC4F83C9028BF0020A06232
:1076B00023B10A23E3624FF480336363049B33B145
:1076C000E36A43F00103E3624FF400332363059B55
:1076D00033B1E36A43F00403E3624FF48023A3630E
:1076E000002294F9B00062620121FAF73BFBD4F862
:1076F00000804E4B984539D1BBF5165F384600F2F5
:107700009B80FEF7E7FB3846002E00F0AA80FEF7CC
:10771000CFFA002800F0B3800220FFF724F94FF0E1
:10772000B043D3F890309B0700F1AB804FF0B043EB
:1077300022681B68590500F1DD8022683B4B9A42A4
:1077400002D10020FFF74CFD16B9002D00F0BE80DD
:107750003846FEF7ADFA002800F091802268334BDE
:107760009A4203D14FF48060FFF73AFD16B9002D1D
:1077700000F0B5803846FEF79BFAB3E02C4B9842F8
:1077800015D14FF0B0439A6B42F400329A639A6B72
:1077900022F400329A639A6D42F400329A659B6D2E
:1077A00003F400330893089B012225233AE71F4B7B
:1077B00098427FF4C6AE4FF0B043DA6B42F001025C
:1077C000DA63DA6B22F00102DA63DA6D42F0010269
:1077D000DA65DB6D03F001030993099B022226237E
:1077E00020E70D49D4F8A400FFF798FB2AE7B9F188
:1077F000000F3FF427AF0849D4F8A000FFF78EFB35
:1078000015B94FF400491FE70249D4F8A400FFF767
:1078100085FBF6E78C530208385302082053020810
:10782000085302080038014038050020008000405D
:1078300000440040BA4611E7FEF762FBBEB138468D
:10784000FEF736FAD8B14FF0B0431A6823685005F6
:107850007FF573AF434553D14FF40060FFF7C0FC91
:107860004BE0002D7FF453AFFEF752FA51E7002DA5
:107870003CD13846FEF74CFA00287FF457AF012080
:1078800060E62268244B9A4203D14FF44060FFF730
:10789000A7FC5EBB55BB3846FEF73AFA0028EED08F
:1078A0004FF0B04322681B685B057FF546AF1A4B6B
:1078B0009A42D1D03846FEF72BFA0028DFD0226852
:1078C000154B9A4202D10020FFF78AFC3846FEF79A
:1078D0001FFA0028D3D022680F4B9A4217D038469F
:1078E000FEF716FAB0FA80F040092BE63846FEF7AC
:1078F000DFF9C1E7084B9A42AED00EB9002DD9D0BE
:107900003846FEF7D5F900287FF417AFB7E74FF4F4
:107910008060FFF765FCE2E7008000401FB50B4B7D
:107920000B495C692046FFF711FB002358B1094859
:107930001A46C0F8A0404FF41651CDE90233CDE904
:107940000033FFF7EDFD04B010BD00BFEC55020899
:107950008C530208440000202DE9F0472A4D0646CA
:107960000C46F9F79BFD95F8B130022B074613D86A
:1079700095F8B120254B53F82250A5F10408404654
:10798000FFF74AFCC0BB4FF47A73A2B231462846D7
:10799000FEF7D8F840B908E01D4B1E49D3F8148013
:1079A0004046FFF7D3FA08BB00242046BDE8F08725
:1079B0005AF8233043B995F8B1300133DBB2022BCA
:1079C00085F8B130F4D90CE049464046FFF7BEFADD
:1079D00095F8B1205AF822301B688342EBD1022A75
:1079E000C6D9FFF79BFF0028C2D1DDE7DFF81CA056
:1079F000DFF820900023E2E7F9F750FDC01BB0F557
:107A00007A7FBCD3D0E700BF4400002038050020B7
:107A1000EC5502088C5302080A490346086810B561
:107A20000344EFF30882934205D9074B0C221A60F6
:107A30004FF0FF3010BD054A054C121B9342F4D2A3
:107A40000B60F7E70C010020B83700200000012090
:107A5000000400004FF0FF3070474FF400534B60BC
:107A600000207047012070470020704700207047B9
:107A7000FEE70000024B16221A604FF0FF307047FD
:107A8000B8370020012070470048704780EE36006C
:107A9000704770477047704770477047704770472E
:107AA000D0F8F000704790F86B01704790F86C3197
:107AB0004FF47A605843704790F8630170470000B4
:107AC000004870470C580208004870470C580208DC
:107AD000004870471C580208004870471C580208AC
:107AE0000048704728580208004870472858020884
:107AF00080F8E810704780F82010704768307047B1
:107B000060387047704702460023F0B5D0F89C5E9D
:107B100002F507761846A027AB4200DBF0BD07FB55
:107B200003F491F800C0345DA44502BF00F6F404EC
:107B3000013042F824300133EEE70000084A002308
:107B4000C2E90433D360426EA0F85830C0E90E3366
:107B5000C0E90C33C2F80C35C2F80835704700BFD5
:107B6000B82F0020A0F1C800FFF7E8BF02F6F4022A
:107B700050F82230002B10DBD0F89C2E93420CDA08
:107B8000A02202FB030000F27E2300F29E2053F8A5
:107B9000042B41F8042B8342F9D170472DE9F041C1
:107BA000054605F5005488464FF4FA6117461E460F
:107BB00003F05CF89DF81830079984F8CD334EF641
:107BC00060235943C4F8BC03C4F8C483C4F8C87321
:107BD00084F8CC6301F5FA61284603F047F8C4F84D
:107BE000C003BDE8F081A0F1C800FFF7D7BF0000D7
:107BF00010B590F83E11044621B1044B594303F0EF
:107C000035F80146C4F8E01010BD00BFC0D4010033
:107C1000A0F1C800FFF7ECBF10B590F83F11044683
:107C200021B1044B594303F021F80146C4F8E41094
:107C300010BD00BF80EE3600A0F1C800FFF7ECBF1A
:107C40007FB50A4A0346084651690491D96B0391EE
:107C5000996B0291596B01911B6B0093D2E903233D
:107C600003491BF057F907B05DF804FBB82F00205B
:107C700031580208A0F1C800FFF7E2BF10B5C06D8F
:107C8000104C036886B01B689847014604A80EF0A4
:107C90007DFE9DF810309DF813200B4903F5FA6323
:107CA00003939DF8113002939DF8123001939DF8D3
:107CB0001530009320469DF814301BF02BF9204618
:107CC00006B010BD440500209258020870B5D0F8E7
:107CD00040510C46284600211646F9F7EBF9D8B971
:107CE00021460E48F8F734FF0146284618F0CCFA32
:107CF000F8F78AFB0A4B0022F8F726FA04463046CA
:107D00000D46F8F75FFB02460B4620462946F8F77A
:107D1000D3FBF8F781FE70BD0020FCE79A99593F2C
:107D20000000F03F02F6F40238B550F82240002C73
:107D3000054616DBD0F89C2E944212DAA02254435A
:107D400004F23E209DF814200499284404F011F90F
:107D50002C4484F83D02E86D03681B689847C4F81A
:107D6000A402002038BD38B500F580550446B5F8AA
:107D70006431A5F81436002100F5D650A5F81A167E
:107D80001C22043004F5D4541BF0AFF91C34012339
:107D9000C5F8C04A85F8143B38BDA0F1C800FFF70C
:107DA000E2BF2DE9F04307468DB08846914641F683
:107DB0001C357C1941464A4620461BF06CF90146A9
:107DC000A0B92C2201A81BF090F901A803F0FDF93D
:107DD00001AE23460BAA344603CC94421860596086
:107DE000264603F10803F6D122781A702C3542F2A8
:107DF000B4339D42DDD10DB0BDE8F083A0F1C800E1
:107E0000FFF7CFBF014807F03EBC00BFB82F0020EE
:107E1000A0F1C800FFF7F6BF01480EF004BF00BF95
:107E2000D8310020A0F1C800FFF7F6BFD0F8CC1081
:107E3000002200F58B5006F0CDBFA0F1C800FFF77F
:107E4000F5BF000007B5D0F8CC3000930A46044BCC
:107E500004490193684606F085FC03B05DF804FB15
:107E6000BF700208AE580208A0F1C800FFF7EABFD1
:107E70000249D0F8CC000EF010BF00BFB458020881
:107E8000A0F1C800F4E700BFD0F8CC1000F56A609C
:107E900006F0ECBAA0F1C800F6E710B4044600F50D
:107EA000D750043031B10246012304F58B5010BC89
:107EB00006F05EBD10BC10221BF017B9A0F1C8007F
:107EC000FFF7EBBF0B7813F0030310B500F58054F8
:107ED00008D1012200F58B5006F070FDC4F8E00ACD
:107EE000002010BD012B07D194F8F035DB0703D437
:107EF00000F5AF500C30F1E70020EFE7036810B554
:107F00005C6A50F8042C516A8C4201D8036010BDA1
:107F100040F80429F5E7F0B54C1E04EBD474641066
:107F200091424FEA81050CDD50F824105E6A4F6AD9
:107F3000B74206D94151611E01EBD17521466C1043
:107F4000EEE74351F0BDF0B5541E04EBD4740E4679
:107F500065106FF0404CA94215DBD4070ED4023AED
:107F600002EBD272B1EB620F08D14C1C620000EB45
:107F7000C40454F8044C40F82140511E3246BDE878
:107F8000F040FFF7C8BF4C1C640004EB0C0E50F827
:107F90002E7050F824E07F6ADEF824E0BE4588BFEA
:107FA00004F1FF3450F8247040F821702146D2E7E4
:107FB000F0B5541E04EBD4740E4665106FF0404CBF
:107FC000A94215DBD4070ED4023A02EBD272B1EB10
:107FD000620F08D14C1C620000EBC40454F8044C3E
:107FE00040F82140511E3246BDE8F040FFF793BFF4
:107FF0004C1C640004EB0C0E50F82E7050F824E07A
:108000007F6ADEF824E0BE4588BF04F1FF3450F8F3
:10801000247040F821702146D2E7036810B55C6AED
:1080200050F8042C516A8C4201D8036010BD40F80E
:108030000429F5E7F0B5541E04EBD47466106FF014
:10804000404C0C46B44225DBD5070ED4023A02EB75
:10805000D272B4EB620F08D1621C550000EBC20271
:1080600052F8042C40F824206C1E621E02EBD272DF
:108070005210A1424FEA840521DA50F822405E6A8C
:10808000676AB7421BD24451541E04EBD4751446A0
:108090006A10EEE7651C6D0005EB0C0E50F82E70B3
:1080A00050F825E07F6ADEF824E0BE4538BF05F1D0
:1080B000FF3550F8257040F824702C46C2E7435134
:1080C000F0BD036810B55C6A50F8042C516A8C420C
:1080D00001D3036010BD40F80429F5E7F0B5541E44
:1080E00004EBD47466106FF0404C0C46B44227DBAE
:1080F000D5070ED4023A02EBD272B4EB620F08D16C
:10810000621C550000EBC20252F8042C40F82420F7
:108110006C1E621E02EBD2725210A1424FEA84051D
:1081200024DA50F8224093F9286094F92870B74275
:108130001CDD4451541E04EBD47514466A10ECE760
:10814000651C6D0005EB0C0E50F82E7050F825E004
:1081500097F928709EF928E0BE45C8BF05F1FF35A4
:1081600050F8257040F824702C46BFE74351F0BD0D
:1081700010B5036850F8042C93F9284092F92810A0
:108180008C4201DC036010BD40F80429F2E7F0B531
:10819000541E04EBD47466106FF0404C0C46B4428D
:1081A00027DBD5070ED4023A02EBD272B4EB620F92
:1081B00008D1621C550000EBC20252F8042C40F8B2
:1081C00024206C1E621E02EBD2725210A1424FEAB2
:1081D000840524DA50F8224093F9286094F9287035
:1081E000B7421CDA4451541E04EBD47514466A108D
:1081F000ECE7651C6D0005EB0C0E50F82E7050F886
:1082000025E097F928709EF928E0BE45B8BF05F132
:10821000FF3550F8257040F824702C46BFE74351D5
:10822000F0BD10B5036850F8042C93F9284092F97A
:1082300028108C4201DB036010BD40F80429F2E7EE
:108240008842134604D00A1A0146981A1AF033BF1E
:1082500070478842F8B504460D4602D00430854286
:1082600000D1F8BD0646236856F8047B93F9283000
:1082700097F928209A4207DA014632462046FFF74E
:10828000DFFF27603046EAE7FFF7CBFFFAE78842D7
:10829000F8B504460D4602D00430854200D1F8BD41
:1082A0000646236856F8047B93F9283097F928206E
:1082B0009A4207DD014632462046FFF7C1FF27609C
:1082C0003046EAE7FFF754FFFAE78842F8B504467C
:1082D0000D4602D00430854200D1F8BD0646236821
:1082E00056F8047B5B6A7A6A9A4207D201463246A4
:1082F0002046FFF7A5FF27603046ECE7FFF7E1FED9
:10830000FAE78842F8B504460D4602D004308542AB
:1083100000D1F8BD0646236856F8047B5B6A7A6A8A
:108320009A4207D9014632462046FFF789FF276067
:108330003046ECE7FFF771FEFAE78842F8B50446ED
:108340000D4602D00430854200D1F8BD06462368B0
:1083500056F8047B5B6A7A6A9A4207D9014632462C
:108360002046FFF76DFF27603046ECE7FFF7C6FDBC
:10837000FAE78B889A0903F03F0310B502FB033339
:1083800004464A88006D52FA83F1036802319B6803
:108390009847F8F78FFCD4F84411F8F7E3FCF8F7A6
:1083A000E3FE00EB8000421C0021206EBDE810407F
:1083B00003F03ABE00F00300023801288CBF002011
:1083C0000120704780F00200C0F3400070478B88A6
:1083D0009A0903F03F0310B502FB033304464A88B1
:1083E000006D52FA83F1036802319B689847F8F7F1
:1083F00061FCD4F85811F8F7B5FCF8F7B5FE00EBBE
:108400008000421C0021206EBDE8104003F00CBE2D
:108410002DE9F84F04460D461746994600F1040829
:10842000291B40291CDD4FEAA10ADFB9AAF1020687
:10843000761054F82630524631462046FFF783FD29
:108440005EB1013EF5E755F8043D22682A602A1B1B
:10845000921000212046FFF776FD2B1B042BF2DC47
:10846000BDE8F88FC910D4F804A054F82100DAF858
:1084700024B0D0F824E055F804CC2368DCF824209C
:10848000F34546462AD9964521D9206044F8213043
:108490002B462268D2F824E031460868426A7245C9
:1084A0000E4601F10401F8D8191F0B4651F80429B2
:1084B000D2F824C0E645F8D89E4217D3013F29469A
:1084C0004B463A463046FFF7A3FF3546A8E79345AB
:1084D00006D9C4F800C045F8043CD9E7934502D951
:1084E000C4E900A3D4E79645CFD9F2E746F8042BB8
:1084F0001860CEE72DE9F84F04460D461746994619
:1085000000F10408291B402919DD8E10CFB9B11ED6
:10851000491054F8213032462046FFF78BFD59B1FF
:108520000139F6E755F8043D22682A602A1B9210AB
:1085300000212046FFF77EFD2B1B042BF2DCBDE85B
:10854000F88FC910D4F804A054F82100DAF824B048
:10855000D0F824E055F804CC2368DCF82420F34557
:1085600046462AD2964521D2206044F821302B4637
:108570002268D2F824E031460868426A72450E4605
:1085800001F10401F8D3191F0B4651F80429D2F860
:1085900024C0E645F8D39E4217D3013F29464B46F7
:1085A0003A463046FFF7A6FF3546ABE7934506D27D
:1085B000C4F800C045F8043CD9E7934502D2C4E9A9
:1085C00000A3D4E79645CFD2F2E746F8042B186013
:1085D000CEE72DE9F84F04460D461746994600F1BF
:1085E0000408291B402919DD8E10CFB9B11E49108E
:1085F00054F8213032462046FFF770FD59B1013959
:10860000F6E755F8043D22682A602A1B92100021E3
:108610002046FFF763FD2B1B042BF2DCBDE8F88F2F
:10862000C910D4F804A054F821009AF928B090F9A0
:1086300028E055F804CC23689CF92820F3454646E9
:108640002BDD964522DD206044F821302B46226840
:1086500092F928C03246116891F928006045164603
:1086600002F10402F7DC1A1F134652F8040990F9CC
:1086700028E0E645F8DB9E4217D3013F29464B46EA
:108680003A463046FFF7A5FF3546AAE7934506DD93
:10869000C4F800C045F8043CD8E7934502DDC4E9BE
:1086A00000A3D3E79645CEDDF2E746F8040B196048
:1086B000CDE72DE9F84F04460D461746994600F1DF
:1086C0000408291B402919DD8E10CFB9B11E4910AD
:1086D00054F8213032462046FFF759FD59B101398F
:1086E000F6E755F8043D22682A602A1B9210002103
:1086F0002046FFF74CFD2B1B042BF2DCBDE8F88F66
:10870000C910D4F804A054F821009AF928B090F9BF
:1087100028E055F804CC23689CF92820F345464608
:108720002BDA964522DA206044F821302B46226865
:1087300092F928C03246116891F928006045164622
:1087400002F10402F7DB1A1F134652F8040990F9EC
:1087500028E0E645F8DC9E4217D3013F29464B4608
:108760003A463046FFF7A5FF3546AAE7934506DAB5
:10877000C4F800C045F8043CD8E7934502DAC4E9E0
:1087800000A3D3E79645CEDAF2E746F8040B19606A
:10879000CDE72DE9F84F04460D461746994600F1FE
:1087A0000408291B40291CDD4FEAA10ADFB9AAF100
:1087B0000206761054F82630524631462046FFF71E
:1087C000F7FB5EB1013EF5E755F8043D22682A60EB
:1087D0002A1B921000212046FFF7EAFB2B1B042BDB
:1087E000F2DCBDE8F88FC910D4F804A054F82100D9
:1087F000DAF824B0D0F824E055F804CC2368DCF88B
:108800002420F34546462AD9964521D9206044F8CC
:1088100021302B462268D2F824E031460868426AAB
:1088200072450E4601F10401F8D8191F0B4651F8A4
:108830000429D2F824C0E645F8D89E4217D3013F58
:1088400029464B463A463046FFF7A3FF3546A8E790
:10885000934506D9C4F800C045F8043CD9E79345D0
:1088600002D9C4E900A3D4E79645CFD9F2E746F888
:10887000042B1860CEE700002DE9F04F00F5D85327
:1088800000F50E52BBB081460F461C333432002532
:10889000596A31B13AA901EB8501013541F8C83C6B
:1088A0002DB22C339342F3D108AE06EB8508B045C8
:1088B0004FEA850414D0A210B2FA82F2C2F11F026C
:1088C0004FF00003520041463046FFF762FF402C54
:1088D00023DD18A93046FFF730FD18ACA04517D1AD
:1088E000DFF88CB03C464FF000084FF00A0A4545CF
:1088F00002DDE31B852B15DDBC4204D120461D495A
:108900001AF02BFD0634002323703BB0BDE8F08F36
:108910002046FFF7F3FA0434E0E741463046FFF71C
:108920000CFDDDE756F82810B8F1000F01D004F86F
:1089300001AB042205A8039103F088FBD9F85C0081
:1089400003681B68984703994B6A91F928200092A5
:10895000C31A05AA594620461AF0DCFA23461C46DB
:1089600013F8012B002AFAD108F10108BFE700BF74
:10897000C0580208C9580208A0F1C800FFF77CBF20
:10898000036810B51B68044698476368834228BF94
:10899000581C606010BD2DE9F041044640689DF808
:1089A00018701D460368DB6B1646984760680368BD
:1089B0002946D3F8E8309847606803683146D3F811
:1089C000E43098473946606800220BF012F960687D
:1089D00084F824500368082D1B6EBDE8F0418CBF5D
:1089E000102120211847406803681B6F1847406812
:1089F00003685B6F184700002DE9F0430346006DE4
:108A0000DFF85880D3E90495036885B01B6A0E46E9
:108A1000984704464046FFF7E6FF07464046FFF703
:108A2000E6FF80463846F8F779FB07B240464FF438
:108A30007A73B5FBF3F5B9FBF3F303950293F7F7FC
:108A4000E3FC24B2CDE900013B460549224630460D
:108A50001AF060FA05B0BDE8F08300BFB82F00201F
:108A6000D0580208A0F1C800FFF7C6BF0000000000
:108A700038B50C2016F0AEFD08250024C32016F0F2
:108A8000C7FD013D0444F9D12046F7F79BFC0EA336
:108A9000D3E90023F7F710FD0D4B0022F7F70CFD8B
:108AA0000C4B0022F7F708FD00224FF07F53F7F739
:108AB00003FD094B0022F7F7FFFCF7F7D5FF80B263
:108AC00038BD00BFAFF30080AE47E17A14AEFB3F84
:108AD0000000144000408F400000303F2DE9F3417A
:108AE000466DC76CB0F858800D480C46FFF7C0FFC4
:108AF000336805461B68304698473B6806465B6905
:108B0000384698470749CDE900802A4620464FF469
:108B10007A73B6FBF3F31AF0FDF902B0BDE8F08109
:108B2000A831002024590208A0F1C800FFF7D6BFE1
:108B3000D0E9003213448B4209D9438901339BB2F7
:108B400043810089984234BF0020012070470123EF
:108B500001604381184670472DE9F84F00F5D8555C
:108B60001C3500F50E5A07460C46914698462E468F
:108B70000AF1340A4FF0FF3B2022314620461AF01A
:108B80008AFA30B3736A5B4538BF354606F12C0666
:108B900038BF9B465645EFD12B4604F12002206892
:108BA00061681E4603C6083494423346F7D1F86D17
:108BB000C5F8209003681B6898474FF081416862B0
:108BC0004046F8F7CFF8F8F7A9FA85F82800BDE88D
:108BD000F88F3546E0E7F0B51F468B8816469A06B3
:108BE0008DB005460C4627D10A78092302F003020E
:108BF000D340DB0703D5CB880BB90B89E3B19DF8D4
:108C00004C201299684603F0A6FB9DF801309BB1F9
:108C10009DF8003003F00F03022B0DD194F90201EF
:108C2000F8F74CF84FF07A51F8F79CF83A460346BB
:108C300031462846FFF790FF0DB0F0BDF0B591F832
:108C40004A3003F0F002802A8BB005460C4621D151
:108C50004B88052B1CD990F83D31CBB9504E4FF4C1
:108C60007A72D6E904010023F8F7EEFAB1680144FC
:108C700005F5D7501430FFF75BFF48B1618894F8D1
:108C80004B30E26C092903F004034ED8002B53D17A
:108C90000BB0F0BD902AFBD14A88052AF8D903F021
:108CA0000F03022BF4D1252AF2D900F58056D6F80D
:108CB0000C3B002B6FD0D6F8101B01F0CBFF002827
:108CC00069D1E36CD6F80C2B9A42E1D16A4604F1E3
:108CD000500304F1700C174618685968164603C60D
:108CE000083363453246F7D1202205F16801384642
:108CF0001AF0D1F90028CBD094F90201284EF7F7E9
:108D0000DDFF4FF07A51F8F72DF84FF47A720446F0
:108D10000023D6E90401F8F797FAB2682346024423
:108D200039462846FFF718FFB2E7216D002BAFD078
:108D3000D5F894318B42ABD3922194F84A308DF818
:108D4000001094F802118DF80110CDF8022003F004
:108D5000010305F168020DF1060105F1880052F8E2
:108D6000044B41F8044B8242F9D1002B0CBF262260
:108D70000E226946284602F05FFD0446002887D08F
:108D80002B680146DB6B284698472146820028461F
:108D900003F0B2F87CE70023C6F80C3B78E700BF8D
:108DA000982F00202DE9F047089E9DF824809946D1
:108DB000337804468A461746BBB304F594713046AF
:108DC000F8F75CFA00285FD103260022514604F52B
:108DD000067003F09BFBD0F884304B4505465BD210
:108DE000C0F88490E06D03681B68984795F82030C0
:108DF000C5F8880023F00303334385F820303A4652
:108E000005F1620307F1200152F8040B43F8040B4B
:108E10008A42F9D18EB141F28831204601F026FF15
:108E200004F58053C3F8180B07E0202200F5067004
:108E300003F052FB05460028BFD0B8F1000F02D066
:108E4000FF2385F82130E06DFFF79AFD0023C4F879
:108E5000400FA4F8443F95F82030206E03F0030340
:108E6000DA1E5342534184F8463F95F8203084F887
:108E7000473F036804221B6804F6487198470223A1
:108E800084F84C3F0D2008E0304604F5A471F8F753
:108E9000F5F90646002898D00020BDE8F0870000CC
:108EA000F7B51D4F04461646D7E904011D464FF499
:108EB0007A720023F8F7C8F9B968014404F5D8506C
:108EC000FFF736FE30B32A7804F58050294602F0C9
:108ED0003F0280F8382011F8013B9B0901335A43C7
:108EE00080F8393004F6F8701AF03FFAE06DC4F8F3
:108EF000406F03681B6898470023C4F8440FAC22F6
:108F0000009304F64871012304F58B5005F00AFF25
:108F10000830C0B203B0F0BD982F0020F8B51E4F46
:108F200004461646D7E904011D464FF47A72002321
:108F3000F8F78AF9B968014404F5D850FFF7F8FD4D
:108F400048B32A7804F58050294602F03F0280F8A1
:108F5000382011F8013B9B0901335A4380F839301E
:108F600004F6F8701AF001FAE06DC4F8406F036877
:108F70001B68984704F648750849C4F8440F04F57F
:108F8000CE7304F1F402284619F0C4FF2846F8F71E
:108F90007FF90830C0B2F8BD982F0020045B0208AA
:108FA000F8B51C4F04461646D7E904011D464FF498
:108FB0007A720023F8F748F9B968014404F5D850EB
:108FC000FFF7B6FD20B32A7804F58050294602F059
:108FD0003F0280F8382011F8013B9B09013380F8EB
:108FE00039305A4304F6F8701AF0BFF9E06DC4F84E
:108FF000406F03681B689847002384F8483F94F843
:109000003D31C4F8440F13B1802384F8483F092050
:10901000F8BD00BF982F002010B588B004466A46FE
:10902000022100F56A6003F0D3FD6A46034604F1AD
:109030006801204602F060FA08B010BD10B5D1F802
:10904000CC10044601230DF012FE204610BD000096
:109050002DE9F04FCFB005460C46164601462D4A85
:1090600006A89946FFF7EAFF06A80DF068FF00285A
:1090700047D02B68284F5B6928469847014606A8C9
:1090800015F08AFF2078254BC0F3830AFFF792F989
:10909000002818BF1F46286DB4F802B003689B6B08
:1090A00098478046286D03685B6B98471C490546C6
:1090B0004846F7F757FEF8F731F804902846F8F7D6
:1090C0002DF803904046F8F729F85346CDE901B052
:1090D00032461449009706A815F08BFF227840F21B
:1090E0000713C2F38302D340DB070DD594F84A304F
:1090F00094F84B200C4906A815F07BFF06A80DF04C
:10910000D6FE4FB0BDE8F08F084906A815F071FFF4
:10911000F4E700BFB458020800FC020862590208D4
:1091200000007A4464590208AD590208A9F7020800
:1091300010B490F8E84014B110BCFFF789BF10BC20
:109140007047000070B5CAB005460C461646014689
:109150001D4A02A8FFF772FF02A80DF0F0FE60B3EF
:109160002B6828465B699847014602A815F014FF52
:1091700020781649164AC0F38303FFF71BF900282D
:1091800018BF0A46618802A8CDE90021324611497C
:1091900015F02FFF227840F20713C2F38302D34069
:1091A000DB070CD594F84A3094F84B200A4902A802
:1091B00015F01FFF02A80DF07AFE4AB070BD0749F6
:1091C00002A815F016FFF5E7B45802086259020824
:1091D00000FC0208BE590208AD590208A9F70208AE
:1091E00090F8E8300BB1FFF7ADBF704770B5CAB06B
:1091F00004460D4616460146134A02A8FFF71EFF15
:1092000002A80DF09CFEE0B1236820465B699847F8
:10921000014602A815F0C0FE28780C490C4AC0F39C
:109220008303FFF7C7F8002818BF0A46698802A819
:10923000CDE900210749324615F0DBFE02A80DF00A
:1092400036FE4AB070BD00BFB45802086259020829
:1092500000FC0208EF59020890F8E8300BB1FFF764
:10926000C5BF70472DE9F8438C88A30901339046A8
:109270005FFA83F904F03F0401F10A05002600F1CA
:1092800068073CB918F80900B0428CBF00200120E3
:10929000BDE8F8834A463946284619F0FCFE08B96D
:1092A0000136F6B2013CE4B24D44EAE770B590F8FD
:1092B0003D410546ACBB0A781046FFF783F870B312
:1092C0008B8895F8686103F03F039E4229D902F02C
:1092D0000306012E03D195F869619E4221D9C2F39C
:1092E0008302042A03D195F86A219A4219D905F517
:1092F0008053D3F8E03AB3B195F8163263B1012B3D
:109300000BD00A4A0A48022B08BF02462846FFF73C
:10931000A9FF80F00100C0B270BD064AF6E7012047
:10932000FAE70020F8E71846F6E700BF1001002032
:10933000140100201801002030B585B004464FF418
:109340009063006EADF804300368042204F5805584
:109350001B680DF106019847DDF80630C5F80C3B97
:109360004EF66021204601F081FC01A9C5F8100BE2
:109370000A2200252046CDF80A5002F05DFA014687
:1093800018B12A46204602F0B7FD05B030BD0000F6
:109390002DE9F047044640201E461546DDF824809E
:1093A0000F46FDF7BEF82021814605F063FE824B93
:1093B000236033686665C4E913950025C4E9045544
:1093C0001B68656030469847012384F82C307B4B3E
:1093D000A3647B4B2360089B23660A9BA4F8585028
:1093E000C4E90605C4E90955C4E910552562636658
:1093F000C4F85C8004F1680001F0F6FE714B236054
:1094000004F50779E433C4F8C83004F506764D4610
:1094100004F69C6A2846A03501F0D7FE5545F9D1DF
:109420004FF448620021484619F05FFEC4F8AC7E54
:10943000C4F8B86E04F1C80304F5805604F58157EA
:109440000025C4F8A83E1C375F4BC4F8B03E04F5B5
:109450008B5004F1F009C4F89C5EC4F8A08E394624
:10946000C4F8A49EC4F8B40EC6F85C5105F0CEF959
:1094700004F5B0503946103005F0C8F904F5D85756
:109480007823C6F8F45AC6F8F83AC6F8005B042305
:10949000B4221C3704F50E55C6F8FC3AC6F8042B66
:1094A000C6F8083BB8463435404608F12C0801F0B0
:1094B0008CFE4545F8D1B42128460DF0B2FA0022C1
:1094C00000230025C4E9362304F50053C4E93855C8
:1094D000C4F8D0502946C6F8185B40F69802C3E994
:1094E000EF55384684F8E85086F8145B19F0FDFD16
:1094F00029464FF49472484619F0F7FD4FF07E5319
:10950000C4F8F0304FF07C53C4F844312F4BC4F80A
:10951000583104F1F4002E49202205F09DFE00236D
:109520000022C4E94623C4E9482304F5947029497C
:10953000102205F091FE284BC4F838314FF4A16396
:10954000A4F86031162384F83C3142F60173A4F884
:109550003E31224BC4F864314FF4FA72204BC4F808
:109560006831A4F86E2101234FF4E13284F86D31A3
:10957000C4F8742184F8783104F27910194984F818
:109580007051102205F068FE022384F8903104F532
:10959000D750002384F88A51C4F88C51C4F898310C
:1095A0001022C6F80C5BC6F8105B2946043019F08F
:1095B0009CFD2046BDE8F087845F020880EE3600FF
:1095C00024600208145B0208382F00209A99993E03
:1095D000275A02087B6402088D67594400007A42CA
:1095E000404008003C5A020837B504460D4601F0D9
:1095F00029FF2946C4F8CC5004F56A6005F062F8EA
:1096000004F58B55D4F8CC1004F1680204F506700B
:1096100002F0D8FED4F8CC100022284605F01EF93E
:10962000284605F0D6FA014630B104F5D752012399
:109630000432284605F09CF994F86131009394F8BF
:109640006031D4F86421D4F838110A48FFF7A3F93F
:1096500094F93C11074806F016F823682046D3F821
:10966000983098472368D3F89C30204603B0BDE873
:1096700030401847B82F00202DE9F04385B005464B
:1096800008469DF83090884614461E4605F01EFD9B
:10969000074640B14B4632462146284605B0BDE854
:1096A000F04302F0DEB82146404605F05BFDCDF800
:1096B0000090ADF80C00334603AA21462846ADF8C9
:1096C0000E7002F0FBF805B0BDE8F083F0B51F4660
:1096D00000F580530D46D3F8E01A87B004461646CD
:1096E00081B10B8873B1012302AA00F58B5005F0FC
:1096F0003FF900280FDC3B4632462946204602F05F
:10970000B0F80FE03B4632462946204607B0BDE898
:10971000F04002F0A6B8009733462A4602A9204638
:10972000FFF7AAFF07B0F0BD2DE9F0430E46097818
:10973000C1F3830185B0072904461F469046DDE941
:109740000C3057D1002504F5805919681D54FF20AD
:1097500089F838001879451E1E2D2FD93078FEF76C
:1097600031FE04330190009320460B463946FFF743
:1097700019FB054600283DD03078FEF723FE04F59E
:109780007463002845D0CDE9023501230193337974
:109790000093424606F10A033946204601F052FF83
:1097A000014638B3B3889B090133DBB24FF496729C
:1097B000204605B0BDE8F043FFF788BF01280AD175
:1097C0003078FEF7F7FDA8B10A4605333946204642
:1097D000FFF766FBCDE702280AD13078FEF7EAFDF5
:1097E00040B10A46053339462046FFF797FBC0E7EC
:1097F000032802D005B0BDE8F0833078FEF7DAFD2B
:109800000028F7D00A46053339462046FFF7C8FB43
:10981000AFE799F93820002ACDE900353A464346AA
:109820004FF00101204602DA01F020FFB8E701F015
:109830001DFF99F8392099F9383001460028D9D010
:10984000013A03F03F0343EA82134FF496720C92FD
:10985000DBB204F6F872204605B0BDE8F04302F032
:109860005EB873B50D4604461646FFF7D5FB0146B4
:1098700068B176B194F815020130C0B20A4604F519
:10988000D75100902B4604312046FFF7F5FE02B079
:1098900070BD2A46204602B0BDE8704002F02CBBE5
:1098A000A0F1C800FFF7DDBF2DE9F04700F58057B4
:1098B0001E4697F8143B8AB00546884614464BBBB3
:1098C000144612F8013B202BFAD02046F7F7E0FCB3
:1098D000042808D9A3787C2B05D123883380A3786A
:1098E000B370033403367A490822204619F0D3FBBB
:1098F0008146002840F0A28008342021204619F03B
:10990000FCFB00286DD1734930460AB0BDE8F04732
:1099100019F023BD104605F0AEFCF8B92346984671
:10992000994613F8012B202AF9D0A8EB04044F46DE
:1099300019F8010B04F07EFF0028F8D13B780BB139
:1099400038704F46B94617F8013BDBB9631E062B4A
:109950001BD9002333700AB0BDE8F08707F5C26158
:109960004FF4966205F58B5019F0FFFCB7F86A21A9
:1099700059490023304687F8143B0AB0BDE8F04748
:1099800019F0C8BA462BDDD1E0E798F80030002B7B
:10999000DFD005EB840404F58054D4F8BC7A002FA2
:1099A000D7D005F58B50414605F038F805F5B05590
:1099B0003A881035074660B103884146284605F0CD
:1099C0005DF80028C5D037B13B790371C4F8C00AEF
:1099D000BFE70346F1E799F80030463B18BF012383
:1099E000F3E7824622460AF8019BAAEB0403402BC8
:1099F000A8BF402303EBD3734FEA6308414602A894
:109A000002F05CFBC0B1504618F01EF9C0B20090E5
:109A1000434602AA05F1680105F5067002F0C6FD8D
:109A200040B141F28831284601F020F92B49C7F8AE
:109A3000180B69E72A4967E72A4965E7B8F1000F7B
:109A400029D129492046F7F719FC074618BB2749B1
:109A50002748DFF8A090DFF89880DFF89CA015F089
:109A6000B5FA05F50774D5F89C3E9F42BFF671AF75
:109A700094F8202062B14946404615F0BAFA2146D2
:109A80004046202202F0FCFA5146404615F0B1FA59
:109A90000137A034E7E719491222204619F0FBFAF2
:109AA00060B9113414F8013F202BFBD00BB11449DD
:109AB0002AE72846FFF740FC124925E733462246AD
:109AC000414605F56A600AB0BDE8F04704F01CB9EC
:109AD0005D5A0208665A0208465A0208775A020876
:109AE0007A5A02088F5A0208A05A0208A85A020895
:109AF0007C340020AD5A0208A9F70208B35A0208C4
:109B0000C65A0208EE5A020837B5044601F09CFC1A
:109B1000D4F8E410002965D0204601F09BF8002815
:109B200060D02046FFF778FA024600286ED12368FD
:109B30002046D3F89C30984723682046D3F89830C5
:109B4000984704F50055D5F8BC1391B1204601F0B3
:109B500081F870B10023C5F8BC3395F8CD3300937C
:109B600095F8CC33D5F8C823D5F8C4132E48FEF7A2
:109B700012FFD5F8C01391B1204601F06BF870B117
:109B80000023C5F8C03394F86131009394F8603134
:109B9000D4F86421D4F838112348FEF7FCFE04F50C
:109BA0008055D5F8181B69B1204601F053F848B12B
:109BB000D4F8CC10002204F5067002F045FD002315
:109BC000C5F8183B15F084FED4E93631D4F8D0201E
:109BD000C4F8D000821A9B1841F10001C4E9363163
:109BE00003B030BDD4F8E0100029AAD0204601F01F
:109BF00031F80028A5D02046FFF70EFA01460028CC
:109C00009AD00022204602F077F995E794F81532B1
:109C10000133DBB204F5D751009304310023204611
:109C2000FFF72AFD83E700BFB82F0020C06C08B5FE
:109C300003685B6998470028D4BF0020012008BD55
:109C40002DE9F04FC0F8402F1A78012ADBB0044606
:109C50000D4661D1BF48C04DFEF70AFFADF8A00028
:109C6000E06C03685B699847ADF8A200206D03685B
:109C70001B6A9847ADF8A4002846FEF7B4FEF7F734
:109C80004DFAEB682A932B69ADF8A6004FF47A726F
:109C9000D4E936012B934FF47A762369B3FBF6F3BC
:109CA0002C930023F7F7D0FA236B2E93636B2F933B
:109CB000A36B3093E36B2D9031932846B4F8583062
:109CC000ADF8C830FEF793FE4FF08141F7F74AF840
:109CD000F7F724FA636EADF8CA00D3F80825D3F875
:109CE0000C35ADF8CE306369B3FBF6F334936B6992
:109CF000ADF8CC20359328AA04F6447436AD13464B
:109D000003CBAB42206061601A4604F10804F6D12F
:109D10003C205BB0BDE8F08F032A2DD100F50E5634
:109D2000343630465F780CF08FFE8A48FEF7A0FE8E
:109D3000F6F7C0FF8949F7F7C9F801210246304616
:109D40000CF038FF95F82010854811F003011CBF76
:109D5000FF43F9B2324600F055FD30460CF077FE75
:109D6000054630460CF075FE2A46014604F644705E
:109D700019F0FBFA281DCCE7052A2BD191F82020F9
:109D800002F00302032A40F050815A789B781A436C
:109D900040F04B8100F507710423D4F89C5EAA4281
:109DA0001846B6DAAD2BB4D891F8200078B103F597
:109DB00074600E68265025188888A880981D54FA6B
:109DC00080F091F8205080F8405F0733DBB2013219
:109DD000A031E2E7062A40F015815D78002D40F0C1
:109DE000248193F806809A78B3F803700492B8F14E
:109DF000200F5A7900F50E5100F5D85328BF4FF0C7
:109E000020081C333431586A30B15AA800EB850061
:109E1000013540F8C83C2DB22C338B42F3D1002AD7
:109E200044D128AE06EB8509B1454FEA850A16D024
:109E30004FEAAA02B2FA82F2C2F11F024FF0000307
:109E4000520049463046FEF7E3FABAF1400F28DDEA
:109E5000304638A9FEF755FA38AEB1451CD108F1A5
:109E6000050A07AB4FF0000B5FFA8AFA03EB08060E
:109E7000D946049B4B4502DDBD4200F3A080A4F807
:109E8000445FA4F8469F5A4607A904F6487019F0A3
:109E90006CFA0BF108003CE73046FEF7BEF80436DA
:109EA000DBE749463046FEF72CFAD8E7012A27D1EE
:109EB00028AE06EB8509B1454FEA850ACFD04FEAB7
:109EC000AA02B2FA82F2C2F11F024FF0000352005E
:109ED00049463046FEF70EFBBAF1400F0BDD304627
:109EE00038A9FEF7F2F938AEB145B8D03046FEF7E2
:109EF000E8F80436F8E749463046FEF7E6F9AEE7FB
:109F0000022A2FD128AE06EB8509B1454FEA850A12
:109F1000A5D04FEAAA02B2FA82F2C2F11F024FF0B4
:109F20000003520049463046FEF753FBBAF1400F9A
:109F30000BDD304638A9FEF7AAF938AEB1458ED010
:109F40003046FEF715F90436F8E749463046FEF785
:109F50009EF984E7A8310020B82F002000007A4441
:109F6000382F0020032A7FF47AAF28AE06EB85094C
:109F7000B1454FEA850A3FF472AF4FEAAA02B2FA3E
:109F800082F2C2F11F024FF00003520049463046F0
:109F9000FEF78FFBBAF1400F0CDD304638A9FEF713
:109FA00058F938AEB1453FF45AAF3046FEF739F9AB
:109FB0000436F7E749463046FEF74BF94FE70BEB1F
:109FC0000A03822B05933FF75AAFE06D28AB026876
:109FD00053F827B012689047DBF824205946831ABB
:109FE0004246A6EB0800039319F0BFF9039B3360C8
:109FF000059B9BF82820327109F10109564401376D
:10A000009B4636E7072A10D100F5CE7300F644755B
:10A01000074A0849009300F1F403284618F07AFF34
:10A020002846F7F735F9043073E6002071E600BFE3
:10A030000C580208015B02082DE9F04F03F6F40307
:10A04000B5B050F823700E46002F3E990491DDE91B
:10A050003F9B0446C0F2F080D0F89C3E9F4280F2C5
:10A06000EB80A0257D4300F5067305F104080593F8
:10A070009844002A5ED14719D9F800A0D7F8A03239
:10A08000534580F0D980ABF104030093524609F1A7
:10A0900004034146FFF7D4FD8146002800F0CC8040
:10A0A000C7F8A0A2E06D03681B689847C7F8A40230
:10A0B0003078FEF787F904F57463E0B1CDE9023931
:10A0C00001230193337900934146049A06F10A0370
:10A0D000204601F0B7FA0146002800F0AD80B388B1
:10A0E0009B090133DBB24FF49672204635B0BDE8D0
:10A0F000F04FFFF7EBBACDE900390121049B42464E
:10A10000204601F0B3FA0146002800F0958097F848
:10A110003D32FF2BE3D04FF4967005F126023E90BE
:10A1200004F5067010440246204635B0BDE8F04FF5
:10A1300001F0F5BB022A7FD1BBF1050F7CD9431991
:10A1400093F83C2202F00302032A75D199F8042007
:10A15000D9F800A09108072A07916DD8D3F8A0225A
:10A160000592524568D8C3F8A0A2C06D0693026854
:10A1700012689047069B0799C3F8A402002309F8C8
:10A180000B3009F1050B19BB5846F7F781F820236E
:10A19000CDE900834A46431D042109A801F0D0FF00
:10A1A000099B0A930AA90422204601F08AFA014673
:10A1B00070B1A02303FB074393F83D32FF2B3ED140
:10A1C000B3889B090133DBB2C8222046FFF77EFA31
:10A1D000059B53453ED100238DF82D300DF12D0008
:10A1E000F7F756F8814638B3E06DFEF7C9FB042354
:10A1F00050458DF82C3009F1050308BF0AF1010024
:10A2000001930AAB0A9000930221049B4246204628
:10A2100001F02CFA014678B1A02303FB074797F819
:10A220003D32FF2B1ED1B3889B090133DBB24FF4C3
:10A2300016722046FFF74AFA35B0BDE8F08FC82005
:10A2400005F12602009004F506700244204601F054
:10A2500066FBBDE70DF12D035A4651462046FFF738
:10A2600023FBBBE74FF4167005F12602009004F5BE
:10A27000067010440246204601F051FBDCE7000066
:10A2800010B5C8B0D0F8CC100E4A684600230CF0C8
:10A29000EEFC68460CF053FE60B10B4C68460CF0C7
:10A2A0004AFD20B168460CF0D7FD011E04DA68466D
:10A2B0000CF0FDFD48B010BDC9B2204614F070FE90
:10A2C000ECE700BFB45802087C340020A0F1C800BD
:10A2D000FFF7D6BF38B50C468D18AC4200D138BD5B
:10A2E0004FF48071002015F086F804F8010BF4E7B4
:10A2F00015F0EEBA37B504460846694601F055FE3A
:10A30000251D04F2045408222946684618F0C3FEAD
:10A3100018B92860686003B030BD0835A542F2D195
:10A32000F9E7F7B50E4604466946304601F03DFEB2
:10A33000251D04F2045708222946684618F0ABFE92
:10A3400098B9337803F00303023B012B07D9D4F803
:10A350000C350133C4F80C35012003B0F0BDD4F83E
:10A3600008350133C4F80835F6E70835AF42E2D1C5
:10A37000D4F804256B4603CB04EBC2025060916015
:10A38000D4F80435A022013393FBF2F102FB113320
:10A39000C4F804350020E0E71FB5114C114B2046EE
:10A3A0004FF4A062002140F8043B18F09EFE002309
:10A3B0000420C4F80435C4F80C35C4F80835FCF79B
:10A3C000B0F8094A0260094A0192094A009203461C
:10A3D000084A094902940948FEF7DAFF04B010BDA3
:10A3E000282A0020985C0208805C0208982F002030
:10A3F00020010020B82F0020A831002008060020EE
:10A40000044A054B13600548E433C2F8C8300CF029
:10A4100014BB00BF08060020145B0208BC29002002
:10A4200070B506229AB04FF4E131354814F038FD8A
:10A430004FF47A7015F050FA324B002201211320AC
:10A440001A7115F0FBF80121132015F061F90221B2
:10A45000C12015F0F3F800F041FA00B9FEE72A4CEC
:10A460002A4805F00BF914F0B7FF204605F02CFA46
:10A47000274B284A2849189418A8199304F04AF938
:10A4800000BB684600F078FA2248244D60226946F5
:10A4900018F06BFF0A2405F1680695F86830013B57
:10A4A000DBB2FD2B09D9684600F066FA60226946E6
:10A4B000304618F05AFF013CEFD1164A164918A849
:10A4C00004F050F916490E4814F066FD2022114997
:10A4D0000B4801F0D5FD0A4814F066FD114B1248F7
:10A4E00000241C7000F02BF907490C48FFF77CF89A
:10A4F0000A4822464FF47A51FFF7B3F91AB070BDFB
:10A500007C340020A8310020D8310020B82F002052
:10A51000BF70020870060020AE580208080600202E
:10A52000645C020864050020382F00202DE9F04308
:10A530003A483B4E394FA9B0F6F7AAFE4FF0000952
:10A540000446304614F024FB68B19F2C0DD0A04681
:10A55000304614F0EFFCC5B20A2D29D1304614F074
:10A5600017FB0028F4D19F2C30D12C4B0D2283F8FF
:10A570009F209F24294D013C2B5D0D2B28D10A21C2
:10A58000274814F00DFD00216B46264829552A4620
:10A59000FFF78AF99DF800303BB12349204814F0B9
:10A5A000FBFC1F48694614F011FD00232B700FE0DF
:10A5B00001342946304607F8085007F8049014F093
:10A5C000EFFC0D2DBDD19F2CD4D1CEE7002CD1D1E5
:10A5D000144C2046FFF798FA15F07AF9134BD3E99B
:10A5E000042599699861411A521845F10005C3E99B
:10A5F000042594F8893173B12046FFF717FB50B951
:10A600000B4B1B684FF47A715943204629B0BDE8C3
:10A61000F04300F01FBB29B0BDE8F08364050020C3
:10A620007C34002008060020725C0208982F00206D
:10A630001C010020004870470000C07F00207047C8
:10A640000020704770474FF0FF3070477047002080
:10A650007047704700207047002070470020704707
:10A660000020704700487047A05C02080020704737
:10A6700000487047A05C020840680368DB68184720
:10A68000B0F9180070477047002070470079704794
:10A69000BFF34F8F0549064BCA6802F4E0621343CB
:10A6A000CB60BFF34F8F00BFFDE700BF00ED00E0C0
:10A6B0000400FA0500207047406808B50368D3F825
:10A6C0008430984710F0140F14BF0120002008BDFB
:10A6D000436893F86C01704710B54FF47A720446E2
:10A6E0000023D0E90401F6F7AFFDA368184410BDBC
:10A6F00070470020704700207047002070470020FE
:10A70000704700207047000000487047AE5C0208A8
:10A710007047F8B507460C468E18B44200D1F8BD14
:10A7200078680368D3F8A43098474FF480710546E1
:10A73000002014F060FE454004F8015BEDE710B521
:10A74000044620300EF05EFA84F8580010BD08B5BB
:10A75000002303710121132014F070FF0121132045
:10A7600014F0D6FFBDE808400221C12014F066BFF6
:10A770000121132014F0CCBF0021132014F0C8BF16
:10A7800008B5F8F7FFFF72B6BDE80840F9F702B860
:10A7900010B54FF4E4710446FBF7C7FE204610BD28
:10A7A0004068002107F034BD10B5044615F090F85C
:10A7B000D4E90431A269A061821A9B1841F1000119
:10A7C000C4E9043110BD10B500220023C0E9042300
:10A7D0008160044615F07CF8A06110BD036810B5D7
:10A7E000DB6B0446984720B92046BDE8104004F0D2
:10A7F0007BBF10BD10B44468134694F86C2110BCA4
:10A8000004F08CBF70B590F8586086B01446E6B17D
:10A810000F4B03930125049305930023CDE90035E5
:10A8200003AA04AB05A920300EF0FAFB039A2946CF
:10A8300020460CF0B1F9049A294620460CF0B3F9F1
:10A84000059A294620460CF0BCF9304606B070BD8A
:10A850000000C07F30B5012185B0044608F02AFE13
:10A8600001220021204608F04AFE7F238DF80F3098
:10A8700000220123CDE9003289210DF10F02D4F825
:10A88000680106F022FAD4F86831186803680521D7
:10A89000DB69984715F01CF80546D4F8683118684C
:10A8A000D96A02681269904720B115F011F8401B6F
:10A8B000322806D9D4F86011204607F07EFD05B095
:10A8C00030BDD4F86831186803685B6D9847E4E7D9
:10A8D00008B54068FFF7BEFF08BD000030B51D4851
:10A8E00087B0002105F0B2FA1B4A1C491C4809F048
:10A8F000B2FD1C4B049310221623CDE90232122123
:10A9000005230024CDE90031174A1849144805945D
:10A91000082306F0EBFC054658B11549154814F01C
:10A920003BFB14480A22294614F0B0FB204607B02E
:10A9300030BD012211460124094809F001FC0094B0
:10A9400041F2210341F60F522146054809F0A8FCC7
:10A95000ECE700BF28320020085F0208685F0208A9
:10A96000E02F00209A99D93F00007A428D67594420
:10A97000C05C02087C34002013B5054B0093694687
:10A98000044B0193044600F03BFC204602B010BD8E
:10A99000E45C0208E02F002073B5204E204B3360AA
:10A9A0004820FBF7BEFD1F4C054606F06DFB29460F
:10A9B000204606F0BFFC1C4B23601C4B1C4A1A604F
:10A9C0000025C3E901461B4C83F82450C3E9035515
:10A9D000194B2360194BA36000220023C4E9042310
:10A9E000656014F075FFA061154C0022002320461D
:10A9F000C4E90223C4E90423C4E90623114B40F847
:10AA0000203B114B4FF001326946CDE900230EF097
:10AA10007FFB84F8585002B070BD00BFA831002001
:10AA2000805E0208E02F0020F05C0208B82F0020B2
:10AA3000085E0208982F00206C5E0208EF934466BF
:10AA4000382F0020E85E0208050400767047704742
:10AA50007047704700487047BF7002080020704779
:10AA6000002070474FF07E507047C82070474FF469
:10AA70007A60704770B50F481646F6F769F8F5F733
:10AA8000C3FC02460B4600200B4915F08FFB0B4B15
:10AA90000022F5F759FB044630460D46F5F792FCC7
:10AAA00002460B4620462946F5F706FDF5F7B4FFAA
:10AAB00070BD00BF9A99593F000024400000F03F4C
:10AAC000002370B50446C0E90C33C0E90E33A0F88A
:10AAD0005830406D03681B689847236820621B6BE1
:10AAE000204698472368A0649B69204698470646FD
:10AAF000A06CF6F7DFF84FF07E5105463046F6F7CA
:10AB000029F801464FF07E50F6F7E0F90146284655
:10AB1000F6F728F9F6F728FB2064606D03681B68D8
:10AB200098476064206D03681B689847206D036830
:10AB3000DB6A984784F82C0070BD2DE9F04104468B
:10AB4000406D03681B689847656C2368451B9B69CB
:10AB50000646204698474FF07E51F5F7FBFF014629
:10AB60004FF07E50F6F7B2F9236807461B6B20467C
:10AB7000984780462846F6F79DF83946F6F7F2F8EA
:10AB8000F6F7F2FA054670B14046F6F793F8394603
:10AB9000F6F7E8F8F6F7E8FA236C66641D44A84275
:10ABA00094BF20642564BDE8F081F8B51E46137893
:10ABB0000B7017469A090D4601D00020F8BD03F02E
:10ABC00003020923D34013F0010319BFB7F8013082
:10ABD000EB800B81CB801BBFB7F803302B810121A9
:10ABE00005217C5CAC80A209032AE6D004F03F0476
:10ABF00002FB0444E2B2402ADFD801315418B442C7
:10AC0000DBDC394405F10A0018F0AFFB321B92B2CD
:10AC1000B82A6A80D1D8391905F14A0018F0A5FB85
:10AC20000120CBE710B50446C06C03681B68984749
:10AC300030B9B4F8583043F00103A4F8583010BDCF
:10AC400000238380438080F80231F8E7C06C0368FA
:10AC50005B681847406D036810B51B680C46984741
:10AC6000001B0028D4BF0020012010BD406D0368E8
:10AC700010B51B680C469847204410BD03682DE9A9
:10AC8000F0411B6805460E469847044630B9E86C0B
:10AC9000036831465B68BDE8F0411847012812D0CF
:10ACA000EF6C3B6820F07F412846D3F80880FFF71F
:10ACB000DDFF220E013A034631463846C446D2B281
:10ACC000BDE8F0416047BDE8F0812DE9F041044660
:10ACD000006D0368C2B05B68FF2202A99847061E98
:10ACE00072DD2368206D5F6803689B6B984705469B
:10ACF000206D03685B6B98472946024602AB2046ED
:10AD00000096B847E06C03681B6898470546002822
:10AD10005AD00146334602AA2046FFF746FF0028D4
:10AD20004DD0206D03689B6B98474FF08141F6F73B
:10AD300019F8F6F7F3F985F80201276D3B683846F4
:10AD4000D3F80C809B6B9847324601463846C04783
:10AD50000746206D036831469B6898476369034442
:10AD60006361236806462846D3F8088001F007F996
:10AD70003B46024629462046C0472B789B0726D4EF
:10AD8000A36B0133A36323683946DB69324620464F
:10AD90009847312801461DDDE66CB0F5FA4F33685F
:10ADA000A8BF4FF4FA4120465F6AFFF75FFF2946CC
:10ADB00002463B46304642B0BDE8F0411847E06CE1
:10ADC000036829465B68984742B0BDE8F081E36BB1
:10ADD0000133E3632946204642B0BDE8F041FFF766
:10ADE0004DBFF0B5C56C04462B68406D1E69036805
:10ADF000C1B01B68984701462846B04760B320465B
:10AE0000FFF79BFE206D0368FF219B689847236C2A
:10AE1000B3EB500F4FEA500520D2236820469B69C0
:10AE200098470646206C281AF5F744FF4FF07E51EC
:10AE300005463046F5F78EFE01464FF07E50F6F798
:10AE400045F801462846F6F741F8F6F78DF9014630
:10AE50002046FFF70BFFA06141B0F0BDA16920467D
:10AE6000FFF7F8FE0028F7D0206D03681B6B9847AA
:10AE7000C0B1E36923B9606D03681B689847E0615E
:10AE8000606D03681B689847E369C51A236820460C
:10AE90005B6A9847854240D9B4F8583043F00203C2
:10AEA000A4F85830E56C606D0023E3612B68DE6820
:10AEB00003681B68984701462846B0476060002831
:10AEC000CAD003788DF80030092203F0030322FA78
:10AED00003F3DB0741BFC388ADF801300389ADF848
:10AEE000033054BF0123052382880DF803205D1C25
:10AEF000027900F10A010DEB050001F02BF86668FC
:10AF0000728805445319FF2B0CDDE06C0368314651
:10AF10005B689847002363609EE7236820461B6AAE
:10AF2000984794E706F14A010DEB050018F01DFA69
:10AF3000206D768803682E4431469B689847054605
:10AF4000606D03681B689847E060206D03683246B7
:10AF50001B6969469847064678B96568236828469C
:10AF60001F6901F00CF8294602462046B84761687F
:10AF70002046FFF76BFE66606EE705EB4505690846
:10AF80002046FFF773FEA06066E7F8B5416A044605
:10AF9000FFF760FE78B1256D2B685E6A2368204656
:10AFA0009B6A984701462846B0474FF4FA6120460D
:10AFB000FFF75CFE6062206D0368DB699847206DD7
:10AFC0000368DB6A984794F82C30834217D084F8E2
:10AFD0002C00B0B9606D03681B6898472062606DF3
:10AFE00003681B689847236AC01AB0F5FA5F82BFEE
:10AFF000B4F8583043F00403A4F8583001E0002BB3
:10B00000EDD06368002B64D0206D03685B699847BE
:10B01000002800F09880606D03681B689847E56819
:10B020002369471B3B44236106462046FFF785FD05
:10B03000236C9F427CD900232364236820469B69AC
:10B0400098470646206CC0F16400F5F733FE4FF0D8
:10B050007E5105463046F5F77DFD01464FF07E50A6
:10B06000F5F734FF01462846F5F730FFF6F77CF890
:10B0700001462046FFF7FAFDA061206D03689B6939
:10B08000984761688A884888930902F03F0203FB69
:10B090000222D2B223680232DB680244204698477B
:10B0A00061680B789B0755BF236B636B01330133DA
:10B0B00054BF236363632046FFF7C8FD002363602A
:10B0C00023682046DB6A984701462046FFF7CEFDFD
:10B0D000A06223682046DB6A9847002811DDA16A38
:10B0E0002046FFF7B7FD60B1206D03689B6A984763
:10B0F00023682046DB6A984701462046FFF7B6FDE5
:10B10000A062E56C606D2B689E6A03681B689847B7
:10B1100001462846B047014610B12046FFF7AEFD74
:10B120002046FFF7D2FD2046BDE8F840FFF759BEA4
:10B130001D44AD1B632D25647FF67FAF606D0368F2
:10B140001B68984798E7A1682046FFF783FDA0B1E8
:10B15000206D03689B69984761688A8848889309CD
:10B1600002F03F0203FB0222D2B223680232024401
:10B170001B692046984761689DE7F8BD2DE9F047B7
:10B18000064608790C461746984600F0D3FEF56C43
:10B1900088B16388B82B0ED82B6841463046D3F867
:10B1A0000890FFF763FD3A46034621462846CC4601
:10B1B000BDE8F04760472B68214628465B68BDE83C
:10B1C000F04718470368DB69184710B5202204468A
:10B1D000002117F08AFF204610BD10B4044608462F
:10B1E000214610BC0AF0DCBA10B50446FFF7EDFFAB
:10B1F0004022002104F1200017F077FF204610BD07
:10B2000030B50D4689B00446FFF7DFFF2B6869466D
:10B210001B6828462022984720466A4604F12001F0
:10B220000EF098F8204609B030BD0000F0B5B1B07E
:10B230000146044668460EF0AAF89DF80030013B2E
:10B24000DBB2FD2B30D81B4B20AA03F1400716467A
:10B2500018685968154603C50833BB422A46F7D11A
:10B26000154B08AA03F1200C1746186859681546B3
:10B2700003C5083363452A46F7D12246394610A84C
:10B280000DF09EFF3246694618A80DF099FF202266
:10B2900018A910A817F0FFFE30B910AB13F8012B56
:10B2A0002AB901302028F9D1002031B0F0BD0120A9
:10B2B000FBE700BFB85F0208F95F020838B50C462B
:10B2C0000546014620222046FFF77CFF20280AD1B0
:10B2D000402205F120012046FFF774FFA0F1400352
:10B2E0005842584138BD0020FCE738B50B680C4681
:10B2F0005B680146054620222046984720280BD14E
:10B30000236840225B6805F1200120469847A0F1A0
:10B3100040035842584138BD0020FCE73F2A70B531
:10B320001ED95F2A00F1200300F1600407D853F80A
:10B33000042B41F8042BA342F9D1402070BD1A46DA
:10B340000D4652F8046B45F8046BA242F9D1403126
:10B3500050F8042B41F8042B9842F9D16020EDE716
:10B360000020EBE7602A30B40B4613D10A4603F104
:10B37000400400F1200152F8045B41F8045BA24252
:10B38000F9D1603352F8041B40F8041B9A42F9D1FA
:10B3900030BC7047402AFBD100F120010A4603F17E
:10B3A000400453F8045B42F8045BA342F9D130BC7B
:10B3B0000DF0EDBF13B50446084611461A4604F1D8
:10B3C0002003009323460EF0F1FD02B010BD0B46A2
:10B3D000114600F1200218460DF0F2BE0020704721
:10B3E00070477047002070477047704770470020D3
:10B3F00070470020704700207047002070470020F1
:10B40000704770B5046D2368054608469E6800F0D5
:10B41000B6FD01462046B047052204460021286EAD
:10B4200000F002FE34235C436423B4FBF3F4604376
:10B4300070BD08B504220121006E00F0F5FD7823EF
:10B44000584308BDFFF73CBBFFF79FBDF8B58B889D
:10B4500003F03F04013CE4B223F03F031C438C8023
:10B46000A40901340D46E4B201F10A060027AB88B5
:10B4700003F03F0313FB04F3BB4200DCF8BD30468E
:10B48000264422463146274417F06FFFEFE7F8B510
:10B490000A788B88920706460C4601D50020F8BD35
:10B4A00003F03F079B090133DBB207FB0333402B5B
:10B4B00007F10105F2DC03689B6B98470028EDD08B
:10B4C000A28892090132D2B207FB024006F168015C
:10B4D0000A3017F04AFFA38823F03F031D43336867
:10B4E000A580DB6B214630469847A38803F03F03D5
:10B4F000013340EA0360D2E72DE9F043202B93B0FB
:10B5000080460E4617461D4603D8FFF78BFB0446C0
:10B5100020B90024204613B0BDE8F0830346102272
:10B5200003F84A2B06F12009324652F8041B43F86F
:10B53000041B4A45F9D1D8F85C0003681B6898479A
:10B540002A46C4F86A008046394604F1AE0017F076
:10B550000CFF05F1640363800DF1040C3346186899
:10B560005968624603C208334B459446F7D12A46D0
:10B5700039460AA8CDF8248017F0F7FE05F1240318
:10B5800001AA04F16E013046FFF714FFC2E72DE96E
:10B59000F04FAFB099469DF8E0A0DDF8EC804FEA9F
:10B5A0009A130AF03F0403FB044408F10503234403
:10B5B000A62B06468B46174604D9002528462FB0F1
:10B5C000BDE8F08FFFF72EFB05460028F5D02023BD
:10B5D00003709BF8003080F84A3096F8683080F8A5
:10B5E0004B30494622460DF101008DF800A004F1D0
:10B5F000020917F0BAFE04F1B9030DEB09006B4420
:10B60000B8F1000F12D09DF8E42003F8B82C3A9955
:10B61000424617F0AAFE08EB09036A4605F14C0101
:10B62000384600F006FE02306880C7E7FF2203F8C4
:10B63000B82C336E1A680146166818460422B047C3
:10B64000A31DEAE77FB509788DF814100B990391D3
:10B650000A9902919DF8241001919DF82010009103
:10B6600005A9FFF794FF07B05DF804FB2DE9F84347
:10B670000229DDF8249007460D4690461E4603D861
:10B6800009F11103B82B03D900242046BDE8F88343
:10B69000FFF7C8FA04460028F6D0AD00057098F808
:10B6A000003080F84A3097F8683080F84B3000F16D
:10B6B0004C01089A4B46304600F0BBFD02306080DA
:10B6C000E3E770B50E461546FFF7ACFA044638B10D
:10B6D0000C2300F84A3B2A46314617F046FE6580A7
:10B6E000204670BDF8B50F4616461D46FFF79AFA7C
:10B6F000044668B12D01282345F00305037080F846
:10B700004A50324639464B30013617F02EFE6680DD
:10B710002046F8BD2DE9F0470B78FF2B05460C4677
:10B7200090464AD003685B6C984704F14A09064684
:10B7300004F10A0AE6B9A27849462846FFF7C1FF94
:10B740000746002839D0227904F10A010A3000F0B6
:10B7500010FC3B78B88023F0030343F002033B70F6
:10B760003246434639462846BDE8F047FFF706BD56
:10B770002B6821461B6C2846984700F59670A278E6
:10B780008044334649462846FFF7ACFF074688B158
:10B79000227951460A3000F0ECFB3B78B88023F068
:10B7A000030343F002033B70002243463946284618
:10B7B000FFF7E4FC013EF6B2BCE7BDE8F08770B5E8
:10B7C00091F84A6006F00F03032BC2B005460C4601
:10B7D0002FD14B88042B2CD901A800F0A6FB23788D
:10B7E00022798DF8043004F10A010DF10E0000F009
:10B7F000C0FB6288ADF80800013A92B204F14B0137
:10B800000DF14E00ADF8062017F0AFFD686E03682D
:10B8100001A91B68984760B901A92846FFF716FEE1
:10B8200036094FF4967206FB022201A92846FFF75B
:10B8300071FF002042B070BDB82A70B50E461546A3
:10B8400003D8FFF7EFF9044610B90024204670BD75
:10B850002C2300F84A3B2A46314617F086FD6580C6
:10B86000F4E72DE9F0410D781746C5F38302092A64
:10B8700006460C4620D0013BDAB2022A1CD825F03D
:10B88000030545F001050D70406E9B018B80036838
:10B890001B6898472378C3F38303082B0AD0042B33
:10B8A00014BF012203223B4621463046BDE8F04149
:10B8B000FFF764BC0222F6E7BDE8F0812DE9F04114
:10B8C0001F460B789DF818500646C3F383000928DD
:10B8D0000C4622D0013DE8B202281ED823F0030313
:10B8E0000B701388706ECB8053880B810368AD0199
:10B8F0001B688D8098472278C2F38302082A0AD0F9
:10B90000042A14BF012203223B4621463046BDE8EB
:10B91000F041FFF733BC0222F6E7BDE8F0812DE9E4
:10B92000F0410C46069F257825F0030545F00205F9
:10B930002570C5F38305092D06461146984618D192
:10B9400060884A301A46204417F00FFD638843444C
:10B9500063800023A3800525706E036821461B6861
:10B9600098473B462A4621463046BDE8F041FFF75E
:10B9700005BC1A4604F10A0000F0FBFA2578A08005
:10B98000C5F38305A5F108035D425D41E4E70000CE
:10B990002DE9F04F0A7802F00303023B012BF1B0CE
:10B9A00005460C4665D8C2F38303092B8E8854D113
:10B9B0003F2E1AD891F852E04F88D1F84A20D1F89A
:10B9C0004E300EF0030C093F06FA0CF6FFB21FFAD8
:10B9D00086F847450BD80A3405680397CDE900E49B
:10B9E00001F1530602966C6DA047002032E05336F9
:10B9F000012200F1680102FA0CF2A01917F04BFBCA
:10BA00000028F2D12B6821469B6B284698470028D6
:10BA1000EBD0686E036821461B6898470028E4D184
:10BA200094F90201F5F74AF94FF07A51F5F79AF9CE
:10BA30004FF08141F5F796F9F5F770FBA3885A1C92
:10BA40002344A28098722B6821461B6C2846984795
:10BA500040F0C06071B0BDE8F08F0B2B06F03F06E0
:10BA60003CD191F94A30002B32DB002E42D19307B2
:10BA700006D42B6821465B6B284698470028B4D132
:10BA80002378C3F383020F2AAFD801A151F822F023
:10BA9000B7BB0008B7BB0008B7BB000881BB0008F4
:10BAA000B5BD00083BBD00083BBD0008C1BC000897
:10BAB000B7BB0008EBB9000887BE0008EBB9000867
:10BAC000EBB90008EBB90008EBB9000861BE00084B
:10BAD000002E8AD103689B6E984786E7002EC6D059
:10BAE000032B07D14B88032B04D90368D1F84A20D4
:10BAF0009B6F9847A28892090132D2B205F1680182
:10BB000004F10A0017F0C7FA00287FF46EAF2B6823
:10BB100021469B6B2846984700283FF466AF237860
:10BB2000C3F383030A2B06D12146284671B0BDE832
:10BB3000F04FFFF744BE686E0268032B126821467F
:10BB40000ED19047064600287FF44FAF2146284685
:10BB5000FFF77CFC324621462846FFF7DBFD44E731
:10BB6000904700287FF441AF21462846FFF76EFC3E
:10BB70002B6821461B6C2846984740F0807069E787
:10BB80006388D4F84A60032B7FF62FAF686E036892
:10BB900021461B68984700287FF427AF2B68324660
:10BBA0009B6F2146284698472146284671B0BDE83C
:10BBB000F04FFFF76CBC94F84B308DF81830638869
:10BBC00094F84A60042B7FF610AF686E0368214634
:10BBD0001B689847814600287FF407AF95F86830C6
:10BBE000B3425CD12B6806A99B6C2846984704F1A8
:10BBF0004C0806460EAF0DF1BC0AB1454FDA2B6872
:10BC00004A46DB6C39462846984763884246023BE1
:10BC10005146384600F031FB031E4EDD227829687C
:10BC2000C2F38302082A3FD19AF800804FEA9812A3
:10BC300008F03F0602FB0666B21C9B1A56445244AB
:10BC4000DBB203920493737803F00F03CDE9018311
:10BC50000DF1BD060096D1F858A03B464A46214654
:10BC60002846D047C8B1237813F0020315D1CDE997
:10BC7000023301932379009306A904F10A033A469B
:10BC80002846FFF784FC014638B14FF4FA7300935D
:10BC9000324643462846FFF742FEFF2323702146E3
:10BCA0002846FFF7F4FBD5E6CDE901A300970E6D1A
:10BCB0004B4621462846B047EFE709F101099CE7CA
:10BCC000638894F84A60232B7FF68FAE686E036812
:10BCD00021461B68984700287FF487AE95F86830A6
:10BCE000B3427FF461AF04F14B0606AA04F16B077F
:10BCF00030687168134603C30836BE421A46F7D14E
:10BD000006AA0EA905F16800FFF761FB63882FAF53
:10BD1000213B324639460EA800F0AFFA00287FF7E3
:10BD200043AF2B68CDE900700EAA1E6E214606AB0C
:10BD30002846B047FF23237036E794F84A308DF841
:10BD400018306388032B7FF650AE686E0368214677
:10BD50001B689847064600287FF447AE2B680EAA5A
:10BD60001F6F06A904232846B84704F14B0A8046F2
:10BD70000DF139090DF1BC0B464590DA6388484650
:10BD8000013B5246594600F078FA002809F1210992
:10BD90000EDD2B682278CDE900B006EB46165F6F0A
:10BDA0000EAB3344C2F3830221462846B84776E7F8
:10BDB0000136E1E70EA8FFF708FA0EAE04F14A03D8
:10BDC00004F16A0718685968324603C20833BB4257
:10BDD0001646F7D16388D4F86A90632B7FF605AED8
:10BDE00020220EA905F1680017F055F900283FF44C
:10BDF000FCAD686E036821461B68984700287FF4F5
:10BE0000F4AD0EAF0FCF2FAE0FC6B4F8028097E897
:10BE10000F00A8F16408B8F1200FA8BF4FF0200868
:10BE200004F1AE0A86E80F004246514638A8CDF824
:10BE3000DC9017F09AFA08F124032FAA04F16E019E
:10BE40000EA8FFF7CAF900283FF4CFAD2B68CDE963
:10BE500000A80EAADE6D21464B462846B0471EE7D5
:10BE600003F00303023B012B3FF6BFAD686E03688E
:10BE700021461B68984700287FF4B7AD2B68214600
:10BE8000DB6E284628E66288022A7FF6AEAD94F87B
:10BE90004A3003F00F03032B7FF4A7AD042A7FF68B
:10BEA000A4AD2FA800F041F8237822798DF8BC309A
:10BEB00004F10A010DF1C60000F05BF86288ADF8EC
:10BEC000C000013A92B204F14B010DF58370ADF858
:10BED000BE2017F04AFA686E03682FA91B689847BE
:10BEE00000287FF482AD2B68DDF806219B6F2FA917
:10BEF0002846984779E500BF2DE9F0410D7825F0F7
:10BF0000030545F002050D700646406E03680025E6
:10BF100017460C468D801B6898473B462A462146AB
:10BF20003046BDE8F041FFF729B900220270828057
:10BF30004280704700F03F038009032800F10102AE
:10BF400006D013FB02F04028CCBF00200120704730
:10BF50000020704710B5930902F03F0403FB04442E
:10BF6000402C04DC224617F000FA204610BD0024C5
:10BF7000FBE710B51446FFF7EDFF204610BD8388A0
:10BF80009A0903F03F0302FB033342880078DBB2D7
:10BF9000023310F00300134405D0C21E504250413A
:10BFA0008000184470470420FBE730B50446A1B078
:10BFB00002A80D4609F0D0FC23780122C3F38303C5
:10BFC0000DF1070102A88DF8073009F0ADFD9DF8CD
:10BFD0000730092B04D10222211D02A809F0A4FD7B
:10BFE000628804F14A0102A809F09EFD08220DEBC7
:10BFF0000200294609F0CAFD02A809F093FC21B00D
:10C0000030BDA0F14103052B02D83738C0B27047CC
:10C01000A0F16103052B01D85738F7E73038C0B2DB
:10C020000A2828BF0020704737B503681446042249
:10C030000D461B680DEB020198470198621BB0FB8F
:10C04000F2F302FB1300284403B030BDF0B50B4DF2
:10C0500003468E18B14203F1020303D1002300F816
:10C060001230F0BD11F8014B270904F00F04EF5D09
:10C070002C5D03F8027C03F8014CEBE7A06002089A
:10C080002DE9F041DFF8308005460C468F18BC42A0
:10C0900001D1BDE8F08114F8016B330906F00F06F9
:10C0A00018F80310284612F07BFF18F806102846EF
:10C0B00012F076FFEBE700BFA0600208F8B5064675
:10C0C00010460D461446F5F7E3F8B0EB450F17D1CF
:10C0D000224631468B1BAB4202F1020201DB0120FA
:10C0E000F8BD12F8020C12F8017CFFF78AFF044633
:10C0F0003846FFF786FF40EA041001F8010BE9E734
:10C100000020EDE7F0B504460020074625780DB184
:10C11000904208DB214614F8012B1AB19A42F9D15A
:10C1200000230B70F0BD41F8204025462E782C46A8
:10C1300001351EB19E42F9D127702C460130E5E74A
:10C14000F0B59FB01F461646044668460D4609F0F6
:10C1500003FC3A463146684609F0E6FCDDE9241264
:10C16000684609F0E1FC2A462146684609F00EFDC2
:10C17000684609F0D7FB1FB0F0BD2DE9F041B0B023
:10C18000064601A815460C461F4608F0AFFD31468D
:10C19000102201A808F05AFD2E46A6EB0508B84566
:10C1A00006DB01A808F038FD404630B0BDE8F0815C
:10C1B0003246214601A808F089FF10341036ECE71A
:10C1C0002DE9F043B5B0064605A81C460F461546B6
:10C1D00008F08CFD3146102205A808F037FD07EB6A
:10C1E00004092E190F2CA9EB0405A6EB040819DC91
:10C1F000002C0FDD1022002101A816F076FF224648
:10C20000414601A817F0B1F8294601AA05A808F08F
:10C2100049FE103505A808F0FFFCED1B284635B097
:10C22000BDE8F0834246294605A808F03BFE103CD5
:10C23000D8E7F0B58F1CA1B00E4639460546FFF78A
:10C24000BFFF044602A809F087FB294602A8202266
:10C2500009F0E9FC2246394602A809F065FC0223F0
:10C26000009320223346294602A809F0F4FC02A8D4
:10C2700009F058FBA01C21B0F0BD2DE9F043022BC2
:10C28000A3B005460F4616461C4603DC002023B02B
:10C29000BDE8F08304A809F05FFB06F10208202244
:10C2A000294604A8023C09F0BEFC4FF002092246D0
:10C2B000414604A809F038FC2022294603AB04A813
:10C2C000CDF8009009F0C7FC04A809F02BFB4A4602
:10C2D000314603A816F0DFFE0028D7D12346424698
:10C2E00039462846FFF749FFD1E703780B704278BB
:10C2F00062B343F010030B708368C1F80130C36868
:10C30000C1F805300923028A32B10A7842F02002CE
:10C310000A70028ACA520233428A32B10A7842F063
:10C3200040020A70428ACA520233426862B11278ED
:10C3300052B10A7862F07F020A704268013A12F83C
:10C34000010F08B1202B03D1D8B270470123DAE7DF
:10C35000C8540133F3E738B50023837004460878E6
:10C36000E362C4E909336370C30641BFD1F8013009
:10C370006362D1F80530A3624CBF0923012385060F
:10C3800042BFCD5AA5850233450642BFCD5AE58549
:10C3900002339A4220700DDB000609D5D51A07D06A
:10C3A0002A461944A01C16F0E0FF6219002393707E
:10C3B00001236370204638BD01480AF031BB00BF3D
:10C3C000B03100202DE9F04307460024ADF5037D90
:10C3D00008463960C7F8844C3E4990460AF051FC43
:10C3E00000284DD03AA83B4A396823460AF03FFC62
:10C3F0003AA80AF0A4FD002842D04FF0A00912A8E4
:10C40000FEF7E3FEA022002112A816F06EFE202205
:10C4100002A93AA80AF011FD202804462DD10122D4
:10C420001AA93AA80AF009FD0128054625D10422D7
:10C4300035A93AA80AF001FD04281ED1022201A95B
:10C440003AA80AF0FAFC022817D12A460DF1690130
:10C450003AA80AF0F2FC01280FD140220DF16A013E
:10C460003AA80AF0EAFC402807D122460DF1AA01B9
:10C470003AA80AF0E2FC202806D03AA80AF017FDF4
:10C480000DF5037DBDE8F08302AD0FCD0AAC0FC4FE
:10C4900095E80F0084E80F000AAE0FCE12AD0FC56D
:10C4A00094E80F0085E80F00404602AA0DF1AA01AA
:10C4B000FEF78DFFD7F8840C1328DEDC431C09FB44
:10C4C0000070C7F8843CA02212A9043016F04DFF7A
:10C4D00095E700BFB16002082DE9F843D0F8849CCD
:10C4E0000E461746041D0025A94504DC4FF0000840
:10C4F0004046BDE8F88321463A46304616F0CBFD6B
:10C50000A046A0340028F3D00135EDE72DE9F74F20
:10C51000D0F8848C05460C46914600F6E436071D9B
:10C520004FF0000A4FF0FF3BD04525DCB8F1140F67
:10C5300007D008F10103C5F8843CA02303FB08558C
:10C540002E1DA0220021304616F0CFFD234686F88E
:10C550002090344603F1200518685968224603C22A
:10C560000833AB421446F7D1FF2386F82130334617
:10C57000184603B0BDE8F08F2022394620460197C7
:10C5800016F089FD3B460028F2D097F8203003F0E2
:10C590000303032B05D0D7F888305B453CBF3E46EC
:10C5A0009B460AF1010AA037BEE700002DE9F041E1
:10C5B00088B015469DF8388018F0030F04460F46E2
:10C5C0001A461FD12946FFF787FFE8B1D4F8845CEB
:10C5D0001C4A6B1EC4F8843C231DC31A58115043D7
:10C5E0002A1AA0214A43A03A03F1A4010433854248
:10C5F000D8BF00222144E01816F05DFD012008B0EC
:10C60000BDE8F0811F2B01DC0020F8E76A462B46CD
:10C6100005F1200E944618685968164603C608337B
:10C6200073453246F7D1614600222046FFF76EFF80
:10C630002A4680F8208000F162013846FEF7C7FEE6
:10C64000DCE700BFCDCCCCCC2DE9F0430C46CBB021
:10C65000016006463149204617460AF01EFB02A833
:10C660002E4A012321460AF002FB02A80AF067FCC9
:10C67000E0B10025ADF8045006F16604D6F8843C1C
:10C68000AB4210DD14F8423C13B90135A034F5E794
:10C69000A4F162086FB94146202202A80AF011FBFA
:10C6A000202880460AD002A80AF001FC4BB0BDE861
:10C6B000F0834046B8470028EDD1E6E70122A4F117
:10C6C000420102A80AF0FDFA01288146EBD10422BA
:10C6D00004F12A0102A80AF0F4FA0428E3D10222A4
:10C6E00001A902A80AF0EDFA0228DCD14A46A4F119
:10C6F000410102A80AF0E5FA0128D4D14022A4F1B0
:10C70000400102A80AF0DDFA4028CCD14246214679
:10C7100002A80AF0D6FA2028B7D0C4E7B160020810
:10C7200010B5421E0A24002012F8013F303BD9B256
:10C73000092900D910BD04FB0030F5E710B5044607
:10C74000F4F7A6FD00212318A34203D913F8012C06
:10C75000202A00D010BD03F8011DF5E770B5CAB05E
:10C760000446002302A80AF082FA02A80AF0E7FBB6
:10C77000002800F000826168042202A80AF05DFB34
:10C7800061682022043102A80AF057FB042269469E
:10C7900002A80AF052FB6168082228310DEB020062
:10C7A0000AF04BFB6168082230310DEB02000AF001
:10C7B00044FB61681022383102A80AF03EFB616830
:10C7C0000422483102A80AF038FB616801224C318A
:10C7D00002A80AF032FB616801224D3102A80AF07A
:10C7E0002CFB616801224E3102A80AF026FB0122CF
:10C7F000694602A80AF021FB61680422503102A8B0
:10C800000AF01BFB61680422543102A80AF015FBF0
:10C8100061681022583102A80AF00FFB61680422F7
:10C82000683102A80AF009FB0422694602A80AF04E
:10C8300004FB61680122703102A80AF0FEFA616807
:10C840000122713102A80AF0F8FA616801227231FE
:10C8500002A80AF0F2FA61680122733102A80AF014
:10C86000ECFA61680422743102A80AF0E6FA616801
:10C8700001227C3102A80AF0E0FA6168012201F28B
:10C88000251102A80AF0D9FA6168012201F5937115
:10C8900002A80AF0D2FA0122694602A80AF0CDFAEB
:10C8A00061680122783102A80AF0C7FA61680122A2
:10C8B0004F3102A80AF0C1FA616801227B3102A857
:10C8C0000AF0BBFA616801227D3102A80AF0B5FACC
:10C8D000616802227E3102A80AF0AFFA6168012283
:10C8E000803102A80AF0A9FA61680422843102A802
:10C8F0000AF0A3FA61680122883102A80AF09DFAC1
:10C9000061681022893102A80AF097FA6168012251
:10C91000993102A80AF091FA0322694602A80AF0A6
:10C920008CFA616801229A3102A80AF086FA6168DD
:10C9300004229C3102A80AF080FA61680122A03129
:10C9400002A80AF07AFA61680422A43102A80AF067
:10C9500074FA61680422A83102A80AF06EFA6168CC
:10C960007822AC3102A80AF068FA6168012201F568
:10C97000927102A80AF061FA61680122793102A875
:10C980000AF05BFA616801227A3102A80AF055FACE
:10C9900065682E6D00213046F4F782FB002840F0D8
:10C9A000EC807D493046F4F799FB00B17A4E2E6554
:10C9B0006E6D00213046F4F773FB002840F0DF80F5
:10C9C0004FF080413046F4F789FB08B14FF08046C4
:10C9D0006E65AE6E00213046F4F762FB002840F031
:10C9E000D0804FF080413046F4F778FB08B14FF02B
:10C9F0008046AE662E6800213046F4F751FB0028D1
:10CA000040F0C18065493046F4F768FB00B1634EE1
:10CA10002E60AE6C62493046F4F742FB002840F0CD
:10CA2000B48060493046F4F759FB00B15D4EAE6406
:10CA30006E6F5D493046F4F733FB002840F0A78065
:10CA40005A493046F4F74AFB00B1584E95F8703019
:10CA50006E670C2B28BF0C23052B38BF052385F8E8
:10CA60007030626892F87130082B28BF0823052BBC
:10CA700038BF052382F87130626892F94C301E2B62
:10CA8000A8BF1E236FF008018B42B8BF0B4682F887
:10CA90004C30626892F87330012B28BF012382F872
:10CAA00073306668D6F8A85000212846F4F7F8FAE3
:10CAB00000286ED13E492846F4F710FB00B13C4DEA
:10CAC00096F82531C6F8A850022B28BF022386F815
:10CAD0002531626892F87D30012B28BF012382F84E
:10CAE0007D306368B3F87E2042F210718A4228BF1D
:10CAF0000A46A3F87E2093F88020012A28BF01224D
:10CB000083F880206268D2F88430B3F5E13F28BF13
:10CB10004FF4E133B3F5165F38BF4FF41653C2F844
:10CB2000843092F888300E2B28BF0E2382F888308C
:10CB3000626892F89930012B28BF012382F899305E
:10CB4000626892F89A30012B28BF012382F89A304C
:10CB5000626892F8A030022B28BF022382F8A0302E
:10CB6000626892F82431012B28BF012382F8243116
:10CB700002A80AF09CF94AB070BD002617E700260B
:10CB800026E7002635E7002642E7054E4FE7064E2A
:10CB90005CE7002594E700BF0000A04100001041C1
:10CBA0000000164300401C459A99F9400000FA43E2
:10CBB00000002041426892F84E305B003B2BDCBF06
:10CBC000002382F84E30806803681B681847000015
:10CBD0002DE9F0431446426892F8A03087B0151D45
:10CBE00063B98DF804108DF805300295214601A82F
:10CBF0000593FFF77AFB07B0BDE8F083012B1FD147
:10CC00000269D2E90289D2E904678DF804108DF82F
:10CC1000053040460EA3D3E9002349460295F3F7B9
:10CC20004BFCF3F7F9FE0AA3D3E90023039039463E
:10CC30003046F3F741FCF3F7EFFE00230490D5E70D
:10CC4000D2E90A89D2E90C6701238DF80410DEE7E6
:10CC50000000000080842E412DE9F047171DA8B088
:10CC6000044689461646A4490A2238461D4616F04F
:10CC700012FA00284AD106F10E0014F0E2FFF3F791
:10CC800013FF4FF07E510646F4F70AFA20B99B498C
:10CC90003046F4F723FA30B19949284628B0BDE868
:10CCA000F04716F05ABB314694486768F4F70EF91E
:10CCB0004FF07E51F3F74CFF38602046FFF77AFFC4
:10CCC00063684FF07E511868F3F744FF01468B48C4
:10CCD000F4F7FCF80646F4F721FA0446F3F7EEFF02
:10CCE00001463046F3F734FF8649F4F73BF84FF03E
:10CCF0007C51F3F72FFFF4F711FA834903462246DC
:10CD0000284628B0BDE8F04716F004B97F49032251
:10CD1000384616F0C0F950B9F01D14F092FFF3F741
:10CD2000C3FE666830602046FFF744FFD3E27849CF
:10CD30000B22384616F0AFF938B906F10F0014F09F
:10CD400083FF636883F87B00EDE77249132238465E
:10CD500016F0A1F9C0B906F1170014F075FF00280C
:10CD60006368B8BF0330801083F87C002046FFF76B
:10CD700021FF6368684993F87C209200284628B018
:10CD8000BDE8F04716F0C6B864490B22384616F0E5
:10CD900082F938B906F10F0014F056FF636883F882
:10CDA0007300C0E75E491022384616F074F960B986
:10CDB0005C49022206F1140016F06DF96368B0FABE
:10CDC00080F0400983F87200ADE7574916223846D3
:10CDD00016F061F990B906F11A00FFF7A1FC431EA5
:10CDE000012B01D9A82801DD504956E7636883F873
:10CDF0004F00A0680368DB69984794E74C4910220C
:10CE0000384616F048F9A8B906F11400FFF788FC77
:10CE1000431E3A2B01D9F02802DD46493C22ADE7FA
:10CE2000636800EBD070401083F84E00A068036880
:10CE30009B69E1E740490F22384616F02CF938B9D2
:10CE40006068102206F11301583002F005FA6AE713
:10CE50003A490822384616F01EF938BB06F10C0292
:10CE600040216846FFF72AF9F0B16846FEF7DEF97F
:10CE7000D0B110A8FEF7B8F940220DEB02006946C8
:10CE8000FEF770FAA068036810A99B6C98472C49BC
:10CE9000284616F062FA202210A905F12100FFF7BA
:10CEA000D5F828B0BDE8F0872649F6E626490522E0
:10CEB000384616F0F0F800284CD1244906F1080253
:10CEC00012F8013F2BB96068202206F109010430F5
:10CED000BBE73A2B09D8292BF2D92A3BDBB221FA3E
:10CEE00003F3DB07ECD51A49D7E63F2BFBD05B3BBE
:10CEF000022BE5D8F7E700BFEA6002080000C8424D
:10CF0000F560020800002041146102082161020856
:10CF10002561020831610208456102086161020869
:10CF20006D610208556A02087E6102089561020877
:10CF300084610208BA610208E2610208F261020833
:10CF4000FB6102081D6202082C6202080500010054
:10CF5000F46302089E490722384616F09CF8C0B9CF
:10CF60009C49032206F10B0016F095F86368B0FAAD
:10CF700080F0400983F84D002046FFF71BFE6368F0
:10CF8000954A93F84D10954B00290CBF1146194650
:10CF900083E693490622384616F07DF8804600283D
:10CFA00057D104F11C0306F10A0118461E4616F07B
:10CFB000D4F92C23042210A93046FFF7A3F8071E4A
:10CFC00045DD1098414615F0CFFD012F82463ED039
:10CFD0001198414615F0C8FD022F814637D01298AE
:10CFE00014F032FE032F064604D0139814F02CFEE2
:10CFF0005FFA80F87B495046F4F766F838B37A490F
:10D000005046F4F757F810B3F6B2731F072B1ED82B
:10D01000A8F10503032B1AD874494846F4F754F8CD
:10D02000A8B173494846F4F745F880B1636883F8BE
:10D030007060636883F871806368A068C3F848A073
:10D04000C3F8749003681B6898476A4925E66A49E3
:10D0500023E66A490422384616F01DF838B906F16D
:10D060000800676814F0EDFDC7E90A015BE6644952
:10D070000422384616F00FF838B906F10800676840
:10D0800014F0DFFDC7E90C014DE65E490822384681
:10D0900016F001F8A0B906F10C0014F0D2FDF3F778
:10D0A00003FD00210646F4F70FF838B15649304623
:10D0B000F4F700F810B163681E6534E65349ECE5F7
:10D0C00053490822384615F0E6FFA8B906F10C00CE
:10D0D00014F0B7FDF3F7E8FC00210646F3F7F4FF80
:10D0E00040B14FF080413046F3F7E4FF10B1636880
:10D0F0005E6518E64749D0E547491322384615F0E2
:10D10000CAFF60B906F1170014F09EFDC0B24028B6
:10D1100003D8636883F8790005E64049BDE54049D6
:10D120001122384615F0B7FF50B906F1150014F07A
:10D130008BFDC0B24028F0D8636883F87A00F2E52E
:10D1400038490A22384615F0A6FF50B906F10E00FC
:10D1500014F07AFDC0B24028DFD8636883F8780005
:10D16000E1E531490F22384615F095FFA8B906F1DF
:10D17000130014F066FDF3F797FC00210646F3F761
:10D18000A3FF0028B6D04FF080413046F3F792FF5E
:10D190000028AFD063689E66C5E524490B22384657
:10D1A00015F079FF002843D163680E36AC3316F8CA
:10D1B000011F21B16268AC329A1A762A02D9002284
:10D1C0001A70B0E57C2908BF0A2103F8011BEEE7BD
:10D1D0003262020816650208D4600208BD600208C7
:10D1E0000D6902080000164300401C450000E040A5
:10D1F0000000FA433A6202084F6202086B620208BA
:10D2000070620208756202080000A0417E62020896
:10D21000EB62020892620208A5620208B962020883
:10D22000C7620208D9620208E4620208F4620208D6
:10D2300055490F22384615F02EFF60B906F113004C
:10D2400014F002FDC0B2022803D8636883F82501F8
:10D2500069E54E4921E54E490C22384615F01BFF81
:10D2600018BB10364B490322304615F014FFA0B10D
:10D2700049490722304615F00EFF68B14749082298
:10D28000304615F008FF60B145490622304615F0DA
:10D2900002FF40B1434900E50120636883F826019D
:10D2A00041E50220F9E70320F7E73F49032238462A
:10D2B00015F0F1FE88B9F01D14F0C6FC636883F820
:10D2C0004C002046FFF776FCD4E90120036892F970
:10D2D0004C10DB6A98473549DFE4B9F1000F11D1F2
:10D2E00033490522384615F0D6FE58B906F1090033
:10D2F00014F0A7FCF3F7D8FB6668B0642046FFF78C
:10D3000059FCA2E62B490F22384615F0C4FE68BB33
:10D3100006F1130014F095FCF3F7C6FB63680146B1
:10D32000C3F8A800E06803689B689847C0B120462E
:10D33000FFF740FC6368D3F8A84000212046F3F7CC
:10D34000A5FE08B11C49A8E42046F3F75DF80B469A
:10D350001A490246284628B0BDE8F04715F0DABD64
:10D36000636817490022C3F8A82096E415492846A7
:10D3700015F0F3FF8F22394605F1100028B0BDE803
:10D38000F04701F069BF00BF0063020810630208A4
:10D3900029630208166502081C6502082665020852
:10D3A000316502083663020868630208775A02088A
:10D3B0006C6302087263020882630208A6630208B3
:10D3C000C2630208E36302082DE9F04102F1040898
:10D3D00096B005460F461646A349092240461C460C
:10D3E00015F059FE28BB6B684FF07E511868F3F7B3
:10D3F000B1FB01469D48F3F769FD0646F3F78EFE43
:10D400000546F3F75BFC01463046F3F7A1FB98496C
:10D41000F3F7A8FC4FF07C51F3F79CFBF3F77EFE8B
:10D42000944903462A46204616B0BDE8F04115F05F
:10D4300071BD91490222404615F02DFE28B96B6856
:10D44000186801F023FF024650E08C490A2240464A
:10D4500015F021FE48B96B6893F87B208849204677
:10D4600016B0BDE8F04115F055BD86491222404680
:10D4700015F011FE20B96B6893F87C209200EDE75F
:10D4800081490A22404615F006FE18B96B6893F8E8
:10D490007320E3E77D490F22404615F0FCFD40B9BB
:10D4A0006B687B4A93F872107A4B002918BF1A46B2
:10D4B0001CE079491522404615F0EDFD18B96B685E
:10D4C00093F84F20CAE775490F22404615F0E3FD57
:10D4D00020B96B6893F84E205200BFE770490E22C6
:10D4E000404615F0D8FD18B96A6858326D49B6E75C
:10D4F000DFB96D490722404615F0CDFDA8B9A868EF
:10D5000003685B6C9847402206A9FDF707FF1C35AE
:10D51000024606A92846FEF799FD62492A4620469A
:10D5200015F0F8FC16B0BDE8F081604904224046D1
:10D5300015F0B1FD10B96A680432D7E75C490622DC
:10D54000404615F0A8FD28B96B68524A93F84D1073
:10D550004F4BAAE757490322404615F09CFD28B9D6
:10D560006B68D3E90A01F3F79FFA6AE7524903228D
:10D57000404615F090FD18B96B68D3E90C01F2E74D
:10D580004E490522404615F086FDE8B96B68986C57
:10D5900001F07CFE014602A815F0DFFE6B68586FB3
:10D5A00001F0EAFE014606A815F0D7FE6B68444973
:10D5B00093F87120019293F87030009302AA06ABA1
:10D5C000204615F0A7FCADE73E490722404615F07E
:10D5D00062FD10B96B68186D33E73B49072240467E
:10D5E00015F059FD10B96B68586D2AE737491022BC
:10D5F000404615F050FD18B96B6893F87A202DE776
:10D6000033491222404615F046FD18B96B6893F86D
:10D61000792023E72F490922404615F03CFD18B92F
:10D620006B6893F8782019E72B490E22404615F0D5
:10D6300032FD10B96B68986E03E728490A2240460C
:10D6400015F029FD002854D123463E2203F8022B71
:10D65000202262706968AB3111F8012F002A3FD196
:10D6600000221A705EE700BF056402080000C8428D
:10D67000000020410F6402081964020821640208B6
:10D680002C64020831640208446402084F640208F2
:10D6900016650208556A02085F640208656402089C
:10D6A000756402081C640208846402084C6602085F
:10D6B0008C6402089364020897640208A36A020853
:10D6C0009B640208A9640208E6640208B1640208C7
:10D6D000C2640208D5640208DF640208EE6402082E
:10D6E000181B9E28BCDC0A2A08BF7C2203F8012BE9
:10D6F000B2E755490E22404615F0CDFC18B96B68CB
:10D7000093F82521AAE651490B22404615F0C3FCA7
:10D7100098B96B6893F8263133B94D49204616B055
:10D72000BDE8F04115F019BE012B01D14949F5E7DB
:10D73000022B0CBF48494949F0E7494902224046BB
:10D7400015F0A9FC38B9B37913F0DF0F03D16B687A
:10D7500093F94C2082E643490422404615F09BFC95
:10D7600010B96B68986C6CE63F490A22404615F088
:10D7700092FC78B93D49204615F0EFFDA868036892
:10D780005B6C984720220146A01C16B0BDE8F04112
:10D79000FEF75CBC36490422404615F07CFC20B9FB
:10D7A000A8680368DB6898474DE632490B2240467B
:10D7B00015F071FC08B9304A98E630490E2240460F
:10D7C00015F069FC08B92E49A8E72E490E224046FB
:10D7D00015F061FCB0B9E8680368DB689847002180
:10D7E0000546F3F753FC08B1274997E72846F2F7B7
:10D7F0000BFE0B4625490246204616B0BDE8F04117
:10D8000015F088BB22490E22404615F044FC08B9A9
:10D81000204983E720490D22404615F03CFC08B919
:10D820001E497BE71E491122404615F034FC0028B2
:10D83000F6D01C490D22404615F02DFC0028EFD0F3
:10D84000194942460BE600BFF96402080865020860
:10D85000146502081A650208246502082F6502088B
:10D86000386502083B65020840650208755C0208DD
:10D870004B650208506502085C6502086165020894
:10D880007065020883650208C26302089265020897
:10D8900099650208A8650208B6650208C465020811
:10D8A000EA650208FC6502080A6602082DE9F04FE5
:10D8B0000023137089B005460F4614460B461E46DA
:10D8C00001333278202AFAD096490A22304615F0E0
:10D8D00032FC002878D1B37A13F0DF0F74D106F14F
:10D8E0000A031E4601333278202AFAD03046FEF76A
:10D8F00025FF337833B98C49204609B0BDE8F04F95
:10D9000015F02BBD6B694FF0000903F28C4833789A
:10D91000202BB34606F10106F9D0002B4CD05B4614
:10D920001A781E46013322B1202AF9D186F80090D8
:10D930001E46D5F814A05B461A4613F8017B6FB15A
:10D940007C2F01D02C2FF7D182F800901F4613F8BE
:10D95000012B202AFAD03846FEF7F0FE59461BF874
:10D96000013B202BFAD00BB97049C5E71FB13B78BA
:10D970000BB96F49C0E7B8F8002003910023504667
:10D9800001F07CF80399804640B96A4A0B46A02111
:10D99000204609B0BDE8F04F15F088BA80F8049031
:10D9A000002FB4D03946504601F0B6F88046002822
:10D9B000ADD1614A3B46EAE76869A022214609B039
:10D9C000BDE8F04F01F094B938462023042204A9A1
:10D9D000FEF798FB0128074607D16869A022214677
:10D9E00001F086F909B0BDE8F08F40F36481059E2F
:10D9F00052493046F3F742FC20B9A86803685B6DD2
:10DA00009847EFE74E493046F3F738FC98B9D5E927
:10DA1000000603681B689847C6F8A4002846FFF76D
:10DA2000C9F8A86803689B6D9847464A464900288C
:10DA300008BF114660E7022F64D044493046F3F72F
:10DA40001DFC60B90699686901F066F828B1037990
:10DA500023F0010303713C494EE73D494CE73D4942
:10DA60003046F3F70BFC48B90699686901F054F8A1
:10DA70000028F2D0037943F00103EBE73649304642
:10DA8000F3F7FCFB38BB0699686901F045F80646D8
:10DA90000028E2D04188686901F07CF83379721D72
:10DAA00070B1018861B12D4913F0010F2C4B18BFE3
:10DAB0000B4600932B49431D204615F02BFA91E7A6
:10DAC000274913F0010F2046244B08BF0B46264977
:10DAD00015F020FA86E725493046F3F7CFFB0028FA
:10DAE0004CD10699686901F017F806460028B4D0B1
:10DAF0000146686901F069F81D49721D204615F05C
:10DB000009FA6FE719493046F3F7B8FB002872D1DC
:10DB1000686901F057F810B1421D1649EEE7164A40
:10DB2000FBE700BF2566020830660208406602086F
:10DB30005166020862660208776602088E6602086D
:10DB40009366020811660208775A0208986602086E
:10DB50009F660208B4660208BA660208BF7002082F
:10DB600000FC0208BE660208CA660208D166020806
:10DB7000D6660208E6660208236602084F49304668
:10DB8000F3F77CFB002845D1069F4D493846F3F753
:10DB900075FB064668696EB9314601F020F8A86841
:10DBA00003683146DB6D9847A86803689B6D98470A
:10DBB0004449A1E6394600F0AFFF064638B90346AE
:10DBC00002460699686900F059FF064688B10023AD
:10DBD00033716869314601F002F8A868036831467C
:10DBE000DB6D9847A86803689B6D98473649721D9E
:10DBF00084E7364980E631493046F3F73FFB002899
:10DC000059D1686900F0E5FF10B1421D304975E750
:10DC10002B4AFBE72F493046F3F730FBB8B9032F07
:10DC2000686905D0079900F077FF18B92A4963E6BB
:10DC300000F28C40028806996869002300F01EFFFC
:10DC400008B9264958E600232549037154E62549B9
:10DC50003046F3F713FB78B90699686900F0DEFEE9
:10DC6000014638B1686900F0BEFF00287FF4F3AECA
:10DC70001D4941E61D493FE61D493046F3F7FEFACE
:10DC8000C8B9069E1B493046F3F7F8FA38B11A496D
:10DC90003046F3F7F3FA08B118492DE60120009059
:10DCA00068690123A022214601F03CF800287FF496
:10DCB00099AE134920E613491EE600BFF26602083A
:10DCC00010670208FA660208176702083067020840
:10DCD00048670208826702085D67020872670208E7
:10DCE000866702089B670208A2670208B2670208FB
:10DCF000D2690208C2670208CA670208D16702082F
:10DD0000C9580208F16702082DE9F04F14468DB09A
:10DD10000546884608227A4920461E4615F0BBF97A
:10DD200028B178490822204615F0B5F930B9E868DD
:10DD300003681B6A0DB0BDE8F04F18477249062210
:10DD4000204615F0A8F918B9E8680368DB69F1E71F
:10DD50006E490922204615F09EF928B928686C49B9
:10DD600003685B689847EFE76A490E22204615F082
:10DD700092F980B9A27B12F0DF020CD1A868036887
:10DD800040F2DC515B699847634930460DB0BDE80D
:10DD9000F04F15F0E2BA61490622204615F07BF9F2
:10DDA00040B9A868036840F2DC515B6901229847DA
:10DDB0005B49EAE75B490A22204615F06CF930BB63
:10DDC000286803681B68984780451ED9286803683F
:10DDD0005B6808F101019847286803681B68984749
:10DDE000014604A808F0D2FD9DF810309DF81320DC
:10DDF0004D4903F5FA6302939DF8113001939DF8A4
:10DE0000123000939DF814302FE04849BDE748498F
:10DE10000922204615F03FF948B9E86869680368A7
:10DE200032461B6C0431984710BB4249ADE742496A
:10DE30000522204615F02FF9E8B9286803681B6809
:10DE40009847014604A808F0A1FD9DF810309DF800
:10DE500013203A4903F5FA6302939DF811300193B8
:10DE60009DF8123000939DF81430304615F052F8AA
:10DE70000DB0BDE8F08F32490522204615F00BF9B0
:10DE800080B9601DFEF74CFC0446286803681B68D7
:10DE90009847844204D92868036821465B689AE75A
:10DEA000284972E728490922204615F0F4F838B9C4
:10DEB000A86803681B6B31460DB0BDE8F04F1847EA
:10DEC00022491022204615F0E6F8002844D11034EB
:10DED0002046F3F7DDF9402828BF402047102246AE
:10DEE000394604A8FEF7EAF838B1A868036804A91F
:10DEF0005B6B3A469847164947E7164945E700BF26
:10DF0000036802080C68020818680208156802080D
:10DF1000EF9344661F6802082E680208BB6402087B
:10DF20004768020858680208636802088C6802089B
:10DF3000AB680208B5680208BB680208736802088B
:10DF4000C1680208C7680208BC5A0208E8680208EB
:10DF5000775A0208F9680208A2490A22204615F0F9
:10DF60009AF8074600286BD105F11C0304F10A0159
:10DF700018461C4615F0F1F92C23052204A9204669
:10DF8000FEF7C0F8B0F1000858DD0498394614F0E7
:10DF9000EBFDB8F1010F834646D00598002114F03F
:10DFA000E3FDB8F1020F814643D0069813F04CFE12
:10DFB000B8F1030F5FFA80FA3ED0079813F044FEE1
:10DFC000B8F1040FC4B203D0089813F03DFE074621
:10DFD00085495846F3F778F880B384495846F3F7F3
:10DFE00069F858B3AAF10503072B27D8631F032B41
:10DFF00024D87F494846F3F767F8F8B17D49484689
:10E00000F3F758F8D0B1002F18DDA8680368CDE900
:10E0100000474A461C6D59465346A04776493A4642
:10E02000304614F077FF23E70024A2464FF00009A2
:10E03000CEE70024A246CBE70024C9E76F49A4E657
:10E040006F490922204615F026F8B8B968681022F1
:10E0500004F10901383001F0FFF82846FEF7AAFD67
:10E060006849304615F079F969689122383106F12E
:10E070000E000DB0BDE8F04F01F0EEB862490B2282
:10E08000204615F008F828B9A8680368DB6C9847A3
:10E090005E497AE65E490422204614F0FCFF40B94E
:10E0A00033462246414628460DB0BDE8F04FFFF703
:10E0B0008BB958490422204614F0EDFF40B933468D
:10E0C0002246414628460DB0BDE8F04FFEF7C4BDDC
:10E0D000B8F1000F14D150492046F3F7CFF878B9C2
:10E0E000A86803681B6998474C4A4D4B4D49002866
:10E0F00018BF1A4630460DB0BDE8F04F14F00ABF05
:10E1000049490322204614F0C6FF88B9A86803686D
:10E110005B6898470446A86803689B68984743492A
:10E120000346224630460DB0BDE8F04F14F0F2BE73
:10E130003F490522204614F0AEFF28B9E86803687D
:10E140001B699847014620E63A490B22204614F005
:10E15000A2FF0746F8B904F10B082C692368204692
:10E16000DB6898470546BD420FDD236839461B69C9
:10E17000204698474146F3F781F840B9236839466D
:10E180005B6920469847024618B92B49FDE50137DF
:10E19000E9E72A49AEE72A490B22204614F07BFF23
:10E1A000002855D105F11C0304F10B0118461C464B
:10E1B00015F0D3F82023022204A92046FDF7A2FF80
:10E1C00000280ADD0128049908D0059A2869036807
:10E1D0009B69984720B11B49D7E51B49164AF5E7CB
:10E1E0001A49D2E5096902080000164300401C459F
:10E1F0000000E0400000FA43146902083169020897
:10E20000E861020847690208566902086269020863
:10E21000A1690208AD690208746A0208FA67020877
:10E22000775A0208756902086C6502088B69020852
:10E23000DD6302089A690208FE6702081C6402088E
:10E24000A6690208B2690208BF700208B56902082F
:10E250006E490B22204614F01EFF0746002842D1CB
:10E2600028690368DB68984780462046F3F710F872
:10E270000B2804D904F10C00FEF752FA0746474573
:10E2800001DB634981E56349DFF88C914246304602
:10E2900014F040FE3046F2F7FBFF3418A31B852B29
:10E2A00005DDB8451BDD5D493A46204623E7286970
:10E2B000036839461B6998478246286903683946CE
:10E2C0005B699847524603464946204614F022FEB1
:10E2D0002046F2F7DDFF0137B8450444DED10023C4
:10E2E00004F8013CC4E54E490622204614F0D3FE52
:10E2F00038B93246214628460DB0BDE8F04FFFF749
:10E30000D5BA48490E22204614F0C5FE08B9464940
:10E310003BE546490F22204614F0BDFE38B96B6834
:10E3200083F899002846FEF745FC41492DE541490F
:10E330000B22204614F0AFFE30B96B6893F8993089
:10E34000002BF2D03C4920E53C490922204614F03C
:10E35000A2FE30B9A868036801211B6A98473849B2
:10E3600013E538490822204614F095FE014628B9E5
:10E37000A86803681B6A9847334906E533490922B0
:10E38000204614F088FE28B9A86803685B6A98479D
:10E390002F49FAE4B8F1000F35D12E490322204667
:10E3A00014F079FE28B9A86803689B6A98472A493F
:10E3B000EBE42A490D22204614F06DFE38B9637B48
:10E3C00013F0DF0F03D1A86803681B6C73E52449C1
:10E3D0000B22204614F05FFE38B9E37A13F0DF0F0A
:10E3E00003D1A8680368DB6B65E51E490A22204655
:10E3F00014F051FE38B9A37A13F0DF0F03D1A868E7
:10E4000003689B6B57E51849BFE400BFCB6902085E
:10E41000D7690208E5690208EE690208F569020891
:10E42000AD660208016A0208106A0208246A02083E
:10E4300016650208346A0208556A0208406A020832
:10E440004A6A0208586A0208616A0208706A020889
:10E450007A6A0208BC580208886A02088F6A0208B1
:10E460009D6A0208A96A0208B46A020830B50D461E
:10E47000CBB093490446284608F00FFC02A8904A06
:10E480000123294608F0F3FB02A808F058FD0028F4
:10E4900000F0138100236168042202A8CDE9003353
:10E4A00008F00FFC61682022043102A808F009FC82
:10E4B0000422694602A808F004FC61680822283199
:10E4C0000DEB020008F0FDFB6168082230310DEB16
:10E4D000020008F0F6FB61681022383102A808F04B
:10E4E000F0FB61680422483102A808F0EAFB616889
:10E4F00001224C3102A808F0E4FB616801224D3191
:10E5000002A808F0DEFB616801224E3102A808F083
:10E51000D8FB0122694602A808F0D3FB61680422F7
:10E52000503102A808F0CDFB61680422543102A8E2
:10E5300008F0C7FB61681022583102A808F0C1FB3F
:10E5400061680422683102A808F0BBFB0422694616
:10E5500002A808F0B6FB61680122703102A808F039
:10E56000B0FB61680122713102A808F0AAFB616862
:10E570000122723102A808F0A4FB61680122733104
:10E5800002A808F09EFB61680422743102A808F01A
:10E5900098FB616801227C3102A808F092FB616857
:10E5A000012201F2251102A808F08BFB616801220B
:10E5B00001F5937102A808F084FB0122694602A8C4
:10E5C00008F07FFB61680122783102A808F079FB2E
:10E5D000616801224F3102A808F073FB61680122D3
:10E5E0007B3102A808F06DFB616801227D3102A831
:10E5F00008F067FB616802227E3102A808F061FB27
:10E6000061680122803102A808F05BFB6168042286
:10E61000843102A808F055FB61680122883102A804
:10E6200008F04FFB61681022893102A808F049FB0D
:10E6300061680122993102A808F043FB0322694670
:10E6400002A808F03EFB616801229A3102A808F096
:10E6500038FB616804229C3102A808F032FB616833
:10E660000122A03102A808F02CFB61680422A43129
:10E6700002A808F026FB61680422A83102A808F06D
:10E6800020FB61687822AC3102A808F01AFB6168AF
:10E69000012201F5927102A808F013FB61680122C2
:10E6A000793102A808F00DFB616801227A3102A8D5
:10E6B00008F007FB02A808F0FAFB4BB030BD00BF22
:10E6C000C46A020838B50C4605461049204608F0D1
:10E6D000D8FA30B1214628460C4ABDE83840FEF74A
:10E6E0003DB80B49204608F0CCFA70B121462846C7
:10E6F000074AFEF733F821462846FFF7B7FE2046C3
:10E700000349BDE8384008F0C8BA38BDC46A0208F9
:10E71000CF6A020870B50546D2B00B4616461049BE
:10E720004268684614F0F6FB2868694608F0A9FAC2
:10E73000044690B1296800236A460AA808F097FAAF
:10E740000AA808F0FCFB044638B10AA93046FCF7D9
:10E75000B5FD04460AA808F0AAFB204652B070BDD9
:10E76000DB6A020830B50446D3B00B4615460F49A4
:10E770004268684614F0CEFB2068694608F08DFABE
:10E78000216801236A460AA808F071FA0AA808F06D
:10E79000D6FB044630B10AA92846FCF7A6FD0AA814
:10E7A00008F085FB204653B030BD00BFDB6A02088D
:10E7B00000207047836910B544695A1CA24208D2F0
:10E7C00004698261E154026983690021D154012006
:10E7D00010BD0020FCE7F8B505460F46164600249C
:10E7E000B44201D12046F8BD2B68395D1B6828462C
:10E7F00098470028F6D00134F2E7002070474FF028
:10E80000FF3070474FF0FF307047704710B500235E
:10E810000122C0E9012304460160C0F88C3480F86D
:10E820009034034900F2914014F097FD204610BD4A
:10E8300023660208A0F12303DBB2162B04D8064A94
:10E8400042FA03F3DB0704D5402894BF00200120DF
:10E8500070470120704700BFFC1B80FFF0B5434BA1
:10E860000D46002A14BF16461E46E9B0044631463E
:10E87000284608F006FA18B90026304669B0F0BDFF
:10E8800032460023294620A808F0F1F920A808F014
:10E8900056FB06460028EFD000230127C4E9017388
:10E8A0000322694620A808F0C8FA032803D020A84C
:10E8B00008F0FDFAE1E7022204F1080120A808F0BF
:10E8C000BCFA02280246F2D1A11D20A808F0B5FA30
:10E8D00002280546EBD13A4604F5926120A808F0DB
:10E8E000ACFA0128E3D12A46211D20A808F0A5FA98
:10E8F0000228DCD1242765891F2DD8D87D4305F156
:10E900000C010222214420A808F097FA02280246AE
:10E91000CDD105F10E01214420A808F08EFA02287D
:10E92000C5D105F111011F22214420A808F085FA64
:10E930001F28BCD105F110010122214420A808F0B4
:10E940007CFA0128B3D1802269460DEB020008F061
:10E9500074FA8028ABD12544A288AB899A429CBF27
:10E960000133A380638901336381C4E7E46A020849
:10E9700070B50C464979242988B00546164606D15B
:10E980002188006808B0BDE8704000F0C3BB2329AF
:10E9900004F1050207D133462868218800F01FFCE6
:10E9A000012008B070BD232311460DF101008DF840
:10E9B000003014F0D2FC33466A46EDE72DE9F04F03
:10E9C000054691B00F46904600F10C064FF0000945
:10E9D0006B894B4505DC4FF0000A504611B0BDE88D
:10E9E000F08F347918EA0404B24608D104236A4649
:10E9F00031462846FFF7BCFF83465C4503DB09F13F
:10EA000001092436E4E739460DEB041000F0AAFBB7
:10EA1000FB888342E1D00134EFE700002DE9F041AB
:10EA20000D46064614492846F2F728FC18B906F2A6
:10EA30008C40BDE8F0812B78B6F80A80232B08BF04
:10EA4000013506F112070024444501DB0020F0E700
:10EA500017F8013C232B3946284618BF07F1FF3130
:10EA6000F2F70CFC243720B9242303FB04600C309C
:10EA7000DFE70134E8E700BF236602082DE9F84329
:10EA80008846054617461E46013911F8019FB9F11F
:10EA9000000F0AD141462846FFF7C0FF044668B17F
:10EAA0000388BB4235D0478005E04846FFF7C2FEE9
:10EAB00004460028E9D12046BDE8F8836889C6B13C
:10EAC000431C6B812423434303F10C042B44012298
:10EAD0002C441A742423584305EB00091130A9F87B
:10EAE0000C601F224146284400F0B6FBA9F80E70C6
:10EAF000E1E71F28DFD8431C6B812423434303F144
:10EB00000C042B4401221A74AE88B3182C44AB8039
:10EB1000E0E74C46CFE700002DE9F0470D460446FC
:10EB20001B492846F2F7AAFB20B904F28C44204680
:10EB3000BDE8F0872B78B4F80AA0232B4FF000072C
:10EB400008BF013504F10C06B846BA4501DC44465D
:10EB5000EDE77379232B14BF06F1050906F10609C9
:10EB6000494628463446F2F789FB0028DFD028467C
:10EB7000F2F78EFB49460246284614F08CFA00282C
:10EB80000CBF3446444601372436A046DDE700BFBB
:10EB900023660208F0B541B144890023242500F121
:10EBA0000C06A34204DB002001E000F28C40F0BD23
:10EBB00005FB03F2B75A8F4202D10C321044F6E73C
:10EBC0000133EEE7C188FFF7E5BF01B10988C180D5
:10EBD0007047018909B1FFF7DDBF0846704701B1F1
:10EBE000098801817047F8B50B8863B1418900221B
:10EBF00000F10E042425914207DC002400F10C02F0
:10EC00002426A14208DC00201DE005FB02F6A65BDD
:10EC10009E42F8D00132EEE706FB04F5575B9F42B7
:10EC200001D00134EDE74B1E9BB21A1B05F13001F8
:10EC300072430C35438101449C42C8BF00222844E2
:10EC400014F039FA0120F8BD2DE9F843054688464D
:10EC500014461E46002747451DDB2179637920882D
:10EC600011F0010F04F10502E9881AD0232B194F86
:10EC7000194B08BFA21D884218BF3B4617493046B2
:10EC800010F0B7F905F10C074FF000096B894B45FF
:10EC900011DCBDE8F8832021304610F081F90137FE
:10ECA000D9E7232B0B4F0C4B08BFA21D884218BF7E
:10ECB0003B460B49E3E77A8823889A4206D13346DC
:10ECC0003A4608F101012846FFF7BEFF09F10109A4
:10ECD0002437DBE7BF700208EE6A0208D5F90208A4
:10ECE000F06A02080B4600F28C420021FFF7ACBF2D
:10ECF00010B588B091B172B100234FF47A74CDE9A8
:10ED00000512CDE902340B70054C019401A907935B
:10ED1000FFF7E8FF079A104608B010BD0A46FAE769
:10ED2000006B02082DE9F74F98469DF830A090F847
:10ED30009034009207460D4608EA0303BAF1000F2B
:10ED400002D01BB92C4607E0002BFBD12C462A230E
:10ED500004F8023B2C236B7007F112064FF00009F8
:10ED60004FF02C0B7A894A4509DCAC4288BF04F18C
:10ED7000FF340023601B237003B0BDE8F08F16F84A
:10ED8000022C314608EA0202BAF1000F04D02AB977
:10ED900009F101092436E5E7002AF9D116F8012C1A
:10EDA000232A18BF06F1FF3108460191F2F770FAE5
:10EDB0000246601B009B0199104402309842E7DA3A
:10EDC0002046019214F0D1FA019A144404F801BBD0
:10EDD000DEE70000F0B53B4B0D46002A14BF164697
:10EDE0001E46E9B031460446284607F056FF324633
:10EDF0000123294620A807F03AFF20A808F09FF831
:10EE0000064670B180220021684614F06EF9032294
:10EE1000694620A807F055FF032805D020A808F070
:10EE200046F8304669B0F0BD022204F1080120A87E
:10EE300007F047FF02280246F0D1A11D20A807F0E5
:10EE400040FF02280546E9D1012204F5926120A87D
:10EE500007F037FF0128E1D12A46211D20A807F03D
:10EE600030FF0228DAD104F1100500276389BB4284
:10EE7000D4DD0222291F20A807F023FF0228024622
:10EE8000CCD1A91E20A807F01CFF0228C6D11F2242
:10EE9000691C20A807F015FF1F28BFD101222946B1
:10EEA00020A807F00EFF0128B8D1802269460DEB9B
:10EEB000020007F006FF802805F12405AED10137D6
:10EEC000D4E700BFE46A0208806A7047406970476F
:10EED000836953F8210070476FF06043994270B521
:10EEE00034BF8E004FF0FF36044630460D46F7F72C
:10EEF0001AFB20602846F7F716FB60603046F7F7EC
:10EF000012FB0023C4E902052361204670BD4B1C9F
:10EF100030B5024605690DD000231846AB4200DB30
:10EF200030BD946854F82340641A002CD8BF0130D7
:10EF30000133F3E72846F3E71830FFF7E8BF70B571
:10EF4000024604694FF0FF330020FF2584420ADCAB
:10EF5000002B26DB1168013C51F823001461116974
:10EF600099420EDC70BD966856F82060761A002E25
:10EF700005DC5668365CAE423CBF03463546013080
:10EF8000E4E7990014680431655844F82350546844
:10EF9000E5186D78E5549468615844F823100133FE
:10EFA000DDE70020DEE71830FFF7C9BF2C30FFF7A0
:10EFB000C6BF02698A4230B5034618DD0068013ACF
:10EFC00050F821001A611A698A4200DC30BD8A00BB
:10EFD0001C680432A55844F821505C6865186D78A7
:10EFE00065549C68A25844F821200131EBE70020C9
:10EFF000ECE700210430FFF7DCBF1830FFF7D9BF82
:10F0000030B5D0E90354AC420CD0056845F8241063
:10F0100041680A550269816841F822300132026173
:10F02000012030BD0020FCE700231A460430FFF722
:10F03000E7BF70B5044618300D46FFF7E1FF30B961
:10F040002368294620465B68BDE87040184770BDBC
:10F0500070B51346044600222C300D46FFF7D0FF52
:10F0600030B92368294620465B68BDE870401847E0
:10F0700070BD00002DE9F0410646134B46F8043BF5
:10F0800004460D463046FFF727FF294604F11800D5
:10F09000FFF722FF294604F12C00FFF71DFF002790
:10F0A000AF4202DB2046BDE8F0814FF48270F7F7F3
:10F0B00038FA8046FCF739FF00231A4641463046AD
:10F0C000FFF79EFF0137EBE72C6B0208431E0F3062
:10F0D00013F8012F1AB98342FAD10120704700209A
:10F0E0007047F0B5D0F820510F2D044611DCAB1C51
:10F0F00020F8151000EB031302F110071068516897
:10F100001E4603C60832BA423346F7D10135C4F869
:10F110002051F0BD2DE9F047064600258E462846D1
:10F1200006F12008D6F82011A94201DD984201DB42
:10F13000BDE8F08736F81510714511D108EB051CB4
:10F1400000F1010902EB00140CF1100A674603CF2D
:10F15000574520606160BC4604F10804F6D148467A
:10F160000135DFE730B5A3B0054604A80C4606F02C
:10F17000F3FB10220DEB0200294606F054FD237824
:10F180000122C3F383030DF10D0104A88DF80D30A6
:10F1900006F0CAFC628804F14A0104A806F0C4FC27
:10F1A00002231022009329460DF10E030DEB0200FD
:10F1B00006F051FDBDF80E3053B90123ADF80E3005
:10F1C00004A8BDF80E4006F0ADFB204623B030BDCC
:10F1D0004FF6FF729342F3D14FF6FE73EEE72DE93F
:10F1E000F0419846D0F820319EB005460E461746AD
:10F1F0000024A34218DC684606F0AEFB3846F2F75E
:10F2000047F839460246684606F08EFC4146684695
:10F21000102206F0BBFC284642463146FFF761FF4C
:10F22000684606F07FFB12E035F81420B24211D197
:10F23000023405EB0414424604F11003254603CDC5
:10F240009D42106051602C4602F10802F6D11EB0BA
:10F25000BDE8F0810134CCE701390244131A012BD7
:10F2600002D800230370704711F8013F002BF8D03B
:10F2700000F8013BF2E7013810F8013F0BB901201B
:10F280007047202BF8D000207047000070B5002197
:10F290000646F1F7FBFE374C054640B1302323709C
:10F2A0002E22A37000236270E370324870BDC6F353
:10F2B000C7537F3B1E2B99B257DC13F1170F54DB5A
:10F2C000C6F31602162B42F4000216DD173902FAB5
:10F2D00001F0002E40DB0A22214610F097F8237837
:10F2E00022460134002BFAD12E231370EDB93021C0
:10F2F000931C517000221A70D7E7002B08DBC1F174
:10F300001700013142FA00F08A4022F07F45E0E721
:10F31000DB43002E42FA03F54FF0300320DA63702E
:10F320002D222E232270A3700334E11D23460A20D0
:10F3300045432A16303203F8012B8B4225F07F45D6
:10F34000F6D106342278302A234603D114F8012D51
:10F350002E2AF7D10133CDE72D2304F8013BBAE77C
:10F3600023702E2363700234DFE7302323700023E1
:10F3700063709AE7C431002037B520490546F1F79C
:10F38000F1FC002104462846F1F79EFE70B34FF0D1
:10F390007C512046F1F7DEFBF1F7C0FE4FF47A72A4
:10F3A00090FBF2F302FB13000028154C154AB8BF7E
:10F3B000404210210090204613F078FD2046F1F7DE
:10F3C00067FF0021431E2044002B03DD10F8012CB1
:10F3D000302A0ED00A48F1F75BFF0138235C2E2B50
:10F3E00004BF00232354064803B030BD4FF03F4113
:10F3F000CFE700F8011D013BE6E700BF00007A44BB
:10F40000B4310020586B0208024A137843F010030D
:10F4100013707047D431002038B504464068114954
:10F420000368D3F8B0309847236820461B6D98478F
:10F43000034684F8240060680268082B8CBF102102
:10F440002021126E9047084BA06800251D700368AC
:10F450009B6B9847012801D1FFF7D6FFA561A583D3
:10F46000256238BD09F40008D4310020838B418324
:10F470003F2B82BF0023838303627047034B1878BE
:10F4800000F0EF00431E584258417047D43100202D
:10F490002DE9F041174E347814F0100405460F465C
:10F4A000904616D0406803680121DB6E9847041E21
:10F4B0000DDD686844450368A8BF44461B6B2246BF
:10F4C0003946984790B16B6901336B610024002382
:10F4D00033703378012B06D0686803689B699847BE
:10F4E00008B9012333702046BDE8F081EB68013391
:10F4F000EB60ECE7D4310020406808B50368DB6FAF
:10F5000098474FF47A73B0FBF3F008BD10B504468A
:10F51000406803689B6A9847A06803689B6998479E
:10F52000014B00221A7010BDD431002070B5094E75
:10F530003378DB0604460CD40368DB6B984705463A
:10F5400038B9236820461B6C984735702583A583FE
:10F55000256270BDD431002010B5174B1A78838B0B
:10F56000012A044617D13F2B17D80368DB6B984755
:10F5700080B923682046DB6C9847F1F7CFFDB4F9DA
:10F5800018300D33984205DCA38B0133A383236A23
:10F590000344236210BD3F2BFCD9236A002BF9D012
:10F5A000B8BF3F3343F38F136FF077029342B8BF76
:10F5B000134623830023ECE7D431002006490B785F
:10F5C000024613F0100005D000230B7013690133BD
:10F5D00013610120704700BFD43100200739234B4D
:10F5E0002DE9F04153F82180044601464046154676
:10F5F000F1F774FDC0BB2846F0F7F4FE1C4B002267
:10F60000F0F75AFF02460B4600201A49F0F79CFD1E
:10F6100006460F4620464146F1F79AFAF0F7F4FE07
:10F62000154B0022F1F772F802460B463046394678
:10F63000F0F742FF0F4B002204460D46F1F7AEF9FA
:10F6400060B10022002320462946F1F7C5F940B1F8
:10F6500020462946F1F728FABDE8F081054D00243F
:10F66000F6E700240025F3E70020F5E7606B0208C9
:10F670000000703F0000F03F0000244040686FF041
:10F68000004105F070B9406803685B6D18470000E1
:10F69000406808B503681B699847024B00221A703E
:10F6A00008BD00BFD4310020F8B504468068036867
:10F6B0005B690D46164698476068036832465F6A84
:10F6C00029460023B84720B9064B03221A700120AF
:10F6D000F8BD2046FFF7DCFFA06803689B699847E8
:10F6E0000020F5E7D431002038B5B0F91A300446CF
:10F6F00093B10368DB6C9847B4F91A300546B4F946
:10F7000018001844F1F7DAFA01462846F1F7E6FC4A
:10F71000003818BF012038BD1846FCE708461146DE
:10F7200006291A4601DDFFF759BF00207047002067
:10F7300070470000F0B51D4F1D4CD7F8E03585B07F
:10F74000002200921B4A04EA832303EBC12307CA69
:10F7500001AD85E80700D7F8E02504EA822203F12D
:10F76000FF6602F1FF6106F5F02601F5F021B142D6
:10F7700018D802F10062013AB24213D3A3F5004354
:10F78000DB0A0293F2F782FC69462846F2F710FD85
:10F790000446F2F78DFC002C14BF6FF0040000202B
:10F7A00005B0F0BD6FF01500FAE700BF0070FF1F55
:10F7B00000FCFF03445102082DE9F047204E214F81
:10F7C000D6F8E04507EA842404F1FF6404F5F02448
:10F7D00014441D4604EBC124F2F758FC804678B966
:10F7E000089B23F0070303EB04096FF0784AA14557
:10F7F0000AD1F2F75DFC40EA080010F0FF0001D0EA
:10F800006FF00400BDE8F087D6F8E03507EA8323FF
:10F8100003F1FF6202F5F022A24202D85344A34250
:10F8200004D2F2F745FC6FF01500EBE72146F5E84E
:10F8300002230120F2F776FC08348046D7E700BFA8
:10F840000070FF1F00FCFF0338B518461546049AE8
:10F850008BB182B1094B0A4CD3F8E03504EA83241A
:10F860002C4404F1FF6404F5F02404EBC12113F0EF
:10F870007CFD002038BD6FF01500FBE70070FF1F16
:10F8800000FCFF0310B5034B0360044607F0A0F92A
:10F89000204610BD806B020810B50446FFF7F2FF4A
:10F8A00020465021F6F741FE204610BD10B5044910
:10F8B000044607F095F9034B2360204610BD00BFB6
:10F8C00024010020806B020813B500238DF8073057
:10F8D0009DF80730044603F0FF014BB1204607F0C6
:10F8E000A2F90021204602B0BDE8104007F08AB915
:10F8F00007F088F90028F1D002B010BD0148FFF7E9
:10F90000D5BF00BFD831002008B50248FFF7BAFFC5
:10F9100008BD00BFD8310020028BC08A101A704782
:10F92000C28A018B914288BF0169034683BF885C0C
:10F930000132DA824FF0FF307047028BC38A9A425D
:10F9400086BF0269D05C4FF0FF307047806DD0F801
:10F95000DC302BB100234384D0F8E030D43018479A
:10F960007047000070B54FF47A730E460021C0E96D
:10F970000113034615462B4A43F8C42B0446C0F82E
:10F98000C4109C22C3E90111C0E93411C0E9361149
:10F99000C0F8E010283013F0A8FBF3B21A2B19D8E6
:10F9A000214A52F8233006F4E0661E43EBB21A2BCC
:10F9B000C4F8846022D81C4A52F8233005F4E0656C
:10F9C0001D430023C4F88850E36123842361A3828C
:10F9D000204670BD06F0C002C02A0CD1C72B0AD841
:10F9E000124B06F03F0206F4E06653F822200E4B5D
:10F9F00053F82230D9E74FF0FF36D7E705F0C002C1
:10FA0000C02A0CD1C72B0AD8084B05F03F0205F4D9
:10FA1000E06553F82220044B53F82230D0E74FF032
:10FA2000FF35CEE7906B0208EC550208CC55020872
:10FA300038B50446283000F083FCE06918B112F0B4
:10FA40000FF90023E36120690025258410B112F02D
:10FA500007F92561A58238BD38B50546074B45F83D
:10FA6000D43B0446FFF7E4FF2846F6F76AFA04F1B0
:10FA7000C400F6F766FA204638BD00BF906B020856
:10FA80000123994080F82430002381764384704715
:10FA900038B5838A8B4205460C4609D2202938BFE7
:10FAA00020240069214612F0FDF910B12861AC82D2
:10FAB00038BDFEE773B5846D866ED4F8CC3005464C
:10FAC000E3B1E28A238B9A4218D331462046FFF7EE
:10FAD000DFFF2069324605F1740113F046FC002374
:10FAE000E382D4F8CC30268301960BB910F084F869
:10FAF000D4F8D03001A904F1C400984702B070BD19
:10FB0000B1F5806F70B505460C4610D8038C99424C
:10FB10000AD920290E4638BF2026C069314612F086
:10FB2000C1F918B1E8612E84204670BDFEE70024BB
:10FB3000FAE713B590F824308DF8071004467BB12E
:10FB4000418C0131FFF7DCFF40B1638CE2699DF825
:10FB50000710D154638C01336384012002B010BDBF
:10FB600001220DF10701283000F03AFCB0FA80F0D4
:10FB70004009F3E770B590F8243004460E46154668
:10FB800093B1418C1144FFF7BBFF10B90025284603
:10FB900070BD638CE0692A461844314613F0E5FBDA
:10FBA000638C2B446384F2E792B2283000F018FC97
:10FBB0000028EBD1EBE70346006918B19A8A0021CF
:10FBC00013F093BA70470346C06918B11A8C00212C
:10FBD00013F08BBA704738B50446C9B9AA23A36598
:10FBE00094F8BE30012B16D1638CE269A17E04F13A
:10FBF000280000F076FC042828BF042045B22046E7
:10FC0000FFF7E1FF0023638484F82430E8B238BDB5
:10FC10004FF42A43E3E70425F8E72DE9F04790F88D
:10FC2000BEA09DF820509DF82490BAF1010F044623
:10FC30000F461646984637D111467F00FFF728FF3A
:10FC4000FFB2CDB1032D28BF0325013D0023EDB246
:10FC500084F824A0A7766384ED00236828FA05F1D0
:10FC60001B68C9B22046083D984715F1080FF4D12A
:10FC700000212046FFF7AFFFB9F1000F11D1AA23F1
:10FC8000A36522693346394604F1280000F0C2FB1F
:10FC9000002818BF00260023E38226833046BDE8F3
:10FCA000F0874FF42A43EBE70026F7E707B5019307
:10FCB00000230093FFF7B1FF03B05DF804FB0123BD
:10FCC000FFF7F4BF0121FFF786BF38B504460025D2
:10FCD000C5820583FFF76FFF65842046FFF773FF3A
:10FCE00038BD0000F8B50446D0F884000FF0E0FB02
:10FCF00000210FF0A3FCD4F88420130913F00C06A4
:10FD000045D103F00F03254D254F55F8231002F080
:10FD10000F0257F822300A6993433DD0D4F8880087
:10FD20000FF0C6FB01210FF089FCD4F888001D4BB1
:10FD3000010911F00C0F1B682CD100F00F021A4CB6
:10FD400057F82270B3FBF4F3184A0A2401F00F01AC
:10FD50006343142655F821C0CCF82870D2F804E08B
:10FD60005468A4EB0E04A342FADCCCF81870D2F865
:10FD700004C05468A4EB0C04A342FADC013EE9D1B0
:10FD80000FF096FB3146BDE8F8400FF057BC00235A
:10FD90001B69FFDEB662FCE7F8BD00BF080000206B
:10FDA000145702084000002040420F00001000E0FD
:10FDB0002DE9F04104460025C58205831F460E4605
:10FDC0009046FFF7F8FE6584A5762046FFF7FBFE18
:10FDD000D4F8DC30C4F8804033B104F1D4010322FC
:10FDE00008469847C4E937550023012E84F824308B
:10FDF0004FEA460384F825300CBF0123002384F822
:10FE0000BE3084F8BF8084F8C07002D12046FFF76E
:10FE100069FF04F1280594F825200949284600F0D7
:10FE2000DBF994F8BE304BB92846064900F0B1FB27
:10FE300028460549BDE8F04100F0A4BBBDE8F081CB
:10FE4000A08601004DF90008B5FA00080A46002313
:10FE50000121FFF7ADBF000002480822C021FFF7D3
:10FE600081BD00BF283200200148FFF7F5BD00BF6B
:10FE7000283200204FF0B04382B09A6D02439A6559
:10FE80009B6D03400193019B02B070472DE9F04F39
:10FE9000874B53F8312082429FB00F4607D103EBC6
:10FEA000C102D2F80480B8F1000F40F0FD801C229E
:10FEB0008049814C43F837007A4301EB5003B3FB90
:10FEC000F0F0A318A2589D7E01EB5204B4FBF2FAA5
:10FED000DC8A0594059E1C8A1A8B0E923444149475
:10FEE0000E9E9C89CDF83CA03444EA1C4243323C2F
:10FEF000A41A24EAE474059E0694DC89A41BA4F5E4
:10FF000082740244A21A22EAE272079200FB05F20E
:10FF100008925A68B1FBF2F215929A68B1FBF2F2BC
:10FF20001692089A02EB4002323212924242049236
:10FF3000129A00261021821810910B964FF0FF386C
:10FF400034070E9D1C94059CF1B22C441391129918
:10FF500011946FF00105AAEB0404511A05FB024449
:10FF600018940D914FF00009149C0D9DAC4200F2C5
:10FF70008A801C9C49EA04041B940024CDE90244B5
:10FF80004B4C04EBC7041D94069C029DAC4270D8F8
:10FF9000079CAC426DD3109C139DAC4269D00B9C66
:10FFA0000134072C0B947FD85C8A039D17941B9C0B
:10FFB0002C431A94089C141B0094119C14440C9418
:10FFC000189C0A9400240194089D009C2C44179DC1
:10FFD000A5423DD2009C323CB0EB940F38D21A9D22
:10FFE000019C2C430C9D1994A2EB0A042C440A9DFD
:10FFF000099596464FF0000C169D0AEB040B5D45E3
:020000040801F1
:100000001AD8159D5D4517D3B3F814B0F34513D82E
:10001000704511D2DDF824B00F9D1BEA240B38BFC8
:10002000A346AB4508D2199D4CEA05081D9DC5F8AD
:100030000480139DCDE90FB5099DDDF810B00CF5D6
:10004000807C5D44BCF5803F0C4409958E44D3D13F
:10005000019C049D01340194009C0C4400940A9C72
:100060002C440A940C9C0C440C94019CB4F5807FA5
:10007000AAD1029C0C440294039C04F58034B4F58C
:10008000801F039480D10D9C09F580190C44B9F1AF
:10009000807F0D947FF468AF04990136091A102E01
:1000A000049102447FF44CAF40461FB0BDE8F08F8E
:1000B0001833002000CA9A3BB46B020808B52C4BD9
:1000C000984216D14020F4F7ADF8002846D14FF001
:1000D000B0432849D3F888301B0903F4407343F434
:1000E00040328A4238D001F580718A423BD0B3B3A6
:1000F000FEE7214B984215D18020F4F793F868BBB6
:100100004FF0B0431D49D3F888301B0903F4406316
:1001100043F440228A421FD001F580618A4222D0F6
:10012000EBB1FEE7164B98421FD14FF48070F4F705
:1001300079F898B94FF0B0431249D3F888301B09C9
:1001400003F4405343F440128A4205D001F5805134
:100150008A4208D01BB1FEE70B4B186808BDBDE80A
:100160000840F3F7B9BF0948F8E70020F6E700BFF9
:1001700000540040000103000058004000040C003F
:10018000005C004000103000400000200024F4001B
:1001900008B50E4B994212D90D4B994207D8006809
:1001A000FFF78CFF0121BDE80840FFF76FBE094B48
:1001B000994209D80068FFF781FF0221F3E7006840
:1001C000FFF77CFF0021EEE7002008BDA0860100BC
:1001D000801A060040420F00F8B50F461546044647
:1001E000002800F09F805049C06DF6F7AFFE4F49E0
:1001F0000646206EF6F7AAFE0146002E00F0928019
:10020000002800F08F803046F6F7C7FE20600028F7
:1002100000F08880464B984204F1040650D14FF418
:100220000010FFF727FE4FF0B0439A6B02439A632A
:100230009A6B22F400129A6341F61E73A4F864309C
:100240003C4B1E603949206EF6F768FE3649E06D7A
:10025000F6F764FE2368636039462046FFF798FF8F
:100260000123C4E902050025C4E9043594F8973058
:1002700094F96400A5615B1B18BF0123DB042362B2
:1002800094F8983084F845505B1B18BF01235B0439
:1002900063622A460221F1F765FD94F96400F1F7E3
:1002A00093FD94F965002A460221F1F75BFD94F96C
:1002B0006500F1F789FD3046F2F70BFA70B3FEE7FF
:1002C0001D4B984213D14FF48000FFF7D3FD4FF040
:1002D000B0439A6B02439A639A6B22F480029A634A
:1002E00042F22013A4F86430124B5E60AAE7134B6D
:1002F0009842A7D14FF40000FFF7BCFD4FF0B04388
:100300009A6B02439A639A6B22F400029A6343F257
:100310003013A4F86430074B9E6093E70223A06675
:1003200084F89530F8BD00BFE854020894540208E0
:10033000005400400C33002000580040005C004096
:1003400010B5044690F96400F1F74CFD94F965008E
:10035000F1F748FD201DF2F712FA206E0321F6F79F
:100360004FFDE06D0321F6F74BFD2368194A9342D8
:100370000ED14FF0B0439A6B42F400129A639A6B1D
:1003800022F400129A639A6D22F400129A6510BD4D
:10039000114A93420DD14FF0B0439A6B42F4800260
:1003A0009A639A6B22F480029A639A6D22F4800217
:1003B000ECE70A4A9342EAD14FF0B0439A6B42F419
:1003C00000029A639A6B22F400029A639A6D22F4F7
:1003D0000002DBE70054004000580040005C004091
:1003E000202A30B514D800239CB2A24207D890F836
:1003F00094301344DBB280F89430002030BD90F884
:100400009440CD5C1C440444013384F87450EBE701
:100410000120F3E72DE9F34705460F46904699463C
:10042000F1F73CF80024D5F830A006460435CDF8A5
:1004300000A04B46424639462846F2F7AFFA02285A
:1004400006D1F1F72BF8841B642CF0D906201FE0AD
:1004500008BBF1F723F806462846F3F77EF9202873
:1004600009D0632C07D8F1F719F8841B2846F3F755
:1004700077F90028F0D02846F3F772F9632C0CD8EE
:1004800082060AD443070AD4003818BF012080002E
:1004900002B0BDE8F0870420FAE70520F8E7032062
:1004A000F6E710B5642304460430F2F781F9022818
:1004B0000AD0032801D068B910BD94F84530202B2C
:1004C0000CBF02200520F7E794F84530202B18BF19
:1004D0000620F1E794F84530202B0CBF02200420C1
:1004E000EAE72DE9F34704460E4691461F46F0F72A
:1004F000D5FF80463FB901223146204602B0BDE813
:10050000F047FFF7CEBFD4F830A000250434CDF873
:1005100000A03B464A4631462046F2F7CBF9022876
:1005200007D1F0F7BBFFA0EB0805642DEFD906203B
:100530001FE008BBF0F7B2FF06462046F3F70DF9BF
:10054000202809D0632D07D8F0F7A8FF851B204687
:10055000F3F706F90028F0D02046F3F701F9632DF0
:100560000CD882060AD443070AD4003818BF0120E9
:10057000800002B0BDE8F0870420FAE70520F8E724
:100580000320F6E720B119B1C1660430F2F71CBBB5
:10059000704720B119B101670430F2F715BB7047FD
:1005A00070B590F89130012B04460E46A0F1040579
:1005B00009D1436E3BB1836E28469847022384F8E5
:1005C000913000236366012E4FF0000312D1E26EDA
:1005D00084F891301AB184F890302846904794F806
:1005E000902004F1700120464FF00073BDE8704088
:1005F000F2F726BA0122636684F89120616E7431A5
:10060000294420464FF08073BDE87040F2F77ABA73
:1006100010B590F89130012B044604D1436E13B10C
:10062000836E04389847022384F891300023636670
:100630002046BDE81040F2F7C7BA436E1F2BDEBF5D
:10064000436E0133436690F89130012BDAB206D144
:10065000416E70314FF080730144F2F753BA704726
:10066000002380F89030704790F892300BB9F2F781
:10067000ABBA7047014B1868F2F7BABA0C330020D6
:10068000014B1868F2F74DBE0C330020014B58683F
:10069000F2F7AEBA0C330020014B5868F2F741BEB6
:1006A0000C330020014B9868F2F7A2BA0C330020FB
:1006B000014B9868F2F735BE0C3300202DE9F0416C
:1006C000104D2F4604468C4690469E46061D0FCF81
:1006D0000FC697E80700069B86E807001C35A36253
:1006E000079BE3620FCD04F13006C4E9088E0FC604
:1006F0002B683360002363642046C4F800C0BDE863
:10070000F08100BF5051020810B50446006803682C
:100710005B6C98472068216A036882689B689847E9
:100720002068216A03680269DB689847004B10BDA6
:100730005C010020006803689B6C18472DE9F041BC
:100740000D461946037C0446407CADF5067DDE0867
:10075000082B5FFA85FC06EBD00663898D9FD0B22B
:1007600095BF40EA0C004CEA122C8DF800008DF881
:10077000010092BF0DF101008DF800C00DF10200E3
:10078000AB423E443A462CD112F0EFFD206803689C
:100790005B6B98472068216A0368C268DB689847EA
:1007A000206803683246D3F83880694643ABC047B7
:1007B0002068216A03680269DB689847206803683B
:1007C000DB6B98472389AB4207D1217C8C9843ABE4
:1007D0003A4603EBD10112F0C8FD0DF5067DBDE8E8
:1007E000F081A18912F081FCD0E72DE9F04FADF541
:1007F000077D0446929F9DF84CA21646D51999464E
:10080000002B55D0684612F0B0FD90993A460DEB9A
:10081000060012F0AAFD20680368BAF1000F05D0A7
:10082000E26A013254D1DB693221984720680368BB
:100830005B6B98472068216A0368C268DB68984749
:10084000206803680DF58678D3F838B02A46434609
:100850006946D8472068216A03680269DB689847BF
:1008600020680368DB6B9847BAF1000F07D0E26A93
:1008700020680132036845D1DB6901219847656929
:1008800035B1002F5CD0E37C18F80300A84705467B
:10089000B9F1000F07D1A37C919806EBD3013A463A
:1008A000414412F062FD28460DF5077DBDE8F08F4A
:1008B000837C68464FEAD30805EBD30512F055FD5B
:1008C000A18908EB07020DEB060012F00EFCA2E76F
:1008D0005B6A984780462068E16A03681B6998470D
:1008E0000028A3D0206803685B6D984720680368E0
:1008F0005B6A9847E369A0EB08009842EBD36FF47A
:100900003075D0E71B6A01219847206803685B6A4D
:10091000984705462068E16A03681B6998470028E4
:10092000ADD0206803685B6D9847206803685B6AF8
:100930009847E369401B9842ECD36FF43075A7E702
:100940003D46A5E7F0B51E46037987B005460F463C
:100950003BB9CDE900620A460189FFF7EFFE07B017
:10096000F0BD90F9114090F811C0002CB8BF0734C9
:10097000E410013C64B204ABE0001946002C12DA2A
:100980002C7CE408601E40B2B0F1FF3F15D101237A
:10099000CDE9022300230196009304EBDC022846F4
:1009A000FFF723FFDBE7B5F808E0013C4EFA00FE55
:1009B00003F801EB64B20838E0E74FEAC00E27FA0B
:1009C0000EFE03F801EB0138DDE7F0B589B0002336
:1009D0008DF81730037904460A465BB9012101916D
:1009E0000DF1170100910189FFF7A8FE9DF817008E
:1009F00009B0F0BD90F91130467C002BB8BF073329
:100A0000DB10013B5BB206A8DD000146002B13DAC8
:100A1000257CED086B1E5BB25F1C15D10123CDE96F
:100A200002330DF1170301930023009305EBD60267
:100A30002046FFF7DAFED9E72789013B2F4100F86E
:100A4000017B5BB2083DE1E7DF0022FA07F700F81F
:100A5000017B013BDFE7F0B516461A46037987B004
:100A600005460F4643B9CDE900320A46334641896F
:100A7000FFF764FE07B0F0BD90F9114090F811C087
:100A8000002CB8BF0734E410013C64B204ABE000B2
:100A90001946002C12DA2C7CE408601E40B2B0F13A
:100AA000FF3F15D10123CDE902230022CDE90062E9
:100AB000284604EBDC02FFF798FEDBE7B5F80AE016
:100AC000013C4EFA00FE03F801EB64B20838E0E79F
:100AD0004FEAC00E27FA0EFE03F801EB0138DDE7FE
:100AE000F0B5037989B004460D468DF8172053B947
:100AF0000122CDE900320A460DF117034189FFF7C3
:100B00001DFE09B0F0BD90F91130467C002BB8BF36
:100B10000733DB10013B5BB206A8DA000146002B6D
:100B200013DA227CD208531E5BB25F1C15D1002061
:100B3000012301900DF117000090CDE9023302EB83
:100B4000D6022046FFF751FEDBE76789013B1741DC
:100B500000F8017B5BB2083AE1E7DF0025FA07F70E
:100B600000F8017B013BDFE72DE9F0479DF820A06D
:100B70009DF828709DF82C901C4643EA0A03072B29
:100B800005460E46904642D8544540D3FFF71DFF18
:100B9000631CFF22DBB2CAF1080A02FA03F342FA2D
:100BA0000AF21343DB43DBB280EA0802134205D1A9
:100BB000B9F1000F02D10020BDE8F08720EA03045C
:100BC00003EA08031C43E4B2224631462846FFF7F5
:100BD00087FF286803689B6A98479DF824804FF434
:100BE0007A73814603FB08F8286803689B6A984774
:100BF000A0EB0903434502D36FF00F00DCE7314659
:100C00002846FFF7E2FE60400742EDD1D3E76FF0E0
:100C10000A00D1E77FB59DF824600396089E9DF8F1
:100C20002850CDE90136002300930446FFF7DDFD8F
:100C300038B935B1A36923B1204604B0BDE870408E
:100C4000184704B070BDF0B590F9114090F811C08C
:100C5000002CB8BF0734E41087B0013C64B205AD86
:100C60000F46E6002946002C0DDA9DF83440029428
:100C70009DF83040CDE9003413464FEADC02FFF71F
:100C8000C9FF07B0F0BD47FA06FE013C05F801EBCD
:100C900064B2083EE7E77FB59DF824600396089E9E
:100CA00002960026CDE9003601239DF8285004461F
:100CB000FFF79BFD38B935B1A36923B1204604B0D5
:100CC000BDE87040184704B070BDF0B590F9114010
:100CD00090F811C0002CB8BF0734E41087B0013C75
:100CE00064B205AD0F46E6002946002C0DDA9DF8EA
:100CF000344002949DF83040CDE9003413464FEA69
:100D0000DC02FFF7C8FF07B0F0BD47FA06FE013C62
:100D100005F801EB64B2083EE7E770B586B0002342
:100D20008DF8133090F91130427C002BB8BF073397
:100D3000DB10013B04465BB205A8DD000146002B39
:100D400016DA0123CDE902330DF1130301930023D9
:100D50000093D2082046FFF748FD054628B963698D
:100D60001BB19DF813009847E080284606B070BD7F
:100D7000E689013B2E4100F8016B5BB2083DDEE7DE
:100D800070B50B46054601F11404303053F8046B7E
:100D900040F8046BA342F9D16A640E1F01F11004FC
:100DA000286856F8041F036882689B689847A64223
:100DB000F6D170BD406C18B970478B4204D0183022
:100DC0000378002BF9D118467047F8B50546FFF7B0
:100DD000F1FF88B1041D05F12C0605F1400756F816
:100DE000041F002904DB286822680368DB68984731
:100DF000BE4204F10404F2D1F8BD00000648074BDE
:100E0000074A1B68B3FBF2F310B544684B434268D2
:100E1000121B9342FBDC10BD001000E040000020DC
:100E200040420F00CBB21A2B09D80F4A52F8233098
:100E300001F4E0601843431C18BF0846704701F0F6
:100E4000C002C02A0CD1C72B0AD8084B01F03F02C0
:100E500001F4E06053F82220034B53F82230E9E715
:100E60004FF0FF30704700BFEC550208CC55020828
:100E7000704790F82C2008B512B103681B6B984797
:100E8000BDE80840F5F7F0BD006A00210EF04EBF46
:100E9000006A0EF084BFF8B507460C465D1E8E183A
:100EA000B44200D1F8BD14F8011B386A00220EF0DC
:100EB00078FF05F8010FF3E70EF0A7BA4B1C0846C0
:100EC00003D00021C0B20EF0D3B9704708461146D6
:100ED0001A46431C02D0C0B20EF04AB97047006AED
:100EE0000EF05CBFD0E90912006A0EF035BF08466B
:100EF00011461A46431C01D00EF082BC00207047F8
:100F00000EF0E8BC0EF0E4BC08460EF0E5BC4B1C4D
:100F1000084601D00EF0EEB9704700001FB5084634
:100F200011461A46431C13D00024CDE90044CDE9F4
:100F3000024421B1074B0393074B0091029369468A
:100F40000EF00AFA029B1BB1694603220846984735
:100F500004B010BDE96A0008C96A00084B1C0846C5
:100F600001D00EF00FBC002070470846431C11460C
:100F700001D00EF0CDBB70470846431C114601D08E
:100F80000EF05CBB704710B530210446F5F7CDFA82
:100F9000204610BD90F82C2012B103681B6C184736
:100FA0007047000070B586B004AD85E80C000423DE
:100FB0000322CDE90132012200230E460092194698
:100FC000044603F00FFE95E80300064B236004F18E
:100FD0002403266283E803000023204684F82C3093
:100FE00006B070BD106C02087047000008B5A1F192
:100FF0001B030846032B16D8DFE803F00A0206118C
:101000000B4807F0ADFD08BD094807F075FDFAE78C
:10101000074807F087FD80F00100C0B2F3E70448FD
:1010200007F097FDF7E7BDE808400EF0ABBB00BF47
:10103000EC3300200846A0F11B03032B114601D915
:101040000EF0FCBA704710B530210446F5F76DFA82
:10105000204610BD08461D28114604D81B2810D86C
:1010600009D00EF055BB1E28FBD1B2FA82F105481B
:10107000490907F061BDB2FA82F10248490907F057
:1010800043BD7047EC33002037B504463020F5F7F8
:1010900048FA0A4B0A4905460CCBFFF783FF094B78
:1010A0002B601C221E23CDE9003229461D231B2262
:1010B0002046FFF703FB204603B030BDD86C020882
:1010C000EC330020786C02080368D3F8DC30184752
:1010D0000368D3F8E030184770472DE9F04385B036
:1010E0000F464FF0000801230DF10F0240F6E70113
:1010F00006468DF80F8002F0C4FA0446002855D148
:1011000033683046D3F8D830984704218146FFF73A
:1011100051FE032105464846FFF74CFE28B165B94C
:101120000E2F47DD6FF00C0440E017F1090FF9DBDB
:10113000002DF7D007F1090303E00E2FFBB20EDDFF
:101140000933DBB21F2BEDD801250723224600957A
:101150000421304602F076FA042304460DE01133F0
:10116000DBB21F2BDED80122234600920421304639
:1011700002F068FA45460446032386F86431ACB9A8
:101180002946304601F001FB044678B90422F9B241
:10119000304602F00CFB044640B901230DF10F026A
:1011A00040F6E701304602F065FA0446204605B0F5
:1011B000BDE8F08307F11103DBB21F2BB2D8012287
:1011C000234600920421304602F03CFA03230446F1
:1011D000D3E7000010B502F0A8FA0446054807F06E
:1011E00088FC044807F079FC10B1024807F07BFC4A
:1011F000204610BDEC33002010B50446034807F02C
:1012000075FC2368BDE81040184700BFEC33002090
:10121000014807F051BC00BFEC33002010B54FF47B
:10122000E4710446F5F781F9204610BD10B5044677
:1012300000F0B2F9014620B92046BDE8104003F0A5
:10124000E3B910BD012A02D1016000207047022AD3
:1012500005D0032AF9D0002AF7D10260F5E70B6820
:101260000360F2E71FB50023CDE90013084B039399
:101270000848094B0293694607F0E4FB029B1BB147
:10128000694603220846984705B05DF804FB00BF95
:10129000F9110108EC3300204512010810B504468D
:1012A00000F04FF9014620B92046BDE8104003F098
:1012B000ABB910BDF0B587B004469DF93450BDF808
:1012C00038609DF840700497CDE901560F9F0C9D42
:1012D0000397009500F06AF8014628B9204607B048
:1012E000BDE8F04003F090B907B0F0BDF0B587B0AD
:1012F00004469DF844E09DF830509DF834609DF917
:101300003870BDF83CC0CDF814E0DDF840E0CDF811
:1013100010E0CDE9027CCDE9005600F015F8014659
:1013200028B9204607B0BDE8F04003F06DB907B01A
:10133000F0BD000010B5044600F090F9014B2360A9
:10134000204610BDE86C0208F0B51E46164B044658
:101350008C4617460FCB85B06D4685E80F009DF88B
:1013600028308DF809309DF82C308DF80A309DF921
:1013700030308DF80B30BDF83430ADF80C300E9BAA
:10138000C4F850319DF83C3084F854312368CDF8CE
:1013900000C0D3F8F03001978DF808602946204648
:1013A000984705B0F0BD00BF80510208F0B5144D5C
:1013B00006468E4694461F460FCD87B001AC0FC43B
:1013C0002B6823600C9B04939DF934308DF8143006
:1013D000BDF83830ADF816300F9BC6F850319DF887
:1013E000403086F854313368CDF804E0D3F8F83053
:1013F000CDF808C0039701A93046984707B0F0BD63
:1014000090510208F0B516460D4A04460F4607CA29
:1014100085B001AD85E807008DF80C300A9BC4F853
:1014200050319DF82C3084F8543123680197D3F85B
:101430000031029629462046984705B0F0BD00BF0E
:10144000A451020813B58DF805309DF810308DF8C1
:1014500006309DF914308DF80730069BC0F85031E6
:101460009DF81C3080F8543103680091D3F808319E
:101470008DF804206946984702B010BD4AB116297C
:101480000B466FF00800A8BF16238342B8BF03467F
:1014900013700931C9B21F298CBF6FF00C000020F6
:1014A0007047000010B5012986B006D002292BD064
:1014B000C9B16FF0130006B010BD00220368059299
:1014C000194A04924FF0080C0A22CDE9022C4FF081
:1014D000120E0722CDE9002E1449D3F8F440144A25
:1014E0000923A047E7E7104A0368039210240A2261
:1014F000CDE901240F4A04910092D3F8FC400E4A32
:101500000E4B0A49A047D6E7002302680393064B17
:1015100002930A210123CDE900310449D2F80C419C
:101520000622A047C7E700BFCDCCCC3F0000D9437F
:101530000000FA4233331C439A9999400000A040BE
:10154000704770B58B898A7A0D46497A044601F056
:10155000DDFA00BB2368297AD3F8E83020469847A3
:10156000C8B923686968D3F8E4302046984790B931
:1015700023682968DB6B2046984760B90121204623
:1015800001F003F938B9236895F90B105B6D20461B
:10159000BDE87040184770BD37B54B8A0093CB68E3
:1015A0008A680C464968054601F004FB98B92B6827
:1015B0002168DB6B2846984768B90121284601F06D
:1015C000E4F840B92B6894F910105B6D284603B01D
:1015D000BDE83040184703B030BD70B50C464968CF
:1015E000054601F057FB90B92B682168DB6B284654
:1015F000984760B90121284601F0C7F838B92B682F
:1016000094F908105B6D2846BDE87040184770BD1E
:1016100070B58B794A790D460979044601F04EFB85
:1016200090B923682968DB6B2046984760B901218F
:10163000204601F0AAF838B9236895F907105B6DC8
:101640002046BDE87040184770BD10B54FF4E471F6
:101650000446F4F76AFF204610BD000010B50446AA
:1016600000F068FC034B2360034BC4F8583120465C
:1016700010BD00BF086E0208F86D020870B50C4678
:101680000546144920461646EFF71EFDF0B11249F3
:101690002046EFF70FFDC8B12EB121462846BDE820
:1016A000704003F019B8D5F860112046EFF750FAF2
:1016B0000A4920F00040EFF707FD0028EDD0214651
:1016C000284600F07AFE0028E7D070BD6FF00B00CE
:1016D000FBE700BF00001643000070440000A0417B
:1016E0000022FFF7CBBF0000036873B59B6D164661
:1016F000002205460C46984790B99EB10B4B04F169
:10170000090203EB420113F8123091F9014003F092
:101710000F021B09002100912846214602F086FF96
:1017200002B070BD04220723F4E700BF186F02085F
:101730000122FFF7D9BF000030B5074B05460FCB9C
:1017400085B06C4684E80F002B682146D3F8A030A2
:101750002846984705B030BDB051020813B503685C
:1017600000220092DC6940F2722202236FF07F4176
:10177000A04702B010BD000030B5074B05460FCBA7
:1017800085B06C4684E80F002B682146D3F894306E
:101790002846984705B030BDB051020882B02DE907
:1017A000F041012906A880E80C000B9C9DF82660FA
:1017B0009DF8277009D0022975D000294BD06FF011
:1017C0001300BDE8F04102B070479DF8188042F266
:1017D000107000FA08F0EFF76DFA514905460798C6
:1017E000EFF7C0FA01462846EFF770FBEFF7BCFCB5
:1017F000A8F10503DBB2012B9DF8283005468BBF0D
:1018000008210021112019200BBB4FEA880304EBAB
:101810004707002EC8EB47020CBF1426002601EB39
:101820008201DBB2314409B25A1E0029A8BF521806
:1018300092FBF3F3BDF824209DF820109BB20832F0
:1018400001FB032300EB830068438008B9E7A8F19C
:1018500002039B00DBE7F800EFF730FA054630465D
:10186000EFF72CFA01462846EFF774F90546BDF864
:101870002400EFF723FA01462846EFF76BF90546F7
:10188000E000EFF717FA01462846EFF763F925491C
:1018900004460698EFF71AFB01462046EFF716FBC1
:1018A000EFF762FC8DE79DF81930032B34D8DFE8A1
:1018B00003F002282D300623634304330522B3FBD3
:1018C000F2F39CB23022B4FBF2F303EB830000EBA3
:1018D000800002FB13444000A4B280B214B1023471
:1018E000204480B29DF82430C3EBC30203EBC20353
:1018F00000EB43000C4B80B25843EFF7DBF90B4988
:10190000CCE704EB4404C4F34F04DBE76400A4B267
:10191000D8E704EB4404FAE76FF0090051E700BF91
:101920000000204100007A4400127A001D24F44394
:1019300008B50846EFF7BEF90249EFF7C7FAEFF727
:1019400013FC08BD00007A41036889B2D3F8EC307B
:1019500018470368D3F8DC301847D0F8680170479F
:1019600000F00E03062B0BD0082B0CD00A2B0CD04A
:101970000138C0B2FD288CBF6FF001000020704715
:101980006FF430707047024870470248704700BFDC
:101990003EFDFFFF3DFDFFFF704700002DE9F042D7
:1019A0008AB004460F4601F0EFFE05AE00230DF1AC
:1019B0001C090128C9E90133054607930593B38043
:1019C0003DD194F86D31042B35D80433DBB28DF85A
:1019D000243094F86C318DF81C30D4F874310893AD
:1019E000B4F87231ADF8143094F86F31003B18BF81
:1019F00001238DF8173094F87031591E4B424B413A
:101A00008DF8163094F86E31003B18BF01238DF825
:101A10001830039796E80300099B0190ADF8081071
:101A20000093216899E80C008E6F20462946B04744
:101A30000AB0BDE8F082072B08BF0823C7E730BB18
:101A4000D4F87C01EFF736F901462148EFF73EFA6A
:101A50000790D4F88001EFF72DF994F887310890BA
:101A600013F0FB0F11D0022B03D09A1F53425341A6
:101A70005B00B4F88C21ADF8142094F888218DF81F
:101A800016208DF817300025C3E70123F1E703285E
:101A90000ED1B4F8A8315BBAADF81C3094F8AF3170
:101AA0008DF81E3094F8AA318DF814300225B0E775
:101AB000022809D1D4F87C01EFF7FCF8014604486C
:101AC000EFF704FA0790DEE76FF01300B0E700BF0E
:101AD00000007A4910B50C4659B101F055FE0128B5
:101AE00002D0032803D038B92070002010BD022096
:101AF000FAE76FF00200F9E76FF01300F6E708B5B8
:101B0000D0F868010221FFF760F94FF0FF3008BDFF
:101B100037B50D46044690F86411D0F86801FFF718
:101B200054F95DB90123CDE900330023D4F86801ED
:101B30001A46D121FFF7C9F803B030BD2946204627
:101B400001F004FE0028EDD0F6E707B500238AB2C5
:101B50000093114601F0CCFD03B05DF804FB1FB506
:101B60000023ADF80C300123CDE9003303AA022392
:101B70001221D0F86801FFF766F8BDF80C0040BAF2
:101B800080B205B05DF804FB2DE9F041002486B079
:101B9000FF270226CDE90274CDE90046054623461B
:101BA000224640F6E201D0F86801FEF7DDFFCDE9FC
:101BB0000274CDE900462346224640F6E501D5F8F9
:101BC0006801FEF7D1FF6FF07F41284601F0D5FC98
:101BD000D5F86831186803680A21DB6998472746F9
:101BE000264601230DF1170240F6190128468DF80B
:101BF000176001F046FD9DF8170000F00100A040BD
:101C000001343843082CC7B2EBD12B6802244FF0C3
:101C1000FF081B6928469847CDE9014803960096BE
:101C2000D5F868010023012240F6E201FEF79CFF8F
:101C3000CDE90286CDE900640023D5F868010122D0
:101C400040F6E501FEF790FF384606B0BDE8F081AA
:101C500090F83810022938B5044605D0032911D070
:101C60006FF01805284638BDD0F86801FFF7ADF8C9
:101C7000D4F8A411204601F080FC0546002384F826
:101C80003830EFE790F86411D0F86801FFF79DF85D
:101C90000021204601F05BFC05460028E2D1D4F883
:101CA00068311868D96A0268126990470028E5D03F
:101CB000D4F86831186803685B6D9847EFE7D0F88F
:101CC000683110B50446186803681B699847C1B2AB
:101CD0002046BDE8104002F063BE10B54FF4E47139
:101CE0000446F4F722FC204610BD036810B5D3F873
:101CF000EC3044F2FF310446984728B92368204667
:101D00001B69BDE81040184710BD000010B504461F
:101D100001F03AFD01280ED123682046D3F8843023
:101D20009847C3050AD410F0800F14BF6FF00E005F
:101D30004FF0FF3010BD6FF01300FBE70048F9E7EC
:101D400042FDFFFFF7B505460E4601F01DFD0128D7
:101D500033D12B6828461B699847044650BBD5F8F9
:101D600068010221FFF731F8B168284602F0E8FD6A
:101D7000F1680746284602F0E3FD0094234682B24C
:101D8000B9B2284601F0B4FC044698B92B6844F275
:101D9000FF31D3F8EC3028469847044650B97368B1
:101DA0000193F3780093B37872783178284601F084
:101DB000FBFB0446204603B0F0BD6FF01304F9E7C7
:101DC00010B5044601F0E0FC012812D1204601F0D4
:101DD00013FE10F4004FC0F3072018BFA0F5807069
:101DE000EEF700FB044B0022EEF766FBEEF75CFE1D
:101DF00010BD0248FCE700BF0000D03F0000A0C1BA
:101E00002DE9F3411D4603681B6904460F4616463B
:101E10009847002846D16DB92368002EDB6F14BFA8
:101E20003146FF21204698474FF47A7300EB80003B
:101E3000B0FBF3F52846EEF73DFF2D49EEF792FF94
:101E40002C49EFF743F8EFF78FF92368002200924F
:101E5000D3F81C800146022340F272222046C0477C
:101E600000BBD4F86831186803685B6A98478046FD
:101E7000D4F868311868596A026812699047A0B1AD
:101E80000025236820461B69984718B16FF430730A
:101E9000984207D12368D5B123682046DB6A98476A
:101EA0006FF0050002B0BDE8F081D4F86831186821
:101EB00003685B6D9847D4F86831186803685B6AFB
:101EC0009847A0EB08008542D2D20125D9E7D3F884
:101ED000843020469847636B1842DDD123681B6B22
:101EE00032463946204602B0BDE8F041184700BFEF
:101EF00000007A4400007A41036810B5D3F89430AA
:101F00000446984730B110BDD4F8683118680368AA
:101F10005B6D9847D4F868311868596A026812698D
:101F200090470028F0D023682046D3F89830BDE8C9
:101F30001040184738B504460D4602F0DDFC344A1F
:101F4000C4F850210022C4F86021C4F87421C4F8F8
:101F5000902140F20162A4F8A8212E4A2E4B12696A
:101F60002360032000230121C4E95F3384F84D314D
:101F700084F85431C4F8583184F85C3184F8640131
:101F8000C4F86C3184F87031A4F8723184F8781197
:101F9000C4F88431A4F8883184F88A31A4F88C31EB
:101FA000C4F89431A4F8983184F89A31C4F89C317B
:101FB00084F8A031C4F8A43184F8AA01C4F8AB2194
:101FC00084F8AF31C4E96C33C4E96F33A4F8B83195
:101FD000C4F8C431114B6360FF23A36002220423C1
:101FE000C4E90523216110230821C4E90713202037
:101FF0004023C4E90903C4F868514FF48073802575
:10200000C4E90B534FF400736363204638BD00BF2F
:10201000CDCCCC3FB0510208606F02080024743F61
:1020200010B5032ABDF8084011D8092980F8A82165
:1020300010D85A1E032A80F8A9110ED8B4F5007FD3
:1020400080F8AA310CD2A0F8B841002010BD6FF082
:102050000900FBE76FF00700F8E76FF00A00F5E70B
:102060006FF06900F2E7D0F8683170B5044618687F
:1020700002680D469668996A8268B047D4F868315C
:102080001868996A0268D668C268B047D4F868319F
:10209000186803680121DB699847D4F8683118682B
:1020A000996A0268D6680269B047F5B1D4F8683118
:1020B000186803685B6A98470646236820461B69D0
:1020C0009847054688B1D4F86831186803685B6A98
:1020D0009847801BB0F57A7F08D2D4F86831186829
:1020E00003680A21DB699847E7E70025284670BDA9
:1020F000036810B5D3F8843004469847430410D5DC
:10210000D4F8C411204601F00F0101F04FF950B985
:1021100023682046D3F8EC30BDE8104044F2FF318C
:1021200018476FF0040010BD2DE9F047984603688A
:102130001B6904460F4616469847002841D194F87B
:102140006D31042B3FD9072E5BD994F86F31012BE9
:1021500039D1FD2E58D823683146DB6F2046984789
:1021600023680546D3F82490324643463946204634
:10217000C84730BB20464FF47A7305EB8505B5FBA5
:10218000F3F501F001FBD4F86831064618680368DE
:102190005B6A984705350746D4F8683118680368C4
:1021A0005B6D9847D4F86831186803685B6A984794
:1021B000C01B854209D2236820469B6A98476FF06E
:1021C0000400BDE8F087FF2EC4E7D4F86831186832
:1021D000596A0268126990470028DDD0032E2368EF
:1021E00009D1D3F8843020469847C30703D420464A
:1021F000FFF77EFFD0E7236820469B6ABDE8F047E3
:1022000018476FF01D00DCE76FF00300D9E700000E
:102210001FB571B101F0F0FBC0B2EEF7E3F80F4B60
:10222000002201F10041EEF747F9EEF73DFC04B062
:1022300010BD0123CDE900338DF80F100DF10F0211
:102240001521D0F86801FEF7FEFC9DF80F00EEF7AF
:1022500031FD4FF03F41EEF785FDE8E70000E03F3C
:102260000121FFF7D5BF30B585B00546144601F012
:102270008BFA012808D195F87031012B04D11CB9D3
:10228000D5F89C0105B030BD0023ADF80C3001231A
:10229000CDE9003303AAD5F8680102231321FEF724
:1022A000D2FC14B19DF80D3023709DF80C00E9E7C5
:1022B0002DE9F3410546D0F868010F461646FEF7B2
:1022C0002CFD2B680446D3F88430284698476FF4D9
:1022D00030739C4208D110F4007F18BF6FF00504E2
:1022E000204602B0BDE8F081002CF9D143062CD481
:1022F00000F03000202814BF4FF000086FF00608EF
:1023000000230DF10702012128468DF80730FFF761
:10231000AAFF16B1B04228BF3046C2B29DF80730BE
:102320003946284601F0D0F904460028D8D12B6858
:1023300044F2FF31D3F8EC3028469847B8F1000F4B
:102340000CBF04466FF00604CAE76FF00608D7E733
:102350000022FFF788BF73B5054608464FF07E514F
:102360001646EEF7F5FB4FF07A51EEF7FBFC0EF058
:102370002FF8EEF7F9FE4FF07E51C4B23046EEF77B
:10238000E9FB4FF07A51EEF7EDFC0DF0DFFFEEF7D1
:10239000EBFEE107C3B25CBF04F1FF34E4B2DA073D
:1023A0005CBF0133DBB201A928468DF804408DF8EB
:1023B000053001F0DBF902B070BD73B500230546AE
:1023C0000846ADF804300C46EEF7A8FEA0F28633BE
:1023D0001A2B21D9A0F25F33072B28D9A0F20B3397
:1023E000082B27D9A0F5EB73282B26D9A0F5D77396
:1023F0000A2B25D94FF081412046EEF7ABFB4FF079
:10240000814106462046EEF7A3FB324601462846A8
:10241000FFF7A1FF02B070BDE122E92301A9284620
:102420008DF804208DF8053001F0A0F9F2E7D722ED
:10243000DB23F3E7C122C523F0E775228123EDE713
:102440006B226F23EAE7000037B500238DF80730D1
:102450000DF10702012340F68901044601F011F94C
:10246000E8B9204601F090F901289DF8075018D1ED
:102470000D49D4F87401EEF76BFB0C4920F00040D5
:10248000EEF718FE68B105F0FB0501230DF1070218
:1024900040F6890120468DF8075001F0EBF803B0B3
:1024A00030BD45F00405F0E70000FA436F12833AAF
:1024B0002DE9F0410229C8B005460E46174606D060
:1024C00003297DD06FF0180048B0BDE8F08190F886
:1024D0007031012B03D1D3680BB1C0F89C312B684C
:1024E00028461B6998470028EED13A6879686FF052
:1024F0007F439A421EBFBB6843F40073BB6028460B
:1025000002F01EFAB9680446284602F019FA0023C0
:1025100082B20093A1B2284601F0EAF80028D3D194
:1025200002460146284601F046FA0028CCD12B6825
:1025300044F2FF31D3F8EC30284698470028C3D145
:10254000284601F021F901281AD195F8A03101930C
:1025500095F87031009395F89C3195F86F21B5F896
:102560007211284601F0ACF93B68013304BF6FF0EB
:102570007F433B603B68C5F8A43185F83860A3E72A
:1025800010B14FF0FF309FE795F88A01B5F88C1134
:1025900095F8842195F8873195F888C195F889E1F7
:1025A00060B995F89C41CDF808E0CDE9030400201E
:1025B000CDE900C0284601F0A9F9D5E7FF24F2E7EC
:1025C0005368FF2B00F2DE8001F0DEF8012804469C
:1025D00016D195F8A031019395F8703100933B79AD
:1025E00095F86F21B5F87211284601F069F90028B5
:1025F0007FF46AAF00230093012240F2012138E00A
:10260000A8B93B79049395F88A31039395F88931F9
:10261000CDE9010395F88831009395F8873195F855
:102620008421B5F88C11284601F070F9DFE7022803
:1026300018D1D5F87C317968642B4FEAC1039BB27D
:1026400041F6705243F20F700093C9B240F2E14379
:1026500008BF134640F62F1208BF0246284601F075
:102660007EF9C4E703288CD1002344F201020093D1
:102670001146284601F03CF800287FF425AF0246B9
:102680000146284601F097F900287FF41DAF032C7E
:1026900019D003463A793968284601F001F8002834
:1026A0007FF412AF2B6844F2FF31D3F8EC302846A8
:1026B000984700287FF408AF2846FFF7C5FE00289A
:1026C0003FF45BAF00E7284600F0C0FD00287FF430
:1026D000FBAE044695F8AA31C3F10403A3424CDCD7
:1026E0000024FB22214609A8089410F0FEFC05F501
:1026F000E073C5E96F44C5F8C4410DF11C080293AD
:1027000005F5DE73CDE900832846D7E9001208AB52
:10271000079400F01DFB00287FF4D6AE03469DF819
:102720001C2008A9284600F0BBFF00287FF4CCAE8F
:1027300001238DF81830079B8DF81930D5F8C0317A
:102740008DF81A3006AA032340F28531284600F09E
:1027500091FF00287FF4B8AE95F8C071102F28BF04
:1027600010270446A7429DD9E1B2284600F01EFE7C
:1027700000287FF4A9AE0134F4E7284600F0FCFD00
:102780000134A7E76FF003009EE637B500230D463E
:102790008DF807300DF10702012340F6D8010446F9
:1027A00000F06FFF70B99DF807306DB143F01E0364
:1027B0008DF807300DF10702012340F6D8012046BD
:1027C00000F058FF03B030BD23F01E0343F00803B0
:1027D000EEE737B590F87031012B044602D00020A7
:1027E00003B030BD00F0D0FF01280546F7D100232B
:1027F0008DF806300DF10602034640F60211204620
:1028000000F038FF0028EBD18DF807002B460DF1C2
:10281000070240F64411204600F033FF0028DFD1C4
:102820009DF8073043F002038DF807300DF10702E1
:102830002B4640F64411204600F01CFFD0E7036809
:1028400010B51B690446984760B92046FFF7C1FFE1
:1028500040B923682046D3F8EC30BDE8104044F27C
:10286000FF31184710BD37B500230D468DF80730EE
:102870000DF10702012340F23671044600F001FF1A
:1028800088B99DF80730012D0CBF03F0FB0343F01E
:1028900004038DF807300DF10702012340F2367171
:1028A000204600F0E7FE03B030BDF0B585B0044629
:1028B00000F06AFF0246002878D1D4F87C31D4F8C1
:1028C00068010392FF26B3F5966F029609D10221A3
:1028D0000423CDE9003140F6B801FEF745F905B013
:1028E000F0BDB3F5167F4FF002054FF00303CDE9BD
:1028F00000354FF004032ED1182240F2D161FEF7CB
:1029000033F90028EBD1CDE90260CDE9005504236D
:10291000D4F868011A4640F69B01FEF725F9002815
:10292000DDD1CDE9026004270195009702463B46C0
:10293000D4F8680140F6B801FEF716F90028CED1A8
:10294000CDE90260CDE9007506235022D4F8680174
:1029500040F2AC61C1E7082240F2D161FEF704F910
:102960000028BCD1CDE90260CDE900550246042320
:10297000D4F8680140F69B01FEF7F6F80028AED1C6
:10298000CDE90260042701950097D4F868013B4621
:10299000102240F6B801FEF7E7F800289FD1CDE9F4
:1029A0000260CDE9007506230246CFE7002096E7D6
:1029B000F0B5054685B00F460A2400262B7B1BB1D7
:1029C00001212846FFF74FFBD5F8680110224FF48C
:1029D00048716B46CDE90066CDE90266FDF7B2FFAE
:1029E00006226946384610F0A6FB10B9012005B052
:1029F000F0BDD5F86831186803680A21DB69013C2D
:102A0000984714F0FF04D9D12046F0E770B504468A
:102A1000D0F868010E46FDF777FED4F868311868E3
:102A2000596A026895684268A847D4F868311868FE
:102A3000D96A026895684268A847D4F86831304876
:102A40004FF401621A820122DA74D4F868314FF42B
:102A500040011A712B4A5A61C3E90201D4F8581196
:102A60002046FFF7A5FF38B9D4F86801FDF762FEEC
:102A70006FF00105284670BDD4F85051002128465A
:102A8000EEF72CFB68B93146204601F03AFE0546C8
:102A900088B994F854316BBB2046BDE8704001F012
:102AA000D0BC294641F28832204601F0F3FC0546AD
:102AB0000028E8D0DEE7236820461B6998472046B7
:102AC00000F0BCFF104B9D42D4D18306D2D500212B
:102AD000C4F8501141F28832204601F0DBFC054673
:102AE0000028C7D13146204601F00BFE05460028DC
:102AF000CFD0BFE72046BDE8704001F09FBC00BFCB
:102B00001D000D00611901083DFDFFFFF7B51D46D1
:102B1000254BC0F87431062380F85C31002316463B
:102B2000C0F89431214A80F87031FF230F46A0F895
:102B30007251C0F86C21C0F89C3101210446FFF7A6
:102B400065FF70BB02463946204601F052F840BB93
:102B500044223146204601F079F810BB236829460B
:102B60001B6E20469847E0B91149204601F08EF8C7
:102B7000B8B90121204601F047FD90B90123009327
:102B800041F60F5241F221030221204601F088FB59
:102B900038B923681B6D0146204603B0BDE8F040FC
:102BA000184703B0F0BD00BF0000FA43090300015D
:102BB000000070422DE9FF4117461E4645F255328E
:102BC0004CF6CC43C0E95F23304BC0F890311A2358
:102BD000BDF8285080F8853140F209638846A0F896
:102BE0008631A0F88C5100210446FFF70FFF002822
:102BF00049D1236841461B6C20469847002842D1A2
:102C0000236839465B6C2046984700283BD1314603
:102C1000204601F05DFA002835D11D49204601F01B
:102C200035F880BB236829461B6E2046984750BB69
:102C30004AF61253ADF80C3023680222DB6D03A96B
:102C400020469847F8B9236801469B6C2046984770
:102C5000C8B923680146DB6C2046984798B9FF2124
:102C6000204601F035FD70B90125009541F22103A0
:102C700041F60F520221204601F012FB18B92946F5
:102C8000204601F0C1FC04B0BDE8F08133331C43A1
:102C90000000704238B50D4602210446FFF7B6FE2B
:102CA00058B9236829461B6C2046984728B9204606
:102CB0000121BDE8384001F0A7BC38BD70B50D4614
:102CC00086B080F8AF31032104461646FFF79EFE1A
:102CD00088BB1D49204600F0D9FF60BB012120467A
:102CE00001F092FC38BBCDE90300CDE90100009072
:102CF000034602460146204600F008FED8B90B23E1
:102D000084F88631236884F88501C4F880011B6C3F
:102D10000E492046984770B9032E0ED8092D84F825
:102D2000A8610DD8032384F8AA314FF4807384F886
:102D3000A951A4F8B83106B070BD6FF00900FAE7E8
:102D40006FF00700F7E700BF000070420000FA3E96
:102D50002DE9F04F83469146ADF5297D1C460020B4
:102D6000FF22484540F0CA80B04810230026037077
:102D700047F25B574FF6FF734A462146C0E901739D
:102D8000C66001F053FEC0F3072304F8093004EBDA
:102D900009034FF41772587009F102033146E654E3
:102DA00009AD11A80593109610F09FF9A0482E6068
:102DB000032101F07FFE09F10203DA00063210ABB5
:102DC00021469B48009501F079FEFF2231462046BE
:102DD00010F08BF99BF8A871032F2ED0954B0CAAFD
:102DE00003F1080C18685968164603C60833634592
:102DF0003246F7D1186899889B79B371022F98BF32
:102E00008D4B3060B18098BF13F807C02B680293D8
:102E10004FF0000388BF4FF0000C1A4618460DF122
:102E200030084FF0010A029999427BD1099207328A
:102E3000D208214610A810F098FA099B02930022AC
:102E400093B202985B438342114602F10102F7D329
:102E50008BB25B009BB204939BF8AA31BDF908507A
:102E6000C1F34E020692C3EBC30203EBC20300217F
:102E70005B009BB28A460A46002D74DC9BF8AA21AF
:102E80006A4F8DF828906FF0710101FB02330993AE
:102E90009BF8AF319BF8A8219BF8A9119B0043EA4E
:102EA000C20343EAD10343F002038DF82930BBF893
:102EB000B8311A091B0142EA41128DF82B30082360
:102EC0008DF82A203B702F22FF23C7E9012300261B
:102ED000FE6035469BF8AA11B14200F2AF80059B17
:102EE0009BF8A821DB0006339BB2032A00F27B810A
:102EF000DFE812F06D017501A001A2010B5C5340E7
:102F00001D0145EA13132354130983EA521383EA7C
:102F1000D20303F0010383EAD2135200D2B21A4360
:102F200001301EE718F80010B9B110AFDE084FEA03
:102F3000D20EBE5D14F80E10DF43D54307F007072D
:102F400005F007053E41F6070AFA05F546BF294395
:102F5000C9B2A94304F80E1001320130844508BFFC
:102F6000002001335FE7302D28464FEAD306A8BF83
:102F700030200390D843A75D4FF0010C00F007000C
:102F80000CFA00F027EA000703EB0C00A755C71066
:102F9000C043E65D00F007000CFA00F026EA0006E8
:102FA000E6554FF0000C9F1CFE434FF0010E06F05B
:102FB00007060EFA06F60DF140084FEAD20EF81099
:102FC00018F80EE007906FEA020808F00708205C86
:102FD0004EFA08FE1EF0010F14BF3043B0434FEA13
:102FE000E70618BFC0B2A05504980244029892B2F6
:102FF00090420BD8069A0498524492B290429FBFD6
:10300000013189B20A468A4688BF9246039E0CF176
:10301000010C0FFA8CF0864207F10107C4DC304640
:103020000230303D18442DB283B225E734330020FE
:1030300030330020C8510208577002089DF82B3029
:103040000139891B23F00C0343EA810304220AA9F6
:1030500038468DF82B3001F0E9FC0DF130084FF0C7
:103060000009C8F800908DF82C0002217448CDF8B2
:103070003490ADF8389001F01DFD28220DEB0201CF
:1030800043466F48CDF8009001F018FD28220DEB63
:10309000020143466A48CDF8009001F00FFDEA08AE
:1030A000EB43A15C4FF0010E03F007030EFA03F3AC
:1030B00021EA0303A35405EB0E03DA10DB43A15C02
:1030C00003F007030EFA03F321EA0303A3545D4B55
:1030D000029305F1020C05F12A00029B13F8011B73
:1030E00002934FEAD1094FEADC0A18F8099014F864
:1030F0000A30C9436FEA0C0201F0070102F007022F
:1031000049FA01F919F0010F0EFA02F218BF134340
:103110000CF1010C14BFDBB29343604504F80A3094
:10312000DBD105F17203DFF82091029305F14A0C1F
:103130000DF1300A19F8011F6FEA0C024FF0010E71
:1031400002F007020EFA02F24FEAD10E4FEADC0853
:103150001AF80EE014F80830C94301F007014EFADE
:1031600001FE1EF0010F1ABF1343DBB2934304F8B4
:103170000830029B0CF1010C6345DBD100214FF0BC
:1031800001090BEBD10C4FEAD0089CF8ABC114F845
:1031900008306FEA010EC2430EF0070E02F007027C
:1031A0004CFA0EFC1CF0010F09FA02F218BF13438F
:1031B00001F1010114BFDBB29343202904F8083068
:1031C00000F10100DDD17235ADB2013682E6062292
:1031D000534304330522B3FBF2F39BB203E003EB4A
:1031E0004303C3F34F03302003F12F02B2FBF0F28D
:1031F0000A44B4990A60B3FBF0F101EB810202EBDF
:10320000820200FB113352009BB292B213B102331F
:103210001A4492B29BF8AA11722313FB0123B39AAA
:103220001360B29A0733DB08002013600DF5297D87
:10323000BDE8F08F5B00D0E703EB4303CDE700BFB1
:10324000303300205A7002088170020870B5464A77
:103250008AB0034605AC02F1100610685168254695
:1032600003C50832B2422C46F7D110683F4A2860A5
:1032700010689288ADF810203D4A029249F28E52B1
:10328000ADF8042093F8AF210390002A93F8A92108
:103290000AA800EB42020CBF3421082132F8142C9A
:1032A000B2FBF1F20621632AA3F8B021A3F8B21110
:1032B0002AD037D83C2A53D022D81E2A19D8092A16
:1032C0001BD92C4921FA02F2D20716D5B3F8B8213E
:1032D0000AA901EB9211B2F5C07F11F81C1CA3F8EA
:1032E000B41102F03F01A3F8B61106D200200AB0D3
:1032F00070BD232AEAD02F2AE8D06FF06900F6E7E4
:103300003E2A2DD0562AF8D1B3F8B8210AA901EBEC
:10331000D21102F07F0211F8201CA3F8B411A3F817
:10332000B621E3E7B2F5C37F13D00ED8B92A01D096
:10333000C62AE2D1B3F8B8210AA901EB1221D2B210
:1033400011F8241CA3F8B411E9E740F293118A4262
:10335000D3D14FF48472A3F8B421B3F8B821DEE7D7
:103360003822A3F8B221B1E7D85102085070020800
:10337000414447480004405010B5B0F8B231B0F8AD
:10338000B611B0F8B041024603F001005B0818B175
:10339000B2F8B40143409BB2994214BF81EA0300E2
:1033A00008468442F0D3A2F8B23110BDD0F8C03143
:1033B0002DE9F34104460E46002B66D0FFF7DCFFF3
:1033C000B4F8B031471EBAB23FB2B7EB530FA8BF43
:1033D000D21A03F0010594F8AF31A8BF17B2013536
:1033E000002B56D0AD004FF480584FF09841D4F8E0
:1033F0006001EDF7B7FC4FF07451EDF7B3FCEDF75A
:10340000B3FED4F8C42194F8AA316D0208FB075525
:103410009A42A0EB050004D29B1ADB0758BF00F5C7
:10342000807006EB460700BA7F00042301900DEB85
:10343000030207F28A31204600F01CF930BB6EB35C
:1034400094F8AA31B3422BD8D4F8BC51312D29D8E5
:10345000ADB200238DF800306A46022307F5627191
:1034600020468DF8015000F005F978B9D4F8BC3148
:103470005B1BC4F8BC31D4F8C031013BC4F8C03187
:10348000D4F8C4310133C4F8C431002002B0BDE81F
:10349000F0811A235D434FF4D048A6E77325D8E79F
:1034A0007225D6E73225D4E7014801F0FFBA00BF04
:1034B0003033002030B5044685B0D0F868010D46A1
:1034C0000121FDF782FC0023CDE900330DF10F024D
:1034D000D4F86801AD00012384218DF80F50FDF769
:1034E000F4FBD4F868310546186803680121DB69EC
:1034F0009847284605B030BD0121FFF7DBBF7FB5F7
:1035000004460D461646D0F868010121FDF75DFC22
:1035100046B10023CDE900331A46D4F868011946B4
:10352000FDF7D3FB0123CDE9003303AAD4F86801EA
:103530008DF80C508021FDF7C8FB04B070BD90F8E9
:103540004D110122FFF7DBBF0122FFF7D8BF1FB5E6
:103550000B0C8DF80C300B0A8DF80D300123CDE9E2
:1035600000338DF80E10032303AA8321D0F86801DD
:10357000FDF7ABFB05B05DF804FB1FB50B0C8DF838
:103580000C300B0A8DF80D3000220123CDE90032FA
:103590008DF80E10032303AA8221D0F86801FDF7ED
:1035A00094FB05B05DF804FB2DE9F04385B090F87D
:1035B0006C919DF8308006460D981C4617460D46C6
:1035C000EDF778FB1E49EDF781FCEDF7CDFDFF2D02
:1035D00008BF0225FF2F04BF09F10D095FFA89F723
:1035E000FF2C08BF0A248DF80A400124CDE90044CD
:1035F000030CB8F1FF0F8DF80C304FEA102308BF11
:103600004FF000088DF80D308DF80E000723D6F826
:1036100068018DF8085002AA88218DF809708DF88C
:103620000B80FDF752FB40B9CDE90044034602464A
:10363000C521D6F86801FDF748FB05B0BDE8F08369
:1036400000007A411FB58DF80D309DF818308DF8C7
:103650000F300123CDE900338DF80C108DF80E20CA
:10366000042303AA9521D0F86801FDF72EFB05B0CD
:103670005DF804FB08B5D0F86801FDF7ECF900200F
:1036800008BD10B5044610461A460346D4F8680132
:10369000FDF758F9D4F86801BDE81040FDF73DBBCF
:1036A00010B586B00E248DF815300123CDE9013315
:1036B00000920B46022205A9D0F868018DF814404B
:1036C000FDF7E9FA06B010BD10B586B01E248DF8DE
:1036D00015300123CDE9013300920B46022205A9E2
:1036E000D0F868018DF81440FDF794FA06B010BDCB
:1036F0001FB55BBAADF80C30BDF818305BBAADF849
:103700000E300123CDE9003349BA082352BAADF88F
:103710000810ADF80A2019460DEB0302D0F8680135
:10372000FDF7D3FA05B05DF804FB1FB50123CDE921
:10373000003349BA0223ADF80C1003AA1946D0F899
:103740006801FDF7C2FA05B05DF804FB1FB501235F
:10375000CDE9003309BA0391042303AA8621D0F8E6
:103760006801FDF7B2FA05B05DF804FB07B5012367
:10377000CDE900330A4602239821D0F86801FDF70D
:10378000A4FA03B05DF804FB1FB5FF238DF80F30DA
:103790000123CDE900330DF10F021121D0F86801AA
:1037A000FDF751FA9DF80F0005B05DF804FB30B548
:1037B000012385B0CDE9003304460D468DF80C1089
:1037C0008DF80D20D0F86801022303AA8E21FDF7A1
:1037D0007CFA08B984F8985105B030BD2DE9F04362
:1037E0001E4685B090F878319DF8304005468846F1
:1037F0001746A3B190F86C014FF0010909FA00F0E7
:10380000EDF758FAD5F87411EDF760FB4FF08341EE
:10381000EDF75AFC0028044618BF4C46E4B20123D9
:1038200085F86E41CDE9003303AAD5F868018DF81B
:103830000C8004238B218DF80D708DF80E608DF8AF
:103840000F40FDF742FA05B0BDE8F08330B585B012
:103850000D0C089C8DF80C30230C8DF80D300123D5
:10386000CDE9003308238DF808508DF80A100D0AB1
:103870008DF80B2064BA0DEB03028B21D0F86801A0
:103880008DF80950ADF80E40FDF71FFA05B030BDB8
:103890001FB50B0C8DF80C300B0A8DF80D30012381
:1038A000CDE900338DF80E108DF80F20042303AA04
:1038B0008B21D0F86801FDF708FA05B05DF804FB2C
:1038C0002DE9FF419DF82C800C46414606461746DF
:1038D0001D46FEF7C8FFB0B99DF828308DF80A30B4
:1038E0000123CDE9003364BAD6F86801ADF8084089
:1038F000062302AA8C218DF80B508DF80C708DF8E0
:103900000D80FDF7E2F904B0BDE8F0817FB58DF8D8
:1039100013309DF828308DF80E208DF814309DF866
:1039200020208DF80F200123CDE900339DF82420BD
:103930008DF810209DF82C208DF8112049BA9DF8A3
:103940003020ADF80C108DF81220092303AA8C2129
:10395000D0F86801FDF7B9F907B05DF804FB30B5A0
:1039600085B00546BDF820008DF808108DF80A20B6
:10397000110A8DF80C301A0A030A8DF80D30012354
:10398000CDE900338DF809108DF80B208DF80E006D
:1039900002AAD5F868018C21FDF797F9044638B9D9
:1039A000D5F8680106230DF10902F021FDF753F85F
:1039B000204605B030BD1FB50123CDE900338DF899
:1039C0000C108DF80D20022303AA8F21D0F8680176
:1039D000FDF77BF905B05DF804FB1FB50123CDE9C8
:1039E00000338DF80C1003AA9621D0F86801FDF77A
:1039F0006CF905B05DF804FB1FB50F4B1A889B7876
:103A00008DF80E300123CDE90033ADF80C200323EF
:103A100003AA1421D0F86801FDF715F99DF80D30BF
:103A20009DF80C209DF80E001B0243EA0243184348
:103A300005B05DF804FB00BFEC5102081FB5002380
:103A4000ADF80C300123CDE9003303AA022317217E
:103A5000D0F86801FDF7F7F8BDF80C0040BA80B265
:103A600005B05DF804FB1FB50023ADF80C30012351
:103A7000CDE9003303AA02230721D0F86801FDF73E
:103A800024F905B05DF804FBD0F868312DE9F04168
:103A90001D682A6804465769926D0E462846596A81
:103AA0009047D4F868311B68014632462846BC4628
:103AB0005B69BDE8F0416047D0F8683170B51C68BB
:103AC000596A226820469569926D90472B460146B7
:103AD0002046BDE8704018470368D3F8DC3018472B
:103AE0000368D3F8E030184773B505460E46FFF774
:103AF0004BFE0128044656D100213046EDF7E4FA8A
:103B000000283BD029493046EDF7D4FA002835D0BB
:103B10004FF07C513046EDF725F92549EDF71AF8BD
:103B2000EDF722FBC3B2142B21D8022B26D9033B7D
:103B3000112B23D8DFE803F02F2209220A222229A1
:103B4000222222222B222222222D082495F86E31B5
:103B500085F85C41C5F87461009395F86D3195F86E
:103B60006C1122462846FFF739FE02B070BD7D2B4E
:103B700013D006D81F2B12D03E2B12D06FF00700A7
:103B8000F3E7FA2BFAD10624E0E70924DEE7022462
:103B9000DCE70A24DAE70024D8E70524D6E7032483
:103BA000D4E70424D2E76FF01300DEE70000FF4300
:103BB0000AD7233C37B504460D46FFF7E5FD01283B
:103BC00011D16B1F072B11D894F86E3184F86C510A
:103BD000009394F86D3194F85C2129462046FFF754
:103BE000FDFD03B030BD6FF01300FAE76FF0080081
:103BF000F7E773B505460C461646FFF7C5FD0128E5
:103C00001ED1231FDBB2042B1DD8BEB1062C11D848
:103C1000042C08BF002495F86E3185F86D4100939F
:103C200095F85C2195F86C1123462846FFF7D6FDE0
:103C300002B070BD082C06D10724ECE71C46EAE769
:103C40006FF01300F4E76FF00900F1E773B5064673
:103C50000D461446FFF798FD012814D125F00F03F7
:103C600043EA141304F00F0444EA05118DF80430FC
:103C70008DF80510022301AA4FF4E8613046FFF7E2
:103C8000F9FC02B070BD6FF01300FAE737B50C46CF
:103C9000054600212046EDF717FAB0B10C49204641
:103CA000EDF708FA88B10B492046EDF70FF9EDF76B
:103CB0005BFA01238DF807000DF1070240F6E701DA
:103CC0002846FFF7D7FC03B030BD6FF01000FAE7CD
:103CD00000000C4300002040F0B587B005460C46BC
:103CE000FFF752FD012811D195F8A031A1B2A5F836
:103CF0007211019395F87031009395F89C3195F805
:103D00006F212846FFF7DCFD07B0F0BD78BB95F8C2
:103D10008801A1B281420A46A8BF02461F2AA5F81F
:103D20008C111CDC172A1CDC0F2A1CDC003A18BF83
:103D30000122920095F88A4195F8873195F88971AA
:103D400085F884218CB995F89C610297CDE90346EA
:103D50000024CDE900042846FFF7D8FDD4E7072268
:103D6000E8E70622E6E70522E4E7FF26EDE74FF065
:103D7000FF30C9E737B504460D46FFF705FD68BBC0
:103D800000212846EDF78CF960B916492846EDF771
:103D90009BF920B114492846EDF78CF918B96FF05A
:103DA000650019E00F4D11492846ECF7DBFF4FF095
:103DB0009841ECF7D7FF0E49EDF788F8EDF7D4F905
:103DC000C4F88001009094F8853194F88621D4F8E5
:103DD0007C112046FFF73AFD03B030BD6FF01300B1
:103DE000FAE700BF9A99193F0000484300007A445F
:103DF0000024F44B37B504460D46FFF7C5FC0028F8
:103E000039D0032805D0022810D06FF0130003B07A
:103E100030BD25492846EDF757F920B123492846FA
:103E2000EDF748F938BB6FF06400F0E72049284609
:103E3000EDF74AF90028F6D01E492846EDF73AF981
:103E40000028F0D01C492846ECF78CFF01461B489F
:103E5000EDF73CF8EDF788F916220146C4F87C012D
:103E60002046FFF715FD0028D1D1204603B0BDE85C
:103E70003040FEF71ABD10492846ECF773FF0146A3
:103E80000E48EDF723F8EDF76FF9D4F88031C4F858
:103E90007C010093014694F8853194F886212046F0
:103EA000FFF7D4FCDFE700BF23DBF93E355EFA3EC7
:103EB000CDCCCC3D9A99193F00007A440024744E31
:103EC000F0B589B003AC84E80E0003689DF8386053
:103ED000D3F8CC30049F0DF11F01054698470446E6
:103EE000002851D1032E9DF81F3002D09E420FD1E1
:103EF0003346E3B92B6803991B6C28469847044660
:103F0000002841D12B6839465B6C284698470CE065
:103F10002B6828461B69984738B92B683146D3F877
:103F2000C830284698470028E2D004462CE0012BF0
:103F300017D12B689DF80C10D3F8E8302846984725
:103F4000044608BB2B683946D3F8E4302846984726
:103F50000446C8B902469DF814102846FFF749FEEA
:103F6000E3E7022B10D14FF4807300939DF80D20EE
:103F70009DF80C1003232846FEF752F80028D4D1F0
:103F80009DF80E3085F8AF31204609B0F0BD000035
:103F900030B585B004AC04E90E009DF82030029CD9
:103FA000032B07D1036808A9D3F8CC30984718B180
:103FB00005B030BD4FF0FF309DF82030CBB9019DEA
:103FC0001F492846EDF780F868B31E492846EDF7EB
:103FD00071F840B31A492046EDF776F830B31A4924
:103FE0002046EDF767F8002814BF00206FF0650049
:103FF000DEE7012BDCD19DF80430053B072B18D8F8
:1040000000212046EDF760F8B0B110492046EDF7E9
:1040100051F888B19DF80C30043B042B94BF00206C
:104020006FF00900C4E76FF06400C1E76FF065004E
:10403000BEE76FF00800BBE76FF00700B8E700BF0E
:104040009A99193F00009643000048430000FF433F
:10405000F0B51D4C8BB01D466B468C46164604F1E0
:10406000280E1F46206861681A4603C2083474454A
:104070001346F7D115496046ECF774FEEDF774F876
:104080006C1E80B23A4600239C420DD8ECF716FE17
:104090000E4905461098ECF765FE01462846EDF7F7
:1040A00009F868B1335D04E032F8021B814205D99A
:1040B000F35C119A002013700BB0F0BD0133E3E7FD
:1040C0006FF06700F8E700BFF051020800002041E0
:1040D000F0B589B004460F46FFF756FB48BB164BB8
:1040E00002AD03F1100C2A46186859682E4603C623
:1040F000083363453546F7D118681B79337104F2EC
:104100008513306001930D4B0093394615232046EB
:10411000FFF79EFF58B9D4F88031009394F88531A9
:1041200094F88621D4F87C112046FFF78FFB09B064
:10413000F0BD6FF01300FAE7AA7002080080E943AF
:1041400037B500290CBF94239623154680F89A11A1
:104150008DF803300DF10302012340F6AC01044653
:10416000FFF788FA70B96DB1074B1A889B78ADF8E4
:1041700004208DF8063001AA032340F29F21204637
:10418000FFF778FA03B030BDC070020837B50546B6
:104190000C46FFF7F9FA08B103281CD1042C1DD8EE
:1041A000DFE804F00403131517000824D5F8803164
:1041B00085F88641009395F88531D5F87C11224623
:1041C0002846FFF743FB03B030BD0924EEE70A247D
:1041D000ECE70B24EAE76FF01300F4E76FF06900F7
:1041E000F1E7F0B587B005460E461446FFF7CCFA66
:1041F00000283CD1082C50D8E4B2234632464FF474
:10420000D8612846FFF736FA38BBB5F88C11E400C0
:10421000E4B2A1420A46A8BF22461F2A85F8884177
:104220001DDC172A1DDC0F2A1DDC003A18BF0122F5
:10423000920095F88A0195F8873195F8897185F88B
:10424000842190B995F89C610297CDE9030600207E
:10425000CDE900402846FFF759FB07B0F0BD072223
:10426000E7E70622E5E70522E3E7FF26ECE701287A
:1042700009D1012C11D831784422284607B0BDE875
:10428000F040FFF7E3BC032804D1042C05D13368C8
:10429000C5F8AB316FF01300DFE76FF06800DCE7C3
:1042A0002DE9F04188B004469DF838800D46174648
:1042B0001E46FFF769FA00284AD1012D08D0022DC9
:1042C0003DD0002D40D06FF42F7008B0BDE8F081D4
:1042D0004FEA88085FFA88F594F88A31B4F88C11AF
:1042E00094F8842194F888C194F889E184F887517E
:1042F00063BB94F89C01CDF808E0CDE903300023BE
:10430000CDE900C320462B46FFF700FB0028DCD197
:104310007FBA022307AA40F2BC612046ADF81C70A8
:10432000FFF7A8F90028D0D176BA022307AA40F2F5
:10433000BE612046ADF81C60FFF79CF9C5E7B8F1F7
:10434000000F18BF0625C7E70125C5E7FF20D2E704
:10435000012812D12A1E94F8A03118BF012284F836
:104360006F21019394F87031009394F89C31B4F864
:1043700072112046FFF7A4FAA7E74FF0FF30A4E739
:10438000F0B589B004460E461546FFF7FDF9002842
:1043900051D1DEB994F88A0184F88961B4F88C119E
:1043A00094F8842194F8873194F8886160B994F87E
:1043B0009C51CDE9030500200290CDE90060204624
:1043C000FFF7A4FA09B0F0BDFF25F2E7012384F856
:1043D000893107AA4FF4D7612046FFF752F9002828
:1043E000F0D19DF81C308DF81D50C5F3002223F04C
:1043F000010313438DF81C3007AA02234FF4D76141
:104400002046FFF737F90028DCD194F88A01B4F888
:104410008C1194F8842194F8873194F8886194F889
:10442000897130B994F89C510297CDE903050020B9
:10443000C3E7FF25F8E76FF01300C3E70021FFF79C
:10444000CCBA0121FFF7C9BA003940F2FF1218BFF8
:104450000121FFF795BFD0F86801FCF791BC37B593
:1044600004460D46FFF790F9012810D184F8A051B9
:10447000019594F87031009394F89C3194F86F2171
:10448000B4F872112046FFF71BFA03B030BD6FF08D
:104490001300FAE7F0B5036885B01B6906460D46C0
:1044A000174698473046FFF7C9FA830602D53046CB
:1044B000FFF7D9FA494925F00040ECF7FBFD044627
:1044C00030B10121304605B0BDE8F040FDF7CBBD6D
:1044D00043492846ECF73CFB404920F00040ECF70C
:1044E000E9FD002869D13F492846ECF731FB3B49FB
:1044F00020F00040ECF7DEFD002860D13A49284664
:10450000ECF726FB354920F00040ECF7D3FD0028FE
:1045100057D136492846ECF71BFB304920F00040C4
:10452000ECF7C8FD00284ED131492846ECF710FBC6
:104530002A4920F00040ECF7BDFD002845D12D4967
:104540002846ECF705FB254920F00040ECF7B2FDCA
:1045500000283CD128492846ECF7FAFA1F4920F0F8
:104560000040ECF7A7FDA0BB24492846ECF7F0FA81
:104570001A4920F00040ECF79DFD60B30723384650
:104580008DF80C30ECF796FB1D49ECF79FFCECF72F
:10459000EBFD030C8DF80D300123C6F89471CDE9C5
:1045A000003340BAADF80E000423D6F8680103AA20
:1045B0009721FCF78AFB05B0F0BD2346DFE7012316
:1045C000DDE70223DBE70323D9E70423D7E705234D
:1045D000D5E70623D3E70B48EDE700BF6F12833A18
:1045E000CDCCCC3F9A99D93F6666E63FCDCC0C4006
:1045F0009A991940CDCC2C400000404033335340B1
:1046000000007A4141FDFFFF1FB5012380F8991199
:10461000CDE900338DF80F100DF10F029D21D0F878
:104620006801FCF752FB05B05DF804FB2DE9FF4182
:104630001F4600230D4616468DF80F300DF10F0270
:10464000012340F6E7010446FFF71BF8C8B94FF015
:1046500001089DF82820CDF800803B4631462046D1
:10466000FEF7F0FF68B90422E9B22046FFF79FF891
:1046700038B943460DF10F0240F6E7012046FEF738
:10468000F9FF04B0BDE8F08170B586B004460E466F
:104690001546FFF779F8C0B9CDE9036594F889317B
:1046A000CDE9010394F88831009394F8873194F8A8
:1046B0008421B4F88C112046FFF728F918B984F842
:1046C0008A61C4F89C5106B070BD6FF01300FAE720
:1046D0000A460121FFF7D8BF10B504460846C4F8C2
:1046E00060114FF09841ECF73DFB4FF07451ECF73F
:1046F00039FBECF739FD01462046BDE81040FFF7D5
:1047000025B8F0B5037B85B005460C4673B9012684
:10471000CDE900663346D5F868018DF8084002AA55
:104720008A21FCF7D2FA40B105B0F0BD0022114653
:10473000FFF741F90028EAD0F6E795F84D31CDE9C9
:104740000066002B0CBF202330238DF80830D5F8ED
:104750006801334602AA9321FCF7B7FA0028E3D197
:1047600003228DF8082095F86C21ADF80C00CDE9F6
:1047700000660D328DF809200A22ADF80A208DF866
:104780000E000723D5F8680102AA8821FCF79DFADC
:1047900007460028C8D12B6844F2FF31D3F8EC302B
:1047A00028469847009704463B463A4639462846ED
:1047B000FEF79EFF204300B20028B5D1CDE900608E
:1047C0007F238DF80830D5F86801334602AA892185
:1047D000FCF77BFA0028A7D1D5F868311868036880
:1047E0000521DB699847D5F868311868D96A0268ED
:1047F0001269904720B9D5F86801FCF78EFA93E763
:10480000D5F86831186803685B6D9847EBE76FF07F
:10481000180070476FF0180070476FF0180070476D
:10482000036800215B6918476FF0180070476FF04C
:10483000180070476FF0180070476FF0180070474D
:104840006FF0180070476FF0180070476FF0180095
:10485000704784B004A800E90E006FF0180004B09F
:104860007047002070470000004870470000C8C132
:1048700082B08DE80C00002002B070470020704725
:104880006FF0180070476FF01800704700207047F5
:104890007047704770476FF01800704730B585B0AB
:1048A0000025CDE902558DF808300368CDE90012E6
:1048B000D3F8D0306A4603210446984720B92368CC
:1048C0002046D3F8D430984705B030BD1FB50293C9
:1048D000069B03930368CDE90012D3F8D0306A46F3
:1048E00002210446984720B923682046D3F8D430E3
:1048F000984704B010BD000070B5104B036004462B
:104900000126002506732822002110300EF0EDFB51
:10491000A5634FF48072294604F13C000EF0E5FBDC
:104920004FF07E5384F84451C4E94F55C4F84851C0
:1049300084F84C516360A660204670BDCC700208BC
:10494000002330B51A460125103005FA03F40C4255
:1049500004D050F823401F2C18BF22430133202BD2
:10496000F3D1104630BDF7B506460C46A9B101AFEC
:10497000002533683046D3F8A43098470135EDB2AE
:10498000042D07F8010BF4D1019B1BBA002BB8BF13
:104990005B4293FBF4F204FB1234204603B0F0BDFB
:1049A00038B590F84C3104469BB9D0F83C2141EA27
:1049B0004201D0F84821C0F83C111140D0F8402104
:1049C000914205D1012280F84C2180F8393043878B
:1049D00038BD90F83A2094F839300244012592F815
:1049E0003C009D40B9B12843C0B2591CC9B2082946
:1049F00082F83C0084F83910EAD100F0D9F894F834
:104A00003A30E218013382F83C0084F83A3000234F
:104A100084F83930DCE720EA0500E6E70822027076
:104A20000022C0E90122C260028270472DE9F843EA
:104A3000002684684FEAC20805460F463246B04554
:104A400010D1EB6884EA03006B7C13B1297800F085
:104A5000AFF82A784FF0FF33C2F12002D34018405C
:104A6000BDE8F88373070CD12B7CB85C02F1010917
:104A700013B1082100F09CF82B78083B9840444083
:104A80004A462B78013B24FA03F313F0010F18BFB9
:104A90006B684FEA440418BF5C400136CFE7000062
:104AA0000148FFF7BBBF00BF343300200022027073
:104AB0004270704700230370417070472DE9F74F33
:104AC000019200296CD0002B6AD000229646154630
:104AD000019CA54212D1690708D04178032904BF7F
:104AE000110C03F8011B110A19705A700C9B0BB1C1
:104AF000C3F800E0002003B0BDE8F08FEC0890F8A8
:104B0000018011F804C0284C284EEF4307F0070736
:104B1000B8F1020F4CFA07FC08BFA2460CF0010CDA
:104B2000047818BFB246CCF101064FEA940B6FEA45
:104B300004094FEA860609F00309F6B206EBC90636
:104B40005AF82B904FF0020A29FA06F61AFB04C411
:104B50000CBF4FF010094FF04009B4FBF9FC09FB02
:104B60001C4406F00F06047007FB08F705F0070465
:104B7000BE40072C42EA06020CD1B8F1030F04BF75
:104B8000140C03F8014B1C46160A04F8026B5A7009
:104B900023460022447874441FFA84FE013597E7C7
:104BA0004FF0FF30A7E700BFA8710208B8710208F4
:104BB0000023F0B50446012518464E1EDAB2914294
:104BC00000D8F0BD05FA03F22240DA40F71ABA40E5
:104BD00010430133F2E7704770477047084670474B
:104BE0007047000010B5C0E90223029B0361039BDC
:104BF0004361049B83610023C361044B044C1A6826
:104C0000C0E9004102B9186010BD00BF4833002060
:104C1000007202081020704710B5064B0446B02100
:104C200040F80C3B00F0CFFA204600F085F8204613
:104C300010BD00BF6872020810B50446FFF7ECFF14
:104C40002046BC21F1F771FC204610BD102AF8B5B2
:104C50004AD100F10C0301F1100251F8044B43F862
:104C6000044B9142F9D100F1180400F1B806012576
:104C70000423042B04F1040722D12A462146384696
:104C800000F084FA237914F80C2CE1795340237155
:104C900014F80B2C63795340637114F80A2CA37930
:104CA0005340A37114F8093C01355940EDB200237B
:104CB0000133B742E171DBB23C46DAD10120F8BDE5
:104CC00014F80C1C22784A40227114F80B1C6278EC
:104CD0004A40627114F80A1CA2784A40A271E17835
:104CE00014F8092C5140E3E70020E8E710B504462A
:104CF00000F014F8044B23600A23237104F10C0321
:104D0000A360204610BD00BF6872020810207047E3
:104D1000017980680131090100F055BA10B50446E7
:104D200000F04AFA034B236000232371A36020465E
:104D300010BD00BF9072020810B5034B036004461B
:104D400000F040FA204610BD90720208184B0A7815
:104D50009A5C02704A799A5C42708A7A9A5C827094
:104D6000CA7B9A5CC2700A799A5C02714A7A9A5C30
:104D700042718A7B9A5C8271CA789A5CC2710A7AA3
:104D80009A5C02724A7B9A5C42728A789A5C82725E
:104D9000CA799A5CC2720A7B9A5C02734A789A5CFE
:104DA00042738A799A5C8273CA7A9B5CC373704738
:104DB000C3730208184B0A789A5C02704A7B9A5CAB
:104DC00042708A7A9A5C8270CA799A5CC2700A7957
:104DD0009A5C02714A789A5C42718A7B9A5C827111
:104DE000CA7A9A5CC2710A7A9A5C02724A799A5CAF
:104DF00042728A789A5C8272CA7B9A5CC2720A7B1F
:104E00009A5C02734A7A9A5C42738A799A5C8273DA
:104E1000CA789B5CC3737047C3720208F0B50E7802
:104E200091F801C08D78CF78F40904EB44044FEA7F
:104E3000DC1104EBC40401EB410184EA46048CEA72
:104E4000050E01EBC101E4B287EA0E0E81EA4C01C6
:104E5000C9B2EB0984EA0E0E81EA0E0EFA0903EBE1
:104E6000430303EBC30302EB420280F800E086EA4F
:104E7000050E83EA450387EA0E0E86EA0C0602EB6E
:104E8000C202DBB282EA470281EA0E017740754036
:104E9000D2B259406C407B405340624041708370B5
:104EA000C270F0BD2DE9F041846888B0531E0D46F4
:104EB000671E0F326E4613F8011F17F801CF934299
:104EC00081EA0C0106F8011BF5D1077910343E4642
:104ED000A046012E1BD87B1E002FDBB24FEA031326
:104EE00008BF00231C44694604A8FFF72FFF013DBB
:104EF000631E0F3413F8011F10F8012BA34282EA3E
:104F0000010205F8012FF5D108B0BDE8F08104A831
:104F10006946FFF71BFF01466846FFF77FFF05A9BB
:104F200001A8FFF77BFF06A902A8FFF777FF03A8F8
:104F300007A9FFF773FF08F1FF336A4608F10F0076
:104F4000117813F801CF81EA0C01834202F8011BAA
:104F5000F6D1013E08F11008F6B2BAE72DE9F04F9C
:104F600091F800B04E78CF788D784FEADB1303EBE1
:104F7000430303EBC30387B083EA4B03DBB2019324
:104F8000F309FA0903EB430303EBC30302EB420209
:104F900083EA460302EBC20282EA4702DBB20293D3
:104FA000B409D3B2484A03934FEA971C145D12F830
:104FB0000CC084EA8604E3B28CEA870C04935FFA9F
:104FC0008CF34FEA5B1CAC0912F80CA005934FEA76
:104FD000561C4FEA9B1912F80C80145D12F80990C8
:104FE000019B4FEA551C84EA850412F80CE04FEA55
:104FF000571CE4B212F80CC086EA05027A405A4007
:10500000029B88EAC6085A405FFA88F88AEACB0A07
:105010008EEAC50E62405FFA8EFE5FFA8AFA8CEA6B
:10502000C70C89EA8B0988EA02025FFA8CFC8AEADB
:1050300009098EEA0202E9095FFA89F98CEA02029B
:1050400089EA020201EB4101027001EBC1018BEA26
:1050500005027A4081EA4501C9B25340049A4B40A7
:105060005340059A53408AEA030388EA03038EEA11
:1050700003038CEA03038BEA060643707740039B25
:10508000039A79405940019B75406B405340049A04
:105090005340059A4C40534088EA04048AEA030AC4
:1050A0008EEA040488EA0A088CEA04048EEA080EF0
:1050B00089EA04098CEA0E0C80F8029080F803C09B
:1050C00007B0BDE8F08F00BFBB7202082DE9F043C6
:1050D0008468077989B00D4604EB07146946531EAE
:1050E000661E0F32894613F8010F16F801CF93425E
:1050F00080EA0C0001F8010BF5D1494604A8FFF73E
:1051000059FE3E46A046012EA8F1100819D87B1E74
:105110006FF00F02DBB2002F02FB03F308BF002386
:105120001C44A21804AB013D12F8010B13F8011B3B
:10513000A24281EA000105F8011FF5D109B0BDE8DE
:10514000F08304AA434608F11000117813F801CB4C
:1051500081EA0C01834202F8011BF6D104A94846FA
:10516000FFF7FCFE05A901A8FFF7F8FE06A902A8B3
:10517000FFF7F4FE07A903A8FFF7F0FE013E49463A
:1051800004A8FFF717FEF6B2BDE7000030B5084BE4
:105190004C78084D1C5DAA5C544004708A789A5C77
:1051A0004270CA789A5C82700A789B5CC37030BD8A
:1051B000C3730208B0720208014B0360704700BF5E
:1051C000CC740208704701440023884200D1704724
:1051D00000F8013BF9E730B502440023904204D1C6
:1051E000C3F58070C0F3002030BD10F8014B11F8FA
:1051F000015B6C402343F1E72DE9F0419CB0164F71
:10520000164B4FF009080546082603A8CDF8008084
:1052100010220C4601F05EF93B46424613A903A852
:10522000009601F057F9334603AA2146204601F0C3
:10523000E7F833463A462146284601F04DF9334611
:105240003A462946284601F047F9642103A8FFF7AA
:10525000BAFF1CB0BDE8F08110750208EC740208BA
:1052600038B514460546402320460A46102101F071
:10527000AEF80023236421462846BDE83840FFF7F6
:10528000BBBF2021FFF79FBF2DE9F0410D46A0B025
:1052900000F12008044605F1200602464146684612
:1052A00001F044FA2A46314610A801F03FFA10AA4C
:1052B0006946684601F0D6F92246414608A801F041
:1052C0001EFA2A46314610A801F019FA08A904F17D
:1052D000600610AA084601F0C5F905F160023146E2
:1052E00010A801F0BFF910A904F140070846224AAE
:1052F00001F0C8F905F14002394618A801F0B2F9E9
:1053000018AA1146104601F0FAF96A4608A9304673
:1053100001F00CFA10AA18A9384601F007FA18A9EA
:1053200010AA084601F0EBF908A96A46084601F000
:10533000E6F93A463146204601F094F908AA18A940
:10534000404601F08FF918AA3946384601F08AF92B
:1053500008AA3146304601F085F96846FFF791FF0B
:1053600008A8FFF78EFF10A8FFF78BFF18A8FFF71C
:1053700088FF20B0BDE8F081B07502082DE9F0414A
:10538000064690B001F140080D464246014606F13E
:105390004007684601F066F93A46294608A801F038
:1053A00061F920220DEB02016846FFF714FF424627
:1053B00006F120010446684601F054F93A4605F129
:1053C000200108A801F04EF920220DEB02016846E9
:1053D000FFF701FF04406846FFF753FF08A8FFF7F7
:1053E00050FFE4B2204610B0BDE8F0812DE9F04155
:1053F000044600F120060A46202388B008213046E2
:1054000000F0E5FFE36B334DDF0F04F1400823F0BC
:105410000043E363424605F1200C2B4603CB634572
:10542000106051601D4602F10802F6D104F16005DA
:1054300032463146284601F015F9424629462046B3
:1054400001F074F9244A2946284601F01BF9424626
:105450002946284601F053F92946684601F0EBF940
:105460006A462146284601F0FDF86846FFF709FF25
:10547000236E2A4604F17C0152F8040F8A4243EA63
:105480000003F9D15BB91FB1002008B0BDE8F0817D
:105490002022394620460DF028FE0120F5E7294656
:1054A000204601F0F3F90028EED0236803F0010351
:1054B000BB4209D02022002128460DF016FE2246CC
:1054C0002946204601F032F932462146284601F0AD
:1054D000C9F8E2E750750208D07502088021FFF78D
:1054E00072BE00002DE9F04FC5B00546029114468A
:1054F00000218022019301260DF0F7FDFF232E628B
:105500002E6400934FF0000A04F12008029B53F828
:105510002A70019B37400BB9002F7BD005F1200981
:105520002A46494604A801F001F92246414614A83A
:1055300001F0FCF804A9084614AA01F093F82A46E1
:1055400049460CA801F0DBF82246414614A801F0B8
:10555000D6F80CA9084614AA01F084F805F16003F6
:10556000194604F1600214A8039301F07BF814A912
:1055700008466E4A05F1400B01F084F804F1400240
:1055800059461CA801F06EF81CAA1146104601F0FD
:10559000B6F804AA0CA93CA801F0C8F814AA1CA9E2
:1055A00034A801F0C3F81CA9084614AA01F0A7F812
:1055B0000CA904AA084601F0A2F8019B34AA3CA950
:1055C000002B00F09F8024A801F04CF80CAA1CA925
:1055D0002CA801F047F834A908461CAA01F042F8AB
:1055E0003CA908460CAA01F03DF824AA29463846F1
:1055F00001F0CAF82CAA4946384601F0C5F834AA89
:105600005946384601F0C0F83CAA05F16001384619
:1056100001F0BAF82246414604A801F087F804AA2E
:105620001146104601F01EF8224641460CA801F032
:1056300066F80CAA04F160071146104601F012F852
:105640003A46394614A801F00DF814A904F14009AE
:105650000846364A01F016F84A4649461CA801F0A9
:1056600001F81CAA1146104601F049F804AA0CA939
:10567000384601F05BF814AA1CA9484601F056F818
:105680001CA9084614AA01F03AF80CA9084604AA75
:1056900001F035F84A463946204600F0E3FF0CAAEF
:1056A0001CA9404600F0DEFF1CAA4946484600F00F
:1056B000D9FF0CAA3946384600F0D4FFB6F1004FA6
:1056C00004BF0AF101035FFA83FA009B03F1FF3381
:1056D00014BF7600012613F0FF0300937FF416AF8A
:1056E00024A8FFF7FBFE04A8FFF7CBFD0CA8FFF7EB
:1056F000C8FD14A8FFF7C5FD1CA8FFF7C2FD45B003
:10570000BDE8F08F284600F0ADFF0CAA1CA9484662
:1057100000F0A8FF1CAA34A9584600F0A3FF0CAA69
:105720003CA905F1600000F09DFF73E7B075020829
:10573000F0B5174D944606460F460FCDA1B06C4606
:105740000FC495E80F00134D84E80F000FCD08AC8F
:105750000FC495E80F00104D84E80F000FCD10AC7A
:105760000FC495E80F000D4D84E80F000FCD18AC65
:105770000FC495E80F0084E80F0063466A46394677
:105780003046FFF7AFFE6846FFF7A8FE21B0F0BD38
:10579000907502087075020850750208307502088D
:1057A000F0B5ADF5397D0D46044680A816461F4676
:1057B00000F0CEFA29466846FFF718FE98B9002493
:1057C0006846FFF78BFE20A8FFF788FE40A8FFF78A
:1057D00085FE60A8FFF782FE80A800F09FFA2046B1
:1057E0000DF5397DF0BD214620A8FFF7FFFD00280B
:1057F000E5D080A800F076FA2146202280A800F0AB
:1058000009FD2022294680A800F004FD3A463146D1
:1058100080A800F0FFFC002292A980A800F039FDCA
:105820002023E218082178A800F0D1FD002278A9F1
:1058300040A8FFF77DFF60AA92A958A8FFF710FDC6
:1058400000236A4658A960A8FFF74CFE60A920A86B
:10585000FFF71AFD20A940A8FFF790FD0446AFE727
:1058600005494FF40052A0F880200022C0E9212110
:10587000A0F89C20704700BF80EE360010B5402194
:105880000446FFF7A0FC40216018FFF79CFC20466F
:1058900010BD00000148FFF7E3BF00BF4C330020FC
:1058A0000148FFF7EBBF00BF4C33002020207047BA
:1058B000402070470E4A0F4B0F49DFF840C0C0E947
:1058C00002230F4BC0E904130E4BC0E906C30E4B75
:1058D000036203F17453A3F52303A3F692434362D7
:1058E000002380F8703000220023C0E91A2370479B
:1058F00067E6096A85AE67BB72F36E3C7F520E5154
:105900003AF54FA58C68059BABD9831F10B50446AB
:1059100070210830FFF757FC236820461B69BDE85B
:105920001040184710B5064B0446702140F8083B5C
:10593000FFF749FC204600F0E9FF204610BD00BFFC
:10594000F875020810B50446FFF7ECFF20467821F1
:10595000F0F7EBFD204610BD10B5044600F0D0FF77
:10596000024B23602046FFF7A5FF10BDF875020823
:105970002DE9F04F00F124058BB000F164072B46B0
:1059800053F8042F12BA9F421A60F9D18368029328
:10599000C36803930369049343690593836906937A
:1059A000C3690793036A0893436A0993DDE908B85A
:1059B000DDE9061CDDE904E9DDE90246594B019306
:1059C000019B55F804AF53F8042B01934FEAF123E0
:1059D00083EAB113524483EA7163134401EA0C0A67
:1059E0002BEA010282EA0A02134486EA0E024344C9
:1059F000224006EA0E0882EA08024FEA743888EA72
:105A0000B40888EAB4589844AF424B444244F14643
:105A1000D84678D110250195019D0F3D05F00F0561
:105A20000A3550F825A0019D023D05F00F050A3505
:105A300050F82590019D05F00F08073D05F00F0572
:105A400000EB88080A35D8F8287050F825503D44F6
:105A50002F464FEABA4585EAFA1585EADA054FEA94
:105A6000F94A8AEA794A8AEA992A3D4455444FEA32
:105A7000F329C8F8285003EA010A89EAB3192CEA85
:105A8000030889EA736988EA0A08C844254FDDF8E3
:105A9000049057F82970B844A84408EB0B054FEA66
:105AA000723984EA060889EAB20908EA020804EAB7
:105AB000060A89EAB25988EA0A08C844A84405EBEC
:105AC0000E09019D0135402D0195B646E34621D1D1
:105AD000029D45448560039D1544049AC560224497
:105AE0000261059A32444261069A4A448261079AE9
:105AF0001A44089BC2610B440362099B63444362DE
:105B00000BB0BDE8F08FE346B6468C4626461946F4
:105B1000144655E78C462646194614464B464246DF
:105B20007AE700BF207602082DE9F843154689463A
:105B3000D100D0E91A325B1842EB5572C0E91A3233
:105B4000044600F128074FF000080DB9BDE8F883BE
:105B500094F87000C0F14006F6B2AE4288BFEEB2D3
:105B60004946324638440DF000FC94F87030334416
:105B7000DBB2402B84F87030A5EB0605B144E4D1CC
:105B80002046FFF7F5FE84F87080DEE7F8B500F1F7
:105B9000280590F8703017468022EA5490F870205B
:105BA000372B04460E4602F101002FD8C2F137020E
:105BB000002128440DF099FAA36E19BAE36E1A0673
:105BC000180A42EA136200F47F401B02024303F406
:105BD0007F031343C4E918312046FFF7C9FE231D94
:105BE00004F1240153F8042F12BA8B421A62F9D13E
:105BF000236820469B689847B8420246294628BF3A
:105C00003A463046BDE8F8400DF0AFBBC2F13F0266
:105C1000002128440DF069FA2046FFF7A9FE38223A
:105C200000212846C6E713B51346362204460092E3
:105C30000A4600F1280100F06AFED4E91A3213F591
:105C4000007342F100022046C4E91A3202B0BDE8F6
:105C50001040FFF78DBE2DE9F04106461D4656F86F
:105C6000283B8AB00F46904602A99B692022044631
:105C700098475C23314600933A464346204600F05D
:105C800046FED4E91A2312F5007243F10003C4E979
:105C90001A232046FFF76CFE23685E699B689847CD
:105CA00002A902462046B0472368109A9B692946FC
:105CB00020469847202102A8FFF785FA0AB0BDE8E0
:105CC000F081402070478020704710B50446D821ED
:105CD0000830FFF778FA236820461B69BDE81040BA
:105CE0001847000070B50C4D034600F1080405F19B
:105CF00040062A4603CAB24220606160154604F19C
:105D00000804F6D1002000210022C3E93201C3E9D2
:105D1000340183F8D82070BDD079020810B5064B45
:105D20000446D82140F8083BFFF74DFA204600F022
:105D3000EDFD204610BD00BF2877020810B50446CF
:105D4000FFF7ECFF2046E021F0F7EFFB204610BD07
:105D500010B5044600F0D4FD034B23602046FFF746
:105D6000C1FF204610BD00BF287702082DE9F04F83
:105D7000A1B000F1C00300F1400104930B4653F8B9
:105D8000082F5C6812BA24BAC3E90042049A9A4206
:105D9000F5D183680E93C3680F9303691093436929
:105DA000119383691293C3691393036A1493436A2B
:105DB0001593836A1693C36A1793036B1893436B07
:105DC0001993836B1A93C36B1B93036C1C93436CE3
:105DD0001D931D461C9E1A9B0B931B9B0C93189B9B
:105DE0000793199B0893149B0D93159B1E93129B6D
:105DF0000993139B0A93109B0593DDE916AB119B46
:105E00000693DFF83C830E9BDDF83C9001934FEA4C
:105E10009A324FEA9A4747EA8B3742EA8B427A40F6
:105E20004FEA9B344FEA9B434FEACA5743EA8A330F
:105E300047EA5B2744EA8A44D8E900EC5C407A40B0
:105E40004FEACB5351F8087F43EA5A235C404B6832
:105E50001EEB07074CEB030C0B9B23EA0A0E0C9B73
:105E6000D21923EA0B07079B44EB0C04DDF820C092
:105E70000AEA03030BEA0C0C8EEA030387EA0C0719
:105E8000D31844EB07049B1945EB0404059A099DBC
:105E9000DDF828C0DDF804E082EA0507069A0A9DCD
:105EA00082EA0506019A099D1740059A1540069A4F
:105EB00006EA090602EA0C025640019A6F404FEAD0
:105EC00019754FEA127C45EA02154FEA897242EAD7
:105ED0009E024FEA8E7E4EEA990E55404CEA091C0E
:105EE000019A8CEA0E0C4FEA496E4EEAD21E520617
:105EF00042EAD9128CEA020212EB030C0D9A85EAEF
:105F00000E0544EB05059B181E9A44EB02041CEB9E
:105F10000702029245EB06020392099A0D920A9A31
:105F20001E92049A8A42DDE90B6508F1080840F0E8
:105F30004C8110220492049AA2F10F0101F00F018A
:105F4000093100EBC10250F83110D2F804E0049A94
:105F5000023A02F00F02093200EBC20550F832207B
:105F60000D92049AD5F804C0D61F02F00F0706F070
:105F70000F0600EBC7070936BA6C00EBC60550F8F0
:105F800036606D68B618FA6C45EB02024FEA5E05A2
:105F90001E924FEA510845EAC1720D0A1F9248EA63
:105FA000CE7845EA0E624FEA1E2588EA020845EAE5
:105FB00001651F9AC90941EA4E61554088EA01010D
:105FC0001E9A711885EADE1542EB05050D9A4FEA17
:105FD000DC484FEACC0646EA52764FEAD24E48EA0F
:105FE0004238D20042EA5C724EEA4C3E8EEA020E21
:105FF0000D9A920942EA8C628EEA020288EA060849
:1060000088EA9C188E1845EB0802C7E91262A50BB6
:10601000A70C47EA833745EA83457D40990B4FEA51
:10602000934CE7054CEA843C47EA532741EA844114
:1060300085EA070E81EA0C01049F414D4FEAC35CDB
:106040004CEA542C81EA0C0105EBC70C55F837508B
:10605000DCF8047049194EEB0705079F27EA03088F
:10606000089F27EA040C03EA0A0788EA070704EAFC
:106070000B0E8CEA0E0CC91945EB0C05891942EB85
:1060800005060B9A029DDDF808C08A180C994FEAA4
:106090001577039D41EB0601029E47EA05172D0F78
:1060A00045EA0615039EDDF80CE0B60746EA9C06B5
:1060B0004FEA8C7C4CEA9E0C87EA0C077540DDF8B1
:1060C00008C07646760646EADC164FEA4C6C4CEA87
:1060D000DE1C87EA0C077540DDF814C0019E86EAD5
:1060E0000C08069E89EA060E029E08EA0608039E30
:1060F0000EEA060E019E06EA0C06DDF818C088EAD4
:10610000060609EA0C0CBE198EEA0C0C099F45EB39
:106110000C05DDF828C0D71941EB0C0C921941EBA6
:106120000501049D01350495059D0995069D0A9577
:10613000079D0B95089D0C95049D502D59D101E0AC
:10614000507702080E9DAA180F9D45EB0101C0E98A
:1061500002210299109A039D5218119941EB0501F1
:10616000C0E904210199129A069D5218139941EB36
:106170000901C0E906210599149A5218159941EBB5
:106180000501C0E90821169AD719179A42EB0C01AC
:10619000189AD318199A42EB0404C0E90C341A9BDC
:1061A0001B9A13EB0A0342EB0B02C0E90A71C0E928
:1061B0000E32079A1C9B08999B181D9A42EB01020C
:1061C000C0E9103221B0BDE8F08F079A0B92089A0F
:1061D0000C92CDE907AB9A46059B0993069B0A935F
:1061E000019BCDE90539029BDDF80C900193A34694
:1061F0000DE6019DCDE90559029DDDF80C90019554
:10620000CDE907ABCDE902219A46A3463B46644659
:1062100091E600BF2DE9F8430446D0E93260154607
:10622000EB009B194FEA5272424189464FF0000140
:1062300028BF0121C4E9323231B1D4E9343201330B
:1062400042F10002C4E9343204F148074FF000087B
:106250000DB9BDE8F88394F8D800C0F18006F6B215
:10626000AE4288BFEEB24946324638440DF07DF862
:1062700094F8D8303344DBB2802B84F8D830A5EBC7
:106280000605B144E4D12046FFF770FD84F8D880BC
:10629000DEE7F8B500F1480590F8D83017468022BF
:1062A000EA5490F8D8206F2B04460E4602F1010004
:1062B00032D8C2F16F02002128440CF016FFD4F846
:1062C000D030D4F8D4201BBA12BAC4E92E23D4F8A3
:1062D000C830D4F8CC201BBA12BAC4E93023204607
:1062E000FFF744FD234604F1400053F8082F596896
:1062F00012BA09BA9842C3E91012F6D123682046AF
:106300009B689847B8420246294628BF3A4630461D
:10631000BDE8F8400DF029B8C2F17F020021284401
:106320000CF0E3FE2046FFF721FD702200212846F5
:10633000C3E713B513463622044600920A4600F11D
:10634000480100F0E4FAD4E9323213F5806342F1F7
:1063500000022046C4E9323202B0BDE81040FFF727
:1063600005BD2DE9F04106461D4656F8483B92B062
:106370000F46904602A99B694022044698475C2339
:10638000314600933A464346204600F0C0FAD4E92D
:10639000322312F5806243F10003C4E93223204620
:1063A000FFF7E4FC23685E699B68984702A90246F0
:1063B0002046B0472368189A9B692946204698478B
:1063C000402102A8FEF7FFFE12B0BDE8F081F8B54B
:1063D0000F46B3EB870F054611461C464FEA87066A
:1063E00009D21A460CF0C1FF321B28190021BDE862
:1063F000F8400CF07ABE3246BDE8F8400CF0B5BF6C
:10640000F0B5002507462C46AB4204F0010000D150
:10641000F0BD51F82540261A52F8250064EB04041B
:10642000361A47F8256064F100040135ECE72DE9E0
:10643000F04700241D68A446264696420BD140F83A
:10644000224000EB820901264FF0000A089CA64278
:106450000CD3BDE8F08751F82670E7FB054C40F8F7
:106460002640644601364FF0000CE6E7002453F85E
:10647000267000EB860EA446944503D149F82640C9
:106480000136E3E7DEF8005051F82C802D194AF16F
:106490000004E8FB07544EF8045B0CF1010CEBE739
:1064A000F8B50446FFF7ACFF1D46002316464042F0
:1064B000043C1A4605B9F8BD56F8041B54F8047F8D
:1064C0000140C91942EB0207C918216047F10003D6
:1064D000013DEFE7FFF7ABBFFFF7E2BF2DE9F0416A
:1064E000CC691326E30F24F00044A3FB0636CC61ED
:1064F00001EB82078C464FF0260E674549D1072AEB
:106500000CD83C4625680132ED18D2B246F10003A2
:10651000082A44F8045B4FF00006F3D12622A3FBBF
:10652000023402FB0644CA691325D60F22F000424A
:10653000E6FB0534CA610A1FA44601F11C05164694
:1065400056F8044FE4184CF10003B54234604FF0A4
:10655000000CF5D116461327634656F8044FE4198C
:1065600043F10007B54234624FF00003F5D1CB6B25
:10657000DC1723F00043CB63043852F8041F136A7E
:106580004B4023404B40954240F8043FF5D1BDE8D5
:10659000F081DCF80050EC18DCF8205046F10003E4
:1065A000E5FB0E434CF8044B0026A6E7F0B589B096
:1065B0006D46034600F120070146002613202C46B5
:1065C00051F8042B121846F100008F4245F8042BB5
:1065D0004FF00006F4D1079AD61722F00042191F97
:1065E000F04307921C3351F8045F54F8042B6A40BF
:1065F00032406A408B420A60F5D109B0F0BD0023F9
:10660000D1F800C02DE9F04702F1200607461546F3
:106610001C4655F804EBEEFB0C34B54247F8043B3E
:1066200023464FF00004F4D140F8203F01F11C084C
:1066300051F804EFA0F11C0C1746002557F8049BF5
:10664000DCF80030A246E9FB0E3A5B194AF100057E
:10665000B7424CF8043BF1D1884540F8045FE7D1DC
:10666000BDE8F08710B590B004466846FFF7C7FF55
:10667000082269462046FFF731FF10B010BD0A46D8
:10668000FFF7F0BF2DE9F04F93B002AF0023D2F82F
:1066900000C00D4601F120080E461C46394656F84A
:1066A00004EBEEFB0C34464547F8043B23464FF021
:1066B0000004F4D10A930AAF02F11C09019452F8C4
:1066C000043FA7F11C0E1C46AC460026DEF8003045
:1066D0005CF804ABDDF804B0EAFB043B9B194BF11A
:1066E0000006C4454EF8043BF0D1914547F8046FCD
:1066F000E5D10822FFF7F2FE13B0BDE8F08FF0B449
:10670000002401F1200C0546264651F8043B52F8BE
:10671000047BDB1946EB06071B1947F100046145B2
:1067200045F8043BF1D1F0BCFFF740BFF0B50023C2
:1067300001F12007054651F8044B52F8046B03F0B1
:106740000103E41A63EB0303A41B63F10003B942E2
:1067500045F8044BEFD1014603F0130251F8043B16
:1067600004469B1A44F8203B62EB02020B6802F0DD
:1067700001029B1A41F8043B62EB0202A142F5D1EF
:1067800023F00043C361F0BD404230B5A1F10400E5
:1067900065EB0505043A1C3150F8044F52F8043FEC
:1067A00063402B40634088420360F5D130BD70B533
:1067B00088B0044668460E46FFF761FF0925694622
:1067C0006846013DFFF75BFF15F0FF05F7D1324644
:1067D00069462046FFF746FF17260A2569466846A0
:1067E000013DFFF74CFF15F0FF05F7D16A46214642
:1067F0002046013EFFF736FF16F0FF06EDD1214699
:106800006846FFF73CFF6A4621462046FFF72AFF0D
:10681000082569466846FFF732FF013D6A46214672
:106820002046FFF71FFF15F0FF05F2D16846FEF77F
:1068300028FD08B070BD38B504460D46FFF7B7FF18
:1068400021462046FFF71BFF21462046FFF717FF92
:106850002A4621462046FFF705FF21462046FFF73E
:106860000EFF21462046FFF70AFF2A462146204612
:10687000FFF7F8FE21462046FFF701FF2A46214692
:106880002046BDE83840FFF7EDBE000030B50446B5
:1068900089B00D46FFF78BFF21462046FFF7EFFE3C
:1068A0002A4621462046FFF7DDFE21462046FFF717
:1068B000E6FE21466846FFF7E2FE202269462846AA
:1068C0000CF0E9FB28B96846FEF7DBFC012009B0B3
:1068D00030BD0A4A21462046FFF7D4FE21466846CD
:1068E000FFF7CDFE2022694628460CF0D4FB002895
:1068F000E9D06846FEF7C5FC0020E8E7107A0208F8
:10690000014B0360704700BF387A020870472DE9D9
:10691000F8431D4603689DF82090DB6804460E4648
:1069200090469847236807461B6920469847AF4220
:106930000ED32A46414630460CF017FD74197A1BD7
:10694000494620460CF0D1FBB44217D1BDE8F8838C
:1069500023682A46414620465B69984723682046BB
:106960009B689847236802469B6905463146204646
:106970009847236820461B699847DFE716F8013BD4
:1069800089EA030306F8013CDEE70000224BF0B57C
:106990000B443C24B3FBF4F104FB1133B1FBF4F2E0
:1069A00004FB1211017118214371B2FBF1F301FBD9
:1069B0001322C2709BB2002240F26D164FF693650F
:1069C00012F0030413BF37464FF4B77701210021BB
:1069D000BB421AD2114D027001216A5C4CB90229E6
:1069E00007D10132D2B29A420BD89A1A93B203213C
:1069F0001F229A4205D80131C9B29A1A0C2993B2C2
:106A0000EBD1013341708370F0BD691A0B44013240
:106A10009BB2D2B2D4E700BF80BC92C75F7A0208B3
:106A2000704738B50446002508462171A5710BF062
:106A30000FF965712060204638BD10B50446006826
:106A40000BF00EF9204610BD0023437170474079CA
:106A500070470068704700008E2912D8702903D84B
:106A6000032908D801207047074B7139C9B2CB40C0
:106A700003F001007047643904298CBF0020012015
:106A800070470020704700BFBD91FE20882914D8B0
:106A9000702906D803290BD8012994BF00200120B2
:106AA0007047074B7139C9B2CB4003F00100704702
:106AB000A1F167035842584170470020704700BF5A
:106AC0001901A0002DE9F84F04460E4690461D46D8
:106AD000FFF7C2FFC8B18E2E98BF2D4B94F80590DA
:106AE0009CBF9F5D2B4B227994BF33F816B00027D3
:106AF00009EB070303F1010388BFBB46934206DBA2
:106B00000123A3710020BDE8F88F0223F9E70021DB
:106B10002846EAF7C5FA0021B0F1000A284618BF56
:106B20004FF0010AEAF7BCFA08B105F100455846F2
:106B3000EAF7C0F82946EAF715F9EAF715FB3146F6
:106B400005462046FFF7A2FF40B1BAF1000F05D07D
:106B5000FA00012393405A1E2A409D1A236809F126
:106B60000102627103F8098063792268591C61711E
:106B7000D654002201326379D1B28F423B4402D213
:106B8000D8B26071BFE721689B1ACD542D0AF1E796
:106B90008A7B02086C7A020808B513460A46672108
:106BA000FFF790FF08BD08B513460A466821FFF7B6
:106BB00089FF08BD08B513460A467421FFF782FF16
:106BC00008BD08B513460A467321FFF77BFF08BDD1
:106BD000704710B550210446EFF7A7FC204610BDC2
:106BE00038B5074B04460D4640F80C3B44220021C3
:106BF0000CF07BFA0023A5602371204638BD00BF4E
:106C0000247C020810B50446007958B901B1A1608E
:106C1000A16839B104F10C0000F092FEB0FA80F0E6
:106C20004009207110BD38B50379044600F10C0508
:106C30003BB98168284601F069FDB0FA80F040094F
:106C400038BD00230371284600F0BCFE0028F4D1B3
:106C5000A168284601F05AFD0028EED1A168284617
:106C600000F06EFE0028E8D101232371E5E738B576
:106C70000D46044611461A462B4600F052F92046AE
:106C800038BD00B5C3B06A460C3000F01DFEB0FA46
:106C900080F0400943B05DF804FB08B50C3001F00A
:106CA00067FEB0FA80F0400908BD07B503688DF8AB
:106CB00007105B6801220DF10701984703B05DF8EA
:106CC00004FB1346027D10B54AB904690A4681697E
:106CD00004F10C0000F0E9FF20EAE07010BD002094
:106CE000FCE773B504460069257D0DBBA1690C3036
:106CF00000F0DEFD06462069A1698DF807500123EA
:106D00000DF107020C3001F06AF900282069A16931
:106D1000C8BF9DF807504FF00003324600F10C0049
:106D2000D8BF4FF0FF3501F0BEF9284602B070BD64
:106D30004FF0FF35F9E738B5037D044663B90069C4
:106D4000A1690C3000F0B6FD05462069A1690C3040
:106D500000F0AEFD281A38BD0020FCE7037D2BB9FA
:106D60000369816903F10C0001F093BB70470000D7
:106D700010B500224FF47A74C0E90124054C046078
:106D8000C0E906220161027580F8202080F81F21E9
:106D900010BD00BF347C0208F8B504460E46154607
:106DA0001AB1012A17D00120F8BD012738200AF0B6
:106DB0004FFF0146A06160B1206932463B460C306E
:106DC00001F0CFFD024648B1A0690AF049FF002357
:106DD000A3610020E8E740F20317E7E7012D05D1A2
:106DE0002069A16902230C3001F05DF900232375AD
:106DF000D9E770B504462C200E460AF029FF01465B
:106E0000A06150B1206932460C3000F01CFD30B159
:106E1000A0690AF025FF0023A361002070BD0125B1
:106E200025753046EAF734FA28440AF011FF314656
:106E3000E0610CF092FA2846F0E71346027D10B4A8
:106E40003AB904690A46816904F10C0010BC01F0EA
:106E5000C6B8002010BC704707B501220DF107012C
:106E6000FFF7EBFF0028CCBF9DF807004FF0FF3085
:106E700003B05DF804FB816938B5044679B1006957
:106E8000257D0C3065B100F006FDA0690AF0E8FE32
:106E9000E0690025A56108B10AF0E2FEE56138BDB0
:106EA00001F030FBA0690AF0DBFEA561F7E7FFF710
:106EB000E2BF70B58369C2B005460E4614460BB1F9
:106EC000FFF7D9FF28696A4631460C3000F0FCFC18
:106ED000E0B99DF80030112B05D1224631462846F5
:106EE000FFF75AFF03E031462846FFF782FF0446CA
:106EF00070B12F2130460CF043F9203500B1461C0B
:106F0000FF22314628460CF028F902E0023003D077
:106F10000024204642B070BD012CF9D1DDE7FFF717
:106F2000C8BF70B504460D4616461946FFF720FF48
:106F3000324629462046FFF7F2FF204670BD8069A1
:106F4000003818BF0120704703681A6AC36AD31A51
:106F50001944B1FBF2F302FB1311036B8B4210B522
:106F60000AD94C09C06B01F01F0150F824300122EE
:106F70008A40134340F82430002010BD03680133D9
:106F800004D04068431C5842584170470120704764
:106F900010B50B6804689C4209D040684968884273
:106FA00005D08C4203D0181A18BF012010BD002054
:106FB000FCE72DE9F74FDDE90C470E9D8346884637
:106FC000924699460DB9002064E0DBF80000BAF162
:106FD000000F1ED0DAF800304B451AD1DAF8041051
:106FE000A14216D886690E44A64212D9361BAE427B
:106FF000DAF8083028BF2E46611A3846324619445E
:107000000CF0B3F9AD1B37443444DCD0DBF800009E
:10701000E0E7D8F8002043694A4517D1D8F80410B2
:10702000A14213D8CE18A64210D9361BAE42D8F8CA
:10703000083028BF2E46611A3246384619440CF0F3
:1070400094F937443444AE1B3546BBE74168B4FB82
:10705000F3F203FB12428C467AB9AB420DD8B5FB72
:10706000F3F603FB1656AD1B00953B4622464946F8
:10707000E04778B92F442C44E6E7A21AC8F80090FC
:10708000C8F804200093D8F8083049466646B0474F
:1070900000289AD003B0BDE8F08F1FB5069C00927F
:1070A000CDE9013400220B4600F11401FFF781FF06
:1070B00004B010BD2DE9F04786B005460F461446D2
:1070C00000F11409D6184FF0010A0DF11708A64275
:1070D00003D1002006B0BDE8F0870094CDE9018A15
:1070E0003B46002249462846FFF763FF013400284B
:1070F000F0D10E980122414601F078FCE7E72DE936
:10710000F04F8BB01368049300265368059307462D
:107110000C46B0460DF1100A06AD4FF0100B5AF8B0
:107120002690CDF800B02B46002249463846FFF79E
:10713000B4FF70B110F1340F06D146B1B8F1000FB1
:107140000CBF6FF0330000200BB0BDE8F08F0126BC
:10715000E5E7B8F1000F04D0E269069B9B1A002B0B
:10716000EBDB079B23F00043132BE6D93A68D26987
:107170009342E2D84FF0FF3303A81022294603932D
:1071800001F034FC079B03A823F000430090103B60
:10719000102249463846FFF78DFF0028CAD1039BCD
:1071A000002BCAD10AAA86F0010302EB830304F183
:1071B0001C0C53F8183CA3601023E36095E80F0003
:1071C000C4F804904FF001088CE80F00B5E7F7B55C
:1071D000044604300E461546FFF7D0FE10B10020DD
:1071E00003B0F0BD009001236A4629462046019372
:1071F000FFF785FF0028F3D105F124073846FFF794
:10720000BDFE0028EBD131463846FFF7C1FE38B14C
:107210003A4629462046FFF772FF0028EED0DFE706
:107220000120DDE72DE9F04F87B0DDE91045064686
:107230008B46174625444FF001090DF1170AA3EBC1
:107240000408AC4201D1012011E008EB04030093D3
:10725000CDE901A93B46002259463046FFF7A9FE79
:1072600028B914F8013B9DF817209A42E9D007B0DD
:10727000BDE8F08F03689B6A10B5044613B9C06976
:107280000AF0EEFC2368DB6A13B9A06A0AF0E8FC96
:1072900023681B6B23B9E06BBDE810400AF0E0BC2B
:1072A00010BDF8B5C6690D68083EB5420F4613D348
:1072B000B5FBF6F0013808F02DFB841CA5EB840427
:1072C000B4FBF6F4204608F025FBA5EB800504FB93
:1072D00016553D602046F8BD0020FCE72DE9F04F33
:1072E00089B00646DDF84C8005920F464BB94FF049
:1072F000FF32C8F80020149A0020136009B0BDE8DE
:10730000F08F0468013B07A920460793FFF7C9FFE8
:1073100012A905462046FFF7C4FF4FF0040A814634
:107320000DF1140BA945059B03D3C8F80030129B3F
:10733000E1E7A5EB0904B4FA84F495FAA5F2B2FAF0
:1073400082F2C4F11F04944228BF1446A2000092A6
:10735000CDE901BA002239463046FFF72AFE00285F
:10736000CCD10123A340ED1ADCE72DE9F04F89B021
:1073700006461298DDF850A00F4690469946E8B1AF
:107380000138059005A93068FFF78BFF0DF1180B48
:107390000446139B49465046984778B974B104F0A7
:1073A0000105C5F102029200CDE901B200904B4601
:1073B000424639463046FFF7FCFD10B109B0BDE842
:1073C000F08F06992DB9139B504698470028F5D1A8
:1073D000012008AB03EB8000023D50F8089C2C44D0
:1073E000D7E704300844104470472DE9F3410646BE
:1073F0000C46154601F124074FF01008216AE26897
:1074000021F0004302F10C00043B984215D80C23F4
:10741000009361682B1D3046FFF73FFE034688B995
:10742000E668EA79A97968792E60FFF7DAFFA26940
:1074300006440244E660A26104E0002906DB2A60FB
:107440006FF00103184602B0BDE8F0813A462146CC
:107450003046FFF754FE03460028F3D1A369C4F871
:107460000C801433A361C9E730B5044693B00430EF
:107470000D46FFF783FD10B1002013B030BD019021
:10748000012301AA07A920460293FFF738FE00282E
:10749000F3D110A8FFF772FD0028EDD110AA07A9BB
:1074A0002046FFF72CFE0028E7D103AA07A92046B3
:1074B000FFF79BFF10B1831CEBD0DEE79DF9103086
:1074C000002BF2DB0822294605A80BF0E4FD00287A
:1074D000EBD10120D1E72DE9F843054604300F46F2
:1074E00014461E46FFF74AFD10B10020BDE8F883A0
:1074F00001235062936202F1240806F10809404614
:10750000FFF73CFD0028F0D1424621462846FFF710
:10751000F6FD0028EAD1324621462846FFF765FFEE
:1075200010B1831CEBD0E1E7337903F07003202B1B
:10753000F1D139464846FFF72BFD0028EBD1012059
:10754000D4E700002DE9F04F87B01F68049340F6A0
:107550002203536043689360DFF82C9183680391A2
:1075600005461446D360494638460BF01FFE07EB2C
:1075700000088346494640460BF0CCFD01280646EC
:1075800008EB000A05D117F80B302E2B0AD157460D
:10759000E9E7022806D102463C4940460BF07BFD54
:1075A0000028F4D057464FF0010B494650460BF0E7
:1075B000FDFD8244494650460BF0ACFD024690B1B9
:1075C00002280CD10590314950460BF064FD059A14
:1075D00028B9BBF1010B04D10AF10207C3E70BF193
:1075E000010B9244E1E798F80000002841D0049B89
:1075F000C3F800802379222B43D104F1080A0399B0
:1076000052462846FFF77BFD98BB05F1140B039902
:1076100022462846FFF7E9FE58BB237903F07F0393
:10762000112B01D0222BF2D1E379B342EFD12368A1
:10763000627904331344A279CDE900861344039A96
:10764000594652682846FFF7EDFD002811DBDED0D1
:1076500095F84130002B86D194F90430002B82DA62
:1076600051462846FFF700FF002805D001DB6FF0E8
:10767000010007B0BDE8F08F237903F07F03237189
:1076800071E76FF01300F4E7587C02085A7C020897
:10769000C368184710B50C468269A068FF210BF03B
:1076A00024FD4FF0FF33236010BD38B58B6A0160B5
:1076B00004460D46CBB1C361EB6A13B3A36204F178
:1076C00020012846FFF7E6FF4FF0FF336361236890
:1076D0001A6BEAB1E26300204FF0FF33C4E90133D3
:1076E000C4E90300A4F8400038BD48690AF0B0FAC4
:1076F000E0610028E0D12046FFF7BCFD6FF00B00F1
:10770000F2E7A8690AF0A4FAA0620028D7D1F2E74C
:10771000586AC0080AF09CFAE0630028DBD1EAE767
:10772000F7B50C4609684B1C0546164602D10020E9
:1077300003B0F0BD006883690093D4E90123876832
:10774000B8470028F4D12B6826B928682146FFF7EE
:10775000A1FFECE79B690193A3680093D4E90023A0
:1077600031462846FFF75EFD0028E1DBEDD16FF0E2
:107770003300DDE72DE9F74FDDE90C480E9E814629
:107780000F4693469A46002E38D1304606E05A46B8
:1077900039464846FFF7C4FF002850D003B0BDE883
:1077A000F08FB4FBF2F302FB13431BBB964221D3D1
:1077B000B6FBF2F502FB1565761B00968368224640
:1077C0009C4651464346E0470028E7D1BBF1000FF5
:1077D00002D1B044344434E0CDE900862346524619
:1077E00059464846FFF71EFD0028D7DBF1D16FF060
:1077F0003300D3E7E31AC7F800A07B603B68D9F8F1
:10780000000053458269CCD17B68A342C9D89D183A
:10781000A542C6D92D1BE01AB542BB6828BF354624
:107820002A46184441460BF0A0FDD9F800309A6969
:107830002C44B4FBF2F302FB1343002BA7D0A84463
:10784000751B2E469FE730B543684B6087B0836851
:1078500001928B6002AA01AB05460C46FFF772FE4F
:10786000A0B99DF80C30222B12D104AA214628463B
:10787000FFF745FC50B963682361A36863610E2379
:10788000A3611023E3602B6923602C6107B030BD36
:107890006FF01300FAE7036900F110021BB18B428D
:1078A00003D11B681360002070471A461B68F5E778
:1078B000086A7047CB6948699B0303D50B6A9842F5
:1078C00038BF18467047000070B594B01546039154
:1078D00003AB05AA09A90646FFF734FE0446C0B962
:1078E00001464FF4847228460BF0FFFB9DF81830D8
:1078F0002B70112B04BF089B6B60311D07A8FFF78D
:1079000047FB05F10803044630B90C4918460BF053
:1079100024FD204614B070BD059A9DF819109DF8FD
:107920001B00009004320A449DF81A1030460A44A5
:107930000A99FFF7B2FB0446EBE700BF587C020848
:1079400030B599B00546FFF7B0FE044658BB2B682A
:1079500068631B6AAB63C5E90B000290012302AAAE
:107960000DA928460393FFF7CAFB044600BB20235A
:1079700000930E9905AB10222846FFF78EFB0446B4
:10798000B0B9069B6B60079B0D49AB6008220BA842
:107990000BF081FB044648B90A9B1A0C012A0BD153
:1079A0009BB2012B08D8204619B030BD6FF03304CC
:1079B0002846FFF75FFCF6E76FF01504F8E700BF15
:1079C0005D7C020808B5FFF755FC002008BD2DE9D5
:1079D000F043064697B004300F469046FFF7CEFAC4
:1079E00020B10024204617B0BDE8F08301230590A4
:1079F000069305994046B84704460028F2D10699F7
:107A00004046B84704460028ECD105AA0BA93046E9
:107A1000FFF775FB04460028E4D14FF00C09139BD7
:107A20000E9D23F0004305F10C02043B9A4223D93A
:107A3000149B059305A8159B0693FFF79FFA002852
:107A4000D7D0F56806F11409002DCAD0EB69DA0326
:107A50003CD4EB699B030DD5CDE901782B6A0093EB
:107A60006B6A05F12C0249463046FFF77EFC04465E
:107A70000028B7D12D68E7E70C99CDF8009008AB46
:107A80002A463046FFF709FB04460028AAD19DF894
:107A900023209DF822109DF82100FFF7A2FC9DF8FD
:107AA000203003F070032844102B0E90B7D10A9BAE
:107AB00000932246CDE90178099B06F11401304676
:107AC000FFF753FC04460028A9D08BE7CDE90178E5
:107AD0006B6900932B6905F12C0249463046FFF78C
:107AE00044FC04460028B4D07CE70000F8B5044606
:107AF0000D460126236BD4E90D219A421DD10029A0
:107B000049D0E06A22680344106A526A8A4294BFEC
:107B100022632163B3FBF0F7002100FB173361639D
:107B2000D208E06BE3620BF0E0FA1C4922462046E3
:107B3000FFF74DFF0028DDD024E00139501CA16380
:107B40005709E16B606351F8277002F01F0006FAD5
:107B500000F03842CFD1E36A13442268126AB3FBC3
:107B6000F2F002FB10332B60266B0125636BB342EE
:107B70000FD05A0903F01F0051F8222005FA00F037
:107B8000104000D1F8BD01336363A36B013BA363D5
:107B9000ECE70020F6E76FF01B00F3E7496F010800
:107BA00073B50C4604310646FFF7A0FF0546F0B951
:107BB00004F108013046FFF799FF0546B8B90423E0
:107BC00000930246616804F11C033046FFF765FA32
:107BD00010B110F1340F0DD1E3690133E3611422C8
:107BE0004FF0FF33C4E90823A3621023E360284663
:107BF00002B070BD0546FAE72DE9F04F044689B0A2
:107C00000E4600F1140B07A92046FFF76FFF05464B
:107C100058B9DDF81C9020684946FFF739FD054644
:107C200000283BD010F1340FEDD0284609B0BDE854
:107C3000F08F0DF11B07CDE90087CDF808A0736A1E
:107C4000059A59462046FFF7B4F970B9CDE9017A93
:107C5000CDF800804B465A4604F120012046FFF73C
:107C600089FD20B110F1340FCDD00546DDE708F1D4
:107C70000108B36A4345DCD82368A16A9A69706B2E
:107C80000BF073FB236AF362636A2068336304F1C9
:107C90002001FFF7FFFCC6F82490C6E706F12C038D
:107CA000804605934FF0010AE3E72DE9F04F8FB0CE
:107CB000CDE90623CB6903F00302012A05460C46F1
:107CC00000F01F815E031AD4E669320520D4276ACA
:107CD000079BDF4200F1188116F400361ED005F133
:107CE0001403DDF81CA0099304F12C08E369BAF130
:107CF000000F25D123F40023079AE36104E000F08C
:107D000006F902460028DFD010460FB0BDE8F08F1C
:107D10006269216A8A4288BF2262D8E763699F420A
:107D2000DDD92362236A9F42D9D90DAA01232146B6
:107D300028468DF83460FFF7B8FF021EF2DAE3E759
:107D40009B0324D52B68A26ADB699A4240F0988095
:107D50002B681B6AAB6305F114030493D4E9083262
:107D6000CDE90B230DA92846FFF7C0FE024608BB4C
:107D70000D9B286805931946FFF78AFC024618B345
:107D800012F1340F16D14FF0FF332B62EAE7236A6A
:107D9000002BDDD004F128020292013B04F1240201
:107DA00001920093D4E9042341462846FFF796FA4E
:107DB000024620B1E36943F40023E361A4E72868A5
:107DC0004146FFF767FCC3E70C9F2E680890002F21
:107DD0004FD0013F0CA930460C97FFF762FA0C9F79
:107DE000F369089A01379F420C9768D1461C96FAAE
:107DF000A6F6B6FA86F606F1010B91460BAF4FEAEE
:107E0000890308930423CDE901734FEA89030093A2
:107E10004146DDE904232846FFF7ACFC0B9B0246F4
:107E20000028ADD14E4550D109F10109CB45E6D826
:107E30004FEA8B071DE00022CDE9016B0B9B0499F3
:107E4000CDF800902846FFF7B4F802460028B1D1DB
:107E5000DDE90423CDE9016BCDF8009041462846C9
:107E6000FFF788FC024600288AD109F101094F4535
:107E7000E1D8059BC4E90937E36943F40033E361C2
:107E80002B68DE69A36AF61A564528BF5646069B3C
:107E900002960193A36A0093099A636A41462846B1
:107EA000FFF768FC0246E8B110F1340F82D1214699
:107EB0002846FFF7A1FE02460028E8D07AE791465F
:107EC0004FF0010B0DF12B06D1E70421CDE9017133
:107ED0000899009128460499FFF76BF8024600289C
:107EE000A2D067E7236A33442362A36A3344A362C0
:107EF000069B334406932B681B6AAB63AAEB060A06
:107F0000F4E66FF00802FFE66FF01A02FCE6CB69B8
:107F10005A032DE9F04144BF23F48023CB61CB69A0
:107F200044BF4FF0FF32CA629B0390B005460C4637
:107F300003D4002010B0BDE8F0810F6A2C2200218C
:107F400002A805F114060BF0D0F82369069396E811
:107F50000700636907930123CDE9093710AB03E9F3
:107F600007004FF0FF38C5F81480226A63699A420F
:107F700011D304F12C08324641462846FFF7D0FBC6
:107F800008B310F1340FD5D121462846FFF734FE4F
:107F90000028F0D0CEE701230DF1070202A9284600
:107FA00000F01DF80028C5DB01230DF10702214672
:107FB0002846FFF77AFE0028BCDB6B690133D4D07A
:107FC000CDF83480CFE7636A2361236A6361E36994
:107FD00023F4003343F48033C4E90737A9E72DE9DC
:107FE000F04F1D46CB69904603F00302022A87B08A
:107FF00007460C4654D09A0305D4236A6669B342F7
:1080000008D3002003E0FFF782FF0028F5D007B077
:10801000BDE8F08FF61AAE4228BF2E4604F12803C1
:10802000B14604F12C0A059304F1240BB9F1000FB9
:1080300001D13046EBE7E3695B0304D53B68A26AF4
:10804000DB699A4210D1059BCDE901B3236A009305
:10805000D4E9042351463846FFF740F90028D6D129
:10806000E36943F48023E3613A68A36AD569009326
:10807000ED1A4D4528BF4D46CDE901850022636AC2
:1080800051463846FEF795FF0028C0D1236A2B449D
:108090002362A36A2B44A362A844A9EB0509C5E7A0
:1080A0006FF00800B3E770B50D4614461E46FFF7A3
:1080B0002EFF70B92B6A36B1012E01D11C4402E0AB
:1080C000022E07D01C46002CA6BF2C6220466FF063
:1080D000150070BD6B69F1E7F0B5012680F84060CE
:1080E000A7B004460430FEF749FF0546002879D1C1
:1080F00001462C2205A80AF0F8FF4FF00043282281
:10810000294610A80D930AF0F0FF1A9623681B6AFF
:108110009D4202D36FF0330020E019A8FEF72EFF36
:1081200000285FD119AA10A92046FEF7E8FFA8B9D8
:108130000D9B002B34DB01AB1BAA0EA92046FFF7D9
:10814000CAF900280ADB0BD1199B0E931A9B0F93D7
:1081500000231A4605A9204600F046F827B0F0BDD6
:10816000039A0E99049B0F988A4201D1984217D026
:10817000904201D1994213D00E92E8E79DF97030F8
:10818000002B0DDA1DA92046FFF76EF90028E5DB6C
:108190001BD01BAA10A9204600F03DFA0028DDD113
:1081A0001BAA10A92046FFF720F90028E6D0831C5F
:1081B000D4D110AF0FCF05AE0FC60FCF0FC697E8C3
:1081C0000700013586E80700A0E79DF8703003F04E
:1081D0007F038DF870301BAA034610A9204600F0DB
:1081E0003FF9DBE70020B9E72DE9F04F9DB00D46E0
:1081F0000993CB6905920133CB610B1D06460793AA
:1082000009984B6889680693C5E9011302EB0014CD
:1082100013469C4212D1069B0C9300230B910893AA
:1082200069683068FFF734FA044678B114F1340F06
:1082300000F0DF8020461DB0BDE8F08FD8682A6AC4
:1082400002445868121A2A621033E2E705F11C084A
:108250004FF0FF33102241460DA810270D9300F078
:10826000C5FBCDE90187009406F1200A22466B6820
:1082700051463046FFF77EFA04460028D6D18346A1
:10828000B84629E0099B9B4580F28D80059A4FEA0C
:108290000B1302EB0B19D358434540F08480D9E906
:1082A00002120DA800F0A2FBD9F80C300293D9F805
:1082B0000830CDE9007300226B6851463046FFF765
:1082C00059FA04460028B1D1D9F804309844D9F8B5
:1082D0000C300BF1010B1F442B6A23F00043043BCD
:1082E000BB42CFD80DF13408CDE9007804230293C6
:1082F0006B68002251463046FFF73CFA04460028DE
:1083000094D14FF0FF370246776151463046FFF770
:1083100007FA0446002889D1306803699847044663
:10832000002883D12B6A119711AF009723F00043E7
:1083300002466968043B3046FEF7BCFE044600284E
:108340007FF478AF119A0D9B9A4252D1089B2BB3C0
:1083500043463A460BA93046FFF7BDF80028FFF622
:108360006AAF5ED06B680F93AB68109342462346AA
:108370003946304600F074F800287FF45CAF311DB8
:108380000BA8FEF705FE18B96B687360AB68B360A5
:108390003046FFF7A1FE00287FF44DAF3269002A76
:1083A00053D1104647E74FF001090699CDF80090E8
:1083B00011AB42463046FEF770FE044600287FF4BB
:1083C00039AF4A4611A90DA800F010FB11ABCDE959
:1083D0000073CDF8089022466B6851463046FFF78F
:1083E000C9F9044600287FF421AF08F101080137DC
:1083F00072E74FF0FF3333620124002311A90BA869
:10840000CDE91134FEF7C4FD10B96FF0330012E767
:1084100007993046FFF76AFB089400283FF400AF45
:1084200009E73A460BA93046FEF7D1FE0028FFF6D1
:1084300002AFB3D06B681A93AB681B9300231A4644
:1084400039463046FFF7D0FEA5E70799101DFEF725
:108450009FFD18B96B685360AB68936012689EE724
:1084600070B5154688B055F8044BD27900940C26A7
:10847000002BCDE90523079234440CBF01230223CE
:108480006A46CDE9016503960494FFF7ADFE08B096
:1084900070BD70B592B006460D46FFF738FD044634
:1084A00058BBEB6903F41023B3F5803F25D12A1D97
:1084B0001046FEF763FD00BB07A93046FEF71FFE1E
:1084C000F0B90C23EA6808990093304604ABCDE973
:1084D000044406940392FEF7E0FD88B92B690593E6
:1084E0006B69069303AA234607A93046FFF7B8FF36
:1084F00030B9EB6923F48033EB61204612B070BDD4
:108500000446FAE770B505460C46FFF7C2FFEB6874
:10851000064605F10C021BB1A3420DD1236813607E
:10852000A3690BB11B682BB92B685B6B13B9606B2C
:1085300009F096FB304670BD1A461B68EBE72DE943
:10854000F043804695B00E461746994601F1240542
:10855000FA79B9797879346AFEF743FFD8F80030B0
:10856000DB692044984215D8043C47F8044B0023AB
:108570000C21CDE90A37CDE90C14CDE90E39109262
:108580000994022309AA31464046FFF72DFE15B093
:10859000BDE8F083002C36DB35460FCD09AC0FC4A7
:1085A0000FCD0FC495E8070084E807003146404628
:1085B000FFF7F6FA0028EAD1129B7362139BB362AD
:1085C000336A3A46043B42F8043B03920C22CDE95D
:1085D0000130CDE90423FB790893CDE90609022394
:1085E00001AA31464046FFF7FFFD0028CFD1119B7D
:1085F00043F00043119373681293B36813930246D8
:10860000034609A9C0E72A4631464046FEF777FDF2
:1086100000289DD0BBE72DE9F04714460D46D279DE
:10862000A1798CB080466079FEF7DBFE2B6A1430AE
:1086300023F0004383421DD101AA291D4046FEF7C5
:10864000C6FD061E12DB099A002A13DA2B6A63F0B4
:108650000043134009936B6A0A93AB6A0B930023A0
:108660001A4601A94046FFF7BFFD064630460CB04A
:10867000BDE8F0872368E279A17960790193FEF77C
:10868000B0FE0023CDE903330290012301AA29465D
:108690004046FFF7A9FD06460028E7D1D8F80C7040
:1086A00005F1040A4FF0FF39CFB9D8F8107004353E
:1086B000002FDBD02946381DFEF76AFC68B9FB683D
:1086C0002268934209D9E279A1796079FEF789FE9F
:1086D0001B1AFB60BB691B1ABB613F68E8E7514688
:1086E000381DFEF755FC28B9FB682268934203D178
:1086F000C7E901993F68D7E7FCD9E279A1796079A8
:10870000FEF76FFE1B1AFB60F4E70000F0B5A5B0A2
:108710000546FEF7CAFF0446002877D12B685A6A3F
:108720000146D208E86B0AF0E0FC2A68EC62D2E964
:1087300008320EA9C5E90D439A4294BF2A632B6300
:108740002846FFF72DFA044600285CD119A92846CF
:10875000FFF726FA0446002855D10346024619A918
:108760002846FFF741FD044600284CD1294B1A9EAC
:108770001B9A6E601027CDE905732B68AA60D96932
:10878000099125491B6A08680A93496801974FF0C7
:1087900001130B930CAB03C33423CDE90762CDE97E
:1087A0001762169306AE2023CDE90363029301AA54
:1087B00001230EA92846FFF717FD20B110F1340F51
:1087C00002D004461FE001242023CDE902360493A1
:1087D00001AA01230EA928460197FFF705FD20B144
:1087E00010F1340FEDD1002CEBD000220123CDE9A4
:1087F00001230EA901AA2846FEF781FC044610B900
:108800002B681B6AAB632846FEF734FD204625B073
:10881000F0BD00BF2E1400085D7C02082DE9F04772
:108820001F4692B003F00303012BDDF8688001922C
:1088300006460C4611D101AB03AA07A93046FEF744
:1088400081FE0546B0B99DF81030222B00F08680DD
:10885000B90534D56FF0100508E090F84030002BD2
:10886000E9D1FFF739FC05460028E4D0284612B0CC
:10887000BDE8F087821CF9D1DDF804A02F21504615
:108880000AF03BFC81460028F0D1FB05EED540F60E
:1088900011038DF812005046ADF81030E8F7F8FCDF
:1088A0004FF0FF33CDE905398DF81300534603AA85
:1088B00007A93046FFF743FE05460028D6D1089B9E
:1088C0006360099BA360039BE360059B2361002217
:1088D000069BC4F8188078056361E761226210D4B2
:1088E0004FF0FF33E362B8F1000F02D0D8F8003048
:1088F0006BBB3268536B73B1F26842B36FF00B0518
:10890000B4E713B147F48037E7614FF0FF3200233B
:10891000C4E90423E4E7E36903F00303012B0AD16C
:10892000506909F095F960630028E7D0F368236087
:108930000025F4609AE7906909F08AF960630028DD
:10894000DCD0306804F12C01FEF7A4FEEEE763638F
:10895000E36903F00303012BE8D0F2E76FF014059D
:1089600084E713B500240094FFF758FF02B010BD50
:1089700010B590F840309CB00446019143B101AB72
:1089800002AA06A92046FEF7DDFD30B11CB010BDDD
:10899000FFF7A2FB0028F2D0F8E79DF80C30222B5D
:1089A0001CD002AA06A92046FFF735FE0028EDD10B
:1089B0009DF80C30222BE9D106AA12A92046FEF719
:1089C00006FC0028E2DB1A9B0F931B9B10930023ED
:1089D0001A4606A92046FFF707FCD7E704AA11A903
:1089E0002046FEF78CFB0028DBD0CFE770B50D4D9D
:1089F0000A44914200D170BD066811F8013B83EA38
:108A0000060404F00F0455F8244084EA161484EA9E
:108A1000131303F00F0355F8233083EA1413036094
:108A2000E7E700BF687C0208D0F888301BB1D0F8B7
:108A30008C308030184770470148FFF7F5BF00BF02
:108A4000EC33002070B586B0002302AC029305938E
:108A5000C4E901338B6805460E4633B10222204635
:108A60009847F3680593B368049394E803006A4653
:108A700005F1800382E8030093E8030084E8030023
:108A800092E8030083E80300049BD5F88820C5F82A
:108A90008830059B04922046D5F88C20C5F88C3090
:108AA0000592EDF74EFA3220E9F7D4F9322006B0FC
:108AB000BDE87040E9F788B910B504463220E9F7FF
:108AC00091F9D4F888303BB104F1800103220846C3
:108AD00098470023C4E9223310BDD0F8880000383D
:108AE00018BF012070473220E9F76EB93220E9F74C
:108AF00079B93220E9F7AEB908B53220E9F798F92B
:108B0000003818BF012008BD054BD3F8902021B1D3
:108B100022F40042C3F89020704742F40042F9E783
:108B200000040058034BD3F8900080F40040C0F3D9
:108B3000C0307047000400584FF0B043D3F8942081
:108B400021B142F40042C3F89420704722F400425D
:108B5000F9E74FF0B043D3F89400C0F3C03070474A
:108B6000024B5869C0F34000704700BF0004005832
:108B700013B5094C4FF0FF3300931A4619462046AF
:108B800007F03EF8054B63660023C4E92033C4E9CF
:108B9000223302B010BD00BFEC33002000000158AA
:108BA00008B50248EDF7CDF908BD00BF6C340020D0
:108BB0000430704702460346064842F8040B086832
:108BC00058608888897990809171002283F82C20E0
:108BD00018467047B07C020837B5036801AA1D69C2
:108BE000D02101230446A8479DF80430582B07D014
:108BF000602B05D00023184684F82B3003B030BD1D
:108C00000120F9E7036810B51B680446984794F8FB
:108C10002C30184010BD10B544790C70817904795E
:108C2000890041EA4411C47921431170427A017AE2
:108C3000920042EA4112817A0A431A7010BD13B5BC
:108C40000DF107030DF106020DF10501FFF7E3FF3A
:108C500003689DF80520DB680446F22198472368E5
:108C60009DF80620DB68F4212046984723689DF88C
:108C70000720DB68F521204602B0BDE81040184708
:108C800003460868586088888A799A72188118465D
:108C9000FFF7D5BF024670B552F80B3B05461C697D
:108CA00088210623A0472A46044652F8113B8E210C
:108CB0001E6928461223B0472A46044052F8233B37
:108CC000A1211E6928460123B0472A46E4B252F882
:108CD000243B04401E69E12107232846B047204079
:108CE00070BDC379012B73B505460C4601D1FFF762
:108CF000A6FF2B686A461E69F72108232846B0475D
:108D0000221F6B461C3413F8011B42F8041FA242B9
:108D1000F9D102B070BD000070B51D46B0F80B303F
:108D2000C3EB21145B000646C3EBE103B0F90D1061
:108D300064434B43B6F90F1020134843801300EBF4
:108D4000E320106000EB800080300012E7F74AFB60
:108D50000C4B0022E7F7DAFC02460B466DB10A4BDA
:108D60000022E7F7A9FB094B0022E7F7CFFC084BED
:108D70000022E7F7EBF902460B4610461946E7F7E3
:108D800093FE70BD000059400000224000001440D6
:108D90000000404038B590F8284090F8275004F083
:108DA0000F0343EA05131B05C3EB813390F8291029
:108DB0002409A2F5963244EA011402FB143303F5A8
:108DC0008043D91390F8263090F92A405343DB12A0
:108DD0006243921203F5004353439B12B0F92420DF
:108DE00003F50013534303F500539B134B43DA136E
:108DF00090F823105243D2114A43A3EB221020EAE9
:108E0000E070B0F1C85FA8BF4FF0C8500013E7F79B
:108E1000D9FA034B0022E7F74FFBE7F745FE38BDD1
:108E20000000503F000000002DE9F843B2F5FA348D
:108E300006464FEAE27040F1FF30A4FB04C71D462E
:108E400004FB00F307EB4307B6F913304FEAE37E68
:108E500003FB00F204FB0E22A3FB043E7244120348
:108E60004FEA033E42EA1352B6F915304FEAE3796E
:108E700003FB07F80CFB0988A3FB0C39C8441B0A49
:108E800043EA086313EB0E03B6F8119042EB282275
:108E900002F50042A3FB093809FB02884FEAE87398
:108EA0004FEA680253EA68084FF0000E00F09E8017
:108EB000B6F91B804FEAE87908FB07F70CFB097746
:108EC000A8FB0C8C6744B6F919C04FEAEC790CFB8F
:108ED00000F004FB0900ACFB04C42044400440EA59
:108EE000DC304FEA4C4C1CEB080CC1F5801147EB11
:108EF000000701F00044B6F917001EEB0C0E44EA1F
:108F00005104C90707EBC007B1EB0E0040F635412D
:108F100064EB0704A0FB010701FB0471E8F744F9C7
:108F2000B6F921204F13430B43EAC14302FB07FC70
:108F30004FEAE27E03FB0ECCA2FB032EF444574320
:108F400003FB0C77A2FB03233B44520E42EAC312FD
:108F5000121841EB6367B6F91F3004464FEAE37C11
:108F600059430CFB0011A3FB04342144DB0C43EAFE
:108F70004133D21847EBE143B6F91D00120A42EA29
:108F8000036202EB0010E7F71DFA214B0022E7F71E
:108F900093FA013DE7F788FD052D07D8DFE805F0D6
:108FA000030812181A201B49E7F790FFBDE8F88361
:108FB000E7F72AFA0EA3D3E90023E7F7A7FBE7F7C1
:108FC00073FDF3E7E7F720FA0BA3D3E90023F4E7F7
:108FD0001149E9E7E7F718FA09A3D3E90023ECE719
:108FE000E7F712FA08A3D3E90023E6E70B48DDE729
:108FF00057ECC921C074AA409C086EF6CFBCF8405B
:1090000096B321D150AA6040F531E2ACBEEEBA4031
:109010000000703F0000C8420050C3470000C07FFE
:109020002DE9F0438BB00F4602A9054690461E4637
:10903000FFF757FE38B91A4B3360C8F800303B6071
:109040000BB0BDE8F083039C029B069807992401AE
:1090500044EA0334049B44EA2314DDE9082343EA89
:109060000229059B000140EA033040EA21119DF8E6
:10907000483001AA2846FFF74FFEC8F80000DDF887
:1090800004809DF84C30424621462846FFF7CCFE2E
:109090004246386049462846FFF77CFE3060CFE7FD
:1090A0000000C07F7FB50025467A45720446FFF771
:1090B000C6FD0123CDE9005303AB1A4619462046ED
:1090C000FFF7AEFF667204B070BD38B50546FFF716
:1090D00083FD044658B12846FFF7DCFD6B7A044651
:1090E00013B12846FFF7DEFF2846FFF7A8FD85F8F5
:1090F0002C40204638BD2D30704710B40C68C0F8A5
:109100002D404C68C0F8314010BCFFF7B9BD0000DD
:1091100038B504460D46FFF74DFD2346044A43F893
:109120002D2B2A68C4F82D206A685A60204638BD65
:10913000CC7C020870B50A4C0E4690F834102046DC
:109140001546F6F79DFC31462046F6F7F2FC294617
:109150002046F6F7EEFC2046F6F7B4FD012070BD80
:10916000283200202DE9F04104460F4690F83410D3
:1091700012481D461646F6F783FC39460F480F4F36
:10918000F6F7D7FC0D48F6F79DFD94F834100B4820
:109190002A46F6F794FD00243846F6F7BDFB04F1A5
:1091A0000108E4B220B9631B58425841BDE8F08180
:1091B0003846F6F7B5FB30554446EDE72832002037
:1091C000F0B5CFB006460C466D4602F12007106898
:1091D00051682B4603C30832BA421D46F7D19DF8A9
:1091E000003023F007038DF800309DF81F3003F0A6
:1091F0003F0343F04003214608A88DF81F3001F0DB
:1092000093F844A800F031FF44AA08A93AA800F056
:1092100039FF44A908AA084602F0D2F944A9084631
:1092200001F018FF44AA3AA908A801F084F912A88D
:1092300000F01BFF1CA800F00CFF08A926A801F0F5
:109240005BF830A800F011FF0024FE25EB10274644
:109250001DF8034005F007031C4104F001046740BA
:109260003A4626A912A800F097FF3A4630A91CA852
:1092700000F092FF30AA26A93AA802F0A1F91CAA90
:1092800012A944A802F09CF912A908461CAA00F0F1
:10929000F9FE30AA26A91CA800F0F4FE12AA3AA9E9
:1092A00030A801F048F91CA944AA084601F043F986
:1092B00044A93AA801F0F1FC12A944A801F0EDFC80
:1092C0001CAA30A926A800F0DDFE1CAA104630A971
:1092D00002F076F93AAA44A912A801F02CF944A99F
:1092E0003AAA084602F06CF91CA9084601F0D5FC20
:1092F00044A930A801F0CEFB26A9084601F0CDFC18
:109300003AA9084630AA00F0BDFE1CAA08A930A858
:1093100001F011F93AAA44A91CA801F00CF9013D89
:1093200094D2224626A912A800F036FF224630A980
:109330001CA800F031FF1CA9084601F08BFE12A901
:109340001CAA084601F0F7F812A9304602F069F9A4
:109350004FB0F0BD30B50C46A9B0054610460A46E0
:10936000202100F00FFE237823F007032370E37F12
:1093700003F03F0343F04003E3772146684602F0E1
:10938000C2FB6946284602F09EFB29B030BD10B5ED
:10939000A8B00446684602F0B6FB6946204602F0D3
:1093A00092FB28B010BD00002DE9F04FADF53D7DDA
:1093B00003460B900C4608330CAD00F148061868C4
:1093C00059682A4603C20833B3421546F7D11CA890
:1093D000214604F1800504464B780A780F798E788F
:1093E0001B0443EA0263CA7942EA07624F7943EAFF
:1093F000062342EA0742CE788F79083142EA0722F3
:1094000033438D42C4E9002304F10804E4D1044647
:109410001026D4E91C19CB0C4FEAD9424FEAC90EE9
:10942000CF004EEA517E47EA597743EA493342EA90
:1094300041328909A04641EA89617B4082EA0E02F5
:109440004B40D8E91217D8E900E8D4E9025C11EBE7
:109450000E0147EB080782EA99125B1842EB070EF0
:109460004FEA15296A0842EACC7249EA0C6982EA95
:1094700009014FEA5C074FEA1C28EA0947EAC57769
:1094800048EA056842EA4C624A4087EA08079B18A6
:1094900087EADC1106F101064EEB01010834502E7B
:1094A000C4E91E31B5D11A9B03931B9B0493149BF3
:1094B0000593159B0693189B0793199B0893169B7E
:1094C0000993179B0A930C9B01930D9B0293DDE973
:1094D0000E89DDE910ECDDE912320149009101E06D
:1094E000E87C020805994FEA913A06994AEA814ACE
:1094F0004FEA913B05994BEA814B8D0C069945EA61
:1095000081358C0C059944EA81348BEA040B069C66
:10951000E40544EA51248AEA050ACD05069945EA9C
:10952000512500998AEA050A8BEA040BD1E9005714
:10953000D0E900640799AD19099E47EB04044E4039
:109540000A9F08994F4005990E4006990F400799C8
:109550004E4008991AEB050587EA010703994BEB82
:109560000404AD1944EB07046D18049941EB04049D
:109570005B19039342EB04030493019B01991E0FB3
:10958000029B46EA03161A0F019B42EA0312029B52
:109590009B0743EA91038F0702995A4047EA9107D4
:1095A000019B7E404F0647EAD3175B0643EAD1137F
:1095B000734001995B1982EA070244EB020241EA17
:1095C0000804029941EA0905019901EA080702998C
:1095D00004EA0E0401EA09063C4305EA0C0513EB14
:1095E000040A45EA060542EB050B009A009BD56884
:1095F0009B680799D0E902421B1945EB02025B18F0
:109600000899099C41EB0202059981EA0405069933
:109610000A9C4C4003990D4004990C4009994D4017
:109620000A994C4003995B1942EB04028C0B049994
:1096300044EA81448E0B039946EA81468F0C0499D3
:1096400047EA81378D0C039945EA813504996E40CC
:10965000CD0503997C4045EA5125CF05049947EA99
:1096600051277C401C1985EA060542EB05051EEBD7
:10967000040307934CEB050308934FEA1B724FEA70
:109680008B7343EA9A034FEA1A7642EA0A124FEAC8
:109690008A7747EA9B0746EA0B165A404FEA4A6325
:1096A0007E4043EADB134FEA4B67029947EADA1739
:1096B00073401C1982EA070245EB0202019B41EA52
:1096C0000B05019943EA0A0301EA0A07029903EA32
:1096D000080301EA0B063B4305EA090514EB030CFA
:1096E00045EA060542EB050E009A009B55691B6989
:1096F0000999D0E904421B1945EB02025B180A994B
:10970000039C41EB0202059981EA04050699049C39
:109710004C4007990D4008990C4005994D40069919
:109720004C4007995B1942EB04028C0B089944EA00
:1097300081448E0B079946EA81468F0C089947EAC7
:1097400081378D0C079945EA813508996E40CD0522
:1097500007997C4045EA5125CF05089947EA5127EA
:109760007C401C1985EA060542EB050518EB04034D
:109770000A934FEA1E724FEA8E7343EA9C034FEA44
:109780001C7642EA0C124FEA8C7747EA9E0746EABB
:109790000E1682EA03024FEA4C6386EA070643EAA2
:1097A000DE13019983EA06034FEA4E6749EB050988
:1097B00047EADC171C194AEA0C0382EA070203EAAB
:1097C0000103029945EB02020AEA0C074BEA0E0577
:1097D0000BEA0E060D403B43E31845EA060542EB53
:1097E00005080993009A009B9B69D5690599D0E902
:1097F00006421B1945EB02025B180699079C41EBD8
:109800000202039981EA04050499089C4C400A99D4
:109810000D4003994D40049904EA09044C400A990B
:109820005B1942EB04028F0C8C0B47EA893744EA40
:1098300089444FEA99364FEA99457C40CF0545EA7D
:10984000813547EA592746EA81466E407C404FEA17
:10985000C9551C1945EA5125019B099985EA060558
:1098600042EB05051B190593029B43EB0503069389
:10987000099B4FEA18721E0F42EA03124FEA8873DF
:1098800043EA91038F0747EA980746EA08165A40C9
:109890004B067E4043EAD8134FEA486747EAD117A0
:1098A00073401C194CEA010682EA070245EB0202EA
:1098B0004EEA080306EA0A060CEA01050EEA080762
:1098C000354303EA0B03611943EA070342EB030341
:1098D000009A0293009B556A1B6A0191D0E90842E5
:1098E00003991B1945EB02025B1804990A9C41EB92
:1098F0000202079981EA0405089981EA0904059999
:109900000D4006990C4007994D4008994C40059927
:109910005B1942EB04028C0B069944EA81448E0BDE
:10992000059946EA81468F0C069947EA81378D0CE6
:10993000059945EA813506996E40CD0505997C402B
:1099400045EA5125CF05069947EA51277C401C1965
:1099500085EA060542EB05051AEB040303934BEB7E
:1099600005030493019B01991E0F029B46EA03160F
:109970001A0F019B42EA0312029B9B0743EA9103E1
:109980008F0702995A4047EA9107019B7E404F0694
:1099900047EAD3175B0643EAD113734009991B19B1
:1099A000019C41EA0406029982EA070245EB0202A1
:1099B00048EA0104019D09990D40029906EA0C0646
:1099C00008EA01073543009904EA0E045B1944EAEA
:1099D000070442EB0402D0E90A67D1E90A45079976
:1099E000A41945EB070564180899059E41EB050588
:1099F0000A9981EA0607069989EA010603990F4048
:109A000004990E400A994F40039986EA0906E41921
:109A100045EB06058E0B049946EA814A8E0B0399A5
:109A20008F0C46EA8146049947EA813B8F0C0399E3
:109A300047EA813704997E40CF0503998AEA0B0BE8
:109A400047EA512ACF05049947EA51278BEA0707CD
:109A5000E41986EA0A0645EB0605170F1CEB04011C
:109A60004FEA8276079146EA93064EEB05014FEAEC
:109A7000137C47EA03174FEA837E08914EEA920E61
:109A8000019977404CEA021C5E068CEA0E0C46EA0D
:109A9000D2164FEA426E8CEA06064EEAD31E41EA1F
:109AA000030C0299341987EA0E0745EB070741EAD0
:109AB000020509990CEA010C019901EA03060299D1
:109AC0004CEA060601EA020E05EA0805009945EA95
:109AD0000E0514EB060E47EB050CD0E90C67D1E937
:109AE0000C450A99A41945EB0705039E64180599CE
:109AF00081EA06070699049E81EA0606079907EAA5
:109B00000107089906EA0106059987EA01070699FF
:109B100086EA0106079949EB0505E41945EB0605B8
:109B20008E0B089946EA814A8E0B079946EA8146D0
:109B30004FEA9149089949EA81398F0C079947EA18
:109B4000813708998AEA090A4FEAC15907997E4084
:109B500049EA5129CF05089947EA51278AEA0707B8
:109B60000999E41986EA090645EB06054FEA1C77D0
:109B700009194FEA8C76099146EA9E0648EB0501E1
:109B800047EA0E174FEA1E784FEA8E7949EA9C0998
:109B9000774048EA0C184FEA4E660A9188EA0908AD
:109BA00001994FEA4C6946EADC1688EA060649EA5A
:109BB000DE1943EA0E08341908EA010887EA0907A2
:109BC000029945EB070703EA0E0642EA0C050D4031
:109BD00002EA0C09009948EA060614EB060845EA71
:109BE000090547EB0509D0E90E67D1E90E4505994E
:109BF000A41945EB070564180699079E41EB050576
:109C0000039981EA06070499089E4E4009990F407E
:109C10000A990E4003994F4004994E4009994FEA22
:109C2000913A0A99E41945EB06054AEA814A8E0BF6
:109C3000099946EA81464FEA914B0A994BEA813BE2
:109C40008F0C099947EA81370A998AEA0B0A4FEA89
:109C5000C15B09997E404BEA512BCF050A9947EA2F
:109C600051278AEA0707E41986EA0B0645EB060541
:109C700001994FEA19774FEA897646EA98064FEA42
:109C8000187A47EA08174FEA887B09194BEA990BBB
:109C900087EA06074AEA091A4FEA48668AEA0B0A7F
:109CA00005914FEA496B029946EAD9168AEA0606F7
:109CB0004BEAD81B41EB050187EA0B0734194EEA42
:109CC000080A45EB07070AEA030A4CEA09050EEA07
:109CD000080615400CEA090B4AEA0606069145EA11
:109CE0000B05A119019147EB050102910099403143
:109CF0000091009C1B49A14200F140007FF4F2ABAF
:109D0000CDE91232079B1893089B1993099B169370
:109D10000A9B1793059B1493069B03990B9A159323
:109D2000CDE910EC019B1A91CDE90E8904990C93B1
:109D3000029B0D931B910CAB02F1400552F8081FDA
:109D4000D3E900405668091940EB0600AA42C2E96F
:109D5000001003F10803F1D100200DF53D7DBDE8B1
:109D6000F08F00BF687F020830B5034600282ED070
:109D700000240025C3E9004517A5D5E90045C3E93E
:109D8000024517A5D5E90045C3E9044516A5D5E95F
:109D90000045C3E9064516A5D5E90045C3E90845D0
:109DA00015A5D5E90045C3E90A4515A5D5E900453E
:109DB000C3E90C4514A5D5E90045C3E90E4514A532
:109DC000D5E90045C3E910450020986430BD012065
:109DD000FCE700BFAFF3008008C9BCF367E6096A7F
:109DE0003BA7CA8485AE67BB2BF894FE72F36E3C2A
:109DF000F1361D5F3AF54FA5D182E6AD7F520E5187
:109E00001F6C3E2B8C68059B6BBD41FBABD9831F40
:109E100079217E1319CDE05B2DE9F8430D461646F6
:109E20000446002847D0002945D0836C802B42D8B7
:109E300000F14C0716B93046BDE8F883A36C93B91E
:109E40007F2E10D929462046FFF7AEFA0028F3D11D
:109E5000D4E9003213F5806342F10002C4E9003214
:109E60008035803EE6E7C3F18008B04528BFB046A4
:109E700003F14B02224405EB08094D4516D143443A
:109E8000802BA3640ED139462046FFF78DFA0028B7
:109E9000D2D1D4E9003213F5806342F10002C4E963
:109EA0000032A0644D46A6EB0806C3E715F8011B77
:109EB00002F8011FE1E70120BEE7F8B50D460446B0
:109EC00000285DD000295BD0836C7F2B58D8D0E967
:109ED00000670822E3FB02675A1C03448021702AB2
:109EE000C0E90067826483F84C100AD90022A36C91
:109EF0007F2B39D904F14C012046FFF755FA002396
:109F0000A3640022A36C772B34D93B0E84F8C430B1
:109F10003B0C84F8C53036BA3B0A04F14C0184F896
:109F2000C63084F8C770C4F8C8602046FFF73CFA12
:109F3000294604F14002E37B0B70E3894B70E36830
:109F40001B0A8B70E368CB70E37A0B7163894B71EA
:109F5000A3681B0A08348B712368CB71944201F10A
:109F60000801E8D10020F8BD591C2344A16483F8FE
:109F70004C20BCE7591C2344A16483F84C20C1E762
:109F80000120F0E730B5B5B0054668461446FFF746
:109F9000EBFE48B90A4668462946FFF73DFF18B967
:109FA00021466846FFF789FF35B030BD2DE9F04105
:109FB000FCB00446DDF8088248A81F460D46164648
:109FC000FFF7D2FE202208EB020148A8FFF724FF8A
:109FD0003246294648A8FFF71FFF10A948A8FFF7F7
:109FE0006CFF10A801F010FE10A920A801F08BFD55
:109FF00020A9204601F067FD48A8FFF7B5FE2146DD
:10A00000202248A8FFF708FF3946202248A8FFF77A
:10A0100003FF3246294648A8FFF7FEFE694648A8D6
:10A02000FFF74BFF684601F0EFFD10AB4246694673
:10A0300004F1200002F02AFE7CB0BDE8F0818378B4
:10A04000417802781B0443EA012343EA020000211D
:10A0500070470023C0E90033C0E90233C0E904338C
:10A06000C0E90633C0E90833704700230122C0E984
:10A070000023C0E90233C0E90433C0E90633C0E974
:10A08000083370472DE9F04753684E688D68CC68F7
:10A090000F69D1F824A01E4493681D44D3681C4462
:10A0A000136907EB030C4F69536907EB030E8F69C4
:10A0B000936907EB0308CF69D36907EB0309136AB8
:10A0C0000F6A09681F44536A126853440A44C0E97E
:10A0D0000026C0E90254C0E904CEC0E90689C0E9FF
:10A0E0000873BDE8F0872DE9F74F83688D68CC6869
:10A0F0004E685D40C36852425C4004EA020301932B
:10A1000004690B69634003EA020E44694B696340CA
:10A1100003EA020884698B69634003EA0209C4699F
:10A12000CB69634003EA020A046A0B6AD0E900C7FC
:10A13000634003EA020B446A4B6A09687E4063404D
:10A140008CEA010116401540134011408268019CC1
:10A150005540C268856054400269C46082EA0E02BC
:10A160000261426981EA0C0182EA080277400160DB
:10A1700047604261826982EA09028261C26982EAB9
:10A180000A02C261026A82EA0B020262426A534018
:10A19000436203B0BDE8F08F2DE9F04F8BB00B6840
:10A1A000019304684B68019D029384EA050A8B6859
:10A1B0004468029D039384EA0509CB688468039D83
:10A1C000049384EA05080B69C468049D059384EA36
:10A1D000050E4B690469059D06938B69079384EA14
:10A1E000050CCB69069D446908930B6A099384EAC0
:10A1F00005074B6A8469079DDDF824B084EA0506EB
:10A20000C469089D6540046A84EA0B04D0F824B050
:10A2100052428BEA030B0AEA020A09EA020908EA37
:10A2200002080EEA020E0CEA020C17401640154016
:10A2300014400BEA0202D0F800B08BEA0A0BC0F817
:10A2400000B0D0F804B08BEA090BC0F804B0D0F825
:10A2500008B08BEA080BC0F808B0D0F80CB08BEA55
:10A260000E0BC0F80CB0D0F810B08BEA0C0BC0F895
:10A2700010B0D0F814B08BEA070BC0F814B0D0F8C7
:10A2800018B08BEA060BC0F818B0D0F81CB08BEAF7
:10A29000050BC0F81CB0D0F820B08BEA040BC0F856
:10A2A00020B0D0F824B08BEA020BC0F824B001989B
:10A2B00080EA0A000860029880EA09004860039872
:10A2C00080EA08008860049880EA0E00C86005985B
:10A2D00080EA0C0008610698474007984F614640A5
:10A2E00008988E6145400998CD61444053400C6206
:10A2F0004B620BB0BDE8F08F2DE9F043D1E9009837
:10A30000D1E902E3D1E90476D1E90654D1E9082183
:10A31000C0E90098C0E902E3C0E90476C0E9065448
:10A32000C0E90821BDE8F0832DE9F04F0446084656
:10A330008DB050F8042B05920D46FFF780FE8B017F
:10A3400043EA90630B938301E81D0293FFF777FEC6
:10A350004FEA4118430148EAD06805F10A00069324
:10A36000FFF76DFE4FEAC10BC3004BEA507B05F1CE
:10A370000D000393FFF763FE83004FEA810A4AEA68
:10A38000907A079305F114002B690193FFF757FEAC
:10A39000CF01C30147EA506705F117000893FFF7A3
:10A3A0004EFE4FEA4119430149EAD06905F11A000E
:10A3B0000493FFF744FE0E01030146EA107605F10F
:10A3C0001D000993FFF73BFE810021F07E4121F043
:10A3D000030101F18075059A680E4FF0130CA0FB84
:10A3E0000C0C831805F07E4505932CBF012000203E
:10A3F0004B1B0A93029B069D13F180720B9B4FEA45
:10A40000526143F1000341EAC311491948EB636803
:10A41000029B069102F07E429B1A0B93039B0799C5
:10A4200013F180734BF1000B5A0E42EACB12521813
:10A430000292039A03F07E434AEB6B61D31A0393B3
:10A44000019B13F180732CBF012500255A0E42EAAF
:10A45000C512089D5219019D03F07E4347F1000E7D
:10A46000EB1A0793049B099F13F1807549F10009CA
:10A470006B0E43EAC913DB1946EB6969049E05F0CC
:10A480007E45751B0495059D15F1007C40F1000B80
:10A49000069810F10077029848F1000810F1007654
:10A4A00041F10001019112F1007505994EF1000E84
:10A4B0000CF07C4A13F1007049F100094FEA9C6CE2
:10A4C000B1EB0A0A0B99C4F800A04CEA8B1C1CEBF8
:10A4D000010C0699C4F804C007F07C4CB1EB0C0CDD
:10A4E000BF0E0399C4F808C047EA88177F1802997D
:10A4F000E76006F07C47CF1B01992761B60E46EA5C
:10A5000081160799761805F07C41521AA261AD0EAA
:10A51000049A666145EA8E15AD1800F07C429B1ADC
:10A520002362800E0A9BE56140EA8910C0186062D0
:10A530000DB0BDE8F08F2DE9F04F8246D1E9000360
:10A54000A5B0D2E9005808938B680193CB680993B2
:10A550000B6902934B690A93D1E906930B93D1E9F6
:10A5600008630C9393680393D36805931369069368
:10A5700053690D9393690F93D3691693136A1893D4
:10A58000536A1993039B019C4FF0130B0BFB03FCC5
:10A59000059B0BFB03F7069B0BFB03F317930D9B2C
:10A5A0000BFB03F310930F9B0BFB03F30E93169B14
:10A5B0000BFB03F30793189BDDF81CE00BFB03F286
:10A5C000199B0BFB03F30493089B04995B00119305
:10A5D000099B5B0012930A9B5B0013930B9B5B0030
:10A5E00014930C9B5B001593119B83FB0131C0FB03
:10A5F0000531C4FB0231129CC4FB0E31029CDDF814
:10A6000038E0C4FB0E31139CDDF840E0C4FB0E3192
:10A61000179CC9FB0431149CC4FB0731159C0BFB30
:10A6200008FEC6FB0C31C4FB0E31CDE91A31089B84
:10A63000019C049985FB033EC0FB083EC1FB043E20
:10A64000099C0299C2FB043E079CC4FB013E0E9983
:10A650000A9CC1FB043E10990B9CC1FB093E179953
:10A66000C1FB043E0C99049CC7FB063ECCFB013E9B
:10A67000CDE91C3E119B039988FB033CC0FB013CC8
:10A680000199C5FB013C1299C4FB013C0299139C42
:10A69000C2FB013C0799C1FB043C0E99C1FB093C7C
:10A6A0001099149CC1FB043C1799049CC1FB063C07
:10A6B0001599C7FB013CCDE91E3C0899039B83FB20
:10A6C00001370599C0FB01370199C8FB013709998A
:10A6D000C5FB01370299C4FB01370A990B9CC2FBE9
:10A6E00001370799C1FB09370E99C1FB043710994F
:10A6F0000C9CC1FB06371799C1FB043717931199BE
:10A70000059B209783FB01730699019CC0FB017395
:10A710000399C1FB04731299049CC8FB017302994D
:10A72000C5FB01731399C4FB01730799149CC2FB09
:10A730000973C1FB04730E99159CC1FB0673109934
:10A74000C1FB04730699089C109781FB047C0D994A
:10A75000019CC0FB017C0599C1FB047C0399099C09
:10A76000C1FB047C02990C9CC8FB017C0A99C5FBC7
:10A77000017C0499C1FB097C0B99C2FB017C079900
:10A78000C1FB067C0E99C1FB047C0D99119C0E97B0
:10A7900081FB047E0F99019CC0FB017E0699C1FBE1
:10A7A000047E0599129CC1FB047EDDE90241C1FBD8
:10A7B000047E1399049CC8FB017E1499C5FB097E95
:10A7C000C4FB017E0799159CC2FB067EC1FB047E7B
:10A7D0000F99089CCDF884E0079781FB047E1699B9
:10A7E000019CC0FB017E0D99C1FB047E0699099C6A
:10A7F000C1FB047E0599029CC1FB047E03990A9C5F
:10A80000C1FB047E0B99019CC8FB097EC5FB017E40
:10A810000499C1FB067E0C99C2FB017E1199169A20
:10A82000CDE9227E82FB01271899C0FB01270F99F1
:10A83000C1FB04270D99129CC1FB04270699029CB9
:10A84000C1FB04270599139CC1FB04270399C1FB95
:10A8500009271499049CC8FB01271599C5FB0627F5
:10A86000C4FB012711920899189A82FB01241999B7
:10A87000C0FB012416990198C1FB002410460999D8
:10A880000F9AC2FB01040D9A0299C2FB01040A99B6
:10A89000069AC2FB0104059A0B99C2FB0904039AAC
:10A8A000C2FB01040C9A1A99C8FB0604C5FB0204FA
:10A8B0001A9A0E9D12F100761B9ACDE9080442F116
:10A8C0000000B40E1C9A44EA8014A4181D9A06F0E5
:10A8D0007C4642EBA062891B0A911B9961EB000147
:10A8E0000B91109911F1007143F10006880E40EAB6
:10A8F00086104019109D01F07C414CEBA66C691A42
:10A9000063EB060314F180761E9D42F100024FEACC
:10A91000566E4EEAC21E1EEB050504951F9D06F0FD
:10A920007E4645EB6262A41B0C9410F18074079D77
:10A930004CF1000C660E46EACC1675190595219D62
:10A9400004F07E4445EB6C6C001B0D900498179C42
:10A95000089D10F10070019042F10002800E40EA63
:10A960008210001906902098229C40EBA262059864
:10A9700010F1007002904CF1000C800E40EA8C1037
:10A980000019239C44EBAC6C069C14F18074039476
:10A9900042F10002640E44EAC214641843EB62639D
:10A9A00010F18079119A4CF1000C4FEA596141EA9B
:10A9B000CC11891847EB6C6C14F1007743F100035C
:10A9C00011F100784CF1000C4FEA9862079342EACB
:10A9D0008C12099B521943EBAC6C12F1807E4CF146
:10A9E000000C4FEA5E650A9B45EACC15A5FB0B659A
:10A9F000F6184FEA6C6C0B9B0BFB0C5545EB0305F3
:10AA000016F1007C0C9B45F100050CF07C4B4FEAE5
:10AA10009C6C4CEA851CB6EB0B061CEB0305019BFA
:10AA2000CAF8045003F07C45049BCAF800605D1B23
:10AA3000039BCAF8085003F07E45069B5D1B079BED
:10AA4000CAF80C5007F07C45BF0E47EA83170D9BF0
:10AA5000641BFF18029BCAF81040059CCAF81470CA
:10AA600009F07E4908F07C480EF07E4E03F07C43EE
:10AA7000E31AB0EB0900B1EB0801B2EB0E02CAF821
:10AA80001830CAF81C00CAF82010CAF8242025B0D3
:10AA9000BDE8F08F2DE9F04F6C4B0A68CC684D682B
:10AAA0008BB082FB0382039284FB034204924A69C7
:10AAB00082FB03E20592CA6982FB032601924A6A7D
:10AAC000069682FB039219F1807C42F100024FEA64
:10AAD0005C664FF0130B46EAC216A6FB0B6A5216D1
:10AAE0000BFB02AA16EB08020292039A85FB03579E
:10AAF0000CF07E4C4AEB020AB9EB0C0215F18076A1
:10AB0000079247F100078A684FEA566C4CEAC71C67
:10AB100006F07E467F16C2FB03C7AA1B0892049A62
:10AB2000CDF80CC014F1807542F10006B9460A69EF
:10AB30006F0E47EAC61705F07E457616C2FB037610
:10AB4000621B0992059A04971EF1807842F1000475
:10AB50004FEA58658A69096A45EAC4156416C2FB5A
:10AB60000354019A059508F07E48BEEB080812F1DF
:10AB7000807E069A4FEA5E6542F1000245EAC21500
:10AB80005216C1FB0352019B0EF07E4EB3EB0E0E2C
:10AB9000029B13F1007C039B4AF1000A13F100773A
:10ABA00049F100030193049BAB4613F10075059B2B
:10ABB00046F1000613F1007144F100041BF100732B
:10ABC00042F100020692029A0CF07C49B2EB0909AC
:10ABD0004FEA9C6C089AC0F800904CEA8A1C1CEB67
:10ABE000020C039AC0F804C007F07C4CB2EB0C0CCA
:10ABF000019AC0F808C0BF0E47EA8217099ABF1829
:10AC0000C760049A05F07C47AD0E45EA8615D71B50
:10AC100015EB0805059A456101F07C45890E41EA6E
:10AC20008411551B11EB0E01069AC16103F07C41A2
:10AC30009B0E43EA8213079A0761BBEB01019B1845
:10AC40008561016243620BB0BDE8F08F42DB010019
:10AC50004B682DE9F041C3F1000E8B68CF680E6997
:10AC60004D698C69C3F1000CCB69C3F100080B6A14
:10AC70005A424B6A09687F4276426D4264425B42A7
:10AC80004942C0E9001EC0E902C7C0E90465C0E945
:10AC90000648C0E90823BDE8F0812DE9F04F0A46D7
:10ACA0008246D2E9024097B04FF0260C0690D2E9D6
:10ACB00004B00190D2E906E00390106A526A08924B
:10ACC00062000592069A039E0490520000924FEA99
:10ACD0004B020C92019A52000292039A0CFB06F767
:10ACE0005200049E0992D1E90013132202FB06F8D8
:10ACF000089E079302FB0EF0019A5D000CFB06F61E
:10AD00000CFB02F385FB062CC1FB012C4FEA410929
:10AD100061464FEA440CCCFB0821DDF800C0CCFBB7
:10AD200007214FEA4B0CCCFB00219446019AC2FB51
:10AD300003C1CDE90AC1079B009984FB06C2C9FB88
:10AD400003C2C1FB08C20299CBFB07C2C1FB00C210
:10AD5000CDF834C0009983FB053CC9FB043CC1FB22
:10AD6000063C4FEA4B01C8FB013C0299C1FB073C82
:10AD70001946CEFB001CCDE90E1C069984FB05305C
:10AD8000C9FB01300299CBFB0630C1FB08301946E4
:10AD9000CEFB0710CDE91010009985FB0103C9FB1C
:10ADA0000B030299C4FB04034FEA4E0CC1FB0603DC
:10ADB0000399C8FB0C03C1FB0703019907908BFBA8
:10ADC0000540C9FB0140DDE90571C1FB0740099958
:10ADD000CEFB0640C1FB08400299129485FB014C52
:10ADE000C9FB0E4C0699CBFB074C009FC1FB074CDF
:10ADF0000999C1FB064C0499C1FB084C03990694C0
:10AE00008EFB0547DDF81480C9FB01470199C1FBA2
:10AE100008470099CBFB01470499C1FB0647CDE9E0
:10AE200013470999029C85FB01780499C9FB0178B5
:10AE30000599CEFB01780099C1FB04780899059C1F
:10AE4000CBFB0B78C1FB06780499099781FB05655C
:10AE50000899CDF85480C9FB01650399C1FB0465CD
:10AE600000990C9CCEFB01650199C1FB04650A9910
:10AE7000089611F100770B99129CAE464FEA97663F
:10AE800041F100050D9946EA851676180A9907F0F2
:10AE90007C4742EBA562B1EB070B0B9961EB050117
:10AEA0000A91079911F1007143F100078D0E45EAEF
:10AEB00087152D19079C01F07C4140EBA760611AB2
:10AEC00063EB070316F180770E9C42F100024FEA14
:10AED000576848EAC21818EB040403940F9C07F063
:10AEE0007E4744EB6262F41B15F1807640F100006E
:10AEF0000794770E069C47EAC0173C1906F07E4679
:10AF00004CEB606CA81B04940B900398109C159D4F
:10AF100010F10070009042F10002800E40EA8210B1
:10AF2000001905901198139C40EBA262049810F14F
:10AF3000007001904CF1000C800E40EA8C1000195A
:10AF4000149C44EBAC6C059C14F18074029442F1A7
:10AF50000002640E44EAC214641843EB626310F109
:10AF60008079099A4CF1000C4FEA596141EACC1101
:10AF7000891845EB6C6C14F1007743F1000311F173
:10AF80000078089D06934CF1000C4FEA986242EA63
:10AF90008C1252194EEBAC6C12F1807E4CF1000C0D
:10AFA0004FEA5E65132345EACC15A5FB03654FEA1E
:10AFB0006C6C03FB0C550A9B16EB0B0645EB03056B
:10AFC00016F1007C079B45F100050CF07C4B4FEA25
:10AFD0009C6C4CEA851CB6EB0B061CEB0305009B36
:10AFE000CAF8045003F07C45039BCAF800605D1B5F
:10AFF000029BCAF8085003F07E45059B5D1B069B2B
:10B00000CAF80C5007F07C45BF0E47EA83170B9B2C
:10B01000641BFF18019BCAF81040049CCAF8147006
:10B0200009F07E4908F07C480EF07E4E03F07C4328
:10B03000E31AB0EB0900B1EB0801B2EB0E02CAF85B
:10B040001830CAF81C00CAF82010CAF8242017B01B
:10B05000BDE8F08F30B5A9B0044668460D46FFF74D
:10B060001CFE69460AA8FFF718FE0AA90846FFF762
:10B0700014FE0AAA29461046FFF75DFA0AAA694695
:10B080006846FFF758FA694614A8FFF706FE0AA9B2
:10B09000084614AAFFF74FFA0AA914A8FFF7FDFD06
:10B0A000042514A90846FFF7F8FD013DF9D10AAAC5
:10B0B000104614A9FFF73FFA0AA914A8FFF7EDFDFF
:10B0C000092514A90846FFF7E8FD013DF9D114A9A7
:10B0D00008460AAAFFF72FFA14A91EA8FFF7DDFDFC
:10B0E00013251EA90846FFF7D8FD013DF9D114AA82
:10B0F00010461EA9FFF71FFA14A90846FFF7CDFD59
:10B10000092514A90846FFF7C8FD013DF9D10AAA8F
:10B11000104614A9FFF70FFA0AA914A8FFF7BDFDFE
:10B12000312514A90846FFF7B8FD013DF9D114A94E
:10B1300008460AAAFFF7FFF914A91EA8FFF7ADFDFC
:10B1400063251EA90846FFF7A8FD013DF9D114AA01
:10B1500010461EA9FFF7EFF914A90846FFF79DFD59
:10B16000312514A90846FFF798FD013DF9D10AAA37
:10B17000104614A9FFF7DFF90AA90846FFF78DFD6D
:10B1800004250AA90846FFF788FD013DF9D16A4662
:10B190000AA92046FFF7CFF929B030BD2DE9F04FBD
:10B1A00097B00A6902924A690392D1E906A2D1E9ED
:10B1B000026705920A6A06924A6A0892720007922A
:10B1C0007A000992029ADDF814C0019052000A92A6
:10B1D000039A52000492059A262000FB0CF85200B4
:10B1E000DDF818C00B92D1E90053132202FB0CF9D1
:10B1F000DDF820C002FB0AF4039A00FB0CFB4FEAC7
:10B20000430E50438EFB0B2CC5FB052C6900654695
:10B210004FEA460CCCFB09254FEA470CCCFB08252E
:10B22000DDF828C0CCFB04259446039AC2FB00C578
:10B2300086FB0B20CDF838C0C1FB03204FEA470C3A
:10B24000CCFB0920DDF808C0CCFB08209446049A0A
:10B25000C2FB04C083FB0E32CDF83CC0C1FB0632FA
:10B260004FEA470CCCFB0B32DDF828C00C90C9FB31
:10B270000C32DDF810C00298CCFB08329C46CAFBA9
:10B2800004C2CDF840C0029C86FB0E3CC1FB073CCB
:10B29000C4FB0B3C049CC4FB093C1C46CAFB084C89
:10B2A00011947C008EFB0434C1FB00340498C6FB6F
:10B2B0000634C0FB0B344FEA4A00C9FB0034059842
:10B2C0001E46C0FB08640298129680FB0E6303982A
:10B2D000C1FB00630798C7FB00630B98CAFB0B63B5
:10B2E000C0FB096304980D931396079B8EFB0068BF
:10B2F0000298C1FB0A68C0FB03687800C7FB0068BE
:10B300000B984746C0FB0B670698C0FB096705987A
:10B3100014968AFB0E68C1FB00680398DDF8249040
:10B32000C0FB03680298C0FB09680698C0FB0B6865
:10B3300015960B988EFB00960698C1FB0096CAFBEB
:10B3400003960998049BC0FB03960298109BC0FBD0
:10B3500000960898C0FB0B960698CDF8089080FBE5
:10B360000EE90898C1FB00E949460598DDF81C90F4
:10B37000C0FB09E10998DDF82890CAFB00E10398B9
:10B38000DDF84CA0C0FB09E10E98F14610EB000E71
:10B390000F986D4110EB000B0C984041DB180393A4
:10B3A000119B5241DB184CEB0C0CCDF81CC0DDF8A6
:10B3B00048C006931CEB0C0C0D9B64411AEB0A0A67
:10B3C0005B410493149BDB180593159B7F41DB18AD
:10B3D0000B93029B0A9748EB0808DB1876410C9305
:10B3E0000D9619EB09060E9649411EF1007645F1BE
:10B3F00000070F91B10E41EA871111EB0B0106F026
:10B400007C4640EBA760BEEB060B65EB0705089595
:10B410001CF1007544F10006AF0E049BDDF80CE052
:10B4200047EA861717EB0A0705F07C4543EBA6634E
:10B43000BCEB050564EB060611F1807440F10000D9
:10B440004FEA546C4CEAC01C1CEB0E0C04F07E441A
:10B4500042EB6062091B099117F18071059CCDF8E0
:10B4600010C043F10003480E40EAC31000190590D4
:10B470000A9801F07E4140EB636C791A0A910499B5
:10B4800011F10071029142F100028B0E069943EA1C
:10B4900082135B180799069341EBA26205990B9BF7
:10B4A00011F100714CF1000C880E039140EA8C10F0
:10B4B0000699C01848EBAC6C11F1807A42F1000398
:10B4C0004FEA5A6444EAC314641946EB636310F10B
:10B4D00080790C9A0D9D4CF1000C4FEA596141EABC
:10B4E000CC11891845EB6C6C14F1007743F1000323
:10B4F00011F100780E9D07934CF1000C4FEA986211
:10B5000042EA8C1252190F9D45EBAC6C12F1807E11
:10B510004CF1000C4FEA5E65132345EACC15A5FB00
:10B5200003654FEA6C6C03FB0C55089B16EB0B068E
:10B5300045EB030516F1007C019B0CF07C4B45F1BB
:10B540000005B6EB0B061E604FEA9C6C099B4CEAAB
:10B55000851C1CEB0305019B5D60029B03F07C4591
:10B56000049B5D1B019B9D60069B0AF07E4AB3EB2A
:10B570000A05019BDD6007F07C45641B1C61079B8D
:10B58000059CBF0E47EA83170A9BFF18019B5F616A
:10B59000039B03F07C43E31A09F07E49019C08F009
:10B5A0007C480EF07E4EB0EB0900B1EB0801B2EB27
:10B5B0000E02A361E0612162626217B0BDE8F08F04
:10B5C0002DE9F04753684E688D68CC680F69F61A0C
:10B5D0009368ED1AD368A4EB030A13694C6AA7EBCE
:10B5E000030C4F695369A7EB030E8F699369A7EBAF
:10B5F0000308CF69D369A7EB0309136A0F6A0968C7
:10B60000FF1A536A1268E31A8A1AC0E90026C0E9D1
:10B61000025AC0E904CEC0E90689C0E90873BDE852
:10B62000F0870B462DE9F047D3E90892D1E9008E67
:10B630004FF0130AD3E90476D3E906540AFB02F368
:10B64000D1E902C103F1807308EB63630EEBA363DE
:10B650000CEB636301EBA36307EB636306EBA3638C
:10B6600005EB636304EBA36309EB636302EBA36382
:10B670005B160AFB03880EEBA86E0CEB6E6C01EBFD
:10B68000AC6107EB616706EBA76605EB666504EB4B
:10B69000A56428F07C4809EB646929F07C4302EB3F
:10B6A000A9624FEA28292EF07E4E80F801904FEAD9
:10B6B000284980F802904FEA8E0980F8008049EA14
:10B6C000186880F803804FEAAE182CF07C4C80F8A4
:10B6D00004804FEAAE3880F805804FEACC0848EA8B
:10B6E0009E5E80F806E04FEA6C1E21F07E4180F8F5
:10B6F00007E04FEA6C3E80F808E04FEA411E4EEA50
:10B700005C5C80F809C04FEAE10C80F80AC04FEA9F
:10B71000E12C80F80BC04FEA871C4CEAD141017341
:10B72000C7F3970126F07E464173C7F38F218173DB
:10B73000311225F07C45417431148174690041EA6D
:10B740001661C174E91124F07E440175C7F387477F
:10B75000E913C77306744175E10041EAD55181755B
:10B760006111C17561130176190141EA54514176A5
:10B77000191122F07E4281761913C176910141EAB6
:10B780001353037793104377931292148377C277FE
:10B79000BDE8F08700B589B001466846FFF741FF74
:10B7A0009DF8000000F0010009B05DF804FB70B5E1
:10B7B00004460D461646FEF796FC324605F1280172
:10B7C00004F12800FEF78FFC324605F1500104F128
:10B7D0005000BDE87040FEF786BC00002DE9F04740
:10B7E0000646D4B29EB0D70F06F1280A04EAE272E8
:10B7F0008846A4EB420406F15009FEF736FC504699
:10B80000E4B2FEF732FC4FF47075484605FB08F5CC
:10B81000FEF71FFCDFF8D88084F00102B2FA82F252
:10B8200008EB050130465209FFF7C1FF84F0020220
:10B8300005F17801B2FA82F2414430465209FFF72D
:10B84000B6FF84F0030205F1F001B2FA82F241443E
:10B8500030465209FFF7ABFF84F0040205F5B471DE
:10B86000B2FA82F2414430465209FFF7A0FF84F059
:10B87000050205F5F071B2FA82F2414430465209F0
:10B88000FFF795FF84F0060205F51671B2FA82F211
:10B89000414430465209FFF78AFF84F0070205F55C
:10B8A0003471B2FA82F2414430465209FFF77FFF09
:10B8B00084F0080205F55271B2FA82F2520941444D
:10B8C0003046FFF774FF51466846FEF715FD3146D6
:10B8D0000AA8FEF711FD494614A8FFF7B9F93A4640
:10B8E00069463046FFF763FF1EB0BDE8F08700BF32
:10B8F000687F02082DE9F043054601F128088BB066
:10B9000005F128060C4617460A464146FEF7BAFBE3
:10B9100022464146304605F15008FFF751FE3A46AF
:10B9200029464046FEF707FE05F1780907F128028F
:10B9300031463046FEF7FFFD04F1780207F1500171
:10B940004846FEF7F8FD04F1500211466846FEF73E
:10B9500099FB324641462846FFF732FE32464146C1
:10B960003046FEF78FFB4A4669464046FEF78AFBA3
:10B970004A4669464846FFF723FE0BB0BDE8F08310
:10B98000F8B501F178070C4605463A4604F1500631
:10B99000FEF7D1FD324604F1280105F12800FEF73B
:10B9A000CAFD3A46314605F15000BDE8F840FEF7C1
:10B9B000C2BD2DE9F0410C4601F17808054642462A
:10B9C00004F1280604F15007FEF7B5FD3A4631466A
:10B9D00005F12800FEF7AFFD4246394605F150005B
:10B9E000FEF7A9FD3246214605F17800BDE8F04199
:10B9F000FEF7A1BD2DE9F04304460E468BB004F1DD
:10BA0000500506F12809FFF748F904F1780849467E
:10BA10002846FFF742F904F1280706F15001404695
:10BA2000FFF7BCFB4A4631463846FEF72BFB39464A
:10BA30006846FFF732F9224629463846FEF722FBD0
:10BA4000224629462846FFF7BBFD3A46694620466E
:10BA5000FFF7B6FD2A4641464046FFF7B1FD0BB061
:10BA6000BDE8F08310B50446FEF7F3FA04F12800B0
:10BA7000FEF7FBFA04F15000FEF7F7FA04F1780044
:10BA8000BDE81040FEF7E5BA38B504460D46FEF7AE
:10BA900033FC05F1280104F12800FEF72DFC05F127
:10BAA000500104F15000BDE83840FEF725BC10B548
:10BAB0009EB004466846FFF7E7FF69462046FFF759
:10BAC00099FF1EB010BD30B59FB004460D466846C4
:10BAD0005031FFF7BFFA6A4629460AA8FEF72BFD48
:10BAE0006A4605F1280114A8FEF725FD14A9204691
:10BAF000FFF797FD0AA8FFF74DFEE37F83EAC01327
:10BB0000E3771FB030BDF0B5F5B06A464D1E044670
:10BB10001F311346164615F8010F00F00F078D422E
:10BB20004FEA10101F70587003F10203F3D1002583
:10BB3000294692F900300B44DBB203F1080141F3CE
:10BB40000311C8B20135A3EB00133F2D02F8013BEE
:10BB5000EFD196F83F30184486F83F002046FFF7B3
:10BB600081FF0125725769102EA8FFF737FE2EAA14
:10BB700021464CA8FFF7BEFE02354CA92046FFF730
:10BB800018FF412DEED121464CA8FFF790FF4CA99C
:10BB900010A8FFF7F5FE10A94CA8FFF72BFF4CA942
:10BBA00010A8FFF7EDFE10A94CA8FFF723FF4CA942
:10BBB00010A8FFF7E5FE10A94CA8FFF71BFF4CA942
:10BBC0002046FFF7F6FE0025725769102EA8FFF7F2
:10BBD00005FE2EAA21464CA8FFF78CFE02354CA983
:10BBE0002046FFF7E6FE402DEED175B0F0BD83781C
:10BBF000417802781B0443EA012343EA0200002152
:10BC000070470068002170472DE9F04F9DB08346D2
:10BC1000FFF7EDFFC0F314030BF102000B93FFF7E6
:10BC2000F0FFC0F354130BF105000C93FFF7DFFF97
:10BC3000C0F394030BF107000D93FFF7E2FFC0F38D
:10BC4000D4130BF10A000993FFF7DBFFC0F31413C1
:10BC50000BF10D000A93FFF7CAFFC0F354030BF179
:10BC60000F000E93FFF7CDFFC0F394130BF11200FA
:10BC70000893FFF7BCFFC0F3D4030BF11500079343
:10BC8000FFF7B5FFC0F314030BF117000F93FFF795
:10BC9000B8FFC0F354130BF11A000593FFF7A7FF89
:10BCA000C0F394030BF11C000693FFF7AAFFC0F347
:10BCB000D4160BF11F00FFF7A4FFC0F314170BF10C
:10BCC0002200FFF794FFC0F354080BF12400FFF7A4
:10BCD00098FFC0F394190BF12700FFF788FFC0F31A
:10BCE000D40A0BF12A00FFF782FFC0F314030BF113
:10BCF0002C000393FFF785FFC0F354130BF12F00C3
:10BD00001093FFF774FFC0F394030BF1310001931C
:10BD1000FFF777FFC0F3D4130BF134000293FFF762
:10BD200070FFC0F314140BF13700FFF760FFC0F38E
:10BD300054030BF13900FFF764FFC0F394120BF1C9
:10BD40003C00FFF75EFFDFF848E3C00840EA4170BF
:10BD5000CD08A0FB0EC11CEB060C0EFB051141F13A
:10BD600000011191CB498E46A0FB0161F6190EFB33
:10BD70000511C94F129641F100011391A0FB076113
:10BD800016EB0806DFF814831496C0F1000608FBD2
:10BD9000056E07FB0511A0FB088741F1000118EBB8
:10BDA0000909CDF854904EEB0709CDF85890DFF80B
:10BDB000F092A0FB09E709FB05771EEB0A0ACDF814
:10BDC0005CA047F1000ACDF860A0DFF8D8A2039F7D
:10BDD000DFF8BCE20AFB0566A0FB0A05C019039068
:10BDE00046EB050004900698119DA2FB0E7A3F18C1
:10BDF000A848A2FB00694AF1000A16EB0C06DFF81E
:10BE000098C2129845EB0909A2FB0C582818139DFB
:10BE10000690A24845EB0808149DA2FB000E4019AD
:10BE2000AEEB020E4EEB010E9D49159DA2FB01C12A
:10BE30001CEB05051195169D45EB010112919949E1
:10BE4000944DA2FB01C1891A179A1CEB02021392AE
:10BE5000189A41EB020214928D4AA3FB021C059A28
:10BE60008918A3FB05254CF1000CD2194AEB0507F4
:10BE7000DFF824A2A3FB0AA51AEB060A49EB050585
:10BE8000864E1595069DA3FB069619EB0505A6EBB8
:10BE9000030646EB0806DFF80882A3FB088918EBC7
:10BEA00000084EEB090016907E48A3FB00E0C01A84
:10BEB000119B1EEB03030593129BDFF8D4E140EBCB
:10BEC000030306930F9BA4FB0E0EC018714BA4FB3B
:10BED00003934EF1000E19EB0101DFF8BC914CEB1E
:10BEE000030CA4FB09399B1847EB09070F976B4F0D
:10BEF000A4FB077917EB0A07DDF854A0A9EB0409A6
:10BF000049EB0A09DFF898A1A4FB0A2A5219654DEA
:10BF1000119246EB0A0AA4FB05652D1B16EB0804DB
:10BF20001294169C5A4A45EB04041594029C079EF1
:10BF3000DDF80880A4FB0245A419564E029AA8FB1E
:10BF4000068645F1000518EB00004EEB0606DFF80B
:10BF50004881DDF808E0AEFB08E81EEB010E4CEB73
:10BF6000080C4E49DDF80880A8FB0118C9180F9B82
:10BF7000A8EB020848EB0308494BA2FB0323D7199F
:10BF800049EB0309474A029BA3FB02230F92029A43
:10BF90009B1A07930F9A119BD218079B029243EBAF
:10BFA0000A0ACDF81CA03A4ADDF804A0AAFB02A3B5
:10BFB000089A1AEB020A43F100030893019A354BE1
:10BFC000A2FB0323121945EB0305334C019B0F928F
:10BFD000A3FB0423121846EB03063048019B019C87
:10BFE000A3FB000310EB0E00DFF8B4E0A3EB0403A7
:10BFF00043EB0C0CA4FB0E3E5B1848EB0E01A04675
:10C00000284CA8FB048E019C18EB0707AEEB040E2E
:10C01000DDF8208011974EEB09091AF580170F9C67
:10C0200048F100084FEA575E4EEAC82E1EEB040E98
:10C030004FEA575745F100057F050195BAEB070513
:10C040000F95089D65EB080512F5801446F1000771
:10C050001695650D45EAC725640D2D184FEA445421
:10C060004CF1000C101B179066EB070613F58010BF
:10C0700041F100041896420D119E42EAC422400D7F
:10C0800092194FEA405049EB64571E1A0CE000BF6A
:10C09000132C0A00182D070067FB090053C6F0FF98
:10C0A000D11502008390F5FF61EB0401199102990B
:10C0B000119611F580100799029E41F10004430D7D
:10C0C000129943EAC4235B184FEA5050159908931C
:10C0D0004FEA405041EB6451361A0296079E139B7B
:10C0E00066EB04061296059E16F58010069E46F134
:10C0F0000004460D46EAC42616EB030A149E109B64
:10C1000046EB64560796400D059E4005361A059687
:10C11000069E66EB04060696039E16F58014049EA2
:10C120004FEA545046F1000840EAC820C0184FEAD0
:10C130005454039B4FEA68564FEA445446F10006B4
:10C140001B1B1093049B63EB08031393019B1EF5C9
:10C15000801443F100094FEA5458179B48EAC92854
:10C1600018EB03031493189B4FEA545443F1000354
:10C1700064051593BEEB04031793019B63EB090958
:10C1800015F580144CF10008119B4FEA545E4EEAFD
:10C19000C82E1EEB030311934FEA5454199B4FEA28
:10C1A000445443EB68532D1B19956CEB080512F5AD
:10C1B000801418931A95029B47F100054FEA545CCE
:10C1C0004CEAC52C1CEB03030193129B4FEA545419
:10C1D00043EB655364050493131B1293089B67EBB1
:10C1E00005051B9513F5801541F10004059B069F7D
:10C1F0006A0D42EAC422D31802934FEA5555089BB0
:10C20000D14A4FEA455547EB64575D1B61EB04018A
:10C210000691079903951AF5801341F10004109DCA
:10C220000597590D41EAC42149194FEA5353139D0B
:10C23000079F4FEA435345EB6455BAEB0303DFF81E
:10C240000CA367EB0404A0FB027EA0FB0A8C02FB9C
:10C2500006EE0E9A0AFB06CCDDF83CA0BF184EF1A4
:10C26000000E18EB0A08CDF83880DDF858804CEB4A
:10C27000080CCDF83CC0DFF8D8C2E246A0FB0C8C1D
:10C280000AFB06CCDDF85CA018EB0A084CEB090CA5
:10C29000DFF8C092CDF84CC0C0F1000CCDF8408062
:10C2A00009FB06C8A0FB099AD044DDF850A019EBA1
:10C2B0000A0ADDF8549048EB0908CDF85080DFF801
:10C2C00098824246A0FB089802FB0688199A19EB4F
:10C2D00002091A9A48EB0208A04A02FB06CCA0FB0E
:10C2E0000206119A821818980792B4444CEB000C7D
:10C2F000954ACDF820C0DDF828C0A1FB026016EBFE
:10C300000C0C02FB050040F100000A908F48024629
:10C31000A1FB006002FB0500F21940EB0E00DFF804
:10C3200030E211920E9A1590A1FB0E60B2180E9297
:10C33000884E0F9A0EFB050040EB0202374648423A
:10C34000A1FB077E06FB05067644DDF840E00F9270
:10C35000139A17EB0E0E46EB02027F4E10923246F6
:10C36000A1FB067602FB0566149A17EB0A0A46EB58
:10C3700002027A4E139206FB0500734A734FA1FB2B
:10C380000615284411EB09051495A3FB025602FB80
:10C390000466099A40EB08001690AD18A3FB07014C
:10C3A000DFF8AC81119A46F1000610EB0C00DDF8C5
:10C3B00028C007FB041141EB0C0CA3FB0871BA1851
:10C3C0001192159A08FB041141EB02026149159282
:10C3D0005F420E9A01FB0479A3FB0118C844DDF803
:10C3E0003C90891848EB0909CDF83890DFF868913E
:10C3F0004A46A3FB099819EB0E09DDF840E002FB61
:10C40000048848EB0E0ECDF83CE0DFF850E1029ACC
:10C41000DFF83C810EFB0477A3FB0E34274413EBBB
:10C420000A04139B099447EB03030A93464B059CAC
:10C43000DDF814A0A2FB037E03FB04EE0D9B434A30
:10C44000FF18029BA3FB02434EF1000E02FB0A33CE
:10C45000641943EB06030D93029B029EA3FB085352
:10C460002A1808FB0A3343EB0C0A029B059810922A
:10C47000DFF8E0C0029ADDF854805B420CFB003527
:10C48000A2FB0C0C119AAC44334D80184CEB080CF9
:10C490002A46A6FB0585059E02FB06550E9E029ABE
:10C4A00018EB010145EB0608059E2C4D05FB0633F4
:10C4B000A2FB052512EB09060F9A05962B4443EBC8
:10C4C0000203039E0E93204BA6FB0392069E03FBE2
:10C4D00006220C9E19EB060942F100030C931B4A3D
:10C4E000039EA6FB0235069EDB1902FB0655184F7C
:10C4F000039E45EB0E053A46A6FB07E7069E02FBA8
:10C5000006770D9A1EEB040647EB02040D94039C7C
:10C51000039F0F96DDF818E0109A66420D4C04FB5D
:10C520000E6EA7FB0447A418774447EB0A02DFF816
:10C5300028E0039FDDF818A010927246A7FB0EE7D3
:10C5400002FB0A770CE000BF132C0A00182D07002D
:10C5500067FB090053C6F0FFD11502008390F5FF79
:10C560001EEB000ECDF844E047EB0C0ECDF84CE08E
:10C57000DFF824C3DDF80CE00CFB0A66AEFB0C0709
:10C5800042183E4446EB080102920391C34A0199C6
:10C59000049EC348C34FA1FB021C02FB06CC019EB4
:10C5A0000B9AA6FB00E8049E891800FB06880C9AEB
:10C5B000019E4CF1000C1EEB090EDDF8109048EBCB
:10C5C0000208A6FB0726D21807FB0966DDF80490CF
:10C5D000049F46EB0506B44DC9F1000905FB07931E
:10C5E000019FA7FB057018440F9BFF180D9B40EBA4
:10C5F00003030693019DAD4BDDF810A01846A5FB83
:10C6000003351B1900FB0A555446DFF88CA210981D
:10C610000AFB0499019CA4FB0AA44C44DDF8449055
:10C6200045EB000513981AEB090944EB0004049448
:10C6300011F58014CDF804904CF1000A4FEA5459DA
:10C6400049EACA29640D19EB0E0E4FEA445448EB2F
:10C650006A58B1EB04096CEB0A0C12F58014CDF8A2
:10C6600030C04FEA545146F1000C0698CDF82C909A
:10C6700041EACC21640DC9194FEA445440EB6C5097
:10C68000B2EB040966EB0C0613F58012019F0D96C0
:10C690004FEA525445F10006DDF810C0CDF818906D
:10C6A00044EAC624520DE4194FEA42524CEB665C50
:10C6B000B3EB020965EB06060F96029ECDF81090CB
:10C6C00016F58013039E149F46F100055A0D059E32
:10C6D00042EAC52292190E9E4FEA535346EB655922
:10C6E000029E5B05F61A0596039E66EB05060E96FE
:10C6F000099E16F580130A9E46F100055E0D46EA76
:10C70000C526F6190196169E46EB655602965B0DF8
:10C71000099E5B05F61A09960A9E129FDDF81CA079
:10C7200066EB05060A96079E16F58015089E4FEAE9
:10C73000555346F1000643EAC623DB194FEA555527
:10C740001B9F03934FEA455547EB6657BAEB050528
:10C750000795089D069B65EB06061EF5801548F1BA
:10C76000000A08966E0D46EACA26F61806960D9E31
:10C77000049B4FEA555546EB6A566D050D96BEEB88
:10C78000050668EB0A0811F5801540F1000E1096B9
:10C790006E0D46EACE26F3180F9E04934FEA5555C8
:10C7A00046EB6E566D050F964E1B119660EB0E060E
:10C7B00014F580114CF10005059B1296480D0E9E54
:10C7C00040EAC520C3184FEA515146EB655649056A
:10C7D0000E96661A13966CEB050612F5801149F158
:10C7E00000040593480D099B149640EAC4200A9E54
:10C7F000C3184FEA515146EB645649050A96561A3A
:10C800001593169669EB04061796019E079BDDF8B3
:10C810004090254C16F58012029E4FEA525146F187
:10C82000000041EAC021089ECB1846EB60561996DD
:10C83000520D019E18935205B61A039B0196029E53
:10C8400066EB000613F580114FEA51524FEA515141
:10C850004FEA415147F1000002965E1A0F4B1A96BB
:10C8600042EAC02267EB00064FEA605E1B96A2FB1D
:10C87000036703FB0E770B9B09490A48F6180C9BCC
:10C8800047EB0307A2FB01C31CEB090C01FB0E33B2
:10C89000069943EB08030BE08390F5FF132C0A0085
:10C8A000182D070067FB090053C6F0FFD1150200E1
:10C8B000A2FB0059DDF8348003936D1800FB0E993C
:10C8C000C2F1000A04FB0EA149EB0809A2FB0448CF
:10C8D00088441199E74B6418129948EB0108A2FBB0
:10C8E000030103FB0E11049BC0180F9B41EB0301D6
:10C8F000E14B03FB0EAAA2FB03E25244DDF84CA07D
:10C90000149B1EEB0A0E4FEA565A42EB03024AEA08
:10C91000C72A039B1AEB0C0AC6F3140643EB6753B2
:10C9200009964FEA5A5646EAC326761949EB6353ED
:10C93000750D45EAC3252D1948EB63536C0D44EA88
:10C94000C324241841EB6351600D40EAC12010EB71
:10C950000E0042EB6153C4F3140C059ACDF820C0CD
:10C96000440DDDF838C044EAC324A4184CEB6353EB
:10C97000C0F3140CCDF81CC0600D169ADDF85CC035
:10C9800040EAC32080184CEB6353159AC4F3140C8F
:10C99000410DCDF818C041EAC321DDF828C089183F
:10C9A0004CEB6353019AC0F3140C480DCDF814C03E
:10C9B00040EAC320DDF808C080184CEB6353189A96
:10C9C000C1F3140C410DCDF810C041EAC321DDF8CC
:10C9D00064C089184CEB63534A0DC0F3140C1A98C9
:10C9E000CDF80CC042EAC322DDF86CC012184CEB43
:10C9F0006353C1F3140CCDF808C0510DC2F3140CED
:10CA00009E4ACDF804C041EAC321A1FB024C5B154C
:10CA100002FB03CC099AA418994AA1FB02E002FB8D
:10CA20000300984ACAF314074CF1000C1EEB070EE2
:10CA3000A1FB027802FB0388934AC1F10009C6F307
:10CA4000140602FB039AC5F3140540F10000BF1958
:10CA5000A1FB022648F1000852190992854A4AEBC7
:10CA6000060AA1FB026502FB0355089AB618824A22
:10CA700002FB0399A1FB0213079A45F100058918EF
:10CA800049EB03034FEA545949EACC2919EB0E0943
:10CA900040EB6C504FEA595C4CEAC02C1CEB070C85
:10CAA000099A48EB60504FEA5C5E4EEAC02E1EEBDE
:10CAB000020E4AEB60504FEA5E5242EAC0229619DB
:10CAC00045EB6055720D42EAC522521843EB65539F
:10CAD00006990598550D45EAC3256D184FEA63532D
:10CAE00043F10003690D41EAC32109184FEA63537A
:10CAF000049843F100034FEA515A4AEAC32A1AEB59
:10CB0000000A4FEA635343F100034FEA5A504FEAD9
:10CB1000635840EAC320039BC018C9F3140748F1C7
:10CB200000034FEA5059DDF8088049EAC32919EBA0
:10CB300008094FEA635343F100034FEA595848EAA2
:10CB4000C328019BC4F3140418EB0308C9F31403AE
:10CB50004FEA14298BF801904FEA47198BF80040EF
:10CB600049EA14448BF80240FC08CCF3140C8BF80F
:10CB70000340FC0A8BF804404FEA8C0444EAD74493
:10CB80008BF80540CEF3140E4FEA9C148BF8064048
:10CB90004FEACE1444EA9C348BF807404FEA5E0417
:10CBA000C6F314068BF808404FEA5E248BF8094060
:10CBB000340144EA5E448BF80A403409C2F314029B
:10CBC0008BF80B40340B8BF80C40941844EA165445
:10CBD000C5F314058BF80D40D4098BF80E40AC0159
:10CBE00044EAD2328BF80F20AA08C1F314018BF863
:10CBF0001020AA0A8BF81120CA0042EA9542CAF313
:10CC0000140A8BF812204A09C0F314008BF8132081
:10CC10004FEA1A228BF81620420142EA1A428BF898
:10CC20001720C2088BF81820C20A8BF819209A0026
:10CC300042EAD0424FEAC81949EA93398BF81A20E0
:10CC40009A094FEA5803490B8BF81D304FEA5823D5
:10CC50004FEA58488BF814108BF815A08BF81B205E
:10CC60008BF81C908BF81E308BF81F801DB0BDE830
:10CC7000F08F00BFD11502008390F5FF132C0A003E
:10CC8000182D070067FB090053C6F0FF2DE9F04F90
:10CC9000B9B09146019008469B460D46FEF7A7FFA6
:10CCA000C0F31408A81CFEF7ACFFC0F35416681DAF
:10CCB000FEF79DFFC0F39404E81DFEF7A2FFC0F34A
:10CCC000D41305F10A000293FEF79BFFC0F314137F
:10CCD00005F10D000393FEF78AFFC0F3540305F13D
:10CCE0000F000493FEF78DFFC0F3941305F11200BB
:10CCF0000593FEF77CFFC0F3D40305F115000693FE
:10CD0000FEF775FFC0F3140305F117000793FEF754
:10CD100078FFC0F3541305F11A000893FEF767FF7C
:10CD2000C0F3940305F11C000993FEF76AFFCB09D9
:10CD30004FEAD01A48464AEA416A1393FEF757FF72
:10CD4000C0F3140709F10200FEF75BFFC0F35415AE
:10CD500009F10500FEF74BFFC0F3940309F107004A
:10CD60000A93FEF74EFFC0F3D41309F10A000B93A8
:10CD7000FEF747FFC0F3141309F10D000C93FEF703
:10CD800036FFC0F3540309F10F000D93FEF739FF8E
:10CD9000C0F3941309F112000E93FEF728FFC0F3BD
:10CDA000D40309F115000F93FEF721FFC0F314031C
:10CDB00009F117001093FEF724FFC0F3541309F193
:10CDC0001A001193FEF713FFC0F3940309F11C003E
:10CDD0001293FEF716FFCB094FEAD019584649EADD
:10CDE00041691493FEF703FF15900BF10200FEF763
:10CDF00008FF18900BF10500FEF7F9FE17900BF1F4
:10CE00000700FEF7FEFE19900BF10A00FEF7F9FE8F
:10CE10001A900BF10D00FEF7EAFE1B900BF10F00CC
:10CE2000FEF7EFFE1C900BF11200FEF7E0FE1D90E6
:10CE30000BF11500FEF7DBFE1E900BF11700FEF75D
:10CE4000E0FE1F900BF11A00FEF7D1FE20900BF1CF
:10CE50001C00FEF7D6FE159A8C468646C2F31402D5
:10CE6000A8FB07108B18159340F100031693189B2D
:10CE7000A8FB0512C3F354135B18A6FB071042F17D
:10CE800000025B18239342EB00032493179BC3F328
:10CE900094010A9BA8FB03238818A6FB051243F103
:10CEA0000003401843EB0203A4FB0721821843EB65
:10CEB00001031893199B1792C3F3D4110B9BA8FB82
:10CEC000032388180A9AA6FB021243F100034018B4
:10CED00043EB0203A4FB0512401843EB0203029A42
:10CEE000A2FB0721821843EB0103259226930C9A9B
:10CEF0001A9BA8FB0212C3F314135B180B99A6FB31
:10CF0000010142F100021B1842EB01020A99A4FB45
:10CF100001011B1842EB01020299A1FB05011B183C
:10CF200042EB01020399A1FB071013EB010B42EB4B
:10CF3000000319930D9A1B9BA8FB0212C3F3540321
:10CF40005B180C99A6FB010142F100021B1842EB91
:10CF500001020B99A4FB01011B1842EB010202998B
:10CF60000A98A1FB00011B1842EB01020399A1FBE7
:10CF700005011B1842EB01020499A1FB07105B1885
:10CF8000279342EB000328930E9A1C9BA8FB0212E6
:10CF9000C3F394135B180D99A6FB010142F1000243
:10CFA0001B1842EB01020C99A4FB01011B1842EB78
:10CFB00001020B980299A1FB00011B1842EB010230
:10CFC0000A980399A1FB00011B1842EB0102049986
:10CFD000A1FB05011B1842EB01020599A1FB0710FB
:10CFE0005B181A9342EB00031B930F9A1D9BA8FB3F
:10CFF0000212C3F3D4035B180E99A6FB010142F1A0
:10D0000000021B1842EB01020D99A4FB01011B1841
:10D0100042EB01020C980299A1FB00011B1842EBA4
:10D0200001020B980399A1FB00011B1842EB0102BE
:10D030000A980499A1FB00011B1842EB0102059913
:10D04000A1FB05011B1842EB01020699A1FB071089
:10D050005B18299342EB00032A93109B1E99A8FBAF
:10D060000332C1F314015B180F99A6FB010142F1D1
:10D0700000021B1842EB01020E99A4FB01011B18D0
:10D0800042EB01020D980299A1FB00011B1842EB33
:10D0900001020C980399A1FB00011B1842EB01024D
:10D0A0000B980499A1FB00011B1842EB01020A989E
:10D0B0000599A1FB00011B1842EB01020699A1FB97
:10D0C00005011B1842EB01020799A1FB07105B1831
:10D0D0001C9342EB00031D93119A1F9BA8FB0212A5
:10D0E000C3F354135B181099A6FB010142F100022F
:10D0F0001B1842EB01020F99A4FB01011B1842EB24
:10D1000001020E980299A1FB00011B1842EB0102DB
:10D110000D980399A1FB00011B1842EB01020C982A
:10D120000499A1FB00011B1842EB01020B98059921
:10D13000A1FB00011B1842EB01020A980699A1FB12
:10D1400000011B1842EB01020799A1FB05011B1806
:10D1500042EB01020899A1FB07105B182B9342EBED
:10D1600000032C93129A209BA8FB0212C3F3940392
:10D170005B181199A6FB010142F100021B1842EB5A
:10D1800001021099A4FB01011B1842EB01020F9848
:10D190000299A1FB00011B1842EB01020E980399B2
:10D1A000A1FB00011B1842EB01020D980499A1FBA1
:10D1B00000011B1842EB01020C980599A1FB00012C
:10D1C0001B1842EB01020B980699A1FB00011B18EA
:10D1D00042EB01020A980799A1FB00011B1842EBE0
:10D1E00001020899A1FB05011B1842EB01020999F4
:10D1F000A1FB07105B181E93149942EB00034FEA42
:10D20000DE1E1F934EEA4C6EA8FB092308FB013378
:10D2100012EB0E0E43EBDC12129BA6FB03311EEB4E
:10D22000030342EB01021199A4FB01011B1842EB1D
:10D23000010210980299A1FB00011B1842EB0102A8
:10D240000F980399A1FB00011B1842EB01020E98F5
:10D250000499A1FB00011B1842EB01020D980599EE
:10D26000A1FB00011B1842EB010206990C98DDF8A6
:10D270004CC0A1FB00011B1842EB01020B9807995F
:10D28000A1FB00011B1842EB01020A980899A1FBBF
:10D2900000011B1842EB01020999A1FB05011B18B3
:10D2A00042EB0102AAFB07011B1807FB0C1141EB23
:10D2B000020C14992D93A6FB093206FB0122129948
:10D2C000139EA4FB01011B1842EB01021198029965
:10D2D000A1FB00011B1842EB010210980399A1FB6E
:10D2E00000011B1842EB01020F980499A1FB0001F9
:10D2F0001B1842EB01020E980599A1FB00011B18B7
:10D3000042EB01020D980699A1FB00011B1842EBAC
:10D3100001020C980799A1FB00011B1842EB0102C6
:10D320000B980899A1FB00011B1842EB0102DDE9F3
:10D330000910A1FB00011B1842EB0102AAFB050129
:10D3400005FB06111B18209341EB0203149921934E
:10D35000A4FB093204FB0122029912980A9DA1FB49
:10D3600000011B1842EB010211980399A1FB000177
:10D370001B1842EB010210980499A1FB00011B1835
:10D3800042EB01020F980599A1FB00011B1842EB2B
:10D3900001020E980699A1FB00011B1842EB010245
:10D3A0000D980799A1FB00011B1842EB01020C9894
:10D3B0000899A1FB00011B1842EB01020B98099987
:10D3C000A1FB00011B1842EB01020A99AAFB010113
:10D3D00005FB06111B182E9341EB02032F93029BB2
:10D3E00014990298A3FB093200FB012203991298B9
:10D3F000A1FB00011B1842EB010211980499A1FB4B
:10D4000000011B1842EB010210980599A1FB0001D5
:10D410001B1842EB01020F980699A1FB00011B1893
:10D4200042EB01020E980799A1FB00011B1842EB89
:10D43000010208990D980B9DA1FB00011B1842EBFE
:10D4400001020C980999A1FB00011B1842EB010293
:10D450000B99AAFB010105FB06111B18029341EB76
:10D4600002030A93039B149903980C9DA3FB0932B2
:10D4700000FB012204991298A1FB00011B1842EB4A
:10D48000010211980599A1FB00011B1842EB010252
:10D4900010980699A1FB00011B1842EB01020F989E
:10D4A0000799A1FB00011B1842EB01020E98089995
:10D4B000A1FB00011B1842EB01020D980999A1FB89
:10D4C00000011B1842EB01020C99AAFB010105FBAC
:10D4D00006111B18309341EB02033193049B1499FE
:10D4E0000498A3FB093200FB012205991298A1FBC5
:10D4F00000011B1842EB0102069911980D9DA1FB3A
:10D5000000011B1842EB010210980799A1FB0001D2
:10D510001B1842EB01020F980899A1FB00011B1890
:10D5200042EB01020E980999A1FB00011B1842EB86
:10D5300001020D99AAFB010105FB06111B180393BB
:10D5400041EB02030493059B149905980E9DA3FBE0
:10D55000093200FB012206991298A1FB00011B1859
:10D5600042EB010211980799A1FB00011B1842EB45
:10D57000010210980899A1FB00011B1842EB01025F
:10D580000F980999A1FB00011B1842EB01020E99AB
:10D59000AAFB010105FB06111B18329341EB0203A4
:10D5A0003393069B14990698A3FB093200FB0122D2
:10D5B00007991298A1FB00011B1842EB0102089980
:10D5C00011980F9DA1FB00011B1842EB010210985E
:10D5D0000999A1FB00011B1842EB01020F99AAFB5C
:10D5E000010105FB06111B18059341EB020306938D
:10D5F000079B149A0798109DA3FB091300FB0233A5
:10D60000089A1298A2FB0002091843EB0203119832
:10D61000099AA2FB0002091843EB0203109AAAFB25
:10D620000202091805FB062242EB03033593089B0F
:10D63000089834911499A3FB092300FB013309993D
:10D640001298A1FB0001121843EB01033446119913
:10D650002046119CAAFB0116521804FB006646EBFB
:10D660000306099B099CA3FB0901149BDDE91275C4
:10D6700004FB0311129BAAFB0343001907FB0533AC
:10D6800041EB030336903793149B16980AFB03F380
:10D69000AAFB097E09FB053303EB0E0122911599C4
:10D6A000239D11F5801140F100004C0D44EAC02487
:10D6B00064190794249C4FEA515144EB6059159C1E
:10D6C0004905611A23911699259C61EB0001169179
:10D6D0001799189811F5801140F10005480D40EA9E
:10D6E000C5200019269C4FEA515144EB6558179C00
:10D6F0004905611A17911899279C61EB050118914A
:10D7000019991BF5801541F1000A690D41EACA21FA
:10D710000919289C4FEA555544EB6A546D05089445
:10D72000BBEB05042494199C64EB0A0419941A9C1D
:10D7300014F580151B9C4FEA555B44F1000A299CA7
:10D740004BEACA2B1BEB040409942A9C44EB6A5451
:10D750000B946D0D1A9C6D05641B1A941B9C64EB55
:10D760000A041B941C9C14F580151D9C4FEA555A05
:10D7700044F1000B2B9C4AEACB2A1AEB04040C94CC
:10D780002C9C44EB6B540D946D0D1C9C6D05641B1F
:10D790001C941D9C64EB0B041D941E9C14F58015B9
:10D7A0001F9C4FEA555A44F1000B2D9C4AEACB2AA4
:10D7B0001AEB04040E944FEA55551E9C4FEA45554A
:10D7C0004CEB6B5C641B1E941F9C64EB0B041F945E
:10D7D000209C14F58015219C4FEA555A44F1000B0A
:10D7E0002E9C4AEACB2A1AEB04040F942F9C44EB9C
:10D7F0006B5410946D0D209C6D05641B2094219C2E
:10D8000064EB0B042194029C14F580150A9C4FEAEA
:10D81000555A44F1000B309C4AEACB2A1AEB040417
:10D820001194319C44EB6B5412946D0D029C6D0568
:10D83000641B02940A9C64EB0B042594039C14F56E
:10D840008015049C4FEA555A44F1000B329C4AEA79
:10D85000CB2A1AEB04040A94339C44EB6B541394C4
:10D860006D0D039C6D05641B0394049C64EB0B0419
:10D870002694059C14F58015069C4FEA555A44F1F0
:10D88000000B349C4AEACB2A1AEB04040494359C1E
:10D8900044EB6B5414946D0D059C6D05641B05944D
:10D8A000069C64EB0B0412F5801546F1000B069400
:10D8B0004FEA555A369C4AEACB2A1AEB040A4FEA39
:10D8C0005555379C4FEA455544EB6B54521B159404
:10D8D00066EB0B06279217F580124FEA525B4FEA70
:10D8E00052524FEA425243EB0E03BF1A229A179C40
:10D8F0004BEAC32B4FEA635E62EB03032293079B61
:10D9000013F5801349F100055A0D42EAC522121998
:10D910001792189A42EB655218925B0D079A5B05B5
:10D92000D31A289369EB0503299310F5801348F166
:10D930000004249D5A0D42EAC422521924924FEA4F
:10D940005353199A4FEA435342EB6452C31A199244
:10D950002A93089A68EB04032B9311F5801342F184
:10D9600000001A9C5A0D42EAC02212191A924FEA7C
:10D9700053531B9A4FEA435342EB6052CB1A2C93FA
:10D98000089B1B9263EB00032D93099B0B9A1C9839
:10D9900013F5801342F100015A0D42EAC122121818
:10D9A0001C921D9A42EB61521D925B0D099A5B0518
:10D9B000D31A2E930B9B0D9A1E9863EB01032F93A2
:10D9C0000C9B13F5801342F100015A0D42EAC1226B
:10D9D00012180B921F9A209842EB61521E925B0D17
:10D9E0000C9A5B05D31A0C930D9B63EB01030D930B
:10D9F0000E9B13F580124CF10003510D41EAC32137
:10DA000011EB00092199029841EB63510891520DE5
:10DA10000E9952058A1A6CEB030C0F9B099213F5B1
:10DA20008012109B4FEA525143F1000341EAC32197
:10DA300009180E912599039841EB63511F91520DDE
:10DA40000F9952058A1A0F92109A62EB03031093F2
:10DA5000119B13F58012129B4FEA525143F10003C0
:10DA600041EAC321091820912699059841EB635199
:10DA70002191520D119952058A1A1192129A62EB54
:10DA8000030312930A9B139A13F5801342F10002C9
:10DA9000590D41EAC221091802910699279841EBD4
:10DAA000625105915B0D0A995B05CB1A2593139B77
:10DAB00063EB02031393049B13F58011149B4FEA4D
:10DAC000515243F1000342EAC3221218039246EB7B
:10DAD00063520692490D049A099E4905521A04920E
:10DAE000149A62EB0303159A07931AF5801342F117
:10DAF00000015C0D229A44EAC124E4194FEA535311
:10DB000042EB61585B05159ABAEB030362EB010126
:10DB1000D34AABFB0250AF1902FB0E00D14E40EBD3
:10DB20000C000A90DDF820C0ABFB065015EB09098C
:10DB300006FB0E0040EB0C0ADFF82CC30F9EABFB7C
:10DB40000C50AD190F95109D0E9A0CFB0E0040EB7A
:10DB500005001090C548CBF1000500FB0E5CABFB47
:10DB60000060B6181F9A0E96604440EB0202DFF880
:10DB700000C31492119AABFB0C60B2181192129A66
:10DB8000BC4E0CFB0E0040EB02021292209A06FBE8
:10DB90000E55ABFB060682180892219ADFF8C8B230
:10DBA000354445EB02020992AD4A1E9DA4FB026E6C
:10DBB00002FB08EE0B9AB6184EEB050EA94D0F9A14
:10DBC000A4FB050C05FB08CC0A9DC0194CEB050C09
:10DBD000A4FB0B7517EB09070BFB08550A97A34F1E
:10DBE000DDF840B045EB0A0A654207FB0859CDF85D
:10DBF0002CA0A4FB077ACA44DFF87492BF184AEB42
:10DC00000B0A4A46A4FB09B902FB08990E9A1BEBC2
:10DC1000020B149A49EB0209CDF83890DFF85492C0
:10DC2000119A09FB0855A4FB0948A2180F92129AF1
:10DC30008C4C454445EB02021092894ADDF8348051
:10DC4000A3FB025902FB01990C9AAD1849EB080994
:10DC50002246A3FB0448A419834E02FB018848EB2B
:10DC60000E083246A3FB06E61EEB000E02FB016621
:10DC700046EB0C067D480D965E4200FB016CCDF82C
:10DC800030E00A9AA3FB000EE644DDF82CC08018B1
:10DC90004EEB0C02DFF8D8C111926246A3FB0CECEC
:10DCA00002FB01CC7246D7194CEB0A0CDFF8C4A179
:10DCB000039A0AFB0166A3FB0A3113EB0B0E0E9BC2
:10DCC000CDF828E00E4446EB03030B93644BDDF8DC
:10DCD00018E0DFF894B1A2FB036A03FB0EAA1C9BB9
:10DCE000DDF874E05F4AF618039B4AEB0E0ADDF894
:10DCF00018E0A3FB021302FB0E334D1943EB090995
:10DD0000039BA3FB0B130A190BFB0E3343EB080E0B
:10DD1000039B0E92CDF848E0039ADDF818E05349D2
:10DD20005B4201FB0E34A2FB01180C9ADDF834E0D3
:10DD30008918A0444E4A039C48EB0E08DDF818E011
:10DD4000A4FB02B402FB0E44119A1BEB000B44EB44
:10DD5000020E4848069C039A00FB0433A2FB0020F5
:10DD6000D219034443EB0C070C973D4B049F0798D3
:10DD70000692A7FB037203FB00222E9B0498394CEA
:10DD8000FF182F9BDDF81CC042EB0302A0FB043000
:10DD90009B1904FB0C00049EDFF8CCC00D9340EBF4
:10DDA0000A00DDF81CA00E9BA6FB0C6475190CFB89
:10DDB0000A4444EB0909049C2C4E1195654206FB6C
:10DDC0000A5CCDF85090A146A4FB0646E418129BCD
:10DDD000DFF89CA0664446EB0306079BA9FB0A9C60
:10DDE0000AFB03CC19EB01034CEB0808CDF8488083
:10DDF0002049DDF81C800E9301FB0855DDF81080EA
:10DE0000174BA8FB011C11EB0B08654445EB0E0EEC
:10DE1000CDF810E0DDF808E0CDF80C80DDF81480D6
:10DE2000104DDDF814B0DFF840C0AEFB031E03FB5D
:10DE300008EE1A9BDDF86C80C9184EEB080EDDF871
:10DE400008800D9BA8FB058918EB0708029F05FBBE
:10DE50000B9949EB0209A7FB0C27D2180CE000BF75
:10DE6000132C0A00182D070067FB090053C6F0FFAA
:10DE7000D11502008390F5FF0CFB0B77DDF808B09D
:10DE8000029D059B47EB0007DF48CBF1000B00FB31
:10DE900003B3A5FB00C01844119B1CEB030C149B9F
:10DEA00040EB030307935046A5FB0A35DDF814A0A9
:10DEB0001B1900FB0A5545EB0605D44E06FB0ABBB1
:10DEC000DDF808A00E98AAFB0664361812985C4488
:10DED00044EB0004029411F580144EF1000B4FEA5C
:10DEE000545A4AEACB2A640D1AEB08084FEA445404
:10DEF00049EB6B59091B0D916EEB0B010E9112F55D
:10DF0000801147F100044FEA515E0798DDF80CB02C
:10DF10004EEAC42E490D1EEB0C0C4FEA415140EB6A
:10DF20006450511A059167EB0401079113F58011B4
:10DF300045F100044A0D029F42EAC422490D92199C
:10DF40004FEA415147EB645E591A119165EB0401A8
:10DF500012910399069D0C9F0F9E11F58013049951
:10DF600041F10004590D41EAC4215B0D49194FEA02
:10DF7000435347EB6457BBEB030BCDF80CB0DDF814
:10DF800010B06BEB040BCDF810B0DDF828B01BF52A
:10DF90008014DDF82CB04FEA54534BF1000543EAEE
:10DFA000C523DDF840B09B194BEB655BCDF830B075
:10DFB000640DDDF828B0259E6405BBEB040BCDF89D
:10DFC00028B0DDF82CB06BEB050BCDF82CB0DDF8EC
:10DFD00020B01BF58015DDF824B04FEA55544BF105
:10DFE000000A44EACA24A4190294DDF84CB0059C46
:10DFF0004BEB6A566D0DDDF820B06D05BBEB050BE4
:10E00000CDF83CB0DDF824B06BEB0A0B18F58015A9
:10E01000CDF824B04FEA555A49F1000B4AEACB2A11
:10E020001AEB040ACDF840A0DDF81CA0119C4FEAC1
:10E0300055554AEB6B5A6D05CDF84CA0B8EB050A67
:10E0400069EB0B0B1CF5801540F100094FEA5558A0
:10E0500048EAC92818EB0408CDF84480DDF8488068
:10E06000039C4FEA555548EB69586D05CDF848803B
:10E07000BCEB0508CDF8508060EB090812F5801064
:10E080004EF1000C450DCDF8548045EACC25DDF865
:10E0900010802D194FEA505048EB6C584005CDF8D0
:10E0A0001880B2EB00080395CDF868806EEB0C0881
:10E0B00011F5801547F100000A9CCDF86C806A0DBF
:10E0C000DDF82C8042EAC0226D0D12194FEA455549
:10E0D00048EB6058491B059167EB000108910C99CA
:10E0E0000F9CCDF81C8013F5801741F10000790DCD
:10E0F000DDF82480049241EAC0217F0D09194FEA1E
:10E10000475748EB6055DB1B0C9F414A029C67EB6D
:10E1100000002C9FDDF83890A4FB02C81CEB070C14
:10E120002D9F3C4C02FB068848EB0708029FA7FB8B
:10E13000047E04FB06EE0D9C3F194EEB090ECDF854
:10E1400028E0DDF80890DFF8D0E07446A9FB0E9EC9
:10E1500019EB0A0904FB06EE029CDFF8ACA0CDF82F
:10E160002C904EEB0B0ECDF830E0C4F1000E0AFB04
:10E1700006E9A4FB0AABD944DDF840B01AEB0B0B5F
:10E18000DDF84CA049EB0A09CDF83490DDF808A081
:10E19000DFF888904C46AAFB09A904FB0699149C59
:10E1A0001AEB040A159C49EB0409184C04FB06EE13
:10E1B0002646029CA4FB0646B644119EA419129E54
:10E1C00002944EEB06060996A1FB026402FB05448D
:10E1D000249AB618199A44EB02020E4C0E9222466B
:10E1E000A1FB044E14EB0C0402FB05EE4EEB080EF3
:10E1F000DFF82480CDF83CE0A1FB08EC1EEB07071C
:10E2000010970A9F0CE000BF53C6F0FF8390F5FF04
:10E21000132C0A00182D070067FB0900D115020016
:10E22000DFF850E308FB05CC4CEB07070A974F4299
:10E230000EFB057CA1FB0EE8C444DDF82C801EEB30
:10E240000808DDF830E04CEB0E0EDFF82CC3CDF8FB
:10E250002CE06246A1FB0CEC1EEB0B0BDDF834E06E
:10E2600002FB05CC4CEB0E0CCDF830C0DFF80CC334
:10E27000C34A0CFB0577A1FB0C152F4411EB0A05D3
:10E280000D9547EB0905A3FB027C02FB00CC2A9A03
:10E29000BC4911952B9DDFF8F092DFF8D8A2BF188A
:10E2A0004CEB050CA3FB015EAD190E9E01FB00EECD
:10E2B0004EEB060EA3FB096132190E920F9A09FB71
:10E2C000001141EB02025C420AFB00460F92A3FBE5
:10E2D0000A19109AB1440A9E891849EB0602A64E03
:10E2E00010923246A3FB06A61AEB0808DFF88CA2B0
:10E2F000914602FB00660B9A0AFB0044A3FB0A301E
:10E3000046EB020613EB0B030A930C9B9C4ADFF8C7
:10E3100074B2044444EB03030B93049BA3FB024A33
:10E32000079B02FB03AA179B079AE418189B4AEB6A
:10E33000030A049BA3FB0B300BFB0200DB1940EB31
:10E340000C07049A90488346A2FB00C0079A1CEB76
:10E3500005050BFB02000C95049A40EB0E05129587
:10E360008448079DC2F1000C00FB05CEA2FB00050E
:10E370000E9A80180F9A754445EB0205CE464A4620
:10E38000DDF81090A9FB0EEBDDF81C9002FB09BB39
:10E39000109A1EEB010E4BEB02097849DDF81CB018
:10E3A000049A01FB0BCCA2FB01218C4412EB080167
:10E3B0004CEB0606724A0E96059E0791A6FB02C11B
:10E3C000089EDFF8C081DDF820B002FB0611289E10
:10E3D000299A1CEB060C059E41EB0201A6FB0826C0
:10E3E00008FB0B66121946EB0A04059EDFF898A19C
:10E3F0000F92A6FB0A860AFB0B6618EB0303109329
:10E4000046EB07031393059B059E0C9A5F42594BFD
:10E4100003FB0B78A6FB03369B18129ADFF858B162
:10E420000C934644DDF8148046EB0206089AA8FBDC
:10E430000BA80BFB02881AEB000248EB05051495AC
:10E440004E48089D129200FB0577059D4C4AA5FB9E
:10E4500000052F4410EB0E05049547EB09050595C3
:10E46000039D484FA5FB0209069D02FB0599239ACF
:10E47000169D801849EB0509039DDDF818E0DDF8CD
:10E4800018800F9AA5FB07A51AEB0C0A07FB0E557F
:10E49000DFF8F4C0DDF80CE045EB0105AEFB0C1E27
:10E4A0000CFB08EEDDF80C8089184EEB040EC8F169
:10E4B000000C304CDDF8188004FB08C2DDF80C803D
:10E4C0005B46A8FB0484DDF840B01444139A18EBB3
:10E4D0000B0844EB0204039A9B46A2FB0327069B0E
:10E4E0000BFB03770C9BD21847EB0607069B234ECA
:10E4F00006FB03CC039BA3FB06636344DDF848C023
:10E5000016EB0C0C149E43EB060310F580160393D8
:10E5100049F1000B730D43EACB23760D13EB0A038D
:10E520004FEA465645EB6B55B0EB060A69EB0B0913
:10E5300011F580104EF10006CDF820904FEA5059A9
:10E5400049EAC629400D19EB08084FEA405044EB50
:10E550006654B1EB00096EEB060E12F5801147F11F
:10E5600000004E0DCDF83CE046EAC026DDF80CE098
:10E570000CE000BF53C6F0FFD11502008390F5FFF9
:10E58000132C0A00182D070067FB0900CDF8309006
:10E59000490D16EB0C064FEA41514EEB6059B2EBB8
:10E5A000010ECDF840E067EB000ECDF848E0DDF855
:10E5B00010E0079FCDF818A01EF58012DDF814E0DA
:10E5C0004FEA52504EF1000140EAC120DDF838E038
:10E5D000C0194EEB615A520DDDF810E00390520560
:10E5E000BEEB020ECDF81CE0DDF814E06EEB010E80
:10E5F000CDF814E0DDF828E00D981EF58012DDF866
:10E600002CE04FEA52514EF1000741EAC721DDF8F4
:10E6100044E009184EEB675ECDF810E0520DDDF8CE
:10E6200028E01A985205BEEB020ECDF828E0DDF87E
:10E630002CE06EEB070ECDF82CE0DDF808E01EF5BF
:10E640008017DDF824E04FEA57524EF1000C42EA01
:10E65000CC221218DDF86CE002984FEA57574FEAC7
:10E6600047574EEB6C5EC01B0290099860EB0C00A4
:10E6700013F5801745F1000B09904FEA575C0C9891
:10E680004CEACB2C1CEB00000C904FEA57570F982C
:10E690004FEA475740EB6B50DB1B65EB0B0B0E93C0
:10E6A00018F5801344F100070D905D0D109845EAB0
:10E6B000C7252818129D0F904FEA535345EB675515
:10E6C0005B051095B8EB0305119564EB070516F58E
:10E6D0008013079812954FEA535449F10005DDF86D
:10E6E000148044EAC52420184FEA535348EB655878
:10E6F0005B05CDF81480B6EB03080790CDF84C808D
:10E70000039B0A98DDF82C8069EB050513F580134F
:10E7100014954FEA53544AF1000544EAC5242018E1
:10E7200015904FEA5353039848EB65585B05CDF8B5
:10E730002C80B0EB03086AEB05051695049DCDF817
:10E740000C8011F5801345F10004580D029D40EA3C
:10E75000C4204019099D02904FEA535345EB64557C
:10E760005B051795CD1A1895049D65EB040512F508
:10E7700080114FEA51534FEA51514FEA41514EF146
:10E7800000000495551AE44AE449199543EAC02368
:10E790004FEA6058A3FB026702FB0877069AE04C39
:10E7A0006EEB0005B618089ADE481A9547EB02078B
:10E7B0000E9DDDF834E0A3FB01C201FB08220C9999
:10E7C0001CEB050CA3FB005942EB0B0200FB089964
:10E7D0006D18C3F1000A04FB08A149EB0E09A3FB65
:10E7E000044E8E441199DFF840B3069264181299D2
:10E7F0000F9A4EEB010EA3FB0B018018109A0BFB36
:10E80000081141EB0201C94A02FB08AAA3FB0283DB
:10E810005344DDF84CA0149A18EB0A084FEA565AF4
:10E8200043EB02034AEAC72A069A1AEB0C0AC6F31C
:10E8300014060A9642EB67524FEA5A5646EAC22637
:10E84000761949EB6252750D45EAC2252D194EEB3A
:10E8500062526C0D44EAC2242018C5F3140541EB42
:10E8600062510995450D45EAC12515EB080543EBB5
:10E870006152C0F3140C079BCDF820C06C0DDDF87D
:10E8800014C044EAC224E4184CEB6252039B600DAE
:10E89000C5F3140B40EAC220169DC01845EB625226
:10E8A000159BC4F31405410D079541EAC2210B9D48
:10E8B000C91845EB6252189BC0F31405480D069524
:10E8C00040EAC220049DC01845EB6252029BC1F38E
:10E8D0001405410D059541EAC221179DC91845EB64
:10E8E00062524B0DC0F314051998049543EAC223F4
:10E8F0001A9D1B1845EB6252C1F314050395580D80
:10E90000C3F31405844B029540EAC220A0FB034CDC
:10E91000521503FB02CC0A9BE418804BCAF3140780
:10E92000A0FB03E14CF1000C03FB02111EEB070EF0
:10E9300041F100030A937B4B0999A0FB037903FB88
:10E940000299774B4542C6F31406BF1903FB025ADE
:10E95000A0FB033649F100095B1873494AEB060A2C
:10E96000A0FB016801FB0288089976186F4901FB3A
:10E970000255A0FB010248F1000810EB0B0045EB2B
:10E980000205620D0A9942EACC2212EB0E0241EB1B
:10E990006C514FEA525C4CEAC12C1CEB070C49EB62
:10E9A00061514FEA5C5747EAC127FF184AEB6151B2
:10E9B0007B0D43EAC1239B1948EB61515E0D46EA8A
:10E9C000C126361845EB6151700D079DDDF81480A6
:10E9D000DDF81090DDF80CA040EAC12040194FEAA4
:10E9E000615141F10001450D4FEA615E45EAC125E3
:10E9F00006996D184EF100014FEA555E4EEAC12EA0
:10EA00001EEB08084FEA615141F100014FEA585EE0
:10EA10004EEAC12E1EEB09094FEA615141F1000196
:10EA20004FEA595E4EEAC12E1EEB0A0A4FEA6151C7
:10EA3000C9F3140E41F100014FEA5A5949EAC129BC
:10EA4000029919EB01090199C4F314040C70DDF863
:10EA500004B0C2F31402210A8BF80110510141EAFB
:10EA600014418BF80210D108CCF3140C8BF803106E
:10EA7000D10A8BF804104FEA8C0141EAD242C7F365
:10EA800014078BF805204FEA9C128BF80620FA0138
:10EA900042EA9C328BF807207A08C3F314038BF800
:10EAA00008207A0A8BF809201A0142EA57428BF8AB
:10EAB0000A201A09C6F314068BF80B201A0B8BF8E0
:10EAC0000C20B21942EA1353C0F314008BF80D3036
:10EAD000F3098BF80E30830143EAD6338BF80F30FD
:10EAE0008308C5F314058BF81030830A8BF81130B6
:10EAF000EB0043EA9043C8F314088BF812306B091B
:10EB00008BF813304FEA18238BF816304FEA4E1368
:10EB100043EA18430CE000BF132C0A00182D07002D
:10EB200053C6F0FF67FB0900D11502008390F5FF83
:10EB30008BF817304FEADE03CAF3140A8BF818304B
:10EB40004FEADE238BF819304FEA8A0343EADE43AB
:10EB50008BF81A304FEA9A138BF81B304FEAC91E14
:10EB60004FEA59036D0B4EEA9A3E8BF81D304FEA7F
:10EB700059234FEA59498BF814508BF815808BF8BC
:10EB80001CE08BF81E308BF81F9039B0BDE8F08F79
:10EB9000B0F85431B0F85021981A00F03F00704797
:10EBA000B0F85431B0F850219BB293421ABFD0F85C
:10EBB0004831985C4FF0FF30704790F85231B0F810
:10EBC0005601C0B2834227BFC3F13F03C018C01A29
:10EBD00000F1FF30704707B503688DF807105B68D8
:10EBE00001220DF10701984703B05DF804FB13B54E
:10EBF0000DF107010446E8F721FB90B9B4F8C030E5
:10EC0000B4F8BC20013303F03F03934209D0B4F8B9
:10EC1000C020D4F8B4109DF8070092B28854A4F82C
:10EC2000C03002B010BD0000B0F8C220D0F8C4104F
:10EC300011FA82F202F03F0210B5A0F8C220B0F83B
:10EC4000C210B0F8BE2089B28A421BD0B0F8C240D0
:10EC5000B0F8C210A4B24032121B544289B204F080
:10EC60003F0402F03F02C1F1400158BF62428A42B4
:10EC700028BF0A46C0F8C4200349E8F71BFB4FF041
:10EC8000FF3010BD0020FCE729EC010803682DE9E6
:10EC9000F0479B680446884616469847012323742C
:10ECA000D4F83831B4F8529101338246C9F14009A1
:10ECB00004F1940708D194F85D312BB1002384F856
:10ECC0005D313846E8F718FB236820469B68984773
:10ECD0000028F9D035464D4523D8554521D8B4F8FC
:10ECE0005221D4F84C015319402B10442FD82A46F6
:10ECF000414604F03AFBA946B4F852311D4405F0F0
:10ED00003F05A4F852513846E8F786FA30B917495A
:10ED1000C4F858914A463846E8F7CCFA3046BDE880
:10ED2000F087D145236828BFD1464A4641465B68F3
:10ED300020469847236820469B689847A5EB09051D
:10ED4000C844B4F852918246C9F14009C3E7C2F100
:10ED500040094A46414604F008FBD4F84C01A5EBB3
:10ED6000090208EB090104F000FBC5E729EC0108E2
:10ED7000C0F83C31009BC0F84031914208BF4FF0D1
:10ED8000FF3100F11403C0E94D21C0F8483100F112
:10ED900054020023A0F85431C0E95323A0F856319F
:10EDA00070470000F7B54FF47A7317460022C0E9A8
:10EDB00001231C4B03604FF0FF33C0F838311A4B6E
:10EDC0001A4E04469C4270690D4605D1B369C4F8D9
:10EDD0003831C4F834010AE01549E8F7B7F885423C
:10EDE00015D1B369C4F838317369C4F83431012FCF
:10EDF0004FF0FF3308BFC4F8383100932046D4E900
:10EE00004D214FF0FF33FFF7B3FF03B0F0BD0949C9
:10EE10002846E8F7ACF80649C4F838012846E8F770
:10EE2000A6F8D6E784F702087C340020EC550208E7
:10EE30008C53020838530208037C70B504460D4613
:10EE4000A3B1E2F72BFB0646B4F85221B4F85631D1
:10EE50009BB29A420AD0002DF8D0E2F71FFB801B2C
:10EE60008542F1D8B4F85631A4F8523170BD002172
:10EE7000FFF7E2BFD0F83831013310B504460ED1A8
:10EE80000368DB68984794F85D3143B9012384F83F
:10EE90005D3104F19400BDE81040E8F73DBA10BDC3
:10EEA0007FB502F00703023BDBB2042B0446C0F837
:10EEB000601180F85E219CBF1B48C05C02F03003EB
:10EEC00088BF0020302B24D101304FF4C0630738B5
:10EED000022825D8E67C0396A67C0296C2F3C002DF
:10EEE0005203667C0092114A019604F1940552F88F
:10EEF00020202846E8F714FB84F85C0188B12046FE
:10EF0000FFF7B8FF0A49284604B0BDE87040E8F7AB
:10EF1000B1B912F020031CBF01304FF48063D6E773
:10EF2000FEE704B070BD00BF74F7020868F702087E
:10EF3000EFEB010810B50446FFF79CFFB4F854212D
:10EF4000B4F8503192B29A421FBFD4F84821D05C35
:10EF5000013303F03F0314BFA4F850314FF0FF30EA
:10EF600010BD0000024903480022FFF71BBF00BF8D
:10EF7000003801407C34002070B505460C46084638
:10EF800049B1E2F785F92B680246214628465B68BD
:10EF9000BDE87040184770BD08B5FFF7EDFF08BD2C
:10EFA00003681B681847000008B50249FFF7E4FF33
:10EFB00008BD00BFA8F7020838B50546FFF7DCFF1B
:10EFC00004462846FFF7F0FF204438BDFFF7F4BFA2
:10EFD00070B50D46144630B1461E012E05D81146B7
:10EFE0002846E8F7B9FC204670BD03685B6898477F
:10EFF000F9E70EB403B503AA52F8041B019204F01A
:10F0000011F802B05DF804EB03B0704730B58BB077
:10F010000023012A0C468DF8243098BF0A2209A942
:10F020002546B4FBF2F404FB125303F0FF03092B53
:10F0300094BF30333733DBB2AA4201F8013DEFD938
:10F04000FFF79AFF0BB030BD2DE9F04107460E46A1
:10F0500014462AB90368BDE8F0411B68C9B21847D5
:10F060000A2A05D1002905DBBDE8F041FFF7CEBF34
:10F07000D2B2F9E72D21FFF793FF224605467142F0
:10F080003846FFF7C3FF2844BDE8F08138B5054690
:10F09000FFF7DAFF04462846FFF786FF204438BD15
:10F0A00010B5044600F014FCE060236820465B695C
:10F0B0009847002808DA00F00BFCE368C01AA36840
:10F0C0009842F2D34FF0FF3010BDF8B507460D4619
:10F0D0008E180C46B44201D1601BF8BD3846FFF7CC
:10F0E000DFFF031EF8DB04F8013BF3E72DE9F041F5
:10F0F0000746884616461D4673B100243846FFF77A
:10F10000CFFF031E05DB434503D033550134A54231
:10F11000F4D12046BDE8F0811C46FAE711480368A7
:10F120001A0912F00C0F10B519D10F4902F00F0295
:10F1300051F822209AB141680C4C03F00F030029CA
:10F1400054F823300CD0C4BF01F1FF314160516944
:10F1500001EA030023EA010343EA0043936110BD7F
:10F160009362FCE7C0010020080000201457020849
:10F170002DE9FF41364D1A282B680E4614461FD83C
:10F18000344A52F8207043B9B420E7F7CAF932493B
:10F190008046E7F72DF9C5F80080781C1DD02F4B6D
:10F1A0001A68511C01D0BA4217D1B6F5803F14D26B
:10F1B0000EBB286888B104B0BDE8F041E6F7CABECE
:10F1C00000F0C002C02A0BD03BB9B420E7F7A9F980
:10F1D00021490446E7F70CF92C6004B0BDE8F08142
:10F1E000C728F1D81E4A00F03F0052F82010194AF3
:10F1F00052F82170C7E776001F6034B374434FF4B0
:10F200007A72B4FBF2F4012138465C60E7F7F8FD4E
:10F21000286802223146E7F789F800230193114B51
:10F220000093114B03932868104B02936946E7F74C
:10F2300027F9029B1BB169460322084698472868B4
:10F2400004B0BDE8F041E6F772BF4FF0FF34DAE7F3
:10F25000E0350020EC55020800440140C0010020C8
:10F26000CC5502081DF10108E96A0008C96A0008C6
:10F270001A2838B523D81B4B53F820305A1C1DD000
:10F28000194D2A689A4219D1184C2068B0B129B397
:10F29000E7F772F82868431C05D00021E7F7B0FDB6
:10F2A0004FF0FF332B60256835B12846E6F7A6FFFF
:10F2B000B4212846E7F739F90023236038BD00F070
:10F2C000C003C02BFAD1C728F8D8094B00F03F0083
:10F2D00053F82020034B53F82230CFE7BDE83840E5
:10F2E000E6F738BEEC550208C0010020E0350020EA
:10F2F000CC550208C3B21A2B16D8144A52F8233040
:10F3000000F4E06003431A0912F00C0F1DD11049FC
:10F3100002F00F0251F82200B8B103F00F030121EF
:10F32000994089B2E7F7E8BB00F0C002C02A0CD1CF
:10F33000C72B0AD8074B00F03F0200F4E06053F8F7
:10F340002220024B53F82230DCE77047EC550208CC
:10F3500008000020CC55020830B5C3B21A2B85B086
:10F360001CD81B4C54F8234000F4E0600443022AEC
:10F3700028D0032A29D0002A0CBF4FF404154FF4DB
:10F3800088156846E7F749F82A4669462046E7F7B0
:10F390002DFC6846E6F7D5FD05B030BD00F0C00491
:10F3A000C02C0CD1C72B0AD80A4B00F03F0400F444
:10F3B000E06053F82440064B53F82440D6E74FF062
:10F3C000FF34D4E74FF44415DBE74FF40415D8E7D6
:10F3D000EC550208CC55020808B102F0F7BC7047A2
:10F3E00010B5044628B102F01FFD90FBF4F303FBB7
:10F3F0001404204610BD884210B5044603DA081AEA
:10F40000FFF7EEFF0444204610BD7047F0B50346F9
:10F410008BB0084661B3911E222935D80A2A06D13D
:10F42000002B04DA5B42012701AD29460DE00027DD
:10F43000FAE7B3FBF2F602FB1633092BDCB21BD85A
:10F440003033DBB201F8013B3346002BF1D1A94246
:10F4500010D0034617B12D2203F8012B5C1E0A467B
:10F46000AA420CD84A1B8D4288BF00220021995421
:10F470000BB0F0BD1E46E3E704F15703E1E712F8D5
:10F48000016D04F8016FEBE70020F1E708B50320F8
:10F49000E2F756FCBDE8084000F03ABA08B5AFF311
:10F4A0000080EAF7BDFFEBF741F800F023FAFAE736
:10F4B0000309024613F00C0010B50DD1074BD1B271
:10F4C00053F8044B8C4203D102F4E062104310BDA8
:10F4D00001301B28F4D1FAE71B20F8E7EC550208AD
:10F4E00010F0F80F10B5024618D11A48D1B250F8F2
:10F4F000211002F4E0630B43C9B21A2919D903F0B1
:10F50000C004C02C01D1C7291CD9A2F1C803022B09
:10F5100094BF02F639704FF0FF3012E000F0C003E4
:10F52000C02BF2D1C3B2C72BEFD80A4802F03F017B
:10F53000DDE7094850F8210003F4E0631843431C59
:10F54000E3D010BD03F03F0150F82100024951F80B
:10F550002000F1E7CC550208EC5502080D4885461D
:10F56000E7F726FD0C480D490D4A002302E0D45868
:10F57000C4500433C4188C42F9D30A4A0A4C0023FD
:10F5800001E013600432A242FBD303F0BFFEFFF799
:10F5900085FFFEE70000012000000020B0030020EE
:10F5A00070FC0208B0030020C0370020FEE7914243
:10F5B0000FD008D9891A01238B40984208D3013013
:10F5C000C8400138704720B10130521A9040F8E726
:10F5D00000207047431E1F2B0ED80C280DDC062878
:10F5E0000DDD08280DDD0A28CCBF0C230A23064AAE
:10F5F0001060064A13607047FEE70C23F7E7062306
:10F60000F5E70823F3E700BFCC010020C801002084
:10F6100010B5FFF765FF431C0AD0064C2168E7F7D9
:10F6200049F8054B21681A68BDE81040FFF7BFBFD5
:10F63000002010BDC8010020CC010020C3B21A2B4D
:10F640002DE9F0410D462AD82C4A52F8233000F417
:10F65000E0641C43621C4ED0294EC4F3031704F02F
:10F660000F0856F8273023FA08F3DB0710D5254991
:10F670002046E7F7B6FB18B32046E6F7CBFF56F86F
:10F680002730012202FA08F223EA020346F8273063
:10F69000052D1FD8DFE805F01F2B2527292D00F0A9
:10F6A000C002C02A27D1C72B25D8174B00F03F0234
:10F6B00000F4E06453F82220104B53F82230C8E7DE
:10F6C00012492046E7F78DFB0028D8D02046E7F7FF
:10F6D000EDF8D4E7FEE700212046BDE8F041E7F76A
:10F6E0008FBB1021F8E72021F6E70321F4E7012181
:10F6F000F2E70921F0E7BDE8F08100BFEC55020810
:10F70000E435002048550208CC550208D4530208BD
:10F71000C3B21A2B1BD8174A52F8233000F4E0600A
:10F720001843431C25D0030913F00C0F04BF124AE1
:10F7300003F00F0300F00F0008BF52F823300F4A08
:10F7400018BF002352F8202091B19A61704700F051
:10F75000C002C02A0DD1C72B0BD8094B00F03F02C5
:10F7600000F4E06053F82220024B53F82230D7E730
:10F770009A627047EC5502080800002014570208EE
:10F78000CC550208C3B21A2B1BD8194A52F82330A1
:10F7900000F4E0601843431C24D0030913F00C0F5D
:10F7A00022D103F00F03134A00F00F0052F8232078
:10F7B000114B126953F8203093430CBF01200020F5
:10F7C000704700F0C002C02A0CD1C72B0AD80B4BDF
:10F7D00000F03F0200F4E06053F82220044B53F89D
:10F7E0002230D7E70020704700231B69FFDE00BFEF
:10F7F000EC5502080800002014570208CC550208F6
:10F800002DE9F843C3B21A2B0C46154610D82D4AE1
:10F8100052F8233000F4E0601843000903F00F03AE
:10F82000012610F00C0F06FA03F612D0002715E09F
:10F8300000F0C002C02A2BD1C72B29D8224B00F0E0
:10F840003F0200F4E06053F822201E4B53F82230B0
:10F85000E2E71E4B00F00F0053F82070002C18BF99
:10F86000344600F037F880463B693340A34212D05B
:10F870003B693340A34217D100F02CF881463B6925
:10F880003340A34217D000F025F8A0EB090009E0AF
:10F890004FF40046CAE700F01DF8A0EB0800A842AC
:10F8A000E2D90020BDE8F88300F014F8A0EB0800CE
:10F8B000A842DDD9F5E700F00DF8A0EB0800A8425A
:10F8C000DDD9EEE7EC550208CC550208080000200F
:10F8D000E7F73EB8E7F718B838B5044648B1E7F798
:10F8E00037F80546FFF791FDE7F732F8431BA342CF
:10F8F000F8D338BD08B5044B2BB10448FFF748F9DD
:10F9000008B1AFF3008008BD000000007C34002087
:10F91000E7F7C8B8430803F05533C01A830803F06B
:10F92000333300F03330184400EB101000F00F3088
:10F9300000EB002000EB0040000E70472DE9F0477F
:10F94000089D0C46002B4ED194468C458646B2FA53
:10F9500082F262D94AB1C2F12003914020FA03F346
:10F960000CFA02FC194300FA02FE4FEA1C471FFA88
:10F970008CF6B1FBF7F44FEA1E4307FB141143EA80
:10F98000014304FB06F199420AD91CEB030304F17D
:10F99000FF3080F01281994240F20F81023C6344B3
:10F9A000591A1FFA8EF3B1FBF7F007FB101143EA67
:10F9B000014300FB06F69E420AD91CEB030300F14B
:10F9C000FF3180F0FC809E4240F2F98063440238AF
:10F9D0009B1B40EA044000211DB1D3400022C5E931
:10F9E0000032BDE8F0878B4205D90DB1C5E90001B1
:10F9F00000210846F5E7B3FA83F1002946D1A34276
:10FA000002D39042C0F0F080861A64EB0303012019
:10FA1000002DE6D0C5E90063E3E7002A40F09080BE
:10FA2000A1EB0C044FEA1C481FFA8CF70121B4FB30
:10FA3000F8F64FEA1E4308FB164443EA044307FB6B
:10FA400006F0984208D91CEB030306F1FF3402D2FA
:10FA5000984200F2CD8026461C1A1FFA8EF3B4FBA2
:10FA6000F8F008FB104443EA044300FB07F79F4209
:10FA700008D91CEB030300F1FF3402D29F4200F2CD
:10FA8000B0802046DB1B40EA0640A5E7C1F1200616
:10FA90008B4022FA06F71F4320FA06FC04FA01F312
:10FAA00043EA0C03F44000FA01F8380C4FEA13491A
:10FAB000B4FBF0FE1FFA87FC00FB1E4449EA044435
:10FAC0000EFB0CF9A14502FA01F20AD93C190EF11C
:10FAD000FF3A80F08480A14540F28180AEF1020EB1
:10FAE0003C44A4EB09041FFA83F9B4FBF0F300FBD8
:10FAF000134449EA044403FB0CFCA44507D93C1910
:10FB000003F1FF3067D2A44565D9023B3C4443EA88
:10FB10000E40A0FB0293A4EB0C049C42CE469C46F4
:10FB200051D34ED055B1B8EB0E0364EB0C0404FA7C
:10FB300006F6CB401E43CC40C5E90064002150E7E7
:10FB4000C2F1200320FA03F10CFA02FC24FA03F3B9
:10FB500094400C434FEA1C4800FA02FE1FFA8CF74F
:10FB6000B3FBF8F008FB1031230C43EA014300FB20
:10FB700007F1994208D91CEB030300F1FF362CD2A0
:10FB800099422AD9023863445B1AA4B2B3FBF8F154
:10FB900008FB113344EA034401FB07F3A34208D9ED
:10FBA0001CEB040401F1FF3613D2A34211D9023930
:10FBB0006444E41A41EA004139E70446F0E60846A5
:10FBC00006E7C845AED2B9EB020E63EB070C01386D
:10FBD000A8E73146EDE7034699E73046D4E7D64635
:10FBE0007FE7634402384DE70646234608460FE7A1
:10FBF000023E634430E700BF08B502F01BF8000086
:10FC00002DE9F0411C46464B83670D460123002138
:10FC10001646A0F87C3080F87E106822DDF8188047
:10FC2000074603F062FAF3B21A2B28D83D4A52F87D
:10FC3000233006F4E0661E43EBB21A2BBE6632D8C0
:10FC4000384A52F8233005F4E0651D43E3B21A2B1D
:10FC5000FD663CD8334A52F8233004F4E0641C4378
:10FC60005FFA88F21A2A3C6745D82E4951F82220BB
:10FC700008F4E06313437B673846BDE8F08106F083
:10FC8000C002C02A0CD1C72B0AD8274B06F03F026E
:10FC900006F4E06653F82220224B53F82230CAE7DC
:10FCA0004FF0FF36C8E705F0C002C02A0CD1C72BC1
:10FCB0000AD81D4B05F03F0205F4E06553F82220F9
:10FCC000184B53F82230C0E74FF0FF35BEE704F081
:10FCD000C002C02A0CD1C72B0AD8134B04F03F0234
:10FCE00004F4E06453F822200E4B53F82230B6E7B8
:10FCF0004FF0FF34B4E708F0C003C02B0CD1C72A83
:10FD00000AD8094B08F03F0253F82210054A08F4BC
:10FD1000E06352F82120ADE74FF0FF33ABE700BFBF
:10FD200000093D00EC550208CC55020837B5012307
:10FD30000D460022074980F85D20816780F87C30FD
:10FD400080F87D2080F87E50009500F07DF803B0AB
:10FD500030BD00BF00093D001FB502AB83E80600BF
:10FD6000816F029A9142044605D1C26F03994A40BD
:10FD700032F07F4210D09A8802989B79A067A4F84D
:10FD80007C2084F87E30009394F87C3094F87D20B9
:10FD9000A16F204600F058F804B010BD704700F085
:10FDA00093B907B5002A8DF807100DF107014FF040
:10FDB00001030CBF0A46002200F0C8F99DF80700B5
:10FDC00003B05DF804FB000007B51B230093C222BB
:10FDD000C123C5210248FFF713FF03B05DF804FB00
:10FDE000F435002030B591FAA1F391FAA1F1B3FAFC
:10FDF00083F3C4685B000325B1FA81F105FA03F3CC
:10FE0000490024EA03038A401A43C26030BD00005F
:10FE1000094A0346106873B1084A934201D1E4F7D6
:10FE20006BB9074A934201D1E4F756B9054A9342A8
:10FE300001D1E4F73FB97047400000200030014095
:10FE400000380040000001582DE9F04F0E4685B003
:10FE500015461F460446002838D0626E914BC06E8E
:10FE60009A4236D09049E7F771F890498146A06EE2
:10FE7000E7F76CF88E498346206FE7F767F88D49FE
:10FE80008046606FE7F762F88246B9F1000F1DD037
:10FE9000BBF1000F1AD0B8F1000F17D059464846F1
:10FEA000E7F77BF8514681464046E7F776F801468A
:10FEB00080464846E7F771F86066B9F1000F05D053
:10FEC000B8F1000F02D0002840F0A68005B0BDE8D0
:10FED000F08F0130FAD1A36E0133F7D1236F0133D4
:10FEE000F4D1636F0133F1D14FF40073A3619DF836
:10FEF0003830606E2060002B14BF00234FF48273F3
:10FF00006360FFF785FFB6EB500F80F08C80B6EB97
:10FF1000900F80F08A80B6EBD00F80F08880B6EB2F
:10FF2000101F80F08680B6EB501F80F08480B6EB07
:10FF3000901F80F08280B6EBD01F2CBF3023382377
:10FF4000E361002D7BD0022D7BD0013D18BF012540
:10FF50006D000123C4E904530723E3624FF4E06317
:10FF60002268E360B7FA87F74E4B7F090026FF014E
:10FF70009A42C4E90876A660A66266632CD04A4914
:10FF8000E06EE6F7CBFF4949A06EE6F7C7FF206FAA
:10FF90004749E6F7C3FF2369B342236F4FEA1311C2
:10FFA00014BF0122022211F00C0F04BF424801F0DD
:10FFB0000F0103F00F0308BF50F821003F4918BF9D
:10FFC0003046022A51F8231018BF0122FFF70AFF1A
:10FFD0003849606FE6F7A2FF2368394A934232D16D
:10FFE0004FF0B0431A6E42F480521A661A6E02F451
:10FFF00080520192019A1A6C42F480521A641A6C6F
:020000040802F0
:1000000022F480521A642046E4F707FB2268136842
:1000100043F04003136059E7636F01333FF464AF6B
:100020004FF4802362E700238AE7082388E7102340
:1000300086E7182384E7202382E7282380E72B46DE
:1000400088E7002386E71F4A934213D14FF0B0435D
:100050009A6D42F480429A659A6D02F4804202924F
:10006000029A9A6B42F480429A639A6B22F480421D
:100070009A63C8E70B4A9342C5D14FF0B0435A6E1A
:1000800042F001025A665A6E02F001020392039A8C
:100090005A6C42F001025A645A6C22F001025A640E
:1000A000B1E700BF00000158CC5202089C52020880
:1000B000545202081852020808000020145702087F
:1000C000003001400038004010B5044698B1E4F714
:1000D00012FB23681A4A93420ED14FF0B0431A6CB8
:1000E00042F480521A641A6C22F480521A641A6E16
:1000F00022F480521A6610BD124A93420ED14FF07C
:10010000B0439A6B42F480429A639A6B22F4804225
:100110009A639A6D22F480429A65ECE70A4A934208
:10012000E9D14FF0B0435A6C42F001025A645A6C64
:1001300022F001025A645A6E22F001025A66DAE78E
:100140000030014000380040000001582DE9F04126
:100150000D4616461C4633B30768E1F79FF9804603
:10016000BB689907FCD5D5B115F8013B3B73BB685B
:10017000DA07FCD53B7B0EB106F8013BE1F78EF9BF
:10018000A0EB0800B0F57A7F04F1FF3409D2002C0F
:10019000E6D12046BB681B06FCD4BDE8F081FF23F6
:1001A000E4E70120F6E70220F7E700002DE9F84335
:1001B00014461D468046894600F04EF92246064602
:1001C0000F462B4620462946E0F710FC78B900225E
:1001D000002340464946E0F7D7FBD8B10022002370
:1001E00020462946E0F7D0FB28B1264F00263046AE
:1001F0003946BDE8F8832046294600F099F80028E2
:10020000F5D02046294600220023E0F7C7FB00284E
:10021000EDD02CE03046394600F08AF8A0B100223B
:10022000002330463946E0F7AFFB0028DFD04046D8
:10023000494600F07DF80028D9D02046294600F034
:1002400077F80028D3D012E04046494600F070F815
:100250000028E4D02046294600F06AF80028DED0C5
:1002600032463B4630463946E0F7C0FB20B903F042
:1002700047F822230360BAE703F042F82123036022
:10028000B5E700BF0000F03F70B50C46064600F031
:100290008FFE214605462046E0F72AFF58B9002187
:1002A0003046E0F7F3FEA0B100212046E0F7EEFE75
:1002B00018B14FF07E55284670BD204600F03EF83C
:1002C0000028F8D000212046E0F7EAFE0028F2D00E
:1002D00023E0284600F032F880B100212846E0F7FC
:1002E000D5FE0028E7D0304600F028F80028E2D0FC
:1002F000204600F023F80028DDD00EE0304600F064
:100300001DF80028E9D0204600F018F80028E4D0B5
:1003100029462846E0F7ECFE20B902F0F1FF22233F
:100320000360C8E702F0ECFF21230360C3E700BFCE
:1003300041F0004000F58010C00F704720F00040F1
:10034000B0F1FF4FACBF0020012070472DE9F04114
:10035000C0F3C7557F3D162D044620F0004724DC2E
:10036000002D804614DB184F2F4138421AD0174910
:10037000E0F7F0FB0021E0F7B1FE98B1002C03DDBF
:100380004FF400032B41984428EA0700BDE8F081B0
:100390000E49E0F7DFFB0021E0F7A0FE10B1002CD2
:1003A0000EDB57B92046BDE8F081B7F1FF4FF9D316
:1003B0000146E0F7CFFBBDE8F0814FF07E50F2E759
:1003C0004FF00040EFE700BFFFFF7F00CAF2497126
:1003D0002DE9F041C0F3C7557F3D162D044620F0AE
:1003E000004725DC002D804614DB184F2F41384292
:1003F0001BD01749E0F7AEFB0021E0F76FFEA0B17C
:10040000002C03DA4FF400032B41984428EA07003C
:10041000BDE8F0810E49E0F79DFB0021E0F75EFEAC
:1004200018B1002C0CDB002000E02046BDE8F08174
:10043000B7F1FF4FF9D30146E0F78CFBBDE8F0813F
:1004400017B94FF00040F1E70248EFE7FFFF7F00E8
:10045000CAF24971000080BF2DE9F04F23F0004738
:10046000044657EA020093B092469B460D4610D1CF
:100470002319824985F4002252419842914121D2A8
:1004800052465B4620462946DFF760FE13B0BDE8C2
:10049000F08F98467A4B0E4621F000419942009128
:1004A000A14614D906F1404606F5801656EA09061B
:1004B000E6D15346DB1871498BF4002252419E422B
:1004C0009141DDD36F49002013B0BDE8F08F14D007
:1004D0009F42E7D8009B00F0B780002E15DB002A72
:1004E00040F0A48067498F4240F0CA83B8F1000F02
:1004F000C0F2BF8420462946C8E7002CC0D18F42F5
:10050000BED800F0F283009BE7E75F498F4200F21C
:10051000C6835E498F420DD93915A1F2FF311429E6
:1005200040F38E84C1F1340122FA01F000FA01F1A6
:10053000914236D0002A45D1B8F1804F3BD002928B
:1005400020462946049300F02FFD049BB9F1000FCB
:1005500043D0DDF808C0F20F013A52EA0C0C00F06B
:100560008A80029C013C224314BF464D484D002422
:10057000B7F1844FCDE9064540F28E80454B009A95
:100580009F42424B40F2E8839A4200F29484B8F1D1
:10059000000FC0F29484002013B0BDE8F04F01F0CA
:1005A00059B900F00100C0F102010291002A3FD1C7
:1005B000B8F1804FC4D122462B4620462946DFF7AA
:1005C0007BFF63E720462946029300F0EDFC029B87
:1005D000B9F1000F4FD1CDF808902A4A26F0404CCF
:1005E000944502D0009A002AB3D1B8F1000F05DA81
:1005F00002460B4600202349E0F788F8002EBFF69C
:1006000045AF009B03F1404A029B0AF5801A5AEA63
:10061000030A40F0368402460B4610461946DFF7BF
:1006200093FD02460B46E0F771F82FE70022029295
:1006300020462946049300F0B7FC049BB9F1000F53
:10064000CBD0F20F013A8CE7002A7FF42BAF009B4E
:1006500003F1404303F5801323433FF433AF0B4BC7
:10066000009A9A4240F2DF83B8F1000FC0F2498449
:10067000504659460AE722462B46CEE70000F0FFD7
:100680000000F07F0000F03FFFFF3F43FFFFEF3F20
:100690000000F0BF0000F043D74A3240002A40F08B
:1006A0002883D64B0022DFF707FF6FF034040B4698
:1006B0001A15A2F2FF321519D14A0B95C3F3130391
:1006C00043F07F54934244F4401407DDCD4A9342F3
:1006D00040F3E08301350B95A4F58014002200233C
:1006E000CDE90823CDE91023C74B0022CDE904232F
:1006F0000025DDE9042321468046DFF725FDA146DC
:10070000DDE9042306460F4640462146CDE90C8923
:10071000DFF71CFD02460B460020BB49DFF7F6FF62
:100720000A460146CDE90E121346394602463046C6
:10073000DFF7C2FE0A4601464FF0000CCDE9021277
:100740001146CDE900016410CDF800C0DDE9008953
:1007500044F0005404F500230020591904460D46C6
:1007600002460B4640464946DFF7A6FE02460B46C8
:1007700030463946DFF7E8FCDDE9042306460F463C
:1007800020462946DFF7E0FC02460B46DDE90C0176
:10079000DFF7DAFC42464B46DFF78EFE02460B4699
:1007A00030463946DFF7D0FCDDE90E23DFF784FE63
:1007B000DDE90245CDE9040122462B4620462946C3
:1007C000DFF77AFE7AA3D3E9002304460D46DFF76C
:1007D00073FE79A3D3E90023DFF7B8FC22462B464A
:1007E000DFF76AFE76A3D3E90023DFF7AFFC2246EA
:1007F0002B46DFF761FE74A3D3E90023DFF7A6FCE5
:1008000022462B46DFF758FE71A3D3E90023DFF71A
:100810009DFC22462B46DFF74FFE6FA3D3E9002352
:10082000DFF794FC224606460F462B462046294613
:10083000DFF742FE02460B4630463946DFF73CFE04
:10084000424604460D464B46DDE90201DFF77EFCD9
:10085000DDE90423DFF730FE22462B46DFF776FC86
:10086000424604460D464B4640464946DFF724FEC5
:10087000664B002206460F46DFF768FC22462B46F1
:10088000CDE90C45DFF762FC00240D4622462B46DD
:1008900040464946DFF710FE5C4B80468946002201
:1008A00020462946DFF750FC32463B46DFF74CFC3A
:1008B00002460B46DDE90C01DFF746FCDDE90223C9
:1008C000DFF7FAFD224606460F462B46DDE9040116
:1008D000DFF7F2FD02460B4630463946DFF736FCBD
:1008E00006460F4602460B4640464946DFF72EFCB9
:1008F00000243BA3D3E9002320460D46DFF7DCFDAF
:1009000042464B468046894620462946DFF71CFC76
:1009100002460B4630463946DFF716FC32A3D3E9D0
:100920000023DFF7C9FD32A3D3E9002306460F46B3
:1009300020462946DFF7C0FD02460B4630463946C1
:10094000DFF704FCDDE91023DFF700FC06460B9817
:100950000F46DFF747FD324604460D463B4640460C
:100960004946CDE90289DFF7F1FBDDE90823DFF72E
:10097000EDFB22462B46DFF7E9FB002022462B4603
:1009800080468946DFF7E0FBDDE90823DFF7DCFB83
:10099000DDE90223DFF7D8FB02460B463046394635
:1009A000DFF7D2FBCDE9020132E000BFAFF30080F8
:1009B000EF4E454A287ECA3F65DBC9934A86CD3F44
:1009C00001411DA96074D13F4D268F515555D53F2A
:1009D000FFAB6FDBB66DDB3F033333333333E33FC2
:1009E000000000E009C7EE3FFD033ADC09C7EE3F17
:1009F000F5015B14E02F3EBE0000F07F0000404395
:100A00008E98030079B60B000000F03F000008400C
:100A10000023CDE900AB0093DDE90067594632467B
:100A20003B465046DFF790FB42464B46DFF744FD1E
:100A30005B4604460D465246DDE90201DFF73CFD08
:100A400002460B4620462946DFF780FB3246044625
:100A50000D463B4640464946DFF72EFD0B46024613
:100A600006460F4620462946DFF770FBB44B9942F5
:100A7000A046A94604460D468B4640F3168101F177
:100A80003F4303F5E003034340F01F829AA3D3E9F9
:100A9000002340464946DFF759FB3246CDE90001C5
:100AA0003B4620462946DFF74FFB02460B46DDE971
:100AB0000001DFF791FF002840F007824FF4007338
:100AC0005B44C3F30A529F4CA2F2FF32C3F31301FB
:100AD000144141F48011C2F1140241FA02FA0020DB
:100AE00004EA0301BBF1000F02460B4630463946CB
:100AF000B8BFCAF1000ADFF727FB02460B460646DD
:100B00000F4640464946DFF721FB4FEA0A5B0D4698
:100B100000247BA3D3E9002320462946DFF7CCFC41
:100B20003246CDE900013B4620462946DFF70CFB63
:100B300002460B4640464946DFF706FB72A3D3E95F
:100B40000023DFF7B9FC72A3D3E9002306460F4662
:100B500020462946DFF7B0FC02460B4630463946B0
:100B6000DFF7F4FADDE9008906460F4602460B4638
:100B700040464946DFF7EAFA42464B4604460D46F0
:100B8000DFF7E2FA02460B4630463946DFF7DCFA79
:100B90002246804689462B4620462946DFF78CFCB4
:100BA0005DA3D3E9002306460F46DFF785FC5CA36F
:100BB000D3E90023DFF7C8FA32463B46DFF77CFC77
:100BC00059A3D3E90023DFF7C1FA32463B46DFF7EA
:100BD00073FC57A3D3E90023DFF7B6FA32463B464E
:100BE000DFF76AFC54A3D3E90023DFF7AFFA3246FC
:100BF0003B46DFF761FC02460B4620462946DFF7FD
:100C0000A3FA06460F4602460B4620462946DFF762
:100C100053FC0022CDE900014FF0804330463946B5
:100C2000DFF792FA02460B46DDE90001DFF76EFDC1
:100C3000424606460F464B4620462946DFF73CFC17
:100C400042464B46DFF782FA02460B4630463946AB
:100C5000DFF77AFA22462B46DFF776FA02460B4692
:100C600000203949DFF770FA0C465C44B4F5801F68
:100C7000C0F235812146DDE90623DFF71DFC05E4DE
:100C8000B8F1804F3FF497AC304988457FF457ACBA
:100C90002046294613B0BDE8F04F00F065BE002A9B
:100CA00000F0338102220292C2E4DFF8A4C021F0F6
:100CB0000043634540F2D580264B0B4403430AD1E1
:100CC00032463B46DFF740FA42464B46DFF77AFEB4
:100CD00000283FF4F3AEDDE9060100220023DFF730
:100CE0005DFE003818BF012056E4002A7FF4C8AB2F
:100CF000B5E40024DCE400BFFE822B654715973C79
:100D000000000000432EE63FEF39FAFE422EE63F98
:100D1000396CA80C615C20BED0A4BE726937663EF7
:100D2000F16BD2C541BDBB3E2CDE25AF6A56113FEB
:100D300093BDBE166CC1663F3E5555555555C53FD2
:100D4000FFFF8F400000F0FF0000F03F0000E03F99
:100D5000FFCB904000346F3F9A42C0F0C480009AAD
:100D60008D4B9A424FF0000200F2D7808A4BDFF79A
:100D7000EBF97DA3D3E9002304460D46DFF79CFB86
:100D80007BA3D3E9002306460F4620462946DFF71A
:100D900093FB824B80468946002220462946DFF796
:100DA0008BFB02460B4674A1D1E90001DFF7CCF9B9
:100DB00022462B46DFF780FB02460B46002078498F
:100DC000DFF7C2F92246CDE900012B46204629462D
:100DD000DFF772FB02460B46DDE90001DFF76CFB33
:100DE00067A3D3E90023DFF767FB02460B464046C3
:100DF0004946DFF7A9F902460B4604460D46304640
:100E00003946DFF7A3F9002032463B468046894643
:100E1000DFF79AF902460B4620462946DFF794F998
:100E2000CDE90201F4E5B8F1000F4FF000004FF0FA
:100E30000001BFF62BAB50460BF10041FFF726BB7C
:100E4000002A7FF4BFABC1F1140147FA01F000FAA8
:100E500001F1B9426ED050498F423FF447ABFFF7E2
:100E60006BBB4F4A934274D8DDE900239346924608
:100E70004EE622462B4648490020DFF747FCFFF7A5
:100E800005BB029B012B7FF401AB01F10043194626
:100E9000FFF7FCBA3CA3D3E90023CDE908233CA328
:100EA000D3E90023CDE910233E4B0022CDE90423F2
:100EB0004FF480251DE4B8F1000F7FF76CAB0020E4
:100EC00013B0BDE8F04F00F0CBBCDDE90601002215
:100ED0000023DFF763FD003818BF0120F0E752461A
:100EE00000F026FCC7E6DDE9060100220023DFF75B
:100EF00055FD003818BF0120B8F1000FBFF64CAB0C
:100F0000DEE700200021FFF7C1BAB8F1804F3FF4BF
:100F100052AB02220292FFF713BBDDE90601002368
:100F2000DFF73CFD003818BF0120B8F1000FC7DC27
:100F3000FFF732BB184A97423FF4D8AAB8F1804F66
:100F40003FF439AB00F00100C0F102020292FFF75A
:100F5000F7BA1B15A3F2FE334FF4801242FA03F3E3
:100F6000AEE500BFAFF30080000000604715F73F1B
:100F700044DF5DF80BAE543E555555555555D53F9C
:100F8000FE822B654715F73F0000004003B8E23FA3
:100F900006D0CF43EBFD4C3E0000F03F0000D03FB9
:100FA0000000E03F0000F83F21F000431946704781
:100FB0002DE9F04F31F0004A87B00C46804681465B
:100FC0000DD180F480094FEA490919F5000F18D9AD
:100FD00021464046DFF7BEFD07B0BDE8F08F20F0A8
:100FE000004BBBF1FF4F0D4602D8BAF1FF4F0DD9B0
:100FF000B9F17E5FECD185F480056D0015F5000F29
:10100000E6D84FF07E5007B0BDE8F08F00285F466D
:10101000C0F23081BAF1FF4F00F04081BAF17E5F3B
:1010200000F07E81B1F1804F00F0AA810026B5F179
:101030007C5F40F05381B9F1000F404680F2A581FA
:1010400000F072FBBBF1FF4F00F05D81BBF1000FC0
:1010500000F05981BBF17E5F00F04A814FEAD973FD
:10106000013B56EA0302009300F09481BAF19A4FD3
:1010700040F29881B04B9B4540F2E482AF4B9B45D8
:1010800000F2EC824FF07E51DFF762FDAC49804602
:10109000DFF768FEAB4981464046DFF763FE4FF05D
:1010A0007A5182464046DFF75DFE0146A648DFF7EB
:1010B0004FFD4146DFF756FE01464FF07C50DFF70B
:1010C00047FD414683464046DFF74CFE0146584601
:1010D000DFF748FE9D49DFF745FE01465046DFF742
:1010E00037FD014680464846DFF734FD20F47F6B2C
:1010F0002BF00F0B49465846DFF72AFD01464046C4
:10110000DFF726FD25F47F67009B013E27F00F07E0
:101110001E438046394620460CBF8D4E4FF07E560A
:10112000DFF716FD5946DFF71DFE2146054640460E
:10113000DFF718FE01462846DFF70CFD3946054665
:101140005846DFF70FFE014604462846DFF702FD4A
:10115000002807468046014620F0004240F33D82C9
:10116000B2F1864F00F2CA8200F0AA82B2F17C5F2F
:1011700000F2CC824FF00008474621F47F6A2AF043
:101180000F0A74495046DFF7EDFD2146814650466F
:10119000DFF7DEFC01462846DFF7DAFC6E49DFF7B1
:1011A000E1FD6E4904465046DFF7DCFD014620466E
:1011B000DFF7D0FC044601464846DFF7CBFC494642
:1011C0000546DFF7C5FC01462046DFF7C1FC29468E
:1011D00081462846DFF7C6FD61490446DFF7C2FDB8
:1011E0006049DFF7B5FC2146DFF7BCFD5E49DFF75C
:1011F000B1FC2146DFF7B6FD5C49DFF7A9FC2146CB
:10120000DFF7B0FD5A49DFF7A5FC2146DFF7AAFD5D
:1012100001462846DFF79CFC044601462846DFF7D6
:10122000A1FD4FF0804182462046DFF791FC014648
:101230005046DFF74BFE494604462846DFF792FD4D
:101240004946DFF787FC01462046DFF781FC294647
:10125000DFF77EFC01464FF07E50DFF779FC034656
:101260004344B3F5000FC0F2F58118463146DFF76D
:1012700079FDB1E6BAF1974F19D2BAF17E5F1BD270
:10128000B1F1804F7CD0B1F17C5F26D100F04CFAF7
:10129000BBF1FF4F3FF4A0AE0026D7E6BBF17E5F67
:1012A0003FF4AFAE42D9002D3EDB204694E6BAF1C2
:1012B000FF4FF3D00226BAE64FEAEA52C2F1960295
:1012C0004AFA02F101FA02F2524500F07381BAF1D2
:1012D0007E5F25D0B4F1804F52D00026404600F00A
:1012E00023FABBF1FF4F03D0BBF1000F7FF4B2AE86
:1012F000002D04DA01464FF07E50DFF7E7FDB9F12B
:10130000000FBFF669AEABF17E5B5BEA060B40F007
:101310005E810146DFF71CFC0146DFF7D7FD5BE687
:10132000002D27DB404657E6002055E6002DFBDA6E
:1013300004F1004050E600BFF3FF7F3F0700803F0D
:1013400000AAB83F70A5EC36ABAAAA3E3BAAB83FAC
:10135000000080BF0072313F1872313F8CBEBF3534
:101360004CBB31330EEADD3555B38A38610B363B61
:10137000ABAA2A3E41464FF07E50DFF7A7FD2BE691
:1013800041464046DFF7EEFC26E607B0BDE8F04FE9
:1013900000F0D8BB41464046DFF7DAFB0146DFF7F5
:1013A00095FD19E619F0FF4F40F04A814FF0974143
:1013B000DFF7D8FC6FF017010746FA157F3A0A44A9
:1013C000AF490192C7F316038B4243F07E5707DD06
:1013D000AC498B4240F34A8101320192A7F50007E4
:1013E000002305934FF07E5B04934FF000085946AD
:1013F0003846DFF7ADFB594681463846DFF7AAFB92
:1014000001464FF07E50DFF761FD014603904846EC
:10141000DFF7A8FC7A1042F0005202F58022424425
:1014200020F47F6828F00F081146BA460746404668
:101430000292DFF797FC01464846DFF789FB029AE4
:10144000814659461046DFF783FB01465046DFF7D9
:101450007FFB4146DFF786FC01464846DFF778FB15
:10146000039B1946DFF77EFC394683463846DFF793
:1014700079FC85498146DFF775FC8449DFF76AFB13
:101480004946DFF76FFC8249DFF764FB4946DFF727
:1014900069FC8049DFF75EFB4946DFF763FC7E4964
:1014A000DFF758FB4946DFF75DFC7C49DFF752FB6D
:1014B000494682464846DFF755FC01465046DFF76D
:1014C00051FC414681463846DFF744FB5946DFF779
:1014D00049FC4946DFF73EFB414682464046DFF77E
:1014E00041FC6F490290DFF735FB5146DFF732FBD5
:1014F00020F47F6929F00F0949464046DFF732FCA6
:10150000674980464846DFF723FB0299DFF720FB57
:1015100001465046DFF71CFB3946DFF723FC4946FE
:1015200082465846DFF71EFC01465046DFF712FBA5
:10153000834601464046DFF70DFB20F47F6A2AF020
:101540000F0A58495046DFF70DFC41468146504688
:10155000DFF7FEFA01465846DFF7FAFA5249DFF79D
:1015600001FC524980465046DFF7FCFB01464046ED
:10157000DFF7F0FA0499DFF7EDFA80460198DFF71C
:101580009DFB414682464846DFF7E4FA059F39460F
:10159000DFF7E0FA5146DFF7DDFA20F47F6B2BF03E
:1015A0000F0B51465846DFF7D3FA3946DFF7D0FA2A
:1015B0004946A1E5BAF17E5F3FF4B2AEB4F1804F87
:1015C0003FF4DEAE01F00101C1F1020686E6012E14
:1015D0007FF402AD00F10040FEE4354B9A4200F288
:1015E00097807FF4C3AD2146DFF7B2FA2946DFF7D3
:1015F0006BFD002840F08C8086227E3A4FF4000379
:10160000134143442B49C3F3C7527F3AC3F3160730
:10161000114147F40007C2F117021741B8F1000F5A
:1016200001EA0301B8BF7F422046DFF791FA014685
:1016300004462846DFF78EFA4FEAC75801469CE574
:101640000021BAE6002D0BDB002007B0BDE8F04F0B
:1016500000F082B9394600F009F907E6002DF3DD04
:10166000002007B0BDE8F04F00F07AB9124B0593A7
:10167000124B04934FF07F5B4FF40018B7E600BFA6
:1016800071C41C00D6B35D0042F1533E55326C3E2E
:1016900005A38B3EABAAAA3EB76DDB3E9A99193FD4
:1016A000000040400038763F4F38763FA0C39D365B
:1016B00000001643000080FF00C0153FDCCFD1358D
:1016C00017492846DFF746FA214681463846DFF7B4
:1016D0003FFA01464846DFF701FD78B907F50043B8
:1016E000DA1510497F3A11411940C3F31603C2F1CC
:1016F000170243F4000343FA02F795E7002130464E
:10170000DFF7CEFC003818BF0120AAE7D21574E736
:1017100000213046DFF7C4FC003818BF012094E7F1
:101720003CAA3833000080FF20F00040704700BF23
:1017300070B51646C1F30A5204460D460B465ABB15
:1017400021F00043034326D02D4B0022DEF7B4FEE8
:101750002C4B9E4204460D4643DBC1F30A520B4616
:10176000363A4CF250318E421EDC164440F2FE7284
:10177000964219DC002E23DC16F1350F28DB23F00E
:10178000FF4323F4E003363643EA065120461E4B5E
:101790000022DEF791FE70BD40F2FF7C6245E0D191
:1017A0000246DEF7D3FC70BD11A3D3E90023ED0F91
:1017B0001C4665F3DF7421461448DEF77DFE70BDDC
:1017C00023F0FF4323F4E003204643EA065170BDB3
:1017D00005F0004343F0D27141F4B7310C4841F0B9
:1017E0001F0105A3D3E90023DEF766FE70BD00BF2D
:1017F0009C7500883CE4377E59F3F8C21F6EA50142
:1018000000005043B03CFFFF0000903C9C750088F6
:1018100059F3F8C2D0B506460F46144601F070FDE4
:101820000346394630461C60D0BD00BF10B50446A3
:1018300082B0104619460CB103F10043CDE90023F4
:10184000DDE90023DEF738FE222202B0BDE81040B9
:10185000FFF7E0BF00224FF08053FFF7E7BF00BF64
:1018600000224FF0E043FFF7E1BF00BF10B50C4688
:1018700030F0004103461DD0B1F1FF4F1BD210F0F4
:10188000FF4F02461BD14FF09841DFF76BFA204A19
:10189000944203462CDBC0F3C75102464CF2503051
:1018A0008442A1F1190110DD1A49184661F31E00A6
:1018B000DFF758FA10BD0146DFF74CF910BD4CF2C6
:1018C000503084424FEAD151EEDC2144FE29EBDC5A
:1018D000002911DC11F1160F13DB01F1190022F0C0
:1018E000FF424FF04C5142EAC050DFF73BFA10BDC7
:1018F0000949DFF737FA10BD22F0FF4242EAC15032
:1019000010BD0549184661F31E00DFF72BFA10BD24
:10191000B03CFFFFCAF249716042A20D38B50546DE
:101920000C4601F0EDFC034628461C6038BD00BFA4
:1019300008B540B101F10040DFF714FABDE80840F6
:101940002221FFF7EBBF0846DFF70CFABDE808409D
:101950002221FFF7E3BF00BF4FF08051FFF7E8BF40
:101960004FF0E041FFF7E4BF2DE9F84F724F8F438E
:1019700004460D4600F0B28000290B46064602469A
:1019800055DD081500F09B80C3F31303C107A0F2D7
:10199000FF3743F4801303D4D10F01EB430352000C
:1019A0005B00002603EBD2737F1052001624B4466E
:1019B0004FF400110CEB0100984203DC1B1A01EB01
:1019C000000C0E445B00013C03EBD2734FEA510163
:1019D0004FEA4202EED1A04620254FF000400AE037
:1019E00039D0590001EBD271013D0B464FEA42025A
:1019F0004FEA50003BD09C4508EB000EF0DABEF1F8
:101A0000000F0EEB00080CDBE146A3EB0C01964542
:101A100088BF01F1FF314900CC46A2EB0E0204441D
:101A2000E0E7B8F1000FEFDB0CF10109EDE721F081
:101A3000004707433DD0002973D1D10A153B520519
:101A40000029FAD0CD02184616460B4637D5202479
:101A50004FF0FF313EE0964502D94FEA4C01C1E715
:101A6000BEF1000F0EEB000825DB0021D5E7114386
:101A700012D0DFF8C8A0DFF8C8B0DAE90001DBE96E
:101A80000023DEF761FBDAE9008902460B46404697
:101A90004946DEF78DFF58BB6508731003F17F538D
:101AA000F20703F5001348BF45F0004503EB07516B
:101AB0002846BDE8F88FB8F1000FB5DAD5E7002267
:101AC0005B00DC02114602F10102F9D5C2F12004EB
:101AD00006FA02F2E640401A334355E702460B4647
:101AE000DEF7EAFC22462B46DEF730FBBDE8F88F36
:101AF000B4F1FF3FDAE90001DBE9002318D0DEF79B
:101B000025FBDAE9008902460B4640464946DEF7E6
:101B100045FF78B1A11C04F1020508BF01366D082C
:101B2000BBE7DEF711FB02460B46DEF7EFFDC0E731
:101B30000136B2E70134AFE70000F07FD8010020A2
:101B4000D001002020F00042B2F1FF4F2DE9F0411A
:101B5000044654D2002A50D00028034657DB14F024
:101B6000FF4F4FEAE05009D114F400025BD15B0053
:101B70001C02114602F10102F9D5401AC3F3160204
:101B800042F40002C307A0F17F0558BF52000024B1
:101B90006D1052004FF0190E21464FF0807C01EB82
:101BA0000C039342DDBF03EB0C016444D31A1346CC
:101BB000BEF1010E4FEA43024FEA5C0CEFD1BBB11C
:101BC0001A4E1B4F30683968D6F80080DEF7C0FF28
:101BD00001464046DFF76EFA50B130683968366822
:101BE000DEF7B8FF01463046DFF75AFAB8B10234E3
:101BF000601000F17C5000EBC550BDE8F08101465B
:101C0000DFF7B0F82146DEF7A5FFBDE8F081014619
:101C1000DEF79EFF0146DFF759F9BDE8F081013498
:101C200024F00104E4E74FF0FF31A6E7E4010020CF
:101C3000E001002008B5062001F0F0FA0120E5F7E8
:101C400017FF002100F084BF0A22002101F062B8D2
:101C5000024B0146186800F02DB800BF6003002059
:101C6000024B0146186801F0B7BB00BF60030020BB
:101C700070B50F4E0C463168054611B901F01EFBD8
:101C800030602146284601F019FB431C03D14FF078
:101C9000FF34204670BDC41C24F00304A042F8D0D9
:101CA000211A284601F00AFB0130F2D1EFE700BF0C
:101CB000743600202DE9F843CD1C25F003050835C6
:101CC0000C2D38BF0C25002D064601DBA94204D996
:101CD0000C2333600020BDE8F883DFF8D48000F0E7
:101CE00069F8D8F800301C4644BB29463046FFF757
:101CF000BFFF431C044658D1D8F800402746002FA8
:101D000043D1002C4BD023683946304604EB0309FD
:101D100001F0D4FA814542D121686D1A2946304636
:101D2000FFF7A6FF01303AD023682B442360D8F890
:101D300000305A6862BBC8F800700FE02268521B7E
:101D400020D40B2A17D96119A342256018BF596006
:101D5000636808BFC8F8001062514B60304600F05D
:101D60002FF804F10B00231D20F00700C21A1CBF3E
:101D70001B1AA350AFE76268A3420CBFC8F800204B
:101D80005A60EBE723466468AEE73C467F68B6E7F7
:101D90001A465B68A342FBD100235360DEE70C23A5
:101DA0003360304600F00CF894E70560D6E700BFDA
:101DB00078360020014801F0CEBA00BFBC370020C1
:101DC000014801F0C9BA00BFBC37002038B5104B3C
:101DD0001D682B6B0446B3B91820FFF739FF024684
:101DE000286320B90B4B0C48462101F0D7FA0B4968
:101DF0000B4BC0E900130B4B83600B238381002145
:101E00000120C2E904012B6B00221C615A6138BD1C
:101E100060030020ABF70208C2F702080E33CDAB17
:101E200034126DE6ECDE0500164B10B51C68236B12
:101E3000B3B91820FFF70CFF0246206320B9124BFC
:101E40001248522101F0AAFA1149124BC0E90013BD
:101E5000114B83600B23838100210120C2E904011F
:101E6000216B0E480B694C690D4A584302FB040074
:101E7000A3FB0232013340EB0200C1E9043020F041
:101E8000004010BD60030020ABF70208C2F7020853
:101E90000E33CDAB34126DE6ECDE05002DF4515857
:101EA0002D7F954C024B0A460146186800F002B897
:101EB000600300202DE9F041804615460C4621B90B
:101EC000BDE8F0411146FFF7F5BE2AB901F084FAEA
:101ED00000242046BDE8F08102F0BEFA85420646A5
:101EE00002D8B5EB500FF4D829464046FFF7E2FE82
:101EF00007460028ECD0B5422A46214628BF324684
:101F000001F033FA2146404601F066FA3C46E0E72C
:101F10002DE9F0410F46904602F068F904460D465F
:101F2000B8F1000F11D0C7F30A53C3F16B03002BB4
:101F30000BDD1B0503F17F55002405F540152246F6
:101F40002B46DEF7B9FA04460D4620462946BDE881
:101F5000F0810000000000002DE9F04F9DB08246A6
:101F60000E92002218920C464FF000084FF0000924
:101F70000A46179211782B293BD02CD80D2926D848
:101F8000082926D800292FD000220C92179D2A78E4
:101F9000302A7BD16A7802F0DF02582A6CD1029392
:101FA0000C9B019318AB0093884A19AB17A95046B4
:101FB00001F0C2FA10F00F0604463ED0062E1AD1E8
:101FC0000E9B0BB101351D604046494640E020297B
:101FD000DAD10132CDE72D29D6D101210C91511C46
:101FE00017915278002AD1D10E9B002BECD01C60A7
:101FF000EAE70021F2E7189A3AB135211AA802F06F
:10200000E7F91899504601F0BBFD013E199A042EDC
:1020100006D8DFE806F02003292C2000DDE91A8924
:10202000E10548BF49F0004929F000431B0D1B059D
:102030001BB901F065F9222303600E9B13B10E9AC0
:10204000179B13600C9B002BBED0404609F100414A
:102050001DB0BDE8F08FDDE91A8302F2334223F4AC
:10206000801343EA0259DBE7DFF86491D8E76FF0A9
:1020700000494FF0FF38D3E7179B5A1C17925B7843
:10208000302BF9D0002BD8D0012300E0002300270B
:10209000CDE905770493179B0A930A2217980578D0
:1020A000A5F13003D9B2092924D94A49012201F006
:1020B00042F800282DD000202A46059D834603467D
:1020C000652A01D0452A13D11DB9049A02438BD049
:1020D0000025179C621C179262782B2A6DD02D2A3E
:1020E00071D04FF0000CA2F13001092978D9179472
:1020F000002696E005990829DDBF069902FB013309
:10210000069302FB0737059B0130013305931790B7
:10211000C4E7179B5A1C17925A78059BABB38346AA
:102120001D46A2F13003092B12D90123C8E7179BE2
:102130005A1C17925A780130302AF8D0A2F1310394
:10214000082B00F2EA84179B0A9383460020054679
:10215000303A00F1010312D09B4400EB050C2B46F2
:102160000A219C4513D12B18082B05F101050544C4
:1021700019DC06990A2303FB012306930023179A0F
:10218000511C179152781846CBE70598D4E7082BD5
:1021900003F1010303DC069E4E430696E1E7102B94
:1021A000D8BF4F43DDE70F2BDCBF0A2303FB072714
:1021B000E4E74FF0000B012387E74FF0000CA21C6F
:1021C0001792A2788FE74FF0010CF8E758F8020851
:1021D0000000F07F5B7C0208179A511C179152781F
:1021E000302AF9D0A2F13101082981D8303A07927A
:1021F000179A0D92179A561C17965278A2F1300E24
:10220000BEF1090F38D90D99761A082E44F61F66CB
:1022100003DC07998E42A8BF0E46BCF1000F00D028
:102220007642002D4FD1049908437FF406AF002B6E
:102230007FF4DAAE692A29D026DC492A26D04E2A34
:102240007FF4D2AE9C4917A801F098FB00283FF418
:10225000CBAE179B1B78282B2FD198491AAA17A809
:1022600001F0A0FB052828D11B9BDDF8688043F016
:10227000FF4949F4E009E0E6079E0A2101FB062137
:10228000A1F130020792B5E76E2AD9E78C4917A869
:1022900001F074FB00283FF4A7AE179B8949013B6E
:1022A00017A8179301F06AFB10B9179B0133179316
:1022B000DFF814924FF00008BFE6844801F064F89C
:1022C00080468946B9E6A6EB0B030F93059B06985B
:1022D000002B08BF2B46102D05932C46A8BF1024B9
:1022E000DEF770F8092D8046894614DCA6EB0B0357
:1022F000002B3FF4A2AEA6EB0B0379DD162B45DCD9
:102300000F9B734901EBC301D1E9000142464B46E3
:10231000DEF7D2F8D4E76E4B03EBC40353E9122384
:10232000DEF7CAF8804638468946DEF74BF80246A3
:102330000B4640464946DDF709FF0F2D804689468A
:10234000D4DD2C1BA6EB0B031C44002C26DC00F078
:10235000A380644214F00F020AD05D4B03EBC2036A
:1023600040464946D3E90023DEF7D0F98046894646
:10237000241100F091801F2C40F3B28022234FF0F3
:1023800000084FF00009CAF8003056E6C5F12503F1
:10239000A6EB0B02934219DA2C1B144414F00F0322
:1023A0000AD04B4901EBC30142464B46D1E900013B
:1023B000DEF782F88046894634F00F046CD0B4F51D
:1023C0009A7F41DD2223CAF8003071E7404CC5F105
:1023D0000F0504EBC50142464B46D1E90001DEF78B
:1023E0006BF80F9B5D1B04EBC504D4E900238FE75A
:1023F0001633A6DB364BABEB060203EBC203D3E985
:10240000002340464946DEF781F959E70023069349
:102410002223DFF8B490CAF800304FF00008189972
:10242000504601F0ADFB0699504601F0A9FB059915
:10243000504601F0A5FB1099504601F0A1FB079909
:10244000504601F09DFBF8E50023224F0493241130
:1024500040464946012C22DC0BB180468946049B4C
:102460001C49A9F1547901EBC30142464B46D1E91D
:102470000001DEF721F8144B0A460B4016498B4247
:1024800080469FD8A1F580118B4286BFDFF84C9023
:102490004FF0FF3802F15479002304934BE0E20738
:1024A00004D5D7E90023DEF707F80123049A0132A7
:1024B000049264100837CDE740F8020844F8020897
:1024C00037F802083AF802080000F07FBF700208EF
:1024D00018FB0208F0FA02080000A07CFFFFEF7F63
:1024E00014F0100318BF6A23AB4F049340464946CB
:1024F0000023E20704D5D7E90023DDF7DDFF012340
:10250000641007F10807F4D10BB180468946049B9B
:1025100043B1C9F30A52C2F16B03002B494650DCA8
:102520006A2304930022002340464946DEF72CFA32
:1025300000287FF423AF069B0093059A0A992B4647
:10254000504601F085FB109000283FF43BAF0F9BF5
:10255000ABEB060B002BB4BF5B46002311930F9B24
:1025600023EAE3731593002307930593109B5046CA
:10257000596801F0C5FA069000283FF449AF109B56
:102580001A69023203F10C0192000C3000F0EDFEEA
:102590001AAB019319AB009342464B465046CDE926
:1025A0000A8901F08DFE189000283FF431AF012117
:1025B000504601F0E7FB05900346D0B90023059390
:1025C00026E71F2B0EDD342BDEBF4FF0FF33C2F1A9
:1025D0004B0293404FF00008CCBF4FF05C7903EA08
:1025E00001099DE74FF0FF3202FA03F303EA0808FE
:1025F00096E7199C1A9A002CABBF119B159B159E50
:10260000119FACBFE7181E1B049BE41A1444634BD4
:10261000013C9C42C2F1360280F2B2801B1B1F2B90
:10262000C2BFC4F17F4404F57F0404F57B444FF03E
:102630000105C8BFE234A2EB0302DABF9D400024CB
:1026400005FA04F407EB020B049B5F4516441E4495
:102650003B46A8BF5B46B342A8BF3346002BC2BF70
:10266000ABEB030BF61AFF1A119B002B16DD059935
:102670001A46504601F046FC059000289ED00146BF
:10268000189A504601F094FB0D9000283FF4C0AE1C
:102690001899504601F074FA0D9B1893BBF1000F86
:1026A00071DC0F9B002B08DD159A0699504601F04E
:1026B00029FC069000283FF4A9AE002E08DD0699FB
:1026C0003246504601F078FC069000283FF49EAE5A
:1026D000002F08DD05993A46504601F06DFC059043
:1026E00000283FF495AE069A1899504601F0ECFC8C
:1026F000079000283FF48CAEC3680D930023059922
:10270000C36001F0C5FC00284ADA0D9B53EA0803B8
:1027100040F0BC80C9F31303002B40F0B78029F0D0
:1027200000431B0D1B05B3F1D66F40F2AF80079B32
:102730005B6923B9079B1B69012B40F3A7800799AD
:102740000122504601F038FC0599079001F0A0FCE9
:10275000002840F39B8029F00043049A1B0D1B05C1
:10276000002A79D0B3F1D66F6DD8B3F15C7F45D82C
:102770004FF000084FF000092223CAF800304EE65F
:10278000002401255EE718995A46504601F014FCD2
:102790001890002885D13BE670F8020802FCFFFF84
:1027A000CB4640F0A4800D9AC9F31303002A41D010
:1027B000974A934259D1049B42467BB9B8F1FF3FF7
:1027C00040F08A80934B99453FF422AE924BDDF85E
:1027D000108009EA030303F5801920E68E4B09EA0D
:1027E0000303B3F1D46F17D918F101011CD1894A41
:1027F00091453FF40DAE03F580198046874B404666
:1028000049460022DDF758FE834B0B40804689463F
:10281000002B7FF404AEAFE71E0DC6F16B064FF040
:10282000FF31B1408845E6D0002C5ED014EA0B0F92
:10283000E4D01EE0002B4AD1B8F1000F8BD064B376
:1028400014EA0B0F2BE0A3F580136FEA13596FEA1C
:1028500009594FF0FF38D1E7A3F580136FEA1359F8
:102860006FEA09594FF0FF38D9E59CB114EA090F16
:102870000CD0049A40464946FFF74AFB02460B46F5
:10288000DDE90A01DDF762FC80468946049B002BE6
:10289000B4D1C4E515EA080FEAE718EA050FF5D048
:1028A000049A40464946FFF733FB02460B46DDE9F2
:1028B0000A01DDF749FC0022002304460D46DEF73D
:1028C00063F800287FF454AFA046A946DEE7002C49
:1028D000B6D115EA080FE2E724B114EA090F3FF474
:1028E0009EADC6E718EA050FF9E72A42A0E7059969
:1028F000079801F03DFD00224FF0804304460D464D
:10290000DEF756F800286DD00D9B002B78D1B8F17A
:10291000000F56D1C9F31303002B59D1404B0022AD
:1029200020462946DEF73AF8002858D120462946A5
:102930003C4B0022DDF7C0FD04460D4605F1004387
:1029400008940993344B344A0BEA03031493364B2F
:102950000BEA02029A42DDE9086740F09F80ABF182
:1029600054794046494601F041FCDDE90823DDF792
:10297000A3FD42464B46DDF7E9FB0B4626492B4AB1
:1029800019409142804655D90B9A224B9A4203D165
:102990000A9B01333FF43CADDFF878904FF0FF38ED
:1029A0001899504601F0ECF80699504601F0E8F805
:1029B0000599504601F0E4F80799504601F0E0F817
:1029C000D4E5B8F1010F03D1B9F1000F3FF4D0AE57
:1029D000174C134D0023CDE908340024B2E7114D04
:1029E0000024ABE70F4B204629460022DDF764FDAB
:1029F0000D9B04460D46002BA0D0CDE90845A1E76C
:102A0000074C0023CDE9083425461C469AE700BF51
:102A1000FFFF0F00FFFFEF7F0000F07F0000503945
:102A20000000F03F0000E03F0000E07FFFFF9F7CE0
:102A30000000F0BF03F15479049B4E46002BAFD148
:102A400029F00043149A1B0D1B059A42A8D1204679
:102A5000294602F02DFBDDF701FD0B460246294613
:102A60002046DDF771FBC9F313060D9B46EA080605
:102A70001E4304460D464AD02DA3D3E90023DDF7BB
:102A80008DFF00287FF4CBAC2BA3D3E90023204695
:102A90002946DDF7A1FF002882D0C0E4049B13B3D0
:102AA000149BB3F1D46F1ED825A3D3E9002320468D
:102AB0002946DDF77DFF90B129462046DDF7D4FF9A
:102AC000012838BF0120DDF77DFC0D9B04460D4633
:102AD000D3B901F1004312901393DDE91267149A00
:102AE00007F1D6639F1ADDE90A0101F07FFB024678
:102AF0000B4630463946DDF7DFFCDDE90A23DDF71A
:102B000025FB8046894697E7CDE91245E5E70EA308
:102B1000D3E90023DDF742FFBDE7652A3FF449AB67
:102B2000452A3FF446AB0123FFF77DBBAFF300809E
:102B30009535A094FFFFDF3F35E5AF350000E03F5E
:102B40000000C0FFFFFFDF419535A094FFFFCF3F9E
:102B50000A4601460248034B0068FFF7FDB900BF73
:102B600060030020F40100202DE9F843244D254B9B
:102B70000A4601462868FFF7EFF902460B4606466B
:102B80000F46DDF733FF68B1002F1F4806DA00F06B
:102B900001FC00F100442046BDE8F883BDE8F8439D
:102BA00000F0F8BB39463046DDF77EFF20F00048E4
:102BB000044616494046DEF79BFAB0B91349404631
:102BC000DEF778FA88B927F00049114B4FF0FF3251
:102BD00030464946DDF70AFF70B90D4B4FF0FF3222
:102BE00030464946DDF7E4FE30B914F0FF4FD2D14C
:102BF000084B3B40002BCED02B6822221A60CAE73C
:102C000060030020F4010020BF700208FFFF7F7FF7
:102C1000FFFFEF7F0000F07F242B2DE9F047864671
:102C2000904601D8012B06D100F06AFB1623036001
:102C30000020BDE8F08736480D462A4615F8014BBE
:102C4000065D16F00806F8D12D2C24D12C7801262B
:102C5000951C2BBB302C30D00A2306F1004C0CF114
:102C6000FF3C0022BCFBF3F9104603FB19CAA4F198
:102C70003007092F28D83C46A34234DD571C07D023
:102C800081452DD301D1A2452ADB00FB034001225F
:102C900015F8014BEBE72B2C04BF2C78951CD8E7DB
:102CA000102BDAD1302CD8D12A7802F0DF02582A42
:102CB000D3D16C7810230235CFE72B7803F0DF03F4
:102CC000582BF6D00823C8E7A4F14107192F01D8E3
:102CD000373CD1E7A4F16107192F04D8573CCBE763
:102CE0004FF0FF32D4E7531C08D12223CEF8003036
:102CF0006046B8F1000F9CD0691E06E006B1404264
:102D0000B8F1000F95D0002AF6D1C8F8001090E76E
:102D100099F8020813460A46014602480068FFF780
:102D20007BBF00BF60030020002310B50446C0E94C
:102D30000033C0E90433836081814366C2818361CB
:102D4000194608225C3000F0D0F90D4B63620D4B40
:102D5000A3620D4BE3620D4B23630D4B24629C4237
:102D600006D003F16802944202D0D0339C4205D1D0
:102D700004F15800BDE8104000F0ECBA10BD00BFEF
:102D8000552F0208772F0208AF2F0208D32F020811
:102D90007C360020024A0349034800F069B800BFAE
:102DA000E8010020654B02086403002041680C4BD9
:102DB000994210B5044601D001F0D4FEA168094B38
:102DC000994202D0204601F0CDFEE168064B9942BF
:102DD00004D02046BDE8104001F0C4BE10BD00BFC5
:102DE0007C360020E43600204C37002010B50B4B19
:102DF0000B4C0C4A1A60204600220421FFF794FF76
:102E000004F1680001220921FFF78EFF04F1D000D0
:102E10000222BDE810401221FFF786BFB437002020
:102E20007C360020952D0208014800F094BA00BFBE
:102E3000BD370020014800F08FBA00BFBD37002029
:102E400010B50446FFF7F0FF236A1BB1BDE8104040
:102E5000FFF7F0BF044B2362044B1B68002BF5D136
:102E6000FFF7C4FFF2E700BFAD2D0208B437002022
:102E70002DE9F8430746884614460026D4E9019513
:102E8000B9F1010905D52468002CF7D13046BDE819
:102E9000F883AB89012B07D9B5F90E30013303D084
:102EA00029463846C04706436835E9E70CB430B5D3
:102EB000174B0C1E1D689DB008DA8B232B604FF05A
:102EC000FF301DB0BDE8304002B070474FF40273D0
:102ED000ADF8143014BF04F1FF3323460493079375
:102EE0004FF6FF7302900690ADF81630209A21AB92
:102EF00002A92846019301F01FFB431CBCBF8B2392
:102F00002B60002CDDD0029B00221A70D9E700BF95
:102F1000600300200EB400B59CB01DAB029006907B
:102F20006FF00041094807910491094953F8042BB7
:102F300005910068019302A901F0FEFA029B0022AC
:102F40001A701CB05DF804EB03B0704760030020FA
:102F50000802FFFF10B50C46B1F90E1000F088F919
:102F60000028ABBF636DA3891B1823F48053ACBF4B
:102F70006365A38110BD2DE9F0411F468B89DB05F8
:102F800005460C46164605D5B1F90E10022300225F
:102F900000F05CF9A389B4F90E1023F48053A381E7
:102FA00032463B462846BDE8F04100F097B910B5DF
:102FB0000C46B1F90E1000F049F9431CA38915BF66
:102FC000606523F4805343F48053A38118BFA38129
:102FD00010BDB1F90E1000F029B9F0B5ADF5057DC1
:102FE0000E4604AF4FF40071039100933946134627
:102FF00003AA054600F020F8044680B10246039B70
:103000003146284600F06AF9BC42039003D02146BD
:10301000284600F0E1F903980DF5057DF0BD4FF06D
:10302000FF30F9E713460A46014602480068FFF7F9
:10303000D4BF00BF6003002030B515469BB02C689C
:103040001A46D9B1002C19D04FF4C16300910491F4
:10305000ADF80C30214619DB4FF6FF730291059154
:10306000ADF80E3069461E9B01F066FA00280FDBB2
:10307000009B286000221A7004980AE000214FF497
:103080002273ADF80C3000910491E5E78B230360C7
:1030900000201BB030BD10B501390244904201D16F
:1030A000002005E0037811F8014FA34201D0181B5E
:1030B00010BD0130F2E7884210B501EB020402D9DD
:1030C0008442234607D8431EA14208D011F8012BA1
:1030D00003F8012FF8E7024401468A4200D110BDEF
:1030E00013F8014D02F8014DF7E7024403469342FD
:1030F00000D1704703F8011BF9E7C9B2034618462F
:1031000013F8012B12B18A42F9D17047002918BF78
:103110000020704770B503461E4613F8014B44B1BA
:103120004A1E01E0A54204D012F8015F002DF9D13A
:10313000F2E7301A70BD10B56AB10139841810F881
:10314000012B11F8013F9A4203D1A04201D0002A7D
:10315000F5D1D01A10BD1046FCE710B50139034671
:1031600032B111F8014F03F8014B013A002CF7D1AD
:103170001A440021934200D110BD03F8011BF9E766
:1031800038B511F0FF0403460ED12146BDE83840A2
:10319000FFF7B3BF431C054621461846FFF7ADFFB6
:1031A0000028F7D1284638BD0025F5E770B503465D
:1031B0001E4613F8014B3CB14A1E01E0A542F7D070
:1031C00012F8015F002DF9D1301A70BD1F2938B5F2
:1031D00005460C4604D9162303604FF0FF3038BD76
:1031E000C26B12B152F821304BB9284600F064F896
:1031F000224601462846BDE8384000F04BB8012B76
:103200000AD0591C03D1162303600120E7E70021EF
:1032100042F82410204698470020E0E7024B014680
:103220001868FFF7D3BF00BF6003002038B5064D14
:103230000023044608462B60E4F70CFC431C02D133
:103240002B6803B1236038BDB837002038B5074D6F
:1032500004460846114600222A601A46E4F704FC98
:10326000431C02D12B6803B1236038BDB83700205E
:1032700038B5074D04460846114600222A601A4612
:10328000E4F7F4FB431C02D12B6803B1236038BD83
:10329000B837002038B5074D0023044608461146CC
:1032A0002B60E4F7E7FB431C02D12B6803B12360DA
:1032B00038BD00BFB8370020E4F7E4BB38B5064D91
:1032C0000023044608462B60E4F7A6FB431C02D10A
:1032D0002B6803B1236038BDB837002038B5074DDF
:1032E00004460846114600222A601A46FBF770FE83
:1032F000431C02D12B6803B1236038BDB8370020CE
:10330000014B1868704700BF6003002070B50D4D79
:103310000D4C641BA4100026A64209D10B4D0C4C89
:1033200001F0FCFE641BA4100026A64205D170BD6E
:1033300055F8043B98470136EEE755F8043B9847AB
:103340000136F2E71CFC02081CFC02081CFC020807
:1033500054FC0208704770477047034611F8012B70
:1033600003F8012B002AF9D170470A44914200F179
:10337000FF3300D1704710B511F8014B03F8014F2E
:103380009142F9D110BD000001490020704700BFF3
:103390000000F87F004870470000C07F1FB514464A
:1033A0001A46094B1B680546D86854B9074B1C469A
:1033B000CDE9013400912B46054901F0FBFBFEF7F6
:1033C00039FC044BF4E700BF60030020BF70020823
:1033D000ACF902089FF9020838B50546002941D02A
:1033E00051F8043C0C1F002BB8BFE418FEF7E2FCB8
:1033F0001D4A136833B9636014602846BDE838403D
:10340000FEF7DEBCA34208D9206821188B4201BF19
:1034100019685B6809182160EDE71A465B680BB113
:10342000A342FAD911685018A0420BD12068014478
:10343000501883421160E0D118685B6853600844FB
:103440001060DAE702D90C232B60D6E72068211838
:103450008B4204BF19685B68636004BF0918216070
:103460005460CAE738BD00BF783600200369B3EB6B
:10347000611F2DE9F0434FEA611204DC0023036170
:103480000023436130E000F1140411F01F0104EB4C
:10349000830604EB82050CD100F110072946B142E6
:1034A00030D39B1A9B00EA1E964238BF0023234468
:1034B00015E054F82270C1F12008CF4005F1040E48
:1034C000A1467645F44611D89A1A9200043A01357D
:1034D000AE4238BF0022A318A75007B104331A1B0D
:1034E0009210A3420261CBD0BDE8F083DCF800C0AB
:1034F0000CFA08FC4CEA070749F8047B5EF8047BE9
:10350000CF40DEE751F804CB47F804CFC7E7A0F17E
:103510003003092B02D82038C0B27047A0F16103F4
:10352000052B01D84738F7E7A0F14103052B01D857
:103530002738F1E7002070472DE9F04F85B08A4623
:1035400002930B68019090469C1CA14614F8010B55
:103550003028FAD0A9EB0303A3F1020BFFF7D7FF42
:103560000546002868D1A04901224846FFF7E3FD3F
:103570000746002867D199F801002646FFF7C7FFE4
:10358000002862D0234618783028994603F10103B9
:10359000F9D0FFF7BCFFB0FA80F56D094FF0010BD1
:1035A0004A46164601323078FFF7B1FF0028F8D1BD
:1035B0008D4901223046FFF7BEFD00283FD144B9B6
:1035C000741C2246164601323078FFF7A0FF00280F
:1035D000F8D1A41BA700337803F0DF03502B3ED1B2
:1035E00073782B2B33D02D2B34D0711C002408780A
:1035F000FFF78DFF431EDBB2182B30D8A0F110026D
:1036000011F8010FFFF783FF00F1FF3C5FFA8CFC1C
:10361000BCF1180F4FF00A031ED904B152421744EF
:10362000CAF80010EDB1BBF1000F0CBF0625002554
:10363000284605B0BDE8F08F00252C46B0E7002CE9
:10364000C7D12746C7E74E462F460125C3E70024CA
:10365000B11CCCE70124FBE703FB0200CEE73146B7
:10366000DEE7A6EB0903013B2946072B0ADC01989C
:1036700000F046FA044640B95C4B0246E4215C483F
:10368000FFF78CFE01315B10EFE700F1140A002315
:1036900055469B46B14537D345F804BBA5EB0A0513
:1036A000AD102561584600F01DFB6D01D8F8006093
:1036B0002D1AB54254DDAD1B2946204600F0ABFE65
:1036C000814678B16B1E591103F01F025AF8211080
:1036D0004FF0010909FA02F20A4203D04B4536DCE9
:1036E0004FF0020929462046FFF7C0FE2F44D8F8C4
:1036F0000830BB4242DA0198214600F041FA0E9AA6
:1037000000231360A32593E716F8012D2E2A12D06B
:10371000202B04D145F804BB4FF0000B5B463078FA
:103720000393FFF7F4FE039B00F00F0098404BEA71
:10373000000B0433AEE7B145EAD82B4903930122CD
:103740003046FFF7F8FC039B0028E1D1A2E7A91E51
:10375000204600F060FE0028C2D04FF00309C1E708
:1037600009DA751B214601982A4600F025FC7F1BCB
:10377000044600F1140A4FF00009B8E7D8F80450E5
:10378000BD426FDDED1BAE4234DCD8F80C30022BAD
:1037900022D0032B24D0012B15D1AE4213D1012E00
:1037A0000BD1029AD8F80430136001232361CAF8C0
:1037B00000300E9B62251C603AE7711E204600F027
:1037C0002AFE0028EDD10198214600F0D9F90E9A81
:1037D0000023136050252BE70F9B002BF3D1E0E76C
:1037E0000F9B002BDDD1EEE75B7C0208DBF90208C2
:1037F000ECF902086F1EB9F1000F30D127B139463C
:10380000204600F008FE81467A1101235AF8222052
:1038100007F01F07BB4013422946204618BF49F056
:103820000209FFF723FED8F80470761B0225B9F1D0
:10383000000F47D0D8F80C30022B15D0032B17D02F
:10384000012B09D119F0020F06D0DAF8003049EA4D
:10385000030919F0010F0ED145F0100532E04FF0C9
:103860000109D1E70125E2E70F9BC3F101030F93A3
:103870000F9B002BF0D0D4F810B004F114034FEAE2
:103880008B0A03EB8B014FF0000C184653F8042B06
:10389000B2F1FF3F1BD001320260022D04F114038C
:1038A0003CD1D8F80020013AB24209D1711101226D
:1038B00053F8213006F01F0602FA06F61E423AD1EE
:1038C00045F020050E9B1C60029B1F60B0E69942EC
:1038D00043F804CCD9D8A3689B4517DB61680198ED
:1038E000013100F00DF9814618B91A4B02468421C6
:1038F000C5E62269023204F10C0192000C30FFF798
:1039000034FD2146019800F03BF94C4623695A1CCE
:1039100004EB8303226101225A61BEE722695A4502
:103920000BDD01212046FFF7A1FDD8F80830013753
:10393000BB42FFF6E0AE0125C2E716F01F06FAD043
:103940005344C6F1200653F8040C00F0CBF9B04202
:10395000E7DBF0E7DBF90208C2F10802920070B57C
:10396000C2F120064368046803FA06F52C43D340ED
:10397000046040F8043F8842F4D370BD30B503685A
:10398000013311F8014B14B90360012030BD13F865
:10399000012BA2F14105192D98BF2032A242F0D08F
:1039A0000020F3E72DE9F04F0B6801685E1102EB90
:1039B000860613F01F0387B018BF04360025371F93
:1039C00082469046019346F8045CB9463C4602950F
:1039D000AB464A784B1C039342B3104605910492C0
:1039E000FFF795FD002851D1049A0599202A18D88F
:1039F000029B9B4513DD4C4506D2072D04DC2A466D
:103A000049462046FFF7A8FF444552D90023A4F1B8
:103A1000040944F8043CCDF808B04C461D4603990F
:103A2000D7E7292A57D10231CAF80010BBF1000F9D
:103A300051D04C4506D2072D04DC2A464946204683
:103A4000FFF78AFF444536D9A8F10402234653F80C
:103A5000041B42F8041F9F42F9D23B1B23F00303CF
:103A600004330134033EB44288BF0423434400229C
:103A700043F8042B9F42FBD23B681BB9474528D132
:103A800001233B60052007B0BDE8F08F0135082D0C
:103A90000BF1010B06DD4445C1D9002344F8043C79
:103AA0000125043C226800F00F0040EA021020606B
:103AB000B5E70825B3E7019B002BDDD0C3F1200358
:103AC0004FF0FF32DA4056F8043C134046F8043C0D
:103AD000D2E7043FD0E70420D5E782B001B901A9BD
:103AE00042B14BB113780B601278101E18BF012041
:103AF00002B070471046FBE76FF00100F8E70000E6
:103B000070B5C66904460D4676B91020FEF7A0F8D8
:103B10000246E06120B9184B18486B21FFF73EFCC4
:103B2000C0E901660660C660E669F36883B1E369CF
:103B3000DB6853F82500B8B9012101FA05F6721DBA
:103B40009200204601F048F860B1C0E901560EE04D
:103B500021220421204601F03FF8E369F060DB6890
:103B6000002BE4D1002070BD026843F8252000231B
:103B7000C0E90333F7E700BFABF7020869FA0208B0
:103B800070B5C66905460C4676B91020FEF760F898
:103B90000246E86120B9094B09488F21FFF7FEFB77
:103BA000C0E901660660C6603CB1EB696268DB682B
:103BB00053F82210216043F8224070BDABF7020891
:103BC00069FA02082DE9F0410D6907460C461E46C8
:103BD00001F1140C0020DCF8003099B202FB016105
:103BE0001E0C0B0C02FB063389B2013001EB0341C2
:103BF00085424CF8041B4FEA1346ECDC0EB3A36875
:103C0000AB4219DC616838460131FFF779FF804625
:103C100028B902460C4B0D48BA21FFF7BFFB2269B9
:103C2000023204F10C0192000C30FFF79EFB21469A
:103C30003846FFF7A5FF444604EB850301355E6176
:103C400025612046BDE8F081DBF9020869FA020827
:103C50002DE9F8430C4615461F460922083306464F
:103C600093FBF2F3002101229A4209DB3046FFF771
:103C700047FF40B90246194B1948D321FFF78EFB85
:103C800052000131F0E7089B4361092D4FF0010319
:103C9000036116DD04F10909C8462C4418F8013BFC
:103CA0000146303B0A223046FFF78CFFA045F5D194
:103CB000A5F108044C442D1B6319BB4204DBBDE88D
:103CC000F8830A340925F6E714F8013B0146303B36
:103CD0000A223046FFF776FFEEE700BFDBF9020865
:103CE00069FA0208B0F5803F034636BF030400209E
:103CF0001020B3F1807F3CBF1B020830B3F1805F1E
:103D00003CBF1B010430B3F1804F03D3002B0ADB0F
:103D1000013070479B0001D5023070475B0001D530
:103D200003307047202070470368024613F00700F5
:103D30000BD0D90721D4980749BF5B089B08012005
:103D400013605CBF13600220704799B209B91B0C65
:103D50001020D9B209B908301B0A190704BF1B0982
:103D60000430990704BF9B080230D90703D45B08CD
:103D700000F1010003D0136070470020704720203D
:103D80007047000010B50C460121FFF7B9FE02464E
:103D900028B9054B054840F24511FFF7FFFA01230A
:103DA0004461036110BD00BFDBF9020869FA020833
:103DB0002DE9F04F14460A6923699A42A8BF2346A9
:103DC0000F46A4BF0C461F46D4F810A0D7F8109099
:103DD000A36861680AEB0906B34285B0B8BF013138
:103DE000FFF78EFE30B90246444B45484FF4B1719F
:103DF000FFF7D4FA00F1140505EB86082B460022E4
:103E0000434521D307F1140104F1140202EB8A02A5
:103E100001EB89030293131B153B23F003030433C7
:103E200004F11507BA4238BF04230193029B0391A2
:103E30008B420CD8002E03DD58F8043D002B5AD0DD
:103E4000066105B0BDE8F08F43F8042BD8E7B1F860
:103E500000A0BAF1000F23D004F1140EA9464FF0D0
:103E6000000C5EF8047BD9F800301FFA87FB9BB288
:103E70000AFB0B336344D9F800C03F0C4FEA1C4CDB
:103E80000AFB07C707EB13479BB243EA0743724598
:103E900049F8043B4FEA174CE3D8019B45F803C0AF
:103EA000039BB3F802900431B9F1000F21D02B68C5
:103EB00004F1140CAE464FF0000ABCF800B0BEF896
:103EC000027009FB0B7757449BB243EA07434EF855
:103ED000043B5CF8043B4FEA134ABEF8003009FB90
:103EE0000A3303EB174362454FEA134AE5D8019FB3
:103EF000EB5104359AE7013E9CE700BFDBF902086D
:103F000069FA02082DE9F843154612F00302074644
:103F10000E4607D0254C013A002354F82220FFF723
:103F200051FE0646AD103DD0FC697CB91020FDF76E
:103F30008FFE0246F86128B91D4B1E4840F2B311AE
:103F4000FFF72CFAC0E901440460C460D7F81C8074
:103F5000D8F808404CB940F271213846FFF712FFFB
:103F60000023C8F80800044603604FF00009EB077F
:103F70000AD5314622463846FFF71AFF31468046B9
:103F80003846FFF7FDFD46466D100BD0206838B966
:103F9000224621463846FFF70BFF2060C0F800900C
:103FA0000446E4E73046BDE8F88300BFE0FA0208C3
:103FB000ABF7020869FA02082DE9F0470C46496898
:103FC000236903EB6218A368074691464FEA621A19
:103FD00008F10106B3420BDB3846FFF791FD0546B9
:103FE00048B90246284B29484FF4EF71FFF7D6F93C
:103FF00001315B00EEE7002300F1140100F1100233
:104000001846534533DB20692AEAEA7A04F114039F
:1040100019F01F0901EB8A0103EB800C2BD0C9F1C9
:10402000200E8A460022186800FA09F010434AF868
:10403000040B53F8042B9C4522FA0EF2F3D8ACEB98
:104040000403153B23F00303043304F115008445F6
:1040500038BF0423CA500AB108F10206013E3846AF
:104060002E612146FFF78CFD2846BDE8F08742F817
:10407000040F0133C5E7043953F8042B41F8042F2A
:104080009C45F9D8EAE700BFDBF9020869FA0208A3
:104090000A6903460069801A30B50ED11433143111
:1040A00003EB820401EB820154F8045D51F8042D06
:1040B000954203D005D24FF0FF3030BDA342F3D379
:1040C000FBE70120F9E700002DE9F74F8946064696
:1040D000114648461446FFF7DBFF051E12D129465C
:1040E0003046FFF70DFD024628B93E4B40F237211E
:1040F0003D48FFF753F90123C0E90435104603B0EA
:10410000BDE8F08FBCBF4B46A1463046D9F804103D
:10411000BABF1C4601250025FFF7F2FC024618B97C
:10412000304B40F24521E3E7D9F810702669C560AD
:1041300009F1100309F1140504F1140E00F1140B38
:1041400005EB87080EEB86060193D9464FF0000C6D
:10415000019B5EF8040B53F804AF019381B21FFA80
:104160008AF35B1A000C6344C0EB1A4000EB234057
:104170009BB243EA0043764549F8043B4FEA204CA2
:10418000E6D8331B153B23F0030315340433A64252
:1041900038BF04231D445B441E462C4644450ED3C1
:1041A00008F10301491B21F00301033DA84538BF75
:1041B00000210B4453F8041D91B117619EE754F898
:1041C000041BE646080C1CFA81FC714400EB2C40F1
:1041D00089B241EA004146F8041B4FEA204CDDE772
:1041E000013FE7E7DBF9020869FA02080E4B0B40D2
:1041F000A3F15073002B08DC5B42B3F1A07F4FEAC0
:10420000235204DA4FF400231341002208E0A2F104
:1042100014031E2BDABF4FF00042DA4001220023C4
:1042200019461046704700BF0000F07F0269F8B5DC
:1042300000F1140606EB8202204F52F8044C20468F
:10424000FFF750FD03460A2BC0F12000A2F1040540
:10425000086013DCAE4238BF52F8082CC3F10B0CD7
:1042600028BF0022153324FA0CFE04FA03F322FAC5
:104270000CF24EEA07011A431046F8BDAE4236BFB3
:10428000A2F10805002252F8082C0B3B12D0C3F112
:10429000200722FA07F19C400C43B54244F07F51BD
:1042A0008CBF55F8044C00249A40FC4041F4401166
:1042B0002243E1E744EA0701DEE700BF0000F03FE8
:1042C0002DE973430121089E90469946FFF718FC9B
:1042D000044630B90246244B244840F20F31FFF720
:1042E0005DF8C9F30A55C9F313030DB143F4801304
:1042F0000193B8F1000324D068460093FFF714FD42
:10430000DDE90012D8B1C0F1200302FA03F30B4338
:10431000C24063610192019BA361002B0CBF01228B
:1043200002222261ADB1A5F2334505443560C0F1EA
:104330003500099B1860204602B0BDE870836161BA
:10434000E9E701A8FFF7F0FC019B6361203001223F
:10435000E7E704EB8203A0F2324030601869FFF710
:10436000C1FCC0EB4210E4E7DBF9020869FA02087D
:104370002DE9F04F85B0CDE9001002A9FFF756FFF7
:104380008B4606460F46009803A9FFF74FFF019B97
:1043900089460D461969009B1B69C91ADDE902327D
:1043A0009B1A03EB4113002BCDBF3A46C3EB0333FB
:1043B0002A4602EB035BD8BF02EB035904462246B0
:1043C0004B4630465946DCF7A1F905B0BDE8F08F01
:1043D000013970B549111469013102F1140300EB80
:1043E000810103EB8404051FA3420CD3A31A113BE4
:1043F00023F003031132A24288BF00231844002394
:10440000884205D370BD53F8046B45F8046FEBE7A1
:1044100040F8043BF4E700F1140200694B119842A4
:1044200010B511DB0ADD11F01F0107D052F823404F
:1044300024FA01F000FA01F18C420BD102EB830364
:10444000934203D8002010BD0346F7E753F8041D3C
:104450000029F5D00120F6E751F8043C181F002B85
:10446000BCBF0B58C01870470346084641B1FF2A2D
:1044700004D98A221A604FF0FF3070470A70012079
:1044800070472DE9F0478E681F46BE420B68824692
:104490000C4690462DD8B1F90C2012F4906F26D01E
:1044A0006569096905EB4505A3EB010905EBD575C0
:1044B0007B1C4B446D109D4238BF1D46530527D5CC
:1044C0002946FDF7F7FB064660B321694A46FEF729
:1044D0004CFFA38923F4906343F08003A3812661FA
:1044E00065614E44A5EB09052660A5603E46BE42C7
:1044F00000D93E46206832464146FEF7DCFDA368FF
:104500009B1BA3602368334423600020BDE8F08731
:104510002A46FDF7CFFC06460028E0D12169504627
:10452000FEF75AFF0C23CAF80030A38943F040037A
:10453000A3814FF0FF30E9E72DE9F04F98468B89D2
:104540001B069DB007460D46144610D50B6973B97E
:104550004021FDF7AFFB2860286130B90C233B6098
:104560004FF0FF301DB0BDE8F08F40236B6100239A
:10457000099320238DF82930CDF80C803023DFF803
:104580009C818DF82A304FF0010923469A4613F892
:10459000012B0AB1252AF9D1BAEB040B0BD05B46EB
:1045A000224629463846FFF76CFF013000F0A7800D
:1045B000099A5A4409929AF80030002B00F09F8023
:1045C00000234FF0FF32CDE905230AF1010A0493DD
:1045D00007938DF853301A935446052214F8011BA3
:1045E0004E48DCF75DFE049AD8B9D00644BF2023BC
:1045F0008DF85330110744BF2B238DF853309AF8B0
:1046000000302A2B15D0079A544600204FF00A0C90
:10461000214611F8013B303B092B4BD9B0B1079231
:1046200014E0A0EB080309FA03F313430493A24632
:10463000D2E7039B191D1B680391002BBBBF5B4294
:1046400042F0020207930793B8BF049223782E2BFF
:104650000AD163782A2B32D1039B1A1D1B6803925F
:1046600043EAE37302340593DFF8B4A02178032210
:104670005046DCF715FE38B1049BA0EB0A0040223F
:10468000824013430134049314F8011B25488DF82C
:1046900028100622DCF704FE002836D0224B1BBB74
:1046A000039B073323F0070308330393099B334429
:1046B00009936AE70CFB02320C460120A8E70023AD
:1046C0000134059319464FF00A0C204610F8012BCF
:1046D000303A092A03D9002BC6D00591C4E70CFB58
:1046E000012104460123F0E703AB00932A460F4B58
:1046F00004A93846AFF30080421C0646D6D1AB89E8
:104700005B063FF52DAF09982CE703AB00932A46D3
:10471000064B04A9384600F079F8EDE7E0FB020803
:10472000E6FB0208EAFB02080000000083440208DE
:104730002DE9F047164698468A680B69DDF8209007
:104740009342B8BF1346336091F8432007460C46A6
:104750000AB1013333602368990642BF33680233DC
:104760003360256815F0060506D104F1190AE368DF
:1047700032689B1AAB4226DC94F843302268003B37
:1047800018BF012392062BD404F143024146384658
:10479000C84701301ED02368226903F00603042BAA
:1047A00002BFE5683368ED1AA3680CBF25EAE5751A
:1047B00000259342C4BF9B1AED1800261A34B54257
:1047C0001AD1002008E00123524641463846C84726
:1047D000013003D14FF0FF30BDE8F0870135C6E767
:1047E000E1185A1C302081F84300224494F8451007
:1047F00082F843100233C7E7012322464146384678
:10480000C8470130E6D00136D9E700002DE9FF475F
:104810000F7E0C9E782F914680460C469A4601F1F9
:10482000430207D8622F0AD8002F00F0DD80582FEE
:1048300000F0C38004F1420684F842703AE0A7F128
:104840006303152BF6D801A151F823F0A5480208FF
:10485000B9480208354802083548020835480208B8
:1048600035480208B94802083548020835480208A8
:104870003548020835480208CF490208474902086E
:10488000874902083548020835480208F1490208FC
:1048900035480208474902083548020835480208E9
:1048A0008F49020833681A1D1B68326004F1420602
:1048B00084F842300123A8E031682368081D306085
:1048C0001E0601D50D6803E05D06FBD5B1F9005069
:1048D0006168002D78DA2D20002984F84300A1605A
:1048E0002DDA5E486D420A231646B5FBF3F103FB51
:1048F0001157C75D06F8017D2F46BB420D46F4D91E
:10490000082B0BD12368DF0708D52369616899421A
:10491000DEBF302306F8013C06F1FF36921B226110
:10492000CDF800A04B4603AA21464046FFF700FF02
:1049300001306FD14FF0FF3004B0BDE8F08723F0B5
:1049400004032360CDE721683368080653F8045B4D
:1049500002D4490648BFADB26F2F4048336014BF40
:104960000A230823002184F843106668A660002EFD
:10497000BADB216821F004012160002DB4D1002EA2
:10498000B2D11646BCE7236843F0200323603448C5
:10499000782784F84570236831681F0651F8045B56
:1049A00002D45F0648BFADB23160D90744BF43F0BF
:1049B000200323601DB11023D4E72848E9E72368CA
:1049C00023F020032360F6E724480A23CDE7336869
:1049D00025686169181D30602E061B6801D51960B5
:1049E00002E06806FBD5198000232361164697E78D
:1049F00033681A1D32601E68626800213046DCF799
:104A00004FFC08B1801B606063682361002384F859
:104A1000433085E72369324649464046D047013056
:104A200088D023689B0714D4E068039B9842B8BFE2
:104A3000184681E70123324649464046D0470130B7
:104A40003FF478AF0135E36803995B1AAB42F1DCC0
:104A5000EAE7002504F11906F5E700BFF1FB0208BB
:104A600002FC0208B1F90C20F8B5170705460C4600
:104A700056D44B68002B02DC0B6C002B3DDDE66A44
:104A8000002E3AD0002312F480522F68216A2B6046
:104A900025D0626DA389580705D56368D21A636B68
:104AA0000BB1236CD21A216AE66A00232846B0476C
:104AB000411C24D00023636023692360A389DA04A6
:104AC00000D56065616B2F60B9B104F14403994270
:104AD00002D02846FEF780FC002363630DE001232B
:104AE0002846B047461C0246D4D12B68002BD1D0B3
:104AF0001D2B01D0162B2AD12F6000202EE02A6812
:104B0000B4F90C3042B11D2A01D0162A21D100235C
:104B1000636023692360D5E7626022692260CEE783
:104B20000F69002FE9D093070E6808BF4B690F602B
:104B300018BF0023F61B8B60002EDEDD216AD4F83F
:104B400028C033463A462846E047002807DCB4F937
:104B50000C3043F04003A3814FF0FF30F8BD074411
:104B6000361AE9E738B50B6905460C4613B9002536
:104B7000284638BD18B1036A0BB9FEF761F9B4F9DC
:104B80000C30002BF3D0626ED00704D4990502D408
:104B9000A06DFEF7E0FB28462146FFF763FF636E3A
:104BA000DA070546E4D4A3899B05E1D4A06DFEF79E
:104BB000D3FBDDE70EB403B5014603AB054853F85C
:104BC000042B0068019300F043F802B05DF804EB99
:104BD00003B070476003002070B5A1FB02543CB9DC
:104BE0002946FDF767F8064628B90026304670BD0D
:104BF0000C220260F9E72A462146FEF776FAF5E72D
:104C00009368013B002B10B4936007DA9469A342C8
:104C100001DB0A2902D110BC00F032B91368581C1C
:104C200010601970084610BC7047F8B506460F466C
:104C30001446D518AC4201D1002007E014F8011B3E
:104C40003A463046FFF7DCFF431CF3D1F8BD0000C5
:104C50002DE9F04F0D469DB014469846064618B112
:104C6000036A0BB9FEF7ECF86B6ED90705D4AB8974
:104C70009A0502D4A86DFEF76EFBAB891B0701D520
:104C80002B699BB92946304600F038F970B16B6E3C
:104C9000DC0704D54FF0FF301DB0BDE8F08FAB89C5
:104CA0009805F7D4A86DFEF757FBF3E700230993A7
:104CB00020238DF82930CDF80C803023DFF8AC812B
:104CC0008DF82A304FF0010923469A4613F8012B3C
:104CD0000AB1252AF9D1BAEB040B0BD05B46224668
:104CE00029463046FFF7A1FF013000F0A780099A5E
:104CF0005A4409929AF80030002B00F09F8000235C
:104D00004FF0FF32CDE905230AF1010A049307931E
:104D10008DF853301A935446052214F8011B53485A
:104D2000DCF7BEFA049AD8B9D10644BF20238DF827
:104D30005330130744BF2B238DF853309AF80030BB
:104D40002A2B15D0079A544600204FF00A0C214612
:104D500011F8013B303B092B4BD9B0B1079214E05D
:104D6000A0EB080309FA03F313430493A246D2E726
:104D7000039B191D1B680391002BBBBF5B4242F0D4
:104D8000020207930793B8BF049223782E2B0AD10F
:104D900063782A2B32D1039B1A1D1B68039243EAC6
:104DA000E37302340593DFF8C8A02178032250464C
:104DB000DCF776FA38B1049BA0EB0A00402282406F
:104DC00013430134049314F8011B2A488DF828106A
:104DD0000622DCF765FA00283FD0274B1BBB039B5C
:104DE000073323F0070308330393099B3B440993DC
:104DF0006AE70CFB02320C460120A8E700230134CD
:104E0000059319464FF00A0C204610F8012B303A52
:104E1000092A03D9002BC6D00591C4E70CFB012158
:104E200004460123F0E703AB00932A46134B04A981
:104E30003046AFF300800746781CD6D16B6ED90799
:104E400005D4AB899A0502D4A86DFEF785FAAB8923
:104E50005B063FF51FAF09981EE703AB00932A4698
:104E6000064B04A93046FFF7D1FCE4E7E0FB02085B
:104E7000E6FB0208EAFB0208000000002B4C0208D7
:104E8000F8B50E461446054618B1036A0BB9FDF78E
:104E9000D7FFA369A360A3891A0701D5236943B982
:104EA0002146284600F02AF818B14FF0FF3738465F
:104EB000F8BD23682269981A6369F6B283423746BF
:104EC00005DC21462846FFF74DFE0028EDD1A368FA
:104ED000013BA36023685A1C22601E706269431C58
:104EE0009A4204D0A389DB07E1D50A2EDFD12146FF
:104EF0002846FFF737FE0028D9D0D6E738B5294B2A
:104F0000054618680C4618B1036A0BB9FDF798FFFF
:104F1000B4F90C30190722D4DA0607D409222A6022
:104F200043F04003A3814FF0FF3033E0580712D520
:104F3000616B41B104F14403994202D02846FEF767
:104F40004BFA00236363A38923F02403A381002386
:104F5000636023692360A38943F00803A381236965
:104F60004BB9A38903F42073B3F5007F03D0214626
:104F7000284600F03FF8B4F90C3013F001020AD0D3
:104F80000022A26062695242A261226942B913F012
:104F90008000C5D138BD990758BF6269A260F4E7A7
:104FA0000020F7E76003002070B50C46B1F90E1041
:104FB000002996B015461E460DDAA38913F0800F1E
:104FC0004FF0000114BF40234FF480630020316094
:104FD0002B6016B070BD6A4600F048F80028ECDB84
:104FE000019901F47041A1F50053594259414FF420
:104FF0008063EBE78B89F7B59D0706460C4607D51E
:1050000004F14703236023610123636103B0F0BD12
:1050100001AB6A46FFF7C8FF009F05463946304698
:10502000FCF748FE48B9B4F90C309A05EED423F0E9
:10503000030343F00203A381E2E7A389206043F066
:105040008003A381019BC4E904075BB1B4F90E108E
:10505000304600F01DF828B1A38923F0030343F084
:105060000103A381A3891D43A581CFE738B5074D6F
:1050700000230446084611462B60E2F7EEFC431C71
:1050800002D12B6803B1236038BD00BFB8370020C0
:1050900038B5064D0023044608462B60E2F7E2FCD3
:1050A000431C02D12B6803B1236038BDB837002000
:1050B00038B50022002304460D46DBF76FFC28B903
:1050C00020462946BDE8384000F00AB8204605F1E0
:1050D000004100F005F8404261EB410138BD00BFDE
:1050E000D0B50C4B002206460F46DBF7E5F9DBF79F
:1050F000BBFC0446DBF766F9074B0022DBF7DCF963
:1051000002460B4630463946DBF71EF8DBF7ACFCAF
:105110002146D0BD0000F03D0000F041F8B500BFD1
:10512000F8BC08BC9E467047F8B500BFF8BC08BC88
:045130009E467047E0
:105138000000000001000000020000000200000062
:1051480000000000010000000000FFFF00008000D8
:105158000000000008000800000000000000000037
:10516800E8030000FFFFFFFFFFFFFFFFFFFFFFFF58
:10517800FFFFFFFFFFFFFFFF0000D9430000FA42D7
:105188000907120A080000000000D9439A999940BB
:105198000000A0400000FA420A0010000000D943B5
:1051A8009A9999400A000000FFFFFFFF00000000E5
:1051B800800100008001000012AD101B00000000FB
:1051C80001010000010001000000010001000000D1
:1051D8005000B00018017801B0021803C805300665
:1051E800300C980C000000003500420055006B00A0
:1051F8008400AB00D70008015601AE011002AC02D2
:105208005C0320045805B5063C08AC0A640D6B1015
:105218000400000000000158020D00000900000011
:1052280000380040120300000F0000000030014069
:1052380012050000190000000038004012050000A7
:10524800FFFFFFFF00000000000000000500000055
:1052580000000158020D000009000000003800405D
:105268001205000013000000003001401205000084
:105278001A00000000380040120500001D00000060
:105288000038004012050000FFFFFFFF000000008B
:10529800000000000600000000000158020D000098
:1052A8001400000000300140120500001E0000003C
:1052B8000038004012050000FFFFFFFF000000005B
:1052C800000000000700000000000158020D000067
:1052D8000A00000000380040120500001F0000000E
:1052E800003800401205000021000000003800408E
:1052F80012030000FFFFFFFF000000000000000095
:10530800140000000038014012070000FFFFFFFFF3
:1053180000000000000000001300000000380140F9
:1053280012070000FFFFFFFF000000000000000060
:105338000300000000800040120800000301000084
:1053480000440040120700000A0000000038014035
:105358001207000017000000003801401207000083
:105368001A00000000800040120800002000000021
:105378000080004012080000FFFFFFFF000000004F
:105388000000000002000000008000401208000039
:10539800020100000044004012070000090000005C
:1053A80000380140120700001600000000380140D4
:1053B80012070000210000000080004012080000D1
:1053C800FFFFFFFF000000000000000000000000D9
:1053D80000000040128100000200000000000040B0
:1053E80012810100030000000000004012010200C9
:1053F80009000000002C0140120101000A00000011
:10540800002C0140128101000F0000000000004044
:10541800128100001300000000000040120101008A
:105428001600000000440140128E10001700000012
:1054380000480140128E100019000000002C0140A5
:10544800128111001901000000480140128E00006D
:105458001A00000000000040128101001D00000039
:10546800002C0140128110001E000000002C014099
:10547800120111001F000000002C014012811100D0
:10548800FFFFFFFF0000000000000000090000000F
:10549800005400400A0400001600000000540040B8
:1054A8000A0400001A000000005C00400A04000022
:1054B8001D000000005C00400A0400001F000000FE
:1054C800005800400A04000020000000005C004072
:1054D8000A040000FFFFFFFF0000000000000000BA
:1054E8000A000000005400400A0400000F000000F9
:1054F800005800400A04000014000000005C00404E
:105508000A04000017000000005400400A040000CC
:1055180019000000005400400A0400001E000000AA
:10552800005C00400A04000021000000005C00400C
:105538000A040000FFFFFFFF000000000000000059
:105548000A0000000074004003800000FFFFFFFF16
:1055580000000000000000000A00000000240140D4
:10556800030003000D000000002401400380040034
:105578000E00000000240140030005000F00000099
:1055880000240140038005001300000000240140AE
:105598000300010014000000002401400380010002
:1055A8001D00000000240140030000001E00000050
:1055B8000024014003800000FFFFFFFF00000000FF
:1055C80000000000070000000B0000000D000000B4
:1055D80011000000120000000E0000000F00000083
:1055E800100000000000000002000000030000009E
:1055F8002100000020000000160000001700000035
:105608000F0000001F000000090000001A00000041
:105618001D000000190000001E0000000A00000024
:105628000E0000000D000000130000001400000030
:105638001500000004000000050000001000000034
:105648002F0000002E0000000700000006000000E8
:10565800010002000400060008000A000C00100007
:105668002000400080000001020104030204081029
:105678000400400000040000001000B0002000B446
:10568800004000B801000000020000040400000807
:105698000800000C10000010200000144000001842
:1056A8008000001C000100200002002400040028E3
:1056B8000008002C001000300020003400400038A2
:1056C8000080003C0000014000000244010000008E
:1056D80002000000040000000800000010000000A4
:1056E80020000000400000008000000000010000D1
:1056F8000002000000040000000800000010000084
:1057080000200000004000000080000001000000B0
:105718000200000004000000080000001000000063
:105728002000000040000000800000000001000090
:105738000002000000040000000800000010000043
:10574800002000000040000000800000A08601004A
:10575800400D0300801A060000350C0040420F007F
:1057680080841E0000093D0000127A000024F40025
:1057780000366E010048E801006CDC020000000001
:105788000000000000000000000000000000000011
:105798000000000000000000000000000100000000
:1057A80002000000030000000400000001000000E7
:1057B80003000000050000000100000001000000D7
:1057C800060000000A00000020000000020000009F
:1057D8000400000008000000100000004000000065
:1057E800800000000001000000020000010002002B
:1057F8000400060008000A000C0010002000400009
:105808008000000176312E31362E302D303761334D
:105818006361390030362D4A756E2D3230323600CC
:105828007265706561746572007B227265637622A9
:105838003A25752C2273656E74223A25752C2266DA
:105848006C6F6F645F7478223A25752C22646972D4
:105858006563745F7478223A25752C22666C6F6FC5
:10586800645F7278223A25752C22646972656374C4
:105878005F7278223A25752C22726563765F6572AD
:10588800726F7273223A25757D00253032643A258D
:105898003032643A25303264202D2025642F256467
:1058A8002F25642055005F6D61696E002F7061635C
:1058B8006B65745F6C6F670025733A25643A2564DD
:1058C800002D6E6F6E652D007B226E6F6973655FAC
:1058D800666C6F6F72223A25642C226C6173745F58
:1058E80072737369223A25642C226C6173745F7336
:1058F8006E72223A252E32662C2274785F616972A4
:105908005F73656373223A25752C2272785F61692B
:10591800725F73656373223A25757D007B2262612D
:1059280074746572795F6D76223A25752C227570CC
:1059380074696D655F73656373223A25752C2265FA
:1059480072726F7273223A25752C227175657565AE
:105958005F6C656E223A25757D0044003A205258E6
:105968002C206C656E3D25642028747970653D2572
:10597800642C20726F7574653D25732C20706179D5
:105988006C6F61645F6C656E3D25642920534E52CF
:105998003D256420525353493D25642073636F723B
:1059A800653D256400205B25303258202D3E20259A
:1059B8003032585D0A003A2054582C206C656E3DF0
:1059C80025642028747970653D25642C20726F75D4
:1059D80074653D25732C207061796C6F61645F6C10
:1059E800656E3D256429003A205458204641494CAB
:1059F800212C206C656E3D25642028747970653DE6
:105A080025642C20726F7574653D25732C20706198
:105A1800796C6F61645F6C656E3D2564290A007757
:105A2800696F2D65352D6D696E69205265706561E8
:105A3800746572004C56534954414E4F53004F4BB6
:105A4800202D206C6F616465642025642072656771
:105A5800696F6E73007365747065726D20004572AE
:105A680072202D2062616420706172616D73004F35
:105A78004B00457272202D20696E76616C69642036
:105A8800706172616D7300457272202D20626164CD
:105A9800207075626B6579006765742061636C00BE
:105AA80041434C3A00253032582000646973636FD3
:105AB8007665722E6E65696768626F7273004572EB
:105AC80072202D20646973636F7665722E6E656926
:105AD8006768626F727320686173206E6F206F70E1
:105AE80074696F6E73004F4B202D20446973636F88
:105AF8007665722073656E740025730A25730A250E
:105B080073000000000000000000000091B90008C8
:105B1800057B000831910008E191000859920008BE
:105B28007D7C0008A17A0008CD7C000833B4000809
:105B38006FAA0008A77A0008AD7A0008897A0008D9
:105B4800C57E0008AD92000873830008CF83000863
:105B5800B97A0008077B00086D7B000839A00008A7
:105B6800917A0008257D0008D78B0008299700083E
:105B7800937A00083D8C0008957A0008FFB3000866
:105B8800977A0008997A0008C17A0008D17A000843
:105B9800E17A0008897E00089D7B0008197E0008CC
:105BA80063980008F17B0008197C0008F17A000866
:105BB800717E000881A20008057E00087988000827
:105BC800A37D0008DD8A0008F9890008417C0008E7
:105BD800677D00082D7E00089B7E0008FD7A00087E
:105BE800457E00083D7B000838FFFFFF00000000ED
:105BF800957E0008C97A0008D97A0008E97A000871
:105C0800257E0008A1980008117C0008397C00084E
:105C1800F77A0008817E0008CDA20008117E0008EE
:105C280079890008FD7D0008298B0008658A00082D
:105C3800757C0008017B0008697E0008657B000808
:105C4800E77B00089B7D00083B7E0008BD7E0008BE
:105C58009B7A00089D7A00089F7A00085265706553
:105C6800617465722049443A200020202D3E2000AE
:105C78000000000000000000F1A200080000000081
:105C880000000000D5A2000800000000000000008D
:105C980023A30008F5A200084E6F7420617661699D
:105CA8006C61626C650053656565642057696F2097
:105CB8004535206D696E69004552524F523A20723F
:105CC8006164696F20696E6974206661696C6564D6
:105CD8003A200000000000000000000013A70008A0
:105CE800000000000000000011A7000891A70008AC
:105CF80029210108F93401083F350108493501080F
:105D08005D170108CD480108011E01089D480108DA
:105D1800EB1C01083F280108B1220108111B0108EA
:105D2800FF1A0108E1160108F53D0108753D010853
:105D38008D410108494401085F440108DB1001084E
:105D48007D140108E3410108D93C0108C13E01085E
:105D5800913F01085123010861220108C11D010872
:105D68009D1701089D190108311901085F1B0108D9
:105D78004B1B01084919010879170108451D01083D
:105D88000D1D010839170108F91E0108891B0108B2
:105D980053190108BF1C0108C9100108D1100108D6
:105DA800C9100108D1100108C9100108D110010853
:105DB800A5140108D51A0108B1240108511C0108CD
:105DC8005B1901086512010811120108E93A010876
:105DD800B53B0108D51101089D120108ED12010813
:105DE8002D120108B5120108DB1501080514010878
:105DF8001116010845140108000000000000000009
:105E080019F4000891F40008F9F40008F5A700084F
:105E1800A9F60008BDF500080DF5000859F50008B9
:105E280081A600086DF400082DF500087DF400082F
:105E3800DDA70008E7890008EF890008B9A600086F
:105E4800D1A8000879A6000897890008A1A700082A
:105E5800D1A6000887A6000889A60008000000004F
:105E680000000000D9A60008C7A70008A9A70008D5
:105E78000000000000000000718A000835A6000834
:105E88003DA6000841A6000809A7000879A7000850
:105E980071A7000891A6000881A7000845A6000878
:105EA80047A600084DA600084FA6000853A60008FC
:105EB8008DA6000855A60008B5A6000859A6000832
:105EC8005DA6000861A6000865A600086DA6000882
:105ED80071A600084FA7000800000000000000009D
:105EE8003FA7000805A80008F1A60008F3A60008C7
:105EF800F7A60008FBA60008FFA6000803A70008ED
:105F08000100000000000000000000000000000088
:105F18000000000000000000020000000100000076
:105F28000000000000000000000000000000000069
:105F38000400000000000000010000000000000054
:105F48000000000000000000000000000000000049
:105F58000000000000000000000000000000000039
:105F68001400000015000000FFFFFFFFFFFFFFFF08
:105F7800FFFFFFFF0000000000000000000000001D
:105F88004DAA00084FAA000851AA000853AA000801
:105F980055AA000865AA000875AA00086BAA000897
:105FA8006FAA00085DAA000861AA0008897A00089B
:105FB8007065E18FD9FABB70C1ED90DCA19907DE5D
:105FC800698C88B709EA146EAFD93D9B830C7B6056
:105FD800C4681193C79BBC39945BA8064104BB6194
:105FE8008F8FD7A84A0AF6F57033D6E8DDCD6471ED
:105FF800001EC77175B0918ED206F9AE04EC136D10
:106008006D5D4315BB26305427F645B492E9350C2F
:1060180010000000000000000000000091B9000816
:106028004DAA00084FAA000851AA000853AA000860
:1060380055AA000865AA000875AA000833B4000824
:106048006FAA00085DAA000861AA0008897A0008FA
:10605800DDB30008EFB3000803B40008F3B3000889
:10606800F7B30008FBB30008E1B30008E3B3000886
:10607800917A0008E5B30008E9B30008EBB300081B
:10608800937A0008EDB30008957A0008FFB300087A
:10609800977A0008997A0008303132333435363728
:1060A8003839414243444546002F735F636F6E742D
:1060B80061637473004F4B202D20726570656174A5
:1060C800206973206E6F77204F4646004F4B202D76
:1060D80020726570656174206973206E6F77204F38
:1060E8004E00647574796379636C6520004552527B
:1060F8004F523A20647574796379636C65206D75C5
:10610800737420626520312D313030004F4B202DC3
:106118002025642E256425250061662000696E749B
:106128002E74687265736820006167632E726573E8
:1061380065742E696E74657276616C20004F4B2011
:106148002D20696E74657276616C20726F756E644D
:10615800656420746F202564006D756C74692E6108
:10616800636B732000616C6C6F772E726561642EAF
:106178006F6E6C792000666C6F6F642E6164766553
:1061880072742E696E74657276616C200045727245
:106198006F723A20696E74657276616C2072616EF6
:1061A800676520697320332D31363820686F757222
:1061B80073004572726F723A20696E746572766107
:1061C8006C2072616E67652069732025642D3234F6
:1061D80030206D696E757465730067756573742E0C
:1061E80070617373776F726420007072762E6B65BE
:1061F8007920004F4B2C207265626F6F7420746F8A
:10620800206170706C7921204E6577207075626B03
:1062180065793A20004572726F722C2062616420A1
:106228006B6579006E616D652000726570656174DB
:1062380020004F4B202D207265626F6F7420746FA1
:10624800206170706C79004572726F722C20696ED3
:1062580076616C696420726164696F207061726133
:106268006D73006C617420006C6F6E20007278642E
:10627800656C617920004572726F722C206D7573A0
:106288007420626520302D3230004572726F722C96
:10629800206D75737420626520302D3200666C6F36
:1062A8006F642E6D61782E756E73636F70656420F0
:1062B800004572726F722C206D617820363400664A
:1062C8006C6F6F642E6D61782E61647665727420D0
:1062D80000666C6F6F642E6D61782000646972656A
:1062E80063742E747864656C617920006F776E65CD
:1062F800722E696E666F2000706174682E68617313
:10630800682E6D6F646520004572726F722C206D67
:1063180075737420626520302C312C206F72203206
:10632800006C6F6F702E646574656374200045722D
:10633800726F722C206D7573742062653A206F66D7
:10634800662C206D696E696D616C2C206D6F6465BB
:10635800726174652C206F722073747269637400A3
:10636800747820006672657120006164632E6D7513
:106378006C7469706C69657220004F4B202D207514
:1063880073696E672064656661756C7420626F61FD
:106398007264206D756C7469706C696572004F4B1E
:1063A800202D206D756C7469706C69657220736539
:1063B8007420746F20252E3366004572726F723A0E
:1063C80020756E737570706F7274656420627920C1
:1063D8007468697320626F61726400756E6B6E6FAA
:1063E800776E20636F6E6669673A20004572726F38
:1063F800722C206261642063686172730064757432
:10640800796379636C65003E2025642E2564252513
:10641800006166003E20257300696E742E746872F0
:10642800657368003E202564006167632E7265739A
:1064380065742E696E74657276616C006D756C7426
:10644800692E61636B7300616C6C6F772E72656186
:10645800642E6F6E6C7900666C6F6F642E61647663
:106468006572742E696E74657276616C0067756505
:1064780073742E70617373776F7264007072762E06
:106488006B657900726570656174006C6174006C8D
:106498006F6E003E2025732C25732C25642C2564F3
:1064A80000727864656C617900666C6F6F642E6D3C
:1064B80061782E61647665727400666C6F6F642E05
:1064C8006D61782E756E73636F70656400666C6FAE
:1064D8006F642E6D6178006469726563742E7478D8
:1064E80064656C6179006F776E65722E696E666F90
:1064F80000706174682E686173682E6D6F64650042
:106508006C6F6F702E646574656374003E206F66EF
:1065180066003E206D696E696D616C003E206D6F8E
:10652800646572617465003E2073747269637400F7
:1065380074780066726571007075626C69632E6BA1
:10654800657900726F6C65006272696467652E74A4
:10655800797065006E6F6E6500626F6F746C6F6145
:106568006465722E766572004552524F523A207514
:106578006E737570706F72746564006164632E6DFC
:10658800756C7469706C696572003E20252E3366DF
:10659800007077726D67742E737570706F72740007
:1065A8003E20756E737570706F72746564007077D5
:1065B800726D67742E736F75726365004552524F22
:1065C800523A20506F776572206D616E6167656D14
:1065D800656E74206E6F7420737570706F72746559
:1065E80064007077726D67742E626F6F7472656184
:1065F800736F6E007077726D67742E626F6F746D53
:1066080076003F3F3A20257300457272202D207393
:10661800617665206661696C6564002A0072656749
:10662800696F6E2064656600457272202D20656D65
:106638007074792064656600457272202D20656D3E
:10664800707479206E616D6500457272202D206529
:106658006D707479206A756D7000457272202D20F6
:10666800707574206661696C65643A20257300450D
:106678007272202D20756E6B6E6F776E206A756D45
:10668800703A202573006C6F616400736176650051
:10669800616C6C6F776600457272202D20756E6B89
:1066A8006E6F776E20726567696F6E0064656E79CC
:1066B8006600676574002025732028257329202526
:1066C800730020257320257300686F6D65002068AE
:1066D8006F6D65206973206E6F77202573002068C1
:1066E8006F6D652069732025730064656661756C3C
:1066F80074002064656661756C742073636F7065DF
:10670800206973206E6F77203C6E756C6C3E00209C
:1067180064656661756C742073636F706520697356
:10672800206E6F7720257300457272202D207265C8
:1067380067696F6E207461626C652066756C6C00A9
:106748002064656661756C742073636F7065206979
:106758007320257300457272202D20756E6B6E6F45
:10676800776E20706172656E7400457272202D20FC
:10677800756E61626C6520746F20707574004F4B84
:10678800202D2028666C6F6F6420616C6C6F7765B4
:1067980064290072656D6F766500457272202D2040
:1067A8006E6F7420656D70747900457272202D20AB
:1067B8006E6F7420666F756E6400616C6C6F7765C0
:1067C800640064656E69656400457272202D2075E9
:1067D80073652027616C6C6F77656427206F722062
:1067E8002764656E6965642700457272202D203F15
:1067F8003F00457272006E756C6C00706F77657241
:106808006F66660073687574646F776E00636C6B8F
:106818007265626F6F74006164766572742E7A6552
:10682800726F686F70004F4B202D207A65726F6809
:106838006F70206164766572742073656E74004FA2
:106848004B202D204164766572742073656E740048
:10685800636C6F636B2073796E63004F4B202D2040
:10686800636C6F636B207365743A20253032643A29
:1068780025303264202D2025642F25642F2564209F
:10688800555443004552523A20636C6F636B206342
:10689800616E6E6F7420676F206261636B776172DF
:1068A8006473007374617274206F7461004572724E
:1068B8006F7200636C6F636B0074696D65200028EC
:1068C8004552523A20636C6F636B2063616E6E6F42
:1068D8007420676F206261636B776172647329004B
:1068E8006E65696768626F722E72656D6F76652076
:1068F800004552523A20626164207075626B657976
:106908000074656D70726164696F20004F4B202DB3
:106918002074656D7020706172616D7320666F728E
:10692800202564206D696E73004572726F722C2089
:10693800696E76616C696420706172616D73007054
:10694800617373776F7264206E6F773A2000636C9F
:1069580065617220737461747300284F4B202D2079
:106968007374617473207265736574290046696C69
:10697800652073797374656D2065726173653A205B
:10698800257300257320284275696C643A202573A5
:10699800290073656E736F722067657420007365D4
:1069A8006E736F722073657420006F6B0063616E85
:1069B80027742066696E6420637573746F6D207622
:1069C80061720073656E736F72206C697374006E08
:1069D8006F20637573746F6D207661720025642073
:1069E800766172730A0025733D25730A002E2E2ED8
:1069F800206E6578743A256400706F7765727361EC
:106A080076696E67206F6E00426F617264206E6FE8
:106A18007420737570706F7274656400706F776539
:106A280072736176696E67206F666600706F77654E
:106A380072736176696E67006C6F67207374617238
:106A480074002020206C6F6767696E67206F6E0086
:106A58006C6F672073746F70002020206C6F6767FD
:106A6800696E67206F6666006C6F67206572617378
:106A780065002020206C6F67206572617365640073
:106A8800202020454F460073746174732D70616334
:106A98006B6574730073746174732D726164696FCC
:106AA8000073746174732D636F726500556E6B6E3D
:106AB8006F776E20636F6D6D616E64002F636F6D0D
:106AC8005F7072656673002F6E6F64655F707265C4
:106AD80066730025732F25732E6964002F7265670E
:106AE800696F6E7332005E002573257320460A00B5
:106AF8000000000000000000B5E70008D7E7000824
:106B0800B1E700080BE80008FBE70008FFE700080A
:106B180005E80008CBF00108EDF0010800000000CE
:106B280000000000F3EF000829F0000833F0000827
:106B3800A7EF000839EF0008C9EE0008CDEE0008FD
:106B4800D1EE0008FBEF000851F00008ADEF000897
:106B580025642E25303364000000F0C0000020C1F9
:106B6800000048C1000070C100008CC10000A0C135
:106B7800000000000000000085F8000899F80008EF
:106B8800000000000000000033FB000875FB00084F
:106B9800B1E70008CBFC000819F9000821F9000842
:106BA8003BF90008CBF00108EDF00108A0860100D0
:106BB80080380100C0D4010000007A0DFA005C1290
:106BC800A00F800214000000801A060000E20400F2
:106BD8000053070000008403640014055802FA00FB
:106BE8006400000040420F0000350C00804F120086
:106BF8000000C2013200F40104013C0064000000FE
:106C08000000000000000000710E0108870F010855
:106C1800790F01086B0F01085D0F01081D0F0108AE
:106C28000F0F0108090F0108FD0D0108050F0108E4
:106C3800010F0108EF0E0108890E0108E50E010891
:106C4800970E0108DF0E0108910E0108730E010866
:106C5800950F0108CD0E0108BD0E0108B90E0108F7
:106C6800250E0108E14B01080000000000000000AB
:106C7800E90F0108471001083510010855100108EF
:106C8800ED0F01081D0F01080F0F0108090F01087A
:106C9800FD0D0108050F0108010F0108EF0E01089D
:106CA800890E0108E50E0108970E0108DF0E01089C
:106CB800910E0108730E0108950F0108CD0E010809
:106CC800BD0E0108B90E0108250E0108E14B0108A7
:106CD8000024F40001000000000000000000000093
:106CE800D91001081D12010829210108F9340108E9
:106CF8003F350108493501085D170108CD480108ED
:106D0800011E01089D480108EB1C01083F280108E5
:106D1800B1220108111B0108FF1A0108E116010838
:106D2800F53D0108753D01088D41010849440108F8
:106D38005F440108DB1001087D140108E3410108E4
:106D4800D93C0108C13E0108913F010851230108BF
:106D580061220108C11D01089D1701089D1901083C
:106D6800311901085F1B01084B1B0108491901086B
:106D780079170108451D01080D1D0108391701087B
:106D8800F91E0108891B010853190108BF1C0108D5
:106D9800C9100108D1100108C9100108D110010853
:106DA800C9100108D1100108A5140108D51A010855
:106DB800B1240108511C01085B190108651201087A
:106DC80011120108E93A0108B53B0108D51101087B
:106DD8009D120108ED1201082D120108B5120108D3
:106DE800DB150108051401081116010845140108EE
:106DF8005358313236310000000000000000000016
:106E0800411501084B16010829210108F934010828
:106E18003F350108493501085D170108CD480108CB
:106E2800011E01089D480108EB1C01083F280108C4
:106E3800B1220108111B0108FF1A0108E116010817
:106E4800F53D0108753D01088D41010849440108D7
:106E58005F440108311701087D140108E341010866
:106E6800D93C0108C13E0108913F0108512301089E
:106E780061220108C11D01089D1701089D1901081B
:106E8800311901085F1B01084B1B0108491901084A
:106E980079170108451D01080D1D0108391701085A
:106EA800F91E0108891B010853190108BF1C0108B4
:106EB800D93A0108E13A0108D93A0108E13A01084A
:106EC800D93A0108E13A0108A5140108D51A0108C0
:106ED800B1240108511C01085B190108893A01080D
:106EE800B93A0108E93A0108B53B01082B3701080E
:106EF800431501084913010899150108AD13010844
:106F0800DB150108051401081116010845140108CC
:106F180022FB12001103210011062103220214068C
:106F2800110B120B110E120E11141116220B131540
:106F38002111240D21142116221523154113411462
:106F480033145213611652165316631664167416C8
:106F5800000000000000000099190108DB1C01086E
:106F680029210108F93401083F350108493501088C
:106F78005D170108CD480108011E01089D48010858
:106F8800EB1C01083F280108B1220108111B010868
:106F9800FF1A01083B480108F53D0108753D010845
:106FA8008D410108494401085F4401084748010828
:106FB8004D480108E3410108D93C0108C13E0108D8
:106FC800913F01085123010861220108C11D0108F0
:106FD8009D1701089D190108311901085F1B010857
:106FE8004B1B01084919010879170108451D0108BB
:106FF8000D1D010839170108F91E0108891B010830
:1070080053190108BF1C0108D93A0108E13A0108DF
:10701800D93A0108E13A0108D93A0108E13A0108E8
:1070280029480108D51A0108B1240108511C010892
:107038005B190108893A0108B93A0108E93A0108D7
:10704800B53B01082B370108212D30333639000FA5
:10705800060300122436480416283A4C081A2C3E17
:107068000C1E3042102234460113253749051729D2
:107078003B4D091B2D3F0D1F31431123354702148A
:1070880026384A06182A3C4E0A1C2E400E20324446
:10709800031527394B07192B3D4F0B1D2F410F2186
:1070A80033451F170F1E160E1D150D1C140C1B1330
:1070B8000B1A120A191109000108AC00000000009F
:1070C8000000000000000000000000000F48010858
:1070D8001B48010821480108294801081B480108E4
:1070E800CD480108154801089D4801081B480108BA
:1070F8001B4801082F480108354801081B480108AA
:107108003B4801083B4801083B4801082948010859
:107118002948010841480108474801084D48010825
:107128002F48010835480108534801085348010809
:10713800634801086948010869480108714801085D
:107148007D4801087D480108814801083548010843
:10715800354801081B480108874801081B480108F1
:107168001B480108874801088D4801089148010813
:107178009348010891480108954801089148010879
:1071880095480108914801089548010829480108CF
:1071980087480108974801081B48010800000000BB
:1071A800302112031203302103122130213003123F
:1071B800437034072516526152612516340743700F
:1071C80007347043615216251625615270430734FF
:1071D80034074370526125162516526143703407EF
:1071E80070430734162561526152162507347043DF
:1071F8000000000000000000000000000000000087
:107208000000000000000000000000000000000076
:107218000000000000000000000000000000000066
:107228000000000000000000000000000000000056
:10723800000000000000000000000000D74B01081B
:10724800D74B0108D94B0108DB4B0108D74B010884
:10725800DD4B0108E14B01080000000000000000C0
:10726800194C0108394C01080D4D0108154C01084D
:107278004D4C0108A54E0108CD500108114D0108DB
:1072880000000000000000000000000000000000F6
:107298000D4D01080000000000000000A54E010887
:1072A800CD500108114D01080001020408102040CA
:1072B800801B36001B362D6C775A4152096AD5302F
:1072C80036A538BF40A39E81F3D7FB7CE339829B68
:1072D8002FFF87348E4344C4DEE9CB547B9432A617
:1072E800C2233DEE4C950B42FAC34E082EA16628E8
:1072F800D924B2765BA2496D8BD12572F8F66486E3
:10730800689816D4A45CCC5D65B6926C704850FD44
:10731800EDB9DA5E154657A78D9D8490D8AB008CE1
:10732800BCD30AF7E45805B8B34506D02C1E8FCA5B
:107338003F0F02C1AFBD0301138A6B3A9111414F50
:1073480067DCEA97F2CFCEF0B4E67396AC7422E726
:10735800AD3585E2F937E81C75DF6E47F11A711D06
:1073680029C5896FB7620EAA18BE1BFC563E4BC6CC
:10737800D279209ADBC0FE78CD5AF41FDDA8338875
:1073880007C731B11210592780EC5F60517FA919E6
:10739800B54A0D2DE57A9F93C99CEFA0E03B4DAE11
:1073A8002AF5B0C8EBBB3C83539961172B047EBA0E
:1073B80077D626E169146355210C7D637C777BF2CF
:1073C8006B6FC53001672BFED7AB76CA82C97DFAD1
:1073D8005947F0ADD4A2AF9CA472C0B7FD9326362E
:1073E8003FF7CC34A5E5F171D8311504C723C3188C
:1073F80096059A071280E2EB27B27509832C1A1BAF
:107408006E5AA0523BD6B329E32F8453D100ED2006
:10741800FCB15B6ACBBE394A4C58CFD0EFAAFB43CC
:107428004D338545F9027F503C9FA851A3408F9268
:107438009D38F5BCB6DA2110FFF3D2CD0C13EC5F02
:10744800974417C4A77E3D645D197360814FDC22A1
:107458002A908846EEB814DE5E0BDBE0323A0A4921
:1074680006245CC2D3AC629195E479E7C8376D8D88
:10747800D54EA96C56F4EA657AAE08BA78252E1C62
:10748800A6B4C6E8DD741F4BBD8B8A703EB566484E
:1074980003F60E613557B986C11D9EE1F89811694A
:1074A800D98E949B1E87E9CE5528DF8CA1890DBF04
:1074B800E6426841992D0FB054BB16000000000049
:1074C80000000000000000000000000000000000B4
:1074D80000000000000000000000000000000000A4
:1074E800000000001B132C0AA3E59CEDA7296308E4
:1074F8005D210621EBFFFFFFFFFFFFFFFFFFFFFFFF
:10750800FFFFFFFF0F000000EDD3F55C1A63125870
:10751800D69CF7A2DEF9DE1400000000000000008F
:107528000000000000000010A3DDB7A5B38ADE6DDF
:10753800F5525177809FF0207DE3AB648E4EEA666A
:1075480065768BD70F5F8767010000000000000099
:107558000000000000000000000000000000000023
:1075680000000000000000005866666666666666F1
:1075780066666666666666666666666666666666A3
:1075880066666666666666661AD5258F602D56C974
:10759800B2A7259560C72C695CDCD6FD31E2A4C092
:1075A800FE536ECDD336692159F1B226949BD6EBA2
:1075B80056B183829A14E00030D1F3EEF2808E192E
:1075C800E7FCDF56DCD90624A3785913CA4DEB75BE
:1075D800ABD841414D0A700098E879777940C78C5B
:1075E80073FE6F2BEE6C03520000000000000000D9
:1075F8002559010845590108AD580108B158010835
:10760800B5580108295B01088D5B01080D5901086F
:10761800275C0108575C0108982F8A42914437710A
:10762800CFFBC0B5A5DBB5E95BC25639F111F159FD
:10763800A4823F92D55E1CAB98AA07D8015B83123F
:10764800BE853124C37D0C55745DBE72FEB1DE80EB
:10765800A706DC9B74F19BC1C1699BE48647BEEF1A
:10766800C69DC10FCCA10C246F2CE92DAA84744AA5
:10767800DCA9B05CDA88F97652513E986DC631A81B
:10768800C82703B0C77F59BFF30BE0C64791A7D5FA
:107698005163CA0667292914850AB72738211B2E82
:1076A800FC6D2C4D130D385354730A65BB0A6A766A
:1076B8002EC9C281852C7292A1E8BFA24B661AA876
:1076C800708B4BC2A3516CC719E892D1240699D686
:1076D80085350EF470A06A1016C1A419086C371EFF
:1076E8004C774827B5BCB034B30C1C394AAAD84EDD
:1076F8004FCA9C5BF36F2E68EE828F746F63A57818
:107708001478C8840802C78CFAFFBE90EB6C50A4AA
:10771800F7A3F9BEF27871C600000000000000006F
:107728001D5D01083D5D0108C35C0108C75C0108D7
:10773800E55C01081562010893620108CB5C010849
:10774800336301086363010822AE28D7982F8A4261
:10775800CD65EF23914437712F3B4DECCFFBC0B57E
:10776800BCDB8981A5DBB5E938B548F35BC256397E
:1077780019D005B6F111F1599B4F19AFA4823F9268
:1077880018816DDAD55E1CAB420203A398AA07D80C
:10779800BE6F7045015B83128CB2E44EBE85312406
:1077A800E2B4FFD5C37D0C556F897BF2745DBE7260
:1077B800B196163BFEB1DE803512C725A706DC9BC5
:1077C800942669CF74F19BC1D24AF19EC1699BE4AA
:1077D800E3254F388647BEEFB5D58C8BC69DC10FC4
:1077E800659CAC77CCA10C2475022B596F2CE92D24
:1077F80083E4A66EAA84744AD4FB41BDDCA9B05CBC
:10780800B5531183DA88F976ABDF66EE52513E98AC
:107818001032B42D6DC631A83F21FB98C82703B09C
:10782800E40EEFBEC77F59BFC28FA83DF30BE0C679
:1078380025A70A934791A7D56F8203E05163CA062B
:10784800706E0E0A67292914FC2FD246850AB727BD
:1078580026C9265C38211B2EED2AC45AFC6D2C4DF6
:10786800DFB3959D130D3853DE63AF8B54730A65F0
:10787800A8B2773CBB0A6A76E6AEED472EC9C2814C
:107888003B358214852C72926403F14CA1E8BFA2A7
:10789800013042BC4B661AA89197F8D0708B4BC246
:1078A80030BE5406A3516CC71852EFD619E892D1CE
:1078B80010A96555240699D62A20715785350EF4E6
:1078C800B8D1BB3270A06A10C8D0D2B816C1A419FA
:1078D80053AB4151086C371E99EB8EDF4C77482724
:1078E800A8489BE1B5BCB034635AC9C5B30C1C3970
:1078F800CB8A41E34AAAD84E73E363774FCA9C5BAD
:10790800A3B8B2D6F36F2E68FCB2EF5DEE828F7427
:10791800602F17436F63A57872ABF0A11478C88401
:10792800EC39641A0802C78C281E6323FAFFBE903C
:10793800E9BD82DEEB6C50A41579C6B2F7A3F9BE97
:107948002B5372E3F27871C69C6126EACE3E27CAB1
:1079580007C2C021C7B886D11EEBE0CDD67DDAEAD2
:1079680078D16EEE7F4F7DF5BA6F1772AA67F00671
:10797800A698C8A2C57D630AAE0DF9BE04983F114A
:107988001B471C13350B711B847D0423F577DB28FB
:107998009324C7407BABCA32BCBEC9150ABE9E3C05
:1079A8004C0D109CC4671D43B6423ECBBED4C54C9B
:1079B8002A7E65FC9C297F59ECFAD63AAB6FCB5FDF
:1079C8001758474A8C19446C08C9BCF367E6096A1A
:1079D8003BA7CA8485AE67BB2BF894FE72F36E3C56
:1079E800F1361D5F3AF54FA5D182E6AD7F520E51B3
:1079F8001F6C3E2B8C68059B6BBD41FBABD9831F6D
:107A080079217E1319CDE05BB0A00E4A271BEEC486
:107A180078E42FAD0618432FA7D7FB3D99004D2BCF
:107A28000BDFC14F8024832B000000000000000002
:107A3800000000000000000000000000000000003E
:107A4800000000000000000000000000000000002E
:107A580000000000000000001F1C1F1E1F1E1F1F2B
:107A68001E1F1E00010001006400640000000000E9
:107A780000000000000000000000000000000000FE
:107A880000000000000000000000000000000000EE
:107A980000000000000000000000000000000000DE
:107AA80000000000000000000000000000000000CE
:107AB80000000000000000000000000000000000BE
:107AC80000000000000000000000000000000000AE
:107AD800000000000000000000000000000000009E
:107AE800000000000000000000000000000000008E
:107AF800000000000000000000000000000000007E
:107B0800000000000000000000000000000000006D
:107B1800000000000000000000000000000000005D
:107B2800000000000000000000000000010001004B
:107B380001000A0002000000000000000000000030
:107B4800000000000000E80300000A006400E803E9
:107B58000100000001000100000000000000010019
:107B68000000000001000000E803E8030100010034
:107B78006400010000000000000000000000000098
:107B880001000101020200000000000000000000E6
:107B980000000000000000000000000000000000DD
:107BA80000000000000000000000000000000000CD
:107BB80000000000000000000000000000000000BD
:107BC80000000000000000000000000000000000AD
:107BD800000000000000000000000000000000009D
:107BE8000000000000000402010201000000000083
:107BF8000000000600020202040001020000000268
:107C0800000002000404020406030900000000004A
:107C1800010000000000000000000000D16B010816
:107C2800D36B01080000000000000000AB6C0108E5
:107C3800C36C0108B1E700085D6D0108376D0108E4
:107C4800596E0108E36C0108CBF00108EDF001085A
:107C58002F002E2E006C6974746C6566730000002A
:107C6800000000006410B71DC8206E3BAC30D92658
:107C78009041DC76F4516B6B5861B24D3C71055004
:107C88002083B8ED44930FF0E8A3D6D68CB361CB2C
:107C9800B0C2649BD4D2D38678E20AA01CF2BDBDE0
:107CA8000000000000000000CB900108818C010852
:107CB800B18B010800000000000000000000000077
:107CC80000000000CB900108818C0108F7900108A2
:107CD8003591010865910108FB900108000000003A
:107CE80022AE28D7982F8A42CD65EF239144377169
:107CF8002F3B4DECCFFBC0B5BCDB8981A5DBB5E9DB
:107D080038B548F35BC2563919D005B6F111F159A7
:107D18009B4F19AFA4823F9218816DDAD55E1CABD8
:107D2800420203A398AA07D8BE6F7045015B83126D
:107D38008CB2E44EBE853124E2B4FFD5C37D0C5528
:107D48006F897BF2745DBE72B196163BFEB1DE8020
:107D58003512C725A706DC9B942669CF74F19BC111
:107D6800D24AF19EC1699BE4E3254F388647BEEFAE
:107D7800B5D58C8BC69DC10F659CAC77CCA10C2466
:107D880075022B596F2CE92D83E4A66EAA84744AD8
:107D9800D4FB41BDDCA9B05CB5531183DA88F97610
:107DA800ABDF66EE52513E981032B42D6DC631A845
:107DB8003F21FB98C82703B0E40EEFBEC77F59BF29
:107DC800C28FA83DF30BE0C625A70A934791A7D514
:107DD8006F8203E05163CA06706E0E0A6729291480
:107DE800FC2FD246850AB72726C9265C38211B2EC8
:107DF800ED2AC45AFC6D2C4DDFB3959D130D3853F5
:107E0800DE63AF8B54730A65A8B2773CBB0A6A7607
:107E1800E6AEED472EC9C2813B358214852C72929D
:107E28006403F14CA1E8BFA2013042BC4B661AA81A
:107E38009197F8D0708B4BC230BE5406A3516CC7D3
:107E48001852EFD619E892D110A96555240699D68B
:107E58002A20715785350EF4B8D1BB3270A06A104C
:107E6800C8D0D2B816C1A41953AB4151086C371EFB
:107E780099EB8EDF4C774827A8489BE1B5BCB03416
:107E8800635AC9C5B30C1C39CB8A41E34AAAD84EF8
:107E980073E363774FCA9C5BA3B8B2D6F36F2E68BF
:107EA800FCB2EF5DEE828F74602F17436F63A57885
:107EB80072ABF0A11478C884EC39641A0802C78C34
:107EC800281E6323FAFFBE90E9BD82DEEB6C50A446
:107ED8001579C6B2F7A3F9BE2B5372E3F27871C6CF
:107EE8009C6126EACE3E27CA07C2C021C7B886D100
:107EF8001EEBE0CDD67DDAEA78D16EEE7F4F7DF5C8
:107F0800BA6F1772AA67F006A698C8A2C57D630A59
:107F1800AE0DF9BE04983F111B471C13350B711B9E
:107F2800847D0423F577DB289324C7407BABCA32D2
:107F3800BCBEC9150ABE9E3C4C0D109CC4671D43AF
:107F4800B6423ECBBED4C54C2A7E65FC9C297F59DF
:107F5800ECFAD63AAB6FCB5F1758474A8C19446C8A
:107F6800853B8C01BDF124FFF825C30160DC370097
:107F7800B74C3EFFC3423D00324CA401E1A44CFF84
:107F88004C3DA3FF753E1F00519140FF76410E0006
:107F9800A273D6FF068A2E007CE6F4FF0A8A8F00B9
:107FA800341AC200B8F44C00818F2901BEF413FFC3
:107FB8007BAA7AFF6281440079D5930056651EFF3B
:107FC800A1679B008C5943FFEFE5BE01430BB50049
:107FD800C6F089FEEE45BCFFEA713CFF25FF39FF7C
:107FE80045B2B6FE80D0B300761A7DFE0307D6FFF1
:107FF800F1324DFF55CBC5FFD387FAFF193064FF27
:10800800BBD5B4FE1158690053D19E0105736200B7
:1080180004AE3CFEAB376EFFD9B511FF14BCAA0005
:10802800929C66FE57D6AEFF727A9B01E92CAA0095
:108038007F08EF01D6ECEA00AF05DB00316A3DFFAF
:108048000642D0FF026A6EFF51EA13FFD76BC0FFEA
:108058004397EE00132A6CFFE5557101324487FF00
:10806800116A0900326701FF5001A80123981EFF19
:1080780010A8B9013859E8FF65D2FC0029FA470071
:10808800CCAA4FFF0E2EEFFF504DEF00BDD64BFF91
:10809800118DF90026504CFFBE55750056E4AA0014
:1080A8009CD8D001C3CFA4FF96424CFFAFE110FF8C
:1080B8008D5062014CDBF200C6A272002EDA9800E5
:1080C8009B2BF1FE9BA068FFB209FCFE646ED400F6
:1080D8000E05A700E9EFA3FF1C979D0165920AFF13
:1080E800FE9E46FE47F9E400581E3200443AA0FFBF
:1080F800BF186801814281FFC03255FF08B38AFF6B
:1081080026FAC9007350A00083E671007D589300D9
:108118005A44C700FD4C9E001CFF760071FAFE0011
:10812800424B2E00E6DA2B00E578BA0194442B0086
:10813800887CEE01BB6BC5FF5435F6FF3374FEFF38
:1081480033BBA5000211AF004254A001F73A1E004C
:10815800234135FE45ECBF002D86F501A37BDD00EC
:10816800206E14FF3417A500BAD64700E9B06000A6
:10817800F2EF360139598A00530054FF88A0640091
:108188005C8E78FE687CBE00B5B13EFFFA295500CA
:1081980098822A0160FCF60097973FFEEF853E0023
:1081A80020389C002DA7BDFF8E85B3018356D300D0
:1081B800BBB396FEFAAA0EFF447115FFDEBA3BFF69
:1081C8004207F10145064800569C6CFE37A7590046
:1081D8006D34DBFE0DB017FFC42C6AFFEF9547FF27
:1081E800A48C7DFF9FAD01003329E700913E21005B
:1081F8008A6F5D01B953450090732E00619710FF97
:1082080018E41A0031D9E200714BEAFEC1990CFF5B
:10821800B63060FF0E0D1A0080C3F9FE45C13B0061
:10822800842551FE7D6A3C00D6F0A901A4E34200F2
:10823800D2A34E0025349700634D1A00EE9CD5FF5B
:10824800D5C0D101492E54001441290136CE4F0022
:10825800C98392FEAA6F18FFB12132FEAB26CBFF6D
:108268004EF77400D1DD99008580B2013A2C1900CF
:10827800C9273B01BD13FC0031E5D20175BB750070
:10828800B5B3B8010072DB00305E9300F529380001
:108298007D0DCCFEF4AD77002CDD20FE54EA1400F1
:1082A800F9A0C601EC7EEAFF8F3EDD008159D6FFBA
:1082B800378B05FE4414BFFF0ECCB20123C3D9008F
:1082C8002F33CE0126F6A500CE1B06FE9E572400AE
:1082D800D93492FF7D7BD7FF553C1FFFAB0D0700BC
:1082E800DAF558FEFC233C0037D6A0FF8565380038
:1082F800E02013FE9340EA001A91A20172767D00F5
:10830800F8FCFA00655EC4FFC68DE2FE332AB600AB
:10831800870C09FE6DACD2FFC5ECC201F1419A0091
:10832800309C2FFF994337FFDAA522FE4AB4B300E9
:10833800DA424701587A6300D4B5DBFF5C2AE7FFCD
:10834800EF009A00F54DB7FF5E51AA0112D5D8008B
:10835800AB5D4700345EF8001297A1FEC5D142FF1D
:10836800AEF40FFEA230B700313DF0FEB65DC3009B
:10837800C7E40601C80511FF892DEDFF6C940400C0
:108388005A4FEDFF273F4DFF3552CF018E1676FF2E
:1083980065E812015C1A430005C858FF21A88AFF46
:1083A80095E1480002D11BFF2CF5A801DCED11FF77
:1083B8001ED369FE8DEEDD008050F5FE6FFE0E00C7
:1083C800DE5FBE01DF09F100924CD4FF6CCD68FF7F
:1083D8003F7599009045300023E46F00C021C1FF2C
:1083E80070D6BEFE7398970017665800334AF80097
:1083F800E2C78FFECCA265FFD061BD01F56812000F
:10840800E6F61EFF179445006E5834FEE2B559FF94
:10841800D02F5AFE72A150FF2174F800B39857FF6D
:108428004590B10158EE1AFF3A207101014D4500FF
:108438003B7934FF98EE53003408C100E727E9FF81
:10844800C7228A00DE44AD005B39F2FEDCD27FFF32
:10845800C007F6FE9723BB00C3ECA5006F5DCE00F6
:10846800D4F785019A85D1FF9BE70A00404E260084
:108478007AF964011E1361FF3E5BF901F8854D002E
:10848800C53FA8FE740A5200B8EC71FED4CBC2FFF7
:108498003D64FCFE2405CAFF775B99FF814F1D00F0
:1084A8006767ABFEEDD76FFFD8354500EFF01700D3
:1084B800C295DDFF26E1DE00E8FFB4FE765285FFB7
:1084C80039D1B1018BE885009EB02EFEC2732E0013
:1084D80058F7E5011C67BF00DDDEAFFE95EB2C0009
:1084E80097E419FEDA6967008E55D2009581BEFFC0
:1084F800D5415EFE7586E0FF52C675009DDDDC0045
:10850800A3652400C572250068ACA6FE0BB6000062
:108518005148BCFF61BC10FF45060A00C79391FF94
:108528000809730141D6AFFFD9ADD100507FA6002D
:10853800F7E504FEA7B77CFF5A1CCCFEAF3BF0FF63
:108548000B29F8016C2833FF90B1C3FE96FA7E0020
:108558008A5B4101783CDEFFF5C1EF001DD6BDFF07
:1085680080021900509AA2004DDC6B01EACD4AFF47
:1085780036A667FF74480900E45E2FFF1EC819FF7E
:1085880023D659FF3DB08CFF53E2A3FF4B82AC00CA
:10859800802611005F8998FFD77C9F014F5D0000FE
:1085A80094529DFEC382FBFF28CA4CFFFB7EE0006D
:1085B8009D633EFECF07E1FF6044C3008CBA9DFF78
:1085C8008313E7FF2A80FE0034DB3DFE66CB4800BC
:1085D8008D070BFFBAA4D5001F7A770085F29100AA
:1085E800D0FCE8FF5BD5B6FF8F04FAFEF9D74A0046
:1085F800A51E6F01AB09DF00E57B22015C821AFF33
:108608004D9B2D01C38B1CFF3BE04E008811F700EA
:108618006C7920004FFABDFF60E3FCFE26F13E00B6
:108628003EAE7DFF9B6F5DFF0AE6CE0161C528FF68
:10863800003139FE41FA0D0012FB96FFDC6DD2FFC6
:1086480005AEA6FE2C81BD00EB2393FF25F78DFF19
:10865800488D04FF676BFF00F75A0400352C2A0089
:10866800021EF000043B3F00584E240071A7B400DE
:10867800BE47C1FFC79EA4FF3A08AC004D210C00BD
:10868800413F0300994D21FFACFE6601E4DD04FF84
:10869800571EFE01922956FF8ACCEFFE6C8D11FF02
:1086A800BBF28700D2D07F00442D0EFE49603E0009
:1086B800513C18FFAA0624FF03F91A0023D56D00C0
:1086C800168136FF1523E1FFEA3D38FF3AD9060047
:1086D8008F7C5800EC7E4200D126B7FF22EE06FFC1
:1086E800AE9166005F16D300C40F99FE2E54E8FFC2
:1086F80075229201E7FA4AFF1B8664015CBBC3FF3F
:10870800AAC67000781C2A00D14643001D511F00DC
:108718001DA86401A9ADA0006B2375003E603BFF56
:10872800510C450187EFBEFFDCFC1200A3DC3AFFC9
:108738008989BCFF53666D0060064C00EADED2FFF3
:10874800B9AECD013C9ED5FF0DF1D600AC818C00B1
:108758005D68F200C09CFB002B751E00E1519E0075
:108768007FE8DA00E21CCB00E91B97FF752B05FFB9
:10877800F20E2FFF2114060089FB2CFE1B1FF5FFAC
:10878800B7D67DFE28799500BA9ED5FF5908E30033
:10879800455800FECB87E100C9AECB009347B8002F
:1087A800127929FE5E054E00E0D6F0FE2405B400DD
:1087B800FB87E701A38AD400D2F974FE5881BB0075
:1087C800130831FE3E0E90FF9F4CD300D633520063
:1087D8006D75E4FE67DFCBFF4BFC0F019A47DCFFAA
:1087E800170D5B018DA860FFB5B68500FA33370019
:1087F800EAEAD4FEAF3F9E0027F034019EBD24FF75
:10880800D528550120B4F7FF13661A01541861FFE3
:108818004515DE00948B7AFFDCD5EB01E8CBFF0031
:1088280079399300E3079A00351693014801E1006E
:10883800528630FE533C9DFF9148A9002267EF0005
:10884800C6E92F00741304FFB86A09FFB781530003
:1088580024B0E60122674800DBA28600F52A9E00C4
:10886800209560FEA52C9000CAEF48FED79605001B
:108878002A42240184D7AF0056AE56FF1AC59CFF82
:1088880031E887FE67B65200FD80B00199B27A00E0
:10889800F5FA0A00EC18B200896A8400281D29003C
:1088A800321E98FF7C692600E6BF4B008F2BAA007A
:1088B8002C8314FF2C0D17FFEDFF9B019F6D64FFA8
:1088C80070B518FF68DC6C0037D38300630CD5FFE4
:1088D800989791FFEE059F00619B0800216C51005D
:1088E800010367003E6D22FFFA9BB4002047C3FFD7
:1088F800264691019F5FF50045E56501881CF0005B
:108908004FE019004E6E79FFF8A87C00BB80F70095
:108918000293EBFE4F0B8400463A0C01B508A3FF07
:108928004F8985FF25AA0BFF8DF355FFB0E7D7FFC9
:10893800CC96A4FFEFD727FF2E579CFE08A358FF1D
:10894800AC22E800422C66FF1B3629FEEC6357FF79
:10895800297BA90134722B00758628009B861A0092
:10896800E7CF5BFE238426FF13667DFE24E385FFA5
:10897800760371FF1D0D7C0098604A015892CEFF66
:10898800A7BFDCFEA21258FFB66417001F7534009B
:10899800512E6A010C0207004550C901D1F6AC00FE
:1089A8000C308D01E0D3580074E29F007A62820097
:1089B80041ECEA01E1E209FFCFE27B0159D63B0035
:1089C800708758015AF4CBFF310B2601816CBA002D
:1089D80059700F01652ECCFF7FCC2DFE4FFFDDFFB8
:1089E800334912FF7F2A65FFF115CA00A0E307008B
:1089F8006932EC004F34C5FF68CAD001B40F1000CB
:108A080065C54EFF624DCB0029B9F10123C17C0039
:108A1800239B17FFCF35C0000B7DA301F99EB9FF3B
:108A280004833000155D6FFF3D79E70145C824FFD9
:108A3800B930B9FF6FEE15FF273219FF63D7A3FFCF
:108A480057D41EFFA49305FF800623016CDF6EFF39
:108A5800C24CB2004A65B400F32F3000AE192BFFA8
:108A680052ADFD013672C0FF28375B00D76CB0FFEE
:108A78000B380700E0E94C00D162CAFEF2197D000C
:108A88002CC15DFECB08B10087B013007047D5FF3D
:108A9800CE3BB00104431A000E8FD5FE2A37D0FF13
:108AA8003C437800C115A30063A473000A14760040
:108AB8009CD4DEFEA007D9FF72F54C01753B7B0004
:108AC800B0C256FED50FB0004ECECFFED5813B00CA
:108AD800E9FB1601603798FFECFF0FFFC55954FFFB
:108AE8005D958500AEA07100EA63A9FF98745800EF
:108AF80090A453FF5F1DC6FF222F0FFF637886FFE8
:108B080005ECC100F9F77EFF93BB1E0032E675FF46
:108B18006CD9DBFFA351A6FF4819A9FE9B794FFF2B
:108B28001C9B59FE077E1100934121012FEAFD008D
:108B38001A3312006953C7FFA3C4E60071F8A400F2
:108B4800E2FEDA00BDD1CBFFA4F7DEFEFF23A500CD
:108B580004BCF3017FB3470025EDFEFF64BAF000C3
:108B6800053947FE674849FFF41251FEE5D284FFF4
:108B7800EE06B4FF0BE5AEFFE3DDC00111311C00CA
:108B8800A3D7C4FE097604FF33F0470071816DFF57
:108B98004CF0E700BCB17F007D472C011AAFF30011
:108BA8005EA919FE1BE61D000F8B7701A8AABAFF64
:108BB800ACC54CFFFC4BBC00897CC400481660FF68
:108BC8002D97F901DC91640040C09FFF78EFE20027
:108BD80081B2920000C07D00EB8AEA00B79D920046
:108BE80053C7C0FFB8AC48FF49E180004D06FAFF03
:108BF800BA41430068F6CF00BC208AFFDA18F200B9
:108C0800438A51FEED8179FF14CF960129C710FFE1
:108C1800061480009F760500B5108FFFDC260F0034
:108C2800174093FE491A0D0057E43901CC7C8000A7
:108C38002B18DF00DB63C700164B14FF131B7E00E5
:108C48009D3ED7006E1DE600B3A7FF0136FCBE00AF
:108C5800DDCCB6FEB39E41FF519D0300C2DA9F00F2
:108C6800AADF0000E00B20FF26C56200A8A42500AB
:108C780017580701A4BA6E0060248600EAF2E500DE
:108C8800FA791300F2FE70FF032F5E0109EF06FF69
:108C9800518699FED6FDA8FF437CE000F55F4A00A7
:108CA8001C1E2CFE016DDCFFB2595900FC244C003F
:108CB80018C62EFF4C4D6F0086EA88FF275E1D0000
:108CC800B948EAFF464487FFE76607FE4DE78C0090
:108CD800A72F3A01946176FF101BE101A6CE8FFF02
:108CE8006EB2D6FFB483A2008F8DE1010DDA4EFF7C
:108CF800729921016268CC00AF727501A7CE4B0052
:108D0800CAC453013A4043008A2F6F01C4F780FF59
:108D180089E0E0FE9E70CF009A64FF0186256B0013
:108D2800C6804FFF7FD19BFFA3FEB9FE3C0EF30028
:108D38001FDB70FE1DD94100C80D74FE7B3CC4FFCB
:108D4800E03BB8FEF259C4007B104BFE9510CE00F4
:108D580045FE3001E774DFFFD1A04101C850620031
:108D680025C2B8FE943F22008BF041FFD99084FFC2
:108D780038262DFEC778D2006CB1A6FFA0DE04000D
:108D8800DC7E77FEA56BA0FF52DCF801F1AF88000E
:108D9800908D17FFA98A5400A0894EFFE27650FFF4
:108DA800341B84FF3F608BFF98FA2700BC9B0F00A1
:108DB800E83396FE280FE8FFF0E509FF89AF1BFFAF
:108DC8004B496101DAD40B008705A2016BB9D500C4
:108DD80002F96BFF28F24600DBC81900199D0D0047
:108DE800435250FFC4F917FF91149500324892007E
:108DF8005E4C940118FB41001FC01700B8D4C9FF8E
:108E08007BE9A201F7AD4800A257DBFE7E86590038
:108E18009F0B0CFEA6691D00491BE4017178B7FF82
:108E280042A36D01D48F0BFF9FE7A801FF805A0072
:108E3800390E3AFE59340AFFFD08A3010091D2FF0A
:108E48000A8155012EB51B006788A0FE7EBCD1FFA4
:108E580022236F00D7DB18FFD40BD6FE65057600FA
:108E6800E8C585FFDFA76DFFED5056FF468B5E0016
:108E78009EC1BF019B0F33FF0FBE73004E87CFFF0C
:108E8800F90A1B01B57DE9005FAC0DFEAAD5A1FF6B
:108E980027EC8AFF5F5D57FFBE805F007D0FCE0025
:108EA800A6969F00E30F9EFFCE9E78FF2A8D800036
:108EB80065B278019C6D8300DA0E2CFEF7A8CEFF10
:108EC800D4701C007011E4FF5A102501C5DE6C0037
:108ED800FECF53FF095AF3FFF3F4AC001A5873FF9F
:108EE800CD747A00BFE6C100B4640B01D92560FFD8
:108EF8009A4E9C00EBEA1FFFCEB2B2FF95C0FB0072
:108F0800B6FA8700F61669007CC16DFF02D295FF9C
:108F1800A911AA0000606EFF75090801327B28FFBD
:108F2800C1BD630022E3A000305046FED333EC00FD
:108F38002D7AF5FE2CAE0800AD25E9FF9E41AB0069
:108F48007A45D7FF5A5002FF836A60FEE3728700B2
:108F5800CD3177FEB03E40FF523311FFF114F3FFDD
:108F6800820D08FE80D9F3FFA21B01FE5A76F1009C
:108F7800F6C6F6FF371076FFC89F9D00A3110100C3
:108F88008C6B790055A176FF260095009C2FEE008A
:108F980009A6A6014B62B5FF324A1900420F2F00FD
:108FA8008BE19F004C038EFF0EEEB8000BCF35FF10
:108FB800B7C0BA01AB20AEFFBF4CDD01F7AADB009A
:108FC80019AC32FED909E900CB7E44FFB75C30000A
:108FD8007FA7B7014131FE00103F7F01FE15AAFFB0
:108FE8003BE07FFE16303FFF1B4E82FE28C31D006C
:108FF800FA8470FE23CB900068A9A800CFFD1EFF5D
:10900800682826FE5EE45800CE1080FFD4377AFF29
:10901800DF16EA00DFC57F00FDB5B5019166760071
:10902800EC9924FFD4D948FF142618FE8A3E3E0046
:10903800988C0400E6DC63FF0115D4FF94C9E700AF
:10904800F47B09FE00ABD200333A25FF01FF0EFF87
:10905800F4B791FE00F2A600164A840079D82900D8
:109068005FC372FE851897FF9CE2E7FFF7054DFF87
:10907800F69473FEE15C51FFDE50F6FEAA7B59FFC1
:109088004AC78D001D1408FF8A8846FF5D4B5C00A7
:10909800DD9331FE347EE200E57C17002E09B50031
:1090A800CD40340183FE1C00979ED40083404E00BF
:1090B800CE19AB0000E68B00BFFD6EFE67F7A70078
:1090C800402828012AA5F1FF3B4BE4FE7CF3BDFFB5
:1090D800C45CB2FF828C56FF8D59380193C605FFD8
:1090E800CBF89EFE90A28D000BACE200822A15FF01
:1090F80001A78FFF902424FF3058A4FEA8AADC0003
:109108006247D6005BD04F009F4CC901A62AD6FF04
:1091180045FF00FF06807DFFBE018C009253DAFFF9
:10912800D7EE48017A7F3500BD74A5FF540842FF89
:10913800D603D0FFD56E8500C3A82C019EE7450055
:10914800A240C8FE5B3A6800B63ABBFEF9E4880064
:10915800CB864CFE63DDE9004BFED6FE50459A00F7
:109168004098F8FEEC88CAFF9D6999FE95AF1400F7
:10917800162313FF7C79E900BAFAC6FE84E58B0052
:109188008950AEFFA57D440090CA94FEEBEFF8002D
:1091980087B87600655E11FF7A4846FE45829200E0
:1091A8007FDEF801457F76FF1E52D7FEBC4A13FFCB
:1091B800E5A7C2FE751942FF41EA38FED5169C00A4
:1091C800973B5DFE2D1C1BFFBA7EA4FF2006EF0017
:1091D8007F726301DB3402FF6360A6FE3EBE7EFF42
:1091E8006CDEA8014BE2AE00E6E2C7003C75DAFF90
:1091F800FCF81401D6BCCC001FC286FE7B45C0FF1C
:10920800A9AD24FE37625B00DF2A66FE890166008D
:109218009D5A1900EF7A40FFFC06E900073614FF53
:109228005274AE00872536FF0FBA7D00E370AFFF9A
:1092380064B4E1FF2AEDF4FFF4ADE2FEF812210078
:10924800AB6396FF4AEB32FF755220FE6AA8ED0029
:10925800CF6DD001E409BA00873CA9FEB35C8F004A
:10926800F4AA68FFEB2D7CFF4663BA007589B70046
:10927800E01FD700280964001A105F0144D957007D
:10928800089714FF1A643AFFB0A5CB01347646005C
:109298000720FEFEF4FEF5FFA790C2FF7D7117FFC1
:1092A800B079B5008854D1008A061EFF59301C00D9
:1092B800219B0EFF19F09A008DCD6D0146733EFF7C
:1092C80014286BFE8A9AC7FF5EDFE2FF9DAB26007B
:1092D800A3B119FE2D7603FF0EDE1701D1BE51FF93
:1092E800767BE8010DD565FF7B377BFE1BF6A50075
:1092F80032634CFF8CD620FF614143FF180C1C00E1
:10930800AE564E0140F76000A08743004237F3FF96
:1093180093CC60FF1A0621FF6233530199D5D0FF21
:1093280002B836FF19DA0B003143F6FE129548FFF2
:109338000D1948002A4FD6002A0426011B8B90FFDE
:1093480095BB170012A48400F554B8FE78C668FFD0
:109358007EDA60003875EAFF0D1DD6FE442F0AFF3D
:10936800A79A84FE9826C60042B259FFC82EABFFC2
:109378000D6353FFD2BBFDFFAA2D2A018AD17C00C1
:10938800D6A28D000CE69C00662470FE0393430071
:1093980034D77BFFE9AB36FF62893E00F7DA27FF57
:1093A800E7DAEC00F7BF7F00C3925400A5B05CFF7A
:1093B80013D45EFF114AE30058289901C69301FFB0
:1093C800CE43F5FEF003DAFF3D8DD5FF61B76A00A5
:1093D800C3E8EBFE5F569A00D130CDFE76D1F1FF9F
:1093E800F078DF01D51D9F00A37F93FF0DDA5D00A4
:1093F800551844FE461450FFBD058C015261FEFF0E
:109408006363BFFF845485FF6BDA74FF707A2E00A4
:1094180069112000C2A03FFF44DE2701D8FD5C008F
:10942800B169CDFF95C9C3002AE10BFF28A27300DB
:1094380009075100A5DADB00B41600FE1D92FCFFF7
:1094480092CFE101B48760001FA37000B10BDBFF6E
:10945800850CC1FE2B4E3200417179013BD906FFC4
:109468006E5E180170AC6F00070F600024557B001A
:10947800479615FFD049BC00C00BA701D5F52200BF
:1094880009E65C00A28E27FFD75A1B0062615900CB
:109498005E4FD3005A9DF0005FDC7E0166B0E200AB
:1094A800241EE0FE231F7F00E7E873015553820066
:1094B800D249F5FF2F8F72FF4441C5003B483EFF5C
:1094C800B785ADFE5D7976FF3BB151FFEA45ADFF4B
:1094D800CD80B100DCF433001AF4D10149DE4DFF30
:1094E800A30860FE9695D3009EFECB01367F8B00C5
:1094F800A1E03B00046D16FFDE2A2DFFD09266FF27
:10950800EC8EBB0032CDF5FF0A4A59FE304F8E0073
:10951800DE4C82FF1EA63F00EC0C0DFF31B8F400B4
:10952800BB716600DA65FD009939B6FE20962A00FF
:1095380019C69201EDF138008C4405005BA4ACFF1C
:109548004E91BAFE4334CD00DBCF81016D7311001B
:10955800368F3A0115F878FFB3FF1E00C1EC42FFC1
:1095680001FF07FFFDC030FF1345D90103D600FFF7
:1095780040659201DF7D23FFEB49B3FFF9A7E200C5
:10958800E1AF0A0161A23A006A70AB0154AC05FF71
:10959800858CB2FF86F58E00615A7DFFBACBB9FF84
:1095A800DF4D17FFC05C6A000FC673FFD998F8003B
:1095B800ABB278FFE4863500B036C101FAFB35005E
:1095C800D50A640122C76A00971FF4FEACE057FF72
:1095D8000EED17FFFD551AFF7F2774FFAC68640076
:1095E800FB0E46FFD4D08AFFFDD3FA00B031A500A8
:1095F8000F4C7BFF25DAA0FF5C8710010A7E72FF03
:109608004605E0FFF7F98D0044143C01F1D2BDFF97
:10961800C3D9BB0197037100975CAE00E73EB2FF68
:10962800DBB7E100171721FFCDB5500039B8F8FFB7
:1096380043B401FF5A7B5DFF2700A2FF60F834FFA7
:1096480054428C00227FE4FFC28A0701A66EBC0048
:1096580015119B019ABEC6FFD6503BFF12078F001B
:10966800481DE201C7D9F900E8A1470195BEC90024
:10967800D9AF5FFE719343FF8A8FC7FF7FCC01008C
:109688001DB65301CEE69BFFBACC3C000A7D55FFC0
:10969800E86019FFFF59F7FFD5FEAF01E8C1510097
:1096A8001C2B9CFE0C4508009318F80012C63100CC
:1096B800863C230076F612FF3158FEFEE415BAFF09
:1096C800B6417001DB1601FF167E34FFBD3531FF50
:1096D80070198F00267F37FFE265A3FED0853DFF16
:1096E8008945AE01BE7691FF3C62DBFFD90DF5FFDF
:1096F800FA880A0054FEE200C91F7D01F033FBFF1F
:109708001F8382FF028A32FFD7D7B101DF0CEEFF39
:10971800FC9538FF7C5B44FF487EAAFE77FF640017
:109728008287E8FF0E4FB200FA83C5008AC6D000D0
:1097380079D88BFE771224FF1DC17A00102A2DFFDD
:10974800D5F0EB01E6BEA9FFC623E4FE6EAD4800E6
:10975800D6DDF1FF38948700C0754EFE8D5DCFFFD2
:109768008F419500151262FF5F2CF4016ABF4D000E
:10977800FE5508FED66EB0FF49AD13FEA0C4C7FF64
:10978800ED5A9000C1AC71FFC89B88FEE45ADD0019
:1097980089314A01A4DDD7FFD1BD05FF69EC37FF48
:1097A8002A1F8101C1FFEC002ED93C008A58BBFF5B
:1097B800E252ECFF514597FF8EBE10010D8608005E
:1097C8007F7A30FF51409C00ABF38B00ED23F6000D
:1097D8007A8FC1FED47A92005F29FF0157844D0029
:1097E80004D41F00111F4E00272DADFE188ED9FF7F
:1097F8005F0906FFE3530600623B82FE3E1E21001E
:109808000873D301A26180FF07B817FE741CA8FF74
:10981800F88A97FF62F4F000BA76820072F8EBFFDC
:1098280069ADC801A07C47FF5E24A401AF4192FF47
:10983800EEF1AAFECAC6C500E4478AFE2DF66DFF02
:10984800C2349E0085BBB00053FC9AFE59BDDDFFB3
:10985800AA49FC00943A7D00244433FE2A45B1FF0E
:10986800A84C56FF2664CCFF26352300AF136100B1
:10987800E1EEFDFF51518700D21BFFFEEB496B0063
:1098880008CF7300527F8800546315FECF138800F9
:1098980064A4650050D04DFF84CFEDFF0F030FFF88
:1098A80021A66E009C5F55FF25B96F01966A23FFBC
:1098B800A6974C00725787FF9FC240000C7A1FFF83
:1098C800E80765FEAD7762009A47DCFEBF3935FFD1
:1098D800A8E8A0FFE02063FFDA9CA5009799A30001
:1098E800D90D9401C5715900951CA1FECF171E0012
:1098F8006984E3FF36E65EFF85ADCCFF5CB79DFF6C
:109908005890FCFE66215A009F610300B5DA9BFF60
:10991800F07277006AD635FFA5BE7301985BE1FF48
:10992800586A2CFFD03D710097347C00BF1B9CFF08
:109938006E36EC010E1EA6FF277FCF01E5C71C007F
:10994800BCE4BCFE649DEB00F6DAB7016B16C1FF00
:10995800CEA05F004CEF9300CFA1750033A602FFA5
:1099680034750AFE4938E3FF98C1E100845E88FF38
:1099780065BFD100206BE5FFC62BB40164D2760029
:10998800724399FF17581AFF599A5C01DC788CFFCB
:109998009072CFFFFC73FAFF22CE48008A857FFFC2
:1099A80008B27C01574B61000FE55CFEF04383FF72
:1099B800767BE3FE927868FF91D5FF0181BB46FF75
:1099C800DB7736000113AD002D969401F85348005B
:1099D800CBE9A9018E6B3800F7F926012DF250FF6B
:1099E8001EE967006052460017C96F0051271EFF25
:1099F800A1B74EFFC2EA21FF44E38CFED8CE740023
:109A0800461BEBFF68904F00A4E65DFED6879C00DE
:109A18009ABBF2FEBC1483FF246DAE009F70F10068
:109A2800056E950124A5DA00A61D1301B22E490082
:109A38005D2B20FEF8BDED00669B8D00C95DC3FF60
:109A4800F18BFDFF0F6F62FF6C41A3FE9B4FBEFFC2
:109A580049AEC1FEF62830FF6B580BFECA6155FFB0
:109A6800FDCC12FF71F242006EA0C2FED012BA0005
:109A780051153C00BC68A7FF7CA661FED2858E000C
:109A880038F289FE296F82006F973A016FD58DFFF2
:109A9800B7ACF1FF2606C4FFB9077BFF2E0BF60013
:109AA800F56977010F02A1FF08CE2DFF12CA4AFF00
:109AB800537C7301D48D9D005308D1FE8B0FE8FFB2
:109AC800AC36ADFE32F78400D6BDD50090B869003B
:109AD800DFFEF800FF93F0FF17BC4800073336009D
:109AE800BC19B4FEDCB400FF53A01400A3BDF3FFFF
:109AF8003AD1C2FF57493C006A183100F5F9DC0039
:109B080016ADA700760BC3FF137EED006E9F25FFF1
:109B18003B522F00B4BB5600BC94D001642585FF8E
:109B28000770C10081BC9CFF546A81FF85E1CA00AF
:109B38000EEC6FFF28146500ACAC31FE33364AFFDB
:109B4800FBB9B8FF5D9BE0FFB4F9E001E6B2920013
:109B5800483936FEB23EB80077CD4800B9EFFDFF70
:109B68003D0FDA00C44338FFEA20AB012EDBE400E6
:109B7800D06CEAFF143FE8FFA535C70185E405FF6F
:109B880034CD6B004AEE8CFF969CDBFEEFACB2FF47
:109B9800FBBDDFFE208ED3FFDA0F8A01F1C450002F
:109BA8001C2462FE16EAC7003DEDDCFFF6392500ED
:109BB8008E118EFF9D3E1A002BEE5FFE03D906FF25
:109BC800D519F00127DCAEFF9ACD30FE130DC0FF8A
:109BD800F42236FE8C109B00F0B505FE9BC13C00BC
:109BE800A68004FF249138FF96F0DB0078339100BB
:109BF80052992A018CEC92006B5CF801BD0A0300B3
:109C08003F88F200D327180013CAA101AD1BBAFF81
:109C1800D2CCEFFE29D1A2FFB6FE9FFFAC74340070
:109C2800C367DEFECD453B0035162901DA30C20098
:109C380050D2F200D2BCCF00BBA1A1FED8110100C6
:109C480088E17100FAB83F00DF1E62FE4DA8A2004D
:109C58003B35AF0013C90AFF8BE0C20093C19AFFDE
:109C6800D4BD0CFE01C8AEFF328571015EB35A0047
:109C7800ADB687005EB171002B59D7FF88FC6AFF2B
:109C88007B8653FE05F542FF52312701DC02E000D6
:109C98006181B1004D3B59003D1D9B01CBABDCFF01
:109CA8005C4E8B009121B5FFA9188D013796B30042
:109CB8008B3C50FFDA27610002936BFF3CF84800A9
:109CC800ADE62F010653B6FF1069A2FE89D451FFF5
:109CD800B4B8860127DEA4FFDD69FB01EF707D00C3
:109CE8003F0761003F68E3FF943A0C005A3CE0FFED
:109CF80054D4FC004FD7A800F8DDC70173790100E0
:109D080024AC780020A2BBFF396B31FF932A1500E1
:109D18006AC62B01394A57007ECB51FF8187C300A1
:109D28008C1FB100DD8BC20003DED7008344E7003F
:109D3800B156B2FE7C97B400B87C260146A3110048
:109D4800F9FBB5012A37E300E2A12C0017EC6E00FD
:109D580033958E015D05EC00DAB76AFE43184D00B5
:109D680028F5D1FFDE799900A5391E00537D3C0006
:109D780046265201E506BC006DDE9DFF37763FFFA3
:109D8800CD97BA00E32195FFFEB0F601E3B1E300F9
:109D9800226AA3FEB02B4F006A5F4E01B9F17AFF29
:109DA800B90E3D002401CA000DB2A2FFF70B8400D2
:109DB800A1E65C014101B9FFD432A5018D9240FFB3
:109DC8009EF2DA0015A47D00D58B7A01434757002F
:109DD800CB9EB201975C2B00986F05FF2703EFFF1E
:109DE800D9FFFAFFB03F47FF4AF54D01FAAE12FF1F
:109DF8002231E3FFF62EFBFF9A2330017D9D3DFFC4
:109E08006A244EFF61EC990088BB78FF7186ABFF2E
:109E180013D5D9FED85ED1FFFC053D005E03CA000C
:109E2800031AB7FF40BF2BFF1E171500818D4DFF8A
:109E380066780701C24C8C00BCAF34FF1151940006
:109E4800E8563701E130AC00862A2AFFEE322F00AF
:109E5800A912FE00149357FF0EC3EFFF45F7170032
:109E6800EEE580FFB1317000A862FBFF7947F8008A
:109E7800F30891FEF6E399FFDBA9B1FEFB8BA5FF82
:109E88000CA3B9FFA428ABFF999F1BFEF36D5BFFE2
:109E9800DE18700112D6E7006B9DB5FEC39300FF74
:109EA800C26368FF598CBEFFB1427EFE6AB94200A8
:109EB80031DA1F00FCAE9E00BC4FE601EE29E0003F
:109EC800D4EA0801880BB500A67553FF44C35E00A9
:109ED8002E84C900F0985800A43945FEA0E02AFF56
:109EE8003BD743FF77C38DFF24B479FECF2F08FFFC
:109EF800AED2DF0065C544FFFF528D01FA89E90043
:109F0800615685011050450084839F00745D64008C
:109F18002D8D8B0098AC9DFF5A2B5B0047992E0026
:109F2800271070FFD98861FFDCC619FEB1353100F2
:109F3800DE5886FF800F3C00CFC0A9FFC074D1FF58
:109F48006A4ED301C8D5B7FF070C7AFEDECB3CFFBB
:109F5800216EC7FEFB6A7500E4E10401783A07FF49
:109F6800DDC154FE70851B00BDC8C9FF8B879600F4
:109F7800EA37B0FF3D324100986CA9FFDC5501FF7C
:109F88007087E300A21ABA00CF60B9FEF4886B00AC
:109F98005D993201C66197006E0B56FF8F75AEFF53
:109FA80073D4C80005CAB700EDA40AFEB9EF3E0095
:109FB800EC7812FE627B63FFA8C9C2FE2EEAD600C7
:109FC800BF8531FF63A97700BEBB230173152DFF41
:109FD800F983480070067BFFD631B5FEA6E922005A
:109FE8005CC566FEFDE4CDFF033BC9012A622E0075
:109FF800DB2523FFA9C326005E7CC1019C2BDF0063
:10A008005F4885FE78CEBF007AC5EFFFB1BB4FFF32
:10A01800FE2E0201FAA7BE0054811300CB71A6FFE1
:10A02800F91FBDFE489DCAFFD04749FFCF18480019
:10A038000A101201D2514CFF58D0C0FF7EF36BFFBB
:10A04800EE8D78FFC779EAFF890C3BFF24DC7BFFA4
:10A0580094B33CFEF00C1D0042006101241E26FF53
:10A0680073015DFF6067E7FFC59E3B01C0A4F00078
:10A07800CACA39FF18AE3000594D9B012A4CD70087
:10A08800F497E90017305100EF7F34FEE38225FF93
:10A09800F8745D017C847600ADFEC00106EB53FFC9
:10A0A8006EAFE701FB1CB60081F95DFE54B8800075
:10A0B8004CB53E00AF80BA00643588FE6D1DE200E5
:10A0C800DDE93A0114634A000016A000860D150068
:10A0D800093437FF11598C00AF223B0054A577FF94
:10A0E800E0E2EAFF0748A6FF7B73FF0112D6F600FD
:10A0F800FA074701D9DCB900D4234CFF267DAF000D
:10A10800BD61D20072EE2CFF29BCA9FE2DBA9A00BF
:10A11800515C160084A0C10079D062FF0D512CFF5C
:10A12800CB9C5200473A15FFD072BFFE32269300EF
:10A138009AD8C300651912003CFAD7FFE984EBFFEF
:10A1480067AF8E01100E5C008D1F6EFEEEF12DFFC5
:10A1580099D9EF0161A82FFFF95510011CAF3EFFF7
:10A1680039FE3600DEE77E00A62D75FE12BD60FFC3
:10A17800E44C3200C8F45E00C6987801442245FFDA
:10A188000C41A0FE65135A00A7C578FF4436B9FFF5
:10A1980029DABC0071A830005869BD011A5220FFA5
:10A1A800B95DA401E4F0EDFF42B63500ABC55CFF34
:10A1B8006B09E901C77890FF4E310AFF6DAA69FF64
:10A1C8005A041FFF1CF471FF4A3A0B003EDCF6FFED
:10A1D800799AC8FE90D2B2FF7E3981012BFA0EFF20
:10A1E800656F1C012F56F1FF3D4696FF354905FF67
:10A1F8001E1A9E00D11A56008AED4A00A45FBC00C0
:10A208008E3C1DFEA274F8FFBBAFA0009712100091
:10A21800D16F41FECB8627FF586C31FF831A47FF69
:10A22800DD1BD7FE68695DFF1FEC1FFE8700D3FFAB
:10A238008F7F6E01D449E500E943A7FEC301D0FF33
:10A248008411DDFF33D95A0043EB32FFDFD28F0090
:10A25800B3358201E96AC600D9ADDCFF70E518FFA5
:10A26800AF9A5DFE47CBF6FF304285FF0388E6FFD5
:10A2780017DD71FEEB6FD500AA785FFEFBDD0200EB
:10A288002D829EFE695ED9FFF234B4FED5442DFFBF
:10A2980068261C00F49E4C00A1C860FFCF350DFF56
:10A2A800BB439400AA36F80077A2B2FF53140B0000
:10A2B8002A2AC001929FA3FFB7E86F004DE515FF5A
:10A2C80047358F001B4C2200F6882FFFDB27B6FF8F
:10A2D8005CE0C901138E0EFF45B6F1FFA376F500C9
:10A2E800096D6A01AAB5F7FF4E2FEEFF54D2B0FFF1
:10A2F800D56B8B0027260B00481596004882450031
:10A30800CD4D9BFE8E851500476FACFEE22A3BFFC4
:10A31800B300D7012180F100EAFC0D01B84F080015
:10A328006E1E49FFF68DBD00AACFDA014A9A45FF95
:10A338008AF631FF9B2064007D4A69FF5A553DFF2C
:10A3480023E5B1FF3E7DC1FF9956BC014978D40091
:10A35800D17BF6FE87D126FF973A2C015C45D6FFC4
:10A368000E0C58FFFC99A6FFFDCF70FF3C4E53FF23
:10A37800E37C6E00B460FCFF357521FEA4DC52FF5F
:10A3880029011BFF26A4A6FFA463A9FE3D9046FF52
:10A39800C0A612006BFA4200C541320001B312FF99
:10A3A800FF6801FF2B9923FF506FA8006EAFA8002C
:10A3B80029692DFFDB0ECDFFA4E98CFE2B01760069
:10A3C800E943C300B2529FFF8A577AFFD4EE5AFF7F
:10A3D80090237CFE198CA400FBD72CFE85466BFFCE
:10A3E80065E350FE5CA93700D72A310072B455FFE7
:10A3F80021E81B01ACD519003EB07BFE208518FF73
:10A40800E1BF3E005D469900B52A680116BFE0FF2E
:10A41800C8C88CFFF9EA250095398D00C338D0FFEC
:10A42800FE8246FF20ADF0FF1DDCC7006E6473FF9F
:10A4380084E5F900E4E9DFFF25D8D1FEB2B1D1FF08
:10A44800B72DA5FEE06172008961A8FFE1DEAC00CE
:10A45800A50D3101D2EBCCFFFC041CFE46A09700F1
:10A46800E8BE34FE53F85DFF3ED74D01AFAFB3FFF2
:10A47800A03242007930D0003FA9D1FF00D2C800F5
:10A48800E0BB2C0149A2520009B08FFF134CC1FF59
:10A498001D3BA701182B9A001CBEBE008DBC810075
:10A4A800E8EBCBFFEA006DFF36419F003C58E8FF20
:10A4B80079FD96FEFCE983FFC66E2901534D47FFDF
:10A4C800C8163BFE6AFDF2FF150CCFFFED42BD003A
:10A4D8005AC6CA01E1AC7F003516CA0038E68400C6
:10A4E8000156B7006DBE2A00F344AE016DE49A0030
:10A4F800C8B17A0123A0B7FFB13055FF5ADAA9FFD6
:10A50800F8984E00CAFE6E0006342B008E6241FF9A
:10A518003F911600466A5D00E88A6B016EB33DFF05
:10A52800D381DA01F2D15C00235AD901B68F6AFFD0
:10A538007465D9FF72FADDFFADCC06003C96A30026
:10A5480049AC2CFFEF6E50FFED4C99FEA18CF90041
:10A5580095E8E500851F28FFAEA477007133D60083
:10A5680081E402FE4022F3006BE3F4FFAE6AC8FF09
:10A578005499460132231000FA4AD8FEECBD42FF36
:10A5880099F90D00E6B204FFDD29EE0076E379FFC4
:10A598005E578CFEFE775C0049EFF6FE755780002B
:10A5A80013D391FFB12EFC00E55BF6014580F7FF60
:10A5B800CA4D3601080B09FF9960A600D9D6ADFF30
:10A5C80086C0020100CF0000BDAE6B018C8664001E
:10A5D8009EC1F301B666AB00EB9A33008E057BFF94
:10A5E8003CA85901D90E5CFF13D60501D3A7FE007C
:10A5F8002C06CAFE7812ECFF0F71B8FFB8DF8B008B
:10A6080028B177FEB67B5AFFB0A5B000F74DC2005F
:10A618001BEA7800E700D6FF3B271E007D6391FF09
:10A62800964444018DDEF800997BD2FF6E7F98FF37
:10A63800E521D60187DDC500896102000C8FCCFFBA
:10A648005129BC00734F82FF5E03840098AFBBFFA3
:10A658007C8D0AFF7EC0B3FF0B67C60095062D00F0
:10A66800DB55BB01E612B2FF48B6980003C6B8FF37
:10A678008070E00161A1E600FE6326FF3A9FC500F5
:10A688009742DB003B458FFFB970F90077882FFFB1
:10A698007B828400A8475FFF71B02801E8B9AD004C
:10A6A800CF5D7501449D6CFF660593FE3161210005
:10A6B80059416FFEF71EA3FF7CD9DD0166FAD80069
:10A6C800C6AE4BFE39371200E305EC01E5D5AD0007
:10A6D800C96DDA0131E9EF001E379E0119B26A002F
:10A6E8009B6FBC015E7E8C00D71FEE014DF0100001
:10A6F800D5F219012647A800CDBA5DFE31D38CFFEB
:10A70800DB00B4FF8676A500A09386FF6EBA23FF10
:10A71800C6F32A00F392770086EBA30104F187FFC2
:10A72800C12EC1FE67B44FFFE104B8FEF276820085
:10A738009287B001EA6F1E004542D5FE29607B0072
:10A74800795E2AFFB2BFC3FF2E822A00755408FF24
:10A75800E931D6FEEE7A6D0006475901ECD37B004D
:10A76800F40D30FE77940E00721C56FF4BED19FF66
:10A7780091E510FE816435FF869678FEA89D32002B
:10A78800174868FFE0310E00FF7B16FF97B997FF67
:10A79800AA50B80186B614002964650199211000F1
:10A7A8004C9A6F0156CEEAFFC0A0A4FEA57B5DFFC0
:10A7B80001D8A4FE4311AFFFA90B3BFF9E293DFF23
:10A7C80049BC0EFFC30689FF16931DFF146703FFDC
:10A7D800F682E3FF7A288000E22F18FE2324200067
:10A7E80098BAB7FF45CA1400C385C300DE33F70023
:10A7F800A9AB5E01B700A0FF40CD12019C530FFF2B
:10A80800C53AF9FEFB596EFF320A58FE332BD800C1
:10A8180062F2C601F5977100ABECC201C51FC7FF14
:10A82800E5512601293B1400FD68E600985D0EFFFE
:10A83800F6F292FED6A9F0FFF0666CFEA0A7EC0037
:10A848009ADABC0096E9CAFF1B13FA01024785FF92
:10A85800AF0C3F0191B7C600687873FF82FBF70021
:10A8680011D4A7FF3E7B84FFF764BD009BDF9800EF
:10A878008FC521009B3B2CFF965DF0017F0357FF9E
:10A888005F47CF01A75501FFBC9874FF0A1717004F
:10A8980089C35D0136626100F000A8FF94BC7F00A7
:10A8A800866B97004CFDAB005A84C00092163600A8
:10A8B800E04236FEE6BAE5FF27B6C40094FB82FF05
:10A8C80041836CFE8001A000A931A7FEC7FE94FF5A
:10A8D800FB068300BBFE81FF55523E00B2173AFFCC
:10A8E800FE840500A4D5270086FC92FE253551FF7D
:10A8F8009B865200CDA7EEFF5E2DB4FF8428A100F1
:10A90800FE6F7001364BD900B3E6DD01EB5EBFFF89
:10A9180017F33001CA91CBFF27762AFF758DFD000A
:10A92800FE00DE002BFB320036A9EA015044D000BD
:10A9380094CBF3FE9107870006FE0000FCB97F0068
:10A94800620881FF262348FFD324DC01281A590016
:10A95800A840C5FE03DEEFFF0253D7FEB49F69008F
:10A968003A73C200BA746AFFE5F7DBFF8176C1006B
:10A97800CAAEB701A6A14800C96B93FEED884A008C
:10A98800E9E66A01696FA80040E01E0101E50300DD
:10A998006697AFFFC2EEE4FFFEFAD400BBED790084
:10A9A80043FB6001C51E0B00B75FCC00CD598A0080
:10A9B80040DD2501FFDF1EFFB230D3FFF1C85AFF8B
:10A9C800A7D160FF3982DD002E72C8FF3DB8420072
:10A9D80037B618FE6EB62100ABBEE8FF725E1F00E8
:10A9E80012DD08002FE7FE00FF705300760FD7FF37
:10A9F800AD1928FEC0C11FFFEE1592FFABC176FF4F
:10AA080065EA35FE83D4700059C06B0108D01B007D
:10AA1800B5D90FFFE795E8008CEC7E009009C7FFD9
:10AA28000C4FB5FE93B6CAFF136DB6FF31D4E100E3
:10AA38004AA3CB00AFE994001A703300C1C109FFE3
:10AA48000F87F90096E38200CC00DB0118F2CD00F5
:10AA5800EED075FF16F470001AE522002550BCFFF1
:10AA6800262DCEFEF05AE1FF1D032FFF2AE04C00F1
:10AA7800BAF3A70020840FFF05337D008B871800E9
:10AA880006F1DB00ACE585FFF6D63200E70BCFFF19
:10AA9800BF7E5301B4A3AAFFF5381801B2A4D3FFAF
:10AAA8000310CA01623976FF8D8359FE21331800DD
:10AAB800F3955BFFFD340E0023A943FE311E58FFBA
:10AAC800B31B24FFA58CB7003ABD9700581F0000A0
:10AAD8004BA942004265C7FF18D8C70179C41AFFBD
:10AAE8000E4FCBFEF0E251FF5E1C0AFF53C1F0FF90
:10AAF800CCC183FF5E0F5600DA289D0033C1D10018
:10AB080000F2B10066B9F7009E6D740026875B00FD
:10AB1800DFAF9500DC4201FF563CE800196025FFD5
:10AB2800E17AA201D7BBA8FF9E9D2E0038ABA200F8
:10AB3800E8F065017A160900330915FF3519EEFFAB
:10AB4800D91EE8FE7DA994000DE866009409250049
:10AB5800A5618D01E4832900DE0FF3FFFE121100C9
:10AB6800063CED016A0371003B84BD005C701E0069
:10AB780069D0D5003054B3FFBB79E7FE1BD86DFF11
:10AB8800A2DD6BFE49EFC3FFFA1F39FF958759FF16
:10AB9800B917730103A39DFF1270FA001939BBFF9F
:10ABA800A160A4002F10F3000C8DFBFE43EAB8FF50
:10ABB8002912A100AF0660FFA0AC34FE18B0B7FFA1
:10ABC800C6C155017C7989FF973272FFDCCB3CFF07
:10ABD800CFEF050100266BFF37EE5EFE46985E005C
:10ABE800D5DC4D01781145FF55A4BEFFCBEA5100D5
:10ABF800263125FE3D907C00894E31FEA8F73000B5
:10AC08005FA4FC0069A98700FDE4860040A64B000C
:10AC1800514914FFCFD20A00EA6A96FF5E225AFF12
:10AC2800FE9F39FEDC8563008B93B4FE1817B900CC
:10AC380029391EFFBD614C0041BBDFFFE0AC25FF99
:10AC4800223E5F01E790F0004D6A7EFE40985B006F
:10AC58001D629B00E2FB35FFEAD305FF90CBDEFFC8
:10AC6800A4B0DDFE05E71800B37ACD00240186FF05
:10AC78007D4697FE61E4FC00AC8117FE305AD1FF97
:10AC880096E0520154861E00F1C42E006771EAFF57
:10AC98002E6579FE287CFAFF872DF2FE09F9A8FFB8
:10ACA8008C6C83FF8FA3AB0032ADC7FF58DE8EFFDD
:10ACB800C85F9E008EC0A3FF077587006F7C1600D3
:10ACC800EC0C41FE442641FFE3AEFE00F4F52600FD
:10ACD800F032D0FFA13FFA003CD1EF007A231300F5
:10ACE8000E21E6FE029F71006A147FFFE4CD60002A
:10ACF80089D2AEFEB4D490FF59629A0122588B00D3
:10AD0800A7A27001416EC500F125A900423883FF52
:10AD18000AC953FE85FDBBFFB1702DFEC4FB0000C0
:10AD2800C4FA97FFEEE8D6FF96D1CD001CF0760066
:10AD3800474C5301EC635B002AFA8301601240FF21
:10AD480076DE230071D6CBFF7A77B8FF4213240052
:10AD5800CC40F90092598B00863E870168E965006E
:10AD6800BC541A0031F98100D0D64BFFCF824DFF79
:10AD780073AFEB00AB0289FFAF91BA0137F587FFDC
:10AD88009A56B501643AF6FF6DC73CFF52CC86FF70
:10AD9800D731E6018CE5C0FFDEC1FBFF51880FFF0C
:10ADA800B395A2FF17271DFF075F4BFEBF51DE00BB
:10ADB800F1515AFF6B31C9FFF4D39D00DE8C95FF2A
:10ADC80041DB38FEBDF65AFFB23B9D0130DB340053
:10ADD8006222D7001C11BBFFAFA918005C4FA1FF6E
:10ADE800ECC8C201938FEA00E5E10701C5A80E008F
:10ADF800EB333501FD78AE00C506A8FFCA75AB0078
:10AE0800A315CE0072555AFF0F290AFFC21363001B
:10AE18004137D8FEA292740032CED4FF40921DFF73
:10AE28009E9E830164A582FFAC1781FF7D3509FFD3
:10AE38000FC112011A310BFFB5AEC90187C90EFF48
:10AE480064139500DB624F002A638FFE600030FFB9
:10AE5800C5F953FE68954FFFEB6E88FE52802CFFB4
:10AE6800412924FE58D30A00BB79BB006286C7007B
:10AE7800ABBCB3FED20BEEFF427B82FE34EA3D0050
:10AE8800307117FE065678FF77B2F5005781C90072
:10AE9800F28DD100CA7255009416A10067C3300024
:10AEA8001931ABFF8A438200B6497AFE94188200B2
:10AEB800D3E59A00209B9E0054693D00B1C209FF6A
:10AEC800A65956013653BB00F92875FF6D03D7FF05
:10AED80035922C013F2FB300C2D803FE0E548800D0
:10AEE80088B10DFF48F3BAFF75117DFFD33AD3FF40
:10AEF8005D4FDF005A58F5FF8BD16FFF46DE2F00FC
:10AF08000AF64FFFC6D9B200E3E10B014E7EB3FF4C
:10AF18003E2B7E00679423008108A5FEF5F094007F
:10AF28003D338E0051D086000F8973FFD377ECFF35
:10AF38009FF5F8FF028688FFE68B3A01A0A4FE0081
:10AF480072558DFF31A6B6FF9046540155B60700DD
:10AF58002E355D0009A6A1FF37A2B2FF2DB8BC00AF
:10AF6800921C2CFEA95A310078B2F1010E7B7FFFAA
:10AF780007F1C701BD4232FFC68F65FEBDF387FFEB
:10AF88008D1818FE4B61570076FB9A01ED369C0030
:10AF9800AB92CFFF83C4F6FF8840710197E8390070
:10AFA800F0DA7300313D1BFF40814901FCA91BFF0A
:10AFB80028840A015AC9C1FFFC79F001BACE2900D8
:10AFC8002BC661009164B700CCD850FEAC96410006
:10AFD800F9E5C4FE687B49FF4D6860FE82B408004D
:10AFE800687B3900DCCAE5FF66F9D300560EE8FF36
:10AFF800B64ED100EFE1A4006A0D20FF784911FF99
:10B008008643E90053FEB500B7EC7001304083FF7A
:10B01800F1D8F3FF41C1E200CEF164FE6486A6FFD9
:10B02800EDCAC500370D5100207C66FF28E4B10049
:10B0380076B51F01E7A086FF77BBCA00008E3CFFEC
:10B048008026BDFFA6C99600CF781A0136B8AC0095
:10B058000CF2CCFE8542E60022261F01B870500093
:10B068002033A5FEBFF337003A4992FE9BA7CDFFD8
:10B07800646898FFC5FECFFFAD13F700EE0ACA005B
:10B08800EF97F2005E3B27FFF01D66FF0A5C9AFF10
:10B09800E554DBFFA1815000D05ACC01F0DBAEFFB4
:10B0A8009E66910135B24CFF346CA80153DE6B00EB
:10B0B800D3246D00763A3800081D1600EDA0C700AD
:10B0C800AAD19D0089472F008F562000C6F20200A2
:10B0D800D43088015CACBA00E697690160BFE5002E
:10B0E8008A50BFFEF0D882FF622B06FEA8C431004A
:10B0F800FD125B01904979003D9227013F6818FFD6
:10B10800B8A570FE7EEB620050D562FF7B3C57FF0E
:10B11800528CF501DF78ADFF0FC68601CE3CEF00FB
:10B12800E7EA5CFF21EE13FFA5718E01B0772600D8
:10B13800A02BA6FEEF5B69006B3DC2011904440019
:10B148000F8B3300A4846AFF22742EFEA85FC5000B
:10B1580089D41700489C3A00897045FE96699AFF81
:10B16800ECC99D0017D49AFF8852E3FEE23BDDFF4D
:10B178005F95C000517634FF212BD7010E934BFF0A
:10B18800599C79FE0E124F0093D08B0197DA3EFF3F
:10B198009C580801D2B862FF14AF7BFF6653E500E4
:10B1A800DC41740196FA04FF5C8EDCFF22F742FF53
:10B1B800CCE1B3FE975197004728ECFF8A3F3E0049
:10B1C800064FF0FFB7B9B50076321B003FE3C00069
:10B1D8007B633A0132E09BFF11E1DFFEDCE04DFFCB
:10B1E8000E2C7B018D80AF00F8D4C800963BB7FFCA
:10B1F80093611D0096CCB500FD2547009155770059
:10B208009AC8BA000280F9FF53187C000E578F00C5
:10B21800A833F5017C97E7FFD0F0C5017CBEB900E3
:10B22800303AF60014E9E8007D1262FF0DFE1FFFB8
:10B23800F5B182FF6C8E2300AB7DF2FE8C0C22FFF1
:10B24800A5A1A200CECD6500F719220164913900AD
:10B258002746390076CCCBFFF200A200A5F41E00E9
:10B26800C674E200806F99FF8C36B6013C7A0FFFF6
:10B278009B3A39013632C600ABD31DFF6B8AA7FF54
:10B28800AD6BC7FF6DA1C1005948F2FFCE7359FFDE
:10B29800FAFE8EFEB1CA5EFF51593200076942FFBD
:10B2A80019FEFFFECB4017FF4FDE6CFF27F94B005E
:10B2B800F17C3200EF988500DDF169009397620018
:10B2C800D5A179FEF2318900E925F9FE2AB71B00DC
:10B2D800B877E6FFD920A3FFD0FBE401893E83FFBE
:10B2E8004F4009FE5E307100118A32FEC1FF160020
:10B2F800F712C5014337680010CD5FFF30254200C3
:10B30800379C3F0140524AFFC83547FEEF437D0056
:10B318001AE0DE00DF895DFF1EE0CAFF09DC840059
:10B32800C626EB01668D56003C2B5101881C1A007D
:10B33800E92408FECFF29400A4A23F00332EE0FFD8
:10B3480072304FFF09AFE200DE03C1FF2FA0E8FF14
:10B35800FF5D69FE0E2AE6001A8A5201D02BF4001E
:10B368001B2726FF62D07FFF4095B6FF05FAD10064
:10B37800BB3C1CFE3119DAFFA974CDFF77127800A7
:10B388009C7493FF84356DFF0D0ACA006E53A700A5
:10B398009DDB89FF060382FF32A71EFF3C9F2FFF1C
:10B3A80081809DFE5E03BD0003A6440053DFD700E5
:10B3B800965AC2010FA84100E35333FFCDAB42FFB9
:10B3C80036BB3C0198662DFF779AE100F0F78800BC
:10B3D80064C5B2FF8B47DFFFCC52100129CE2AFF8C
:10B3E8009CC0DDFFD87BF4FFDADAB9FFBBBAEFFF08
:10B3F800FCACA0FFC334160090AEB5FEBB6473FF6F
:10B40800D34EB0FF1B07C10093D568FF5AC90AFF86
:10B41800507B42011621BA00010763FE1ECE0A00C6
:10B42800E5EA0500351ED2008A08DCFE4737A7008A
:10B4380048E1560176BEBC00FEC16501ABF9ACFF20
:10B448005E9EB7FE5D026CFFB05D4CFF49634FFF27
:10B458004A4081FEF62E410063F17FFEF69766FFB3
:10B468002C35D0FE3B66EA009AAFA4FF58F22000C4
:10B478006F260100FFB6BEFF73B00FFEA93C810026
:10B488007AEDF1005A4C3F003E4A78FF7AC36E00CD
:10B498007704B200DEF2D20082212EFE9C28290019
:10B4A800A792700131A36FFF79B0EB004CCF0EFF6C
:10B4B8000319C60129EBD5005524D601315C6DFF6F
:10B4C800C8181EFEA8ECC30091277C01ECC39500A8
:10B4D8005A24B8FF4355AAFF26231AFE837C44FF4B
:10B4E800EF9B23FF36C9A400C41675FF310FCD00AA
:10B4F80018E01D017E7190007515B600CB9F8D0078
:10B50800DF874D00B0E6B0FFBEE5D7FF6325B5FF86
:10B5180033158AFF19BD59FF3130A5FE982DF70064
:10B52800AA6CDE0050CA05001B4567FECC1681FFD9
:10B53800B4FC3EFED2015BFF926EFEFFDBA21C0054
:10B54800DFFCD5013B082100CE10F40081D3300088
:10B558006BA0D000703BD1006D4DD8FE2215B9FF0D
:10B56800F66338FFB38B13FFB91D32FF545913002C
:10B578004AFA62FFE12AC8FFC0D9CDFFD210A7005E
:10B5880063845F012BE63900FE0BCBFF63BC3FFFF2
:10B5980077C1FBFE50693600E8B5BD01B74570FFBD
:10B5A800D0ABA5FF2F6DB4FF7B53A50092A234FF4B
:10B5B8009A0B04FF97E35AFF928961FE3DE929FF40
:10B5C8005E2A37FF6CA4EC009844FE000A8C83FFC7
:10B5D8000A6A4FFEF39E890043B242FEB17BC6FF62
:10B5E8000F3E2200C5582AFF955FB1FF9800C6FF9D
:10B5F80095FE71FFE15AA3FF7DD9F7001211E00013
:10B60800804278FEC01909FF32DDCD0031D44600F2
:10B61800E9FFA40002D10900DD34DBFEACE0F4FF51
:10B628005E38CE01F2B302FF1F5BA401E62E8AFF4B
:10B63800BDE6DC00392F3DFF6F0B9D00B15B980024
:10B648001CE6620061577E00C65991FFA74F6B0048
:10B65800F94DA0011DE9E6FF961556FE3C0BC10009
:10B66800972524FEB996F3FFE4D45301AC97B400B0
:10B67800C9A99B00F43CEA008EEB040143DA3C00C4
:10B68800C0714B0174F3CFFF41AC9B00511E9CFF6E
:10B69800504821FE12E76DFF8E6B15FE7D1A84FF60
:10B6A800B0103BFF96C93A00CEA9C900D079E20094
:10B6B80028AC0EFF963D5EFF38399CFF8D3C91FF0C
:10B6C8002D6C95FFEE919BFFD1551FFEC00CD2004B
:10B6D80063625DFE98109700E1B9DC008DEB2CFFEA
:10B6E800A0AC15FE471A1FFF0D405DFE1C38C600B2
:10B6F800B13EF801B608F100A66594FF4E5185FFEA
:10B7080081DED701BCA981FFE807610031703CFFE9
:10B71800D9E5FB00776C8A0027137BFE8331EB00A9
:10B728008454910082E694FF194ABB0005F536FF60
:10B73800B9DBF10112C2E4FFF1CA66006971CA00FF
:10B748009BEB4F001509B2FF9C01EF00C8943D0028
:10B7580073F7D2FF31DD87003ABD0801232E0900B7
:10B76800514105FF349EB9FF7D742EFF4A8C0DFFB1
:10B77800D25CACFE93174700D9E0FDFE736CB4FFB2
:10B78800913A30FEDBB118FF9CFF3C019A93F2001E
:10B79800FD865700354BE50030C3DEFF1FAF32FF93
:10B7A8009CD278FFD023DEFF12F8B301020A65FFAE
:10B7B8009DC2F8FF9ECC65FF68FEC5FF4F3E0400A2
:10B7C800B2AC65016092FBFF410A9C000289A5FFAB
:10B7D8007404E700F2D7010013231DFF2BA14F00CB
:10B7E8003B95F601FB42B000C82103FF506E8EFF67
:10B7F800C3A11101E43842FF7B2F91FE8404A40009
:10B8080043AEAC0019FD720057615701FADC5400D1
:10B81800605BC8FF257D3B0013417600A134F1FF32
:10B82800EDAC06FFB0BFFFFF014182FEDFBEE600C0
:10B8380065FDE7FF92236D00FA1D4D0131001300ED
:10B848007B5A9B01165620FFDAD541006F5D7F00B9
:10B858003C5DA9FF087FB60011BA0EFEFD89F6FF10
:10B86800D51930FE4CEE00FFF85C46FF63E08B0014
:10B87800B809FF0107A4D000CD83C60157D6C70079
:10B8880082D65F00DD95DE001726ABFEC56ED500BB
:10B898002B738CFED7B1760060344201759EED00A3
:10B8A8000E40B6FF2E3FAEFF9E5FBEFFE1CDB1FF5B
:10B8B8002B058EFFAC63D4FFF4BB93001D3399FFB7
:10B8C800E47418FE1E65CF0013F696FF86E70500A0
:10B8D8007D86E2014D416200EC8221FF056E3E004B
:10B8E800456C7FFF07711600911453FEC2A1E7FF54
:10B8F80083B53C00D9D1B1FFE594D4FE0383B800E9
:10B9080075B1BB011C0E1FFFB0665000325497FF83
:10B918007D1F36FF159D85FF13B38B01E0E81A00E4
:10B928002275AAFFA7FCABFF498DCEFE81FA230042
:10B93800484FEC01DCE514FF29CAADFF634CEEFF6C
:10B94800C616E0FF6CC6C3FF248D6001EC9E3BFF6A
:10B958006A6457006EE20200E3EADE009A5D77FF50
:10B968004A70A4FF435B02FF159121FF66D689FF49
:10B97800AFE667FEA3F6A6005DF774FEA7E01CFF1E
:10B98800DC023901ABCE54007BE411FF1B78770051
:10B99800770B9301B42FE1FF68C8B9FEA5027200C6
:10B9A8004D4ED4002D9AB1FF18C479FE529DB600B1
:10B9B8005A10BE010C93C5005FEF98FF0BEB4700D0
:10B9C800569277FFAC86D6003C83C400A1E1810083
:10B9D8001F8278FE5FC8330069E7D2FF3A0994FFF7
:10B9E8002BA8DDFF7CED8E00C6D332FE2EF5670056
:10B9F800A4F854009846D0FFB475B100464FB9007A
:10BA0800F34A2000959CCF00C5C4A101F535EF008D
:10BA18000F5DF6FE8BF031FFC45824FFA2267B0091
:10BA280080C89D01AE4C67FFADA922FED801ABFFCF
:10BA38007233110088E4C2006E9638FE6AF69F00E1
:10BA480013B84FFF964DF0FF9B50A2000035A9FF99
:10BA58001D975600445E10005C076EFE627595FFE8
:10BA6800F94DE6FFFD0A8C00D67C5CFE2376EB00E0
:10BA7800593039011635A600B8903DFFB3FFC20012
:10BA8800D6F83DFE3B6EF600791551FEA603E4009C
:10BA98006A401AFF45E886FFF2DC35FE2EDC5500C9
:10BAA8007195F7FF61B367FFBE7F0B0087D1B600C2
:10BAB8005F348101AA90CEFF7AC8CCFFA8649200B7
:10BAC8003C9095FE463C28007A34B1FFF6D365FFDA
:10BAD800AEED080007337800131FAD007EEF9CFF22
:10BAE8008FBDCB00C48058FFE985E2FF1E7DADFF06
:10BAF800C96C32007B643BFFFEA30301DD94B5FFF4
:10BB0800D68839FEDEB489FFCF5836FF1C21FBFFEB
:10BB180043D63401D2D0640051AA5E009128350082
:10BB2800E06FE7FE231CF4FFE2C7C3FEEE11E60058
:10BB3800D9D9A4FEA99DDD00DA2EA201C7CFA3FFA3
:10BB48006C73A2010E60BBFF763C4C00B89F980056
:10BB5800D1E747FE2AA4BAFFBA9933FEDDABB6FF98
:10BB6800A28EAD00EB2FC100078B10015FA440FF30
:10BB780010DDA600DBC51000841D2CFF644575FF91
:10BB88003CEB58FE2851AD0047BE3DFFBB589D0019
:10BB9800E70B1700ED75A400E1A8DFFF9A7274FFA8
:10BBA800A398F2011820AA007D6271FEA8134C0028
:10BBB800119DDCFE9B340500136FA1FF475AFCFF63
:10BBC800AD6EF0000AC679FFFDFFF0FF427BD200A0
:10BBD800DDC2D7FE79A311FFE1076300BE31B600CD
:10BBE80073098501E81A8AFFD54484002C777AFF07
:10BBF800B3623300955A6A004732E6FF0A9976FF26
:10BC0800B1461900A557CD00378AEA00EE1E61003B
:10BC1800719BCF0062997F00226BDBFE7572ACFFCF
:10BC28004CB4FFFEF239B3FFDD22ACFE38A231FF7F
:10BC38005303FFFF71DDBDFFBC19E4FE105859FF27
:10BC4800471CC6FE161195FFF379FEFF6BCA63FF0A
:10BC580009CE0E01DC2F99006B8927016131C2FFE3
:10BC68009533C5FEBA3A0BFF6B2BE801C8060EFFE9
:10BC7800B58541FEDDE4ABFF7B3EE701E3EAB3FFB8
:10BC880022BDD4FEF4BBF900BE0D5001825901005B
:10BC9800DF85AD0009DEC6FF427F4A00A7D85DFFF9
:10BCA8009BA8C6014291000044662E01AC5A9A0036
:10BCB800D8804BFFA02833009E111B017CF0310077
:10BCC800ECCAB0FF977CC0FF26C1BE005FB63D003E
:10BCD800A3937CFFFFA533FF1C2811FED7604E00FD
:10BCE8005691DAFE1F24CAFF560905006F29C8FFBE
:10BCF800ED6C6100393E2C0075B80F012DF1740010
:10BD08009801DCFF9DA5BC00FA0F83013C2C7DFF48
:10BD180041DCFBFF4B32B800355A80FFE750C2FFC9
:10BD280088817F011512BBFF2D3AA1FF479322009E
:10BD3800AEF90BFE238D1D00EF44B1FF736E3A0080
:10BD4800EEBEB10157F5A6FFBE31F7FF9253B8FF1B
:10BD5800AD0E27FF92D768008EDF780095C89BFF4D
:10BD6800D4CF910110B5D900AD2057FFFF23B500FE
:10BD780077DFA101C8DF5EFF4606BAFFC04355FF63
:10BD880032A99800901A7BFF38F3B3FE1444880058
:10BD9800278CBCFEFDD005FFC87387012BACE5FFDF
:10BDA8009C68BB0097FBA700348717009799480049
:10BDB80093C56BFE949E05FFEE8FCE007E9989FF9A
:10BDC8005898C5FE0744A700FC9FA5FFEF4E36FF15
:10BDD800183F37FF26DE5E00EDB70CFFCECCD20051
:10BDE8001327F6FE1E4AE700876C1D01B373000097
:10BDF800757674018406FCFF9181A10169438D0069
:10BE08005225E2FFEEE2E4FFCCD681FEA27B64FF7E
:10BE1800B979EA002D6CE700420838FF8488800071
:10BE2800ACE042FEAF9DBC00E6DFE2FEF2DB45007F
:10BE3800B80E770152A23800727B1400A26755FF32
:10BE480031EF63FE9C87D7006FFFA7FE27C4D6009B
:10BE580090264F01F9A87D009B619CFF1734DBFFFA
:10BE6800961690002C95A5FF287FB700C44DE9FFD2
:10BE78007681D2FFAA87E6FFD677C600E9F02300CD
:10BE8800FD3407FF756630FF15CC9AFFB388B1FF04
:10BE980017020301958259FFFC119F01463C1A00C5
:10BEA800906B1100B4BE3CFF38B63BFF6E4736FFBF
:10BEB800C61281FF95E057FFDF1598FF8A16B6FF77
:10BEC800FA9CCD00EC2DD0FF4F94F2016546D100CD
:10BED800674EAE006590ACFF9888ED01BFC2880040
:10BEE80071507D0198048D009B9635FFC474F50050
:10BEF800EF7249FE135211FF7C7DEAFF2834BF0020
:10BF08002AD29EFF9B84A500B2052A01405C28FF27
:10BF180024554DFFB2E47600894260FE73E2420088
:10BF28006EF045FE976F5000A7AEECFFE36C6BFF19
:10BF3800BCF241FFB751FF0039CEB5FF2F22B5FF44
:10BF4800D5F09E01474B5F009C2818FF66D2510030
:10BF5800ABC7E4FF9A222900E3AF4B0015EFC300FB
:10BF68008AE55F014CC03100757B5701E3E182002F
:10BF78007D3E3FFF02C6AB00FE240DFE91BACE0007
:10BF880094FFF4FF2300A6001E96DB015CE4D400B6
:10BF98005CC63CFE3E85C8FFC9293B007DEE6DFFAF
:10BFA800B4A3EE018C7A5200091658FFC59D2FFFE5
:10BFB800995E3900581EB60054A15500B2927C0013
:10BFC800A6A607FF15D0DF009CB6F2009B79B90042
:10BFD800539CAEFE9A1076FFBA53E801DF3A79FF18
:10BFE8001D175800237D7FFFAA0595FEA40C82FF2C
:10BFF8009BC41D00A160880007231D01A225FB002A
:10C00800032EF2FF00D9BC0039AEE201CEE90200EE
:10C0180039BB88FE7BBD09FFC9757FFFBA24CC00F8
:10C02800E719D800504E6900138681FF94CB44006D
:10C038008D517DFEF8A5C8FFD69087009737A6FFDB
:10C0480026EB5B00152E9A00DFFE96FF2399B4FFBE
:10C058007DB01D012B621EFFD87AE6FFE9A00C0017
:10C0680039B90CFEF07107FF050910FE1A5B6C0068
:10C078006DC6CB00089328008186E4FF7CBA28FFB0
:10C08800726284FEA684170063452C0009F2EEFF55
:10C09800B8353B00848166FF3420F3FE93DFC8FF88
:10C0A8007B53B3FE8790C9FF8D253801973CE3FF8A
:10C0B8005A499C01CBACBB0050972FFF5E89E7FF24
:10C0C80024BF3BFFE1D1B5FF4AD7D5FE0676B3FFC3
:10C0D8009936C1013200E700689D48018CE39AFF58
:10C0E800B6E210FE60E15CFF7314AAFE06FA4E0089
:10C0F800F84BADFF355906FF00B4760048AD010096
:10C108004008CE01AE85DF00B93E85FFD60B620040
:10C11800C51FD000ABA7F4FF16E7B50196DAB90042
:10C12800F7A96101A58BF7FF2F78950167F8330010
:10C138003C451CFE19B3C4007C07DAFE3A6B51007B
:10C14800B8E99CFFFC4A240076BC43008D5F35FFAC
:10C15800DE5EA5FE2E3D3500CE3B73FF2FECFAFFC9
:10C168004A052001819AEEFF6A20E20079BB3DFF73
:10C1780003A6F1FE43AAACFF1DD8B2FF17C9FC0005
:10C18800FD6EF300C87D39006DC060FF3473EE00AA
:10C198002679F3FFC9382100C27682004B6019FF67
:10C1A800AA1EE6FE273FFD00242DFAFFFB01EF0043
:10C1B800A0D45C012DD1ED00F32157FEED54C9FF49
:10C1C800D4129DFED4637FFFD96210FE8BACEF00C2
:10C1D800A8C982FF8FC1A9FFEE97C101D7682900BE
:10C1E800EF3DA5FE0203F20016CBB1FEB1CC16005E
:10C1F8009581D5FE1F0B29FF009F79FEA01972FFBC
:10C20800A250C8009D970B009A864E01D836FC00B4
:10C218003067850069DCC500FDA84DFE35B3170001
:10C228001879F001FF2E60FF6B3C87FE62CDF9FFA5
:10C238003FF977FF783BD3FF72B437FE5B55ED00CB
:10C2480095D44D013849310056C696005DD1A000FD
:10C2580045CDB6FFF45A2B001424B0007A74DD00E3
:10C2680033A72701E7013FFF0DC5860003D122FF51
:10C27800873BCA00A7644E002FDF4C00B93C3E0044
:10C28800B2A67B01840CA1FF3DAE2B00C3459000F4
:10C298007F2FBF01222C4E0039EA3401FF1628FFF8
:10C2A800F65E920053E480003C4EE0FF0060D2FF4F
:10C2B80099AFEC009F154900B473C4FE83E16A008E
:10C2C800FFA786009F0870FF7844C2FFB0C4C6FF6E
:10C2D8007630A8FF5DA9010070C866014A18FE0003
:10C2E800138D04FE8E3E3F0083B3BBFF4D9C9BFF26
:10C2F8007756A400AAD092FFD0859AFF949B3AFF64
:10C30800A278E8FEFCD59B00F10D2A005E3283007E
:10C31800B3AA70008C5397FF377754018C23EFFF33
:10C32800992D4301ECAF2700369767FF9E2A41FFFE
:10C33800C4EF87FE5635CB0095612FFED82311FF39
:10C348004603460167245AFF281AAD00B8300D008D
:10C35800A3DBD9FF510601FFDDAA6CFEE9D05D0021
:10C3680064C9F9FE562423FFD19A1E01E3C9FBFFD5
:10C3780002BDA7FE643903000D802900C5644B0087
:10C3880096CCEBFF91AE3B0078F895FF5537E1006E
:10C3980072D235FEC7CC77000EF74A013FFB810009
:10C3A80043689701878250004F5937FF75E69DFF14
:10C3B80019608F00D591050045F1780195F35FFF6D
:10C3C800722A1400834802009A3514FF493E6D0012
:10C3D800C4669800290CCCFF7A260B01FA0A910052
:10C3E800CF7D9400F6F4DEFF2920550170D57E003C
:10C3F800A2F9560147C67FFF51091501622704FFBC
:10C40800CC472D014B6F8900EA3BE70020305FFFE6
:10C41800CC1F72011DC4B5FF33F1A7FE5D6D8E0000
:10C4280068902D00EB0CB5FF3470A4004CFECAFFD9
:10C43800AE0EA2003DEB93FF2B40B9FEE97DD9007B
:10C44800F358A7FE4A3108009CCC42007CD67B00FA
:10C4580026DD76019270EC007262B1009759C70030
:10C4680057C57000B995A1002C60A500F8B314FF5A
:10C47800BCDBD8FE283E0D00F38E8D00E5E3CEFF31
:10C48800ACCA23FF75B0E1FF526E26012AF50EFFF4
:10C498001453610031AB0A00F277780019E83D00C7
:10C4A800D4F093FF047338FF9111EFFECA11FBFF1C
:10C4B800F912F5FF6375EF00B804B3FFF6ED33FF2B
:10C4C80025EF89FFA670A6FF51BC21FFB9FA8EFFA0
:10C4D80036BBAD00D070C900F62BE40168B858FF30
:10C4E800D434C4FF33756CFFFE759B002E5B0FFFC1
:10C4F800570E90FF57E3CC00531A53019F4CE300AB
:10C508009F1BD50118976C007590B3FE89D1520016
:10C51800269F0A007385C900DFB69C016EC45DFFC3
:10C52800393CE90005A769FF9AC5A4006022BAFF53
:10C5380093852501DC63BE0001A754FF1491AB006D
:10C54800C2C5FBFE5F4E85FFFCF8F3FFE15D83FF8C
:10C55800BB86C4FFD899AA0014769EFE8C0176008B
:10C56800569E0F012DD329FF930164FE71744CFF71
:10C57800D37F6C01670F3000C110660145335FFF40
:10C588006B809D0089ABE9005A7C90016AA1B600D6
:10C59800AF4CEC01C88DACFFA33A6800E9B434FF96
:10C5A800F0FD0EFFA271FEFF26EF8AFE342EA600D4
:10C5B800F16521FE83BA9C006FD03EFF7C5EA0FF30
:10C5C8001FACFE0070AE38FFBC631BFF438AFB0044
:10C5D8007D3A80019C98AEFFB20CF7FFFC549E0098
:10C5E80052C50EFEACC853FF25272E016ACFA700FF
:10C5F80018BD220083B29000CED50400A1E2D2007B
:10C60800483369FF612DBBFF4EB8DFFFB01DFB004B
:10C618004FA056FF7425B200524DD50152548DFFDC
:10C62800E265D401AF58C7FFF55EF701AC766DFF40
:10C63800A6B9BE0083B5780057FE5DFF86F049FFB6
:10C6480020F58FFF8BA267FFB36212FED9CC700072
:10C6580093DF78FF350AF300A68C96007D50C8FF5B
:10C668000E6DDBFF5BDA01FFFCFC2FFE6D9C74FF97
:10C6780073317F01CC57D3FF94CAD9FF1A55F9FFFC
:10C688000EF586014C59A9FFF22DE6003B62ACFF7E
:10C69800724984FE4E9B31FF9E7E540031AF2BFFC2
:10C6A80010B654FF9D67230068C16DFF43DD9A00F3
:10C6B800C9AC01FE08A25800A5011DFF7D9BE5FF3E
:10C6C8001E9ADC0167EF5C00DC016DFFCAC6010041
:10C6D8005E028E0124362C00EBE29EFFAAFBD6FFF9
:10C6E800B94D0900614AF200DBA395FFF02376FFFC
:10C6F800DF7258FEC0C703006A2518FFC9A176FF7C
:10C7080061596301E03A67FF65C793FEDE3C630049
:10C71800EA193B0134871B0066035BFEA8D8EB00CF
:10C72800E5E88800683C81002EA8EE0027BF43009A
:10C738004BA32F008F6162FF38D8A801A8E9FCFF3E
:10C74800236F16FF5C542B001AC857015BFD980035
:10C75800CA3846008E084D00500AAF01FCC74C008D
:10C76800166E52FF8101C2000B803D01570E91FFEA
:10C77800FDDEBE010F48AE0055A356FE3A632CFFFE
:10C788002D18BCFE1ACD0F0013E5D2FEF843C300E6
:10C798006347B8009AC725FF97F379FF26334BFF05
:10C7A800C95582FE2C41FA003993F3FE922B3BFFC8
:10C7B800591C3500215418FFB33312FEBD465300EF
:10C7C8000B9CB301628677009E6F6F00779A49FFD2
:10C7D800C83F8CFE2D0D0DFF9AC002FE51482A005D
:10C7E8002EA0B9FE2C70060092D795011AB06800E9
:10C7F800441C5701EC3299FFB380FAFECEC1BFFF4B
:10C80800A65C89FE3528EF00D201CCFEA8AD230036
:10C818008DF32D0124326DFF0FF2C2FFE39F7AFFE3
:10C82800B0AFCAFE4639480028DF3800D0A23AFF28
:10C83800B7625D000F6F0C001E084CFF847FF6FF87
:10C848002DF2670045B50FFF0AD11E0003B379002A
:10C85800F1E8DA017BC758FF02D2CA01BC8251FF56
:10C868005E65D00167242D004CC118015F1AF1FFE5
:10C87800A5A2BB0024728C00CA4205FF253893008C
:10C88800980BF3017F55E8FFFA87D401B9B171001D
:10C898005ADC4BFF45F89200326F32005C165000AC
:10C8A800F42473FEA36452FF19C106017F3D2400DE
:10C8B800FD431EFE41ECAAFFA111D7FE3FAF8C003D
:10C8C800377F04004F70E9006DA028008F5307FFE1
:10C8D800411AEEFFD9A98CFF4E5EBDFF0093BEFF43
:10C8E8009347BAFE6A4D7FFFE99DE9018757EDFF3F
:10C8F800D00DEC019B6D24FFB464DA00B4A31200E0
:10C90800BE6E0901113F7BFFB388B4FFA57B7BFF97
:10C9180090BC51FE47F06CFF19700BFFE3DA33FF50
:10C92800A732EAFF724F6CFF1F1373FFB7F0630063
:10C93800E3578FFF48D9F8FF66A95F0181959500F5
:10C94800EE850C01E3CC2300D0731A016608EA00D7
:10C9580070588F0190F90E00F09EACFE647077005D
:10C96800C28D99FE283853FF79B02E002A354CFF26
:10C978009EBF9A005BD15C00AD0D10010548E2FF37
:10C98800CCFE950050B8CF0064097AFE7665ABFFFF
:10C99800FCCB00FEA0CF36003848F901388C0DFFDB
:10C9A8000A406BFE5B6534FFE1B5F8018BFF84003C
:10C9B800E6911100E93817007701F1FFD5A997FF33
:10C9C800636309FEB90FBFFFAD676D01AE0DFBFFD5
:10C9D800B25807FE1B3B44FF0A2102FFF8613B00E7
:10C9E8001A1E9201B0930A005F79CF01BC58180053
:10C9F800B95EFEFE7337C900183246007835060066
:10CA08008E429200E4E2F9FF68C0DE01AD44DB002B
:10CA1800A2B824FF8F6689FF9D0B17007D2D620049
:10CA2800EB5DE1FE3870A0FF4674F30199F937FF1A
:10CA380081271101F150F400574515015EE449FFC3
:10CA48004E4241FFC2E3E7003D9257FFAD9B17FFFF
:10CA58007074DBFED8260BFF83BA85005ED4BB005A
:10CA6800642F5B00CCFEAFFFDE12D7FEAD446CFF37
:10CA7800E3E44FFF26DDD500A3E396FE1FBE1200B8
:10CA8800A0B30B010A5A5EFFDCAE5800A3D3E5FF42
:10CA9800C7883400825FDDFF8CBCE7FE8B7180FFA6
:10CAA80075ABECFE31DC14FF3B14ABFFE46DBC004E
:10CAB80014E120FEC310AE00E3FE88018727690059
:10CAC800964DCEFFD2EEE20037D484FEEF397C00DB
:10CAD800AAC25DFFF910F7FF18973EFF0A970A00F0
:10CAE8004F8BB2FF78F2CA001ADBD5003E7D23FFD8
:10CAF80090026CFFE62153FF512DD801E03E110052
:10CB0800D6D97D00629999FFB3B06AFE835D8AFF2A
:10CB18006D3E24FFB27920FF78FC4600DCF8250042
:10CB2800CC58670180DCFBFFECE307016A31C6FFE4
:10CB38003C386B006372EE00DCCC5E0149BB01003F
:10CB4800599A22004ED9A5FF0EC3F9FF09E6FDFF49
:10CB5800CD87F5001AFC07FF54CD1B018602700033
:10CB6800259E2000E75BEDFFBFAACCFF9807DE00FB
:10CB78006DC03100C1A692FFE813B5FF698E34FF7E
:10CB880067101B01FDC8A500C3D904FF34BD90FF81
:10CB98007B9BA0FE578236FF4E783DFF0E3829005A
:10CBA80019297DFF57A8F500D6A54600D4A906FF88
:10CBB800DBD3C2FE485DA4FFC52167FF2B8E8D0025
:10CBC80083E1AC00F4691C004444E10088540DFF83
:10CBD800823928FE8B4D380054963500365F9D000B
:10CBE800900DB1FE5F73BA00751776FFF4A6F1FFDA
:10CBF8000BBA8700B26ACBFF61DA5D002BFD2D000E
:10CC0800A49804008B76EF00600118FEEB99D3FF1F
:10CC1800A86E14FF32EFB0007229E800C1FA35009F
:10CC2800FEA06FFE887A29FF616C4300D79817FF32
:10CC38008CD1D4002ABDA300CA2A32FF6A6ABDFF7C
:10CC4800BE44D9FFE93A7500E5DCF301C5030400E9
:10CC5800257836FE049C86FF243DABFEA58864FF3C
:10CC6800D4E80E005AAE0A00D8C641FF0C034000B3
:10CC7800747173FFF8670800E77D12FFA01CC500F8
:10CC88001EB82301DF49F9FF7B142EFE873825FFE4
:10CC9800AD0DE50177A122FFF53D4900CD7D70007E
:10CCA80089688600D9F61EFFED8E8F00419F66FFCA
:10CCB8006CA4BE00DB75ADFF222578FEC845500088
:10CCC8001F7CDAFE4A1BA0FFBA9AC7FF47C7FC00C1
:10CCD80068519F0111C82700D33DC0011AEE5B00BF
:10CCE80094D90C003B5BD5FF0B51B7FF81E67AFF67
:10CCF80072CB910177B442FF488AB400E0956A008C
:10CD0800775268FFD08C2B006209B6FFCD6586FF8D
:10CD1800126526005FC5A6FFCBF193003ED091FFB8
:10CD280085F6FB0002A90E000DF7B8008E07FE007D
:10CD380024C817FF58CDDF005B8134FF15BA1E00E9
:10CD48008FE4D201F7EAF8FFE6451FFEB0BA87FF85
:10CD5800EECD34018B4F2B0011B0D9FE20F34300E8
:10CD6800F26FE9002C2309FFE372510104470CFF1D
:10CD78002669BF00077532FF514F10003F4441FF3D
:10CD88009D246EFF4DF103FFE22DFB018E19CE00AD
:10CD9800787BD1011CFEEEFF05807EFF5BDED7FFAE
:10CDA800A20FBF0056F0490087B951FE2CF1A3002D
:10CDB800D4DBD2FF70A29B00CF657600A84838FF6D
:10CDC800C405340048ACF2FF7E169DFF92603BFF1D
:10CDD800A27998FE8C105F00C3FEC8FE5296A2008E
:10CDE800772B91FECCAC4EFFA6E09F006813EDFFB9
:10CDF800F57ED0FFE23BD50075D9C5009848ED0017
:10CE0800DC1F17FE0E5AE7FFBCD440013C65F6FF55
:10CE18005518560001B16D00925320014BB6C00061
:10CE280077F1E000B9ED1BFFB8655201EB254DFF26
:10CE3800FD861300E8F67A003C6AB300C30B0C00C9
:10CE48006D42EB017D713B003D28A400AF68F00006
:10CE5800022FBBFF320C8D00C28BB5FF87FA68002A
:10CE6800615CDEFFD995C9FFCBF176FF4F97430090
:10CE78007A8EDAFF95F5EF008A2AC8FE502561FF01
:10CE88007C70A7FF248A57FF821D93FFF1574EFF3E
:10CE9800CC611301B1D116FFF7E37FFE637753FF2F
:10CEA800D419C60110B3B300914DACFE59990EFFC9
:10CEB800DABDA7006BE93BFF2321F3FE2C7070FF5E
:10CEC800A17F4F01CCAF0A0028158AFE6874E400E0
:10CED800C75F89FF85BEA8FF92A5EA01B76327004F
:10CEE800B7DC36FEFFDE8500A2DB79FE3FEF0600E9
:10CEF800E16636FFFB12F6000422810187248300D5
:10CF0800CE323B010F61B700ABD887FF65982BFF86
:10CF180096FB5B0026915F0022CC26FEB28C53FF65
:10CF28001981F3FF4C9025006A241AFE7690ACFF15
:10CF380044BAE5FF6BA1D5FF2EA344FF95AAFD00D7
:10CF4800BB110F00DAA0A5FFAB23F601600D13009B
:10CF5800A5CB7500D66BC0FFF47BB10164036800F4
:10CF6800B2F261FFFB4C82FFD34D2A01FA4F46FF14
:10CF78003FF450016965F6003D883A01EE5BD50043
:10CF88000E3B62FFA7544D0011842EFE39AFC5FF3A
:10CF9800B93EB8004C40CF00ACAFD0FEAF4A250038
:10CFA8008A1BD3FE947DC2000A595100A8CB65FFA5
:10CFB8002BD5D101EBF536001E23E2FF097E460092
:10CFC800E27D5EFE9C7514FF39F87001E63040FF83
:10CFD800A45CA601E0D6E6FF24788F0037082BFF73
:10CFE800FB01F5016A62A5004A6B6AFE350436FF4B
:10CFF8005AB2960103787BFFF405590172FA3DFF96
:10D00800FE9952014D0F110039EE5A015FDFE6001B
:10D01800EC342FFE6794A4FF79CF24011210B9FFD6
:10D028004B144A00BB0B65002E3081FF16EFD2FF70
:10D038004DEC81FF6F4DCCFF3D4861FFC7D9FBFF29
:10D048002AD7CC008591C9FF39E69201EB64C60066
:10D05800924923FE6CC614FFB64FD2FF5267880070
:10D06800F66CB00022113CFF134A72FEA8AA4EFFCC
:10D078009DEF14FF9529A8003A791C004FB386FF4D
:10D08800E77987FFAED162FFF37ABE00ABA6CD0089
:10D09800D47430001D6C42FFA2DEB6010E77150075
:10D0A800D527F9FFFEDFE4FFB7A5C60085BE30002F
:10D0B8007CD06DFF77AF55FF09D1790130ABBDFF4B
:10D0C800C347860188DB33FFB65B8DFE319F48007E
:10D0D8002376F5FF70BAE3FF3B891F00892CA30074
:10D0E80072673CFE08D59600A20A71FFC268480024
:10D0F800DC8374FFB24F5C00CBFAD5FE5DC1BDFF87
:10D1080082FF22FED4BC9700881114FF146553FFD8
:10D11800D4CEA600E5EE49FF974A03FFA857D700EB
:10D128009BBC85FFA6814900F04F85FFB2D351FF14
:10D13800CB48A3FEC1A8A5000EA4C7FE1EFFCC00C5
:10D1480041485B01A64A66FFC82A00FFC271E3FF97
:10D158004217D000E5D864FF18EF1A000AE93EFF2D
:10D168007B0AB2011A24AEFF77DBC7012DA3BE00EC
:10D1780010A82A00A639C6FF1C1A1A007EA5E700C7
:10D18800FB6C64FF3DE579FF3A768A004CCF1100CD
:10D198000D2270FE5910A80025D069FF23C9D7FFBA
:10D1A800286A65FE06EF72002867E2FEF67F6EFFCA
:10D1B8003FA73A0084F08E00059E58FF81499EFFE4
:10D1C8005E599200E6369200082DAD004FA9010085
:10D1D80073BAF7005440830043E0FDFFCFBD400021
:10D1E8009A1C51012DB836FF57D4E0FF006049FF63
:10D1F8008121EB01344250FFFBAE9BFF04B32500B5
:10D20800EAA45DFE5DAFFD00C64557FFE06A2E004B
:10D21800631DD2003EBC72FF2CEA0800A9AFF7FFDD
:10D22800176D89FFE5B62700C0A55EFEF565D90034
:10D23800BF586000C45E63FF6AEE0BFE357EF300E4
:10D248005E0165FF2E930200C97C7CFF8D0CDA001D
:10D258000DA69D0130FBEDFF9BFA7CFF6A9492FFBF
:10D26800B60DCA001C3DA700D99808FEDC822DFF28
:10D27800C8E6FF01374157FF5DBF61FE72FB0E0034
:10D2880020695C011ACF8D0018CF0DFE153230FFD2
:10D29800BA9474FFD32BE1002522A2FEA4D22AFF60
:10D2A800441760FFB6D608FFF57589FF42C3320000
:10D2B8004B0C53FE508CA40009A52401E46EE30036
:10D2C800F1115A011934D40006DF0CFF8BF3390031
:10D2D8000C714B01F6B7BFFFD5BF45FFE60F8E00B7
:10D2E80001C3C4FF8AAB2FFF403F6A0110A9D6FFD4
:10D2F800CFAE3801584985FFB6858C00B10E19FFAD
:10D3080093B835FF0AE3A1FF78D8F4FF494DE90047
:10D318009DEE8B013B41E90046FBD80129B899FFF6
:10D3280020CB70009293FD0057656D012C5285FF4C
:10D33800F49635FF5E98E8FF3B5D27FF5893DCFFC6
:10D348004E510D01202FFCFFA01372FF5D6B27FFCC
:10D358007610D301B977D1FFE3DB7FFE5869ECFF84
:10D36800A26E17FF24A66EFF5BECDDFF42EA740095
:10D378006F13F4FE0AE91A0020B706FE02BFF20096
:10D38800DA9C35FE293C46FFA8EC6F0079B97EFF90
:10D39800EE8ECFFF377E3400DC81D0FE50CCA4FF68
:10D3A800431790FEDA286CFF7FCAA400CB2103FF45
:10D3B800029E00002560BCFFC0314A006D040000D9
:10D3C8006FA70AFE5BDA87FFCB42ADFF96C2E20089
:10D3D800C9FD06FFAE667900CDBF6E0035C20400F8
:10D3E80051282DFE23668FFF0C6CC6FF101BE8FF2B
:10D3F800FC47BA01B06E72008E037501714D8E0044
:10D40800139CC5015C2FFC0035E816013612EB00B1
:10D418002E23BDFFECD481000260D0FEC8EEC7FF0A
:10D428003BAFA4FF922BE700C2D934FF03DF0C0007
:10D438008A36B2FE55EBCF00E8CF2200313432FFF6
:10D44800A67159FF0A2DD8FF3EAD1C006FA5F60046
:10D4580076735BFF80543C00A790CB00570DF30018
:10D46800161EE401B17192FF81AAE6FEFC9981FFC4
:10D4780091E12B0046E705FF7A697EFE56F694FF98
:10D488006E259AFED1035B0044913E00E410A5FF8F
:10D4980037DDF9FEB2D25B005392E2FE4592BA0044
:10D4A8005DD268FE1019AD00E7BA2600BD7A8CFF80
:10D4B800FB0D70FF696E5D00FB48AA00C017DFFF17
:10D4C8001803CA01E15DE4009993C7FE6DAA16002E
:10D4D800F865F6FFB27C0CFFB2FE66FE3704410029
:10D4E8007DD6B400B76093002D7517FE84BFF90090
:10D4F8008FB0CBFE88B736FF92EAB100926556FF2F
:10D508002C7B8F0121D19800C05A29FE530F7DFF33
:10D51800D5AC5200D7A99000100D220020D164FF8D
:10D528005412F901C511ECFFD9BAE60031A0B0FFD9
:10D538006F7661FFED68EB004F3B5CFE45F90BFF32
:10D5480023AC4A0113764400DE7CA5FFB44223FFD6
:10D5580056AEF6002B4A6FFF7E9056FFE4EA5B005A
:10D56800F2D518FE452CEBFFDCB4230008F807FFC2
:10D57800662F5CFFF0CD66FF71E6AB011FB9C9FFEE
:10D58800C2F646FF7A11BB008646C7FF950396FF91
:10D59800753F670041687BFFD4361301068D58003C
:10D5A8005386F3FF88356700A91BB400B131180012
:10D5B8006F36A700C33DD7FF1F016C013C2A460008
:10D5C800B903A2FFC29528FFF67F26FEBE7726FF85
:10D5D8003D77080160A1DBFF2ACBDD01B1F2A4FF92
:10D5E800F59F0A0074C40000055DCDFE807FB3007E
:10D5F8007DEDF6FF95A2D9FF572514FE8CEEC000ED
:10D608000909C1006101E2001D260A0000883FFFE8
:10D61800E548D2FE26865CFF4EDAD001682454FF26
:10D628000C05C1FFF2AF3DFFBFA92E01B39393FFD5
:10D6380071BE8BFE7DAC1F00034BFCFED7240F0090
:10D64800C11B1801FF4595FF6E817600CB5DF9007F
:10D658008A8940FE264606009974DE00A14A7B00AE
:10D66800C1634FFF763B5EFF3D0C2B0192B19D00DD
:10D678002E93BF0010FF26000B331F013C3A62FFB8
:10D688006FC24D019A5BF4008C289001AD0AFB0033
:10D69800CBD132FE6C824E00E4B45A00AE07FA00D9
:10D6A8001FAE3C0029AB1E00746352FF76C18BFF8E
:10D6B800BBADC6FEDA6F3800B97BD800F99E3400DE
:10D6C80034B45DFFC9095BFF382DA6FE849BCBFFF0
:10D6D8003AE86E0034D359FFFD00A2010957B7009C
:10D6E80091882C015E7AF50055BCAB01935CC600AD
:10D6F800000868001E5FAE00DDE63401F7F7EBFFB7
:10D7080089AE35FF2315CCFF47E3D601E852C200A6
:10D718000B30E3FFAA49B8FFC6FBFCFE2C702200C1
:10D72800836583FF48A8BB0084877DFF8A6861FF03
:10D73800EEB8A8FFF36854FF87D8E2FF8B90ED009E
:10D74800BC89960150388CFF56A9A7FFC24E19FF15
:10D75800DC11B4FF110DC1007589D4FF8DE097006D
:10D7680031F4AF00C163AFFF13639A01FF413EFF7D
:10D778009CD237FFF2F403FFFA0E95009E58D9FFAA
:10D788009DCF86FEFBE81C002E9CFBFFAB38B8FF44
:10D79800EF33EA008E8A83FF19FEF3010AC9C2003B
:10D7A8003F614B00D2EFA200C0C81F0175D6F3003D
:10D7B8001847DEFE3628E8FF4CB76FFE900E57FF7D
:10D7C800D64F88FFD8C4D400841B8CFE8305FD0087
:10D7D8007C6C13FF1CD74B004CDE37FEE9B63F00CC
:10D7E80044ABBFFE346FDEFF0A694DFF50AAEB0061
:10D7F8008F1858FF2DE779009481E0013DF6540019
:10D80800FD2EDBFFEF4C2100319412FEE62545008A
:10D81800438616FE8E9B5E001F9DD3FED52A1EFFF3
:10D8280004E4F7FEFCB00DFF27001FFEF1F4FFFF34
:10D83800AA2D0AFEFDDEF900DE728400FF2F06FF26
:10D84800B4A3B301545E97FF59D152FEE534A9FF42
:10D85800D5EC0001D638E4FF877797FF70C9C1007F
:10D8680053A035FE0697420012A21100E9615B0041
:10D8780083054E01B57835FF755F3FFFED75B9003B
:10D88800BF7E88FF9077E900B73961012FC9BBFFD8
:10D89800A7A577012D647E00156206FE91965FFFAD
:10D8A80078369800D16268008F6F1EFEB894F90030
:10D8B800EBD82E00F8CA94FF395F1600F2E1A300F6
:10D8C800E9F7E8FF47AB13FF67F431FF54675DFFE3
:10D8D8004479F40152E00D00294F2BFFF9CEA7FF40
:10D8E800D73415FEC02016FFF76F3C00654A26FFA7
:10D8F800165B54FE1D1C0DFFC6E7D7FEF49AC80040
:10D90800DF89ED00D3840E005F40CEFF113EF7FFA4
:10D91800E98379015D174D00CDCC34FE51BD8800F7
:10D92800B4DB8A018F125E00CC2B8CFEBCAFDB000F
:10D938006F628FFF973FA2FFD33247FE13923500E5
:10D94800922D53FEB252EEFF108554FFE2C65DFFE2
:10D95800C96114FF787623FF7232E7FFA2E59CFFC6
:10D96800D31A0C00722773FFCED48600C5D9A0FF46
:10D9780074815EFEC7D7DBFF4BDFF901FD74B5FF8D
:10D98800E8D768FFE482F6FFB97556000E0508006F
:10D99800EF1D3D01ED5785FF7D9289FECCA8DF0084
:10D9A8002EA8F5009A691600DCD4A1FF6B4518FF74
:10D9B80089DAB5FFF154C6FF827AD3FF8D0899FF43
:10D9C800BEB176006059B200FF1030FE7A6069FF80
:10D9D8007536E8FF227E69FFCC43A600E8348AFF4B
:10D9E800D3930C00193607002C0FD7FE33EC2D000B
:10D9F800BE4481016A93E1001C5D2DFEEC8D0FFF92
:10DA0800113DA100DC73C000EC9118FE6FA8A900BD
:10DA1800E03A3FFF7FA4BC0052EA4B01E09E86003B
:10DA2800D1446E01D9A6D90046E1A601BBC18FFF3A
:10DA3800100758FF0ACD8C0075C09C0111382600CC
:10DA48001B7C6C01ABD737FF5FFDD4009B87A8FF19
:10DA5800F6B299FE9A444A00E83D60FE69843B00AC
:10DA6800214CC701BDB082FF096819FE4BC666FF8D
:10DA7800E90170006CDC14FF72E646008CC285FF79
:10DA8800399EA4FE920650FFA9C4610155B78200D1
:10DA9800469EDE013BEDEAFF60191AFFE8AF61FF21
:10DAA8000B79F8FE5823C200DBB4FCFE4A08E300F9
:10DAB800C3E34901B86EA1FF31E9A40180352F0005
:10DAC800520E79FFC1BE3A0030AE75FF84172000B0
:10DAD800280A8601163319FFF00BB0FF6E39920041
:10DAE800758FEF019D6576FF36544C00CDB812FF57
:10DAF8002F0448FF4E7055FFC13242015D1034FFBC
:10DB0800086986000C6D48FF3A9CFB009023CC0006
:10DB18002CA075FE326BC2000144A5FF6F6EA200F7
:10DB28009E5328FE4CD6EA003AD8CDFFAB6093FF4F
:10DB380028E37201B0E3F10046F9B70188548BFF7E
:10DB48003C7AF7FE8F0975FFB1AE89FE49F78F0061
:10DB5800ECB97EFF3E19F7FF2D4038FFA1F406000F
:10DB68002239380169CA53008093D00006670AFF3A
:10DB78004A8A41FF615064FFD6AE21FF32864AFFD0
:10DB88006E9782FE6F54AC0054C74BFEF83B70FF93
:10DB980008D8B20109B75F00EE1B08FEAACDDC0069
:10DBA800C3E58700624CEDFFE25B1A0152DB27FFF9
:10DBB800E1BEC701D9C879FF51B308FF8C41CE0037
:10DBC800B2CF57FEFAFC2EFF68596E01FDBD9EFFCD
:10DBD80090D69EFFA0F536FF35B75C0115C8C2FF89
:10DBE80092217101D101FF00EB6A2BFFA734E800F5
:10DBF8009DE5DD00331E1900FADD1B01419357FF37
:10DC08004F7BC40041C4DFFF4C2C110155F1440087
:10DC1800CAB7F9FF41D4D4FF09219A01473B500004
:10DC2800AFC23BFF8D48090064A0F400E6D038007D
:10DC38003B194BFE50C2C2001203C8FEA09F7300DE
:10DC4800848FF7016F5D39FF3AED0B0186DE87FFA0
:10DC58007AA36C017B2BBEFFFBBDCEFE50B648FFFE
:10DC6800D0F6E001113C0900A1CF26008D6D5B00C4
:10DC7800D80FD3FF884E6E0062A368FF155079FF56
:10DC8800ADB2B7017F8F0400683C52FED6100DFF7D
:10DC980060EE21019E94E6FF7F813EFF33FFD2FFB5
:10DCA8003E8DECFE9D37E0FF7227F400C0BCFAFF02
:10DCB800E44C3500625451FFADCB3DFE933237FF43
:10DCC800CCEBBF0034C5F400582BD3FE1BBF770044
:10DCD800BCE79A004251A1005CC1A001FAE37800B8
:10DCE8007B37E200B811480085A80AFE16879CFF1A
:10DCF800291967FF30CA3A00BA9551FFBC86EF0070
:10DD0800EBB5BDFED98BBCFF4A3052002EDAE500D8
:10DD1800BDFDFB0032E50CFFD38DBF0180F419FF78
:10DD2800A9E77AFE562FBDFF84B717FF25B296FFE5
:10DD38003389FD00C84E1F0016693200823C00007E
:10DD480084A35BFE17E7BB00C04FEF009D66A4FFEE
:10DD5800C052140118B567FFF009EA00017BA4FF5F
:10DD680085E900FFCAF2F2003CBAF500F110C7FFDE
:10DD7800E0749EFEBF7D5BFFE056CF007925E7FF8C
:10DD8800E309C6FF0F99EFFF79E8D9FE4B705200FF
:10DD98005F0C39FE33D669FF94DC6101C762240049
:10DDA8009CD10CFE0AD43400D9B437FED4AAE8FFBB
:10DDB800D81454FF9DFA87009D637FFE01CE290089
:10DDC8009524460136C4C9FF577400FEEBAB960094
:10DDD8001BA3EA00CA87B400D05F00FE7B9C5D00ED
:10DDE800B73E4B0089EBB600CCE1FFFFD68BD2FFE4
:10DDF800027308FF1D0C6F00349C0100FD15FBFF2A
:10DE080025A51FFE0C82D3006A1235FE2A639A00EC
:10DE18000ED93DFED80B5CFFC8C570FE9326C7001F
:10DE280024FC78FE6BA94D00017B9FFFCF4B660059
:10DE3800A3AFC4002C01F00078BAB0FE0D624CFF0D
:10DE4800ED7CF1FFE892BCFFC860E000CC1F290020
:10DE5800D0C80D0015E160FFAF9CC400F7D07E006C
:10DE68003EB8F4FE02AB510055739E0036402DFFBC
:10DE7800138A72008747CD00E32F9301DAE7420047
:10DE8800FDD11C00F40FADFF060F76FE1096D0FFF3
:10DE9800B91632FF5670CFFF4B71D7013F922BFF57
:10DEA80004E113FEE3173EFF0EFFD6FE2D08CDFF5B
:10DEB80057C597FED252D7FFF5F8F7FF80F846000E
:10DEC800E1F757005A784600D5F55C000D85E20069
:10DED8002FB505015CA369FF061E85FEE8B23DFF6C
:10DEE800E69518FF12319E00E4643DFE74F3FBFFD3
:10DEF8004D4B5C0151DB93FF4CA3FEFE8DD5F60024
:10DF0800E82598FE612C6400C9253201D4F4390053
:10DF1800AEABB7FFF94A7000A69C1E00DEDD61FFBC
:10DF2800F35D49FEFB6564FFD8D95DFFFE8ABBFF40
:10DF38008EBE34FF3BCBB1FFC85E340073729EFFC8
:10DF4800A59868017E63E2FF769DF4016BC8100016
:10DF5800C15AE500790658009C205DFE7DF1D3FF8B
:10DF68000EED9DFFA59A15FFB8E016FFFA1898FF69
:10DF7800714D1F00F7AB17FFEDB1CCFF348991FF4E
:10DF8800C2B67200E0EA95000A6F6701C981040011
:10DF9800EE8E4E00340628FF6ED5A5FE3CCFFD0060
:10DFA8003ED74500606100FF312DCA00787916FF21
:10DFB800EB8B3001C62D22FFB6321B0183D25BFFEB
:10DFC8002E368000AF7B69FFC68D4EFE43F4EFFF0F
:10DFD800F53667FE4E26F2FF025CF9FEFBAE57FFF0
:10DFE8008B3F9000186C1BFF2266120122169800C6
:10DFF80042E576FE328F630090A99501761E98005F
:10E00800B2087901089F12005A65E6FF811D770062
:10E0180044240B01E8B7370017FF60FFA129C1FFAF
:10E028003F8BDE000FB3F300FF640FFF523587000C
:10E038008939950163F0AAFF16E6E4FE31B452FF70
:10E048003D522B006EF5D900C77D3D002EFD3400F2
:10E058008DC5DB00D39FC100377969FEB7148100F5
:10E06800A977AAFFCBB28BFF8728B6FFAC0DCAFFF2
:10E0780041B2940008CF2B007A357F014AA13000C5
:10E08800E3D680FE560BF3FF64560701F54486FF7E
:10E098003D2B150198545EFFBE3CFAFEEF76E8FF73
:10E0A800D6882501714C6BFF5D68640190CE17FF1F
:10E0B8006E969A01E467B900DA3132FE874D8BFF1C
:10E0C800B9014E0000A194FF611DE9FFCF9495FFAF
:10E0D800A0A800005B80ABFF061C13FE0B6FF700C7
:10E0E80027BB96FF8AE89500753E44FF3FD8BCFFE2
:10E0F800EBEA20FE1D39A0FF190CF101A93CBF0075
:10E1080020838DFFED9F7BFF5EC55EFE74FE03FFDF
:10E118005CB361FE79615CFFAA700E001595F8008A
:10E12800F8E3030050606D004BC04A010C5AE2FF4F
:10E13800A16A4401D0727FFF722AFFFE4A1A4AFF81
:10E14800F7B396FE798C3C009346C8FFD628A1FF0A
:10E15800A1BCC9FF8D4187FFF273FC003E2FCA00A6
:10E16800B495FFFE8237ED00A511BAFF0AA9C200D7
:10E178009C6DDAFF708C7BFF6880DFFEB18E6CFFD0
:10E188007925DBFF804D12FF6F6C17015BC04B00D8
:10E19800AEF516FF04EC3EFF2B409901E3ADFE00FF
:10E1A800ED7A84017F59BAFF8E5280FEFC54AE008E
:10E1B8005AB3B101F3D657FF673CA2FFD0820EFFD6
:10E1C8000B828B00CE81DBFF5ED99DFFEFE6E6FF79
:10E1D80074739FFEA46B5F0033DA0201D87DC6FF1B
:10E1E8008CCA80FE0B5F44FF37095DFEAE9906FFBF
:10E1F800CCAC600045A06E00D52631FE1B50D50082
:10E20800767D7200464643FF0F8E49FF837AB9FF39
:10E21800F31432FE82ED2800D29F8C01C59741FF8E
:10E2280054994200C37E5A0010EEEC0176BB66FF9B
:10E23800031885FFBB45E60038C55C01D5455EFF80
:10E24800508AE501CE07E600DE6FE6015BE977FF5D
:10E258000959070102620100944A85FF33F6B4FFA9
:10E26800E4B170013ABD6CFFC2CBEDFE15D1C3001D
:10E27800930A2301569DE2001FA38BFE38074BFF2C
:10E288003E5A7400B53CA9008AA2D4FE51A71F00CB
:10E29800CD5A70FF2170E30053977501B1E049FF33
:10E2A800AE90D9FFE6CC4FFF164DE8FF724EEA005C
:10E2B800E0397EFE09318D00F293A50168B68CFF26
:10E2C800A7840C017B447F00E1572701FB6C080001
:10E2D800C6C18F017987CFFFAC164600324474FF60
:10E2E80065AF28FFF869E900A6CB07006EC5DA001C
:10E2F800D7FE1AFEA8E2FD001F8F60000B672900F9
:10E30800B781CBFE64F74AFFD57E8400D2932C00F8
:10E31800C7EA1B01942FB5009B5B9E013669AFFFCE
:10E32800024E91FE669A5F0080CF7FFE347CECFF40
:10E3380082544700DDF3D30098AACF00DE6AC700F5
:10E34800B7545EFE5CC838FF8AB673018E609200CF
:10E358008588E4006112960037FB42008C66040051
:10E36800CA6797001E13F8FF33B8CF00CAC6590012
:10E3780037C5E1FEA95FF9FF424144FFBCEA7E00D0
:10E38800A6DF640170EFF4009017C2003A27B600C8
:10E39800F42C18FEAF44B3FF98769A01B0A282001D
:10E3A800D972CCFEAD7E4EFF21DE1EFF24025BFF3C
:10E3B800028FF30009EBD70003AB970118D7F5FFDD
:10E3C800A82FA4FEF192CF004581B40044F3710058
:10E3D800903548FEFB2D0E00176EA80044444FFFF1
:10E3E8006E465FFEAE5B90FF21CE5FFF892907FF77
:10E3F80013BB99FE23FF70FF0991B9FE329D2500DA
:10E408000B7031016608BEFFEAF3A9013C551700FD
:10E418004A27BD007431EF00ADD5D2002EA16CFFA4
:10E428009F962500C478B9FF226206FF99C33EFF74
:10E4380061E647FF663D4C001AD4ECFFA46110006A
:10E44800C63B9200A317C40038183D00B562C1004E
:10E45800FB93E5FF62BD18FF2E36CEFFEA52F600A9
:10E46800B76726016D3ECC000AF0E000921675FFF2
:10E478008E9A780045D42300D063760179FF03FF94
:10E488004806C2007511C5FF7D0F17009A4F990005
:10E49800D65EC5FFB93793FF3EFE4EFE7F52990008
:10E4A8006E663FFF6C52A1FF69BBD401508A2700FA
:10E4B8003CFF5DFF480CBA00D2FB1F01BEA790FFCE
:10E4C800E42C13FE8043E800D6F96BFE889156FFD2
:10E4D800842EB000BDBBE3FFD0168C00D9D37400E6
:10E4E8003251BAFE8BFA1F001E40C601879B64009A
:10E4F800A0CE17FEBBA2D3FF10BC3F00FED0310058
:10E508005554BF00F1C0F2FF997E9101EAA2A2FF23
:10E51800E661D80140877E00BE94DF0134002BFFFE
:10E528001C27BD014088EE00AFC4B90062E2D5FFE8
:10E538007F9FF401E2AF3C00A0E98E01B4F3CFFF66
:10E54800459859011F6515009019A4FE8BBFD1008D
:10E558005B1979002093050027BA7BFF3F73E6FF1C
:10E568005DA7C6FF8FD5DCFFB39C13FF19427A0065
:10E57800D6A0D9FF022D3EFF6A4F92FE338963FF72
:10E588005764E7FFAF91E8FF65B801FFAE097D006A
:10E598005225A10124728DFF30DE8EFFF5BA9A0054
:10E5A80005AEDDFE3F729BFF8737A001501F870035
:10E5B8007EFAB301ECDA2D00141C91011093490086
:10E5C800F9BD840111BDC0FFDF8EC6FF48140FFFDF
:10E5D800FA35EDFE0F0B12001BD371FED56B38FF19
:10E5E800AE9392FF607E300017C16D0125A25E00D8
:10E5F800C79DF9FE1880BBFFCD31B2FE5DA42AFF8E
:10E608002B77EB0158B7EDFFDAD201FF6BFE2A003A
:10E61800E60A63FFA200E200DBED5B0081B2CB00FB
:10E62800D0325FFECED05FFFF7BF59FE6EEA4FFFD4
:10E63800A53DF300147A70FFF6F6B9FE67047B0077
:10E64800E963E601DB5BFCFFC7DE16FFB3F5E9FF14
:10E65800D3F1EA006FFAC0FF55548800653A32FFDB
:10E6680083AD9CFE772D33FF76E910FEF25AD60073
:10E678005E9FDB010303EAFF624C5CFE5036E60056
:10E6880005E4E7FE3518DFFF71387601148401FFD1
:10E69800ABD2EC0038F19EFFBA7313FF08E5AE0069
:10E6A800302C00017272A6FF0649E2FFCD59F40032
:10E6B80089E34B01F8AD38004A78F6FE77030BFF83
:10E6C8005178C6FF887A62FF92F1DD016DC24EFF74
:10E6D800DFF14601D6C8A9FF61BE2FFF2F67AEFF45
:10E6E800635C48FE76E9B4FFC123E9FE1AE520FF22
:10E6F800DEFCC600CC2B47FFC754AC008666BE00C4
:10E708006FEE61FEE628E600E3CD40FEC80CE100AE
:10E71800A619DE00714533FF8F9F1800A7B84A007D
:10E728001DE074FE9ED0E900C1747EFFD40B85FF06
:10E73800163A8C01CC2433FFE81E2B00EB46B5FFBC
:10E74800403892FEA91254FFE2010DFFC832B0FF13
:10E7580034D5F5FEA8D16100BF473700224E9C0092
:10E76800E8903A01B94ABD00BA8E95FE40457FFF50
:10E77800A1CB93FFB097BF0088E7CBFEA3B6890073
:10E78800A17EFBFEE920420044CF42001E1C25006A
:10E798005D726001FE5CF7FF2CAB4500CA770BFF8A
:10E7A800BC763201FF5388FF47521A0046E3020045
:10E7B80020EB7901B5299A004786E5FECAFF2400B7
:10E7C800299805009A3F49FF22B67C0079DD96FF1B
:10E7D8001ACCD50129AC57005A9D92FF6D821400BE
:10E7E800476BC8FFF366BD0001C391FE2E58750044
:10E7F80008CEE300BF6EFDFF6D8014FE865533FF23
:10E8080089B17001D82216FF8310D0FF7995AA002C
:10E8180072131701A6501FFF71F07A00E8B3FA00CF
:10E82800446EB4FED2AA7700DF6CA4FFCF4FE9FF95
:10E838001BE5E2FED16251FF4F44070083B9640033
:10E84800AA1DA2FF11A26BFF39150B0164C8B5FF01
:10E858007F41A601A586CC0068A7A80001A44F00A7
:10E8680092873B01463280FF66770DFEE3068700FC
:10E87800A28EB3FFA064DE001BE0DB019E5DC3FF38
:10E88800EA8D890010187DFFEECE2FFF611162FF1F
:10E89800746E0CFF60734D005BE3E8FFF8FE4FFFFA
:10E8A8005CE506FE58C68B00CE4B8100FA4DCEFFC4
:10E8B8008DF47B018A45DC002097060183A716FFAB
:10E8C800ED44A7FEC7BD9600A3AB8AFF33BC06FF85
:10E8D8005F1D89FE94E2B300B56BD0FF861F52FF1F
:10E8E80097652DFF81CAE100E0489300308A97FFC1
:10E8F800C340CEFEEDDA9E006A1D89FEFDBDE9FF2C
:10E90800670F11FFC261FF00B22DA9FEC6E19B008F
:10E91800273075FF876A73006126B500962F41FF7F
:10E928005382E5FEF62681005CEF9AFE5B637F006A
:10E93800A16F21FFEED9F2FF83B9C3FFD5BF9EFFB8
:10E948002996DA0084A983005954FC01AB4680FF5C
:10E95800A3F8CBFE0132B4FF7C4C5501FB6F50008D
:10E968006342EFFF9AEDB6FFDD7E85FE4ACC63FF7A
:10E97800419377FF6338A7FF4FF895FF749BE4FF37
:10E98800ED2B0EFE45890BFF16FAF1015B7A8FFF1E
:10E99800CDF9F300D41A3CFF30B6B0013017BFFFF1
:10E9A800CB7998FE2D4AD5FF3E5A12FEF5A3E6FF15
:10E9B800B96A74FF53239F000C2102FF50223E00C6
:10E9C8001057AEFFAD655500CA2451FEA045CCFFD7
:10E9D80040E1BB003ACE5E0056902F00E556F500A8
:10E9E8003F91BE01250527006DFB1A008993EA00B7
:10E9F800A27991FF9074CEFFC5E8B9FFB7BE8CFF2E
:10EA0800490CFEFF8B14F2FFAA5AEFFF6142BBFFCD
:10EA1800F5B587FEDE883400F50533FECB2F4E00B2
:10EA28009865D80049177D00FE602101EBD249FFA7
:10EA38002BD1580107816D007A68E4FEAAF2CB0059
:10EA4800F2CC87FFCA1CE9FF41067F009F90470070
:10EA5800648C5F004E960D00FB6B7601B63A7DFF25
:10EA680001266CFF8DBDD1FF089B7D0171A35BFF63
:10EA7800794FBEFF86EF6CFF4C2FF800A3E4EF0040
:10EA8800116F0A0058954BFFD7EBEF00A79F18FFAF
:10EA98002F976CFF6BD1BC00E9E763FE1CCA94FF9B
:10EAA800AE238AFF6E1844FF0245B5006B6652001C
:10EAB80066ED07005C24EDFFDDA2530137CA06FFAF
:10EAC80087EA87FF18FADE00415EA8FEF5F8D2FF54
:10EAD800A76CC9FEFFA16F00CD08FE00880D740069
:10EAE80064B084FF2BD77EFFB18582FF9E4F9400D0
:10EAF80043E025010CCE15FF3E226E01ED68AFFF05
:10EB080050846FFF8EAE480054E5B4FE69B38C00A4
:10EB180040F80FFFE98A1000F5437BFEDA79D4FF4D
:10EB28003F5FDA01D58589FF8FB652FF301C0B0095
:10EB3800F4728D01D1AF4CFF9DB596FFBAE503FF86
:10EB4800A49D6F01E7BD8B0077CABEFFDA6A40FF5C
:10EB580044EB3FFE601AACFFBB2F0B01D712FBFF43
:10EB680051545900443A80005E7105015C81D0FF20
:10EB7800610F53FE091CBC00EF09A4003CCD9800AE
:10EB8800C0A362FFB8123C00D9B68B006D3B78FF7A
:10EB980004C0FB00A9D2F0FF25AC5CFE94D3F5FFBE
:10EBA800B3413400FD0D7300B9AECE0172BC95FFC0
:10EBB800ED5AAD002BC7C0FF586C710034234C00D0
:10EBC800421994FFDD0407FF97F172FFBED1E800F8
:10EBD8006232C7009796D5FF124A240135280700EC
:10EBE800138741FF1AAC4500AEED5500635F29005D
:10EBF8000338100027A0B1FFC86ADAFEB94454FFF1
:10EC08005BBA3DFE438F8DFF0DF4A6FF6372C6000D
:10EC1800C76EA3FFC112BA007CEFF6016E4416005E
:10EC280002EB2E01D43C6B00692A69010EE69800BC
:10EC3800070583008D689AFFD503060083E4A2FFC9
:10EC4800B3641C01E77B55FFCE0EDF01FD60E600D3
:10EC58002698950162897A00D6CD03FFE298B3FF22
:10EC6800068589009E458CFF71A29AFFB4F3ACFF1C
:10EC78001BBD73FF8F2EDCFFD586E1FF7E1D45008F
:10EC8800BC2B8901F24609005ACCFFFFE7AA930082
:10EC9800173813FE387D9DFF30B3DAFF4FB6FDFFFE
:10ECA80026D4BF0129EB7C0060971C008794BE0026
:10ECB800CDF927FE346088FFD42C88FF43D183FF29
:10ECC800FC8217FFDB8014FFC68176006C650B00A1
:10ECD800B20592013E0764FFB5EC5EFE1C1AA40063
:10ECE8004C1670FF78664F00CAC0E501C8B0D7005F
:10ECF8002940F4FFCEB84E00A72D3F01A02300FF06
:10ED08003B0C8EFFCC0990FFDB5EE5017A1B70009F
:10ED1800BD696DFF40D04AFFFB7F370102E2C600A4
:10ED28002C4CD10097984DFFD2172E01C9AB45FF47
:10ED38002CD3E700BE25E0FFF5C43EFFA9B5DEFFF2
:10ED480022D3110077F1C5FFE5239801154528FF67
:10ED5800B2E2A10094B3C100DBC2FE0128CE33FFAA
:10ED6800E75CFA014399AA001594F100AA4552FFFD
:10ED78007912E7FF5C720300B83EE600E1C957FF6D
:10ED88009260A2FFB5F2DC00ADBBDD01E23EAAFF56
:10ED9800387ED901750DE3FFB32CEF009D8D9BFFE5
:10EDA80090DD5300EBD1D0002A11A501FB5185005D
:10EDB8007CF5C9FE61D318FF53D6A6009A2409FF33
:10EDC800F82F7F005ADB8CFFA1D926FED4933FFF92
:10EDD80042549401CF030100E68659017F4E7AFF21
:10EDE800E09B01FF52884A00B29CD0FFBA1931FF5C
:10EDF800DE03D201E596BEFF55A234FF29548DFFEC
:10EE0800497B54FE5D11960077131C012016D7FF2D
:10EE18001C17CCFF8EF134FFE4347D001D4CCF006D
:10EE2800D7A7FAFEAFA4E60037CF69016DBBF5FF9F
:10EE3800A12CDC01296580FFA7105E005DD66BFF61
:10EE4800764800FE503DEAFF79AF7D008BA9FB00B4
:10EE5800612793FEFAC431FFA5B36EFEDF46BBFF00
:10EE6800168E7D019AB38AFF76B02A010AAE990000
:10EE78009C5C6600A80DA1FF8F102000FAC5B4FFA6
:10EE8800CBA32C0157202400A19914FF7BFC0F0071
:10EE980019E350003C588E001116C9019ACD4DFF58
:10EEA800273F2F00087A8D008017B6FECC2713FF66
:10EEB80004701DFF17248CFFD2EA74FE35323FFF21
:10EEC80079AB68FFA0DB5E0057520EFEE72A05000B
:10EED800A58B7FFE564E2600823C42FECB1E2DFFA0
:10EEE8002EC47A01F935A2FF888F67FED7D2720047
:10EEF800E707A0FEA9982AFF6F2DF6008E8387FFEB
:10EF08008347CCFF24E20B00001CF2FFE18AD5FF07
:10EF1800F72ED8FEF503B7006CFC4A01CE1A30FF75
:10EF2800CD36F6FFD3C624FF7923320034D8CAFF82
:10EF3800268B81FEF249940043E78DFF2A2FCC00EF
:10EF48004E74190104E1BFFF0693E4003A58B1007A
:10EF58007AA5E5FFFC53C9FFE0A76001B1B89EFFA1
:10EF6800F269B301F8C6F0008542CB01FE242F00F8
:10EF78002D1873FF773EFE00C4E1BAFE7B8DAC000E
:10EF88001A5529FFE26FB700D5E79700043B07FF42
:10EF9800EE8A9400429321FF1FF68DFFD18D74FFF6
:10EFA80068701F0058A1AC0053D7E6FE2F6F97007A
:10EFB8002D263401842DCC008A806DFEE97586FFEC
:10EFC800F3BEADFEF1ECF000527FECFE28DFA1FFAE
:10EFD8006EB6E1FF7BAEEF0087F2910133D19A0064
:10EFE800960373FED9A4FCFF379C4501545EFFFFCE
:10EFF800E8492D011413D4FF60C53BFE60FB2100D6
:10F0080026C7490140ACF7FF757438FFE4111200B8
:10F018003E8A6701F6E5A4FFF476C9FE56209FFFF5
:10F028006D22890155D3BA000AC1C1FE7AC2B10066
:10F038007AEE66FFA2DAAB006CD9A1019EAA220083
:10F04800B02F9B01B5E40BFF089C0000104B5D003E
:10F05800CE62FF013A9A23000CF3B8FE437542FFD3
:10F06800E6E57B00C92A6E0086E4B2FEBA6C76FF3C
:10F078003A139AFF52A93EFF728F7301EFC432FF11
:10F08800AD30C1FF930254FF968693FE5FE84900B6
:10F098006DE334FEBF890A0028CC1EFE4C3461FFA4
:10F0A800A4EB7E00FE7CBC004AB61501791D23FF47
:10F0B800F11E07FE55DAD6FF075496FE511B75FF61
:10F0C800A09F98FE4218DDFFE30A3C018D87660089
:10F0D800D0BD960175B35C00841688FF78C71C0004
:10F0E80015814FFEB6094100DAA3A900F693C6FFC1
:10F0F8006B2690014EAFCDFFD605FAFE2F581DFFA7
:10F10800A42FCCFF2B3706FF8386CFFE7464D6006E
:10F11800608C4B016ADC9000C3201C01AC5105FFD8
:10F12800C7B334FF2554CB00AA70AE000B045B00B4
:10F1380045F41B0175835C002198AFFF8C996BFF28
:10F14800FB872BFE578A04FFC6EA93FE799854FF83
:10F15800CD659B019D091900486A11FE6C9900FF55
:10F16800BDE5BA00C108B0FFAE95D100EE821D0022
:10F17800E9D67E013DE2660039A30401C66F33FF7C
:10F188002D4F4E0173D20AFFDA0919FF9E8BC6FF75
:10F19800D352BBFE508553009D81E601F38586FF5F
:10F1A800288810004D6B4FFFB7555C01B1CCCA00E1
:10F1B800A34793FF9845BE00AC33BC01FAD2ACFF1D
:10F1C800D3F2710159591AFF40426FFE74982A0010
:10F1D800A1271BFF3650FE006AD17301677C6100CE
:10F1E800DDE662FF1FE70600B2C078FE0FD9CBFF4D
:10F1F8007C9E4F007091F7005CFA3001A3B5C1FF07
:10F20800252F8EFE90BDA5FF2E92F000064B8000A4
:10F21800299DC8FE5779D5000171EC00052DFA002B
:10F22800900C52001F6CE700E1EF77FFA707BDFFC6
:10F23800BBE484FF6EBD22005E2CCC01A234C50065
:10F248004EBCF1FE39148D00F4922F01CE643300C8
:10F258007D6B94FE1BC34D0098FD5A01078F90FFEC
:10F2680033251F00227726FF07C5760099BCD300F7
:10F27800971474FEF54134FFB4FD6E012FB1D1002F
:10F28800A16311FF76DECA007DB3FC017B367EFFE9
:10F298009139BF0037BA79000AF38A00CDD3E5FF68
:10F2A8007D9CF1FE949CB9FFE313BCFF7C2920FFF1
:10F2B8001F22CEFE11395300CC1625FF2A606200AA
:10F2C8007766B80103BE1C006E52DAFFC8CCC0FFD7
:10F2D800C991760075CC920084206201C0C2790081
:10F2E8006AA1F801ED587C0017D41A00CDAB5AFF7B
:10F2F800F830D8018D25E6FF7CCB00FE9EA81EFFC6
:10F30800D6F8150070BB07FF4B85EFFF4AE3F3FF04
:10F31800FA934600D678A200A709B3FF169E1200FA
:10F32800DA4DD101616D51FFF421B3FF393439FF52
:10F3380041ACD2FFF947D1FF8EA9EE009EBD99FFDF
:10F34800AEFE67FE62210E008D4CE6FF718B34FF26
:10F358000F3AD400A8D7C9FFF8CCD701DF44A0FFE3
:10F36800399AB7FE2FE779006AA6890051888A0082
:10F37800A52B3300E78B3D00395F3BFE766219FF12
:10F38800973FEC015EBEFAFFA9B9720105FA3AFF90
:10F398004B696101D7DF86007163A301803E70006D
:10F3A800636A9300A3C30A0021CDB600D60EAEFF50
:10F3B8008126E7FF35B6DF00622A9FFFF70D280098
:10F3C800BCD2B101061500FFFF3D94FE892D81FFD7
:10F3D800591A74FE7E267200FB32F2FE798680FF8F
:10F3E800CCF9A7FEA5EBD700CAB1F300858D3E0086
:10F3F800F082BE016EAFFF000014920125D279FFA2
:10F40800072782008EFA54FF8DC8CF00095F68FF76
:10F418000BF4AE0086E87E00A7017BFE10C195FFC5
:10F42800E8E9EF01D54670FFFC74A0FEF2DEDCFFD0
:10F43800CD55E30007B93A0076F73F01744DB1FFA7
:10F448003EF5C8FE3F1225FF6B35E8FE32DDD300DE
:10F45800A2DB07FE025E2B00B63EB6FEA04EC8FF3A
:10F46800878CAA00EBB8E400AF358AFE503A4DFF0E
:10F4780098C902013FC42200051EB800ABB09A002B
:10F48800793BCE0026632700AC504DFE00869700DE
:10F49800BA21F1FE5EFDDFFF2C72FC006C7E39FFA5
:10F4A800C9280DFF27E51BFF27EF1701977933FFC1
:10F4B8009996F8000AEAAEFF76F604FEC8F526002B
:10F4C80045A1F20110B2960071388200AB1F6900A5
:10F4D8001A586CFF312A6A00FBA94200455D950065
:10F4E8001439FE00A4196F005ABC5AFFCC04C50099
:10F4F80028D53201D46084FF588AB4FEE4927CFF98
:10F50800B8F6F700417556FFFD66D2FEFE79240075
:10F51800897303FF3C18D80086121D003BE2610086
:10F52800B08E470007D1A100BD5433FE9BFA4800B6
:10F53800D554EBFF2DDEE000EE948FFFAA2A35FFAD
:10F548004EA77500BA0028FF7DB167FF45E142006C
:10F55800E30758014BAC0600A92DE301102446FF30
:10F56800320209FF8BC116008FB7E7FEDA45320079
:10F57800EC38A101D5832A008A912CFE88E528FF62
:10F58800313F23FF3D91F5FF65C002FEE8A77100FA
:10F598009868260179B9DA00798BD3FE77F02300D1
:10F5A80041BDD9FEBBB3A2FFA0BBE6003EF80EFFEB
:10F5B8003C4E6100FFF7A3FFE13B5BFF6B473AFF5F
:10F5C800F12F21013275EC00DBB13FFEF45AB30094
:10F5D80023C2D7FFBD4332FF1787810068BD25FFCF
:10F5E800B939C200233EE7FFDCF86C000CE7B20033
:10F5F8008F505B01835D65FF90270201FFFAB2001F
:10F608000511ECFE8B202E00CCBC26FEF57334FFD2
:10F61800BF7149FEBF6C45FF1645F50117CBB20017
:10F62800AA63AA0041F86F00256C99FF40254500A0
:10F6380000583EFE599490FFBF44E001F127350081
:10F6480029CBEDFF917EC2FFDD2AFDFF19639700EC
:10F6580061FDDF014A7331FF06AF48FF3BB0CB00C5
:10F668007CB7F901E4E46300810CCFFEA8C0C3FFB6
:10F67800CCB010FE98EAAB004D2555FF217887FFE6
:10F688008EC2E3011FD63A00D5BB7DFFE82E3CFFB2
:10F69800BE742AFE97B213FF333EEDFECCECC100D8
:10F6A800C2E83C00AC229DFFBD10B8FE67035FFFB7
:10F6B8008DE924FE29190BFF15C3A60076F52D0048
:10F6C80043D595FF9F0C12FFBBA4E301A0190500C9
:10F6D8000C4EC3012BC5E100308E29FEC49B3CFFB4
:10F6E800DFC7120191889C00FC75A9FE91E2EE002B
:10F6F800EF176B006DB5BCFFE67031FE49AAEDFF50
:10F70800E7B7E3FF50DC1400C26B7F017FCD6500D3
:10F718002E34C501D2AB24FF58035AFF38978D0009
:10F7280060BBFFFF2A4EC800FE464601F47DA800D4
:10F73800CC448A017CD746006642C8FE1134E400F6
:10F7480075DC8FFECBF87B003812AEFFBA97A4FFAA
:10F7580033E8D001A0E42BFFF91D190144BE3F0096
:10F768000000001000000000001000000600070064
:10F77800080000000000000000000000D7EB0108AE
:10F788008DEC0108BBEB01086FEE010891EB010855
:10F7980035EF0108A1EB0108CBF00108EDF00108F5
:10F7A8000D0A005245454E54206D616C6C6F632004
:10F7B800737563636565646564002F5F5F772F61A8
:10F7C800726D2D6E6F6E652D656162692D6763635D
:10F7D8002D787061636B2F61726D2D6E6F6E652D64
:10F7E800656162692D6763632D787061636B2F6251
:10F7F80075696C642F6C696E75782D7836342F7343
:10F808006F75726365732F6E65776C69622D6379A6
:10F818006777696E2F6E65776C69622F6C696263B2
:10F828002F7374646C69622F72616E642E63006E4C
:10F838006600696E69747900616E0000340000002A
:10F84800CEFBFFFFCB03000001000000000000001A
:10F8580035000000CEFBFFFFCB03000001000000D5
:10F868000000000000000000BC89D897B2D29C3C80
:10F8780033A7A8D523F649393DA7F444FD0FA5328F
:10F888009D978CCF08BA5B25436FAC642806681136
:10F898000020202020202020202028282828282058
:10F8A8002020202020202020202020202020202050
:10F8B80020881010101010101010101010101010B8
:10F8C80010040404040404040404041010101010A8
:10F8D8001010414141414141010101010101010172
:10F8E80001010101010101010101010110101010C4
:10F8F8001010424242424242020202020202020244
:10F908000202020202020202020202021010101097
:10F9180020000000000000000000000000000000BF
:10F9280000000000000000000000000000000000CF
:10F9380000000000000000000000000000000000BF
:10F9480000000000000000000000000000000000AF
:10F95800000000000000000000000000000000009F
:10F96800000000000000000000000000000000008F
:10F97800000000000000000000000000000000007F
:10F98800000000000000000000000000000000006F
:10F9980000504F534958002C2066756E6374696F88
:10F9A8006E3A2000617373657274696F6E20222548
:10F9B8007322206661696C65643A2066696C65200B
:10F9C800222573222C206C696E65202564257325F9
:10F9D800730A0042616C6C6F6320737563636565BD
:10F9E800646564002F5F5F772F61726D2D6E6F6E97
:10F9F800652D656162692D6763632D787061636B3E
:10FA08002F61726D2D6E6F6E652D656162692D6750
:10FA180063632D787061636B2F6275696C642F6CFA
:10FA2800696E75782D7836342F736F7572636573C8
:10FA38002F6E65776C69622D63796777696E2F6EB3
:10FA480065776C69622F6C6962632F7374646C6983
:10FA5800622F6764746F612D6765746865782E63BB
:10FA6800002F5F5F772F61726D2D6E6F6E652D654C
:10FA78006162692D6763632D787061636B2F6172B2
:10FA88006D2D6E6F6E652D656162692D6763632DDF
:10FA9800787061636B2F6275696C642F6C696E7521
:10FAA800782D7836342F736F75726365732F6E6592
:10FAB800776C69622D63796777696E2F6E65776CED
:10FAC80069622F6C6962632F7374646C69622F6D4D
:10FAD800707265632E6300000500000019000000C5
:10FAE8007D000000000000000080E03779C341433A
:10FAF800176E05B5B5B89346F5F93FE9034F384D8C
:10FB0800321D30F94877825A3CBF737FDD4F157537
:10FB1800000000000000F03F00000000000024404A
:10FB280000000000000059400000000000408F4025
:10FB3800000000000088C34000000000006AF84090
:10FB48000000000080842E4100000000D0126341B4
:10FB58000000000084D797410000000065CDCD412A
:10FB6800000000205FA00242000000E8764837420B
:10FB7800000000A2941A6D42000040E59C30A242A9
:10FB88000000901EC4BCD64200003426F56B0C431E
:10FB98000080E03779C3414300A0D88557347643C5
:10FBA80000C84E676DC1AB43003D9160E458E14326
:10FBB800408CB5781DAF154450EFE2D6E41A4B449B
:10FBC80092D54D06CFF08044F64AE1C7022DB544E0
:10FBD800B49DD9794378EA44232D302B2000686CF2
:10FBE8004C00656667454647003031323334353658
:10FBF8003738394142434445460030313233343591
:0CFC0800363738396162636465660000BD
:08FC14006816FD7F01000000ED
:10FC1C008DF4010865130008C56C000899A3000851
:10FC2C0099A90008B9C30008FDF8000859FE00089E
:10FC3C00A9340108A14A010895580108718B0108E3
:08FC4C0065EF0108C9FD010884
:10FC5400411300089D6D000801A4000809F900087B
:0CFC640069FE0008A1580108A18B0108EE
:10FC700001000000100000000000004800040048DF
:10FC800000080048001C0048FFFFFFFF0030024052
:10FC90000000000000000000000000000000000064
:10FCA0000000000000000000000000000100000053
:10FCB00000093D00000000000000000000000000FE
:10FCC0000000000000000000000000000000000034
:10FCD0000000000000000000000000000000000024
:10FCE0000000000000000000000000000000000014
:10FCF0000000000000000000000000000000000004
:10FD000000000000000000000000000000000000F3
:10FD100000000000000000000000000000000000E3
:10FD200000000000000000000000000000000000D3
:10FD300000000000000000000000000000000000C3
:10FD400000000000000000000000000000000000B3
:10FD500000000000FFFFFFFFFFFFFFFFFFFFFFFFAF
:10FD6000FFFFFFFF00030000000000000000000094
:10FD7000000000000000000000000000C03700206C
:10FD800000010101000201010004020178000000ED
:10FD90008C5C02080000000049F80008B9F7000870
:10FDA00035F700082FF700080008000000080000E1
:10FDB00000080000100000008000000000000000AB
:10FDC0000000000000000000000000000D0A526169
:10FDD00064696F4C696220496E666F0A566572737A
:10FDE000696F6E3A202022372E372E312E30220DA9
:10FDF0000A506C6174666F726D3A202241726475AC
:10FE0000696E6F2053544D333220286F66666963E4
:10FE100069616C29220D0A224A756E202036203233
:10FE200030323622202231323A33383A3238220008
:10FE3000FFFFFFFF000000000A0000000A000000B2
:10FE400059F3F8C21F6EA501000000000000F03F4A
:10FE50006042A20D0000803F00000000030000008F
:10FE60007C3600204300000000000000000000007D
:10FE70000000000000000000000000000000000082
:10FE8000000000004300000000000000000000002F
:10FE90000000000000000000000000000000000062
:10FEA000000000004300000000000000000000000F
:10FEB0000000000000000000000000000000000042
:10FEC00000000000430000000000000000000000EF
:10FED0000000000000000000000000000000000022
:10FEE00000000000430000000000000000000000CF
:10FEF0000000000000000000000000000000000002
:10FF000000000000430000000000000000000000AE
:10FF100000000000000000000000000000000000E1
:10FF2000000000004300000000000000000000008E
:10FF300000000000000000000000000000000000C1
:10FF40000000000069440208DB3A020800000000DB
:10FF500098F802085B7C0208BF700208BF700208B4
:10FF6000BF700208BF700208BF700208BF700208AD
:10FF7000BF700208BF700208BF700208FFFFFFFFDA
:10FF8000FFFFFFFFFFFFFFFFFFFF000001004153E6
:10FF9000434949000000000000000000000000008C
:10FFA00000000000000000000000000000004153BD
:10FFB000434949000000000000000000000000006C
:10FFC0000000000000000000000000000000000031
:10FFD00064030020000000007C360020E43600208E
:10FFE0004C3700200000000000000000000000006E
:10FFF0000000000000000000000000000000000001
:020000040803EF
:1000000000000000000000000000000000000000F0
:1000100000000000000000000000000000000000E0
:040000050801F55D9C
:00000001FF
